investment_firm_lei,DEA,client_ID,invest_dec,within_firm,non_exec,trading_capacity,liq_prov_activity,date_time,validity_period,order_restriction,validity_period_ts,priority_time,priority_size,sequence_no,MIC,order_book_code,fin_instr_ID,receipt_date,order_ID,order_event_type,order_type,order_type_class,limit_price,additional_limit_price,stop_price,pegged_limit_price,transaction_price,currency,leg2_currency,price_notation,buy_sell,order_status,quantity_notation,quantity_currency,initial_quantity,remaining_quantity,displayed_quantity,traded_quantity,MAQ,MES,MES_first,passive_only,passive_aggressive,self_exec_prevention,sl_order_ID,routing_strategy,trading_venue_trans_ID,trading_phases,auction_price,auction_volume,reserved fields
SYNTHLEI0000000D0004,FALSE,NONE,NONE,,,DEAL,FALSE,2025-07-11T07:00:14.064744Z,GTDV,VFCR,2025-07-11T23:59:59.999999Z,2025-07-11T07:00:14.064744Z,,1,XMKT,BRVO,ZZ0000000102,2025-07-11T07:00:14.064744Z,100103,NEWO,L,LMTO,2.0872,0,0,0,0,EUR,,MONE,SELL,ACTI,,,500,500,500,,,,,,,,,,T10010392,,,,
SYNTHLEI0000000D0004,FALSE,NONE,NONE,,,DEAL,FALSE,2025-07-11T07:00:42.064744Z,GTDV,VFCR,2025-07-11T23:59:59.999999Z,2025-07-11T07:00:42.064744Z,,2,XMKT,BRVO,ZZ0000000102,2025-07-11T07:00:42.064744Z,100103,REME,L,LMTO,2.0888,,,,,EUR,,MONE,SELL,ACTI,,,500,500,500,,,,,,,,,,T10010392,,,,
SYNTHLEI0000000E0005,FALSE,CL1012,NONE,,,MTCH,FALSE,2025-07-11T07:00:51.274517Z,GTDV,VFAR,2025-07-11T23:59:59.999999Z,2025-07-11T07:00:51.274517Z,,3,XMKT,JULT,ZZ0000000110,2025-07-11T07:00:51.274517Z,100320,NEWO,L,LMTO,11.3842,0,0,0,0,EUR,,MONE,SELL,ACTI,,,200,200,200,,,,,,,,,,T10032099,,,,
SYNTHLEI0000000G0007,FALSE,NONE,ALGOPT,,,MTCH,FALSE,2025-07-11T07:01:09.405219Z,DAVY,VFCR,2025-07-11T23:59:59.999999Z,2025-07-11T07:01:09.405219Z,,4,XMKT,INDX,ZZ0000000109,2025-07-11T07:01:09.405219Z,100211,NEWO,L,LMTO,0.4636,0,0,0,0,EUR,,MONE,BUYI,ACTI,,,100,100,100,,,,,,,,,,T10021197,,,,
SYNTHLEI0000000B0002,FALSE,CL1033,NONE,,,AOTC,FALSE,2025-07-11T07:01:09.884064Z,DAVY,VFAR,2025-07-11T23:59:59.999999Z,2025-07-11T07:01:09.884064Z,,5,XMKT,ECHO,ZZ0000000105,2025-07-11T07:01:09.884064Z,100267,NEWO,L,LMTO,7.9094,0,0,0,0,EUR,,MONE,SELL,ACTI,,,1500,1500,1500,,,,,,,,,,T10026721,,,,
SYNTHLEI0000000D0004,FALSE,NONE,ALGOPT,,,MTCH,FALSE,2025-07-11T07:01:21.742542Z,DAVY,VFCR,2025-07-11T23:59:59.999999Z,2025-07-11T07:01:21.742542Z,,6,XDRV,FTSE25T4900,ZV0000000201,2025-07-11T07:01:21.742542Z,100105,NEWO,L,LMTO,107.7832,0,0,0,0,EUR,,MONE,SELL,ACTI,,,5,5,5,,,,,,,,,,T10010589,,,,
SYNTHLEI0000000C0003,FALSE,CL1022,NONE,,,DEAL,TRUE,2025-07-11T07:01:22.559885Z,DAVY,VFCR,2025-07-11T23:59:59.999999Z,2025-07-11T07:01:22.559885Z,,7,XMKT,INDX,ZZ0000000109,2025-07-11T07:01:22.559885Z,100629,NEWO,L,LMTO,0.4643,0,0,0,0,EUR,,MONE,BUYI,ACTI,,,60,60,60,,,,,,,,,,T10062972,,,,
SYNTHLEI0000000D0004,FALSE,NONE,NONE,,,DEAL,FALSE,2025-07-11T07:01:26.064744Z,GTDV,VFCR,2025-07-11T23:59:59.999999Z,2025-07-11T07:00:14.064744Z,,8,XMKT,BRVO,ZZ0000000102,2025-07-11T07:01:26.064744Z,100103,FILL,L,,,,,,2.0888,EUR,,MONE,SELL,,,,,0,,500,,,,,AGRE,,,,T10010392,,,,
SYNTHLEI0000000A0001,FALSE,CL1017,NONE,,,DEAL,TRUE,2025-07-11T07:02:19.327101Z,GTDV,VFCR,2025-07-11T23:59:59.999999Z,2025-07-11T07:02:19.327101Z,,9,XMKT,JULT,ZZ0000000110,2025-07-11T07:02:19.327101Z,100479,NEWO,L,LMTO,11.4068,0,0,0,0,EUR,,MONE,SELL,ACTI,,,5,5,5,,,,,,,,,,T10047914,,,,
SYNTHLEI0000000A0001,FALSE,CL1038,NONE,,,AOTC,FALSE,2025-07-11T07:02:31.909772Z,DAVY,VFAR,2025-07-11T23:59:59.999999Z,2025-07-11T07:02:31.909772Z,,10,XMKT,JULT,ZZ0000000110,2025-07-11T07:02:31.909772Z,100165,NEWO,S,STOP,11.3871,0,11.626,0,0,EUR,,MONE,SELL,ACTI,,,40,40,40,,,,,,,,,,T10016530,,,,
SYNTHLEI0000000F0006,FALSE,NONE,ALGOPT,,,AOTC,FALSE,2025-07-11T07:02:41.991930Z,IOCV,VFCR,9999-12-31T23:59:59.999999Z,2025-07-11T07:02:41.991930Z,,11,XMKT,FXTR,ZZ0000000106,2025-07-11T07:02:41.991930Z,100626,NEWO,S,STOP,3.1985,0,3.1437,0,0,EUR,,MONE,BUYI,ACTI,,,500,500,500,,,,,,,,,,T10062663,,,,
SYNTHLEI0000000F0006,FALSE,NONE,ALGOPT,,,AOTC,FALSE,2025-07-11T07:02:42.292930Z,IOCV,VFCR,9999-12-31T23:59:59.999999Z,2025-07-11T07:02:41.991930Z,,12,XMKT,FXTR,ZZ0000000106,2025-07-11T07:02:42.292930Z,100626,CAME,S,STOP,,,,,,EUR,,MONE,BUYI,,,,500,0,0,,,,,,,,,,T10062663,,,,
SYNTHLEI0000000H0008,FALSE,NONE,ALGO1,,,AOTC,FALSE,2025-07-11T07:03:07.554626Z,DAVY,VFAR,2025-07-11T23:59:59.999999Z,2025-07-11T07:03:07.554626Z,,13,XMKT,BRVO,ZZ0000000102,2025-07-11T07:03:07.554626Z,100430,NEWO,L,LMTO,2.0824,0,0,0,0,EUR,,MONE,SELL,ACTI,,,5,5,5,,,,,,,,,,T10043051,,,,
SYNTHLEI0000000B0002,FALSE,NONE,ALGO1,,,AOTC,FALSE,2025-07-11T07:03:15.006608Z,DAVY,VFCR,2025-07-11T23:59:59.999999Z,2025-07-11T07:03:15.006608Z,,14,XMKT,CHRL,ZZ0000000103,2025-07-11T07:03:15.006608Z,100216,NEWO,L,LMTO,16.2592,0,0,0,0,EUR,,MONE,BUYI,ACTI,,,5,5,5,,,,,,,,,,T10021651,,,,
SYNTHLEI0000000G0007,FALSE,NONE,ALGOPT,,,MTCH,FALSE,2025-07-11T07:03:29.405219Z,DAVY,VFCR,2025-07-11T23:59:59.999999Z,2025-07-11T07:01:09.405219Z,,15,XMKT,INDX,ZZ0000000109,2025-07-11T07:03:29.405219Z,100211,PARF,L,,,,,,0.4636,EUR,,MONE,BUYI,,,,,79,,21,,,,,AGRE,,,,T10021197,,,,
SYNTHLEI0000000C0003,FALSE,CL1024,NONE,,,DEAL,FALSE,2025-07-11T07:03:31.196975Z,GTCV,VFCR,9999-12-31T23:59:59.999999Z,2025-07-11T07:03:31.196975Z,,16,XMKT,FXTR,ZZ0000000106,2025-07-11T07:03:31.196975Z,100279,NEWO,S,STOP,3.1961,0,3.1106,0,0,EUR,,MONE,BUYI,ACTI,,,150,150,150,,,,,,,,,,T10027950,,,,
SYNTHLEI0000000B0002,FALSE,CL1012,NONE,,,DEAL,FALSE,2025-07-11T07:04:05.837773Z,DAVY,VFAR,2025-07-11T23:59:59.999999Z,2025-07-11T07:04:05.837773Z,,17,XMKT,ABLE,ZZ0000000101,2025-07-11T07:04:05.837773Z,100591,NEWO,L,LMTO,6.4963,0,0,0,0,EUR,,MONE,BUYI,ACTI,,,20,20,20,,,,,,,,,,T10059136,,,,
SYNTHLEI0000000G0007,FALSE,NONE,ALGOPT,,,MTCH,FALSE,2025-07-11T07:04:12.405219Z,DAVY,VFCR,2025-07-11T23:59:59.999999Z,2025-07-11T07:01:09.405219Z,,18,XMKT,INDX,ZZ0000000109,2025-07-11T07:04:12.405219Z,100211,FILL,L,,,,,,0.4636,EUR,,MONE,BUYI,,,,,0,,79,,,,,PASV,,,,T10021197,,,,
SYNTHLEI0000000H0008,FALSE,NONE,ALGO1,,,AOTC,FALSE,2025-07-11T07:04:39.554626Z,DAVY,VFAR,2025-07-11T23:59:59.999999Z,2025-07-11T07:03:07.554626Z,,19,XMKT,BRVO,ZZ0000000102,2025-07-11T07:04:39.554626Z,100430,PARF,L,,,,,,2.0824,EUR,,MONE,SELL,,,,,4,,1,,,,,AGRE,,,,T10043051,,,,
SYNTHLEI0000000E0005,FALSE,CL1012,NONE,,,MTCH,FALSE,2025-07-11T07:05:32.274517Z,GTDV,VFAR,2025-07-11T23:59:59.999999Z,2025-07-11T07:00:51.274517Z,,20,XMKT,JULT,ZZ0000000110,2025-07-11T07:05:32.274517Z,100320,FILL,L,,,,,,11.3842,EUR,,MONE,SELL,,,,,0,,200,,,,,PASV,,,,T10032099,,,,
SYNTHLEI0000000H0008,FALSE,CL1035,NONE,,,AOTC,FALSE,2025-07-11T07:05:41.853987Z,IOCV,VFCR,9999-12-31T23:59:59.999999Z,2025-07-11T07:05:41.853987Z,,21,XDRV,FTSE25T4900,ZV0000000201,2025-07-11T07:05:41.853987Z,100123,NEWO,L,LMTO,107.8274,0,0,0,0,EUR,,MONE,BUYI,ACTI,,,20,20,20,,,,,,,,,,T10012338,,,,
SYNTHLEI0000000C0003,FALSE,CL1022,NONE,,,DEAL,TRUE,2025-07-11T07:05:55.559885Z,DAVY,VFCR,2025-07-11T23:59:59.999999Z,2025-07-11T07:01:22.559885Z,,22,XMKT,INDX,ZZ0000000109,2025-07-11T07:05:55.559885Z,100629,PARF,L,,,,,,0.4643,EUR,,MONE,BUYI,,,,,52,,8,,,,,PASV,,,,T10062972,,,,
SYNTHLEI0000000B0002,FALSE,NONE,ALGO1,,,AOTC,FALSE,2025-07-11T07:05:59.006608Z,DAVY,VFCR,2025-07-11T23:59:59.999999Z,2025-07-11T07:03:15.006608Z,,23,XMKT,CHRL,ZZ0000000103,2025-07-11T07:05:59.006608Z,100216,PARF,L,,,,,,16.2592,EUR,,MONE,BUYI,,,,,4,,1,,,,,PASV,,,,T10021651,,,,
SYNTHLEI0000000H0008,FALSE,NONE,ALGO1,,,AOTC,FALSE,2025-07-11T07:06:02.554626Z,DAVY,VFAR,2025-07-11T23:59:59.999999Z,2025-07-11T07:03:07.554626Z,,24,XMKT,BRVO,ZZ0000000102,2025-07-11T07:06:02.554626Z,100430,PARF,L,,,,,,2.0824,EUR,,MONE,SELL,,,,,3,,1,,,,,AGRE,,,,T10043051,,,,
SYNTHLEI0000000E0005,FALSE,CL1001,NONE,,,DEAL,TRUE,2025-07-11T07:06:59.538022Z,DAVY,VFAR,2025-07-11T23:59:59.999999Z,2025-07-11T07:06:59.538022Z,,25,XMKT,BRVO,ZZ0000000102,2025-07-11T07:06:59.538022Z,100473,NEWO,L,LMTO,2.079,0,0,0,0,EUR,,MONE,BUYI,ACTI,,,60,60,60,,,,,,,,,,T10047361,,,,
SYNTHLEI0000000E0005,FALSE,CL1001,NONE,,,DEAL,TRUE,2025-07-11T07:07:02.383022Z,DAVY,VFAR,2025-07-11T23:59:59.999999Z,2025-07-11T07:07:02.383022Z,,26,XMKT,BRVO,ZZ0000000102,2025-07-11T07:07:02.383022Z,100473,REME,L,LMTO,2.0801,,,,,EUR,,MONE,BUYI,ACTI,,,60,60,60,,,,,,,,,,T10047361,,,,
SYNTHLEI0000000E0005,FALSE,CL1001,NONE,,,DEAL,TRUE,2025-07-11T07:07:05.660022Z,DAVY,VFAR,2025-07-11T23:59:59.999999Z,2025-07-11T07:07:05.660022Z,,27,XMKT,BRVO,ZZ0000000102,2025-07-11T07:07:05.660022Z,100473,CAME,L,LMTO,,,,,,EUR,,MONE,BUYI,,,,60,0,0,,,,,,,,,,T10047361,,,,
SYNTHLEI0000000B0002,FALSE,NONE,ALGO1,,,AOTC,FALSE,2025-07-11T07:07:29.006608Z,DAVY,VFCR,2025-07-11T23:59:59.999999Z,2025-07-11T07:03:15.006608Z,,28,XMKT,CHRL,ZZ0000000103,2025-07-11T07:07:29.006608Z,100216,FILL,L,,,,,,16.2592,EUR,,MONE,BUYI,,,,,0,,4,,,,,AGRE,,,,T10021651,,,,
SYNTHLEI0000000A0001,TRUE,NONE,ALGO1,,,DEAL,FALSE,2025-07-11T07:08:07.872979Z,GTCV,VFAR,9999-12-31T23:59:59.999999Z,2025-07-11T07:08:07.872979Z,,29,XMKT,HOTL,ZZ0000000108,2025-07-11T07:08:07.872979Z,100500,NEWO,L,LMTO,3.1804,0,0,0,0,EUR,,MONE,BUYI,ACTI,,,20,20,20,,,,,,,,,,T10050053,,,,
SYNTHLEI0000000E0005,FALSE,CL1034,NONE,,,AOTC,FALSE,2025-07-11T07:08:29.444219Z,GTCV,VFAR,9999-12-31T23:59:59.999999Z,2025-07-11T07:08:29.444219Z,,30,XMKT,GOLF,ZZ0000000107,2025-07-11T07:08:29.444219Z,100570,NEWO,L,LMTO,4.1572,0,0,0,0,EUR,,MONE,BUYI,ACTI,,,5,5,5,,,,,,,,,,T10057018,,,,
SYNTHLEI0000000E0005,FALSE,CL1034,NONE,,,AOTC,FALSE,2025-07-11T07:08:30.333219Z,GTCV,VFAR,9999-12-31T23:59:59.999999Z,2025-07-11T07:08:30.333219Z,,31,XMKT,GOLF,ZZ0000000107,2025-07-11T07:08:30.333219Z,100570,REME,L,LMTO,4.1542,,,,,EUR,,MONE,BUYI,ACTI,,,5,5,5,,,,,,,,,,T10057018,,,,
SYNTHLEI0000000E0005,FALSE,CL1034,NONE,,,AOTC,FALSE,2025-07-11T07:08:31.509219Z,GTCV,VFAR,9999-12-31T23:59:59.999999Z,2025-07-11T07:08:31.509219Z,,32,XMKT,GOLF,ZZ0000000107,2025-07-11T07:08:31.509219Z,100570,REME,L,LMTO,4.1537,,,,,EUR,,MONE,BUYI,ACTI,,,5,5,5,,,,,,,,,,T10057018,,,,
SYNTHLEI0000000E0005,FALSE,CL1034,NONE,,,AOTC,FALSE,2025-07-11T07:08:32.385219Z,GTCV,VFAR,9999-12-31T23:59:59.999999Z,2025-07-11T07:08:32.385219Z,,33,XMKT,GOLF,ZZ0000000107,2025-07-11T07:08:32.385219Z,100570,REME,L,LMTO,4.1613,,,,,EUR,,MONE,BUYI,ACTI,,,5,5,5,,,,,,,,,,T10057018,,,,
SYNTHLEI0000000E0005,FALSE,CL1034,NONE,,,AOTC,FALSE,2025-07-11T07:08:34.221219Z,GTCV,VFAR,9999-12-31T23:59:59.999999Z,2025-07-11T07:08:34.221219Z,,34,XMKT,GOLF,ZZ0000000107,2025-07-11T07:08:34.221219Z,100570,CAME,L,LMTO,,,,,,EUR,,MONE,BUYI,,,,5,0,0,,,,,,,,,,T10057018,,,,
SYNTHLEI0000000B0002,TRUE,CL1030,NONE,,,AOTC,FALSE,2025-07-11T07:08:39.165752Z,FOKV,VFCR,9999-12-31T23:59:59.999999Z,2025-07-11T07:08:39.165752Z,,35,XMKT,ECHO,ZZ0000000105,2025-07-11T07:08:39.165752Z,100389,NEWO,L,LMTO,7.9208,0,0,0,0,EUR,,MONE,SELL,ACTI,,,500,500,500,,,,,,,,,,T10038923,,,,
SYNTHLEI0000000B0002,FALSE,CL1012,NONE,,,DEAL,FALSE,2025-07-11T07:09:06.837773Z,DAVY,VFAR,2025-07-11T23:59:59.999999Z,2025-07-11T07:04:05.837773Z,,36,XMKT,ABLE,ZZ0000000101,2025-07-11T07:09:06.837773Z,100591,PARF,L,,,,,,6.4963,EUR,,MONE,BUYI,,,,,12,,8,,,,,AGRE,,,,T10059136,,,,
SYNTHLEI0000000C0003,FALSE,CL1016,NONE,,,MTCH,FALSE,2025-07-11T07:09:21.518521Z,DAVY,VFAR,2025-07-11T23:59:59.999999Z,2025-07-11T07:09:21.518521Z,,37,XDRV,OPT25G15.00,ZV0000000202,2025-07-11T07:09:21.518521Z,100606,NEWO,L,LMTO,0.4564,0,0,0,0,EUR,,MONE,BUYI,ACTI,,,2,2,2,,,,,,,,,,T10060648,,,,
SYNTHLEI0000000G0007,FALSE,CL1038,NONE,,,AOTC,FALSE,2025-07-11T07:09:25.681610Z,IOCV,VFCR,9999-12-31T23:59:59.999999Z,2025-07-11T07:09:25.681610Z,,38,XMKT,INDX,ZZ0000000109,2025-07-11T07:09:25.681610Z,100375,NEWO,L,LMTO,0.4406,0,0,0,0,EUR,,MONE,BUYI,ACTI,,,500,500,500,,,,,,,,,,T10037562,,,,
SYNTHLEI0000000B0002,FALSE,CL1029,NONE,,,AOTC,FALSE,2025-07-11T07:09:40.984546Z,GTCV,VFCR,9999-12-31T23:59:59.999999Z,2025-07-11T07:09:40.984546Z,,39,XMKT,HOTL,ZZ0000000108,2025-07-11T07:09:40.984546Z,100045,NEWO,L,LMTO,3.1809,0,0,0,0,EUR,,MONE,BUYI,ACTI,,,200,200,200,,,,,,,,,,T10004577,,,,
SYNTHLEI0000000G0007,FALSE,CL1038,NONE,,,AOTC,FALSE,2025-07-11T07:09:45.681610Z,IOCV,VFCR,9999-12-31T23:59:59.999999Z,2025-07-11T07:09:25.681610Z,,40,XMKT,INDX,ZZ0000000109,2025-07-11T07:09:45.681610Z,100375,PARF,L,,,,,,0.4406,EUR,,MONE,BUYI,,,,,361,,139,,,,,PASV,,,,T10037562,,,,
SYNTHLEI0000000A0001,FALSE,CL1028,NONE,,,MTCH,FALSE,2025-07-11T07:10:00.928272Z,DAVY,VFCR,2025-07-11T23:59:59.999999Z,2025-07-11T07:10:00.928272Z,,41,XMKT,CHRL,ZZ0000000103,2025-07-11T07:10:00.928272Z,100351,NEWO,L,LMTO,16.2592,0,0,0,0,EUR,,MONE,BUYI,ACTI,,,200,200,200,,,,,,,,,,T10035123,,,,
SYNTHLEI0000000G0007,FALSE,CL1038,NONE,,,AOTC,FALSE,2025-07-11T07:10:03.681610Z,IOCV,VFCR,9999-12-31T23:59:59.999999Z,2025-07-11T07:10:03.681610Z,,42,XMKT,INDX,ZZ0000000109,2025-07-11T07:10:03.681610Z,100375,CAME,L,,,,,,,EUR,,MONE,BUYI,,,,500,0,0,,,,,,,,,,T10037562,,,,
SYNTHLEI0000000D0004,FALSE,CL1034,NONE,,,AOTC,FALSE,2025-07-11T07:10:12.631836Z,DAVY,VFAR,2025-07-11T23:59:59.999999Z,2025-07-11T07:10:12.631836Z,,43,XDRV,FTSE25T4900,ZV0000000201,2025-07-11T07:10:12.631836Z,100377,NEWO,L,LMTO,108.2006,0,0,0,0,EUR,,MONE,BUYI,ACTI,,,50,50,50,,,,,,,,,,T10037765,,,,
SYNTHLEI0000000H0008,FALSE,NONE,NONE,,,AOTC,FALSE,2025-07-11T07:10:42.705415Z,DAVY,VFCR,2025-07-11T23:59:59.999999Z,2025-07-11T07:10:42.705415Z,,44,XMKT,ABLE,ZZ0000000101,2025-07-11T07:10:42.705415Z,100633,NEWO,L,LMTO,6.4992,0,0,0,0,EUR,,MONE,BUYI,ACTI,,,40,40,40,,,,,,,,,,T10063357,,,,
SYNTHLEI0000000A0001,FALSE,NONE,ALGOPT,,,DEAL,TRUE,2025-07-11T07:10:50.456612Z,DAVY,VFCR,2025-07-11T23:59:59.999999Z,2025-07-11T07:10:50.456612Z,,45,XMKT,JULT,ZZ0000000110,2025-07-11T07:10:50.456612Z,100596,NEWO,L,LMTO,11.393,0,0,0,0,EUR,,MONE,BUYI,ACTI,,,20,20,20,,,,,,,,,,T10059636,,,,
SYNTHLEI0000000B0002,FALSE,CL1007,NONE,,,AOTC,FALSE,2025-07-11T07:11:00.054584Z,GTDV,VFAR,2025-07-11T23:59:59.999999Z,2025-07-11T07:11:00.054584Z,,46,XMKT,DLTA,ZZ0000000104,2025-07-11T07:11:00.054584Z,100026,NEWO,L,LMTO,3.137,0,0,0,0,EUR,,MONE,BUYI,ACTI,,,5,5,5,,,,,,,,,,T10002655,,,,
SYNTHLEI0000000C0003,FALSE,CL1010,NONE,,,DEAL,FALSE,2025-07-11T07:11:23.073656Z,IOCV,VFCR,9999-12-31T23:59:59.999999Z,2025-07-11T07:11:23.073656Z,,47,XMKT,JULT,ZZ0000000110,2025-07-11T07:11:23.073656Z,100639,NEWO,S,STOP,11.4031,0,11.21,0,0,EUR,,MONE,BUYI,ACTI,,,40,40,40,,,,,,,,,,T10063945,,,,
SYNTHLEI0000000H0008,FALSE,CL1035,NONE,,,AOTC,FALSE,2025-07-11T07:11:48.853987Z,IOCV,VFCR,9999-12-31T23:59:59.999999Z,2025-07-11T07:05:41.853987Z,,48,XDRV,FTSE25T4900,ZV0000000201,2025-07-11T07:11:48.853987Z,100123,FILL,L,,,,,,107.8274,EUR,,MONE,BUYI,,,,,0,,20,,,,,PASV,,,,T10012338,,,,
SYNTHLEI0000000D0004,TRUE,NONE,ALGOPT,,,MTCH,FALSE,2025-07-11T07:12:07.089258Z,DAVY,VFAR,2025-07-11T23:59:59.999999Z,2025-07-11T07:12:07.089258Z,,49,XMKT,GOLF,ZZ0000000107,2025-07-11T07:12:07.089258Z,100112,NEWO,L,LMTO,4.158,0,0,0,0,EUR,,MONE,SELL,ACTI,,,200,200,200,,,,,,,,,,T10011279,,,,
SYNTHLEI0000000H0008,FALSE,NONE,ALGO1,,,AOTC,FALSE,2025-07-11T07:12:14.554626Z,DAVY,VFAR,2025-07-11T23:59:59.999999Z,2025-07-11T07:03:07.554626Z,,50,XMKT,BRVO,ZZ0000000102,2025-07-11T07:12:14.554626Z,100430,FILL,L,,,,,,2.0824,EUR,,MONE,SELL,,,,,0,,3,,,,,AGRE,,,,T10043051,,,,
SYNTHLEI0000000B0002,FALSE,CL1012,NONE,,,DEAL,FALSE,2025-07-11T07:12:27.837773Z,DAVY,VFAR,2025-07-11T23:59:59.999999Z,2025-07-11T07:04:05.837773Z,,51,XMKT,ABLE,ZZ0000000101,2025-07-11T07:12:27.837773Z,100591,FILL,L,,,,,,6.4963,EUR,,MONE,BUYI,,,,,0,,12,,,,,PASV,,,,T10059136,,,,
SYNTHLEI0000000C0003,FALSE,CL1024,NONE,,,DEAL,FALSE,2025-07-11T07:12:38.196975Z,GTCV,VFCR,9999-12-31T23:59:59.999999Z,2025-07-11T07:12:38.196975Z,,52,XMKT,FXTR,ZZ0000000106,2025-07-11T07:12:38.196975Z,100279,REME,S,STOP,3.1955,,,,,EUR,,MONE,BUYI,ACTI,,,150,150,150,,,,,,,,,,T10027950,,,,
SYNTHLEI0000000B0002,TRUE,CL1030,NONE,,,AOTC,FALSE,2025-07-11T07:12:48.165752Z,FOKV,VFCR,9999-12-31T23:59:59.999999Z,2025-07-11T07:08:39.165752Z,,53,XMKT,ECHO,ZZ0000000105,2025-07-11T07:12:48.165752Z,100389,PARF,L,,,,,,7.9208,EUR,,MONE,SELL,,,,,387,,113,,,,,AGRE,,,,T10038923,,,,
SYNTHLEI0000000A0001,TRUE,NONE,ALGO1,,,DEAL,FALSE,2025-07-11T07:13:01.872979Z,GTCV,VFAR,9999-12-31T23:59:59.999999Z,2025-07-11T07:08:07.872979Z,,54,XMKT,HOTL,ZZ0000000108,2025-07-11T07:13:01.872979Z,100500,FILL,L,,,,,,3.1804,EUR,,MONE,BUYI,,,,,0,,20,,,,,PASV,,,,T10050053,,,,
SYNTHLEI0000000C0003,FALSE,CL1022,NONE,,,DEAL,TRUE,2025-07-11T07:13:02.559885Z,DAVY,VFCR,2025-07-11T23:59:59.999999Z,2025-07-11T07:13:02.559885Z,,55,XMKT,INDX,ZZ0000000109,2025-07-11T07:13:02.559885Z,100629,CAME,L,,,,,,,EUR,,MONE,BUYI,,,,60,0,0,,,,,,,,,,T10062972,,,,
SYNTHLEI0000000D0004,FALSE,CL1028,NONE,,,DEAL,TRUE,2025-07-11T07:13:09.242465Z,DAVY,VFCR,2025-07-11T23:59:59.999999Z,2025-07-11T07:13:09.242465Z,,56,XMKT,HOTL,ZZ0000000108,2025-07-11T07:13:09.242465Z,100321,NEWO,L,LMTO,3.1803,0,0,0,0,EUR,,MONE,SELL,ACTI,,,60,60,60,,,,,,,,,,T10032115,,,,
SYNTHLEI0000000B0002,FALSE,CL1032,NONE,,,AOTC,FALSE,2025-07-11T07:13:10.734760Z,DAVY,VFAR,2025-07-11T23:59:59.999999Z,2025-07-11T07:13:10.734760Z,,57,XDRV,FTSE25T4900,ZV0000000201,2025-07-11T07:13:10.734760Z,100343,NEWO,L,LMTO,107.9628,0,0,0,0,EUR,,MONE,BUYI,ACTI,,,1,1,1,,,,,,,,,,T10034386,,,,
SYNTHLEI0000000B0002,TRUE,CL1030,NONE,,,AOTC,FALSE,2025-07-11T07:13:13.165752Z,FOKV,VFCR,9999-12-31T23:59:59.999999Z,2025-07-11T07:13:13.165752Z,,58,XMKT,ECHO,ZZ0000000105,2025-07-11T07:13:13.165752Z,100389,CAME,L,,,,,,,EUR,,MONE,SELL,,,,500,0,0,,,,,,,,,,T10038923,,,,
SYNTHLEI0000000B0002,FALSE,CL1029,NONE,,,AOTC,FALSE,2025-07-11T07:13:16.984546Z,GTCV,VFCR,9999-12-31T23:59:59.999999Z,2025-07-11T07:09:40.984546Z,,59,XMKT,HOTL,ZZ0000000108,2025-07-11T07:13:16.984546Z,100045,PARF,L,,,,,,3.1809,EUR,,MONE,BUYI,,,,,108,,92,,,,,AGRE,,,,T10004577,,,,
SYNTHLEI0000000G0007,TRUE,CL1037,NONE,,,AOTC,FALSE,2025-07-11T07:13:44.206104Z,GTDV,VFAR,2025-07-11T23:59:59.999999Z,2025-07-11T07:13:44.206104Z,,60,XMKT,INDX,ZZ0000000109,2025-07-11T07:13:44.206104Z,100318,NEWO,L,LMTO,0.4868,0,0,0,0,EUR,,MONE,BUYI,ACTI,,,5,5,5,,,,,,,,,,T10031853,,,,
SYNTHLEI0000000A0001,FALSE,NONE,ALGOPT,,,DEAL,TRUE,2025-07-11T07:13:52.456612Z,DAVY,VFCR,2025-07-11T23:59:59.999999Z,2025-07-11T07:10:50.456612Z,,61,XMKT,JULT,ZZ0000000110,2025-07-11T07:13:52.456612Z,100596,FILL,L,,,,,,11.393,EUR,,MONE,BUYI,,,,,0,,20,,,,,AGRE,,,,T10059636,,,,
SYNTHLEI0000000C0003,FALSE,CL1018,NONE,,,AOTC,FALSE,2025-07-11T07:14:06.598125Z,GTDV,VFAR,2025-07-11T23:59:59.999999Z,2025-07-11T07:14:06.598125Z,,62,XMKT,JULT,ZZ0000000110,2025-07-11T07:14:06.598125Z,100446,NEWO,L,LMTO,11.384,0,0,0,0,EUR,,MONE,BUYI,ACTI,,,60,60,60,,,,,,,,,,T10044690,,,,
SYNTHLEI0000000D0004,FALSE,CL1034,NONE,,,AOTC,FALSE,2025-07-11T07:14:09.631836Z,DAVY,VFAR,2025-07-11T23:59:59.999999Z,2025-07-11T07:10:12.631836Z,,63,XDRV,FTSE25T4900,ZV0000000201,2025-07-11T07:14:09.631836Z,100377,FILL,L,,,,,,108.2006,EUR,,MONE,BUYI,,,,,0,,50,,,,,AGRE,,,,T10037765,,,,
SYNTHLEI0000000G0007,FALSE,CL1025,NONE,,,DEAL,FALSE,2025-07-11T07:14:10.115974Z,DAVY,,2025-07-11T23:59:59.999999Z,2025-07-11T07:14:10.115974Z,,64,XMKT,ABLE,ZZ0000000101,2025-07-11T07:14:10.115974Z,100527,NEWO,L,LMTO,6.6765,0,0,0,0,EUR,,MONE,BUYI,ACTI,,,1000,1000,1000,,,,,,,,,,T10052774,,,,
SYNTHLEI0000000E0005,FALSE,NONE,ALGOPT,,,AOTC,FALSE,2025-07-11T07:14:10.746248Z,GTCV,VFAR,9999-12-31T23:59:59.999999Z,2025-07-11T07:14:10.746248Z,,65,XMKT,CHRL,ZZ0000000103,2025-07-11T07:14:10.746248Z,100531,NEWO,L,LMTO,16.2488,0,0,0,0,EUR,,MONE,SELL,ACTI,,,100,100,100,,,,,,,,,,T10053187,,,,
SYNTHLEI0000000E0005,FALSE,NONE,ALGOPT,,,AOTC,FALSE,2025-07-11T07:14:11.968248Z,GTCV,VFAR,9999-12-31T23:59:59.999999Z,2025-07-11T07:14:11.968248Z,,66,XMKT,CHRL,ZZ0000000103,2025-07-11T07:14:11.968248Z,100531,REME,L,LMTO,16.2344,,,,,EUR,,MONE,SELL,ACTI,,,100,100,100,,,,,,,,,,T10053187,,,,
SYNTHLEI0000000E0005,FALSE,NONE,ALGOPT,,,AOTC,FALSE,2025-07-11T07:14:12.351248Z,GTCV,VFAR,9999-12-31T23:59:59.999999Z,2025-07-11T07:14:12.351248Z,,67,XMKT,CHRL,ZZ0000000103,2025-07-11T07:14:12.351248Z,100531,REME,L,LMTO,16.235,,,,,EUR,,MONE,SELL,ACTI,,,100,100,100,,,,,,,,,,T10053187,,,,
SYNTHLEI0000000B0002,FALSE,CL1029,NONE,,,AOTC,FALSE,2025-07-11T07:14:12.984546Z,GTCV,VFCR,9999-12-31T23:59:59.999999Z,2025-07-11T07:14:12.984546Z,,68,XMKT,HOTL,ZZ0000000108,2025-07-11T07:14:12.984546Z,100045,CAME,L,,,,,,,EUR,,MONE,BUYI,,,,200,0,0,,,,,,,,,,T10004577,,,,
SYNTHLEI0000000E0005,FALSE,NONE,ALGOPT,,,AOTC,FALSE,2025-07-11T07:14:16.967248Z,GTCV,VFAR,9999-12-31T23:59:59.999999Z,2025-07-11T07:14:16.967248Z,,69,XMKT,CHRL,ZZ0000000103,2025-07-11T07:14:16.967248Z,100531,CAME,L,LMTO,,,,,,EUR,,MONE,SELL,,,,100,0,0,,,,,,,,,,T10053187,,,,
SYNTHLEI0000000C0003,FALSE,CL1016,NONE,,,MTCH,FALSE,2025-07-11T07:14:22.518521Z,DAVY,VFAR,2025-07-11T23:59:59.999999Z,2025-07-11T07:14:22.518521Z,,70,XDRV,OPT25G15.00,ZV0000000202,2025-07-11T07:14:22.518521Z,100606,CAME,L,,,,,,,EUR,,MONE,BUYI,,,,2,0,0,,,,,,,,,,T10060648,,,,
SYNTHLEI0000000A0001,FALSE,CL1028,NONE,,,MTCH,FALSE,2025-07-11T07:14:51.928272Z,DAVY,VFCR,2025-07-11T23:59:59.999999Z,2025-07-11T07:10:00.928272Z,,71,XMKT,CHRL,ZZ0000000103,2025-07-11T07:14:51.928272Z,100351,PARF,L,,,,,,16.2592,EUR,,MONE,BUYI,,,,,113,,87,,,,,PASV,,,,T10035123,,,,
SYNTHLEI0000000G0007,FALSE,NONE,ALGO1,,,AOTC,FALSE,2025-07-11T07:15:33.529912Z,GTCV,VFAR,9999-12-31T23:59:59.999999Z,2025-07-11T07:15:33.529912Z,,72,XMKT,ECHO,ZZ0000000105,2025-07-11T07:15:33.529912Z,100243,NEWO,L,LMTO,7.9362,0,0,0,0,EUR,,MONE,BUYI,ACTI,,,60,60,60,,,,,,,,,,T10024359,,,,
SYNTHLEI0000000A0001,FALSE,CL1028,NONE,,,MTCH,FALSE,2025-07-11T07:15:36.928272Z,DAVY,VFCR,2025-07-11T23:59:59.999999Z,2025-07-11T07:10:00.928272Z,,73,XMKT,CHRL,ZZ0000000103,2025-07-11T07:15:36.928272Z,100351,FILL,L,,,,,,16.2592,EUR,,MONE,BUYI,,,,,0,,113,,,,,PASV,,,,T10035123,,,,
SYNTHLEI0000000B0002,FALSE,NONE,ALGO1,,,AOTC,FALSE,2025-07-11T07:15:44.761870Z,GTDV,,2025-07-11T23:59:59.999999Z,2025-07-11T07:15:44.761870Z,,74,XMKT,INDX,ZZ0000000109,2025-07-11T07:15:44.761870Z,100019,NEWO,L,LMTO,0.4642,0,0,0,0,EUR,,MONE,BUYI,ACTI,,,60,60,60,,,,,,,,,,T10001921,,,,
SYNTHLEI0000000H0008,FALSE,CL1038,NONE,,,DEAL,FALSE,2025-07-11T07:15:51.533979Z,GTCV,VFCR,9999-12-31T23:59:59.999999Z,2025-07-11T07:15:51.533979Z,,75,XMKT,ECHO,ZZ0000000105,2025-07-11T07:15:51.533979Z,100454,NEWO,L,LMTO,7.9198,0,0,0,0,EUR,,MONE,BUYI,ACTI,,,5,5,5,,,,,,,,,,T10045455,,,,
SYNTHLEI0000000G0007,TRUE,CL1037,NONE,,,AOTC,FALSE,2025-07-11T07:15:59.206104Z,GTDV,VFAR,2025-07-11T23:59:59.999999Z,2025-07-11T07:15:59.206104Z,,76,XMKT,INDX,ZZ0000000109,2025-07-11T07:15:59.206104Z,100318,REME,L,LMTO,0.4873,,,,,EUR,,MONE,BUYI,ACTI,,,5,5,5,,,,,,,,,,T10031853,,,,
SYNTHLEI0000000G0007,FALSE,CL1000,NONE,,,AOTC,FALSE,2025-07-11T07:16:11.762267Z,GTCV,VFAR,9999-12-31T23:59:59.999999Z,2025-07-11T07:16:11.762267Z,,77,XMKT,CHRL,ZZ0000000103,2025-07-11T07:16:11.762267Z,100449,NEWO,L,LMTO,16.7081,0,0,0,0,EUR,,MONE,BUYI,ACTI,,,200,200,200,,,,,,,,,,T10044954,,,,
SYNTHLEI0000000C0003,FALSE,CL1018,NONE,,,AOTC,FALSE,2025-07-11T07:16:26.598125Z,GTDV,VFAR,2025-07-11T23:59:59.999999Z,2025-07-11T07:14:06.598125Z,,78,XMKT,JULT,ZZ0000000110,2025-07-11T07:16:26.598125Z,100446,FILL,L,,,,,,11.384,EUR,,MONE,BUYI,,,,,0,,60,,,,,AGRE,,,,T10044690,,,,
SYNTHLEI0000000B0002,FALSE,CL1007,NONE,,,AOTC,FALSE,2025-07-11T07:16:42.054584Z,GTDV,VFAR,2025-07-11T23:59:59.999999Z,2025-07-11T07:11:00.054584Z,,79,XMKT,DLTA,ZZ0000000104,2025-07-11T07:16:42.054584Z,100026,FILL,L,,,,,,3.137,EUR,,MONE,BUYI,,,,,0,,5,,,,,AGRE,,,,T10002655,,,,
SYNTHLEI0000000F0006,FALSE,CL1006,NONE,,,AOTC,FALSE,2025-07-11T07:16:47.627109Z,GTCV,VFCR,9999-12-31T23:59:59.999999Z,2025-07-11T07:16:47.627109Z,,80,XMKT,ABLE,ZZ0000000101,2025-07-11T07:16:47.627109Z,100085,NEWO,L,LMTO,6.4972,0,0,0,0,EUR,,MONE,SELL,ACTI,,,5,5,5,,,,,,,,,,T10008598,,,,
SYNTHLEI0000000F0006,FALSE,CL1006,NONE,,,AOTC,FALSE,2025-07-11T07:16:47.975109Z,GTCV,VFCR,9999-12-31T23:59:59.999999Z,2025-07-11T07:16:47.627109Z,,81,XMKT,ABLE,ZZ0000000101,2025-07-11T07:16:47.975109Z,100085,CAME,L,LMTO,,,,,,EUR,,MONE,SELL,,,,5,0,0,,,,,,,,,,T10008598,,,,
SYNTHLEI0000000A0001,FALSE,CL1034,NONE,,,AOTC,FALSE,2025-07-11T07:16:49.069979Z,FOKV,VFCR,9999-12-31T23:59:59.999999Z,2025-07-11T07:16:49.069979Z,,82,XMKT,ABLE,ZZ0000000101,2025-07-11T07:16:49.069979Z,100615,NEWO,L,LMTO,6.5133,0,0,0,0,EUR,,MONE,SELL,ACTI,,,1000,1000,1000,,,,,,,,,,T10061571,,,,
SYNTHLEI0000000G0007,FALSE,CL1000,NONE,,,AOTC,FALSE,2025-07-11T07:17:13.762267Z,GTCV,VFAR,9999-12-31T23:59:59.999999Z,2025-07-11T07:16:11.762267Z,,83,XMKT,CHRL,ZZ0000000103,2025-07-11T07:17:13.762267Z,100449,FILL,L,,,,,,16.7081,EUR,,MONE,BUYI,,,,,0,,200,,,,,PASV,,,,T10044954,,,,
SYNTHLEI0000000H0008,FALSE,NONE,NONE,,,AOTC,FALSE,2025-07-11T07:17:18.705415Z,DAVY,VFCR,2025-07-11T23:59:59.999999Z,2025-07-11T07:10:42.705415Z,,84,XMKT,ABLE,ZZ0000000101,2025-07-11T07:17:18.705415Z,100633,FILL,L,,,,,,6.4992,EUR,,MONE,BUYI,,,,,0,,40,,,,,AGRE,,,,T10063357,,,,
SYNTHLEI0000000C0003,FALSE,CL1024,NONE,,,DEAL,FALSE,2025-07-11T07:17:27.196975Z,GTCV,VFCR,9999-12-31T23:59:59.999999Z,2025-07-11T07:03:31.196975Z,,85,XMKT,FXTR,ZZ0000000106,2025-07-11T07:17:27.196975Z,100279,FILL,S,,,,,,3.1955,EUR,,MONE,BUYI,,,,,0,,150,,,,,PASV,,,,T10027950,,,,
SYNTHLEI0000000C0003,FALSE,CL1010,NONE,,,DEAL,FALSE,2025-07-11T07:17:49.073656Z,IOCV,VFCR,9999-12-31T23:59:59.999999Z,2025-07-11T07:17:49.073656Z,,86,XMKT,JULT,ZZ0000000110,2025-07-11T07:17:49.073656Z,100639,REME,S,STOP,11.3982,,,,,EUR,,MONE,BUYI,ACTI,,,40,40,40,,,,,,,,,,T10063945,,,,
SYNTHLEI0000000G0007,TRUE,CL1006,NONE,,,AOTC,FALSE,2025-07-11T07:18:27.160097Z,DAVY,,2025-07-11T23:59:59.999999Z,2025-07-11T07:18:27.160097Z,,87,XDRV,FTSE25T4900,ZV0000000201,2025-07-11T07:18:27.160097Z,100119,NEWO,L,LMTO,103.8433,0,0,0,0,EUR,,MONE,BUYI,ACTI,,,10,10,10,,,,,,,,,,T10011999,,,,
SYNTHLEI0000000G0007,TRUE,CL1006,NONE,,,AOTC,FALSE,2025-07-11T07:18:38.160097Z,DAVY,,2025-07-11T23:59:59.999999Z,2025-07-11T07:18:27.160097Z,,88,XDRV,FTSE25T4900,ZV0000000201,2025-07-11T07:18:38.160097Z,100119,PARF,L,,,,,,103.8433,EUR,,MONE,BUYI,,,,,8,,2,,,,,AGRE,,,,T10011999,,,,
SYNTHLEI0000000A0001,FALSE,CL1038,NONE,,,AOTC,FALSE,2025-07-11T07:19:13.909772Z,DAVY,VFAR,2025-07-11T23:59:59.999999Z,2025-07-11T07:19:13.909772Z,,89,XMKT,JULT,ZZ0000000110,2025-07-11T07:19:13.909772Z,100165,CAME,S,,,,,,,EUR,,MONE,SELL,,,,40,0,0,,,,,,,,,,T10016530,,,,
SYNTHLEI0000000C0003,FALSE,CL1011,NONE,,,DEAL,TRUE,2025-07-11T07:19:28.724938Z,DAVY,VFCR,2025-07-11T23:59:59.999999Z,2025-07-11T07:19:28.724938Z,,90,XMKT,DLTA,ZZ0000000104,2025-07-11T07:19:28.724938Z,100056,NEWO,L,LMTO,3.1445,0,0,0,0,EUR,,MONE,BUYI,ACTI,,,500,500,500,,,,,,,,,,T10005645,,,,
SYNTHLEI0000000E0005,FALSE,CL1013,NONE,,,AOTC,FALSE,2025-07-11T07:20:15.700336Z,DAVY,VFCR,2025-07-11T23:59:59.999999Z,2025-07-11T07:20:15.700336Z,,91,XMKT,JULT,ZZ0000000110,2025-07-11T07:20:15.700336Z,100130,NEWO,L,LMTO,11.4131,0,0,0,0,EUR,,MONE,BUYI,ACTI,,,150,150,150,,,,,,,,,,T10013013,,,,
SYNTHLEI0000000A0001,FALSE,CL1013,NONE,,,AOTC,FALSE,2025-07-11T07:20:15.738362Z,GTDV,VFAR,2025-07-11T23:59:59.999999Z,2025-07-11T07:20:15.738362Z,,92,XMKT,ABLE,ZZ0000000101,2025-07-11T07:20:15.738362Z,100371,NEWO,S,STOP,6.495,0,6.4053,0,0,EUR,,MONE,SELL,ACTI,,,3000,3000,3000,,,,,,,,,,T10037116,,,,
SYNTHLEI0000000E0005,FALSE,CL1013,NONE,,,AOTC,FALSE,2025-07-11T07:20:17.973336Z,DAVY,VFCR,2025-07-11T23:59:59.999999Z,2025-07-11T07:20:17.973336Z,,93,XMKT,JULT,ZZ0000000110,2025-07-11T07:20:17.973336Z,100130,REME,L,LMTO,11.4118,,,,,EUR,,MONE,BUYI,ACTI,,,150,150,150,,,,,,,,,,T10013013,,,,
SYNTHLEI0000000E0005,FALSE,CL1013,NONE,,,AOTC,FALSE,2025-07-11T07:20:21.650336Z,DAVY,VFCR,2025-07-11T23:59:59.999999Z,2025-07-11T07:20:21.650336Z,,94,XMKT,JULT,ZZ0000000110,2025-07-11T07:20:21.650336Z,100130,REME,L,LMTO,11.4096,,,,,EUR,,MONE,BUYI,ACTI,,,150,150,150,,,,,,,,,,T10013013,,,,
SYNTHLEI0000000E0005,FALSE,CL1013,NONE,,,AOTC,FALSE,2025-07-11T07:20:24.002336Z,DAVY,VFCR,2025-07-11T23:59:59.999999Z,2025-07-11T07:20:24.002336Z,,95,XMKT,JULT,ZZ0000000110,2025-07-11T07:20:24.002336Z,100130,CAME,L,LMTO,,,,,,EUR,,MONE,BUYI,,,,150,0,0,,,,,,,,,,T10013013,,,,
SYNTHLEI0000000G0007,TRUE,CL1006,NONE,,,AOTC,FALSE,2025-07-11T07:20:46.160097Z,DAVY,,2025-07-11T23:59:59.999999Z,2025-07-11T07:18:27.160097Z,,96,XDRV,FTSE25T4900,ZV0000000201,2025-07-11T07:20:46.160097Z,100119,FILL,L,,,,,,103.8433,EUR,,MONE,BUYI,,,,,0,,8,,,,,AGRE,,,,T10011999,,,,
SYNTHLEI0000000C0003,FALSE,CL1028,NONE,,,DEAL,FALSE,2025-07-11T07:20:51.054342Z,DAVY,VFAR,2025-07-11T23:59:59.999999Z,2025-07-11T07:20:51.054342Z,,97,XDRV,FTSE25T4900,ZV0000000201,2025-07-11T07:20:51.054342Z,100115,NEWO,L,LMTO,107.9985,0,0,0,0,EUR,,MONE,SELL,ACTI,,,20,20,20,,,,,,,,,,T10011519,,,,
SYNTHLEI0000000B0002,FALSE,CL1017,NONE,,,DEAL,FALSE,2025-07-11T07:20:51.746760Z,GTCV,VFCR,9999-12-31T23:59:59.999999Z,2025-07-11T07:20:51.746760Z,,98,XDRV,OPT25G15.00,ZV0000000202,2025-07-11T07:20:51.746760Z,100359,NEWO,L,LMTO,0.4559,0,0,0,0,EUR,,MONE,BUYI,ACTI,,,10,10,10,,,,,,,,,,T10035986,,,,
SYNTHLEI0000000C0003,FALSE,CL1011,NONE,,,DEAL,TRUE,2025-07-11T07:21:02.724938Z,DAVY,VFCR,2025-07-11T23:59:59.999999Z,2025-07-11T07:19:28.724938Z,,99,XMKT,DLTA,ZZ0000000104,2025-07-11T07:21:02.724938Z,100056,FILL,L,,,,,,3.1445,EUR,,MONE,BUYI,,,,,0,,500,,,,,AGRE,,,,T10005645,,,,
SYNTHLEI0000000H0008,FALSE,CL1038,NONE,,,DEAL,FALSE,2025-07-11T07:21:18.533979Z,GTCV,VFCR,9999-12-31T23:59:59.999999Z,2025-07-11T07:15:51.533979Z,,100,XMKT,ECHO,ZZ0000000105,2025-07-11T07:21:18.533979Z,100454,FILL,L,,,,,,7.9198,EUR,,MONE,BUYI,,,,,0,,5,,,,,PASV,,,,T10045455,,,,
SYNTHLEI0000000B0002,FALSE,CL1032,NONE,,,AOTC,FALSE,2025-07-11T07:21:26.734760Z,DAVY,VFAR,2025-07-11T23:59:59.999999Z,2025-07-11T07:21:26.734760Z,,101,XDRV,FTSE25T4900,ZV0000000201,2025-07-11T07:21:26.734760Z,100343,REME,L,LMTO,107.9584,,,,,EUR,,MONE,BUYI,ACTI,,,1,1,1,,,,,,,,,,T10034386,,,,
SYNTHLEI0000000C0003,FALSE,CL1010,NONE,,,DEAL,FALSE,2025-07-11T07:21:33.073656Z,IOCV,VFCR,9999-12-31T23:59:59.999999Z,2025-07-11T07:11:23.073656Z,,102,XMKT,JULT,ZZ0000000110,2025-07-11T07:21:33.073656Z,100639,FILL,S,,,,,,11.3982,EUR,,MONE,BUYI,,,,,0,,40,,,,,PASV,,,,T10063945,,,,
SYNTHLEI0000000B0002,FALSE,NONE,ALGO1,,,AOTC,FALSE,2025-07-11T07:21:45.761870Z,GTDV,,2025-07-11T23:59:59.999999Z,2025-07-11T07:15:44.761870Z,,103,XMKT,INDX,ZZ0000000109,2025-07-11T07:21:45.761870Z,100019,PARF,L,,,,,,0.4642,EUR,,MONE,BUYI,,,,,38,,22,,,,,PASV,,,,T10001921,,,,
SYNTHLEI0000000A0001,FALSE,CL1034,NONE,,,AOTC,FALSE,2025-07-11T07:21:49.069979Z,FOKV,VFCR,9999-12-31T23:59:59.999999Z,2025-07-11T07:16:49.069979Z,,104,XMKT,ABLE,ZZ0000000101,2025-07-11T07:21:49.069979Z,100615,PARF,L,,,,,,6.5133,EUR,,MONE,SELL,,,,,807,,193,,,,,AGRE,,,,T10061571,,,,
SYNTHLEI0000000G0007,FALSE,NONE,ALGO1,,,AOTC,FALSE,2025-07-11T07:21:52.529912Z,GTCV,VFAR,9999-12-31T23:59:59.999999Z,2025-07-11T07:15:33.529912Z,,105,XMKT,ECHO,ZZ0000000105,2025-07-11T07:21:52.529912Z,100243,PARF,L,,,,,,7.9362,EUR,,MONE,BUYI,,,,,44,,16,,,,,AGRE,,,,T10024359,,,,
SYNTHLEI0000000E0005,FALSE,CL1004,NONE,,,DEAL,TRUE,2025-07-11T07:22:16.991804Z,DAVY,VFAR,2025-07-11T23:59:59.999999Z,2025-07-11T07:22:16.991804Z,,106,XMKT,INDX,ZZ0000000109,2025-07-11T07:22:16.991804Z,100350,NEWO,L,LMTO,0.4638,0,0,0,0,EUR,,MONE,SELL,ACTI,,,1000,1000,1000,,,,,,,,,,T10035027,,,,
SYNTHLEI0000000C0003,FALSE,CL1007,NONE,,,MTCH,FALSE,2025-07-11T07:22:29.484021Z,GTDV,VFCR,2025-07-11T23:59:59.999999Z,2025-07-11T07:22:29.484021Z,,107,XMKT,ABLE,ZZ0000000101,2025-07-11T07:22:29.484021Z,100254,NEWO,L,LMTO,6.4871,0,0,0,0,EUR,,MONE,BUYI,ACTI,,,5,5,5,,,,,,,,,,T10025423,,,,
SYNTHLEI0000000H0008,FALSE,NONE,ALGOPT,,,DEAL,TRUE,2025-07-11T07:22:43.495590Z,DAVY,VFAR,2025-07-11T23:59:59.999999Z,2025-07-11T07:22:43.495590Z,,108,XMKT,GOLF,ZZ0000000107,2025-07-11T07:22:43.495590Z,100411,NEWO,L,LMTO,4.168,0,0,0,0,EUR,,MONE,BUYI,ACTI,,,40,40,40,,,,,,,,,,T10041159,,,,
SYNTHLEI0000000E0005,FALSE,NONE,ALGOPT,,,AOTC,FALSE,2025-07-11T07:23:20.173813Z,GTDV,VFAR,2025-07-11T23:59:59.999999Z,2025-07-11T07:23:20.173813Z,,109,XMKT,BRVO,ZZ0000000102,2025-07-11T07:23:20.173813Z,100390,NEWO,L,LMTO,2.0873,0,0,0,0,EUR,,MONE,BUYI,ACTI,,,40,40,40,,,,,,,,,,T10039035,,,,
SYNTHLEI0000000E0005,FALSE,NONE,ALGOPT,,,AOTC,FALSE,2025-07-11T07:23:21.410813Z,GTDV,VFAR,2025-07-11T23:59:59.999999Z,2025-07-11T07:23:21.410813Z,,110,XMKT,BRVO,ZZ0000000102,2025-07-11T07:23:21.410813Z,100390,REME,L,LMTO,2.0875,,,,,EUR,,MONE,BUYI,ACTI,,,40,40,40,,,,,,,,,,T10039035,,,,
SYNTHLEI0000000E0005,FALSE,NONE,ALGOPT,,,AOTC,FALSE,2025-07-11T07:23:25.958813Z,GTDV,VFAR,2025-07-11T23:59:59.999999Z,2025-07-11T07:23:25.958813Z,,111,XMKT,BRVO,ZZ0000000102,2025-07-11T07:23:25.958813Z,100390,CAME,L,LMTO,,,,,,EUR,,MONE,BUYI,,,,40,0,0,,,,,,,,,,T10039035,,,,
SYNTHLEI0000000B0002,FALSE,NONE,ALGO1,,,AOTC,FALSE,2025-07-11T07:23:28.761870Z,GTDV,,2025-07-11T23:59:59.999999Z,2025-07-11T07:15:44.761870Z,,112,XMKT,INDX,ZZ0000000109,2025-07-11T07:23:28.761870Z,100019,FILL,L,,,,,,0.4642,EUR,,MONE,BUYI,,,,,0,,38,,,,,AGRE,,,,T10001921,,,,
SYNTHLEI0000000A0001,FALSE,CL1034,NONE,,,AOTC,FALSE,2025-07-11T07:23:52.069979Z,FOKV,VFCR,9999-12-31T23:59:59.999999Z,2025-07-11T07:23:52.069979Z,,113,XMKT,ABLE,ZZ0000000101,2025-07-11T07:23:52.069979Z,100615,CAME,L,,,,,,,EUR,,MONE,SELL,,,,1000,0,0,,,,,,,,,,T10061571,,,,
SYNTHLEI0000000B0002,FALSE,CL1023,NONE,,,DEAL,TRUE,2025-07-11T07:23:54.552799Z,GTCV,VFAR,9999-12-31T23:59:59.999999Z,2025-07-11T07:23:54.552799Z,,114,XMKT,GOLF,ZZ0000000107,2025-07-11T07:23:54.552799Z,100417,NEWO,L,LMTO,4.1614,0,0,0,0,EUR,,MONE,SELL,ACTI,,,100,100,100,,,,,,,,,,T10041753,,,,
SYNTHLEI0000000H0008,TRUE,CL1036,NONE,,,MTCH,FALSE,2025-07-11T07:23:59.726088Z,GTCV,VFCR,9999-12-31T23:59:59.999999Z,2025-07-11T07:23:59.726088Z,,115,XDRV,FTSE25T4900,ZV0000000201,2025-07-11T07:23:59.726088Z,100360,NEWO,L,LMTO,107.9899,0,0,0,0,EUR,,MONE,BUYI,ACTI,,,5,5,5,,,,,,,,,,T10036094,,,,
SYNTHLEI0000000A0001,FALSE,CL1030,NONE,,,AOTC,FALSE,2025-07-11T07:24:07.528743Z,IOCV,VFCR,9999-12-31T23:59:59.999999Z,2025-07-11T07:24:07.528743Z,,116,XMKT,ECHO,ZZ0000000105,2025-07-11T07:24:07.528743Z,100605,NEWO,L,LMTO,7.9195,0,0,0,0,EUR,,MONE,BUYI,ACTI,,,60,60,60,,,,,,,,,,T10060577,,,,
SYNTHLEI0000000D0004,FALSE,NONE,ALGOPT,,,MTCH,FALSE,2025-07-11T07:24:13.742542Z,DAVY,VFCR,2025-07-11T23:59:59.999999Z,2025-07-11T07:24:13.742542Z,,117,XDRV,FTSE25T4900,ZV0000000201,2025-07-11T07:24:13.742542Z,100105,CAME,L,,,,,,,EUR,,MONE,SELL,,,,5,0,0,,,,,,,,,,T10010589,,,,
SYNTHLEI0000000E0005,FALSE,CL1004,NONE,,,DEAL,TRUE,2025-07-11T07:24:32.991804Z,DAVY,VFAR,2025-07-11T23:59:59.999999Z,2025-07-11T07:24:32.991804Z,,118,XMKT,INDX,ZZ0000000109,2025-07-11T07:24:32.991804Z,100350,REME,L,LMTO,0.4637,,,,,EUR,,MONE,SELL,ACTI,,,1000,1000,1000,,,,,,,,,,T10035027,,,,
SYNTHLEI0000000G0007,FALSE,NONE,ALGO1,,,AOTC,FALSE,2025-07-11T07:24:42.529912Z,GTCV,VFAR,9999-12-31T23:59:59.999999Z,2025-07-11T07:15:33.529912Z,,119,XMKT,ECHO,ZZ0000000105,2025-07-11T07:24:42.529912Z,100243,FILL,L,,,,,,7.9362,EUR,,MONE,BUYI,,,,,0,,44,,,,,PASV,,,,T10024359,,,,
SYNTHLEI0000000B0002,FALSE,CL1030,NONE,,,AOTC,FALSE,2025-07-11T07:24:54.096298Z,GTCV,VFAR,9999-12-31T23:59:59.999999Z,2025-07-11T07:24:54.096298Z,,120,XMKT,ABLE,ZZ0000000101,2025-07-11T07:24:54.096298Z,100209,NEWO,L,LMTO,6.4837,0,0,0,0,EUR,,MONE,SELL,ACTI,,,150,150,150,,,,,,,,,,T10020979,,,,
SYNTHLEI0000000C0003,FALSE,CL1032,NONE,,,DEAL,FALSE,2025-07-11T07:25:18.954148Z,DAVY,VFCR,2025-07-11T23:59:59.999999Z,2025-07-11T07:25:18.954148Z,,121,XMKT,JULT,ZZ0000000110,2025-07-11T07:25:18.954148Z,100046,NEWO,L,LMTO,11.4153,0,0,0,0,EUR,,MONE,SELL,ACTI,,,200,200,200,,,,,,,,,,T10004640,,,,
SYNTHLEI0000000C0003,FALSE,CL1007,NONE,,,MTCH,FALSE,2025-07-11T07:25:35.484021Z,GTDV,VFCR,2025-07-11T23:59:59.999999Z,2025-07-11T07:22:29.484021Z,,122,XMKT,ABLE,ZZ0000000101,2025-07-11T07:25:35.484021Z,100254,PARF,L,,,,,,6.4871,EUR,,MONE,BUYI,,,,,4,,1,,,,,AGRE,,,,T10025423,,,,
SYNTHLEI0000000A0001,FALSE,CL1012,NONE,,,DEAL,FALSE,2025-07-11T07:25:44.554568Z,GTCV,VFAR,9999-12-31T23:59:59.999999Z,2025-07-11T07:25:44.554568Z,,123,XMKT,INDX,ZZ0000000109,2025-07-11T07:25:44.554568Z,100289,NEWO,L,LMTO,0.4641,0,0,0,0,EUR,,MONE,SELL,ACTI,,,150,150,150,,,,,,,,,,T10028990,,,,
SYNTHLEI0000000B0002,FALSE,NONE,ALGOPT,,,MTCH,FALSE,2025-07-11T07:25:51.913379Z,DAVY,VFCR,2025-07-11T23:59:59.999999Z,2025-07-11T07:25:51.913379Z,,124,XDRV,FTSE25T4900,ZV0000000201,2025-07-11T07:25:51.913379Z,100526,NEWO,L,LMTO,108.0675,0,0,0,0,EUR,,MONE,SELL,ACTI,,,20,20,20,,,,,,,,,,T10052657,,,,
SYNTHLEI0000000A0001,FALSE,CL1030,NONE,,,AOTC,FALSE,2025-07-11T07:26:13.528743Z,IOCV,VFCR,9999-12-31T23:59:59.999999Z,2025-07-11T07:24:07.528743Z,,125,XMKT,ECHO,ZZ0000000105,2025-07-11T07:26:13.528743Z,100605,PARF,L,,,,,,7.9195,EUR,,MONE,BUYI,,,,,46,,14,,,,,PASV,,,,T10060577,,,,
SYNTHLEI0000000B0002,FALSE,CL1030,NONE,,,AOTC,FALSE,2025-07-11T07:26:17.096298Z,GTCV,VFAR,9999-12-31T23:59:59.999999Z,2025-07-11T07:24:54.096298Z,,126,XMKT,ABLE,ZZ0000000101,2025-07-11T07:26:17.096298Z,100209,PARF,L,,,,,,6.4837,EUR,,MONE,SELL,,,,,105,,45,,,,,AGRE,,,,T10020979,,,,
SYNTHLEI0000000B0002,FALSE,CL1017,NONE,,,DEAL,FALSE,2025-07-11T07:26:20.746760Z,GTCV,VFCR,9999-12-31T23:59:59.999999Z,2025-07-11T07:20:51.746760Z,,127,XDRV,OPT25G15.00,ZV0000000202,2025-07-11T07:26:20.746760Z,100359,FILL,L,,,,,,0.4559,EUR,,MONE,BUYI,,,,,0,,10,,,,,AGRE,,,,T10035986,,,,
SYNTHLEI0000000E0005,FALSE,CL1031,NONE,,,AOTC,FALSE,2025-07-11T07:26:23.891371Z,GTDV,VFAR,2025-07-11T23:59:59.999999Z,2025-07-11T07:26:23.891371Z,,128,XMKT,FXTR,ZZ0000000106,2025-07-11T07:26:23.891371Z,100245,NEWO,L,LMTO,3.1931,0,0,0,0,EUR,,MONE,BUYI,ACTI,,,1500,1500,1500,,,,,,,,,,T10024511,,,,
SYNTHLEI0000000E0005,FALSE,CL1031,NONE,,,AOTC,FALSE,2025-07-11T07:26:25.353371Z,GTDV,VFAR,2025-07-11T23:59:59.999999Z,2025-07-11T07:26:25.353371Z,,129,XMKT,FXTR,ZZ0000000106,2025-07-11T07:26:25.353371Z,100245,REME,L,LMTO,3.1932,,,,,EUR,,MONE,BUYI,ACTI,,,1500,1500,1500,,,,,,,,,,T10024511,,,,
SYNTHLEI0000000H0008,TRUE,CL1025,NONE,,,AOTC,FALSE,2025-07-11T07:26:27.200281Z,DAVY,VFAR,2025-07-11T23:59:59.999999Z,2025-07-11T07:26:27.200281Z,,130,XMKT,DLTA,ZZ0000000104,2025-07-11T07:26:27.200281Z,100319,NEWO,L,LMTO,3.1379,0,0,0,0,EUR,,MONE,BUYI,ACTI,,,60,60,60,,,,,,,,,,T10031944,,,,
SYNTHLEI0000000E0005,FALSE,CL1031,NONE,,,AOTC,FALSE,2025-07-11T07:26:28.286371Z,GTDV,VFAR,2025-07-11T23:59:59.999999Z,2025-07-11T07:26:28.286371Z,,131,XMKT,FXTR,ZZ0000000106,2025-07-11T07:26:28.286371Z,100245,REME,L,LMTO,3.188,,,,,EUR,,MONE,BUYI,ACTI,,,1500,1500,1500,,,,,,,,,,T10024511,,,,
SYNTHLEI0000000E0005,FALSE,CL1031,NONE,,,AOTC,FALSE,2025-07-11T07:26:29.991371Z,GTDV,VFAR,2025-07-11T23:59:59.999999Z,2025-07-11T07:26:29.991371Z,,132,XMKT,FXTR,ZZ0000000106,2025-07-11T07:26:29.991371Z,100245,CAME,L,LMTO,,,,,,EUR,,MONE,BUYI,,,,1500,0,0,,,,,,,,,,T10024511,,,,
SYNTHLEI0000000E0005,FALSE,CL1004,NONE,,,DEAL,TRUE,2025-07-11T07:26:36.991804Z,DAVY,VFAR,2025-07-11T23:59:59.999999Z,2025-07-11T07:22:16.991804Z,,133,XMKT,INDX,ZZ0000000109,2025-07-11T07:26:36.991804Z,100350,PARF,L,,,,,,0.4637,EUR,,MONE,SELL,,,,,606,,394,,,,,PASV,,,,T10035027,,,,
SYNTHLEI0000000B0002,FALSE,CL1023,NONE,,,DEAL,TRUE,2025-07-11T07:26:39.552799Z,GTCV,VFAR,9999-12-31T23:59:59.999999Z,2025-07-11T07:23:54.552799Z,,134,XMKT,GOLF,ZZ0000000107,2025-07-11T07:26:39.552799Z,100417,FILL,L,,,,,,4.1614,EUR,,MONE,SELL,,,,,0,,100,,,,,AGRE,,,,T10041753,,,,
SYNTHLEI0000000E0005,FALSE,CL1012,NONE,,,DEAL,FALSE,2025-07-11T07:26:51.349781Z,FOKV,VFCR,9999-12-31T23:59:59.999999Z,2025-07-11T07:26:51.349781Z,,135,XMKT,INDX,ZZ0000000109,2025-07-11T07:26:51.349781Z,100042,NEWO,L,LMTO,0.4638,0,0,0,0,EUR,,MONE,BUYI,ACTI,,,20,20,20,,,,,,,,,,T10004252,,,,
SYNTHLEI0000000E0005,FALSE,CL1012,NONE,,,DEAL,FALSE,2025-07-11T07:26:52.639781Z,FOKV,VFCR,9999-12-31T23:59:59.999999Z,2025-07-11T07:26:52.639781Z,,136,XMKT,INDX,ZZ0000000109,2025-07-11T07:26:52.639781Z,100042,REME,L,LMTO,0.4638,,,,,EUR,,MONE,BUYI,ACTI,,,20,20,20,,,,,,,,,,T10004252,,,,
SYNTHLEI0000000E0005,FALSE,CL1012,NONE,,,DEAL,FALSE,2025-07-11T07:26:54.735781Z,FOKV,VFCR,9999-12-31T23:59:59.999999Z,2025-07-11T07:26:54.735781Z,,137,XMKT,INDX,ZZ0000000109,2025-07-11T07:26:54.735781Z,100042,REME,L,LMTO,0.464,,,,,EUR,,MONE,BUYI,ACTI,,,20,20,20,,,,,,,,,,T10004252,,,,
SYNTHLEI0000000E0005,FALSE,CL1012,NONE,,,DEAL,FALSE,2025-07-11T07:26:56.045781Z,FOKV,VFCR,9999-12-31T23:59:59.999999Z,2025-07-11T07:26:56.045781Z,,138,XMKT,INDX,ZZ0000000109,2025-07-11T07:26:56.045781Z,100042,CAME,L,LMTO,,,,,,EUR,,MONE,BUYI,,,,20,0,0,,,,,,,,,,T10004252,,,,
SYNTHLEI0000000H0008,TRUE,CL1036,NONE,,,MTCH,FALSE,2025-07-11T07:27:02.726088Z,GTCV,VFCR,9999-12-31T23:59:59.999999Z,2025-07-11T07:23:59.726088Z,,139,XDRV,FTSE25T4900,ZV0000000201,2025-07-11T07:27:02.726088Z,100360,FILL,L,,,,,,107.9899,EUR,,MONE,BUYI,,,,,0,,5,,,,,PASV,,,,T10036094,,,,
SYNTHLEI0000000H0008,FALSE,CL1000,NONE,,,DEAL,TRUE,2025-07-11T07:27:09.385268Z,IOCV,VFAR,9999-12-31T23:59:59.999999Z,2025-07-11T07:27:09.385268Z,,140,XMKT,INDX,ZZ0000000109,2025-07-11T07:27:09.385268Z,100093,NEWO,L,LMTO,0.4653,0,0,0,0,EUR,,MONE,SELL,ACTI,,,20,20,20,,,,,,,,,,T10009349,,,,
SYNTHLEI0000000C0003,FALSE,CL1032,NONE,,,DEAL,FALSE,2025-07-11T07:27:19.954148Z,DAVY,VFCR,2025-07-11T23:59:59.999999Z,2025-07-11T07:25:18.954148Z,,141,XMKT,JULT,ZZ0000000110,2025-07-11T07:27:19.954148Z,100046,PARF,L,,,,,,11.4153,EUR,,MONE,SELL,,,,,110,,90,,,,,AGRE,,,,T10004640,,,,
SYNTHLEI0000000H0008,TRUE,CL1027,NONE,,,MTCH,FALSE,2025-07-11T07:27:56.172365Z,GTCV,VFCR,9999-12-31T23:59:59.999999Z,2025-07-11T07:27:56.172365Z,,142,XMKT,CHRL,ZZ0000000103,2025-07-11T07:27:56.172365Z,100468,NEWO,L,LMTO,16.2276,0,0,0,0,EUR,,MONE,BUYI,ACTI,,,200,200,200,,,,,,,,,,T10046893,,,,
SYNTHLEI0000000B0002,FALSE,NONE,ALGOPT,,,MTCH,FALSE,2025-07-11T07:28:34.913379Z,DAVY,VFCR,2025-07-11T23:59:59.999999Z,2025-07-11T07:25:51.913379Z,,143,XDRV,FTSE25T4900,ZV0000000201,2025-07-11T07:28:34.913379Z,100526,PARF,L,,,,,,108.0675,EUR,,MONE,SELL,,,,,16,,4,,,,,PASV,,,,T10052657,,,,
SYNTHLEI0000000E0005,FALSE,CL1013,NONE,,,AOTC,FALSE,2025-07-11T07:28:43.335630Z,GTDV,VFAR,2025-07-11T23:59:59.999999Z,2025-07-11T07:28:43.335630Z,,144,XMKT,GOLF,ZZ0000000107,2025-07-11T07:28:43.335630Z,100198,NEWO,L,LMTO,4.165,0,0,0,0,EUR,,MONE,SELL,ACTI,,,200,200,200,,,,,,,,,,T10019814,,,,
SYNTHLEI0000000E0005,FALSE,CL1013,NONE,,,AOTC,FALSE,2025-07-11T07:28:46.541630Z,GTDV,VFAR,2025-07-11T23:59:59.999999Z,2025-07-11T07:28:46.541630Z,,145,XMKT,GOLF,ZZ0000000107,2025-07-11T07:28:46.541630Z,100198,REME,L,LMTO,4.1654,,,,,EUR,,MONE,SELL,ACTI,,,200,200,200,,,,,,,,,,T10019814,,,,
SYNTHLEI0000000E0005,FALSE,CL1013,NONE,,,AOTC,FALSE,2025-07-11T07:28:47.391630Z,GTDV,VFAR,2025-07-11T23:59:59.999999Z,2025-07-11T07:28:47.391630Z,,146,XMKT,GOLF,ZZ0000000107,2025-07-11T07:28:47.391630Z,100198,REME,L,LMTO,4.1672,,,,,EUR,,MONE,SELL,ACTI,,,200,200,200,,,,,,,,,,T10019814,,,,
SYNTHLEI0000000E0005,FALSE,CL1013,NONE,,,AOTC,FALSE,2025-07-11T07:28:48.215630Z,GTDV,VFAR,2025-07-11T23:59:59.999999Z,2025-07-11T07:28:48.215630Z,,147,XMKT,GOLF,ZZ0000000107,2025-07-11T07:28:48.215630Z,100198,CAME,L,LMTO,,,,,,EUR,,MONE,SELL,,,,200,0,0,,,,,,,,,,T10019814,,,,
SYNTHLEI0000000E0005,FALSE,NONE,ALGOPT,,,MTCH,FALSE,2025-07-11T07:29:20.811610Z,DAVY,VFCR,2025-07-11T23:59:59.999999Z,2025-07-11T07:29:20.811610Z,,148,XMKT,JULT,ZZ0000000110,2025-07-11T07:29:20.811610Z,100618,NEWO,L,LMTO,11.3689,0,0,0,0,EUR,,MONE,SELL,ACTI,,,1000,1000,1000,,,,,,,,,,T10061867,,,,
SYNTHLEI0000000E0005,FALSE,NONE,ALGOPT,,,MTCH,FALSE,2025-07-11T07:29:23.952610Z,DAVY,VFCR,2025-07-11T23:59:59.999999Z,2025-07-11T07:29:23.952610Z,,149,XMKT,JULT,ZZ0000000110,2025-07-11T07:29:23.952610Z,100618,REME,L,LMTO,11.3645,,,,,EUR,,MONE,SELL,ACTI,,,1000,1000,1000,,,,,,,,,,T10061867,,,,
SYNTHLEI0000000E0005,FALSE,NONE,ALGOPT,,,MTCH,FALSE,2025-07-11T07:29:27.896610Z,DAVY,VFCR,2025-07-11T23:59:59.999999Z,2025-07-11T07:29:27.896610Z,,150,XMKT,JULT,ZZ0000000110,2025-07-11T07:29:27.896610Z,100618,CAME,L,LMTO,,,,,,EUR,,MONE,SELL,,,,1000,0,0,,,,,,,,,,T10061867,,,,
SYNTHLEI0000000H0008,TRUE,CL1025,NONE,,,AOTC,FALSE,2025-07-11T07:30:10.200281Z,DAVY,VFAR,2025-07-11T23:59:59.999999Z,2025-07-11T07:26:27.200281Z,,151,XMKT,DLTA,ZZ0000000104,2025-07-11T07:30:10.200281Z,100319,PARF,L,,,,,,3.1379,EUR,,MONE,BUYI,,,,,25,,35,,,,,AGRE,,,,T10031944,,,,
SYNTHLEI0000000C0003,FALSE,CL1028,NONE,,,DEAL,FALSE,2025-07-11T07:30:11.054342Z,DAVY,VFAR,2025-07-11T23:59:59.999999Z,2025-07-11T07:30:11.054342Z,,152,XDRV,FTSE25T4900,ZV0000000201,2025-07-11T07:30:11.054342Z,100115,REME,L,LMTO,108.0653,,,,,EUR,,MONE,SELL,ACTI,,,20,20,20,,,,,,,,,,T10011519,,,,
SYNTHLEI0000000H0008,FALSE,NONE,ALGOPT,,,DEAL,TRUE,2025-07-11T07:30:24.495590Z,DAVY,VFAR,2025-07-11T23:59:59.999999Z,2025-07-11T07:30:24.495590Z,,153,XMKT,GOLF,ZZ0000000107,2025-07-11T07:30:24.495590Z,100411,REME,L,LMTO,4.1723,,,,,EUR,,MONE,BUYI,ACTI,,,40,40,40,,,,,,,,,,T10041159,,,,
SYNTHLEI0000000C0003,FALSE,CL1001,NONE,,,DEAL,TRUE,2025-07-11T07:30:34.017962Z,DAVY,,2025-07-11T23:59:59.999999Z,2025-07-11T07:30:34.017962Z,,154,XMKT,JULT,ZZ0000000110,2025-07-11T07:30:34.017962Z,100431,NEWO,L,LMTO,11.3981,0,0,0,0,EUR,,MONE,SELL,ACTI,,,500,500,500,,,,,,,,,,T10043187,,,,
SYNTHLEI0000000H0008,FALSE,CL1000,NONE,,,DEAL,TRUE,2025-07-11T07:30:41.385268Z,IOCV,VFAR,9999-12-31T23:59:59.999999Z,2025-07-11T07:27:09.385268Z,,155,XMKT,INDX,ZZ0000000109,2025-07-11T07:30:41.385268Z,100093,PARF,L,,,,,,0.4653,EUR,,MONE,SELL,,,,,11,,9,,,,,PASV,,,,T10009349,,,,
SYNTHLEI0000000D0004,TRUE,NONE,ALGOPT,,,MTCH,FALSE,2025-07-11T07:31:22.089258Z,DAVY,VFAR,2025-07-11T23:59:59.999999Z,2025-07-11T07:31:22.089258Z,,156,XMKT,GOLF,ZZ0000000107,2025-07-11T07:31:22.089258Z,100112,CAME,L,,,,,,,EUR,,MONE,SELL,,,,200,0,0,,,,,,,,,,T10011279,,,,
SYNTHLEI0000000B0002,FALSE,CL1023,NONE,,,MTCH,FALSE,2025-07-11T07:31:38.749405Z,IOCV,VFAR,9999-12-31T23:59:59.999999Z,2025-07-11T07:31:38.749405Z,,157,XMKT,HOTL,ZZ0000000108,2025-07-11T07:31:38.749405Z,100225,NEWO,L,LMTO,3.1837,0,0,0,0,EUR,,MONE,BUYI,ACTI,,,5,5,5,,,,,,,,,,T10022585,,,,
SYNTHLEI0000000C0003,FALSE,CL1007,NONE,,,MTCH,FALSE,2025-07-11T07:31:39.484021Z,GTDV,VFCR,2025-07-11T23:59:59.999999Z,2025-07-11T07:22:29.484021Z,,158,XMKT,ABLE,ZZ0000000101,2025-07-11T07:31:39.484021Z,100254,FILL,L,,,,,,6.4871,EUR,,MONE,BUYI,,,,,0,,4,,,,,PASV,,,,T10025423,,,,
SYNTHLEI0000000B0002,FALSE,NONE,ALGOPT,,,MTCH,FALSE,2025-07-11T07:31:43.913379Z,DAVY,VFCR,2025-07-11T23:59:59.999999Z,2025-07-11T07:31:43.913379Z,,159,XDRV,FTSE25T4900,ZV0000000201,2025-07-11T07:31:43.913379Z,100526,CAME,L,,,,,,,EUR,,MONE,SELL,,,,20,0,0,,,,,,,,,,T10052657,,,,
SYNTHLEI0000000C0003,FALSE,CL1001,NONE,,,DEAL,TRUE,2025-07-11T07:31:48.017962Z,DAVY,,2025-07-11T23:59:59.999999Z,2025-07-11T07:30:34.017962Z,,160,XMKT,JULT,ZZ0000000110,2025-07-11T07:31:48.017962Z,100431,PARF,L,,,,,,11.3981,EUR,,MONE,SELL,,,,,352,,148,,,,,AGRE,,,,T10043187,,,,
SYNTHLEI0000000A0001,FALSE,CL1013,NONE,,,AOTC,FALSE,2025-07-11T07:32:10.738362Z,GTDV,VFAR,2025-07-11T23:59:59.999999Z,2025-07-11T07:32:10.738362Z,,161,XMKT,ABLE,ZZ0000000101,2025-07-11T07:32:10.738362Z,100371,CAME,S,,,,,,,EUR,,MONE,SELL,,,,3000,0,0,,,,,,,,,,T10037116,,,,
SYNTHLEI0000000A0001,FALSE,CL1012,NONE,,,DEAL,FALSE,2025-07-11T07:32:18.554568Z,GTCV,VFAR,9999-12-31T23:59:59.999999Z,2025-07-11T07:32:18.554568Z,,162,XMKT,INDX,ZZ0000000109,2025-07-11T07:32:18.554568Z,100289,REME,L,LMTO,0.4642,,,,,EUR,,MONE,SELL,ACTI,,,150,150,150,,,,,,,,,,T10028990,,,,
SYNTHLEI0000000A0001,FALSE,NONE,ALGO1,,,DEAL,TRUE,2025-07-11T07:32:30.414450Z,IOCV,VFAR,9999-12-31T23:59:59.999999Z,2025-07-11T07:32:30.414450Z,,163,XMKT,INDX,ZZ0000000109,2025-07-11T07:32:30.414450Z,100569,NEWO,L,LMTO,0.4632,0,0,0,0,EUR,,MONE,BUYI,ACTI,,,100,100,100,,,,,,,,,,T10056941,,,,
SYNTHLEI0000000B0002,FALSE,NONE,ALGO1,,,MTCH,FALSE,2025-07-11T07:32:50.913716Z,DAVY,,2025-07-11T23:59:59.999999Z,2025-07-11T07:32:50.913716Z,,164,XMKT,HOTL,ZZ0000000108,2025-07-11T07:32:50.913716Z,100196,NEWO,L,LMTO,3.1812,0,0,0,0,EUR,,MONE,BUYI,ACTI,,,500,500,500,,,,,,,,,,T10019631,,,,
SYNTHLEI0000000B0002,FALSE,CL1020,NONE,,,AOTC,FALSE,2025-07-11T07:32:53.127949Z,GTDV,VFAR,2025-07-11T23:59:59.999999Z,2025-07-11T07:32:53.127949Z,,165,XDRV,OPT25G15.00,ZV0000000202,2025-07-11T07:32:53.127949Z,100125,NEWO,L,LMTO,0.4557,0,0,0,0,EUR,,MONE,BUYI,ACTI,,,10,10,10,,,,,,,,,,T10012577,,,,
SYNTHLEI0000000E0005,FALSE,CL1004,NONE,,,DEAL,TRUE,2025-07-11T07:33:04.991804Z,DAVY,VFAR,2025-07-11T23:59:59.999999Z,2025-07-11T07:22:16.991804Z,,166,XMKT,INDX,ZZ0000000109,2025-07-11T07:33:04.991804Z,100350,FILL,L,,,,,,0.4637,EUR,,MONE,SELL,,,,,0,,606,,,,,AGRE,,,,T10035027,,,,
SYNTHLEI0000000H0008,TRUE,CL1025,NONE,,,AOTC,FALSE,2025-07-11T07:33:41.200281Z,DAVY,VFAR,2025-07-11T23:59:59.999999Z,2025-07-11T07:26:27.200281Z,,167,XMKT,DLTA,ZZ0000000104,2025-07-11T07:33:41.200281Z,100319,PARF,L,,,,,,3.1379,EUR,,MONE,BUYI,,,,,16,,9,,,,,PASV,,,,T10031944,,,,
SYNTHLEI0000000B0002,FALSE,CL1030,NONE,,,AOTC,FALSE,2025-07-11T07:33:43.096298Z,GTCV,VFAR,9999-12-31T23:59:59.999999Z,2025-07-11T07:33:43.096298Z,,168,XMKT,ABLE,ZZ0000000101,2025-07-11T07:33:43.096298Z,100209,CAME,L,,,,,,,EUR,,MONE,SELL,,,,150,0,0,,,,,,,,,,T10020979,,,,
SYNTHLEI0000000A0001,FALSE,CL1030,NONE,,,AOTC,FALSE,2025-07-11T07:33:51.528743Z,IOCV,VFCR,9999-12-31T23:59:59.999999Z,2025-07-11T07:33:51.528743Z,,169,XMKT,ECHO,ZZ0000000105,2025-07-11T07:33:51.528743Z,100605,CAME,L,,,,,,,EUR,,MONE,BUYI,,,,60,0,0,,,,,,,,,,T10060577,,,,
SYNTHLEI0000000B0002,FALSE,CL1028,NONE,,,MTCH,FALSE,2025-07-11T07:34:07.490119Z,GTDV,VFCR,2025-07-11T23:59:59.999999Z,2025-07-11T07:34:07.490119Z,,170,XDRV,OPT25G15.00,ZV0000000202,2025-07-11T07:34:07.490119Z,100160,NEWO,L,LMTO,0.4558,0,0,0,0,EUR,,MONE,BUYI,ACTI,,,50,50,50,,,,,,,,,,T10016096,,,,
SYNTHLEI0000000A0001,FALSE,CL1012,NONE,,,DEAL,FALSE,2025-07-11T07:34:10.554568Z,GTCV,VFAR,9999-12-31T23:59:59.999999Z,2025-07-11T07:25:44.554568Z,,171,XMKT,INDX,ZZ0000000109,2025-07-11T07:34:10.554568Z,100289,FILL,L,,,,,,0.4642,EUR,,MONE,SELL,,,,,0,,150,,,,,PASV,,,,T10028990,,,,
SYNTHLEI0000000H0008,TRUE,NONE,ALGOPT,,,DEAL,FALSE,2025-07-11T07:34:20.205799Z,FOKV,VFAR,9999-12-31T23:59:59.999999Z,2025-07-11T07:34:20.205799Z,,172,XMKT,HOTL,ZZ0000000108,2025-07-11T07:34:20.205799Z,100562,NEWO,L,LMTO,3.1803,0,0,0,0,EUR,,MONE,BUYI,ACTI,,,150,150,150,,,,,,,,,,T10056233,,,,
SYNTHLEI0000000F0006,TRUE,CL1034,NONE,,,AOTC,FALSE,2025-07-11T07:34:29.516803Z,GTDV,VFAR,2025-07-11T23:59:59.999999Z,2025-07-11T07:34:29.516803Z,,173,XMKT,JULT,ZZ0000000110,2025-07-11T07:34:29.516803Z,100235,NEWO,L,LMTO,11.3821,0,0,0,0,EUR,,MONE,SELL,ACTI,,,1000,1000,1000,,,,,,,,,,T10023551,,,,
SYNTHLEI0000000F0006,TRUE,CL1034,NONE,,,AOTC,FALSE,2025-07-11T07:34:29.690803Z,GTDV,VFAR,2025-07-11T23:59:59.999999Z,2025-07-11T07:34:29.516803Z,,174,XMKT,JULT,ZZ0000000110,2025-07-11T07:34:29.690803Z,100235,CAME,L,LMTO,,,,,,EUR,,MONE,SELL,,,,1000,0,0,,,,,,,,,,T10023551,,,,
SYNTHLEI0000000B0002,FALSE,CL1023,NONE,,,MTCH,FALSE,2025-07-11T07:34:50.749405Z,IOCV,VFAR,9999-12-31T23:59:59.999999Z,2025-07-11T07:31:38.749405Z,,175,XMKT,HOTL,ZZ0000000108,2025-07-11T07:34:50.749405Z,100225,FILL,L,,,,,,3.1837,EUR,,MONE,BUYI,,,,,0,,5,,,,,AGRE,,,,T10022585,,,,
SYNTHLEI0000000A0001,FALSE,NONE,ALGOPT,,,DEAL,FALSE,2025-07-11T07:35:07.676759Z,GTCV,VFCR,9999-12-31T23:59:59.999999Z,2025-07-11T07:35:07.676759Z,,176,XMKT,FXTR,ZZ0000000106,2025-07-11T07:35:07.676759Z,100180,NEWO,L,LMTO,3.1926,0,0,0,0,EUR,,MONE,SELL,ACTI,,,60,60,60,,,,,,,,,,T10018023,,,,
SYNTHLEI0000000A0001,FALSE,CL1024,NONE,,,DEAL,TRUE,2025-07-11T07:35:08.383899Z,DAVY,VFAR,2025-07-11T23:59:59.999999Z,2025-07-11T07:35:08.383899Z,,177,XMKT,INDX,ZZ0000000109,2025-07-11T07:35:08.383899Z,100578,NEWO,L,LMTO,0.4644,0,0,0,0,EUR,,MONE,SELL,ACTI,,,200,200,200,,,,,,,,,,T10057849,,,,
SYNTHLEI0000000B0002,FALSE,CL1007,NONE,,,MTCH,FALSE,2025-07-11T07:35:12.706800Z,DAVY,VFCR,2025-07-11T23:59:59.999999Z,2025-07-11T07:35:12.706800Z,,178,XDRV,FTSE25T4900,ZV0000000201,2025-07-11T07:35:12.706800Z,100547,NEWO,L,LMTO,108.0901,0,0,0,0,EUR,,MONE,BUYI,ACTI,,,20,20,20,,,,,,,,,,T10054798,,,,
SYNTHLEI0000000A0001,FALSE,NONE,ALGOPT,,,DEAL,FALSE,2025-07-11T07:35:23.676759Z,GTCV,VFCR,9999-12-31T23:59:59.999999Z,2025-07-11T07:35:07.676759Z,,179,XMKT,FXTR,ZZ0000000106,2025-07-11T07:35:23.676759Z,100180,FILL,L,,,,,,3.1926,EUR,,MONE,SELL,,,,,0,,60,,,,,PASV,,,,T10018023,,,,
SYNTHLEI0000000D0004,TRUE,NONE,NONE,,,MTCH,FALSE,2025-07-11T07:35:43.536056Z,GTCV,VFAR,9999-12-31T23:59:59.999999Z,2025-07-11T07:35:43.536056Z,,180,XDRV,OPT25G15.00,ZV0000000202,2025-07-11T07:35:43.536056Z,100565,NEWO,L,LMTO,0.4562,0,0,0,0,EUR,,MONE,SELL,ACTI,,,50,50,50,,,,,,,,,,T10056540,,,,
SYNTHLEI0000000C0003,FALSE,CL1033,NONE,,,AOTC,FALSE,2025-07-11T07:35:45.679156Z,GTDV,VFAR,2025-07-11T23:59:59.999999Z,2025-07-11T07:35:45.679156Z,,181,XMKT,DLTA,ZZ0000000104,2025-07-11T07:35:45.679156Z,100294,NEWO,L,LMTO,3.1344,0,0,0,0,EUR,,MONE,SELL,ACTI,,,100,100,100,,,,,,,,,,T10029478,,,,
SYNTHLEI0000000H0008,FALSE,CL1000,NONE,,,DEAL,TRUE,2025-07-11T07:36:32.385268Z,IOCV,VFAR,9999-12-31T23:59:59.999999Z,2025-07-11T07:27:09.385268Z,,182,XMKT,INDX,ZZ0000000109,2025-07-11T07:36:32.385268Z,100093,PARF,L,,,,,,0.4653,EUR,,MONE,SELL,,,,,9,,2,,,,,PASV,,,,T10009349,,,,
SYNTHLEI0000000C0003,FALSE,CL1032,NONE,,,DEAL,FALSE,2025-07-11T07:36:39.954148Z,DAVY,VFCR,2025-07-11T23:59:59.999999Z,2025-07-11T07:36:39.954148Z,,183,XMKT,JULT,ZZ0000000110,2025-07-11T07:36:39.954148Z,100046,CAME,L,,,,,,,EUR,,MONE,SELL,,,,200,0,0,,,,,,,,,,T10004640,,,,
SYNTHLEI0000000G0007,FALSE,CL1025,NONE,,,DEAL,FALSE,2025-07-11T07:36:49.115974Z,DAVY,,2025-07-11T23:59:59.999999Z,2025-07-11T07:36:49.115974Z,,184,XMKT,ABLE,ZZ0000000101,2025-07-11T07:36:49.115974Z,100527,CAME,L,,,,,,,EUR,,MONE,BUYI,,,,1000,0,0,,,,,,,,,,T10052774,,,,
SYNTHLEI0000000A0001,FALSE,NONE,NONE,,,AOTC,FALSE,2025-07-11T07:36:57.309324Z,GTCV,VFCR,9999-12-31T23:59:59.999999Z,2025-07-11T07:36:57.309324Z,,185,XMKT,INDX,ZZ0000000109,2025-07-11T07:36:57.309324Z,100212,NEWO,L,LMTO,0.4642,0,0,0,0,EUR,,MONE,SELL,ACTI,,,60,60,60,,,,,,,,,,T10021294,,,,
SYNTHLEI0000000H0008,TRUE,CL1002,NONE,,,DEAL,TRUE,2025-07-11T07:37:11.377483Z,DAVY,,2025-07-11T23:59:59.999999Z,2025-07-11T07:37:11.377483Z,,186,XDRV,FTSE25T4900,ZV0000000201,2025-07-11T07:37:11.377483Z,100476,NEWO,L,LMTO,108.0546,0,0,0,0,EUR,,MONE,SELL,ACTI,,,5,5,5,,,,,,,,,,T10047688,,,,
SYNTHLEI0000000A0001,FALSE,NONE,NONE,,,AOTC,FALSE,2025-07-11T07:37:38.309324Z,GTCV,VFCR,9999-12-31T23:59:59.999999Z,2025-07-11T07:36:57.309324Z,,187,XMKT,INDX,ZZ0000000109,2025-07-11T07:37:38.309324Z,100212,PARF,L,,,,,,0.4642,EUR,,MONE,SELL,,,,,40,,20,,,,,PASV,,,,T10021294,,,,
SYNTHLEI0000000B0002,FALSE,CL1028,NONE,,,MTCH,FALSE,2025-07-11T07:37:40.490119Z,GTDV,VFCR,2025-07-11T23:59:59.999999Z,2025-07-11T07:34:07.490119Z,,188,XDRV,OPT25G15.00,ZV0000000202,2025-07-11T07:37:40.490119Z,100160,FILL,L,,,,,,0.4558,EUR,,MONE,BUYI,,,,,0,,50,,,,,AGRE,,,,T10016096,,,,
SYNTHLEI0000000C0003,FALSE,CL1001,NONE,,,DEAL,TRUE,2025-07-11T07:38:03.017962Z,DAVY,,2025-07-11T23:59:59.999999Z,2025-07-11T07:38:03.017962Z,,189,XMKT,JULT,ZZ0000000110,2025-07-11T07:38:03.017962Z,100431,CAME,L,,,,,,,EUR,,MONE,SELL,,,,500,0,0,,,,,,,,,,T10043187,,,,
SYNTHLEI0000000B0002,FALSE,CL1020,NONE,,,AOTC,FALSE,2025-07-11T07:38:05.127949Z,GTDV,VFAR,2025-07-11T23:59:59.999999Z,2025-07-11T07:32:53.127949Z,,190,XDRV,OPT25G15.00,ZV0000000202,2025-07-11T07:38:05.127949Z,100125,FILL,L,,,,,,0.4557,EUR,,MONE,BUYI,,,,,0,,10,,,,,AGRE,,,,T10012577,,,,
SYNTHLEI0000000C0003,FALSE,CL1004,NONE,,,AOTC,FALSE,2025-07-11T07:38:21.692416Z,DAVY,VFAR,2025-07-11T23:59:59.999999Z,2025-07-11T07:38:21.692416Z,,191,XDRV,OPT25G15.00,ZV0000000202,2025-07-11T07:38:21.692416Z,100637,NEWO,L,LMTO,0.4554,0,0,0,0,EUR,,MONE,SELL,ACTI,,,2,2,2,,,,,,,,,,T10063764,,,,
SYNTHLEI0000000A0001,FALSE,NONE,ALGO1,,,DEAL,TRUE,2025-07-11T07:38:36.414450Z,IOCV,VFAR,9999-12-31T23:59:59.999999Z,2025-07-11T07:32:30.414450Z,,192,XMKT,INDX,ZZ0000000109,2025-07-11T07:38:36.414450Z,100569,FILL,L,,,,,,0.4632,EUR,,MONE,BUYI,,,,,0,,100,,,,,PASV,,,,T10056941,,,,
SYNTHLEI0000000D0004,FALSE,NONE,NONE,,,DEAL,FALSE,2025-07-11T07:39:04.088368Z,GTCV,VFAR,9999-12-31T23:59:59.999999Z,2025-07-11T07:39:04.088368Z,,193,XMKT,HOTL,ZZ0000000108,2025-07-11T07:39:04.088368Z,100286,NEWO,L,LMTO,3.18,0,0,0,0,EUR,,MONE,BUYI,ACTI,,,3000,3000,3000,,,,,,,,,,T10028631,,,,
SYNTHLEI0000000G0007,FALSE,CL1019,NONE,,,DEAL,FALSE,2025-07-11T07:39:04.115706Z,DAVY,VFAR,2025-07-11T23:59:59.999999Z,2025-07-11T07:39:04.115706Z,,194,XMKT,HOTL,ZZ0000000108,2025-07-11T07:39:04.115706Z,100277,NEWO,L,LMTO,3.0344,0,0,0,0,EUR,,MONE,BUYI,ACTI,,,1000,1000,1000,,,,,,,,,,T10027771,,,,
SYNTHLEI0000000A0001,FALSE,NONE,NONE,,,AOTC,FALSE,2025-07-11T07:39:11.309324Z,GTCV,VFCR,9999-12-31T23:59:59.999999Z,2025-07-11T07:39:11.309324Z,,195,XMKT,INDX,ZZ0000000109,2025-07-11T07:39:11.309324Z,100212,CAME,L,,,,,,,EUR,,MONE,SELL,,,,60,0,0,,,,,,,,,,T10021294,,,,
SYNTHLEI0000000C0003,FALSE,CL1004,NONE,,,AOTC,FALSE,2025-07-11T07:39:14.692416Z,DAVY,VFAR,2025-07-11T23:59:59.999999Z,2025-07-11T07:38:21.692416Z,,196,XDRV,OPT25G15.00,ZV0000000202,2025-07-11T07:39:14.692416Z,100637,PARF,L,,,,,,0.4554,EUR,,MONE,SELL,,,,,1,,1,,,,,AGRE,,,,T10063764,,,,
SYNTHLEI0000000C0003,FALSE,NONE,ALGO1,,,MTCH,FALSE,2025-07-11T07:39:20.432846Z,GTCV,VFCR,9999-12-31T23:59:59.999999Z,2025-07-11T07:39:20.432846Z,,197,XMKT,FXTR,ZZ0000000106,2025-07-11T07:39:20.432846Z,100237,NEWO,L,LMTO,3.1901,0,0,0,0,EUR,,MONE,BUYI,ACTI,,,3000,3000,3000,,,,,,,,,,T10023798,,,,
SYNTHLEI0000000D0004,TRUE,NONE,NONE,,,MTCH,FALSE,2025-07-11T07:39:30.536056Z,GTCV,VFAR,9999-12-31T23:59:59.999999Z,2025-07-11T07:39:30.536056Z,,198,XDRV,OPT25G15.00,ZV0000000202,2025-07-11T07:39:30.536056Z,100565,REME,L,LMTO,0.4561,,,,,EUR,,MONE,SELL,ACTI,,,50,50,50,,,,,,,,,,T10056540,,,,
SYNTHLEI0000000D0004,FALSE,CL1002,NONE,,,DEAL,FALSE,2025-07-11T07:39:44.202546Z,DAVY,VFCR,2025-07-11T23:59:59.999999Z,2025-07-11T07:39:44.202546Z,,199,XMKT,CHRL,ZZ0000000103,2025-07-11T07:39:44.202546Z,100557,NEWO,L,LMTO,16.2697,0,0,0,0,EUR,,MONE,BUYI,ACTI,,,150,150,150,,,,,,,,,,T10055712,,,,
SYNTHLEI0000000H0008,TRUE,CL1025,NONE,,,AOTC,FALSE,2025-07-11T07:40:12.200281Z,DAVY,VFAR,2025-07-11T23:59:59.999999Z,2025-07-11T07:26:27.200281Z,,200,XMKT,DLTA,ZZ0000000104,2025-07-11T07:40:12.200281Z,100319,FILL,L,,,,,,3.1379,EUR,,MONE,BUYI,,,,,0,,16,,,,,AGRE,,,,T10031944,,,,
SYNTHLEI0000000H0008,FALSE,CL1000,NONE,,,DEAL,TRUE,2025-07-11T07:40:16.385268Z,IOCV,VFAR,9999-12-31T23:59:59.999999Z,2025-07-11T07:27:09.385268Z,,201,XMKT,INDX,ZZ0000000109,2025-07-11T07:40:16.385268Z,100093,FILL,L,,,,,,0.4653,EUR,,MONE,SELL,,,,,0,,9,,,,,PASV,,,,T10009349,,,,
SYNTHLEI0000000F0006,FALSE,CL1038,NONE,,,AOTC,FALSE,2025-07-11T07:40:53.094190Z,GTCV,VFCR,9999-12-31T23:59:59.999999Z,2025-07-11T07:40:53.094190Z,,202,XMKT,FXTR,ZZ0000000106,2025-07-11T07:40:53.094190Z,100387,NEWO,L,LMTO,3.1898,0,0,0,0,EUR,,MONE,SELL,ACTI,,,150,150,150,,,,,,,,,,T10038799,,,,
SYNTHLEI0000000F0006,FALSE,CL1038,NONE,,,AOTC,FALSE,2025-07-11T07:40:53.676190Z,GTCV,VFCR,9999-12-31T23:59:59.999999Z,2025-07-11T07:40:53.094190Z,,203,XMKT,FXTR,ZZ0000000106,2025-07-11T07:40:53.676190Z,100387,CAME,L,LMTO,,,,,,EUR,,MONE,SELL,,,,150,0,0,,,,,,,,,,T10038799,,,,
SYNTHLEI0000000D0004,FALSE,CL1002,NONE,,,MTCH,FALSE,2025-07-11T07:40:54.631168Z,DAVY,VFAR,2025-07-11T23:59:59.999999Z,2025-07-11T07:40:54.631168Z,,204,XMKT,ABLE,ZZ0000000101,2025-07-11T07:40:54.631168Z,100475,NEWO,L,LMTO,6.5035,0,0,0,0,EUR,,MONE,BUYI,ACTI,,,1000,1000,1000,,,,,,,,,,T10047568,,,,
SYNTHLEI0000000H0008,TRUE,NONE,ALGOPT,,,DEAL,FALSE,2025-07-11T07:41:00.205799Z,FOKV,VFAR,9999-12-31T23:59:59.999999Z,2025-07-11T07:34:20.205799Z,,205,XMKT,HOTL,ZZ0000000108,2025-07-11T07:41:00.205799Z,100562,FILL,L,,,,,,3.1803,EUR,,MONE,BUYI,,,,,0,,150,,,,,AGRE,,,,T10056233,,,,
SYNTHLEI0000000D0004,FALSE,CL1026,NONE,,,DEAL,FALSE,2025-07-11T07:41:14.169537Z,GTDV,,2025-07-11T23:59:59.999999Z,2025-07-11T07:41:14.169537Z,,206,XMKT,BRVO,ZZ0000000102,2025-07-11T07:41:14.169537Z,100493,NEWO,L,LMTO,2.0825,0,0,0,0,EUR,,MONE,SELL,ACTI,,,150,150,150,,,,,,,,,,T10049347,,,,
SYNTHLEI0000000G0007,TRUE,CL1021,NONE,,,AOTC,FALSE,2025-07-11T07:41:35.188684Z,DAVY,VFCR,2025-07-11T23:59:59.999999Z,2025-07-11T07:41:35.188684Z,,207,XMKT,CHRL,ZZ0000000103,2025-07-11T07:41:35.188684Z,100127,NEWO,L,LMTO,16.2586,0,0,0,0,EUR,,MONE,SELL,ACTI,,,1500,1500,1500,,,,,,,,,,T10012734,,,,
SYNTHLEI0000000C0003,FALSE,CL1022,NONE,,,AOTC,FALSE,2025-07-11T07:42:04.305068Z,GTCV,VFAR,9999-12-31T23:59:59.999999Z,2025-07-11T07:42:04.305068Z,,208,XMKT,DLTA,ZZ0000000104,2025-07-11T07:42:04.305068Z,100401,NEWO,L,LMTO,3.1363,0,0,0,0,EUR,,MONE,BUYI,ACTI,,,40,40,40,,,,,,,,,,T10040166,,,,
SYNTHLEI0000000D0004,FALSE,CL1002,NONE,,,DEAL,FALSE,2025-07-11T07:42:23.202546Z,DAVY,VFCR,2025-07-11T23:59:59.999999Z,2025-07-11T07:39:44.202546Z,,209,XMKT,CHRL,ZZ0000000103,2025-07-11T07:42:23.202546Z,100557,FILL,L,,,,,,16.2697,EUR,,MONE,BUYI,,,,,0,,150,,,,,PASV,,,,T10055712,,,,
SYNTHLEI0000000G0007,TRUE,CL1001,NONE,,,AOTC,FALSE,2025-07-11T07:42:30.604275Z,GTCV,VFAR,9999-12-31T23:59:59.999999Z,2025-07-11T07:42:30.604275Z,,210,XMKT,CHRL,ZZ0000000103,2025-07-11T07:42:30.604275Z,100169,NEWO,L,LMTO,16.635,0,0,0,0,EUR,,MONE,BUYI,ACTI,,,200,200,200,,,,,,,,,,T10016953,,,,
SYNTHLEI0000000C0003,FALSE,CL1022,NONE,,,AOTC,FALSE,2025-07-11T07:42:35.305068Z,GTCV,VFAR,9999-12-31T23:59:59.999999Z,2025-07-11T07:42:35.305068Z,,211,XMKT,DLTA,ZZ0000000104,2025-07-11T07:42:35.305068Z,100401,REME,L,LMTO,3.1368,,,,,EUR,,MONE,BUYI,ACTI,,,40,40,40,,,,,,,,,,T10040166,,,,
SYNTHLEI0000000C0003,FALSE,NONE,ALGO1,,,MTCH,FALSE,2025-07-11T07:42:46.432846Z,GTCV,VFCR,9999-12-31T23:59:59.999999Z,2025-07-11T07:39:20.432846Z,,212,XMKT,FXTR,ZZ0000000106,2025-07-11T07:42:46.432846Z,100237,PARF,L,,,,,,3.1901,EUR,,MONE,BUYI,,,,,1595,,1405,,,,,AGRE,,,,T10023798,,,,
SYNTHLEI0000000C0003,FALSE,CL1033,NONE,,,AOTC,FALSE,2025-07-11T07:42:50.679156Z,GTDV,VFAR,2025-07-11T23:59:59.999999Z,2025-07-11T07:42:50.679156Z,,213,XMKT,DLTA,ZZ0000000104,2025-07-11T07:42:50.679156Z,100294,REME,L,LMTO,3.1326,,,,,EUR,,MONE,SELL,ACTI,,,100,100,100,,,,,,,,,,T10029478,,,,
SYNTHLEI0000000G0007,FALSE,CL1019,NONE,,,DEAL,FALSE,2025-07-11T07:42:52.115706Z,DAVY,VFAR,2025-07-11T23:59:59.999999Z,2025-07-11T07:39:04.115706Z,,214,XMKT,HOTL,ZZ0000000108,2025-07-11T07:42:52.115706Z,100277,PARF,L,,,,,,3.0344,EUR,,MONE,BUYI,,,,,432,,568,,,,,AGRE,,,,T10027771,,,,
SYNTHLEI0000000B0002,FALSE,CL1005,NONE,,,MTCH,FALSE,2025-07-11T07:42:52.396754Z,GTCV,VFCR,9999-12-31T23:59:59.999999Z,2025-07-11T07:42:52.396754Z,,215,XMKT,JULT,ZZ0000000110,2025-07-11T07:42:52.396754Z,100167,NEWO,L,LMTO,11.3907,0,0,0,0,EUR,,MONE,BUYI,ACTI,,,200,200,200,,,,,,,,,,T10016768,,,,
SYNTHLEI0000000E0005,FALSE,NONE,ALGO1,,,AOTC,FALSE,2025-07-11T07:43:09.197703Z,DAVY,VFAR,2025-07-11T23:59:59.999999Z,2025-07-11T07:43:09.197703Z,,216,XMKT,CHRL,ZZ0000000103,2025-07-11T07:43:09.197703Z,100264,NEWO,L,LMTO,16.2287,0,0,0,0,EUR,,MONE,BUYI,ACTI,,,40,40,40,,,,,,,,,,T10026482,,,,
SYNTHLEI0000000B0002,FALSE,CL1007,NONE,,,MTCH,FALSE,2025-07-11T07:43:10.706800Z,DAVY,VFCR,2025-07-11T23:59:59.999999Z,2025-07-11T07:43:10.706800Z,,217,XDRV,FTSE25T4900,ZV0000000201,2025-07-11T07:43:10.706800Z,100547,REME,L,LMTO,108.0533,,,,,EUR,,MONE,BUYI,ACTI,,,20,20,20,,,,,,,,,,T10054798,,,,
SYNTHLEI0000000C0003,FALSE,CL1033,NONE,,,AOTC,FALSE,2025-07-11T07:43:28.679156Z,GTDV,VFAR,2025-07-11T23:59:59.999999Z,2025-07-11T07:35:45.679156Z,,218,XMKT,DLTA,ZZ0000000104,2025-07-11T07:43:28.679156Z,100294,PARF,L,,,,,,3.1326,EUR,,MONE,SELL,,,,,88,,12,,,,,PASV,,,,T10029478,,,,
SYNTHLEI0000000D0004,FALSE,NONE,ALGOPT,,,AOTC,FALSE,2025-07-11T07:43:29.322378Z,GTDV,VFAR,2025-07-11T23:59:59.999999Z,2025-07-11T07:43:29.322378Z,,219,XMKT,HOTL,ZZ0000000108,2025-07-11T07:43:29.322378Z,100266,NEWO,L,LMTO,3.1807,0,0,0,0,EUR,,MONE,BUYI,ACTI,,,3000,3000,3000,,,,,,,,,,T10026633,,,,
SYNTHLEI0000000A0001,FALSE,CL1024,NONE,,,DEAL,TRUE,2025-07-11T07:43:59.383899Z,DAVY,VFAR,2025-07-11T23:59:59.999999Z,2025-07-11T07:43:59.383899Z,,220,XMKT,INDX,ZZ0000000109,2025-07-11T07:43:59.383899Z,100578,REME,L,LMTO,0.4643,,,,,EUR,,MONE,SELL,ACTI,,,200,200,200,,,,,,,,,,T10057849,,,,
SYNTHLEI0000000D0004,TRUE,CL1017,NONE,,,MTCH,FALSE,2025-07-11T07:44:16.157121Z,FOKV,VFAR,9999-12-31T23:59:59.999999Z,2025-07-11T07:44:16.157121Z,,221,XDRV,OPT25G15.00,ZV0000000202,2025-07-11T07:44:16.157121Z,100588,NEWO,L,LMTO,0.4553,0,0,0,0,EUR,,MONE,SELL,ACTI,,,20,20,20,,,,,,,,,,T10058855,,,,
SYNTHLEI0000000G0007,FALSE,CL1033,NONE,,,AOTC,FALSE,2025-07-11T07:44:49.156820Z,IOCV,,9999-12-31T23:59:59.999999Z,2025-07-11T07:44:49.156820Z,,222,XMKT,CHRL,ZZ0000000103,2025-07-11T07:44:49.156820Z,100309,NEWO,L,LMTO,15.6578,0,0,0,0,EUR,,MONE,BUYI,ACTI,,,100,100,100,,,,,,,,,,T10030972,,,,
SYNTHLEI0000000D0004,FALSE,NONE,ALGOPT,,,AOTC,FALSE,2025-07-11T07:44:55.322378Z,GTDV,VFAR,2025-07-11T23:59:59.999999Z,2025-07-11T07:43:29.322378Z,,223,XMKT,HOTL,ZZ0000000108,2025-07-11T07:44:55.322378Z,100266,PARF,L,,,,,,3.1807,EUR,,MONE,BUYI,,,,,1311,,1689,,,,,AGRE,,,,T10026633,,,,
SYNTHLEI0000000C0003,FALSE,CL1022,NONE,,,AOTC,FALSE,2025-07-11T07:44:57.305068Z,GTCV,VFAR,9999-12-31T23:59:59.999999Z,2025-07-11T07:42:04.305068Z,,224,XMKT,DLTA,ZZ0000000104,2025-07-11T07:44:57.305068Z,100401,PARF,L,,,,,,3.1368,EUR,,MONE,BUYI,,,,,29,,11,,,,,PASV,,,,T10040166,,,,
SYNTHLEI0000000C0003,FALSE,CL1030,NONE,,,AOTC,FALSE,2025-07-11T07:45:03.894382Z,DAVY,VFAR,2025-07-11T23:59:59.999999Z,2025-07-11T07:45:03.894382Z,,225,XMKT,GOLF,ZZ0000000107,2025-07-11T07:45:03.894382Z,100059,NEWO,S,STOP,4.1734,0,4.2617,0,0,EUR,,MONE,SELL,ACTI,,,1500,1500,1500,,,,,,,,,,T10005937,,,,
SYNTHLEI0000000C0003,FALSE,CL1004,NONE,,,AOTC,FALSE,2025-07-11T07:45:05.692416Z,DAVY,VFAR,2025-07-11T23:59:59.999999Z,2025-07-11T07:38:21.692416Z,,226,XDRV,OPT25G15.00,ZV0000000202,2025-07-11T07:45:05.692416Z,100637,FILL,L,,,,,,0.4554,EUR,,MONE,SELL,,,,,0,,1,,,,,AGRE,,,,T10063764,,,,
SYNTHLEI0000000G0007,FALSE,CL1019,NONE,,,DEAL,FALSE,2025-07-11T07:45:23.115706Z,DAVY,VFAR,2025-07-11T23:59:59.999999Z,2025-07-11T07:39:04.115706Z,,227,XMKT,HOTL,ZZ0000000108,2025-07-11T07:45:23.115706Z,100277,FILL,L,,,,,,3.0344,EUR,,MONE,BUYI,,,,,0,,432,,,,,PASV,,,,T10027771,,,,
SYNTHLEI0000000D0004,FALSE,NONE,NONE,,,DEAL,FALSE,2025-07-11T07:45:32.088368Z,GTCV,VFAR,9999-12-31T23:59:59.999999Z,2025-07-11T07:39:04.088368Z,,228,XMKT,HOTL,ZZ0000000108,2025-07-11T07:45:32.088368Z,100286,FILL,L,,,,,,3.18,EUR,,MONE,BUYI,,,,,0,,3000,,,,,PASV,,,,T10028631,,,,
SYNTHLEI0000000G0007,TRUE,CL1001,NONE,,,AOTC,FALSE,2025-07-11T07:45:56.604275Z,GTCV,VFAR,9999-12-31T23:59:59.999999Z,2025-07-11T07:45:56.604275Z,,229,XMKT,CHRL,ZZ0000000103,2025-07-11T07:45:56.604275Z,100169,REME,L,LMTO,16.6491,,,,,EUR,,MONE,BUYI,ACTI,,,200,200,200,,,,,,,,,,T10016953,,,,
SYNTHLEI0000000G0007,TRUE,CL1021,NONE,,,AOTC,FALSE,2025-07-11T07:46:03.188684Z,DAVY,VFCR,2025-07-11T23:59:59.999999Z,2025-07-11T07:41:35.188684Z,,230,XMKT,CHRL,ZZ0000000103,2025-07-11T07:46:03.188684Z,100127,FILL,L,,,,,,16.2586,EUR,,MONE,SELL,,,,,0,,1500,,,,,PASV,,,,T10012734,,,,
SYNTHLEI0000000D0004,FALSE,CL1026,NONE,,,DEAL,FALSE,2025-07-11T07:46:17.169537Z,GTDV,,2025-07-11T23:59:59.999999Z,2025-07-11T07:41:14.169537Z,,231,XMKT,BRVO,ZZ0000000102,2025-07-11T07:46:17.169537Z,100493,FILL,L,,,,,,2.0825,EUR,,MONE,SELL,,,,,0,,150,,,,,AGRE,,,,T10049347,,,,
SYNTHLEI0000000E0005,FALSE,CL1039,NONE,,,AOTC,FALSE,2025-07-11T07:46:26.879204Z,FOKV,VFAR,9999-12-31T23:59:59.999999Z,2025-07-11T07:46:26.879204Z,,232,XMKT,CHRL,ZZ0000000103,2025-07-11T07:46:26.879204Z,100494,NEWO,M,LMTO,0,0,0,0,0,EUR,,MONE,SELL,ACTI,,,3000,3000,3000,,,,,,,,,,T10049485,,,,
SYNTHLEI0000000E0005,FALSE,CL1039,NONE,,,AOTC,FALSE,2025-07-11T07:46:28.818204Z,FOKV,VFAR,9999-12-31T23:59:59.999999Z,2025-07-11T07:46:28.818204Z,,233,XMKT,CHRL,ZZ0000000103,2025-07-11T07:46:28.818204Z,100494,REME,M,LMTO,16.2683,,,,,EUR,,MONE,SELL,ACTI,,,3000,3000,3000,,,,,,,,,,T10049485,,,,
SYNTHLEI0000000E0005,FALSE,CL1039,NONE,,,AOTC,FALSE,2025-07-11T07:46:29.983204Z,FOKV,VFAR,9999-12-31T23:59:59.999999Z,2025-07-11T07:46:29.983204Z,,234,XMKT,CHRL,ZZ0000000103,2025-07-11T07:46:29.983204Z,100494,REME,M,LMTO,16.2582,,,,,EUR,,MONE,SELL,ACTI,,,3000,3000,3000,,,,,,,,,,T10049485,,,,
SYNTHLEI0000000E0005,FALSE,CL1039,NONE,,,AOTC,FALSE,2025-07-11T07:46:32.565204Z,FOKV,VFAR,9999-12-31T23:59:59.999999Z,2025-07-11T07:46:32.565204Z,,235,XMKT,CHRL,ZZ0000000103,2025-07-11T07:46:32.565204Z,100494,CAME,M,LMTO,,,,,,EUR,,MONE,SELL,,,,3000,0,0,,,,,,,,,,T10049485,,,,
SYNTHLEI0000000H0008,TRUE,CL1027,NONE,,,MTCH,FALSE,2025-07-11T07:47:02.172365Z,GTCV,VFCR,9999-12-31T23:59:59.999999Z,2025-07-11T07:47:02.172365Z,,236,XMKT,CHRL,ZZ0000000103,2025-07-11T07:47:02.172365Z,100468,CAME,L,,,,,,,EUR,,MONE,BUYI,,,,200,0,0,,,,,,,,,,T10046893,,,,
SYNTHLEI0000000D0004,FALSE,CL1018,NONE,,,AOTC,FALSE,2025-07-11T07:47:12.654918Z,GTDV,VFAR,2025-07-11T23:59:59.999999Z,2025-07-11T07:47:12.654918Z,,237,XMKT,JULT,ZZ0000000110,2025-07-11T07:47:12.654918Z,100518,NEWO,L,LMTO,11.398,0,0,0,0,EUR,,MONE,SELL,ACTI,,,1000,1000,1000,,,,,,,,,,T10051857,,,,
SYNTHLEI0000000C0003,FALSE,NONE,NONE,,,DEAL,FALSE,2025-07-11T07:47:18.130093Z,GTCV,VFCR,9999-12-31T23:59:59.999999Z,2025-07-11T07:47:18.130093Z,,238,XMKT,GOLF,ZZ0000000107,2025-07-11T07:47:18.130093Z,100481,NEWO,L,LMTO,4.1715,0,0,0,0,EUR,,MONE,BUYI,ACTI,,,3000,3000,3000,,,,,,,,,,T10048181,,,,
SYNTHLEI0000000B0002,FALSE,CL1032,NONE,,,DEAL,TRUE,2025-07-11T07:47:20.928508Z,DAVY,VFCR,2025-07-11T23:59:59.999999Z,2025-07-11T07:47:20.928508Z,,239,XMKT,BRVO,ZZ0000000102,2025-07-11T07:47:20.928508Z,100251,NEWO,L,LMTO,2.0834,0,0,0,0,EUR,,MONE,SELL,ACTI,,,500,500,500,,,,,,,,,,T10025187,,,,
SYNTHLEI0000000B0002,FALSE,CL1007,NONE,,,MTCH,FALSE,2025-07-11T07:48:02.706800Z,DAVY,VFCR,2025-07-11T23:59:59.999999Z,2025-07-11T07:35:12.706800Z,,240,XDRV,FTSE25T4900,ZV0000000201,2025-07-11T07:48:02.706800Z,100547,FILL,L,,,,,,108.0533,EUR,,MONE,BUYI,,,,,0,,20,,,,,AGRE,,,,T10054798,,,,
SYNTHLEI0000000D0004,FALSE,NONE,ALGOPT,,,AOTC,FALSE,2025-07-11T07:48:30.322378Z,GTDV,VFAR,2025-07-11T23:59:59.999999Z,2025-07-11T07:43:29.322378Z,,241,XMKT,HOTL,ZZ0000000108,2025-07-11T07:48:30.322378Z,100266,FILL,L,,,,,,3.1807,EUR,,MONE,BUYI,,,,,0,,1311,,,,,AGRE,,,,T10026633,,,,
SYNTHLEI0000000D0004,TRUE,NONE,NONE,,,MTCH,FALSE,2025-07-11T07:48:36.536056Z,GTCV,VFAR,9999-12-31T23:59:59.999999Z,2025-07-11T07:48:36.536056Z,,242,XDRV,OPT25G15.00,ZV0000000202,2025-07-11T07:48:36.536056Z,100565,CAME,L,,,,,,,EUR,,MONE,SELL,,,,50,0,0,,,,,,,,,,T10056540,,,,
SYNTHLEI0000000E0005,FALSE,NONE,ALGO1,,,AOTC,FALSE,2025-07-11T07:48:59.197703Z,DAVY,VFAR,2025-07-11T23:59:59.999999Z,2025-07-11T07:43:09.197703Z,,243,XMKT,CHRL,ZZ0000000103,2025-07-11T07:48:59.197703Z,100264,PARF,L,,,,,,16.2287,EUR,,MONE,BUYI,,,,,32,,8,,,,,AGRE,,,,T10026482,,,,
SYNTHLEI0000000C0003,FALSE,CL1022,NONE,,,AOTC,FALSE,2025-07-11T07:49:09.305068Z,GTCV,VFAR,9999-12-31T23:59:59.999999Z,2025-07-11T07:42:04.305068Z,,244,XMKT,DLTA,ZZ0000000104,2025-07-11T07:49:09.305068Z,100401,FILL,L,,,,,,3.1368,EUR,,MONE,BUYI,,,,,0,,29,,,,,AGRE,,,,T10040166,,,,
SYNTHLEI0000000F0006,FALSE,NONE,ALGO1,,,AOTC,FALSE,2025-07-11T07:49:13.317617Z,GTCV,VFCR,9999-12-31T23:59:59.999999Z,2025-07-11T07:49:13.317617Z,,245,XMKT,ABLE,ZZ0000000101,2025-07-11T07:49:13.317617Z,100366,NEWO,L,LMTO,6.5001,0,0,0,0,EUR,,MONE,BUYI,ACTI,,,20,20,20,,,,,,,,,,T10036631,,,,
SYNTHLEI0000000F0006,FALSE,NONE,ALGO1,,,AOTC,FALSE,2025-07-11T07:49:13.426617Z,GTCV,VFCR,9999-12-31T23:59:59.999999Z,2025-07-11T07:49:13.317617Z,,246,XMKT,ABLE,ZZ0000000101,2025-07-11T07:49:13.426617Z,100366,CAME,L,LMTO,,,,,,EUR,,MONE,BUYI,,,,20,0,0,,,,,,,,,,T10036631,,,,
SYNTHLEI0000000B0002,FALSE,CL1032,NONE,,,AOTC,FALSE,2025-07-11T07:49:15.734760Z,DAVY,VFAR,2025-07-11T23:59:59.999999Z,2025-07-11T07:49:15.734760Z,,247,XDRV,FTSE25T4900,ZV0000000201,2025-07-11T07:49:15.734760Z,100343,CAME,L,,,,,,,EUR,,MONE,BUYI,,,,1,0,0,,,,,,,,,,T10034386,,,,
SYNTHLEI0000000D0004,FALSE,CL1002,NONE,,,MTCH,FALSE,2025-07-11T07:49:23.631168Z,DAVY,VFAR,2025-07-11T23:59:59.999999Z,2025-07-11T07:49:23.631168Z,,248,XMKT,ABLE,ZZ0000000101,2025-07-11T07:49:23.631168Z,100475,CAME,L,,,,,,,EUR,,MONE,BUYI,,,,1000,0,0,,,,,,,,,,T10047568,,,,
SYNTHLEI0000000A0001,FALSE,CL1024,NONE,,,DEAL,TRUE,2025-07-11T07:50:07.383899Z,DAVY,VFAR,2025-07-11T23:59:59.999999Z,2025-07-11T07:35:08.383899Z,,249,XMKT,INDX,ZZ0000000109,2025-07-11T07:50:07.383899Z,100578,PARF,L,,,,,,0.4643,EUR,,MONE,SELL,,,,,116,,84,,,,,AGRE,,,,T10057849,,,,
SYNTHLEI0000000B0002,FALSE,CL1032,NONE,,,DEAL,TRUE,2025-07-11T07:50:46.928508Z,DAVY,VFCR,2025-07-11T23:59:59.999999Z,2025-07-11T07:47:20.928508Z,,250,XMKT,BRVO,ZZ0000000102,2025-07-11T07:50:46.928508Z,100251,PARF,L,,,,,,2.0834,EUR,,MONE,SELL,,,,,340,,160,,,,,AGRE,,,,T10025187,,,,
SYNTHLEI0000000C0003,FALSE,NONE,ALGO1,,,MTCH,FALSE,2025-07-11T07:50:58.432846Z,GTCV,VFCR,9999-12-31T23:59:59.999999Z,2025-07-11T07:50:58.432846Z,,251,XMKT,FXTR,ZZ0000000106,2025-07-11T07:50:58.432846Z,100237,CAME,L,,,,,,,EUR,,MONE,BUYI,,,,3000,0,0,,,,,,,,,,T10023798,,,,
SYNTHLEI0000000F0006,FALSE,CL1022,NONE,,,AOTC,FALSE,2025-07-11T07:51:14.481721Z,GTDV,VFAR,2025-07-11T23:59:59.999999Z,2025-07-11T07:51:14.481721Z,,252,XMKT,CHRL,ZZ0000000103,2025-07-11T07:51:14.481721Z,100132,NEWO,L,LMTO,16.2384,0,0,0,0,EUR,,MONE,BUYI,ACTI,,,3000,3000,3000,,,,,,,,,,T10013296,,,,
SYNTHLEI0000000C0003,FALSE,CL1030,NONE,,,AOTC,FALSE,2025-07-11T07:51:40.894382Z,DAVY,VFAR,2025-07-11T23:59:59.999999Z,2025-07-11T07:45:03.894382Z,,253,XMKT,GOLF,ZZ0000000107,2025-07-11T07:51:40.894382Z,100059,FILL,S,,,,,,4.1734,EUR,,MONE,SELL,,,,,0,,1500,,,,,AGRE,,,,T10005937,,,,
SYNTHLEI0000000E0005,FALSE,NONE,ALGO1,,,AOTC,FALSE,2025-07-11T07:51:57.366904Z,DAVY,VFAR,2025-07-11T23:59:59.999999Z,2025-07-11T07:51:57.366904Z,,254,XMKT,ABLE,ZZ0000000101,2025-07-11T07:51:57.366904Z,100241,NEWO,L,LMTO,6.5028,0,0,0,0,EUR,,MONE,BUYI,ACTI,,,100,100,100,,,,,,,,,,T10024176,,,,
SYNTHLEI0000000E0005,FALSE,NONE,ALGO1,,,AOTC,FALSE,2025-07-11T07:51:58.156904Z,DAVY,VFAR,2025-07-11T23:59:59.999999Z,2025-07-11T07:51:58.156904Z,,255,XMKT,ABLE,ZZ0000000101,2025-07-11T07:51:58.156904Z,100241,REME,L,LMTO,6.5021,,,,,EUR,,MONE,BUYI,ACTI,,,100,100,100,,,,,,,,,,T10024176,,,,
SYNTHLEI0000000E0005,FALSE,NONE,ALGO1,,,AOTC,FALSE,2025-07-11T07:52:01.387904Z,DAVY,VFAR,2025-07-11T23:59:59.999999Z,2025-07-11T07:52:01.387904Z,,256,XMKT,ABLE,ZZ0000000101,2025-07-11T07:52:01.387904Z,100241,REME,L,LMTO,6.5039,,,,,EUR,,MONE,BUYI,ACTI,,,100,100,100,,,,,,,,,,T10024176,,,,
SYNTHLEI0000000E0005,FALSE,NONE,NONE,,,AOTC,FALSE,2025-07-11T07:52:03.504655Z,IOCV,,9999-12-31T23:59:59.999999Z,2025-07-11T07:52:03.504655Z,,257,XMKT,ABLE,ZZ0000000101,2025-07-11T07:52:03.504655Z,100020,NEWO,L,LMTO,6.507,0,0,0,0,EUR,,MONE,BUYI,ACTI,,,3000,3000,3000,,,,,,,,,,T10002028,,,,
SYNTHLEI0000000E0005,FALSE,NONE,ALGO1,,,AOTC,FALSE,2025-07-11T07:52:04.234904Z,DAVY,VFAR,2025-07-11T23:59:59.999999Z,2025-07-11T07:52:04.234904Z,,258,XMKT,ABLE,ZZ0000000101,2025-07-11T07:52:04.234904Z,100241,REME,L,LMTO,6.5039,,,,,EUR,,MONE,BUYI,ACTI,,,100,100,100,,,,,,,,,,T10024176,,,,
SYNTHLEI0000000E0005,FALSE,NONE,NONE,,,AOTC,FALSE,2025-07-11T07:52:04.539655Z,IOCV,,9999-12-31T23:59:59.999999Z,2025-07-11T07:52:04.539655Z,,259,XMKT,ABLE,ZZ0000000101,2025-07-11T07:52:04.539655Z,100020,REME,L,LMTO,6.5019,,,,,EUR,,MONE,BUYI,ACTI,,,3000,3000,3000,,,,,,,,,,T10002028,,,,
SYNTHLEI0000000E0005,FALSE,NONE,ALGO1,,,AOTC,FALSE,2025-07-11T07:52:05.399904Z,DAVY,VFAR,2025-07-11T23:59:59.999999Z,2025-07-11T07:52:05.399904Z,,260,XMKT,ABLE,ZZ0000000101,2025-07-11T07:52:05.399904Z,100241,CAME,L,LMTO,,,,,,EUR,,MONE,BUYI,,,,100,0,0,,,,,,,,,,T10024176,,,,
SYNTHLEI0000000E0005,FALSE,NONE,NONE,,,AOTC,FALSE,2025-07-11T07:52:06.152655Z,IOCV,,9999-12-31T23:59:59.999999Z,2025-07-11T07:52:06.152655Z,,261,XMKT,ABLE,ZZ0000000101,2025-07-11T07:52:06.152655Z,100020,CAME,L,LMTO,,,,,,EUR,,MONE,BUYI,,,,3000,0,0,,,,,,,,,,T10002028,,,,
SYNTHLEI0000000C0003,FALSE,CL1033,NONE,,,AOTC,FALSE,2025-07-11T07:52:07.679156Z,GTDV,VFAR,2025-07-11T23:59:59.999999Z,2025-07-11T07:52:07.679156Z,,262,XMKT,DLTA,ZZ0000000104,2025-07-11T07:52:07.679156Z,100294,CAME,L,,,,,,,EUR,,MONE,SELL,,,,100,0,0,,,,,,,,,,T10029478,,,,
SYNTHLEI0000000G0007,TRUE,CL1001,NONE,,,AOTC,FALSE,2025-07-11T07:52:25.604275Z,GTCV,VFAR,9999-12-31T23:59:59.999999Z,2025-07-11T07:42:30.604275Z,,263,XMKT,CHRL,ZZ0000000103,2025-07-11T07:52:25.604275Z,100169,PARF,L,,,,,,16.6491,EUR,,MONE,BUYI,,,,,137,,63,,,,,PASV,,,,T10016953,,,,
SYNTHLEI0000000G0007,FALSE,CL1030,NONE,,,DEAL,TRUE,2025-07-11T07:52:34.463443Z,DAVY,VFCR,2025-07-11T23:59:59.999999Z,2025-07-11T07:52:34.463443Z,,264,XMKT,GOLF,ZZ0000000107,2025-07-11T07:52:34.463443Z,100538,NEWO,L,LMTO,4.3773,0,0,0,0,EUR,,MONE,SELL,ACTI,,,200,200,200,,,,,,,,,,T10053822,,,,
SYNTHLEI0000000C0003,FALSE,CL1028,NONE,,,DEAL,FALSE,2025-07-11T07:53:46.054342Z,DAVY,VFAR,2025-07-11T23:59:59.999999Z,2025-07-11T07:53:46.054342Z,,265,XDRV,FTSE25T4900,ZV0000000201,2025-07-11T07:53:46.054342Z,100115,CAME,L,,,,,,,EUR,,MONE,SELL,,,,20,0,0,,,,,,,,,,T10011519,,,,
SYNTHLEI0000000A0001,FALSE,CL1024,NONE,,,DEAL,TRUE,2025-07-11T07:53:56.383899Z,DAVY,VFAR,2025-07-11T23:59:59.999999Z,2025-07-11T07:35:08.383899Z,,266,XMKT,INDX,ZZ0000000109,2025-07-11T07:53:56.383899Z,100578,FILL,L,,,,,,0.4643,EUR,,MONE,SELL,,,,,0,,116,,,,,AGRE,,,,T10057849,,,,
SYNTHLEI0000000F0006,FALSE,CL1022,NONE,,,AOTC,FALSE,2025-07-11T07:54:25.481721Z,GTDV,VFAR,2025-07-11T23:59:59.999999Z,2025-07-11T07:51:14.481721Z,,267,XMKT,CHRL,ZZ0000000103,2025-07-11T07:54:25.481721Z,100132,PARF,L,,,,,,16.2384,EUR,,MONE,BUYI,,,,,1571,,1429,,,,,PASV,,,,T10013296,,,,
SYNTHLEI0000000E0005,FALSE,NONE,ALGO1,,,AOTC,FALSE,2025-07-11T07:54:27.197703Z,DAVY,VFAR,2025-07-11T23:59:59.999999Z,2025-07-11T07:43:09.197703Z,,268,XMKT,CHRL,ZZ0000000103,2025-07-11T07:54:27.197703Z,100264,FILL,L,,,,,,16.2287,EUR,,MONE,BUYI,,,,,0,,32,,,,,PASV,,,,T10026482,,,,
SYNTHLEI0000000H0008,FALSE,NONE,ALGOPT,,,DEAL,TRUE,2025-07-11T07:54:29.495590Z,DAVY,VFAR,2025-07-11T23:59:59.999999Z,2025-07-11T07:54:29.495590Z,,269,XMKT,GOLF,ZZ0000000107,2025-07-11T07:54:29.495590Z,100411,CAME,L,,,,,,,EUR,,MONE,BUYI,,,,40,0,0,,,,,,,,,,T10041159,,,,
SYNTHLEI0000000E0005,FALSE,CL1013,NONE,,,MTCH,FALSE,2025-07-11T07:54:33.914933Z,DAVY,VFAR,2025-07-11T23:59:59.999999Z,2025-07-11T07:54:33.914933Z,,270,XDRV,OPT25G15.00,ZV0000000202,2025-07-11T07:54:33.914933Z,100111,NEWO,L,LMTO,0.4557,0,0,0,0,EUR,,MONE,SELL,ACTI,,,10,10,10,,,,,,,,,,T10011148,,,,
SYNTHLEI0000000E0005,FALSE,CL1013,NONE,,,MTCH,FALSE,2025-07-11T07:54:35.978933Z,DAVY,VFAR,2025-07-11T23:59:59.999999Z,2025-07-11T07:54:35.978933Z,,271,XDRV,OPT25G15.00,ZV0000000202,2025-07-11T07:54:35.978933Z,100111,REME,L,LMTO,0.4557,,,,,EUR,,MONE,SELL,ACTI,,,10,10,10,,,,,,,,,,T10011148,,,,
SYNTHLEI0000000G0007,TRUE,CL1001,NONE,,,AOTC,FALSE,2025-07-11T07:54:38.604275Z,GTCV,VFAR,9999-12-31T23:59:59.999999Z,2025-07-11T07:42:30.604275Z,,272,XMKT,CHRL,ZZ0000000103,2025-07-11T07:54:38.604275Z,100169,FILL,L,,,,,,16.6491,EUR,,MONE,BUYI,,,,,0,,137,,,,,PASV,,,,T10016953,,,,
SYNTHLEI0000000E0005,FALSE,CL1013,NONE,,,MTCH,FALSE,2025-07-11T07:54:40.686933Z,DAVY,VFAR,2025-07-11T23:59:59.999999Z,2025-07-11T07:54:40.686933Z,,273,XDRV,OPT25G15.00,ZV0000000202,2025-07-11T07:54:40.686933Z,100111,CAME,L,LMTO,,,,,,EUR,,MONE,SELL,,,,10,0,0,,,,,,,,,,T10011148,,,,
SYNTHLEI0000000H0008,FALSE,CL1008,NONE,,,MTCH,FALSE,2025-07-11T07:54:42.115182Z,GTCV,VFAR,9999-12-31T23:59:59.999999Z,2025-07-11T07:54:42.115182Z,,274,XMKT,FXTR,ZZ0000000106,2025-07-11T07:54:42.115182Z,100609,NEWO,L,LMTO,3.2022,0,0,0,0,EUR,,MONE,BUYI,ACTI,,,60,60,60,,,,,,,,,,T10060922,,,,
SYNTHLEI0000000F0006,FALSE,CL1022,NONE,,,AOTC,FALSE,2025-07-11T07:54:52.481721Z,GTDV,VFAR,2025-07-11T23:59:59.999999Z,2025-07-11T07:54:52.481721Z,,275,XMKT,CHRL,ZZ0000000103,2025-07-11T07:54:52.481721Z,100132,CAME,L,,,,,,,EUR,,MONE,BUYI,,,,3000,0,0,,,,,,,,,,T10013296,,,,
SYNTHLEI0000000A0001,FALSE,NONE,ALGOPT,,,AOTC,FALSE,2025-07-11T07:54:54.188136Z,DAVY,VFAR,2025-07-11T23:59:59.999999Z,2025-07-11T07:54:54.188136Z,,276,XMKT,ABLE,ZZ0000000101,2025-07-11T07:54:54.188136Z,100561,NEWO,L,LMTO,6.5068,0,0,0,0,EUR,,MONE,SELL,ACTI,,,200,200,200,,,,,,,,,,T10056177,,,,
SYNTHLEI0000000G0007,FALSE,CL1030,NONE,,,DEAL,TRUE,2025-07-11T07:55:02.463443Z,DAVY,VFCR,2025-07-11T23:59:59.999999Z,2025-07-11T07:52:34.463443Z,,277,XMKT,GOLF,ZZ0000000107,2025-07-11T07:55:02.463443Z,100538,FILL,L,,,,,,4.3773,EUR,,MONE,SELL,,,,,0,,200,,,,,PASV,,,,T10053822,,,,
SYNTHLEI0000000H0008,FALSE,CL1008,NONE,,,MTCH,FALSE,2025-07-11T07:56:12.115182Z,GTCV,VFAR,9999-12-31T23:59:59.999999Z,2025-07-11T07:54:42.115182Z,,278,XMKT,FXTR,ZZ0000000106,2025-07-11T07:56:12.115182Z,100609,PARF,L,,,,,,3.2022,EUR,,MONE,BUYI,,,,,37,,23,,,,,AGRE,,,,T10060922,,,,
SYNTHLEI0000000D0004,FALSE,CL1018,NONE,,,AOTC,FALSE,2025-07-11T07:56:26.654918Z,GTDV,VFAR,2025-07-11T23:59:59.999999Z,2025-07-11T07:56:26.654918Z,,279,XMKT,JULT,ZZ0000000110,2025-07-11T07:56:26.654918Z,100518,REME,L,LMTO,11.3991,,,,,EUR,,MONE,SELL,ACTI,,,1000,1000,1000,,,,,,,,,,T10051857,,,,
SYNTHLEI0000000A0001,FALSE,CL1028,NONE,,,DEAL,FALSE,2025-07-11T07:56:30.554065Z,GTCV,VFCR,9999-12-31T23:59:59.999999Z,2025-07-11T07:56:30.554065Z,,280,XMKT,CHRL,ZZ0000000103,2025-07-11T07:56:30.554065Z,100524,NEWO,L,LMTO,16.2643,0,0,0,0,EUR,,MONE,BUYI,ACTI,,,200,200,200,,,,,,,,,,T10052443,,,,
SYNTHLEI0000000C0003,FALSE,NONE,NONE,,,DEAL,FALSE,2025-07-11T07:56:34.130093Z,GTCV,VFCR,9999-12-31T23:59:59.999999Z,2025-07-11T07:56:34.130093Z,,281,XMKT,GOLF,ZZ0000000107,2025-07-11T07:56:34.130093Z,100481,REME,L,LMTO,4.1754,,,,,EUR,,MONE,BUYI,ACTI,,,3000,3000,3000,,,,,,,,,,T10048181,,,,
SYNTHLEI0000000C0003,TRUE,CL1005,NONE,,,AOTC,FALSE,2025-07-11T07:56:39.084108Z,GTDV,VFAR,2025-07-11T23:59:59.999999Z,2025-07-11T07:56:39.084108Z,,282,XMKT,JULT,ZZ0000000110,2025-07-11T07:56:39.084108Z,100511,NEWO,L,LMTO,11.3889,0,0,0,0,EUR,,MONE,BUYI,ACTI,,,150,150,150,,,,,,,,,,T10051115,,,,
SYNTHLEI0000000H0008,FALSE,CL1010,NONE,,,AOTC,FALSE,2025-07-11T07:57:19.420431Z,GTDV,VFAR,2025-07-11T23:59:59.999999Z,2025-07-11T07:57:19.420431Z,,283,XMKT,BRVO,ZZ0000000102,2025-07-11T07:57:19.420431Z,100567,NEWO,L,LMTO,2.0839,0,0,0,0,EUR,,MONE,BUYI,ACTI,,,100,100,100,,,,,,,,,,T10056777,,,,
SYNTHLEI0000000A0001,FALSE,NONE,ALGOPT,,,AOTC,FALSE,2025-07-11T07:57:24.188136Z,DAVY,VFAR,2025-07-11T23:59:59.999999Z,2025-07-11T07:54:54.188136Z,,284,XMKT,ABLE,ZZ0000000101,2025-07-11T07:57:24.188136Z,100561,PARF,L,,,,,,6.5068,EUR,,MONE,SELL,,,,,115,,85,,,,,AGRE,,,,T10056177,,,,
SYNTHLEI0000000D0004,FALSE,CL1018,NONE,,,AOTC,FALSE,2025-07-11T07:58:03.654918Z,GTDV,VFAR,2025-07-11T23:59:59.999999Z,2025-07-11T07:47:12.654918Z,,285,XMKT,JULT,ZZ0000000110,2025-07-11T07:58:03.654918Z,100518,FILL,L,,,,,,11.3991,EUR,,MONE,SELL,,,,,0,,1000,,,,,PASV,,,,T10051857,,,,
SYNTHLEI0000000H0008,FALSE,CL1010,NONE,,,AOTC,FALSE,2025-07-11T07:58:05.420431Z,GTDV,VFAR,2025-07-11T23:59:59.999999Z,2025-07-11T07:58:05.420431Z,,286,XMKT,BRVO,ZZ0000000102,2025-07-11T07:58:05.420431Z,100567,REME,L,LMTO,2.0844,,,,,EUR,,MONE,BUYI,ACTI,,,100,100,100,,,,,,,,,,T10056777,,,,
SYNTHLEI0000000A0001,FALSE,NONE,NONE,,,AOTC,FALSE,2025-07-11T07:58:14.623631Z,FOKV,VFCR,9999-12-31T23:59:59.999999Z,2025-07-11T07:58:14.623631Z,,287,XMKT,GOLF,ZZ0000000107,2025-07-11T07:58:14.623631Z,100376,NEWO,L,LMTO,4.166,0,0,0,0,EUR,,MONE,BUYI,ACTI,,,20,20,20,,,,,,,,,,T10037657,,,,
SYNTHLEI0000000D0004,FALSE,CL1037,NONE,,,MTCH,FALSE,2025-07-11T07:58:27.974954Z,DAVY,VFCR,2025-07-11T23:59:59.999999Z,2025-07-11T07:58:27.974954Z,,288,XDRV,FTSE25T4900,ZV0000000201,2025-07-11T07:58:27.974954Z,100441,NEWO,L,LMTO,107.9001,0,0,0,0,EUR,,MONE,BUYI,ACTI,,,50,50,50,,,,,,,,,,T10044199,,,,
SYNTHLEI0000000C0003,FALSE,CL1039,NONE,,,DEAL,TRUE,2025-07-11T07:58:54.099675Z,DAVY,VFAR,2025-07-11T23:59:59.999999Z,2025-07-11T07:58:54.099675Z,,289,XMKT,ABLE,ZZ0000000101,2025-07-11T07:58:54.099675Z,100077,NEWO,L,LMTO,6.5091,0,0,0,0,EUR,,MONE,BUYI,ACTI,,,200,200,200,,,,,,,,,,T10007754,,,,
SYNTHLEI0000000A0001,FALSE,NONE,NONE,,,AOTC,FALSE,2025-07-11T07:59:00.623631Z,FOKV,VFCR,9999-12-31T23:59:59.999999Z,2025-07-11T07:58:14.623631Z,,290,XMKT,GOLF,ZZ0000000107,2025-07-11T07:59:00.623631Z,100376,FILL,L,,,,,,4.166,EUR,,MONE,BUYI,,,,,0,,20,,,,,AGRE,,,,T10037657,,,,
SYNTHLEI0000000D0004,FALSE,CL1034,NONE,,,MTCH,FALSE,2025-07-11T07:59:36.456189Z,FOKV,VFAR,9999-12-31T23:59:59.999999Z,2025-07-11T07:59:36.456189Z,,291,XMKT,CHRL,ZZ0000000103,2025-07-11T07:59:36.456189Z,100312,NEWO,L,LMTO,16.2168,0,0,0,0,EUR,,MONE,BUYI,ACTI,,,200,200,200,,,,,,,,,,T10031245,,,,
SYNTHLEI0000000B0002,FALSE,CL1032,NONE,,,DEAL,TRUE,2025-07-11T07:59:36.928508Z,DAVY,VFCR,2025-07-11T23:59:59.999999Z,2025-07-11T07:59:36.928508Z,,292,XMKT,BRVO,ZZ0000000102,2025-07-11T07:59:36.928508Z,100251,CAME,L,,,,,,,EUR,,MONE,SELL,,,,500,0,0,,,,,,,,,,T10025187,,,,
SYNTHLEI0000000C0003,FALSE,CL1039,NONE,,,DEAL,TRUE,2025-07-11T07:59:55.099675Z,DAVY,VFAR,2025-07-11T23:59:59.999999Z,2025-07-11T07:58:54.099675Z,,293,XMKT,ABLE,ZZ0000000101,2025-07-11T07:59:55.099675Z,100077,FILL,L,,,,,,6.5091,EUR,,MONE,BUYI,,,,,0,,200,,,,,AGRE,,,,T10007754,,,,
SYNTHLEI0000000H0008,FALSE,CL1010,NONE,,,MTCH,FALSE,2025-07-11T08:00:24.327969Z,DAVY,VFAR,2025-07-11T23:59:59.999999Z,2025-07-11T08:00:24.327969Z,,294,XMKT,JULT,ZZ0000000110,2025-07-11T08:00:24.327969Z,100346,NEWO,L,LMTO,11.3893,0,0,0,0,EUR,,MONE,SELL,ACTI,,,5,5,5,,,,,,,,,,T10034625,,,,
SYNTHLEI0000000C0003,FALSE,CL1005,NONE,,,AOTC,FALSE,2025-07-11T08:00:26.595221Z,IOCV,VFCR,9999-12-31T23:59:59.999999Z,2025-07-11T08:00:26.595221Z,,295,XMKT,HOTL,ZZ0000000108,2025-07-11T08:00:26.595221Z,100347,NEWO,L,LMTO,3.1826,0,0,0,0,EUR,,MONE,SELL,ACTI,,,1500,1500,1500,,,,,,,,,,T10034773,,,,
SYNTHLEI0000000H0008,TRUE,CL1031,NONE,,,AOTC,FALSE,2025-07-11T08:00:34.922319Z,GTCV,VFAR,9999-12-31T23:59:59.999999Z,2025-07-11T08:00:34.922319Z,,296,XMKT,FXTR,ZZ0000000106,2025-07-11T08:00:34.922319Z,100451,NEWO,L,LMTO,3.1958,0,0,0,0,EUR,,MONE,SELL,ACTI,,,60,60,60,,,,,,,,,,T10045158,,,,
SYNTHLEI0000000C0003,FALSE,NONE,NONE,,,DEAL,FALSE,2025-07-11T08:00:36.130093Z,GTCV,VFCR,9999-12-31T23:59:59.999999Z,2025-07-11T07:47:18.130093Z,,297,XMKT,GOLF,ZZ0000000107,2025-07-11T08:00:36.130093Z,100481,FILL,L,,,,,,4.1754,EUR,,MONE,BUYI,,,,,0,,3000,,,,,PASV,,,,T10048181,,,,
SYNTHLEI0000000G0007,FALSE,CL1013,NONE,,,DEAL,FALSE,2025-07-11T08:00:43.424990Z,DAVY,VFAR,2025-07-11T23:59:59.999999Z,2025-07-11T08:00:43.424990Z,,298,XMKT,ECHO,ZZ0000000105,2025-07-11T08:00:43.424990Z,100021,NEWO,L,LMTO,7.53,0,0,0,0,EUR,,MONE,BUYI,ACTI,,,1500,1500,1500,,,,,,,,,,T10002134,,,,
SYNTHLEI0000000C0003,FALSE,CL1005,NONE,,,AOTC,FALSE,2025-07-11T08:00:58.191068Z,IOCV,VFAR,9999-12-31T23:59:59.999999Z,2025-07-11T08:00:58.191068Z,,299,XMKT,DLTA,ZZ0000000104,2025-07-11T08:00:58.191068Z,100191,NEWO,L,LMTO,3.1395,0,0,0,0,EUR,,MONE,BUYI,ACTI,,,1500,1500,1500,,,,,,,,,,T10019163,,,,
SYNTHLEI0000000G0007,FALSE,CL1013,NONE,,,DEAL,FALSE,2025-07-11T08:01:27.424990Z,DAVY,VFAR,2025-07-11T23:59:59.999999Z,2025-07-11T08:00:43.424990Z,,300,XMKT,ECHO,ZZ0000000105,2025-07-11T08:01:27.424990Z,100021,PARF,L,,,,,,7.53,EUR,,MONE,BUYI,,,,,1006,,494,,,,,AGRE,,,,T10002134,,,,
SYNTHLEI0000000E0005,FALSE,CL1011,NONE,,,AOTC,FALSE,2025-07-11T08:01:57.091126Z,GTCV,VFCR,9999-12-31T23:59:59.999999Z,2025-07-11T08:01:57.091126Z,,301,XMKT,HOTL,ZZ0000000108,2025-07-11T08:01:57.091126Z,100627,NEWO,L,LMTO,3.18,0,0,0,0,EUR,,MONE,BUYI,ACTI,,,1000,1000,1000,,,,,,,,,,T10062719,,,,
SYNTHLEI0000000E0005,FALSE,CL1011,NONE,,,AOTC,FALSE,2025-07-11T08:02:00.806126Z,GTCV,VFCR,9999-12-31T23:59:59.999999Z,2025-07-11T08:02:00.806126Z,,302,XMKT,HOTL,ZZ0000000108,2025-07-11T08:02:00.806126Z,100627,REME,L,LMTO,3.179,,,,,EUR,,MONE,BUYI,ACTI,,,1000,1000,1000,,,,,,,,,,T10062719,,,,
SYNTHLEI0000000E0005,FALSE,CL1011,NONE,,,AOTC,FALSE,2025-07-11T08:02:03.849126Z,GTCV,VFCR,9999-12-31T23:59:59.999999Z,2025-07-11T08:02:03.849126Z,,303,XMKT,HOTL,ZZ0000000108,2025-07-11T08:02:03.849126Z,100627,REME,L,LMTO,3.1806,,,,,EUR,,MONE,BUYI,ACTI,,,1000,1000,1000,,,,,,,,,,T10062719,,,,
SYNTHLEI0000000E0005,FALSE,CL1011,NONE,,,AOTC,FALSE,2025-07-11T08:02:08.412126Z,GTCV,VFCR,9999-12-31T23:59:59.999999Z,2025-07-11T08:02:08.412126Z,,304,XMKT,HOTL,ZZ0000000108,2025-07-11T08:02:08.412126Z,100627,CAME,L,LMTO,,,,,,EUR,,MONE,BUYI,,,,1000,0,0,,,,,,,,,,T10062719,,,,
SYNTHLEI0000000H0008,FALSE,CL1008,NONE,,,MTCH,FALSE,2025-07-11T08:02:13.115182Z,GTCV,VFAR,9999-12-31T23:59:59.999999Z,2025-07-11T08:02:13.115182Z,,305,XMKT,FXTR,ZZ0000000106,2025-07-11T08:02:13.115182Z,100609,CAME,L,,,,,,,EUR,,MONE,BUYI,,,,60,0,0,,,,,,,,,,T10060922,,,,
SYNTHLEI0000000H0008,FALSE,CL1010,NONE,,,AOTC,FALSE,2025-07-11T08:02:33.420431Z,GTDV,VFAR,2025-07-11T23:59:59.999999Z,2025-07-11T07:57:19.420431Z,,306,XMKT,BRVO,ZZ0000000102,2025-07-11T08:02:33.420431Z,100567,FILL,L,,,,,,2.0844,EUR,,MONE,BUYI,,,,,0,,100,,,,,PASV,,,,T10056777,,,,
SYNTHLEI0000000H0008,TRUE,NONE,NONE,,,AOTC,FALSE,2025-07-11T08:02:37.070200Z,GTCV,VFAR,9999-12-31T23:59:59.999999Z,2025-07-11T08:02:37.070200Z,,307,XMKT,ECHO,ZZ0000000105,2025-07-11T08:02:37.070200Z,100323,NEWO,L,LMTO,7.9475,0,0,0,0,EUR,,MONE,BUYI,ACTI,,,150,150,150,,,,,,,,,,T10032312,,,,
SYNTHLEI0000000A0001,FALSE,NONE,NONE,,,MTCH,FALSE,2025-07-11T08:02:55.147918Z,DAVY,,2025-07-11T23:59:59.999999Z,2025-07-11T08:02:55.147918Z,,308,XMKT,ABLE,ZZ0000000101,2025-07-11T08:02:55.147918Z,100440,NEWO,L,LMTO,6.4961,0,0,0,0,EUR,,MONE,SELL,ACTI,,,5,5,5,,,,,,,,,,T10044030,,,,
SYNTHLEI0000000F0006,FALSE,NONE,NONE,,,AOTC,FALSE,2025-07-11T08:03:04.878006Z,DAVY,VFAR,2025-07-11T23:59:59.999999Z,2025-07-11T08:03:04.878006Z,,309,XMKT,ABLE,ZZ0000000101,2025-07-11T08:03:04.878006Z,100113,NEWO,L,LMTO,6.5101,0,0,0,0,EUR,,MONE,SELL,ACTI,,,200,200,200,,,,,,,,,,T10011393,,,,
SYNTHLEI0000000F0006,FALSE,NONE,NONE,,,AOTC,FALSE,2025-07-11T08:03:05.522006Z,DAVY,VFAR,2025-07-11T23:59:59.999999Z,2025-07-11T08:03:04.878006Z,,310,XMKT,ABLE,ZZ0000000101,2025-07-11T08:03:05.522006Z,100113,CAME,L,LMTO,,,,,,EUR,,MONE,SELL,,,,200,0,0,,,,,,,,,,T10011393,,,,
SYNTHLEI0000000C0003,TRUE,CL1005,NONE,,,AOTC,FALSE,2025-07-11T08:03:14.084108Z,GTDV,VFAR,2025-07-11T23:59:59.999999Z,2025-07-11T07:56:39.084108Z,,311,XMKT,JULT,ZZ0000000110,2025-07-11T08:03:14.084108Z,100511,PARF,L,,,,,,11.3889,EUR,,MONE,BUYI,,,,,65,,85,,,,,PASV,,,,T10051115,,,,
SYNTHLEI0000000A0001,FALSE,CL1039,NONE,,,MTCH,FALSE,2025-07-11T08:03:18.142331Z,DAVY,VFAR,2025-07-11T23:59:59.999999Z,2025-07-11T08:03:18.142331Z,,312,XMKT,JULT,ZZ0000000110,2025-07-11T08:03:18.142331Z,100005,NEWO,M,LMTO,0,0,0,0,0,EUR,,MONE,SELL,ACTI,,,500,500,500,,,,,,,,,,T10000559,,,,
SYNTHLEI0000000B0002,FALSE,CL1002,NONE,,,MTCH,FALSE,2025-07-11T08:03:26.132387Z,IOCV,VFCR,9999-12-31T23:59:59.999999Z,2025-07-11T08:03:26.132387Z,,313,XMKT,GOLF,ZZ0000000107,2025-07-11T08:03:26.132387Z,100459,NEWO,L,LMTO,4.162,0,0,0,0,EUR,,MONE,SELL,ACTI,,,200,200,200,,,,,,,,,,T10045939,,,,
SYNTHLEI0000000F0006,FALSE,CL1035,NONE,,,AOTC,FALSE,2025-07-11T08:03:30.740160Z,DAVY,,2025-07-11T23:59:59.999999Z,2025-07-11T08:03:30.740160Z,,314,XMKT,FXTR,ZZ0000000106,2025-07-11T08:03:30.740160Z,100258,NEWO,L,LMTO,3.1991,0,0,0,0,EUR,,MONE,BUYI,ACTI,,,150,150,150,,,,,,,,,,T10025834,,,,
SYNTHLEI0000000F0006,FALSE,CL1035,NONE,,,AOTC,FALSE,2025-07-11T08:03:31.194160Z,DAVY,,2025-07-11T23:59:59.999999Z,2025-07-11T08:03:30.740160Z,,315,XMKT,FXTR,ZZ0000000106,2025-07-11T08:03:31.194160Z,100258,CAME,L,LMTO,,,,,,EUR,,MONE,BUYI,,,,150,0,0,,,,,,,,,,T10025834,,,,
SYNTHLEI0000000A0001,FALSE,NONE,ALGOPT,,,AOTC,FALSE,2025-07-11T08:03:41.188136Z,DAVY,VFAR,2025-07-11T23:59:59.999999Z,2025-07-11T08:03:41.188136Z,,316,XMKT,ABLE,ZZ0000000101,2025-07-11T08:03:41.188136Z,100561,CAME,L,,,,,,,EUR,,MONE,SELL,,,,200,0,0,,,,,,,,,,T10056177,,,,
SYNTHLEI0000000D0004,FALSE,NONE,NONE,,,AOTC,FALSE,2025-07-11T08:03:47.733049Z,DAVY,VFCR,2025-07-11T23:59:59.999999Z,2025-07-11T08:03:47.733049Z,,317,XDRV,FTSE25T4900,ZV0000000201,2025-07-11T08:03:47.733049Z,100505,NEWO,L,LMTO,108.0288,0,0,0,0,EUR,,MONE,SELL,ACTI,,,50,50,50,,,,,,,,,,T10050562,,,,
SYNTHLEI0000000G0007,FALSE,CL1021,NONE,,,AOTC,FALSE,2025-07-11T08:04:07.825804Z,IOCV,,9999-12-31T23:59:59.999999Z,2025-07-11T08:04:07.825804Z,,318,XMKT,FXTR,ZZ0000000106,2025-07-11T08:04:07.825804Z,100313,NEWO,L,LMTO,3.1923,0,0,0,0,EUR,,MONE,SELL,ACTI,,,150,150,150,,,,,,,,,,T10031342,,,,
SYNTHLEI0000000C0003,TRUE,CL1005,NONE,,,AOTC,FALSE,2025-07-11T08:04:12.084108Z,GTDV,VFAR,2025-07-11T23:59:59.999999Z,2025-07-11T07:56:39.084108Z,,319,XMKT,JULT,ZZ0000000110,2025-07-11T08:04:12.084108Z,100511,FILL,L,,,,,,11.3889,EUR,,MONE,BUYI,,,,,0,,65,,,,,AGRE,,,,T10051115,,,,
SYNTHLEI0000000F0006,FALSE,CL1023,NONE,,,AOTC,FALSE,2025-07-11T08:04:13.867167Z,GTCV,VFAR,9999-12-31T23:59:59.999999Z,2025-07-11T08:04:13.867167Z,,320,XDRV,OPT25G15.00,ZV0000000202,2025-07-11T08:04:13.867167Z,100192,NEWO,L,LMTO,0.4564,0,0,0,0,EUR,,MONE,SELL,ACTI,,,5,5,5,,,,,,,,,,T10019223,,,,
SYNTHLEI0000000F0006,FALSE,CL1023,NONE,,,AOTC,FALSE,2025-07-11T08:04:14.447167Z,GTCV,VFAR,9999-12-31T23:59:59.999999Z,2025-07-11T08:04:13.867167Z,,321,XDRV,OPT25G15.00,ZV0000000202,2025-07-11T08:04:14.447167Z,100192,CAME,L,LMTO,,,,,,EUR,,MONE,SELL,,,,5,0,0,,,,,,,,,,T10019223,,,,
SYNTHLEI0000000B0002,FALSE,CL1017,NONE,,,DEAL,FALSE,2025-07-11T08:04:24.474696Z,GTCV,VFAR,9999-12-31T23:59:59.999999Z,2025-07-11T08:04:24.474696Z,,322,XMKT,CHRL,ZZ0000000103,2025-07-11T08:04:24.474696Z,100458,NEWO,L,LMTO,16.2457,0,0,0,0,EUR,,MONE,BUYI,ACTI,,,500,500,500,,,,,,,,,,T10045825,,,,
SYNTHLEI0000000E0005,FALSE,CL1009,NONE,,,AOTC,FALSE,2025-07-11T08:04:45.809387Z,DAVY,VFCR,2025-07-11T23:59:59.999999Z,2025-07-11T08:04:45.809387Z,,323,XDRV,OPT25G15.00,ZV0000000202,2025-07-11T08:04:45.809387Z,100220,NEWO,L,LMTO,0.4564,0,0,0,0,EUR,,MONE,SELL,ACTI,,,1,1,1,,,,,,,,,,T10022052,,,,
SYNTHLEI0000000E0005,FALSE,CL1009,NONE,,,AOTC,FALSE,2025-07-11T08:04:46.502387Z,DAVY,VFCR,2025-07-11T23:59:59.999999Z,2025-07-11T08:04:46.502387Z,,324,XDRV,OPT25G15.00,ZV0000000202,2025-07-11T08:04:46.502387Z,100220,REME,L,LMTO,0.4563,,,,,EUR,,MONE,SELL,ACTI,,,1,1,1,,,,,,,,,,T10022052,,,,
SYNTHLEI0000000E0005,FALSE,CL1009,NONE,,,AOTC,FALSE,2025-07-11T08:04:50.494387Z,DAVY,VFCR,2025-07-11T23:59:59.999999Z,2025-07-11T08:04:50.494387Z,,325,XDRV,OPT25G15.00,ZV0000000202,2025-07-11T08:04:50.494387Z,100220,CAME,L,LMTO,,,,,,EUR,,MONE,SELL,,,,1,0,0,,,,,,,,,,T10022052,,,,
SYNTHLEI0000000C0003,FALSE,CL1005,NONE,,,AOTC,FALSE,2025-07-11T08:05:27.191068Z,IOCV,VFAR,9999-12-31T23:59:59.999999Z,2025-07-11T08:00:58.191068Z,,326,XMKT,DLTA,ZZ0000000104,2025-07-11T08:05:27.191068Z,100191,FILL,L,,,,,,3.1395,EUR,,MONE,BUYI,,,,,0,,1500,,,,,PASV,,,,T10019163,,,,
SYNTHLEI0000000A0001,FALSE,CL1039,NONE,,,MTCH,FALSE,2025-07-11T08:05:56.142331Z,DAVY,VFAR,2025-07-11T23:59:59.999999Z,2025-07-11T08:05:56.142331Z,,327,XMKT,JULT,ZZ0000000110,2025-07-11T08:05:56.142331Z,100005,REME,M,LMTO,11.3653,,,,,EUR,,MONE,SELL,ACTI,,,500,500,500,,,,,,,,,,T10000559,,,,
SYNTHLEI0000000H0008,TRUE,CL1031,NONE,,,AOTC,FALSE,2025-07-11T08:06:14.922319Z,GTCV,VFAR,9999-12-31T23:59:59.999999Z,2025-07-11T08:00:34.922319Z,,328,XMKT,FXTR,ZZ0000000106,2025-07-11T08:06:14.922319Z,100451,FILL,L,,,,,,3.1958,EUR,,MONE,SELL,,,,,0,,60,,,,,AGRE,,,,T10045158,,,,
SYNTHLEI0000000H0008,TRUE,CL1002,NONE,,,DEAL,TRUE,2025-07-11T08:06:18.377483Z,DAVY,,2025-07-11T23:59:59.999999Z,2025-07-11T08:06:18.377483Z,,329,XDRV,FTSE25T4900,ZV0000000201,2025-07-11T08:06:18.377483Z,100476,CAME,L,,,,,,,EUR,,MONE,SELL,,,,5,0,0,,,,,,,,,,T10047688,,,,
SYNTHLEI0000000G0007,FALSE,CL1013,NONE,,,DEAL,FALSE,2025-07-11T08:06:19.424990Z,DAVY,VFAR,2025-07-11T23:59:59.999999Z,2025-07-11T08:00:43.424990Z,,330,XMKT,ECHO,ZZ0000000105,2025-07-11T08:06:19.424990Z,100021,FILL,L,,,,,,7.53,EUR,,MONE,BUYI,,,,,0,,1006,,,,,PASV,,,,T10002134,,,,
SYNTHLEI0000000A0001,FALSE,CL1028,NONE,,,DEAL,FALSE,2025-07-11T08:06:22.554065Z,GTCV,VFCR,9999-12-31T23:59:59.999999Z,2025-07-11T08:06:22.554065Z,,331,XMKT,CHRL,ZZ0000000103,2025-07-11T08:06:22.554065Z,100524,REME,L,LMTO,16.2493,,,,,EUR,,MONE,BUYI,ACTI,,,200,200,200,,,,,,,,,,T10052443,,,,
SYNTHLEI0000000D0004,FALSE,CL1037,NONE,,,AOTC,FALSE,2025-07-11T08:06:25.288718Z,GTDV,VFAR,2025-07-11T23:59:59.999999Z,2025-07-11T08:06:25.288718Z,,332,XMKT,FXTR,ZZ0000000106,2025-07-11T08:06:25.288718Z,100472,NEWO,L,LMTO,3.1921,0,0,0,0,EUR,,MONE,BUYI,ACTI,,,5,5,5,,,,,,,,,,T10047264,,,,
SYNTHLEI0000000B0002,FALSE,CL1001,NONE,,,DEAL,TRUE,2025-07-11T08:06:26.112581Z,FOKV,VFAR,9999-12-31T23:59:59.999999Z,2025-07-11T08:06:26.112581Z,,333,XMKT,FXTR,ZZ0000000106,2025-07-11T08:06:26.112581Z,100230,NEWO,L,LMTO,3.1908,0,0,0,0,EUR,,MONE,BUYI,ACTI,,,20,20,20,,,,,,,,,,T10023050,,,,
SYNTHLEI0000000D0004,FALSE,NONE,NONE,,,AOTC,FALSE,2025-07-11T08:06:45.733049Z,DAVY,VFCR,2025-07-11T23:59:59.999999Z,2025-07-11T08:03:47.733049Z,,334,XDRV,FTSE25T4900,ZV0000000201,2025-07-11T08:06:45.733049Z,100505,PARF,L,,,,,,108.0288,EUR,,MONE,SELL,,,,,40,,10,,,,,PASV,,,,T10050562,,,,
SYNTHLEI0000000C0003,FALSE,CL1001,NONE,,,MTCH,FALSE,2025-07-11T08:06:47.448523Z,GTDV,VFCR,2025-07-11T23:59:59.999999Z,2025-07-11T08:06:47.448523Z,,335,XMKT,INDX,ZZ0000000109,2025-07-11T08:06:47.448523Z,100284,NEWO,L,LMTO,0.4635,0,0,0,0,EUR,,MONE,SELL,ACTI,,,150,150,150,,,,,,,,,,T10028462,,,,
SYNTHLEI0000000C0003,FALSE,CL1035,NONE,,,AOTC,FALSE,2025-07-11T08:06:47.944986Z,GTDV,VFAR,2025-07-11T23:59:59.999999Z,2025-07-11T08:06:47.944986Z,,336,XMKT,DLTA,ZZ0000000104,2025-07-11T08:06:47.944986Z,100465,NEWO,L,LMTO,3.1418,0,0,0,0,EUR,,MONE,BUYI,ACTI,,,5,5,5,,,,,,,,,,T10046571,,,,
SYNTHLEI0000000B0002,FALSE,CL1001,NONE,,,DEAL,TRUE,2025-07-11T08:06:56.112581Z,FOKV,VFAR,9999-12-31T23:59:59.999999Z,2025-07-11T08:06:26.112581Z,,337,XMKT,FXTR,ZZ0000000106,2025-07-11T08:06:56.112581Z,100230,PARF,L,,,,,,3.1908,EUR,,MONE,BUYI,,,,,18,,2,,,,,PASV,,,,T10023050,,,,
SYNTHLEI0000000C0003,FALSE,CL1035,NONE,,,AOTC,FALSE,2025-07-11T08:07:00.944986Z,GTDV,VFAR,2025-07-11T23:59:59.999999Z,2025-07-11T08:06:47.944986Z,,338,XMKT,DLTA,ZZ0000000104,2025-07-11T08:07:00.944986Z,100465,FILL,L,,,,,,3.1418,EUR,,MONE,BUYI,,,,,0,,5,,,,,AGRE,,,,T10046571,,,,
SYNTHLEI0000000B0002,FALSE,CL1005,NONE,,,AOTC,FALSE,2025-07-11T08:07:59.877756Z,GTCV,,9999-12-31T23:59:59.999999Z,2025-07-11T08:07:59.877756Z,,339,XMKT,JULT,ZZ0000000110,2025-07-11T08:07:59.877756Z,100412,NEWO,L,LMTO,11.3902,0,0,0,0,EUR,,MONE,BUYI,ACTI,,,40,40,40,,,,,,,,,,T10041274,,,,
SYNTHLEI0000000D0004,FALSE,CL1034,NONE,,,MTCH,FALSE,2025-07-11T08:08:19.456189Z,FOKV,VFAR,9999-12-31T23:59:59.999999Z,2025-07-11T08:08:19.456189Z,,340,XMKT,CHRL,ZZ0000000103,2025-07-11T08:08:19.456189Z,100312,CAME,L,,,,,,,EUR,,MONE,BUYI,,,,200,0,0,,,,,,,,,,T10031245,,,,
SYNTHLEI0000000B0002,FALSE,CL1017,NONE,,,DEAL,FALSE,2025-07-11T08:08:37.474696Z,GTCV,VFAR,9999-12-31T23:59:59.999999Z,2025-07-11T08:04:24.474696Z,,341,XMKT,CHRL,ZZ0000000103,2025-07-11T08:08:37.474696Z,100458,PARF,L,,,,,,16.2457,EUR,,MONE,BUYI,,,,,229,,271,,,,,AGRE,,,,T10045825,,,,
SYNTHLEI0000000C0003,FALSE,CL1005,NONE,,,AOTC,FALSE,2025-07-11T08:08:56.595221Z,IOCV,VFCR,9999-12-31T23:59:59.999999Z,2025-07-11T08:08:56.595221Z,,342,XMKT,HOTL,ZZ0000000108,2025-07-11T08:08:56.595221Z,100347,CAME,L,,,,,,,EUR,,MONE,SELL,,,,1500,0,0,,,,,,,,,,T10034773,,,,
SYNTHLEI0000000D0004,FALSE,CL1037,NONE,,,AOTC,FALSE,2025-07-11T08:09:07.288718Z,GTDV,VFAR,2025-07-11T23:59:59.999999Z,2025-07-11T08:06:25.288718Z,,343,XMKT,FXTR,ZZ0000000106,2025-07-11T08:09:07.288718Z,100472,FILL,L,,,,,,3.1921,EUR,,MONE,BUYI,,,,,0,,5,,,,,PASV,,,,T10047264,,,,
SYNTHLEI0000000D0004,TRUE,CL1017,NONE,,,MTCH,FALSE,2025-07-11T08:09:11.157121Z,FOKV,VFAR,9999-12-31T23:59:59.999999Z,2025-07-11T08:09:11.157121Z,,344,XDRV,OPT25G15.00,ZV0000000202,2025-07-11T08:09:11.157121Z,100588,CAME,L,,,,,,,EUR,,MONE,SELL,,,,20,0,0,,,,,,,,,,T10058855,,,,
SYNTHLEI0000000A0001,FALSE,NONE,NONE,,,AOTC,FALSE,2025-07-11T08:09:12.025344Z,GTDV,,2025-07-11T23:59:59.999999Z,2025-07-11T08:09:12.025344Z,,345,XMKT,HOTL,ZZ0000000108,2025-07-11T08:09:12.025344Z,100622,NEWO,L,LMTO,3.1828,0,0,0,0,EUR,,MONE,BUYI,ACTI,,,20,20,20,,,,,,,,,,T10062220,,,,
SYNTHLEI0000000H0008,FALSE,CL1017,NONE,,,AOTC,FALSE,2025-07-11T08:09:18.142123Z,GTDV,VFCR,2025-07-11T23:59:59.999999Z,2025-07-11T08:09:18.142123Z,,346,XMKT,DLTA,ZZ0000000104,2025-07-11T08:09:18.142123Z,100564,NEWO,L,LMTO,3.131,0,0,0,0,EUR,,MONE,BUYI,ACTI,,,1500,1500,1500,,,,,,,,,,T10056461,,,,
SYNTHLEI0000000A0001,FALSE,CL1028,NONE,,,DEAL,FALSE,2025-07-11T08:09:19.554065Z,GTCV,VFCR,9999-12-31T23:59:59.999999Z,2025-07-11T07:56:30.554065Z,,347,XMKT,CHRL,ZZ0000000103,2025-07-11T08:09:19.554065Z,100524,PARF,L,,,,,,16.2493,EUR,,MONE,BUYI,,,,,119,,81,,,,,AGRE,,,,T10052443,,,,
SYNTHLEI0000000E0005,FALSE,NONE,NONE,,,AOTC,FALSE,2025-07-11T08:09:29.619350Z,DAVY,VFAR,2025-07-11T23:59:59.999999Z,2025-07-11T08:09:29.619350Z,,348,XMKT,ECHO,ZZ0000000105,2025-07-11T08:09:29.619350Z,100055,NEWO,L,LMTO,7.9294,0,0,0,0,EUR,,MONE,SELL,ACTI,,,60,60,60,,,,,,,,,,T10005532,,,,
SYNTHLEI0000000E0005,FALSE,NONE,NONE,,,AOTC,FALSE,2025-07-11T08:09:33.272350Z,DAVY,VFAR,2025-07-11T23:59:59.999999Z,2025-07-11T08:09:33.272350Z,,349,XMKT,ECHO,ZZ0000000105,2025-07-11T08:09:33.272350Z,100055,REME,L,LMTO,7.9304,,,,,EUR,,MONE,SELL,ACTI,,,60,60,60,,,,,,,,,,T10005532,,,,
SYNTHLEI0000000E0005,FALSE,NONE,NONE,,,AOTC,FALSE,2025-07-11T08:09:34.345350Z,DAVY,VFAR,2025-07-11T23:59:59.999999Z,2025-07-11T08:09:34.345350Z,,350,XMKT,ECHO,ZZ0000000105,2025-07-11T08:09:34.345350Z,100055,REME,L,LMTO,7.9243,,,,,EUR,,MONE,SELL,ACTI,,,60,60,60,,,,,,,,,,T10005532,,,,
SYNTHLEI0000000E0005,FALSE,NONE,NONE,,,AOTC,FALSE,2025-07-11T08:09:36.309350Z,DAVY,VFAR,2025-07-11T23:59:59.999999Z,2025-07-11T08:09:36.309350Z,,351,XMKT,ECHO,ZZ0000000105,2025-07-11T08:09:36.309350Z,100055,CAME,L,LMTO,,,,,,EUR,,MONE,SELL,,,,60,0,0,,,,,,,,,,T10005532,,,,
SYNTHLEI0000000B0002,FALSE,CL1005,NONE,,,MTCH,FALSE,2025-07-11T08:09:50.396754Z,GTCV,VFCR,9999-12-31T23:59:59.999999Z,2025-07-11T08:09:50.396754Z,,352,XMKT,JULT,ZZ0000000110,2025-07-11T08:09:50.396754Z,100167,CAME,L,,,,,,,EUR,,MONE,BUYI,,,,200,0,0,,,,,,,,,,T10016768,,,,
SYNTHLEI0000000G0007,FALSE,CL1008,NONE,,,AOTC,FALSE,2025-07-11T08:10:16.373039Z,GTDV,VFAR,2025-07-11T23:59:59.999999Z,2025-07-11T08:10:16.373039Z,,353,XMKT,HOTL,ZZ0000000108,2025-07-11T08:10:16.373039Z,100219,NEWO,L,LMTO,3.3249,0,0,0,0,EUR,,MONE,BUYI,ACTI,,,1000,1000,1000,,,,,,,,,,T10021973,,,,
SYNTHLEI0000000C0003,FALSE,NONE,NONE,,,DEAL,FALSE,2025-07-11T08:10:37.615445Z,GTCV,VFCR,9999-12-31T23:59:59.999999Z,2025-07-11T08:10:37.615445Z,,354,XMKT,GOLF,ZZ0000000107,2025-07-11T08:10:37.615445Z,100485,NEWO,L,LMTO,4.1636,0,0,0,0,EUR,,MONE,BUYI,ACTI,,,1000,1000,1000,,,,,,,,,,T10048561,,,,
SYNTHLEI0000000B0002,FALSE,CL1013,NONE,,,AOTC,FALSE,2025-07-11T08:10:39.506478Z,DAVY,VFCR,2025-07-11T23:59:59.999999Z,2025-07-11T08:10:39.506478Z,,355,XMKT,ECHO,ZZ0000000105,2025-07-11T08:10:39.506478Z,100456,NEWO,L,LMTO,7.9243,0,0,0,0,EUR,,MONE,BUYI,ACTI,,,1500,1500,1500,,,,,,,,,,T10045614,,,,
SYNTHLEI0000000A0001,FALSE,CL1039,NONE,,,MTCH,FALSE,2025-07-11T08:11:09.142331Z,DAVY,VFAR,2025-07-11T23:59:59.999999Z,2025-07-11T08:03:18.142331Z,,356,XMKT,JULT,ZZ0000000110,2025-07-11T08:11:09.142331Z,100005,FILL,M,,,,,,11.4,EUR,,MONE,SELL,,,,,0,,500,,,,,PASV,,,,T10000559,,,,
SYNTHLEI0000000D0004,FALSE,CL1037,NONE,,,MTCH,FALSE,2025-07-11T08:11:57.974954Z,DAVY,VFCR,2025-07-11T23:59:59.999999Z,2025-07-11T08:11:57.974954Z,,357,XDRV,FTSE25T4900,ZV0000000201,2025-07-11T08:11:57.974954Z,100441,CAME,L,,,,,,,EUR,,MONE,BUYI,,,,50,0,0,,,,,,,,,,T10044199,,,,
SYNTHLEI0000000C0003,FALSE,CL1038,NONE,,,AOTC,FALSE,2025-07-11T08:12:09.148979Z,DAVY,VFCR,2025-07-11T23:59:59.999999Z,2025-07-11T08:12:09.148979Z,,358,XMKT,HOTL,ZZ0000000108,2025-07-11T08:12:09.148979Z,100414,NEWO,L,LMTO,3.1821,0,0,0,0,EUR,,MONE,BUYI,ACTI,,,40,40,40,,,,,,,,,,T10041449,,,,
SYNTHLEI0000000C0003,FALSE,NONE,NONE,,,DEAL,FALSE,2025-07-11T08:12:17.615445Z,GTCV,VFCR,9999-12-31T23:59:59.999999Z,2025-07-11T08:12:17.615445Z,,359,XMKT,GOLF,ZZ0000000107,2025-07-11T08:12:17.615445Z,100485,REME,L,LMTO,4.1608,,,,,EUR,,MONE,BUYI,ACTI,,,1000,1000,1000,,,,,,,,,,T10048561,,,,
SYNTHLEI0000000A0001,FALSE,CL1028,NONE,,,DEAL,FALSE,2025-07-11T08:12:22.554065Z,GTCV,VFCR,9999-12-31T23:59:59.999999Z,2025-07-11T07:56:30.554065Z,,360,XMKT,CHRL,ZZ0000000103,2025-07-11T08:12:22.554065Z,100524,PARF,L,,,,,,16.2493,EUR,,MONE,BUYI,,,,,81,,38,,,,,AGRE,,,,T10052443,,,,
SYNTHLEI0000000B0002,FALSE,CL1001,NONE,,,DEAL,TRUE,2025-07-11T08:12:26.112581Z,FOKV,VFAR,9999-12-31T23:59:59.999999Z,2025-07-11T08:12:26.112581Z,,361,XMKT,FXTR,ZZ0000000106,2025-07-11T08:12:26.112581Z,100230,CAME,L,,,,,,,EUR,,MONE,BUYI,,,,20,0,0,,,,,,,,,,T10023050,,,,
SYNTHLEI0000000G0007,FALSE,CL1021,NONE,,,AOTC,FALSE,2025-07-11T08:12:42.825804Z,IOCV,,9999-12-31T23:59:59.999999Z,2025-07-11T08:12:42.825804Z,,362,XMKT,FXTR,ZZ0000000106,2025-07-11T08:12:42.825804Z,100313,REME,L,LMTO,3.1937,,,,,EUR,,MONE,SELL,ACTI,,,150,150,150,,,,,,,,,,T10031342,,,,
SYNTHLEI0000000D0004,FALSE,CL1038,NONE,,,DEAL,TRUE,2025-07-11T08:12:56.175522Z,GTDV,VFAR,2025-07-11T23:59:59.999999Z,2025-07-11T08:12:56.175522Z,,363,XMKT,ABLE,ZZ0000000101,2025-07-11T08:12:56.175522Z,100292,NEWO,L,LMTO,6.512,0,0,0,0,EUR,,MONE,BUYI,ACTI,,,1000,1000,1000,,,,,,,,,,T10029299,,,,
SYNTHLEI0000000C0003,FALSE,NONE,NONE,,,DEAL,FALSE,2025-07-11T08:13:38.615445Z,GTCV,VFCR,9999-12-31T23:59:59.999999Z,2025-07-11T08:10:37.615445Z,,364,XMKT,GOLF,ZZ0000000107,2025-07-11T08:13:38.615445Z,100485,PARF,L,,,,,,4.1608,EUR,,MONE,BUYI,,,,,683,,317,,,,,PASV,,,,T10048561,,,,
SYNTHLEI0000000C0003,FALSE,CL1032,NONE,,,AOTC,FALSE,2025-07-11T08:14:01.902218Z,DAVY,,2025-07-11T23:59:59.999999Z,2025-07-11T08:14:01.902218Z,,365,XMKT,HOTL,ZZ0000000108,2025-07-11T08:14:01.902218Z,100299,NEWO,L,LMTO,3.1756,0,0,0,0,EUR,,MONE,SELL,ACTI,,,40,40,40,,,,,,,,,,T10029954,,,,
SYNTHLEI0000000H0008,FALSE,CL1017,NONE,,,AOTC,FALSE,2025-07-11T08:14:10.142123Z,GTDV,VFCR,2025-07-11T23:59:59.999999Z,2025-07-11T08:09:18.142123Z,,366,XMKT,DLTA,ZZ0000000104,2025-07-11T08:14:10.142123Z,100564,FILL,L,,,,,,3.131,EUR,,MONE,BUYI,,,,,0,,1500,,,,,AGRE,,,,T10056461,,,,
SYNTHLEI0000000B0002,FALSE,CL1017,NONE,,,DEAL,FALSE,2025-07-11T08:14:15.474696Z,GTCV,VFAR,9999-12-31T23:59:59.999999Z,2025-07-11T08:04:24.474696Z,,367,XMKT,CHRL,ZZ0000000103,2025-07-11T08:14:15.474696Z,100458,FILL,L,,,,,,16.2457,EUR,,MONE,BUYI,,,,,0,,229,,,,,PASV,,,,T10045825,,,,
SYNTHLEI0000000H0008,FALSE,CL1003,NONE,,,AOTC,FALSE,2025-07-11T08:14:42.552499Z,IOCV,VFAR,9999-12-31T23:59:59.999999Z,2025-07-11T08:14:42.552499Z,,368,XDRV,OPT25G15.00,ZV0000000202,2025-07-11T08:14:42.552499Z,100099,NEWO,L,LMTO,0.4559,0,0,0,0,EUR,,MONE,SELL,ACTI,,,1,1,1,,,,,,,,,,T10009976,,,,
SYNTHLEI0000000H0008,FALSE,CL1010,NONE,,,MTCH,FALSE,2025-07-11T08:14:47.327969Z,DAVY,VFAR,2025-07-11T23:59:59.999999Z,2025-07-11T08:14:47.327969Z,,369,XMKT,JULT,ZZ0000000110,2025-07-11T08:14:47.327969Z,100346,CAME,L,,,,,,,EUR,,MONE,SELL,,,,5,0,0,,,,,,,,,,T10034625,,,,
SYNTHLEI0000000C0003,FALSE,CL1001,NONE,,,MTCH,FALSE,2025-07-11T08:15:03.448523Z,GTDV,VFCR,2025-07-11T23:59:59.999999Z,2025-07-11T08:15:03.448523Z,,370,XMKT,INDX,ZZ0000000109,2025-07-11T08:15:03.448523Z,100284,REME,L,LMTO,0.4633,,,,,EUR,,MONE,SELL,ACTI,,,150,150,150,,,,,,,,,,T10028462,,,,
SYNTHLEI0000000H0008,FALSE,NONE,NONE,,,AOTC,FALSE,2025-07-11T08:15:07.445140Z,IOCV,VFAR,9999-12-31T23:59:59.999999Z,2025-07-11T08:15:07.445140Z,,371,XMKT,ABLE,ZZ0000000101,2025-07-11T08:15:07.445140Z,100635,NEWO,L,LMTO,6.4928,0,0,0,0,EUR,,MONE,SELL,ACTI,,,5,5,5,,,,,,,,,,T10063531,,,,
SYNTHLEI0000000C0003,FALSE,NONE,NONE,,,DEAL,FALSE,2025-07-11T08:15:19.615445Z,GTCV,VFCR,9999-12-31T23:59:59.999999Z,2025-07-11T08:10:37.615445Z,,372,XMKT,GOLF,ZZ0000000107,2025-07-11T08:15:19.615445Z,100485,FILL,L,,,,,,4.1608,EUR,,MONE,BUYI,,,,,0,,683,,,,,PASV,,,,T10048561,,,,
SYNTHLEI0000000E0005,FALSE,NONE,ALGOPT,,,MTCH,FALSE,2025-07-11T08:15:23.286684Z,DAVY,VFAR,2025-07-11T23:59:59.999999Z,2025-07-11T08:15:23.286684Z,,373,XMKT,DLTA,ZZ0000000104,2025-07-11T08:15:23.286684Z,100179,NEWO,L,LMTO,3.1427,0,0,0,0,EUR,,MONE,BUYI,ACTI,,,60,60,60,,,,,,,,,,T10017939,,,,
SYNTHLEI0000000E0005,FALSE,NONE,ALGOPT,,,MTCH,FALSE,2025-07-11T08:15:25.999684Z,DAVY,VFAR,2025-07-11T23:59:59.999999Z,2025-07-11T08:15:25.999684Z,,374,XMKT,DLTA,ZZ0000000104,2025-07-11T08:15:25.999684Z,100179,REME,L,LMTO,3.1429,,,,,EUR,,MONE,BUYI,ACTI,,,60,60,60,,,,,,,,,,T10017939,,,,
SYNTHLEI0000000E0005,FALSE,NONE,ALGOPT,,,MTCH,FALSE,2025-07-11T08:15:28.176684Z,DAVY,VFAR,2025-07-11T23:59:59.999999Z,2025-07-11T08:15:28.176684Z,,375,XMKT,DLTA,ZZ0000000104,2025-07-11T08:15:28.176684Z,100179,CAME,L,LMTO,,,,,,EUR,,MONE,BUYI,,,,60,0,0,,,,,,,,,,T10017939,,,,
SYNTHLEI0000000A0001,FALSE,CL1028,NONE,,,DEAL,FALSE,2025-07-11T08:15:39.554065Z,GTCV,VFCR,9999-12-31T23:59:59.999999Z,2025-07-11T07:56:30.554065Z,,376,XMKT,CHRL,ZZ0000000103,2025-07-11T08:15:39.554065Z,100524,FILL,L,,,,,,16.2493,EUR,,MONE,BUYI,,,,,0,,81,,,,,PASV,,,,T10052443,,,,
SYNTHLEI0000000D0004,FALSE,NONE,NONE,,,AOTC,FALSE,2025-07-11T08:16:14.733049Z,DAVY,VFCR,2025-07-11T23:59:59.999999Z,2025-07-11T08:16:14.733049Z,,377,XDRV,FTSE25T4900,ZV0000000201,2025-07-11T08:16:14.733049Z,100505,CAME,L,,,,,,,EUR,,MONE,SELL,,,,50,0,0,,,,,,,,,,T10050562,,,,
SYNTHLEI0000000G0007,FALSE,CL1009,NONE,,,AOTC,FALSE,2025-07-11T08:16:19.547376Z,DAVY,VFCR,2025-07-11T23:59:59.999999Z,2025-07-11T08:16:19.547376Z,,378,XMKT,FXTR,ZZ0000000106,2025-07-11T08:16:19.547376Z,100405,NEWO,L,LMTO,3.1955,0,0,0,0,EUR,,MONE,SELL,ACTI,,,1000,1000,1000,,,,,,,,,,T10040519,,,,
SYNTHLEI0000000C0003,FALSE,NONE,NONE,,,DEAL,FALSE,2025-07-11T08:16:37.089869Z,GTCV,VFCR,9999-12-31T23:59:59.999999Z,2025-07-11T08:16:37.089869Z,,379,XMKT,DLTA,ZZ0000000104,2025-07-11T08:16:37.089869Z,100116,NEWO,L,LMTO,3.14,0,0,0,0,EUR,,MONE,SELL,ACTI,,,1500,1500,1500,,,,,,,,,,T10011691,,,,
SYNTHLEI0000000E0005,FALSE,CL1006,NONE,,,AOTC,FALSE,2025-07-11T08:17:30.560829Z,DAVY,VFCR,2025-07-11T23:59:59.999999Z,2025-07-11T08:17:30.560829Z,,380,XMKT,GOLF,ZZ0000000107,2025-07-11T08:17:30.560829Z,100012,NEWO,L,LMTO,4.158,0,0,0,0,EUR,,MONE,SELL,ACTI,,,3000,3000,3000,,,,,,,,,,T10001214,,,,
SYNTHLEI0000000E0005,FALSE,CL1006,NONE,,,AOTC,FALSE,2025-07-11T08:17:33.949829Z,DAVY,VFCR,2025-07-11T23:59:59.999999Z,2025-07-11T08:17:33.949829Z,,381,XMKT,GOLF,ZZ0000000107,2025-07-11T08:17:33.949829Z,100012,REME,L,LMTO,4.1573,,,,,EUR,,MONE,SELL,ACTI,,,3000,3000,3000,,,,,,,,,,T10001214,,,,
SYNTHLEI0000000E0005,FALSE,CL1006,NONE,,,AOTC,FALSE,2025-07-11T08:17:35.565829Z,DAVY,VFCR,2025-07-11T23:59:59.999999Z,2025-07-11T08:17:35.565829Z,,382,XMKT,GOLF,ZZ0000000107,2025-07-11T08:17:35.565829Z,100012,REME,L,LMTO,4.1531,,,,,EUR,,MONE,SELL,ACTI,,,3000,3000,3000,,,,,,,,,,T10001214,,,,
SYNTHLEI0000000E0005,FALSE,CL1006,NONE,,,AOTC,FALSE,2025-07-11T08:17:39.864829Z,DAVY,VFCR,2025-07-11T23:59:59.999999Z,2025-07-11T08:17:39.864829Z,,383,XMKT,GOLF,ZZ0000000107,2025-07-11T08:17:39.864829Z,100012,CAME,L,LMTO,,,,,,EUR,,MONE,SELL,,,,3000,0,0,,,,,,,,,,T10001214,,,,
SYNTHLEI0000000A0001,TRUE,CL1038,NONE,,,AOTC,FALSE,2025-07-11T08:17:43.093741Z,DAVY,VFCR,2025-07-11T23:59:59.999999Z,2025-07-11T08:17:43.093741Z,,384,XMKT,DLTA,ZZ0000000104,2025-07-11T08:17:43.093741Z,100645,NEWO,L,LMTO,3.1455,0,0,0,0,EUR,,MONE,SELL,ACTI,,,500,500,500,,,,,,,,,,T10064553,,,,
SYNTHLEI0000000A0001,FALSE,NONE,NONE,,,AOTC,FALSE,2025-07-11T08:18:08.025344Z,GTDV,,2025-07-11T23:59:59.999999Z,2025-07-11T08:18:08.025344Z,,385,XMKT,HOTL,ZZ0000000108,2025-07-11T08:18:08.025344Z,100622,REME,L,LMTO,3.1832,,,,,EUR,,MONE,BUYI,ACTI,,,20,20,20,,,,,,,,,,T10062220,,,,
SYNTHLEI0000000A0001,FALSE,NONE,NONE,,,MTCH,FALSE,2025-07-11T08:18:14.147918Z,DAVY,,2025-07-11T23:59:59.999999Z,2025-07-11T08:18:14.147918Z,,386,XMKT,ABLE,ZZ0000000101,2025-07-11T08:18:14.147918Z,100440,CAME,L,,,,,,,EUR,,MONE,SELL,,,,5,0,0,,,,,,,,,,T10044030,,,,
SYNTHLEI0000000C0003,FALSE,CL1001,NONE,,,MTCH,FALSE,2025-07-11T08:18:23.448523Z,GTDV,VFCR,2025-07-11T23:59:59.999999Z,2025-07-11T08:06:47.448523Z,,387,XMKT,INDX,ZZ0000000109,2025-07-11T08:18:23.448523Z,100284,PARF,L,,,,,,0.4633,EUR,,MONE,SELL,,,,,110,,40,,,,,AGRE,,,,T10028462,,,,
SYNTHLEI0000000C0003,FALSE,CL1001,NONE,,,MTCH,FALSE,2025-07-11T08:18:42.448523Z,GTDV,VFCR,2025-07-11T23:59:59.999999Z,2025-07-11T08:18:42.448523Z,,388,XMKT,INDX,ZZ0000000109,2025-07-11T08:18:42.448523Z,100284,CAME,L,,,,,,,EUR,,MONE,SELL,,,,150,0,0,,,,,,,,,,T10028462,,,,
SYNTHLEI0000000C0003,FALSE,CL1032,NONE,,,AOTC,FALSE,2025-07-11T08:18:43.902218Z,DAVY,,2025-07-11T23:59:59.999999Z,2025-07-11T08:14:01.902218Z,,389,XMKT,HOTL,ZZ0000000108,2025-07-11T08:18:43.902218Z,100299,FILL,L,,,,,,3.1756,EUR,,MONE,SELL,,,,,0,,40,,,,,AGRE,,,,T10029954,,,,
SYNTHLEI0000000H0008,FALSE,NONE,NONE,,,AOTC,FALSE,2025-07-11T08:18:45.445140Z,IOCV,VFAR,9999-12-31T23:59:59.999999Z,2025-07-11T08:18:45.445140Z,,390,XMKT,ABLE,ZZ0000000101,2025-07-11T08:18:45.445140Z,100635,REME,L,LMTO,6.4956,,,,,EUR,,MONE,SELL,ACTI,,,5,5,5,,,,,,,,,,T10063531,,,,
SYNTHLEI0000000G0007,FALSE,CL1013,NONE,,,AOTC,FALSE,2025-07-11T08:18:45.521306Z,GTDV,VFAR,2025-07-11T23:59:59.999999Z,2025-07-11T08:18:45.521306Z,,391,XMKT,HOTL,ZZ0000000108,2025-07-11T08:18:45.521306Z,100384,NEWO,L,LMTO,3.1739,0,0,0,0,EUR,,MONE,BUYI,ACTI,,,5,5,5,,,,,,,,,,T10038487,,,,
SYNTHLEI0000000H0008,FALSE,NONE,NONE,,,AOTC,FALSE,2025-07-11T08:19:09.445140Z,IOCV,VFAR,9999-12-31T23:59:59.999999Z,2025-07-11T08:15:07.445140Z,,392,XMKT,ABLE,ZZ0000000101,2025-07-11T08:19:09.445140Z,100635,PARF,L,,,,,,6.4956,EUR,,MONE,SELL,,,,,4,,1,,,,,AGRE,,,,T10063531,,,,
SYNTHLEI0000000H0008,FALSE,CL1003,NONE,,,AOTC,FALSE,2025-07-11T08:19:12.552499Z,IOCV,VFAR,9999-12-31T23:59:59.999999Z,2025-07-11T08:14:42.552499Z,,393,XDRV,OPT25G15.00,ZV0000000202,2025-07-11T08:19:12.552499Z,100099,PARF,L,,,,,,0.4559,EUR,,MONE,SELL,,,,,0,,1,,,,,PASV,,,,T10009976,,,,
SYNTHLEI0000000A0001,TRUE,CL1009,NONE,,,MTCH,FALSE,2025-07-11T08:19:26.525794Z,GTDV,VFAR,2025-07-11T23:59:59.999999Z,2025-07-11T08:19:26.525794Z,,394,XMKT,CHRL,ZZ0000000103,2025-07-11T08:19:26.525794Z,100282,NEWO,L,LMTO,16.2642,0,0,0,0,EUR,,MONE,SELL,ACTI,,,5,5,5,,,,,,,,,,T10028231,,,,
SYNTHLEI0000000B0002,FALSE,NONE,ALGOPT,,,AOTC,FALSE,2025-07-11T08:19:32.651233Z,DAVY,VFAR,2025-07-11T23:59:59.999999Z,2025-07-11T08:19:32.651233Z,,395,XDRV,OPT25G15.00,ZV0000000202,2025-07-11T08:19:32.651233Z,100516,NEWO,L,LMTO,0.4563,0,0,0,0,EUR,,MONE,SELL,ACTI,,,5,5,5,,,,,,,,,,T10051698,,,,
SYNTHLEI0000000H0008,FALSE,NONE,NONE,,,AOTC,FALSE,2025-07-11T08:19:35.445140Z,IOCV,VFAR,9999-12-31T23:59:59.999999Z,2025-07-11T08:15:07.445140Z,,396,XMKT,ABLE,ZZ0000000101,2025-07-11T08:19:35.445140Z,100635,FILL,L,,,,,,6.4956,EUR,,MONE,SELL,,,,,0,,4,,,,,PASV,,,,T10063531,,,,
SYNTHLEI0000000D0004,FALSE,CL1013,NONE,,,DEAL,FALSE,2025-07-11T08:19:46.385724Z,DAVY,VFAR,2025-07-11T23:59:59.999999Z,2025-07-11T08:19:46.385724Z,,397,XDRV,FTSE25T4900,ZV0000000201,2025-07-11T08:19:46.385724Z,100628,NEWO,M,LMTO,0,0,0,0,0,EUR,,MONE,SELL,ACTI,,,1,1,1,,,,,,,,,,T10062862,,,,
SYNTHLEI0000000H0008,FALSE,CL1010,NONE,,,DEAL,TRUE,2025-07-11T08:19:56.089645Z,DAVY,VFAR,2025-07-11T23:59:59.999999Z,2025-07-11T08:19:56.089645Z,,398,XMKT,BRVO,ZZ0000000102,2025-07-11T08:19:56.089645Z,100370,NEWO,L,LMTO,2.0814,0,0,0,0,EUR,,MONE,BUYI,ACTI,,,1000,1000,1000,,,,,,,,,,T10037064,,,,
SYNTHLEI0000000A0001,FALSE,CL1006,NONE,,,MTCH,FALSE,2025-07-11T08:20:18.677634Z,GTDV,VFAR,2025-07-11T23:59:59.999999Z,2025-07-11T08:20:18.677634Z,,399,XMKT,JULT,ZZ0000000110,2025-07-11T08:20:18.677634Z,100168,NEWO,L,LMTO,11.3788,0,0,0,0,EUR,,MONE,SELL,ACTI,,,20,20,20,,,,,,,,,,T10016883,,,,
SYNTHLEI0000000H0008,FALSE,CL1003,NONE,,,AOTC,FALSE,2025-07-11T08:20:36.552499Z,IOCV,VFAR,9999-12-31T23:59:59.999999Z,2025-07-11T08:20:36.552499Z,,400,XDRV,OPT25G15.00,ZV0000000202,2025-07-11T08:20:36.552499Z,100099,CAME,L,,,,,,,EUR,,MONE,SELL,,,,1,0,0,,,,,,,,,,T10009976,,,,
SYNTHLEI0000000G0007,FALSE,NONE,NONE,,,AOTC,FALSE,2025-07-11T08:21:34.235192Z,IOCV,,9999-12-31T23:59:59.999999Z,2025-07-11T08:21:34.235192Z,,401,XMKT,INDX,ZZ0000000109,2025-07-11T08:21:34.235192Z,100330,NEWO,S,STOP,0.4638,0,0.4505,0,0,EUR,,MONE,BUYI,ACTI,,,100,100,100,,,,,,,,,,T10033077,,,,
SYNTHLEI0000000G0007,FALSE,NONE,ALGO1,,,AOTC,FALSE,2025-07-11T08:22:10.728212Z,DAVY,VFAR,2025-07-11T23:59:59.999999Z,2025-07-11T08:22:10.728212Z,,402,XMKT,JULT,ZZ0000000110,2025-07-11T08:22:10.728212Z,100109,NEWO,L,LMTO,11.3942,0,0,0,0,EUR,,MONE,SELL,ACTI,,,100,100,100,,,,,,,,,,T10010988,,,,
SYNTHLEI0000000F0006,FALSE,CL1038,NONE,,,DEAL,TRUE,2025-07-11T08:22:33.072116Z,DAVY,,2025-07-11T23:59:59.999999Z,2025-07-11T08:22:33.072116Z,,403,XMKT,GOLF,ZZ0000000107,2025-07-11T08:22:33.072116Z,100006,NEWO,L,LMTO,4.1682,0,0,0,0,EUR,,MONE,SELL,ACTI,,,500,500,500,,,,,,,,,,T10000626,,,,
SYNTHLEI0000000F0006,FALSE,CL1038,NONE,,,DEAL,TRUE,2025-07-11T08:22:33.684116Z,DAVY,,2025-07-11T23:59:59.999999Z,2025-07-11T08:22:33.072116Z,,404,XMKT,GOLF,ZZ0000000107,2025-07-11T08:22:33.684116Z,100006,CAME,L,LMTO,,,,,,EUR,,MONE,SELL,,,,500,0,0,,,,,,,,,,T10000626,,,,
SYNTHLEI0000000G0007,FALSE,CL1013,NONE,,,AOTC,FALSE,2025-07-11T08:22:40.521306Z,GTDV,VFAR,2025-07-11T23:59:59.999999Z,2025-07-11T08:18:45.521306Z,,405,XMKT,HOTL,ZZ0000000108,2025-07-11T08:22:40.521306Z,100384,FILL,L,,,,,,3.1739,EUR,,MONE,BUYI,,,,,0,,5,,,,,PASV,,,,T10038487,,,,
SYNTHLEI0000000B0002,TRUE,CL1027,NONE,,,AOTC,FALSE,2025-07-11T08:22:46.075665Z,DAVY,VFCR,2025-07-11T23:59:59.999999Z,2025-07-11T08:22:46.075665Z,,406,XMKT,ECHO,ZZ0000000105,2025-07-11T08:22:46.075665Z,100074,NEWO,L,LMTO,7.9258,0,0,0,0,EUR,,MONE,BUYI,ACTI,,,60,60,60,,,,,,,,,,T10007473,,,,
SYNTHLEI0000000H0008,FALSE,CL1010,NONE,,,DEAL,TRUE,2025-07-11T08:22:59.089645Z,DAVY,VFAR,2025-07-11T23:59:59.999999Z,2025-07-11T08:19:56.089645Z,,407,XMKT,BRVO,ZZ0000000102,2025-07-11T08:22:59.089645Z,100370,PARF,L,,,,,,2.0814,EUR,,MONE,BUYI,,,,,741,,259,,,,,PASV,,,,T10037064,,,,
SYNTHLEI0000000A0001,TRUE,CL1038,NONE,,,AOTC,FALSE,2025-07-11T08:23:11.093741Z,DAVY,VFCR,2025-07-11T23:59:59.999999Z,2025-07-11T08:17:43.093741Z,,408,XMKT,DLTA,ZZ0000000104,2025-07-11T08:23:11.093741Z,100645,FILL,L,,,,,,3.1455,EUR,,MONE,SELL,,,,,0,,500,,,,,PASV,,,,T10064553,,,,
SYNTHLEI0000000B0002,FALSE,CL1002,NONE,,,MTCH,FALSE,2025-07-11T08:23:25.132387Z,IOCV,VFCR,9999-12-31T23:59:59.999999Z,2025-07-11T08:23:25.132387Z,,409,XMKT,GOLF,ZZ0000000107,2025-07-11T08:23:25.132387Z,100459,CAME,L,,,,,,,EUR,,MONE,SELL,,,,200,0,0,,,,,,,,,,T10045939,,,,
SYNTHLEI0000000A0001,FALSE,NONE,NONE,,,AOTC,FALSE,2025-07-11T08:23:39.025344Z,GTDV,,2025-07-11T23:59:59.999999Z,2025-07-11T08:09:12.025344Z,,410,XMKT,HOTL,ZZ0000000108,2025-07-11T08:23:39.025344Z,100622,FILL,L,,,,,,3.1832,EUR,,MONE,BUYI,,,,,0,,20,,,,,AGRE,,,,T10062220,,,,
SYNTHLEI0000000C0003,FALSE,NONE,ALGO1,,,AOTC,FALSE,2025-07-11T08:23:51.149410Z,GTDV,VFAR,2025-07-11T23:59:59.999999Z,2025-07-11T08:23:51.149410Z,,411,XMKT,BRVO,ZZ0000000102,2025-07-11T08:23:51.149410Z,100539,NEWO,L,LMTO,2.089,0,0,0,0,EUR,,MONE,BUYI,ACTI,,,100,100,100,,,,,,,,,,T10053934,,,,
SYNTHLEI0000000A0001,FALSE,CL1006,NONE,,,MTCH,FALSE,2025-07-11T08:23:59.677634Z,GTDV,VFAR,2025-07-11T23:59:59.999999Z,2025-07-11T08:20:18.677634Z,,412,XMKT,JULT,ZZ0000000110,2025-07-11T08:23:59.677634Z,100168,FILL,L,,,,,,11.3788,EUR,,MONE,SELL,,,,,0,,20,,,,,PASV,,,,T10016883,,,,
SYNTHLEI0000000B0002,FALSE,NONE,ALGOPT,,,AOTC,FALSE,2025-07-11T08:24:26.651233Z,DAVY,VFAR,2025-07-11T23:59:59.999999Z,2025-07-11T08:19:32.651233Z,,413,XDRV,OPT25G15.00,ZV0000000202,2025-07-11T08:24:26.651233Z,100516,FILL,L,,,,,,0.4563,EUR,,MONE,SELL,,,,,0,,5,,,,,AGRE,,,,T10051698,,,,
SYNTHLEI0000000H0008,FALSE,CL1010,NONE,,,DEAL,TRUE,2025-07-11T08:24:31.089645Z,DAVY,VFAR,2025-07-11T23:59:59.999999Z,2025-07-11T08:19:56.089645Z,,414,XMKT,BRVO,ZZ0000000102,2025-07-11T08:24:31.089645Z,100370,FILL,L,,,,,,2.0814,EUR,,MONE,BUYI,,,,,0,,741,,,,,AGRE,,,,T10037064,,,,
SYNTHLEI0000000G0007,FALSE,NONE,ALGOPT,,,AOTC,FALSE,2025-07-11T08:24:34.138800Z,DAVY,VFCR,2025-07-11T23:59:59.999999Z,2025-07-11T08:24:34.138800Z,,415,XDRV,OPT25G15.00,ZV0000000202,2025-07-11T08:24:34.138800Z,100356,NEWO,L,LMTO,0.4461,0,0,0,0,EUR,,MONE,BUYI,ACTI,,,1,1,1,,,,,,,,,,T10035675,,,,
SYNTHLEI0000000B0002,FALSE,CL1016,NONE,,,AOTC,FALSE,2025-07-11T08:24:56.663755Z,GTCV,VFAR,9999-12-31T23:59:59.999999Z,2025-07-11T08:24:56.663755Z,,416,XMKT,ABLE,ZZ0000000101,2025-07-11T08:24:56.663755Z,100018,NEWO,L,LMTO,6.4952,0,0,0,0,EUR,,MONE,SELL,ACTI,,,60,60,60,,,,,,,,,,T10001862,,,,
SYNTHLEI0000000C0003,FALSE,NONE,ALGO1,,,AOTC,FALSE,2025-07-11T08:25:20.149410Z,GTDV,VFAR,2025-07-11T23:59:59.999999Z,2025-07-11T08:23:51.149410Z,,417,XMKT,BRVO,ZZ0000000102,2025-07-11T08:25:20.149410Z,100539,PARF,L,,,,,,2.089,EUR,,MONE,BUYI,,,,,65,,35,,,,,AGRE,,,,T10053934,,,,
SYNTHLEI0000000D0004,FALSE,CL1013,NONE,,,DEAL,FALSE,2025-07-11T08:25:27.385724Z,DAVY,VFAR,2025-07-11T23:59:59.999999Z,2025-07-11T08:25:27.385724Z,,418,XDRV,FTSE25T4900,ZV0000000201,2025-07-11T08:25:27.385724Z,100628,REME,M,LMTO,107.9909,,,,,EUR,,MONE,SELL,ACTI,,,1,1,1,,,,,,,,,,T10062862,,,,
SYNTHLEI0000000G0007,FALSE,CL1003,NONE,,,MTCH,FALSE,2025-07-11T08:25:29.429969Z,FOKV,VFCR,9999-12-31T23:59:59.999999Z,2025-07-11T08:25:29.429969Z,,419,XMKT,GOLF,ZZ0000000107,2025-07-11T08:25:29.429969Z,100003,NEWO,S,STOP,4.3047,0,4.0585,0,0,EUR,,MONE,BUYI,ACTI,,,500,500,500,,,,,,,,,,T10000325,,,,
SYNTHLEI0000000C0003,FALSE,NONE,NONE,,,DEAL,FALSE,2025-07-11T08:25:40.089869Z,GTCV,VFCR,9999-12-31T23:59:59.999999Z,2025-07-11T08:25:40.089869Z,,420,XMKT,DLTA,ZZ0000000104,2025-07-11T08:25:40.089869Z,100116,CAME,L,,,,,,,EUR,,MONE,SELL,,,,1500,0,0,,,,,,,,,,T10011691,,,,
SYNTHLEI0000000H0008,TRUE,NONE,NONE,,,AOTC,FALSE,2025-07-11T08:25:44.070200Z,GTCV,VFAR,9999-12-31T23:59:59.999999Z,2025-07-11T08:25:44.070200Z,,421,XMKT,ECHO,ZZ0000000105,2025-07-11T08:25:44.070200Z,100323,CAME,L,,,,,,,EUR,,MONE,BUYI,,,,150,0,0,,,,,,,,,,T10032312,,,,
SYNTHLEI0000000B0002,FALSE,NONE,ALGOPT,,,AOTC,FALSE,2025-07-11T08:26:27.931495Z,DAVY,VFCR,2025-07-11T23:59:59.999999Z,2025-07-11T08:26:27.931495Z,,422,XDRV,OPT25G15.00,ZV0000000202,2025-07-11T08:26:27.931495Z,100535,NEWO,L,LMTO,0.4558,0,0,0,0,EUR,,MONE,BUYI,ACTI,,,10,10,10,,,,,,,,,,T10053534,,,,
SYNTHLEI0000000B0002,FALSE,NONE,ALGOPT,,,AOTC,FALSE,2025-07-11T08:26:41.931495Z,DAVY,VFCR,2025-07-11T23:59:59.999999Z,2025-07-11T08:26:27.931495Z,,423,XDRV,OPT25G15.00,ZV0000000202,2025-07-11T08:26:41.931495Z,100535,PARF,L,,,,,,0.4558,EUR,,MONE,BUYI,,,,,9,,1,,,,,PASV,,,,T10053534,,,,
SYNTHLEI0000000G0007,FALSE,NONE,NONE,,,AOTC,FALSE,2025-07-11T08:26:52.235192Z,IOCV,,9999-12-31T23:59:59.999999Z,2025-07-11T08:26:52.235192Z,,424,XMKT,INDX,ZZ0000000109,2025-07-11T08:26:52.235192Z,100330,REME,S,STOP,0.4636,,,,,EUR,,MONE,BUYI,ACTI,,,100,100,100,,,,,,,,,,T10033077,,,,
SYNTHLEI0000000B0002,FALSE,NONE,ALGOPT,,,AOTC,FALSE,2025-07-11T08:27:01.931495Z,DAVY,VFCR,2025-07-11T23:59:59.999999Z,2025-07-11T08:27:01.931495Z,,425,XDRV,OPT25G15.00,ZV0000000202,2025-07-11T08:27:01.931495Z,100535,CAME,L,,,,,,,EUR,,MONE,BUYI,,,,10,0,0,,,,,,,,,,T10053534,,,,
SYNTHLEI0000000G0007,FALSE,NONE,ALGO1,,,AOTC,FALSE,2025-07-11T08:27:04.728212Z,DAVY,VFAR,2025-07-11T23:59:59.999999Z,2025-07-11T08:22:10.728212Z,,426,XMKT,JULT,ZZ0000000110,2025-07-11T08:27:04.728212Z,100109,FILL,L,,,,,,11.3942,EUR,,MONE,SELL,,,,,0,,100,,,,,PASV,,,,T10010988,,,,
SYNTHLEI0000000G0007,FALSE,NONE,ALGOPT,,,AOTC,FALSE,2025-07-11T08:27:06.138800Z,DAVY,VFCR,2025-07-11T23:59:59.999999Z,2025-07-11T08:27:06.138800Z,,427,XDRV,OPT25G15.00,ZV0000000202,2025-07-11T08:27:06.138800Z,100356,REME,L,LMTO,0.4464,,,,,EUR,,MONE,BUYI,ACTI,,,1,1,1,,,,,,,,,,T10035675,,,,
SYNTHLEI0000000G0007,FALSE,CL1003,NONE,,,MTCH,FALSE,2025-07-11T08:27:13.429969Z,FOKV,VFCR,9999-12-31T23:59:59.999999Z,2025-07-11T08:27:13.429969Z,,428,XMKT,GOLF,ZZ0000000107,2025-07-11T08:27:13.429969Z,100003,REME,S,STOP,4.3059,,,,,EUR,,MONE,BUYI,ACTI,,,500,500,500,,,,,,,,,,T10000325,,,,
SYNTHLEI0000000F0006,FALSE,NONE,NONE,,,AOTC,FALSE,2025-07-11T08:28:10.056944Z,GTDV,VFAR,2025-07-11T23:59:59.999999Z,2025-07-11T08:28:10.056944Z,,429,XMKT,JULT,ZZ0000000110,2025-07-11T08:28:10.056944Z,100528,NEWO,M,LMTO,0,0,0,0,0,EUR,,MONE,SELL,ACTI,,,1500,1500,1500,,,,,,,,,,T10052815,,,,
SYNTHLEI0000000F0006,FALSE,NONE,NONE,,,AOTC,FALSE,2025-07-11T08:28:10.605944Z,GTDV,VFAR,2025-07-11T23:59:59.999999Z,2025-07-11T08:28:10.056944Z,,430,XMKT,JULT,ZZ0000000110,2025-07-11T08:28:10.605944Z,100528,CAME,M,LMTO,,,,,,EUR,,MONE,SELL,,,,1500,0,0,,,,,,,,,,T10052815,,,,
SYNTHLEI0000000D0004,FALSE,CL1029,NONE,,,AOTC,FALSE,2025-07-11T08:28:22.170198Z,IOCV,,9999-12-31T23:59:59.999999Z,2025-07-11T08:28:22.170198Z,,431,XMKT,GOLF,ZZ0000000107,2025-07-11T08:28:22.170198Z,100559,NEWO,L,LMTO,4.1649,0,0,0,0,EUR,,MONE,SELL,ACTI,,,60,60,60,,,,,,,,,,T10055930,,,,
SYNTHLEI0000000B0002,FALSE,CL1005,NONE,,,AOTC,FALSE,2025-07-11T08:28:40.877756Z,GTCV,,9999-12-31T23:59:59.999999Z,2025-07-11T08:28:40.877756Z,,432,XMKT,JULT,ZZ0000000110,2025-07-11T08:28:40.877756Z,100412,CAME,L,,,,,,,EUR,,MONE,BUYI,,,,40,0,0,,,,,,,,,,T10041274,,,,
SYNTHLEI0000000B0002,FALSE,CL1016,NONE,,,AOTC,FALSE,2025-07-11T08:29:32.663755Z,GTCV,VFAR,9999-12-31T23:59:59.999999Z,2025-07-11T08:24:56.663755Z,,433,XMKT,ABLE,ZZ0000000101,2025-07-11T08:29:32.663755Z,100018,PARF,L,,,,,,6.4952,EUR,,MONE,SELL,,,,,50,,10,,,,,PASV,,,,T10001862,,,,
SYNTHLEI0000000F0006,FALSE,CL1014,NONE,,,DEAL,TRUE,2025-07-11T08:29:34.902377Z,DAVY,VFCR,2025-07-11T23:59:59.999999Z,2025-07-11T08:29:34.902377Z,,434,XMKT,INDX,ZZ0000000109,2025-07-11T08:29:34.902377Z,100406,NEWO,L,LMTO,0.4638,0,0,0,0,EUR,,MONE,BUYI,ACTI,,,200,200,200,,,,,,,,,,T10040683,,,,
SYNTHLEI0000000F0006,FALSE,CL1014,NONE,,,DEAL,TRUE,2025-07-11T08:29:35.192377Z,DAVY,VFCR,2025-07-11T23:59:59.999999Z,2025-07-11T08:29:34.902377Z,,435,XMKT,INDX,ZZ0000000109,2025-07-11T08:29:35.192377Z,100406,CAME,L,LMTO,,,,,,EUR,,MONE,BUYI,,,,200,0,0,,,,,,,,,,T10040683,,,,
SYNTHLEI0000000G0007,FALSE,CL1008,NONE,,,AOTC,FALSE,2025-07-11T08:29:38.373039Z,GTDV,VFAR,2025-07-11T23:59:59.999999Z,2025-07-11T08:29:38.373039Z,,436,XMKT,HOTL,ZZ0000000108,2025-07-11T08:29:38.373039Z,100219,CAME,L,,,,,,,EUR,,MONE,BUYI,,,,1000,0,0,,,,,,,,,,T10021973,,,,
SYNTHLEI0000000G0007,FALSE,CL1021,NONE,,,AOTC,FALSE,2025-07-11T08:30:08.825804Z,IOCV,,9999-12-31T23:59:59.999999Z,2025-07-11T08:30:08.825804Z,,437,XMKT,FXTR,ZZ0000000106,2025-07-11T08:30:08.825804Z,100313,CAME,L,,,,,,,EUR,,MONE,SELL,,,,150,0,0,,,,,,,,,,T10031342,,,,
SYNTHLEI0000000D0004,FALSE,CL1029,NONE,,,AOTC,FALSE,2025-07-11T08:30:23.170198Z,IOCV,,9999-12-31T23:59:59.999999Z,2025-07-11T08:28:22.170198Z,,438,XMKT,GOLF,ZZ0000000107,2025-07-11T08:30:23.170198Z,100559,FILL,L,,,,,,4.1649,EUR,,MONE,SELL,,,,,0,,60,,,,,AGRE,,,,T10055930,,,,
SYNTHLEI0000000H0008,FALSE,NONE,NONE,,,AOTC,FALSE,2025-07-11T08:30:50.212004Z,DAVY,VFAR,2025-07-11T23:59:59.999999Z,2025-07-11T08:30:50.212004Z,,439,XMKT,GOLF,ZZ0000000107,2025-07-11T08:30:50.212004Z,100358,NEWO,L,LMTO,4.1632,0,0,0,0,EUR,,MONE,SELL,ACTI,,,3000,3000,3000,,,,,,,,,,T10035895,,,,
SYNTHLEI0000000G0007,FALSE,NONE,NONE,,,AOTC,FALSE,2025-07-11T08:30:59.235192Z,IOCV,,9999-12-31T23:59:59.999999Z,2025-07-11T08:30:59.235192Z,,440,XMKT,INDX,ZZ0000000109,2025-07-11T08:30:59.235192Z,100330,CAME,S,,,,,,,EUR,,MONE,BUYI,,,,100,0,0,,,,,,,,,,T10033077,,,,
SYNTHLEI0000000D0004,TRUE,CL1022,NONE,,,MTCH,FALSE,2025-07-11T08:31:14.747411Z,GTDV,VFAR,2025-07-11T23:59:59.999999Z,2025-07-11T08:31:14.747411Z,,441,XMKT,GOLF,ZZ0000000107,2025-07-11T08:31:14.747411Z,100523,NEWO,S,STOP,4.1718,0,4.116,0,0,EUR,,MONE,BUYI,ACTI,,,100,100,100,,,,,,,,,,T10052384,,,,
SYNTHLEI0000000G0007,FALSE,CL1003,NONE,,,MTCH,FALSE,2025-07-11T08:31:23.429969Z,FOKV,VFCR,9999-12-31T23:59:59.999999Z,2025-07-11T08:25:29.429969Z,,442,XMKT,GOLF,ZZ0000000107,2025-07-11T08:31:23.429969Z,100003,FILL,S,,,,,,4.3059,EUR,,MONE,BUYI,,,,,0,,500,,,,,PASV,,,,T10000325,,,,
SYNTHLEI0000000F0006,FALSE,CL1020,NONE,,,AOTC,FALSE,2025-07-11T08:31:24.391403Z,IOCV,VFAR,9999-12-31T23:59:59.999999Z,2025-07-11T08:31:24.391403Z,,443,XMKT,ABLE,ZZ0000000101,2025-07-11T08:31:24.391403Z,100061,NEWO,L,LMTO,6.5066,0,0,0,0,EUR,,MONE,SELL,ACTI,,,100,100,100,,,,,,,,,,T10006182,,,,
SYNTHLEI0000000F0006,FALSE,CL1020,NONE,,,AOTC,FALSE,2025-07-11T08:31:25.265403Z,IOCV,VFAR,9999-12-31T23:59:59.999999Z,2025-07-11T08:31:24.391403Z,,444,XMKT,ABLE,ZZ0000000101,2025-07-11T08:31:25.265403Z,100061,CAME,L,LMTO,,,,,,EUR,,MONE,SELL,,,,100,0,0,,,,,,,,,,T10006182,,,,
SYNTHLEI0000000H0008,FALSE,CL1000,NONE,,,AOTC,FALSE,2025-07-11T08:31:44.961914Z,GTCV,VFAR,9999-12-31T23:59:59.999999Z,2025-07-11T08:31:44.961914Z,,445,XMKT,JULT,ZZ0000000110,2025-07-11T08:31:44.961914Z,100016,NEWO,L,LMTO,11.3878,0,0,0,0,EUR,,MONE,BUYI,ACTI,,,1500,1500,1500,,,,,,,,,,T10001661,,,,
SYNTHLEI0000000D0004,FALSE,CL1014,NONE,,,AOTC,FALSE,2025-07-11T08:31:55.328159Z,GTDV,VFAR,2025-07-11T23:59:59.999999Z,2025-07-11T08:31:55.328159Z,,446,XMKT,DLTA,ZZ0000000104,2025-07-11T08:31:55.328159Z,100574,NEWO,L,LMTO,3.1418,0,0,0,0,EUR,,MONE,BUYI,ACTI,,,5,5,5,,,,,,,,,,T10057440,,,,
SYNTHLEI0000000C0003,FALSE,CL1033,NONE,,,AOTC,FALSE,2025-07-11T08:31:57.978083Z,GTCV,,9999-12-31T23:59:59.999999Z,2025-07-11T08:31:57.978083Z,,447,XMKT,ABLE,ZZ0000000101,2025-07-11T08:31:57.978083Z,100107,NEWO,L,LMTO,6.5032,0,0,0,0,EUR,,MONE,BUYI,ACTI,,,500,500,500,,,,,,,,,,T10010784,,,,
SYNTHLEI0000000D0004,FALSE,CL1013,NONE,,,DEAL,FALSE,2025-07-11T08:32:05.385724Z,DAVY,VFAR,2025-07-11T23:59:59.999999Z,2025-07-11T08:32:05.385724Z,,448,XDRV,FTSE25T4900,ZV0000000201,2025-07-11T08:32:05.385724Z,100628,CAME,M,,,,,,,EUR,,MONE,SELL,,,,1,0,0,,,,,,,,,,T10062862,,,,
SYNTHLEI0000000G0007,FALSE,NONE,ALGOPT,,,AOTC,FALSE,2025-07-11T08:33:41.138800Z,DAVY,VFCR,2025-07-11T23:59:59.999999Z,2025-07-11T08:24:34.138800Z,,449,XDRV,OPT25G15.00,ZV0000000202,2025-07-11T08:33:41.138800Z,100356,PARF,L,,,,,,0.4464,EUR,,MONE,BUYI,,,,,0,,1,,,,,AGRE,,,,T10035675,,,,
SYNTHLEI0000000C0003,FALSE,NONE,ALGO1,,,AOTC,FALSE,2025-07-11T08:33:43.149410Z,GTDV,VFAR,2025-07-11T23:59:59.999999Z,2025-07-11T08:33:43.149410Z,,450,XMKT,BRVO,ZZ0000000102,2025-07-11T08:33:43.149410Z,100539,CAME,L,,,,,,,EUR,,MONE,BUYI,,,,100,0,0,,,,,,,,,,T10053934,,,,
SYNTHLEI0000000H0008,FALSE,CL1034,NONE,,,AOTC,FALSE,2025-07-11T08:33:59.836229Z,GTCV,VFCR,9999-12-31T23:59:59.999999Z,2025-07-11T08:33:59.836229Z,,451,XMKT,HOTL,ZZ0000000108,2025-07-11T08:33:59.836229Z,100247,NEWO,L,LMTO,3.1766,0,0,0,0,EUR,,MONE,BUYI,ACTI,,,150,150,150,,,,,,,,,,T10024794,,,,
SYNTHLEI0000000D0004,FALSE,CL1014,NONE,,,AOTC,FALSE,2025-07-11T08:34:05.328159Z,GTDV,VFAR,2025-07-11T23:59:59.999999Z,2025-07-11T08:34:05.328159Z,,452,XMKT,DLTA,ZZ0000000104,2025-07-11T08:34:05.328159Z,100574,REME,L,LMTO,3.1415,,,,,EUR,,MONE,BUYI,ACTI,,,5,5,5,,,,,,,,,,T10057440,,,,
SYNTHLEI0000000H0008,TRUE,CL1003,NONE,,,DEAL,TRUE,2025-07-11T08:34:40.766662Z,DAVY,VFCR,2025-07-11T23:59:59.999999Z,2025-07-11T08:34:40.766662Z,,453,XDRV,OPT25G15.00,ZV0000000202,2025-07-11T08:34:40.766662Z,100337,NEWO,L,LMTO,0.457,0,0,0,0,EUR,,MONE,SELL,ACTI,,,50,50,50,,,,,,,,,,T10033786,,,,
SYNTHLEI0000000C0003,FALSE,CL1033,NONE,,,AOTC,FALSE,2025-07-11T08:34:51.978083Z,GTCV,,9999-12-31T23:59:59.999999Z,2025-07-11T08:31:57.978083Z,,454,XMKT,ABLE,ZZ0000000101,2025-07-11T08:34:51.978083Z,100107,FILL,L,,,,,,6.5032,EUR,,MONE,BUYI,,,,,0,,500,,,,,PASV,,,,T10010784,,,,
SYNTHLEI0000000G0007,FALSE,CL1027,NONE,,,AOTC,FALSE,2025-07-11T08:35:34.335001Z,DAVY,VFCR,2025-07-11T23:59:59.999999Z,2025-07-11T08:35:34.335001Z,,455,XDRV,FTSE25T4900,ZV0000000201,2025-07-11T08:35:34.335001Z,100568,NEWO,L,LMTO,107.9302,0,0,0,0,EUR,,MONE,BUYI,ACTI,,,1,1,1,,,,,,,,,,T10056814,,,,
SYNTHLEI0000000D0004,FALSE,CL1014,NONE,,,AOTC,FALSE,2025-07-11T08:36:17.328159Z,GTDV,VFAR,2025-07-11T23:59:59.999999Z,2025-07-11T08:31:55.328159Z,,456,XMKT,DLTA,ZZ0000000104,2025-07-11T08:36:17.328159Z,100574,PARF,L,,,,,,3.1415,EUR,,MONE,BUYI,,,,,4,,1,,,,,PASV,,,,T10057440,,,,
SYNTHLEI0000000G0007,FALSE,NONE,ALGOPT,,,AOTC,FALSE,2025-07-11T08:36:28.138800Z,DAVY,VFCR,2025-07-11T23:59:59.999999Z,2025-07-11T08:24:34.138800Z,,457,XDRV,OPT25G15.00,ZV0000000202,2025-07-11T08:36:28.138800Z,100356,FILL,L,,,,,,0.4464,EUR,,MONE,BUYI,,,,,0,,0,,,,,AGRE,,,,T10035675,,,,
SYNTHLEI0000000H0008,FALSE,CL1034,NONE,,,AOTC,FALSE,2025-07-11T08:36:32.836229Z,GTCV,VFCR,9999-12-31T23:59:59.999999Z,2025-07-11T08:33:59.836229Z,,458,XMKT,HOTL,ZZ0000000108,2025-07-11T08:36:32.836229Z,100247,PARF,L,,,,,,3.1766,EUR,,MONE,BUYI,,,,,116,,34,,,,,AGRE,,,,T10024794,,,,
SYNTHLEI0000000A0001,FALSE,CL1007,NONE,,,AOTC,FALSE,2025-07-11T08:37:06.893354Z,DAVY,VFAR,2025-07-11T23:59:59.999999Z,2025-07-11T08:37:06.893354Z,,459,XMKT,FXTR,ZZ0000000106,2025-07-11T08:37:06.893354Z,100214,NEWO,L,LMTO,3.1937,0,0,0,0,EUR,,MONE,BUYI,ACTI,,,1500,1500,1500,,,,,,,,,,T10021461,,,,
SYNTHLEI0000000A0001,FALSE,NONE,ALGO1,,,AOTC,FALSE,2025-07-11T08:37:10.481729Z,GTCV,VFAR,9999-12-31T23:59:59.999999Z,2025-07-11T08:37:10.481729Z,,460,XMKT,CHRL,ZZ0000000103,2025-07-11T08:37:10.481729Z,100541,NEWO,L,LMTO,16.2436,0,0,0,0,EUR,,MONE,SELL,ACTI,,,20,20,20,,,,,,,,,,T10054129,,,,
SYNTHLEI0000000D0004,TRUE,CL1022,NONE,,,MTCH,FALSE,2025-07-11T08:37:29.747411Z,GTDV,VFAR,2025-07-11T23:59:59.999999Z,2025-07-11T08:31:14.747411Z,,461,XMKT,GOLF,ZZ0000000107,2025-07-11T08:37:29.747411Z,100523,FILL,S,,,,,,4.1718,EUR,,MONE,BUYI,,,,,0,,100,,,,,AGRE,,,,T10052384,,,,
SYNTHLEI0000000C0003,FALSE,CL1001,NONE,,,MTCH,FALSE,2025-07-11T08:37:46.405362Z,GTCV,VFCR,9999-12-31T23:59:59.999999Z,2025-07-11T08:37:46.405362Z,,462,XDRV,FTSE25T4900,ZV0000000201,2025-07-11T08:37:46.405362Z,100231,NEWO,L,LMTO,108.0708,0,0,0,0,EUR,,MONE,SELL,ACTI,,,2,2,2,,,,,,,,,,T10023189,,,,
SYNTHLEI0000000G0007,FALSE,CL1027,NONE,,,AOTC,FALSE,2025-07-11T08:38:12.335001Z,DAVY,VFCR,2025-07-11T23:59:59.999999Z,2025-07-11T08:38:12.335001Z,,463,XDRV,FTSE25T4900,ZV0000000201,2025-07-11T08:38:12.335001Z,100568,REME,L,LMTO,107.8644,,,,,EUR,,MONE,BUYI,ACTI,,,1,1,1,,,,,,,,,,T10056814,,,,
SYNTHLEI0000000B0002,FALSE,CL1016,NONE,,,AOTC,FALSE,2025-07-11T08:38:35.663755Z,GTCV,VFAR,9999-12-31T23:59:59.999999Z,2025-07-11T08:38:35.663755Z,,464,XMKT,ABLE,ZZ0000000101,2025-07-11T08:38:35.663755Z,100018,CAME,L,,,,,,,EUR,,MONE,SELL,,,,60,0,0,,,,,,,,,,T10001862,,,,
SYNTHLEI0000000H0008,FALSE,NONE,NONE,,,AOTC,FALSE,2025-07-11T08:38:47.212004Z,DAVY,VFAR,2025-07-11T23:59:59.999999Z,2025-07-11T08:38:47.212004Z,,465,XMKT,GOLF,ZZ0000000107,2025-07-11T08:38:47.212004Z,100358,REME,L,LMTO,4.1584,,,,,EUR,,MONE,SELL,ACTI,,,3000,3000,3000,,,,,,,,,,T10035895,,,,
SYNTHLEI0000000G0007,FALSE,CL1027,NONE,,,AOTC,FALSE,2025-07-11T08:39:32.335001Z,DAVY,VFCR,2025-07-11T23:59:59.999999Z,2025-07-11T08:35:34.335001Z,,466,XDRV,FTSE25T4900,ZV0000000201,2025-07-11T08:39:32.335001Z,100568,PARF,L,,,,,,107.8644,EUR,,MONE,BUYI,,,,,0,,1,,,,,PASV,,,,T10056814,,,,
SYNTHLEI0000000A0001,TRUE,CL1009,NONE,,,MTCH,FALSE,2025-07-11T08:39:37.525794Z,GTDV,VFAR,2025-07-11T23:59:59.999999Z,2025-07-11T08:39:37.525794Z,,467,XMKT,CHRL,ZZ0000000103,2025-07-11T08:39:37.525794Z,100282,CAME,L,,,,,,,EUR,,MONE,SELL,,,,5,0,0,,,,,,,,,,T10028231,,,,
SYNTHLEI0000000D0004,FALSE,CL1025,NONE,,,AOTC,FALSE,2025-07-11T08:40:13.035932Z,GTDV,VFAR,2025-07-11T23:59:59.999999Z,2025-07-11T08:40:13.035932Z,,468,XMKT,JULT,ZZ0000000110,2025-07-11T08:40:13.035932Z,100054,NEWO,L,LMTO,11.3957,0,0,0,0,EUR,,MONE,BUYI,ACTI,,,1000,1000,1000,,,,,,,,,,T10005497,,,,
SYNTHLEI0000000C0003,FALSE,CL1038,NONE,,,AOTC,FALSE,2025-07-11T08:40:34.148979Z,DAVY,VFCR,2025-07-11T23:59:59.999999Z,2025-07-11T08:40:34.148979Z,,469,XMKT,HOTL,ZZ0000000108,2025-07-11T08:40:34.148979Z,100414,CAME,L,,,,,,,EUR,,MONE,BUYI,,,,40,0,0,,,,,,,,,,T10041449,,,,
SYNTHLEI0000000D0004,FALSE,CL1017,NONE,,,DEAL,FALSE,2025-07-11T08:41:06.173370Z,DAVY,,2025-07-11T23:59:59.999999Z,2025-07-11T08:41:06.173370Z,,470,XMKT,INDX,ZZ0000000109,2025-07-11T08:41:06.173370Z,100178,NEWO,S,STOP,0.4643,0,0.4515,0,0,EUR,,MONE,SELL,ACTI,,,5,5,5,,,,,,,,,,T10017851,,,,
SYNTHLEI0000000B0002,TRUE,CL1027,NONE,,,AOTC,FALSE,2025-07-11T08:41:32.075665Z,DAVY,VFCR,2025-07-11T23:59:59.999999Z,2025-07-11T08:41:32.075665Z,,471,XMKT,ECHO,ZZ0000000105,2025-07-11T08:41:32.075665Z,100074,CAME,L,,,,,,,EUR,,MONE,BUYI,,,,60,0,0,,,,,,,,,,T10007473,,,,
SYNTHLEI0000000G0007,FALSE,CL1036,NONE,,,AOTC,FALSE,2025-07-11T08:41:38.730259Z,GTCV,VFAR,9999-12-31T23:59:59.999999Z,2025-07-11T08:41:38.730259Z,,472,XMKT,ABLE,ZZ0000000101,2025-07-11T08:41:38.730259Z,100593,NEWO,L,LMTO,6.4982,0,0,0,0,EUR,,MONE,BUYI,ACTI,,,3000,3000,3000,,,,,,,,,,T10059388,,,,
SYNTHLEI0000000H0008,FALSE,CL1009,NONE,,,AOTC,FALSE,2025-07-11T08:42:00.518766Z,DAVY,VFAR,2025-07-11T23:59:59.999999Z,2025-07-11T08:42:00.518766Z,,473,XDRV,OPT25G15.00,ZV0000000202,2025-07-11T08:42:00.518766Z,100572,NEWO,L,LMTO,0.4549,0,0,0,0,EUR,,MONE,SELL,ACTI,,,50,50,50,,,,,,,,,,T10057229,,,,
SYNTHLEI0000000D0004,FALSE,CL1017,NONE,,,DEAL,FALSE,2025-07-11T08:42:01.173370Z,DAVY,,2025-07-11T23:59:59.999999Z,2025-07-11T08:42:01.173370Z,,474,XMKT,INDX,ZZ0000000109,2025-07-11T08:42:01.173370Z,100178,REME,S,STOP,0.4641,,,,,EUR,,MONE,SELL,ACTI,,,5,5,5,,,,,,,,,,T10017851,,,,
SYNTHLEI0000000G0007,FALSE,CL1027,NONE,,,AOTC,FALSE,2025-07-11T08:42:27.335001Z,DAVY,VFCR,2025-07-11T23:59:59.999999Z,2025-07-11T08:35:34.335001Z,,475,XDRV,FTSE25T4900,ZV0000000201,2025-07-11T08:42:27.335001Z,100568,FILL,L,,,,,,107.8644,EUR,,MONE,BUYI,,,,,0,,0,,,,,AGRE,,,,T10056814,,,,
SYNTHLEI0000000D0004,FALSE,CL1002,NONE,,,AOTC,FALSE,2025-07-11T08:42:53.440435Z,GTCV,VFAR,9999-12-31T23:59:59.999999Z,2025-07-11T08:42:53.440435Z,,476,XDRV,OPT25G15.00,ZV0000000202,2025-07-11T08:42:53.440435Z,100354,NEWO,L,LMTO,0.4558,0,0,0,0,EUR,,MONE,SELL,ACTI,,,1,1,1,,,,,,,,,,T10035477,,,,
SYNTHLEI0000000A0001,FALSE,CL1007,NONE,,,AOTC,FALSE,2025-07-11T08:43:24.893354Z,DAVY,VFAR,2025-07-11T23:59:59.999999Z,2025-07-11T08:37:06.893354Z,,477,XMKT,FXTR,ZZ0000000106,2025-07-11T08:43:24.893354Z,100214,FILL,L,,,,,,3.1937,EUR,,MONE,BUYI,,,,,0,,1500,,,,,AGRE,,,,T10021461,,,,
SYNTHLEI0000000B0002,FALSE,CL1037,NONE,,,MTCH,FALSE,2025-07-11T08:43:44.028211Z,DAVY,VFCR,2025-07-11T23:59:59.999999Z,2025-07-11T08:43:44.028211Z,,478,XDRV,FTSE25T4900,ZV0000000201,2025-07-11T08:43:44.028211Z,100648,NEWO,L,LMTO,107.901,0,0,0,0,EUR,,MONE,SELL,ACTI,,,1,1,1,,,,,,,,,,T10064856,,,,
SYNTHLEI0000000F0006,TRUE,CL1006,NONE,,,AOTC,FALSE,2025-07-11T08:44:07.207398Z,GTCV,VFAR,9999-12-31T23:59:59.999999Z,2025-07-11T08:44:07.207398Z,,479,XMKT,INDX,ZZ0000000109,2025-07-11T08:44:07.207398Z,100586,NEWO,L,LMTO,0.464,0,0,0,0,EUR,,MONE,SELL,ACTI,,,150,150,150,,,,,,,,,,T10058655,,,,
SYNTHLEI0000000H0008,FALSE,CL1009,NONE,,,AOTC,FALSE,2025-07-11T08:44:11.518766Z,DAVY,VFAR,2025-07-11T23:59:59.999999Z,2025-07-11T08:44:11.518766Z,,480,XDRV,OPT25G15.00,ZV0000000202,2025-07-11T08:44:11.518766Z,100572,REME,L,LMTO,0.4543,,,,,EUR,,MONE,SELL,ACTI,,,50,50,50,,,,,,,,,,T10057229,,,,
SYNTHLEI0000000H0008,FALSE,CL1012,NONE,,,DEAL,TRUE,2025-07-11T08:44:14.180322Z,DAVY,VFCR,2025-07-11T23:59:59.999999Z,2025-07-11T08:44:14.180322Z,,481,XMKT,ECHO,ZZ0000000105,2025-07-11T08:44:14.180322Z,100172,NEWO,L,LMTO,7.932,0,0,0,0,EUR,,MONE,BUYI,ACTI,,,5,5,5,,,,,,,,,,T10017284,,,,
SYNTHLEI0000000B0002,FALSE,CL1037,NONE,,,MTCH,FALSE,2025-07-11T08:44:15.028211Z,DAVY,VFCR,2025-07-11T23:59:59.999999Z,2025-07-11T08:44:15.028211Z,,482,XDRV,FTSE25T4900,ZV0000000201,2025-07-11T08:44:15.028211Z,100648,REME,L,LMTO,107.8884,,,,,EUR,,MONE,SELL,ACTI,,,1,1,1,,,,,,,,,,T10064856,,,,
SYNTHLEI0000000H0008,FALSE,CL1034,NONE,,,AOTC,FALSE,2025-07-11T08:45:55.836229Z,GTCV,VFCR,9999-12-31T23:59:59.999999Z,2025-07-11T08:45:55.836229Z,,483,XMKT,HOTL,ZZ0000000108,2025-07-11T08:45:55.836229Z,100247,CAME,L,,,,,,,EUR,,MONE,BUYI,,,,150,0,0,,,,,,,,,,T10024794,,,,
SYNTHLEI0000000C0003,FALSE,CL1001,NONE,,,MTCH,FALSE,2025-07-11T08:45:59.405362Z,GTCV,VFCR,9999-12-31T23:59:59.999999Z,2025-07-11T08:45:59.405362Z,,484,XDRV,FTSE25T4900,ZV0000000201,2025-07-11T08:45:59.405362Z,100231,CAME,L,,,,,,,EUR,,MONE,SELL,,,,2,0,0,,,,,,,,,,T10023189,,,,
SYNTHLEI0000000D0004,FALSE,CL1014,NONE,,,AOTC,FALSE,2025-07-11T08:46:00.328159Z,GTDV,VFAR,2025-07-11T23:59:59.999999Z,2025-07-11T08:46:00.328159Z,,485,XMKT,DLTA,ZZ0000000104,2025-07-11T08:46:00.328159Z,100574,CAME,L,,,,,,,EUR,,MONE,BUYI,,,,5,0,0,,,,,,,,,,T10057440,,,,
SYNTHLEI0000000A0001,FALSE,CL1030,NONE,,,DEAL,TRUE,2025-07-11T08:46:01.327500Z,DAVY,VFAR,2025-07-11T23:59:59.999999Z,2025-07-11T08:46:01.327500Z,,486,XMKT,JULT,ZZ0000000110,2025-07-11T08:46:01.327500Z,100624,NEWO,L,LMTO,11.4075,0,0,0,0,EUR,,MONE,SELL,ACTI,,,5,5,5,,,,,,,,,,T10062480,,,,
SYNTHLEI0000000G0007,FALSE,CL1009,NONE,,,AOTC,FALSE,2025-07-11T08:46:19.547376Z,DAVY,VFCR,2025-07-11T23:59:59.999999Z,2025-07-11T08:46:19.547376Z,,487,XMKT,FXTR,ZZ0000000106,2025-07-11T08:46:19.547376Z,100405,CAME,L,,,,,,,EUR,,MONE,SELL,,,,1000,0,0,,,,,,,,,,T10040519,,,,
SYNTHLEI0000000G0007,FALSE,CL1036,NONE,,,AOTC,FALSE,2025-07-11T08:46:24.730259Z,GTCV,VFAR,9999-12-31T23:59:59.999999Z,2025-07-11T08:41:38.730259Z,,488,XMKT,ABLE,ZZ0000000101,2025-07-11T08:46:24.730259Z,100593,PARF,L,,,,,,6.4982,EUR,,MONE,BUYI,,,,,1565,,1435,,,,,AGRE,,,,T10059388,,,,
SYNTHLEI0000000A0001,FALSE,CL1026,NONE,,,DEAL,FALSE,2025-07-11T08:47:17.307186Z,DAVY,VFCR,2025-07-11T23:59:59.999999Z,2025-07-11T08:47:17.307186Z,,489,XMKT,ECHO,ZZ0000000105,2025-07-11T08:47:17.307186Z,100078,NEWO,L,LMTO,7.9236,0,0,0,0,EUR,,MONE,BUYI,ACTI,,,150,150,150,,,,,,,,,,T10007894,,,,
SYNTHLEI0000000H0008,FALSE,CL1012,NONE,,,DEAL,TRUE,2025-07-11T08:48:20.180322Z,DAVY,VFCR,2025-07-11T23:59:59.999999Z,2025-07-11T08:44:14.180322Z,,490,XMKT,ECHO,ZZ0000000105,2025-07-11T08:48:20.180322Z,100172,PARF,L,,,,,,7.932,EUR,,MONE,BUYI,,,,,4,,1,,,,,PASV,,,,T10017284,,,,
SYNTHLEI0000000G0007,FALSE,CL1002,NONE,,,AOTC,FALSE,2025-07-11T08:48:26.667129Z,GTDV,VFCR,2025-07-11T23:59:59.999999Z,2025-07-11T08:48:26.667129Z,,491,XMKT,BRVO,ZZ0000000102,2025-07-11T08:48:26.667129Z,100139,NEWO,L,LMTO,1.9727,0,0,0,0,EUR,,MONE,SELL,ACTI,,,100,100,100,,,,,,,,,,T10013924,,,,
SYNTHLEI0000000A0001,FALSE,CL1030,NONE,,,DEAL,TRUE,2025-07-11T08:48:39.327500Z,DAVY,VFAR,2025-07-11T23:59:59.999999Z,2025-07-11T08:48:39.327500Z,,492,XMKT,JULT,ZZ0000000110,2025-07-11T08:48:39.327500Z,100624,REME,L,LMTO,11.4193,,,,,EUR,,MONE,SELL,ACTI,,,5,5,5,,,,,,,,,,T10062480,,,,
SYNTHLEI0000000H0008,FALSE,CL1006,NONE,,,AOTC,FALSE,2025-07-11T08:48:57.143802Z,GTCV,VFAR,9999-12-31T23:59:59.999999Z,2025-07-11T08:48:57.143802Z,,493,XMKT,CHRL,ZZ0000000103,2025-07-11T08:48:57.143802Z,100368,NEWO,L,LMTO,16.2682,0,0,0,0,EUR,,MONE,SELL,ACTI,,,20,20,20,,,,,,,,,,T10036894,,,,
SYNTHLEI0000000D0004,FALSE,CL1002,NONE,,,AOTC,FALSE,2025-07-11T08:49:02.440435Z,GTCV,VFAR,9999-12-31T23:59:59.999999Z,2025-07-11T08:42:53.440435Z,,494,XDRV,OPT25G15.00,ZV0000000202,2025-07-11T08:49:02.440435Z,100354,FILL,L,,,,,,0.4558,EUR,,MONE,SELL,,,,,0,,1,,,,,PASV,,,,T10035477,,,,
SYNTHLEI0000000D0004,FALSE,NONE,ALGO1,,,MTCH,FALSE,2025-07-11T08:49:07.928346Z,DAVY,VFCR,2025-07-11T23:59:59.999999Z,2025-07-11T08:49:07.928346Z,,495,XDRV,OPT25G15.00,ZV0000000202,2025-07-11T08:49:07.928346Z,100151,NEWO,L,LMTO,0.456,0,0,0,0,EUR,,MONE,SELL,ACTI,,,10,10,10,,,,,,,,,,T10015158,,,,
SYNTHLEI0000000G0007,FALSE,CL1036,NONE,,,AOTC,FALSE,2025-07-11T08:49:12.730259Z,GTCV,VFAR,9999-12-31T23:59:59.999999Z,2025-07-11T08:41:38.730259Z,,496,XMKT,ABLE,ZZ0000000101,2025-07-11T08:49:12.730259Z,100593,FILL,L,,,,,,6.4982,EUR,,MONE,BUYI,,,,,0,,1565,,,,,PASV,,,,T10059388,,,,
SYNTHLEI0000000A0001,FALSE,CL1026,NONE,,,DEAL,FALSE,2025-07-11T08:49:23.307186Z,DAVY,VFCR,2025-07-11T23:59:59.999999Z,2025-07-11T08:47:17.307186Z,,497,XMKT,ECHO,ZZ0000000105,2025-07-11T08:49:23.307186Z,100078,PARF,L,,,,,,7.9236,EUR,,MONE,BUYI,,,,,135,,15,,,,,AGRE,,,,T10007894,,,,
SYNTHLEI0000000B0002,FALSE,CL1012,NONE,,,MTCH,FALSE,2025-07-11T08:49:25.545351Z,GTCV,VFCR,9999-12-31T23:59:59.999999Z,2025-07-11T08:49:25.545351Z,,498,XMKT,ECHO,ZZ0000000105,2025-07-11T08:49:25.545351Z,100226,NEWO,L,LMTO,7.9231,0,0,0,0,EUR,,MONE,BUYI,ACTI,,,200,200,200,,,,,,,,,,T10022614,,,,
SYNTHLEI0000000F0006,TRUE,CL1006,NONE,,,AOTC,FALSE,2025-07-11T08:49:44.207398Z,GTCV,VFAR,9999-12-31T23:59:59.999999Z,2025-07-11T08:44:07.207398Z,,499,XMKT,INDX,ZZ0000000109,2025-07-11T08:49:44.207398Z,100586,FILL,L,,,,,,0.464,EUR,,MONE,SELL,,,,,0,,150,,,,,PASV,,,,T10058655,,,,
SYNTHLEI0000000B0002,FALSE,CL1002,NONE,,,AOTC,FALSE,2025-07-11T08:49:50.279220Z,GTDV,VFAR,2025-07-11T23:59:59.999999Z,2025-07-11T08:49:50.279220Z,,500,XMKT,ABLE,ZZ0000000101,2025-07-11T08:49:50.279220Z,100566,NEWO,L,LMTO,6.5008,0,0,0,0,EUR,,MONE,SELL,ACTI,,,40,40,40,,,,,,,,,,T10056647,,,,
SYNTHLEI0000000H0008,FALSE,CL1009,NONE,,,AOTC,FALSE,2025-07-11T08:50:23.518766Z,DAVY,VFAR,2025-07-11T23:59:59.999999Z,2025-07-11T08:42:00.518766Z,,501,XDRV,OPT25G15.00,ZV0000000202,2025-07-11T08:50:23.518766Z,100572,PARF,L,,,,,,0.4543,EUR,,MONE,SELL,,,,,37,,13,,,,,PASV,,,,T10057229,,,,
SYNTHLEI0000000A0001,FALSE,CL1030,NONE,,,DEAL,TRUE,2025-07-11T08:50:56.327500Z,DAVY,VFAR,2025-07-11T23:59:59.999999Z,2025-07-11T08:46:01.327500Z,,502,XMKT,JULT,ZZ0000000110,2025-07-11T08:50:56.327500Z,100624,PARF,L,,,,,,11.4193,EUR,,MONE,SELL,,,,,3,,2,,,,,PASV,,,,T10062480,,,,
SYNTHLEI0000000A0001,FALSE,CL1020,NONE,,,MTCH,FALSE,2025-07-11T08:51:23.334981Z,DAVY,VFAR,2025-07-11T23:59:59.999999Z,2025-07-11T08:51:23.334981Z,,503,XMKT,ABLE,ZZ0000000101,2025-07-11T08:51:23.334981Z,100098,NEWO,L,LMTO,6.4995,0,0,0,0,EUR,,MONE,SELL,ACTI,,,150,150,150,,,,,,,,,,T10009815,,,,
SYNTHLEI0000000D0004,FALSE,NONE,ALGO1,,,MTCH,FALSE,2025-07-11T08:51:27.928346Z,DAVY,VFCR,2025-07-11T23:59:59.999999Z,2025-07-11T08:49:07.928346Z,,504,XDRV,OPT25G15.00,ZV0000000202,2025-07-11T08:51:27.928346Z,100151,FILL,L,,,,,,0.456,EUR,,MONE,SELL,,,,,0,,10,,,,,PASV,,,,T10015158,,,,
SYNTHLEI0000000A0001,FALSE,CL1026,NONE,,,DEAL,FALSE,2025-07-11T08:51:39.307186Z,DAVY,VFCR,2025-07-11T23:59:59.999999Z,2025-07-11T08:51:39.307186Z,,505,XMKT,ECHO,ZZ0000000105,2025-07-11T08:51:39.307186Z,100078,CAME,L,,,,,,,EUR,,MONE,BUYI,,,,150,0,0,,,,,,,,,,T10007894,,,,
SYNTHLEI0000000D0004,FALSE,CL1036,NONE,,,MTCH,FALSE,2025-07-11T08:52:14.457012Z,GTCV,VFAR,9999-12-31T23:59:59.999999Z,2025-07-11T08:52:14.457012Z,,506,XMKT,GOLF,ZZ0000000107,2025-07-11T08:52:14.457012Z,100126,NEWO,S,STOP,4.1686,0,4.086,0,0,EUR,,MONE,BUYI,ACTI,,,3000,3000,3000,,,,,,,,,,T10012689,,,,
SYNTHLEI0000000D0004,FALSE,CL1036,NONE,,,MTCH,FALSE,2025-07-11T08:52:41.457012Z,GTCV,VFAR,9999-12-31T23:59:59.999999Z,2025-07-11T08:52:14.457012Z,,507,XMKT,GOLF,ZZ0000000107,2025-07-11T08:52:41.457012Z,100126,FILL,S,,,,,,4.1686,EUR,,MONE,BUYI,,,,,0,,3000,,,,,AGRE,,,,T10012689,,,,
SYNTHLEI0000000B0002,FALSE,CL1002,NONE,,,AOTC,FALSE,2025-07-11T08:52:44.279220Z,GTDV,VFAR,2025-07-11T23:59:59.999999Z,2025-07-11T08:49:50.279220Z,,508,XMKT,ABLE,ZZ0000000101,2025-07-11T08:52:44.279220Z,100566,PARF,L,,,,,,6.5008,EUR,,MONE,SELL,,,,,31,,9,,,,,AGRE,,,,T10056647,,,,
SYNTHLEI0000000H0008,FALSE,CL1012,NONE,,,DEAL,TRUE,2025-07-11T08:53:23.180322Z,DAVY,VFCR,2025-07-11T23:59:59.999999Z,2025-07-11T08:53:23.180322Z,,509,XMKT,ECHO,ZZ0000000105,2025-07-11T08:53:23.180322Z,100172,CAME,L,,,,,,,EUR,,MONE,BUYI,,,,5,0,0,,,,,,,,,,T10017284,,,,
SYNTHLEI0000000A0001,FALSE,CL1020,NONE,,,MTCH,FALSE,2025-07-11T08:53:42.334981Z,DAVY,VFAR,2025-07-11T23:59:59.999999Z,2025-07-11T08:53:42.334981Z,,510,XMKT,ABLE,ZZ0000000101,2025-07-11T08:53:42.334981Z,100098,REME,L,LMTO,6.5048,,,,,EUR,,MONE,SELL,ACTI,,,150,150,150,,,,,,,,,,T10009815,,,,
SYNTHLEI0000000B0002,FALSE,CL1002,NONE,,,AOTC,FALSE,2025-07-11T08:54:11.279220Z,GTDV,VFAR,2025-07-11T23:59:59.999999Z,2025-07-11T08:54:11.279220Z,,511,XMKT,ABLE,ZZ0000000101,2025-07-11T08:54:11.279220Z,100566,CAME,L,,,,,,,EUR,,MONE,SELL,,,,40,0,0,,,,,,,,,,T10056647,,,,
SYNTHLEI0000000H0008,FALSE,CL1006,NONE,,,AOTC,FALSE,2025-07-11T08:54:18.143802Z,GTCV,VFAR,9999-12-31T23:59:59.999999Z,2025-07-11T08:54:18.143802Z,,512,XMKT,CHRL,ZZ0000000103,2025-07-11T08:54:18.143802Z,100368,REME,L,LMTO,16.2593,,,,,EUR,,MONE,SELL,ACTI,,,20,20,20,,,,,,,,,,T10036894,,,,
SYNTHLEI0000000B0002,FALSE,CL1012,NONE,,,MTCH,FALSE,2025-07-11T08:55:40.545351Z,GTCV,VFCR,9999-12-31T23:59:59.999999Z,2025-07-11T08:49:25.545351Z,,513,XMKT,ECHO,ZZ0000000105,2025-07-11T08:55:40.545351Z,100226,FILL,L,,,,,,7.9231,EUR,,MONE,BUYI,,,,,0,,200,,,,,AGRE,,,,T10022614,,,,
SYNTHLEI0000000H0008,FALSE,CL1009,NONE,,,AOTC,FALSE,2025-07-11T08:56:09.518766Z,DAVY,VFAR,2025-07-11T23:59:59.999999Z,2025-07-11T08:42:00.518766Z,,514,XDRV,OPT25G15.00,ZV0000000202,2025-07-11T08:56:09.518766Z,100572,FILL,L,,,,,,0.4543,EUR,,MONE,SELL,,,,,0,,37,,,,,AGRE,,,,T10057229,,,,
SYNTHLEI0000000H0008,FALSE,NONE,NONE,,,AOTC,FALSE,2025-07-11T08:56:29.212004Z,DAVY,VFAR,2025-07-11T23:59:59.999999Z,2025-07-11T08:56:29.212004Z,,515,XMKT,GOLF,ZZ0000000107,2025-07-11T08:56:29.212004Z,100358,CAME,L,,,,,,,EUR,,MONE,SELL,,,,3000,0,0,,,,,,,,,,T10035895,,,,
SYNTHLEI0000000A0001,FALSE,CL1030,NONE,,,DEAL,TRUE,2025-07-11T08:57:45.327500Z,DAVY,VFAR,2025-07-11T23:59:59.999999Z,2025-07-11T08:57:45.327500Z,,516,XMKT,JULT,ZZ0000000110,2025-07-11T08:57:45.327500Z,100624,CAME,L,,,,,,,EUR,,MONE,SELL,,,,5,0,0,,,,,,,,,,T10062480,,,,
SYNTHLEI0000000B0002,FALSE,CL1018,NONE,,,AOTC,FALSE,2025-07-11T08:58:46.351678Z,GTDV,,2025-07-11T23:59:59.999999Z,2025-07-11T08:58:46.351678Z,,517,XMKT,FXTR,ZZ0000000106,2025-07-11T08:58:46.351678Z,100369,NEWO,L,LMTO,3.1898,0,0,0,0,EUR,,MONE,BUYI,ACTI,,,60,60,60,,,,,,,,,,T10036932,,,,
SYNTHLEI0000000A0001,FALSE,CL1019,NONE,,,DEAL,FALSE,2025-07-11T08:59:08.059176Z,DAVY,VFAR,2025-07-11T23:59:59.999999Z,2025-07-11T08:59:08.059176Z,,518,XMKT,DLTA,ZZ0000000104,2025-07-11T08:59:08.059176Z,100197,NEWO,L,LMTO,3.1412,0,0,0,0,EUR,,MONE,SELL,ACTI,,,20,20,20,,,,,,,,,,T10019724,,,,
SYNTHLEI0000000G0007,FALSE,CL1039,NONE,,,DEAL,FALSE,2025-07-11T08:59:50.941081Z,GTCV,VFCR,9999-12-31T23:59:59.999999Z,2025-07-11T08:59:50.941081Z,,519,XDRV,OPT25G15.00,ZV0000000202,2025-07-11T08:59:50.941081Z,100150,NEWO,L,LMTO,0.4377,0,0,0,0,EUR,,MONE,BUYI,ACTI,,,20,20,20,,,,,,,,,,T10015082,,,,
SYNTHLEI0000000B0002,FALSE,CL1018,NONE,,,AOTC,FALSE,2025-07-11T09:00:13.351678Z,GTDV,,2025-07-11T23:59:59.999999Z,2025-07-11T08:58:46.351678Z,,520,XMKT,FXTR,ZZ0000000106,2025-07-11T09:00:13.351678Z,100369,PARF,L,,,,,,3.1898,EUR,,MONE,BUYI,,,,,31,,29,,,,,AGRE,,,,T10036932,,,,
SYNTHLEI0000000H0008,FALSE,CL1006,NONE,,,AOTC,FALSE,2025-07-11T09:00:24.143802Z,GTCV,VFAR,9999-12-31T23:59:59.999999Z,2025-07-11T08:48:57.143802Z,,521,XMKT,CHRL,ZZ0000000103,2025-07-11T09:00:24.143802Z,100368,FILL,L,,,,,,16.2593,EUR,,MONE,SELL,,,,,0,,20,,,,,PASV,,,,T10036894,,,,
SYNTHLEI0000000E0005,FALSE,CL1011,NONE,,,AOTC,FALSE,2025-07-11T09:01:07.161706Z,GTDV,VFCR,2025-07-11T23:59:59.999999Z,2025-07-11T09:01:07.161706Z,,522,XMKT,ECHO,ZZ0000000105,2025-07-11T09:01:07.161706Z,100362,NEWO,L,LMTO,7.9369,0,0,0,0,EUR,,MONE,BUYI,ACTI,,,200,200,200,,,,,,,,,,T10036241,,,,
SYNTHLEI0000000E0005,FALSE,CL1011,NONE,,,AOTC,FALSE,2025-07-11T09:01:07.976706Z,GTDV,VFCR,2025-07-11T23:59:59.999999Z,2025-07-11T09:01:07.976706Z,,523,XMKT,ECHO,ZZ0000000105,2025-07-11T09:01:07.976706Z,100362,REME,L,LMTO,7.9354,,,,,EUR,,MONE,BUYI,ACTI,,,200,200,200,,,,,,,,,,T10036241,,,,
SYNTHLEI0000000E0005,FALSE,CL1011,NONE,,,AOTC,FALSE,2025-07-11T09:01:10.210706Z,GTDV,VFCR,2025-07-11T23:59:59.999999Z,2025-07-11T09:01:10.210706Z,,524,XMKT,ECHO,ZZ0000000105,2025-07-11T09:01:10.210706Z,100362,REME,L,LMTO,7.9365,,,,,EUR,,MONE,BUYI,ACTI,,,200,200,200,,,,,,,,,,T10036241,,,,
SYNTHLEI0000000E0005,FALSE,CL1011,NONE,,,AOTC,FALSE,2025-07-11T09:01:10.800706Z,GTDV,VFCR,2025-07-11T23:59:59.999999Z,2025-07-11T09:01:10.800706Z,,525,XMKT,ECHO,ZZ0000000105,2025-07-11T09:01:10.800706Z,100362,CAME,L,LMTO,,,,,,EUR,,MONE,BUYI,,,,200,0,0,,,,,,,,,,T10036241,,,,
SYNTHLEI0000000B0002,FALSE,CL1018,NONE,,,AOTC,FALSE,2025-07-11T09:01:14.351678Z,GTDV,,2025-07-11T23:59:59.999999Z,2025-07-11T08:58:46.351678Z,,526,XMKT,FXTR,ZZ0000000106,2025-07-11T09:01:14.351678Z,100369,PARF,L,,,,,,3.1898,EUR,,MONE,BUYI,,,,,25,,6,,,,,PASV,,,,T10036932,,,,
SYNTHLEI0000000A0001,FALSE,CL1020,NONE,,,MTCH,FALSE,2025-07-11T09:01:49.334981Z,DAVY,VFAR,2025-07-11T23:59:59.999999Z,2025-07-11T09:01:49.334981Z,,527,XMKT,ABLE,ZZ0000000101,2025-07-11T09:01:49.334981Z,100098,CAME,L,,,,,,,EUR,,MONE,SELL,,,,150,0,0,,,,,,,,,,T10009815,,,,
SYNTHLEI0000000E0005,FALSE,CL1020,NONE,,,AOTC,FALSE,2025-07-11T09:02:54.760234Z,DAVY,VFAR,2025-07-11T23:59:59.999999Z,2025-07-11T09:02:54.760234Z,,528,XMKT,ABLE,ZZ0000000101,2025-07-11T09:02:54.760234Z,100560,NEWO,S,STOP,6.5042,0,6.5694,0,0,EUR,,MONE,SELL,ACTI,,,20,20,20,,,,,,,,,,T10056034,,,,
SYNTHLEI0000000E0005,FALSE,CL1020,NONE,,,AOTC,FALSE,2025-07-11T09:02:57.116234Z,DAVY,VFAR,2025-07-11T23:59:59.999999Z,2025-07-11T09:02:57.116234Z,,529,XMKT,ABLE,ZZ0000000101,2025-07-11T09:02:57.116234Z,100560,REME,S,STOP,6.5051,,,,,EUR,,MONE,SELL,ACTI,,,20,20,20,,,,,,,,,,T10056034,,,,
SYNTHLEI0000000E0005,FALSE,CL1020,NONE,,,AOTC,FALSE,2025-07-11T09:03:00.056234Z,DAVY,VFAR,2025-07-11T23:59:59.999999Z,2025-07-11T09:03:00.056234Z,,530,XMKT,ABLE,ZZ0000000101,2025-07-11T09:03:00.056234Z,100560,REME,S,STOP,6.5039,,,,,EUR,,MONE,SELL,ACTI,,,20,20,20,,,,,,,,,,T10056034,,,,
SYNTHLEI0000000E0005,FALSE,CL1020,NONE,,,AOTC,FALSE,2025-07-11T09:03:04.830234Z,DAVY,VFAR,2025-07-11T23:59:59.999999Z,2025-07-11T09:03:04.830234Z,,531,XMKT,ABLE,ZZ0000000101,2025-07-11T09:03:04.830234Z,100560,CAME,S,STOP,,,,,,EUR,,MONE,SELL,,,,20,0,0,,,,,,,,,,T10056034,,,,
SYNTHLEI0000000D0004,FALSE,CL1017,NONE,,,DEAL,FALSE,2025-07-11T09:03:06.173370Z,DAVY,,2025-07-11T23:59:59.999999Z,2025-07-11T09:03:06.173370Z,,532,XMKT,INDX,ZZ0000000109,2025-07-11T09:03:06.173370Z,100178,CAME,S,,,,,,,EUR,,MONE,SELL,,,,5,0,0,,,,,,,,,,T10017851,,,,
SYNTHLEI0000000B0002,FALSE,CL1002,NONE,,,AOTC,FALSE,2025-07-11T09:03:13.620831Z,GTCV,VFAR,9999-12-31T23:59:59.999999Z,2025-07-11T09:03:13.620831Z,,533,XDRV,FTSE25T4900,ZV0000000201,2025-07-11T09:03:13.620831Z,100263,NEWO,L,LMTO,108.1098,0,0,0,0,EUR,,MONE,SELL,ACTI,,,2,2,2,,,,,,,,,,T10026350,,,,
SYNTHLEI0000000A0001,FALSE,NONE,ALGOPT,,,AOTC,FALSE,2025-07-11T09:03:37.634516Z,DAVY,VFCR,2025-07-11T23:59:59.999999Z,2025-07-11T09:03:37.634516Z,,534,XDRV,FTSE25T4900,ZV0000000201,2025-07-11T09:03:37.634516Z,100288,NEWO,L,LMTO,108.0923,0,0,0,0,EUR,,MONE,SELL,ACTI,,,10,10,10,,,,,,,,,,T10028891,,,,
SYNTHLEI0000000A0001,FALSE,CL1019,NONE,,,DEAL,FALSE,2025-07-11T09:04:13.059176Z,DAVY,VFAR,2025-07-11T23:59:59.999999Z,2025-07-11T09:04:13.059176Z,,535,XMKT,DLTA,ZZ0000000104,2025-07-11T09:04:13.059176Z,100197,REME,L,LMTO,3.1427,,,,,EUR,,MONE,SELL,ACTI,,,20,20,20,,,,,,,,,,T10019724,,,,
SYNTHLEI0000000B0002,FALSE,CL1002,NONE,,,AOTC,FALSE,2025-07-11T09:04:32.620831Z,GTCV,VFAR,9999-12-31T23:59:59.999999Z,2025-07-11T09:03:13.620831Z,,536,XDRV,FTSE25T4900,ZV0000000201,2025-07-11T09:04:32.620831Z,100263,PARF,L,,,,,,108.1098,EUR,,MONE,SELL,,,,,1,,1,,,,,AGRE,,,,T10026350,,,,
SYNTHLEI0000000H0008,FALSE,CL1009,NONE,,,AOTC,FALSE,2025-07-11T09:04:54.751742Z,DAVY,VFAR,2025-07-11T23:59:59.999999Z,2025-07-11T09:04:54.751742Z,,537,XMKT,BRVO,ZZ0000000102,2025-07-11T09:04:54.751742Z,100641,NEWO,L,LMTO,2.0873,0,0,0,0,EUR,,MONE,BUYI,ACTI,,,60,60,60,,,,,,,,,,T10064139,,,,
SYNTHLEI0000000H0008,FALSE,CL1039,NONE,,,MTCH,FALSE,2025-07-11T09:05:01.148879Z,DAVY,VFCR,2025-07-11T23:59:59.999999Z,2025-07-11T09:05:01.148879Z,,538,XMKT,FXTR,ZZ0000000106,2025-07-11T09:05:01.148879Z,100170,NEWO,L,LMTO,3.1917,0,0,0,0,EUR,,MONE,BUYI,ACTI,,,60,60,60,,,,,,,,,,T10017069,,,,
SYNTHLEI0000000D0004,FALSE,CL1025,NONE,,,AOTC,FALSE,2025-07-11T09:05:18.035932Z,GTDV,VFAR,2025-07-11T23:59:59.999999Z,2025-07-11T09:05:18.035932Z,,539,XMKT,JULT,ZZ0000000110,2025-07-11T09:05:18.035932Z,100054,CAME,L,,,,,,,EUR,,MONE,BUYI,,,,1000,0,0,,,,,,,,,,T10005497,,,,
SYNTHLEI0000000A0001,FALSE,CL1027,NONE,,,DEAL,TRUE,2025-07-11T09:05:50.492907Z,DAVY,,2025-07-11T23:59:59.999999Z,2025-07-11T09:05:50.492907Z,,540,XDRV,OPT25G15.00,ZV0000000202,2025-07-11T09:05:50.492907Z,100136,NEWO,M,LMTO,0,0,0,0,0,EUR,,MONE,BUYI,ACTI,,,1,1,1,,,,,,,,,,T10013661,,,,
SYNTHLEI0000000H0008,FALSE,CL1039,NONE,,,MTCH,FALSE,2025-07-11T09:06:30.148879Z,DAVY,VFCR,2025-07-11T23:59:59.999999Z,2025-07-11T09:05:01.148879Z,,541,XMKT,FXTR,ZZ0000000106,2025-07-11T09:06:30.148879Z,100170,PARF,L,,,,,,3.1917,EUR,,MONE,BUYI,,,,,29,,31,,,,,PASV,,,,T10017069,,,,
SYNTHLEI0000000B0002,FALSE,CL1002,NONE,,,AOTC,FALSE,2025-07-11T09:06:56.620831Z,GTCV,VFAR,9999-12-31T23:59:59.999999Z,2025-07-11T09:03:13.620831Z,,542,XDRV,FTSE25T4900,ZV0000000201,2025-07-11T09:06:56.620831Z,100263,FILL,L,,,,,,108.1098,EUR,,MONE,SELL,,,,,0,,1,,,,,AGRE,,,,T10026350,,,,
SYNTHLEI0000000H0008,FALSE,CL1024,NONE,,,AOTC,FALSE,2025-07-11T09:06:57.653065Z,DAVY,VFCR,2025-07-11T23:59:59.999999Z,2025-07-11T09:06:57.653065Z,,543,XMKT,GOLF,ZZ0000000107,2025-07-11T09:06:57.653065Z,100499,NEWO,L,LMTO,4.1709,0,0,0,0,EUR,,MONE,SELL,ACTI,,,1500,1500,1500,,,,,,,,,,T10049953,,,,
SYNTHLEI0000000A0001,FALSE,NONE,ALGO1,,,DEAL,TRUE,2025-07-11T09:07:13.866847Z,GTDV,VFCR,2025-07-11T23:59:59.999999Z,2025-07-11T09:07:13.866847Z,,544,XMKT,FXTR,ZZ0000000106,2025-07-11T09:07:13.866847Z,100404,NEWO,L,LMTO,3.1928,0,0,0,0,EUR,,MONE,BUYI,ACTI,,,100,100,100,,,,,,,,,,T10040415,,,,
SYNTHLEI0000000D0004,FALSE,NONE,ALGO1,,,MTCH,FALSE,2025-07-11T09:07:14.468979Z,DAVY,VFAR,2025-07-11T23:59:59.999999Z,2025-07-11T09:07:14.468979Z,,545,XMKT,INDX,ZZ0000000109,2025-07-11T09:07:14.468979Z,100415,NEWO,L,LMTO,0.4638,0,0,0,0,EUR,,MONE,BUYI,ACTI,,,3000,3000,3000,,,,,,,,,,T10041560,,,,
SYNTHLEI0000000B0002,FALSE,CL1018,NONE,,,AOTC,FALSE,2025-07-11T09:07:35.351678Z,GTDV,,2025-07-11T23:59:59.999999Z,2025-07-11T08:58:46.351678Z,,546,XMKT,FXTR,ZZ0000000106,2025-07-11T09:07:35.351678Z,100369,FILL,L,,,,,,3.1898,EUR,,MONE,BUYI,,,,,0,,25,,,,,PASV,,,,T10036932,,,,
SYNTHLEI0000000A0001,FALSE,NONE,ALGOPT,,,AOTC,FALSE,2025-07-11T09:08:28.634516Z,DAVY,VFCR,2025-07-11T23:59:59.999999Z,2025-07-11T09:03:37.634516Z,,547,XDRV,FTSE25T4900,ZV0000000201,2025-07-11T09:08:28.634516Z,100288,PARF,L,,,,,,108.0923,EUR,,MONE,SELL,,,,,6,,4,,,,,PASV,,,,T10028891,,,,
SYNTHLEI0000000A0001,FALSE,NONE,ALGO1,,,DEAL,TRUE,2025-07-11T09:08:29.866847Z,GTDV,VFCR,2025-07-11T23:59:59.999999Z,2025-07-11T09:08:29.866847Z,,548,XMKT,FXTR,ZZ0000000106,2025-07-11T09:08:29.866847Z,100404,CAME,L,,,,,,,EUR,,MONE,BUYI,,,,100,0,0,,,,,,,,,,T10040415,,,,
SYNTHLEI0000000D0004,FALSE,NONE,ALGO1,,,MTCH,FALSE,2025-07-11T09:09:28.468979Z,DAVY,VFAR,2025-07-11T23:59:59.999999Z,2025-07-11T09:07:14.468979Z,,549,XMKT,INDX,ZZ0000000109,2025-07-11T09:09:28.468979Z,100415,FILL,L,,,,,,0.4638,EUR,,MONE,BUYI,,,,,0,,3000,,,,,PASV,,,,T10041560,,,,
SYNTHLEI0000000A0001,FALSE,CL1005,NONE,,,MTCH,FALSE,2025-07-11T09:09:36.802340Z,DAVY,VFAR,2025-07-11T23:59:59.999999Z,2025-07-11T09:09:36.802340Z,,550,XMKT,CHRL,ZZ0000000103,2025-07-11T09:09:36.802340Z,100278,NEWO,L,LMTO,16.2866,0,0,0,0,EUR,,MONE,BUYI,ACTI,,,500,500,500,,,,,,,,,,T10027886,,,,
SYNTHLEI0000000A0001,FALSE,CL1019,NONE,,,DEAL,FALSE,2025-07-11T09:09:39.059176Z,DAVY,VFAR,2025-07-11T23:59:59.999999Z,2025-07-11T08:59:08.059176Z,,551,XMKT,DLTA,ZZ0000000104,2025-07-11T09:09:39.059176Z,100197,PARF,L,,,,,,3.1427,EUR,,MONE,SELL,,,,,12,,8,,,,,PASV,,,,T10019724,,,,
SYNTHLEI0000000D0004,TRUE,CL1024,NONE,,,DEAL,FALSE,2025-07-11T09:11:25.914058Z,DAVY,VFAR,2025-07-11T23:59:59.999999Z,2025-07-11T09:11:25.914058Z,,552,XMKT,HOTL,ZZ0000000108,2025-07-11T09:11:25.914058Z,100492,NEWO,L,LMTO,3.1741,0,0,0,0,EUR,,MONE,SELL,ACTI,,,150,150,150,,,,,,,,,,T10049254,,,,
SYNTHLEI0000000H0008,FALSE,CL1039,NONE,,,MTCH,FALSE,2025-07-11T09:11:49.148879Z,DAVY,VFCR,2025-07-11T23:59:59.999999Z,2025-07-11T09:05:01.148879Z,,553,XMKT,FXTR,ZZ0000000106,2025-07-11T09:11:49.148879Z,100170,PARF,L,,,,,,3.1917,EUR,,MONE,BUYI,,,,,14,,15,,,,,PASV,,,,T10017069,,,,
SYNTHLEI0000000A0001,FALSE,CL1009,NONE,,,MTCH,FALSE,2025-07-11T09:11:54.151808Z,DAVY,VFAR,2025-07-11T23:59:59.999999Z,2025-07-11T09:11:54.151808Z,,554,XMKT,GOLF,ZZ0000000107,2025-07-11T09:11:54.151808Z,100348,NEWO,L,LMTO,4.1674,0,0,0,0,EUR,,MONE,BUYI,ACTI,,,3000,3000,3000,,,,,,,,,,T10034849,,,,
SYNTHLEI0000000A0001,FALSE,CL1004,NONE,,,AOTC,FALSE,2025-07-11T09:12:40.982784Z,GTDV,VFCR,2025-07-11T23:59:59.999999Z,2025-07-11T09:12:40.982784Z,,555,XDRV,FTSE25T4900,ZV0000000201,2025-07-11T09:12:40.982784Z,100554,NEWO,L,LMTO,108.0135,0,0,0,0,EUR,,MONE,BUYI,ACTI,,,1,1,1,,,,,,,,,,T10055462,,,,
SYNTHLEI0000000A0001,FALSE,CL1019,NONE,,,DEAL,FALSE,2025-07-11T09:12:46.059176Z,DAVY,VFAR,2025-07-11T23:59:59.999999Z,2025-07-11T08:59:08.059176Z,,556,XMKT,DLTA,ZZ0000000104,2025-07-11T09:12:46.059176Z,100197,FILL,L,,,,,,3.1427,EUR,,MONE,SELL,,,,,0,,12,,,,,PASV,,,,T10019724,,,,
SYNTHLEI0000000A0001,FALSE,CL1027,NONE,,,DEAL,TRUE,2025-07-11T09:12:54.492907Z,DAVY,,2025-07-11T23:59:59.999999Z,2025-07-11T09:12:54.492907Z,,557,XDRV,OPT25G15.00,ZV0000000202,2025-07-11T09:12:54.492907Z,100136,CAME,M,,,,,,,EUR,,MONE,BUYI,,,,1,0,0,,,,,,,,,,T10013661,,,,
SYNTHLEI0000000H0008,FALSE,CL1024,NONE,,,AOTC,FALSE,2025-07-11T09:12:54.653065Z,DAVY,VFCR,2025-07-11T23:59:59.999999Z,2025-07-11T09:06:57.653065Z,,558,XMKT,GOLF,ZZ0000000107,2025-07-11T09:12:54.653065Z,100499,PARF,L,,,,,,4.1709,EUR,,MONE,SELL,,,,,990,,510,,,,,AGRE,,,,T10049953,,,,
SYNTHLEI0000000A0001,FALSE,CL1005,NONE,,,MTCH,FALSE,2025-07-11T09:13:16.802340Z,DAVY,VFAR,2025-07-11T23:59:59.999999Z,2025-07-11T09:09:36.802340Z,,559,XMKT,CHRL,ZZ0000000103,2025-07-11T09:13:16.802340Z,100278,PARF,L,,,,,,16.2866,EUR,,MONE,BUYI,,,,,416,,84,,,,,AGRE,,,,T10027886,,,,
SYNTHLEI0000000E0005,FALSE,CL1007,NONE,,,AOTC,FALSE,2025-07-11T09:13:49.678688Z,GTDV,VFCR,2025-07-11T23:59:59.999999Z,2025-07-11T09:13:49.678688Z,,560,XMKT,CHRL,ZZ0000000103,2025-07-11T09:13:49.678688Z,100040,NEWO,L,LMTO,16.2801,0,0,0,0,EUR,,MONE,BUYI,ACTI,,,200,200,200,,,,,,,,,,T10004036,,,,
SYNTHLEI0000000G0007,FALSE,CL1009,NONE,,,AOTC,FALSE,2025-07-11T09:13:57.998850Z,GTDV,VFCR,2025-07-11T23:59:59.999999Z,2025-07-11T09:13:57.998850Z,,561,XMKT,JULT,ZZ0000000110,2025-07-11T09:13:57.998850Z,100549,NEWO,L,LMTO,11.1506,0,0,0,0,EUR,,MONE,BUYI,ACTI,,,3000,3000,3000,,,,,,,,,,T10054959,,,,
SYNTHLEI0000000C0003,FALSE,CL1029,NONE,,,DEAL,TRUE,2025-07-11T09:14:10.180368Z,DAVY,VFCR,2025-07-11T23:59:59.999999Z,2025-07-11T09:14:10.180368Z,,562,XMKT,CHRL,ZZ0000000103,2025-07-11T09:14:10.180368Z,100047,NEWO,L,LMTO,16.241,0,0,0,0,EUR,,MONE,BUYI,ACTI,,,5,5,5,,,,,,,,,,T10004718,,,,
SYNTHLEI0000000B0002,FALSE,CL1037,NONE,,,MTCH,FALSE,2025-07-11T09:14:11.028211Z,DAVY,VFCR,2025-07-11T23:59:59.999999Z,2025-07-11T09:14:11.028211Z,,563,XDRV,FTSE25T4900,ZV0000000201,2025-07-11T09:14:11.028211Z,100648,CAME,L,,,,,,,EUR,,MONE,SELL,,,,1,0,0,,,,,,,,,,T10064856,,,,
SYNTHLEI0000000A0001,FALSE,CL1005,NONE,,,MTCH,FALSE,2025-07-11T09:14:39.802340Z,DAVY,VFAR,2025-07-11T23:59:59.999999Z,2025-07-11T09:14:39.802340Z,,564,XMKT,CHRL,ZZ0000000103,2025-07-11T09:14:39.802340Z,100278,CAME,L,,,,,,,EUR,,MONE,BUYI,,,,500,0,0,,,,,,,,,,T10027886,,,,
SYNTHLEI0000000A0001,FALSE,NONE,ALGOPT,,,AOTC,FALSE,2025-07-11T09:15:04.634516Z,DAVY,VFCR,2025-07-11T23:59:59.999999Z,2025-07-11T09:03:37.634516Z,,565,XDRV,FTSE25T4900,ZV0000000201,2025-07-11T09:15:04.634516Z,100288,PARF,L,,,,,,108.0923,EUR,,MONE,SELL,,,,,5,,1,,,,,PASV,,,,T10028891,,,,
SYNTHLEI0000000B0002,FALSE,CL1030,NONE,,,DEAL,FALSE,2025-07-11T09:15:06.112935Z,GTCV,,9999-12-31T23:59:59.999999Z,2025-07-11T09:15:06.112935Z,,566,XDRV,OPT25G15.00,ZV0000000202,2025-07-11T09:15:06.112935Z,100537,NEWO,L,LMTO,0.4564,0,0,0,0,EUR,,MONE,SELL,ACTI,,,10,10,10,,,,,,,,,,T10053743,,,,
SYNTHLEI0000000H0008,FALSE,NONE,ALGO1,,,AOTC,FALSE,2025-07-11T09:15:21.167521Z,DAVY,VFCR,2025-07-11T23:59:59.999999Z,2025-07-11T09:15:21.167521Z,,567,XMKT,HOTL,ZZ0000000108,2025-07-11T09:15:21.167521Z,100585,NEWO,L,LMTO,3.1771,0,0,0,0,EUR,,MONE,BUYI,ACTI,,,1500,1500,1500,,,,,,,,,,T10058566,,,,
SYNTHLEI0000000C0003,FALSE,CL1029,NONE,,,DEAL,TRUE,2025-07-11T09:15:23.180368Z,DAVY,VFCR,2025-07-11T23:59:59.999999Z,2025-07-11T09:14:10.180368Z,,568,XMKT,CHRL,ZZ0000000103,2025-07-11T09:15:23.180368Z,100047,FILL,L,,,,,,16.241,EUR,,MONE,BUYI,,,,,0,,5,,,,,AGRE,,,,T10004718,,,,
SYNTHLEI0000000A0001,TRUE,CL1016,NONE,,,AOTC,FALSE,2025-07-11T09:15:25.940650Z,GTDV,VFAR,2025-07-11T23:59:59.999999Z,2025-07-11T09:15:25.940650Z,,569,XMKT,BRVO,ZZ0000000102,2025-07-11T09:15:25.940650Z,100422,NEWO,M,LMTO,0,0,0,0,0,EUR,,MONE,SELL,ACTI,,,20,20,20,,,,,,,,,,T10042265,,,,
SYNTHLEI0000000A0001,FALSE,CL1004,NONE,,,AOTC,FALSE,2025-07-11T09:15:35.982784Z,GTDV,VFCR,2025-07-11T23:59:59.999999Z,2025-07-11T09:12:40.982784Z,,570,XDRV,FTSE25T4900,ZV0000000201,2025-07-11T09:15:35.982784Z,100554,FILL,L,,,,,,108.0135,EUR,,MONE,BUYI,,,,,0,,1,,,,,PASV,,,,T10055462,,,,
SYNTHLEI0000000H0008,FALSE,CL1004,NONE,,,MTCH,FALSE,2025-07-11T09:15:46.912087Z,GTDV,VFCR,2025-07-11T23:59:59.999999Z,2025-07-11T09:15:46.912087Z,,571,XMKT,GOLF,ZZ0000000107,2025-07-11T09:15:46.912087Z,100534,NEWO,L,LMTO,4.1618,0,0,0,0,EUR,,MONE,BUYI,ACTI,,,60,60,60,,,,,,,,,,T10053438,,,,
SYNTHLEI0000000H0008,FALSE,CL1024,NONE,,,AOTC,FALSE,2025-07-11T09:16:14.653065Z,DAVY,VFCR,2025-07-11T23:59:59.999999Z,2025-07-11T09:06:57.653065Z,,572,XMKT,GOLF,ZZ0000000107,2025-07-11T09:16:14.653065Z,100499,FILL,L,,,,,,4.1709,EUR,,MONE,SELL,,,,,0,,990,,,,,AGRE,,,,T10049953,,,,
SYNTHLEI0000000H0008,FALSE,CL1004,NONE,,,MTCH,FALSE,2025-07-11T09:16:33.912087Z,GTDV,VFCR,2025-07-11T23:59:59.999999Z,2025-07-11T09:15:46.912087Z,,573,XMKT,GOLF,ZZ0000000107,2025-07-11T09:16:33.912087Z,100534,FILL,L,,,,,,4.1618,EUR,,MONE,BUYI,,,,,0,,60,,,,,PASV,,,,T10053438,,,,
SYNTHLEI0000000H0008,FALSE,CL1017,NONE,,,DEAL,FALSE,2025-07-11T09:16:41.923776Z,DAVY,VFAR,2025-07-11T23:59:59.999999Z,2025-07-11T09:16:41.923776Z,,574,XMKT,JULT,ZZ0000000110,2025-07-11T09:16:41.923776Z,100195,NEWO,M,LMTO,0,0,0,0,0,EUR,,MONE,SELL,ACTI,,,1000,1000,1000,,,,,,,,,,T10019594,,,,
SYNTHLEI0000000H0008,FALSE,CL1021,NONE,,,AOTC,FALSE,2025-07-11T09:16:47.504828Z,GTDV,VFAR,2025-07-11T23:59:59.999999Z,2025-07-11T09:16:47.504828Z,,575,XMKT,CHRL,ZZ0000000103,2025-07-11T09:16:47.504828Z,100543,NEWO,L,LMTO,16.2713,0,0,0,0,EUR,,MONE,BUYI,ACTI,,,60,60,60,,,,,,,,,,T10054354,,,,
SYNTHLEI0000000H0008,FALSE,CL1039,NONE,,,MTCH,FALSE,2025-07-11T09:16:48.148879Z,DAVY,VFCR,2025-07-11T23:59:59.999999Z,2025-07-11T09:05:01.148879Z,,576,XMKT,FXTR,ZZ0000000106,2025-07-11T09:16:48.148879Z,100170,FILL,L,,,,,,3.1917,EUR,,MONE,BUYI,,,,,0,,14,,,,,AGRE,,,,T10017069,,,,
SYNTHLEI0000000E0005,FALSE,CL1007,NONE,,,AOTC,FALSE,2025-07-11T09:17:21.678688Z,GTDV,VFCR,2025-07-11T23:59:59.999999Z,2025-07-11T09:13:49.678688Z,,577,XMKT,CHRL,ZZ0000000103,2025-07-11T09:17:21.678688Z,100040,FILL,L,,,,,,16.2801,EUR,,MONE,BUYI,,,,,0,,200,,,,,PASV,,,,T10004036,,,,
SYNTHLEI0000000A0001,FALSE,NONE,ALGOPT,,,AOTC,FALSE,2025-07-11T09:17:55.634516Z,DAVY,VFCR,2025-07-11T23:59:59.999999Z,2025-07-11T09:03:37.634516Z,,578,XDRV,FTSE25T4900,ZV0000000201,2025-07-11T09:17:55.634516Z,100288,FILL,L,,,,,,108.0923,EUR,,MONE,SELL,,,,,0,,5,,,,,AGRE,,,,T10028891,,,,
SYNTHLEI0000000A0001,FALSE,CL1009,NONE,,,MTCH,FALSE,2025-07-11T09:18:27.151808Z,DAVY,VFAR,2025-07-11T23:59:59.999999Z,2025-07-11T09:11:54.151808Z,,579,XMKT,GOLF,ZZ0000000107,2025-07-11T09:18:27.151808Z,100348,PARF,L,,,,,,4.1674,EUR,,MONE,BUYI,,,,,1279,,1721,,,,,AGRE,,,,T10034849,,,,
SYNTHLEI0000000H0008,FALSE,NONE,ALGO1,,,AOTC,FALSE,2025-07-11T09:18:38.167521Z,DAVY,VFCR,2025-07-11T23:59:59.999999Z,2025-07-11T09:15:21.167521Z,,580,XMKT,HOTL,ZZ0000000108,2025-07-11T09:18:38.167521Z,100585,PARF,L,,,,,,3.1771,EUR,,MONE,BUYI,,,,,888,,612,,,,,AGRE,,,,T10058566,,,,
SYNTHLEI0000000B0002,FALSE,CL1030,NONE,,,DEAL,FALSE,2025-07-11T09:20:15.112935Z,GTCV,,9999-12-31T23:59:59.999999Z,2025-07-11T09:15:06.112935Z,,581,XDRV,OPT25G15.00,ZV0000000202,2025-07-11T09:20:15.112935Z,100537,FILL,L,,,,,,0.4564,EUR,,MONE,SELL,,,,,0,,10,,,,,PASV,,,,T10053743,,,,
SYNTHLEI0000000H0008,FALSE,CL1021,NONE,,,AOTC,FALSE,2025-07-11T09:21:12.504828Z,GTDV,VFAR,2025-07-11T23:59:59.999999Z,2025-07-11T09:16:47.504828Z,,582,XMKT,CHRL,ZZ0000000103,2025-07-11T09:21:12.504828Z,100543,PARF,L,,,,,,16.2713,EUR,,MONE,BUYI,,,,,37,,23,,,,,AGRE,,,,T10054354,,,,
SYNTHLEI0000000E0005,FALSE,CL1033,NONE,,,MTCH,FALSE,2025-07-11T09:21:42.842238Z,DAVY,VFAR,2025-07-11T23:59:59.999999Z,2025-07-11T09:21:42.842238Z,,583,XMKT,DLTA,ZZ0000000104,2025-07-11T09:21:42.842238Z,100050,NEWO,L,LMTO,3.144,0,0,0,0,EUR,,MONE,SELL,ACTI,,,20,20,20,,,,,,,,,,T10005082,,,,
SYNTHLEI0000000E0005,FALSE,CL1033,NONE,,,MTCH,FALSE,2025-07-11T09:21:46.137238Z,DAVY,VFAR,2025-07-11T23:59:59.999999Z,2025-07-11T09:21:46.137238Z,,584,XMKT,DLTA,ZZ0000000104,2025-07-11T09:21:46.137238Z,100050,REME,L,LMTO,3.1444,,,,,EUR,,MONE,SELL,ACTI,,,20,20,20,,,,,,,,,,T10005082,,,,
SYNTHLEI0000000E0005,FALSE,CL1033,NONE,,,MTCH,FALSE,2025-07-11T09:21:49.344238Z,DAVY,VFAR,2025-07-11T23:59:59.999999Z,2025-07-11T09:21:49.344238Z,,585,XMKT,DLTA,ZZ0000000104,2025-07-11T09:21:49.344238Z,100050,REME,L,LMTO,3.1449,,,,,EUR,,MONE,SELL,ACTI,,,20,20,20,,,,,,,,,,T10005082,,,,
SYNTHLEI0000000E0005,FALSE,CL1033,NONE,,,MTCH,FALSE,2025-07-11T09:21:54.034238Z,DAVY,VFAR,2025-07-11T23:59:59.999999Z,2025-07-11T09:21:54.034238Z,,586,XMKT,DLTA,ZZ0000000104,2025-07-11T09:21:54.034238Z,100050,CAME,L,LMTO,,,,,,EUR,,MONE,SELL,,,,20,0,0,,,,,,,,,,T10005082,,,,
SYNTHLEI0000000C0003,FALSE,CL1029,NONE,,,MTCH,FALSE,2025-07-11T09:22:44.862520Z,GTCV,VFAR,9999-12-31T23:59:59.999999Z,2025-07-11T09:22:44.862520Z,,587,XMKT,ECHO,ZZ0000000105,2025-07-11T09:22:44.862520Z,100386,NEWO,M,LMTO,0,0,0,0,0,EUR,,MONE,BUYI,ACTI,,,150,150,150,,,,,,,,,,T10038657,,,,
SYNTHLEI0000000H0008,FALSE,CL1021,NONE,,,AOTC,FALSE,2025-07-11T09:23:32.504828Z,GTDV,VFAR,2025-07-11T23:59:59.999999Z,2025-07-11T09:16:47.504828Z,,588,XMKT,CHRL,ZZ0000000103,2025-07-11T09:23:32.504828Z,100543,PARF,L,,,,,,16.2713,EUR,,MONE,BUYI,,,,,25,,12,,,,,PASV,,,,T10054354,,,,
SYNTHLEI0000000A0001,TRUE,CL1000,NONE,,,DEAL,FALSE,2025-07-11T09:23:35.825119Z,DAVY,VFCR,2025-07-11T23:59:59.999999Z,2025-07-11T09:23:35.825119Z,,589,XMKT,DLTA,ZZ0000000104,2025-07-11T09:23:35.825119Z,100218,NEWO,L,LMTO,3.1393,0,0,0,0,EUR,,MONE,SELL,ACTI,,,200,200,200,,,,,,,,,,T10021861,,,,
SYNTHLEI0000000B0002,FALSE,CL1039,NONE,,,AOTC,FALSE,2025-07-11T09:23:37.637067Z,DAVY,VFAR,2025-07-11T23:59:59.999999Z,2025-07-11T09:23:37.637067Z,,590,XMKT,CHRL,ZZ0000000103,2025-07-11T09:23:37.637067Z,100011,NEWO,L,LMTO,16.2343,0,0,0,0,EUR,,MONE,BUYI,ACTI,,,500,500,500,,,,,,,,,,T10001115,,,,
SYNTHLEI0000000A0001,FALSE,CL1009,NONE,,,MTCH,FALSE,2025-07-11T09:23:50.151808Z,DAVY,VFAR,2025-07-11T23:59:59.999999Z,2025-07-11T09:11:54.151808Z,,591,XMKT,GOLF,ZZ0000000107,2025-07-11T09:23:50.151808Z,100348,FILL,L,,,,,,4.1674,EUR,,MONE,BUYI,,,,,0,,1279,,,,,AGRE,,,,T10034849,,,,
SYNTHLEI0000000H0008,FALSE,NONE,ALGO1,,,AOTC,FALSE,2025-07-11T09:24:44.167521Z,DAVY,VFCR,2025-07-11T23:59:59.999999Z,2025-07-11T09:24:44.167521Z,,592,XMKT,HOTL,ZZ0000000108,2025-07-11T09:24:44.167521Z,100585,CAME,L,,,,,,,EUR,,MONE,BUYI,,,,1500,0,0,,,,,,,,,,T10058566,,,,
SYNTHLEI0000000H0008,FALSE,CL1017,NONE,,,DEAL,FALSE,2025-07-11T09:25:04.923776Z,DAVY,VFAR,2025-07-11T23:59:59.999999Z,2025-07-11T09:25:04.923776Z,,593,XMKT,JULT,ZZ0000000110,2025-07-11T09:25:04.923776Z,100195,REME,M,LMTO,11.4068,,,,,EUR,,MONE,SELL,ACTI,,,1000,1000,1000,,,,,,,,,,T10019594,,,,
SYNTHLEI0000000G0007,FALSE,CL1039,NONE,,,DEAL,FALSE,2025-07-11T09:25:48.941081Z,GTCV,VFCR,9999-12-31T23:59:59.999999Z,2025-07-11T09:25:48.941081Z,,594,XDRV,OPT25G15.00,ZV0000000202,2025-07-11T09:25:48.941081Z,100150,CAME,L,,,,,,,EUR,,MONE,BUYI,,,,20,0,0,,,,,,,,,,T10015082,,,,
SYNTHLEI0000000H0008,FALSE,CL1027,NONE,,,AOTC,FALSE,2025-07-11T09:26:16.134540Z,IOCV,VFCR,9999-12-31T23:59:59.999999Z,2025-07-11T09:26:16.134540Z,,595,XMKT,JULT,ZZ0000000110,2025-07-11T09:26:16.134540Z,100181,NEWO,L,LMTO,11.4003,0,0,0,0,EUR,,MONE,SELL,ACTI,,,1000,1000,1000,,,,,,,,,,T10018120,,,,
SYNTHLEI0000000C0003,FALSE,CL1029,NONE,,,MTCH,FALSE,2025-07-11T09:26:22.862520Z,GTCV,VFAR,9999-12-31T23:59:59.999999Z,2025-07-11T09:22:44.862520Z,,596,XMKT,ECHO,ZZ0000000105,2025-07-11T09:26:22.862520Z,100386,FILL,M,,,,,,7.9202,EUR,,MONE,BUYI,,,,,0,,150,,,,,AGRE,,,,T10038657,,,,
SYNTHLEI0000000A0001,TRUE,CL1022,NONE,,,DEAL,FALSE,2025-07-11T09:26:39.514905Z,GTCV,VFAR,9999-12-31T23:59:59.999999Z,2025-07-11T09:26:39.514905Z,,597,XMKT,DLTA,ZZ0000000104,2025-07-11T09:26:39.514905Z,100521,NEWO,S,STOP,3.1399,0,3.0615,0,0,EUR,,MONE,BUYI,ACTI,,,20,20,20,,,,,,,,,,T10052195,,,,
SYNTHLEI0000000H0008,FALSE,CL1021,NONE,,,AOTC,FALSE,2025-07-11T09:27:05.504828Z,GTDV,VFAR,2025-07-11T23:59:59.999999Z,2025-07-11T09:16:47.504828Z,,598,XMKT,CHRL,ZZ0000000103,2025-07-11T09:27:05.504828Z,100543,FILL,L,,,,,,16.2713,EUR,,MONE,BUYI,,,,,0,,25,,,,,PASV,,,,T10054354,,,,
SYNTHLEI0000000H0008,FALSE,CL1027,NONE,,,AOTC,FALSE,2025-07-11T09:28:42.134540Z,IOCV,VFCR,9999-12-31T23:59:59.999999Z,2025-07-11T09:26:16.134540Z,,599,XMKT,JULT,ZZ0000000110,2025-07-11T09:28:42.134540Z,100181,FILL,L,,,,,,11.4003,EUR,,MONE,SELL,,,,,0,,1000,,,,,PASV,,,,T10018120,,,,
SYNTHLEI0000000B0002,FALSE,CL1039,NONE,,,AOTC,FALSE,2025-07-11T09:29:10.637067Z,DAVY,VFAR,2025-07-11T23:59:59.999999Z,2025-07-11T09:23:37.637067Z,,600,XMKT,CHRL,ZZ0000000103,2025-07-11T09:29:10.637067Z,100011,FILL,L,,,,,,16.2343,EUR,,MONE,BUYI,,,,,0,,500,,,,,PASV,,,,T10001115,,,,
SYNTHLEI0000000D0004,FALSE,CL1011,NONE,,,AOTC,FALSE,2025-07-11T09:29:50.030918Z,GTDV,VFAR,2025-07-11T23:59:59.999999Z,2025-07-11T09:29:50.030918Z,,601,XMKT,BRVO,ZZ0000000102,2025-07-11T09:29:50.030918Z,100270,NEWO,L,LMTO,2.0825,0,0,0,0,EUR,,MONE,BUYI,ACTI,,,200,200,200,,,,,,,,,,T10027092,,,,
SYNTHLEI0000000A0001,TRUE,CL1022,NONE,,,DEAL,FALSE,2025-07-11T09:30:35.514905Z,GTCV,VFAR,9999-12-31T23:59:59.999999Z,2025-07-11T09:26:39.514905Z,,602,XMKT,DLTA,ZZ0000000104,2025-07-11T09:30:35.514905Z,100521,PARF,S,,,,,,3.1399,EUR,,MONE,BUYI,,,,,14,,6,,,,,PASV,,,,T10052195,,,,
SYNTHLEI0000000D0004,FALSE,CL1011,NONE,,,AOTC,FALSE,2025-07-11T09:35:11.030918Z,GTDV,VFAR,2025-07-11T23:59:59.999999Z,2025-07-11T09:29:50.030918Z,,603,XMKT,BRVO,ZZ0000000102,2025-07-11T09:35:11.030918Z,100270,PARF,L,,,,,,2.0825,EUR,,MONE,BUYI,,,,,117,,83,,,,,PASV,,,,T10027092,,,,
SYNTHLEI0000000H0008,FALSE,CL1017,NONE,,,DEAL,FALSE,2025-07-11T09:35:53.923776Z,DAVY,VFAR,2025-07-11T23:59:59.999999Z,2025-07-11T09:35:53.923776Z,,604,XMKT,JULT,ZZ0000000110,2025-07-11T09:35:53.923776Z,100195,CAME,M,,,,,,,EUR,,MONE,SELL,,,,1000,0,0,,,,,,,,,,T10019594,,,,
SYNTHLEI0000000B0002,FALSE,NONE,ALGO1,,,MTCH,FALSE,2025-07-11T09:36:35.816684Z,GTDV,VFCR,2025-07-11T23:59:59.999999Z,2025-07-11T09:36:35.816684Z,,605,XMKT,INDX,ZZ0000000109,2025-07-11T09:36:35.816684Z,100373,NEWO,L,LMTO,0.4636,0,0,0,0,EUR,,MONE,SELL,ACTI,,,60,60,60,,,,,,,,,,T10037328,,,,
SYNTHLEI0000000C0003,FALSE,CL1024,NONE,,,AOTC,FALSE,2025-07-11T09:37:07.506237Z,IOCV,,9999-12-31T23:59:59.999999Z,2025-07-11T09:37:07.506237Z,,606,XMKT,DLTA,ZZ0000000104,2025-07-11T09:37:07.506237Z,100301,NEWO,L,LMTO,3.1402,0,0,0,0,EUR,,MONE,BUYI,ACTI,,,20,20,20,,,,,,,,,,T10030146,,,,
SYNTHLEI0000000F0006,FALSE,NONE,ALGO1,,,AOTC,FALSE,2025-07-11T09:37:42.044153Z,GTDV,VFAR,2025-07-11T23:59:59.999999Z,2025-07-11T09:37:42.044153Z,,607,XMKT,DLTA,ZZ0000000104,2025-07-11T09:37:42.044153Z,100004,NEWO,L,LMTO,3.1467,0,0,0,0,EUR,,MONE,SELL,ACTI,,,100,100,100,,,,,,,,,,T10000428,,,,
SYNTHLEI0000000F0006,FALSE,NONE,ALGO1,,,AOTC,FALSE,2025-07-11T09:37:42.348153Z,GTDV,VFAR,2025-07-11T23:59:59.999999Z,2025-07-11T09:37:42.044153Z,,608,XMKT,DLTA,ZZ0000000104,2025-07-11T09:37:42.348153Z,100004,CAME,L,LMTO,,,,,,EUR,,MONE,SELL,,,,100,0,0,,,,,,,,,,T10000428,,,,
SYNTHLEI0000000D0004,FALSE,CL1006,NONE,,,MTCH,FALSE,2025-07-11T09:38:11.397774Z,GTDV,VFCR,2025-07-11T23:59:59.999999Z,2025-07-11T09:38:11.397774Z,,609,XMKT,DLTA,ZZ0000000104,2025-07-11T09:38:11.397774Z,100486,NEWO,S,STOP,3.1442,0,3.2293,0,0,EUR,,MONE,BUYI,ACTI,,,40,40,40,,,,,,,,,,T10048648,,,,
SYNTHLEI0000000A0001,TRUE,CL1000,NONE,,,DEAL,FALSE,2025-07-11T09:38:13.825119Z,DAVY,VFCR,2025-07-11T23:59:59.999999Z,2025-07-11T09:38:13.825119Z,,610,XMKT,DLTA,ZZ0000000104,2025-07-11T09:38:13.825119Z,100218,CAME,L,,,,,,,EUR,,MONE,SELL,,,,200,0,0,,,,,,,,,,T10021861,,,,
SYNTHLEI0000000A0001,TRUE,CL1022,NONE,,,DEAL,FALSE,2025-07-11T09:38:38.514905Z,GTCV,VFAR,9999-12-31T23:59:59.999999Z,2025-07-11T09:38:38.514905Z,,611,XMKT,DLTA,ZZ0000000104,2025-07-11T09:38:38.514905Z,100521,CAME,S,,,,,,,EUR,,MONE,BUYI,,,,20,0,0,,,,,,,,,,T10052195,,,,
SYNTHLEI0000000B0002,FALSE,NONE,ALGO1,,,MTCH,FALSE,2025-07-11T09:39:48.816684Z,GTDV,VFCR,2025-07-11T23:59:59.999999Z,2025-07-11T09:39:48.816684Z,,612,XMKT,INDX,ZZ0000000109,2025-07-11T09:39:48.816684Z,100373,CAME,L,,,,,,,EUR,,MONE,SELL,,,,60,0,0,,,,,,,,,,T10037328,,,,
SYNTHLEI0000000D0004,TRUE,CL1024,NONE,,,DEAL,FALSE,2025-07-11T09:39:55.914058Z,DAVY,VFAR,2025-07-11T23:59:59.999999Z,2025-07-11T09:39:55.914058Z,,613,XMKT,HOTL,ZZ0000000108,2025-07-11T09:39:55.914058Z,100492,CAME,L,,,,,,,EUR,,MONE,SELL,,,,150,0,0,,,,,,,,,,T10049254,,,,
SYNTHLEI0000000F0006,FALSE,CL1036,NONE,,,AOTC,FALSE,2025-07-11T09:39:56.695580Z,DAVY,VFAR,2025-07-11T23:59:59.999999Z,2025-07-11T09:39:56.695580Z,,614,XDRV,FTSE25T4900,ZV0000000201,2025-07-11T09:39:56.695580Z,100469,NEWO,L,LMTO,107.8119,0,0,0,0,EUR,,MONE,SELL,ACTI,,,10,10,10,,,,,,,,,,T10046961,,,,
SYNTHLEI0000000F0006,FALSE,CL1036,NONE,,,AOTC,FALSE,2025-07-11T09:39:56.769580Z,DAVY,VFAR,2025-07-11T23:59:59.999999Z,2025-07-11T09:39:56.695580Z,,615,XDRV,FTSE25T4900,ZV0000000201,2025-07-11T09:39:56.769580Z,100469,CAME,L,LMTO,,,,,,EUR,,MONE,SELL,,,,10,0,0,,,,,,,,,,T10046961,,,,
SYNTHLEI0000000D0004,FALSE,CL1011,NONE,,,AOTC,FALSE,2025-07-11T09:40:30.030918Z,GTDV,VFAR,2025-07-11T23:59:59.999999Z,2025-07-11T09:29:50.030918Z,,616,XMKT,BRVO,ZZ0000000102,2025-07-11T09:40:30.030918Z,100270,FILL,L,,,,,,2.0825,EUR,,MONE,BUYI,,,,,0,,117,,,,,PASV,,,,T10027092,,,,
SYNTHLEI0000000E0005,FALSE,NONE,NONE,,,AOTC,FALSE,2025-07-11T09:41:09.330592Z,DAVY,VFAR,2025-07-11T23:59:59.999999Z,2025-07-11T09:41:09.330592Z,,617,XMKT,INDX,ZZ0000000109,2025-07-11T09:41:09.330592Z,100002,NEWO,L,LMTO,0.4636,0,0,0,0,EUR,,MONE,BUYI,ACTI,,,60,60,60,,,,,,,,,,T10000239,,,,
SYNTHLEI0000000E0005,FALSE,NONE,NONE,,,AOTC,FALSE,2025-07-11T09:41:09.817592Z,DAVY,VFAR,2025-07-11T23:59:59.999999Z,2025-07-11T09:41:09.817592Z,,618,XMKT,INDX,ZZ0000000109,2025-07-11T09:41:09.817592Z,100002,REME,L,LMTO,0.4634,,,,,EUR,,MONE,BUYI,ACTI,,,60,60,60,,,,,,,,,,T10000239,,,,
SYNTHLEI0000000E0005,FALSE,NONE,NONE,,,AOTC,FALSE,2025-07-11T09:41:14.630592Z,DAVY,VFAR,2025-07-11T23:59:59.999999Z,2025-07-11T09:41:14.630592Z,,619,XMKT,INDX,ZZ0000000109,2025-07-11T09:41:14.630592Z,100002,CAME,L,LMTO,,,,,,EUR,,MONE,BUYI,,,,60,0,0,,,,,,,,,,T10000239,,,,
SYNTHLEI0000000C0003,FALSE,CL1024,NONE,,,AOTC,FALSE,2025-07-11T09:41:41.506237Z,IOCV,,9999-12-31T23:59:59.999999Z,2025-07-11T09:41:41.506237Z,,620,XMKT,DLTA,ZZ0000000104,2025-07-11T09:41:41.506237Z,100301,CAME,L,,,,,,,EUR,,MONE,BUYI,,,,20,0,0,,,,,,,,,,T10030146,,,,
SYNTHLEI0000000G0007,FALSE,CL1009,NONE,,,AOTC,FALSE,2025-07-11T09:41:55.998850Z,GTDV,VFCR,2025-07-11T23:59:59.999999Z,2025-07-11T09:41:55.998850Z,,621,XMKT,JULT,ZZ0000000110,2025-07-11T09:41:55.998850Z,100549,CAME,L,,,,,,,EUR,,MONE,BUYI,,,,3000,0,0,,,,,,,,,,T10054959,,,,
SYNTHLEI0000000G0007,FALSE,NONE,NONE,,,DEAL,FALSE,2025-07-11T09:42:15.909989Z,GTDV,VFAR,2025-07-11T23:59:59.999999Z,2025-07-11T09:42:15.909989Z,,622,XMKT,DLTA,ZZ0000000104,2025-07-11T09:42:15.909989Z,100602,NEWO,L,LMTO,3.1379,0,0,0,0,EUR,,MONE,BUYI,ACTI,,,5,5,5,,,,,,,,,,T10060262,,,,
SYNTHLEI0000000B0002,FALSE,CL1039,NONE,,,DEAL,FALSE,2025-07-11T09:43:11.410054Z,DAVY,VFAR,2025-07-11T23:59:59.999999Z,2025-07-11T09:43:11.410054Z,,623,XMKT,BRVO,ZZ0000000102,2025-07-11T09:43:11.410054Z,100619,NEWO,L,LMTO,2.0812,0,0,0,0,EUR,,MONE,SELL,ACTI,,,5,5,5,,,,,,,,,,T10061920,,,,
SYNTHLEI0000000F0006,FALSE,CL1021,NONE,,,MTCH,FALSE,2025-07-11T09:43:57.565012Z,GTDV,VFCR,2025-07-11T23:59:59.999999Z,2025-07-11T09:43:57.565012Z,,624,XMKT,JULT,ZZ0000000110,2025-07-11T09:43:57.565012Z,100041,NEWO,S,STOP,11.3962,0,11.5607,0,0,EUR,,MONE,SELL,ACTI,,,100,100,100,,,,,,,,,,T10004148,,,,
SYNTHLEI0000000F0006,FALSE,CL1021,NONE,,,MTCH,FALSE,2025-07-11T09:43:57.966012Z,GTDV,VFCR,2025-07-11T23:59:59.999999Z,2025-07-11T09:43:57.565012Z,,625,XMKT,JULT,ZZ0000000110,2025-07-11T09:43:57.966012Z,100041,CAME,S,STOP,,,,,,EUR,,MONE,SELL,,,,100,0,0,,,,,,,,,,T10004148,,,,
SYNTHLEI0000000G0007,FALSE,NONE,NONE,,,DEAL,FALSE,2025-07-11T09:45:14.909989Z,GTDV,VFAR,2025-07-11T23:59:59.999999Z,2025-07-11T09:42:15.909989Z,,626,XMKT,DLTA,ZZ0000000104,2025-07-11T09:45:14.909989Z,100602,FILL,L,,,,,,3.1379,EUR,,MONE,BUYI,,,,,0,,5,,,,,PASV,,,,T10060262,,,,
SYNTHLEI0000000E0005,FALSE,CL1032,NONE,,,AOTC,FALSE,2025-07-11T09:45:35.476614Z,GTDV,VFCR,2025-07-11T23:59:59.999999Z,2025-07-11T09:45:35.476614Z,,627,XMKT,ABLE,ZZ0000000101,2025-07-11T09:45:35.476614Z,100053,NEWO,L,LMTO,6.5051,0,0,0,0,EUR,,MONE,SELL,ACTI,,,40,40,40,,,,,,,,,,T10005317,,,,
SYNTHLEI0000000E0005,FALSE,CL1032,NONE,,,AOTC,FALSE,2025-07-11T09:45:37.168614Z,GTDV,VFCR,2025-07-11T23:59:59.999999Z,2025-07-11T09:45:37.168614Z,,628,XMKT,ABLE,ZZ0000000101,2025-07-11T09:45:37.168614Z,100053,REME,L,LMTO,6.5035,,,,,EUR,,MONE,SELL,ACTI,,,40,40,40,,,,,,,,,,T10005317,,,,
SYNTHLEI0000000E0005,FALSE,CL1032,NONE,,,AOTC,FALSE,2025-07-11T09:45:37.540614Z,GTDV,VFCR,2025-07-11T23:59:59.999999Z,2025-07-11T09:45:37.540614Z,,629,XMKT,ABLE,ZZ0000000101,2025-07-11T09:45:37.540614Z,100053,REME,L,LMTO,6.5003,,,,,EUR,,MONE,SELL,ACTI,,,40,40,40,,,,,,,,,,T10005317,,,,
SYNTHLEI0000000E0005,FALSE,CL1032,NONE,,,AOTC,FALSE,2025-07-11T09:45:38.791614Z,GTDV,VFCR,2025-07-11T23:59:59.999999Z,2025-07-11T09:45:38.791614Z,,630,XMKT,ABLE,ZZ0000000101,2025-07-11T09:45:38.791614Z,100053,CAME,L,LMTO,,,,,,EUR,,MONE,SELL,,,,40,0,0,,,,,,,,,,T10005317,,,,
SYNTHLEI0000000B0002,FALSE,CL1039,NONE,,,DEAL,FALSE,2025-07-11T09:47:49.410054Z,DAVY,VFAR,2025-07-11T23:59:59.999999Z,2025-07-11T09:47:49.410054Z,,631,XMKT,BRVO,ZZ0000000102,2025-07-11T09:47:49.410054Z,100619,REME,L,LMTO,2.082,,,,,EUR,,MONE,SELL,ACTI,,,5,5,5,,,,,,,,,,T10061920,,,,
SYNTHLEI0000000F0006,FALSE,CL1008,NONE,,,DEAL,TRUE,2025-07-11T09:47:53.214754Z,GTCV,VFAR,9999-12-31T23:59:59.999999Z,2025-07-11T09:47:53.214754Z,,632,XMKT,ECHO,ZZ0000000105,2025-07-11T09:47:53.214754Z,100058,NEWO,L,LMTO,7.9112,0,0,0,0,EUR,,MONE,SELL,ACTI,,,1000,1000,1000,,,,,,,,,,T10005845,,,,
SYNTHLEI0000000F0006,FALSE,CL1008,NONE,,,DEAL,TRUE,2025-07-11T09:47:53.714754Z,GTCV,VFAR,9999-12-31T23:59:59.999999Z,2025-07-11T09:47:53.214754Z,,633,XMKT,ECHO,ZZ0000000105,2025-07-11T09:47:53.714754Z,100058,CAME,L,LMTO,,,,,,EUR,,MONE,SELL,,,,1000,0,0,,,,,,,,,,T10005845,,,,
SYNTHLEI0000000B0002,FALSE,CL1039,NONE,,,DEAL,FALSE,2025-07-11T09:49:15.410054Z,DAVY,VFAR,2025-07-11T23:59:59.999999Z,2025-07-11T09:43:11.410054Z,,634,XMKT,BRVO,ZZ0000000102,2025-07-11T09:49:15.410054Z,100619,PARF,L,,,,,,2.082,EUR,,MONE,SELL,,,,,4,,1,,,,,PASV,,,,T10061920,,,,
SYNTHLEI0000000D0004,FALSE,CL1001,NONE,,,MTCH,FALSE,2025-07-11T09:50:09.379614Z,GTCV,VFCR,9999-12-31T23:59:59.999999Z,2025-07-11T09:50:09.379614Z,,635,XMKT,JULT,ZZ0000000110,2025-07-11T09:50:09.379614Z,100396,NEWO,L,LMTO,11.404,0,0,0,0,EUR,,MONE,BUYI,ACTI,,,5,5,5,,,,,,,,,,T10039652,,,,
SYNTHLEI0000000H0008,FALSE,CL1010,NONE,,,AOTC,FALSE,2025-07-11T09:52:31.448719Z,DAVY,VFAR,2025-07-11T23:59:59.999999Z,2025-07-11T09:52:31.448719Z,,636,XDRV,FTSE25T4900,ZV0000000201,2025-07-11T09:52:31.448719Z,100189,NEWO,L,LMTO,108.1198,0,0,0,0,EUR,,MONE,SELL,ACTI,,,2,2,2,,,,,,,,,,T10018936,,,,
SYNTHLEI0000000C0003,FALSE,CL1012,NONE,,,AOTC,FALSE,2025-07-11T09:54:23.014187Z,DAVY,VFCR,2025-07-11T23:59:59.999999Z,2025-07-11T09:54:23.014187Z,,637,XDRV,OPT25G15.00,ZV0000000202,2025-07-11T09:54:23.014187Z,100397,NEWO,L,LMTO,0.4569,0,0,0,0,EUR,,MONE,BUYI,ACTI,,,20,20,20,,,,,,,,,,T10039736,,,,
SYNTHLEI0000000B0002,FALSE,CL1039,NONE,,,DEAL,FALSE,2025-07-11T09:54:43.410054Z,DAVY,VFAR,2025-07-11T23:59:59.999999Z,2025-07-11T09:43:11.410054Z,,638,XMKT,BRVO,ZZ0000000102,2025-07-11T09:54:43.410054Z,100619,FILL,L,,,,,,2.082,EUR,,MONE,SELL,,,,,0,,4,,,,,PASV,,,,T10061920,,,,
SYNTHLEI0000000B0002,FALSE,CL1010,NONE,,,AOTC,FALSE,2025-07-11T09:55:16.746491Z,GTCV,VFAR,9999-12-31T23:59:59.999999Z,2025-07-11T09:55:16.746491Z,,639,XMKT,JULT,ZZ0000000110,2025-07-11T09:55:16.746491Z,100240,NEWO,L,LMTO,11.3751,0,0,0,0,EUR,,MONE,SELL,ACTI,,,150,150,150,,,,,,,,,,T10024099,,,,
SYNTHLEI0000000D0004,FALSE,CL1001,NONE,,,MTCH,FALSE,2025-07-11T09:55:24.379614Z,GTCV,VFCR,9999-12-31T23:59:59.999999Z,2025-07-11T09:50:09.379614Z,,640,XMKT,JULT,ZZ0000000110,2025-07-11T09:55:24.379614Z,100396,PARF,L,,,,,,11.404,EUR,,MONE,BUYI,,,,,4,,1,,,,,PASV,,,,T10039652,,,,
SYNTHLEI0000000H0008,FALSE,NONE,NONE,,,MTCH,FALSE,2025-07-11T09:56:03.929564Z,GTDV,,2025-07-11T23:59:59.999999Z,2025-07-11T09:56:03.929564Z,,641,XMKT,BRVO,ZZ0000000102,2025-07-11T09:56:03.929564Z,100400,NEWO,L,LMTO,2.0877,0,0,0,0,EUR,,MONE,BUYI,ACTI,,,150,150,150,,,,,,,,,,T10040081,,,,
SYNTHLEI0000000B0002,FALSE,CL1026,NONE,,,AOTC,FALSE,2025-07-11T09:57:02.786673Z,DAVY,VFAR,2025-07-11T23:59:59.999999Z,2025-07-11T09:57:02.786673Z,,642,XDRV,FTSE25T4900,ZV0000000201,2025-07-11T09:57:02.786673Z,100334,NEWO,L,LMTO,107.9485,0,0,0,0,EUR,,MONE,BUYI,ACTI,,,20,20,20,,,,,,,,,,T10033489,,,,
SYNTHLEI0000000B0002,FALSE,CL1010,NONE,,,AOTC,FALSE,2025-07-11T09:57:15.746491Z,GTCV,VFAR,9999-12-31T23:59:59.999999Z,2025-07-11T09:55:16.746491Z,,643,XMKT,JULT,ZZ0000000110,2025-07-11T09:57:15.746491Z,100240,FILL,L,,,,,,11.3751,EUR,,MONE,SELL,,,,,0,,150,,,,,AGRE,,,,T10024099,,,,
SYNTHLEI0000000D0004,FALSE,CL1001,NONE,,,MTCH,FALSE,2025-07-11T09:57:30.379614Z,GTCV,VFCR,9999-12-31T23:59:59.999999Z,2025-07-11T09:50:09.379614Z,,644,XMKT,JULT,ZZ0000000110,2025-07-11T09:57:30.379614Z,100396,PARF,L,,,,,,11.404,EUR,,MONE,BUYI,,,,,3,,1,,,,,PASV,,,,T10039652,,,,
SYNTHLEI0000000C0003,FALSE,CL1012,NONE,,,AOTC,FALSE,2025-07-11T09:58:02.014187Z,DAVY,VFCR,2025-07-11T23:59:59.999999Z,2025-07-11T09:58:02.014187Z,,645,XDRV,OPT25G15.00,ZV0000000202,2025-07-11T09:58:02.014187Z,100397,REME,L,LMTO,0.4568,,,,,EUR,,MONE,BUYI,ACTI,,,20,20,20,,,,,,,,,,T10039736,,,,
SYNTHLEI0000000D0004,FALSE,CL1001,NONE,,,MTCH,FALSE,2025-07-11T09:59:23.379614Z,GTCV,VFCR,9999-12-31T23:59:59.999999Z,2025-07-11T09:50:09.379614Z,,646,XMKT,JULT,ZZ0000000110,2025-07-11T09:59:23.379614Z,100396,FILL,L,,,,,,11.404,EUR,,MONE,BUYI,,,,,0,,3,,,,,PASV,,,,T10039652,,,,
SYNTHLEI0000000H0008,FALSE,NONE,NONE,,,MTCH,FALSE,2025-07-11T09:59:25.929564Z,GTDV,,2025-07-11T23:59:59.999999Z,2025-07-11T09:56:03.929564Z,,647,XMKT,BRVO,ZZ0000000102,2025-07-11T09:59:25.929564Z,100400,FILL,L,,,,,,2.0877,EUR,,MONE,BUYI,,,,,0,,150,,,,,AGRE,,,,T10040081,,,,
SYNTHLEI0000000C0003,FALSE,CL1012,NONE,,,AOTC,FALSE,2025-07-11T10:00:37.014187Z,DAVY,VFCR,2025-07-11T23:59:59.999999Z,2025-07-11T09:54:23.014187Z,,648,XDRV,OPT25G15.00,ZV0000000202,2025-07-11T10:00:37.014187Z,100397,PARF,L,,,,,,0.4568,EUR,,MONE,BUYI,,,,,12,,8,,,,,AGRE,,,,T10039736,,,,
SYNTHLEI0000000B0002,FALSE,CL1026,NONE,,,AOTC,FALSE,2025-07-11T10:01:34.786673Z,DAVY,VFAR,2025-07-11T23:59:59.999999Z,2025-07-11T09:57:02.786673Z,,649,XDRV,FTSE25T4900,ZV0000000201,2025-07-11T10:01:34.786673Z,100334,PARF,L,,,,,,107.9485,EUR,,MONE,BUYI,,,,,12,,8,,,,,PASV,,,,T10033489,,,,
SYNTHLEI0000000B0002,FALSE,CL1026,NONE,,,AOTC,FALSE,2025-07-11T10:02:51.786673Z,DAVY,VFAR,2025-07-11T23:59:59.999999Z,2025-07-11T10:02:51.786673Z,,650,XDRV,FTSE25T4900,ZV0000000201,2025-07-11T10:02:51.786673Z,100334,CAME,L,,,,,,,EUR,,MONE,BUYI,,,,20,0,0,,,,,,,,,,T10033489,,,,
SYNTHLEI0000000C0003,FALSE,CL1012,NONE,,,AOTC,FALSE,2025-07-11T10:03:46.014187Z,DAVY,VFCR,2025-07-11T23:59:59.999999Z,2025-07-11T10:03:46.014187Z,,651,XDRV,OPT25G15.00,ZV0000000202,2025-07-11T10:03:46.014187Z,100397,CAME,L,,,,,,,EUR,,MONE,BUYI,,,,20,0,0,,,,,,,,,,T10039736,,,,
SYNTHLEI0000000A0001,TRUE,CL1031,NONE,,,DEAL,FALSE,2025-07-11T10:04:15.191120Z,IOCV,VFCR,9999-12-31T23:59:59.999999Z,2025-07-11T10:04:15.191120Z,,652,XDRV,OPT25G15.00,ZV0000000202,2025-07-11T10:04:15.191120Z,100407,NEWO,L,LMTO,0.4562,0,0,0,0,EUR,,MONE,SELL,ACTI,,,20,20,20,,,,,,,,,,T10040774,,,,
SYNTHLEI0000000C0003,FALSE,CL1009,NONE,,,MTCH,FALSE,2025-07-11T10:06:37.327317Z,GTDV,VFAR,2025-07-11T23:59:59.999999Z,2025-07-11T10:06:37.327317Z,,653,XMKT,INDX,ZZ0000000109,2025-07-11T10:06:37.327317Z,100070,NEWO,L,LMTO,0.4636,0,0,0,0,EUR,,MONE,BUYI,ACTI,,,60,60,60,,,,,,,,,,T10007045,,,,
SYNTHLEI0000000G0007,FALSE,CL1023,NONE,,,AOTC,FALSE,2025-07-11T10:07:06.237071Z,DAVY,VFAR,2025-07-11T23:59:59.999999Z,2025-07-11T10:07:06.237071Z,,654,XMKT,ECHO,ZZ0000000105,2025-07-11T10:07:06.237071Z,100248,NEWO,L,LMTO,8.2167,0,0,0,0,EUR,,MONE,BUYI,ACTI,,,1000,1000,1000,,,,,,,,,,T10024819,,,,
SYNTHLEI0000000H0008,FALSE,CL1025,NONE,,,DEAL,TRUE,2025-07-11T10:07:06.625920Z,DAVY,VFAR,2025-07-11T23:59:59.999999Z,2025-07-11T10:07:06.625920Z,,655,XMKT,INDX,ZZ0000000109,2025-07-11T10:07:06.625920Z,100501,NEWO,L,LMTO,0.4633,0,0,0,0,EUR,,MONE,SELL,ACTI,,,1000,1000,1000,,,,,,,,,,T10050160,,,,
SYNTHLEI0000000E0005,FALSE,NONE,ALGOPT,,,AOTC,FALSE,2025-07-11T10:07:16.098117Z,GTDV,VFAR,2025-07-11T23:59:59.999999Z,2025-07-11T10:07:16.098117Z,,656,XMKT,ECHO,ZZ0000000105,2025-07-11T10:07:16.098117Z,100477,NEWO,L,LMTO,7.8972,0,0,0,0,EUR,,MONE,BUYI,ACTI,,,100,100,100,,,,,,,,,,T10047778,,,,
SYNTHLEI0000000A0001,FALSE,CL1005,NONE,,,AOTC,FALSE,2025-07-11T10:08:15.858103Z,DAVY,VFAR,2025-07-11T23:59:59.999999Z,2025-07-11T10:08:15.858103Z,,657,XMKT,HOTL,ZZ0000000108,2025-07-11T10:08:15.858103Z,100555,NEWO,L,LMTO,3.1733,0,0,0,0,EUR,,MONE,SELL,ACTI,,,1500,1500,1500,,,,,,,,,,T10055542,,,,
SYNTHLEI0000000H0008,FALSE,CL1025,NONE,,,DEAL,TRUE,2025-07-11T10:10:00.625920Z,DAVY,VFAR,2025-07-11T23:59:59.999999Z,2025-07-11T10:07:06.625920Z,,658,XMKT,INDX,ZZ0000000109,2025-07-11T10:10:00.625920Z,100501,FILL,L,,,,,,0.4633,EUR,,MONE,SELL,,,,,0,,1000,,,,,PASV,,,,T10050160,,,,
SYNTHLEI0000000C0003,FALSE,CL1009,NONE,,,MTCH,FALSE,2025-07-11T10:10:03.221561Z,DAVY,VFAR,2025-07-11T23:59:59.999999Z,2025-07-11T10:10:03.221561Z,,659,XMKT,GOLF,ZZ0000000107,2025-07-11T10:10:03.221561Z,100316,NEWO,L,LMTO,4.1688,0,0,0,0,EUR,,MONE,SELL,ACTI,,,100,100,100,,,,,,,,,,T10031691,,,,
SYNTHLEI0000000A0001,FALSE,CL1005,NONE,,,AOTC,FALSE,2025-07-11T10:10:30.858103Z,DAVY,VFAR,2025-07-11T23:59:59.999999Z,2025-07-11T10:08:15.858103Z,,660,XMKT,HOTL,ZZ0000000108,2025-07-11T10:10:30.858103Z,100555,PARF,L,,,,,,3.1733,EUR,,MONE,SELL,,,,,1029,,471,,,,,AGRE,,,,T10055542,,,,
SYNTHLEI0000000G0007,FALSE,CL1011,NONE,,,MTCH,FALSE,2025-07-11T10:10:42.700340Z,GTCV,VFAR,9999-12-31T23:59:59.999999Z,2025-07-11T10:10:42.700340Z,,661,XMKT,CHRL,ZZ0000000103,2025-07-11T10:10:42.700340Z,100155,NEWO,L,LMTO,16.2277,0,0,0,0,EUR,,MONE,BUYI,ACTI,,,100,100,100,,,,,,,,,,T10015569,,,,
SYNTHLEI0000000C0003,FALSE,CL1009,NONE,,,MTCH,FALSE,2025-07-11T10:12:07.327317Z,GTDV,VFAR,2025-07-11T23:59:59.999999Z,2025-07-11T10:12:07.327317Z,,662,XMKT,INDX,ZZ0000000109,2025-07-11T10:12:07.327317Z,100070,REME,L,LMTO,0.464,,,,,EUR,,MONE,BUYI,ACTI,,,60,60,60,,,,,,,,,,T10007045,,,,
SYNTHLEI0000000A0001,TRUE,CL1031,NONE,,,DEAL,FALSE,2025-07-11T10:12:11.191120Z,IOCV,VFCR,9999-12-31T23:59:59.999999Z,2025-07-11T10:12:11.191120Z,,663,XDRV,OPT25G15.00,ZV0000000202,2025-07-11T10:12:11.191120Z,100407,CAME,L,,,,,,,EUR,,MONE,SELL,,,,20,0,0,,,,,,,,,,T10040774,,,,
SYNTHLEI0000000C0003,FALSE,CL1009,NONE,,,MTCH,FALSE,2025-07-11T10:14:23.327317Z,GTDV,VFAR,2025-07-11T23:59:59.999999Z,2025-07-11T10:06:37.327317Z,,664,XMKT,INDX,ZZ0000000109,2025-07-11T10:14:23.327317Z,100070,PARF,L,,,,,,0.464,EUR,,MONE,BUYI,,,,,46,,14,,,,,PASV,,,,T10007045,,,,
SYNTHLEI0000000A0001,FALSE,CL1005,NONE,,,AOTC,FALSE,2025-07-11T10:14:31.858103Z,DAVY,VFAR,2025-07-11T23:59:59.999999Z,2025-07-11T10:14:31.858103Z,,665,XMKT,HOTL,ZZ0000000108,2025-07-11T10:14:31.858103Z,100555,CAME,L,,,,,,,EUR,,MONE,SELL,,,,1500,0,0,,,,,,,,,,T10055542,,,,
SYNTHLEI0000000B0002,FALSE,NONE,ALGO1,,,DEAL,TRUE,2025-07-11T10:14:49.145356Z,DAVY,VFAR,2025-07-11T23:59:59.999999Z,2025-07-11T10:14:49.145356Z,,666,XMKT,JULT,ZZ0000000110,2025-07-11T10:14:49.145356Z,100617,NEWO,L,LMTO,11.4062,0,0,0,0,EUR,,MONE,BUYI,ACTI,,,20,20,20,,,,,,,,,,T10061796,,,,
SYNTHLEI0000000B0002,TRUE,CL1016,NONE,,,MTCH,FALSE,2025-07-11T10:16:39.388544Z,GTCV,VFAR,9999-12-31T23:59:59.999999Z,2025-07-11T10:16:39.388544Z,,667,XMKT,INDX,ZZ0000000109,2025-07-11T10:16:39.388544Z,100620,NEWO,L,LMTO,0.4641,0,0,0,0,EUR,,MONE,BUYI,ACTI,,,40,40,40,,,,,,,,,,T10062025,,,,
SYNTHLEI0000000E0005,FALSE,NONE,ALGOPT,,,AOTC,FALSE,2025-07-11T10:17:04.098117Z,GTDV,VFAR,2025-07-11T23:59:59.999999Z,2025-07-11T10:17:04.098117Z,,668,XMKT,ECHO,ZZ0000000105,2025-07-11T10:17:04.098117Z,100477,REME,L,LMTO,7.9004,,,,,EUR,,MONE,BUYI,ACTI,,,100,100,100,,,,,,,,,,T10047778,,,,
SYNTHLEI0000000B0002,FALSE,NONE,ALGO1,,,DEAL,TRUE,2025-07-11T10:17:05.145356Z,DAVY,VFAR,2025-07-11T23:59:59.999999Z,2025-07-11T10:14:49.145356Z,,669,XMKT,JULT,ZZ0000000110,2025-07-11T10:17:05.145356Z,100617,FILL,L,,,,,,11.4062,EUR,,MONE,BUYI,,,,,0,,20,,,,,PASV,,,,T10061796,,,,
SYNTHLEI0000000C0003,FALSE,CL1009,NONE,,,MTCH,FALSE,2025-07-11T10:18:00.327317Z,GTDV,VFAR,2025-07-11T23:59:59.999999Z,2025-07-11T10:18:00.327317Z,,670,XMKT,INDX,ZZ0000000109,2025-07-11T10:18:00.327317Z,100070,CAME,L,,,,,,,EUR,,MONE,BUYI,,,,60,0,0,,,,,,,,,,T10007045,,,,
SYNTHLEI0000000F0006,FALSE,NONE,ALGOPT,,,AOTC,FALSE,2025-07-11T10:18:16.788126Z,DAVY,VFAR,2025-07-11T23:59:59.999999Z,2025-07-11T10:18:16.788126Z,,671,XMKT,JULT,ZZ0000000110,2025-07-11T10:18:16.788126Z,100161,NEWO,L,LMTO,11.399,0,0,0,0,EUR,,MONE,BUYI,ACTI,,,60,60,60,,,,,,,,,,T10016185,,,,
SYNTHLEI0000000F0006,FALSE,NONE,ALGOPT,,,AOTC,FALSE,2025-07-11T10:18:17.311126Z,DAVY,VFAR,2025-07-11T23:59:59.999999Z,2025-07-11T10:18:16.788126Z,,672,XMKT,JULT,ZZ0000000110,2025-07-11T10:18:17.311126Z,100161,CAME,L,LMTO,,,,,,EUR,,MONE,BUYI,,,,60,0,0,,,,,,,,,,T10016185,,,,
SYNTHLEI0000000E0005,FALSE,NONE,ALGOPT,,,AOTC,FALSE,2025-07-11T10:18:43.098117Z,GTDV,VFAR,2025-07-11T23:59:59.999999Z,2025-07-11T10:07:16.098117Z,,673,XMKT,ECHO,ZZ0000000105,2025-07-11T10:18:43.098117Z,100477,FILL,L,,,,,,7.9004,EUR,,MONE,BUYI,,,,,0,,100,,,,,PASV,,,,T10047778,,,,
SYNTHLEI0000000A0001,FALSE,NONE,ALGOPT,,,DEAL,FALSE,2025-07-11T10:19:15.504644Z,DAVY,VFAR,2025-07-11T23:59:59.999999Z,2025-07-11T10:19:15.504644Z,,674,XMKT,BRVO,ZZ0000000102,2025-07-11T10:19:15.504644Z,100595,NEWO,L,LMTO,2.0835,0,0,0,0,EUR,,MONE,BUYI,ACTI,,,100,100,100,,,,,,,,,,T10059562,,,,
SYNTHLEI0000000A0001,FALSE,CL1029,NONE,,,MTCH,FALSE,2025-07-11T10:19:41.342241Z,DAVY,VFAR,2025-07-11T23:59:59.999999Z,2025-07-11T10:19:41.342241Z,,675,XMKT,ABLE,ZZ0000000101,2025-07-11T10:19:41.342241Z,100145,NEWO,L,LMTO,6.4937,0,0,0,0,EUR,,MONE,SELL,ACTI,,,5,5,5,,,,,,,,,,T10014582,,,,
SYNTHLEI0000000D0004,FALSE,CL1006,NONE,,,MTCH,FALSE,2025-07-11T10:19:56.450124Z,GTDV,VFCR,2025-07-11T23:59:59.999999Z,2025-07-11T10:19:56.450124Z,,676,XMKT,INDX,ZZ0000000109,2025-07-11T10:19:56.450124Z,100185,NEWO,L,LMTO,0.4633,0,0,0,0,EUR,,MONE,SELL,ACTI,,,20,20,20,,,,,,,,,,T10018540,,,,
SYNTHLEI0000000D0004,FALSE,CL1006,NONE,,,MTCH,FALSE,2025-07-11T10:20:03.450124Z,GTDV,VFCR,2025-07-11T23:59:59.999999Z,2025-07-11T10:20:03.450124Z,,677,XMKT,INDX,ZZ0000000109,2025-07-11T10:20:03.450124Z,100185,REME,L,LMTO,0.4635,,,,,EUR,,MONE,SELL,ACTI,,,20,20,20,,,,,,,,,,T10018540,,,,
SYNTHLEI0000000A0001,FALSE,NONE,ALGOPT,,,AOTC,FALSE,2025-07-11T10:20:15.354543Z,GTCV,VFCR,9999-12-31T23:59:59.999999Z,2025-07-11T10:20:15.354543Z,,678,XMKT,ABLE,ZZ0000000101,2025-07-11T10:20:15.354543Z,100215,NEWO,L,LMTO,6.5018,0,0,0,0,EUR,,MONE,BUYI,ACTI,,,500,500,500,,,,,,,,,,T10021513,,,,
SYNTHLEI0000000H0008,FALSE,CL1010,NONE,,,AOTC,FALSE,2025-07-11T10:21:15.448719Z,DAVY,VFAR,2025-07-11T23:59:59.999999Z,2025-07-11T10:21:15.448719Z,,679,XDRV,FTSE25T4900,ZV0000000201,2025-07-11T10:21:15.448719Z,100189,CAME,L,,,,,,,EUR,,MONE,SELL,,,,2,0,0,,,,,,,,,,T10018936,,,,
SYNTHLEI0000000B0002,TRUE,CL1016,NONE,,,MTCH,FALSE,2025-07-11T10:21:30.388544Z,GTCV,VFAR,9999-12-31T23:59:59.999999Z,2025-07-11T10:16:39.388544Z,,680,XMKT,INDX,ZZ0000000109,2025-07-11T10:21:30.388544Z,100620,PARF,L,,,,,,0.4641,EUR,,MONE,BUYI,,,,,22,,18,,,,,PASV,,,,T10062025,,,,
SYNTHLEI0000000D0004,FALSE,CL1039,NONE,,,AOTC,FALSE,2025-07-11T10:22:13.272199Z,DAVY,VFCR,2025-07-11T23:59:59.999999Z,2025-07-11T10:22:13.272199Z,,681,XMKT,CHRL,ZZ0000000103,2025-07-11T10:22:13.272199Z,100398,NEWO,L,LMTO,16.2325,0,0,0,0,EUR,,MONE,SELL,ACTI,,,1000,1000,1000,,,,,,,,,,T10039895,,,,
SYNTHLEI0000000D0004,FALSE,CL1039,NONE,,,AOTC,FALSE,2025-07-11T10:23:02.272199Z,DAVY,VFCR,2025-07-11T23:59:59.999999Z,2025-07-11T10:22:13.272199Z,,682,XMKT,CHRL,ZZ0000000103,2025-07-11T10:23:02.272199Z,100398,FILL,L,,,,,,16.2325,EUR,,MONE,SELL,,,,,0,,1000,,,,,PASV,,,,T10039895,,,,
SYNTHLEI0000000B0002,FALSE,CL1008,NONE,,,AOTC,FALSE,2025-07-11T10:23:35.597439Z,DAVY,VFAR,2025-07-11T23:59:59.999999Z,2025-07-11T10:23:35.597439Z,,683,XMKT,JULT,ZZ0000000110,2025-07-11T10:23:35.597439Z,100142,NEWO,L,LMTO,11.3961,0,0,0,0,EUR,,MONE,BUYI,ACTI,,,150,150,150,,,,,,,,,,T10014266,,,,
SYNTHLEI0000000B0002,TRUE,CL1016,NONE,,,MTCH,FALSE,2025-07-11T10:23:43.388544Z,GTCV,VFAR,9999-12-31T23:59:59.999999Z,2025-07-11T10:23:43.388544Z,,684,XMKT,INDX,ZZ0000000109,2025-07-11T10:23:43.388544Z,100620,CAME,L,,,,,,,EUR,,MONE,BUYI,,,,40,0,0,,,,,,,,,,T10062025,,,,
SYNTHLEI0000000D0004,FALSE,CL1006,NONE,,,MTCH,FALSE,2025-07-11T10:23:43.450124Z,GTDV,VFCR,2025-07-11T23:59:59.999999Z,2025-07-11T10:19:56.450124Z,,685,XMKT,INDX,ZZ0000000109,2025-07-11T10:23:43.450124Z,100185,FILL,L,,,,,,0.4635,EUR,,MONE,SELL,,,,,0,,20,,,,,PASV,,,,T10018540,,,,
SYNTHLEI0000000A0001,FALSE,CL1029,NONE,,,MTCH,FALSE,2025-07-11T10:24:30.342241Z,DAVY,VFAR,2025-07-11T23:59:59.999999Z,2025-07-11T10:19:41.342241Z,,686,XMKT,ABLE,ZZ0000000101,2025-07-11T10:24:30.342241Z,100145,FILL,L,,,,,,6.4937,EUR,,MONE,SELL,,,,,0,,5,,,,,AGRE,,,,T10014582,,,,
SYNTHLEI0000000D0004,FALSE,CL1032,NONE,,,AOTC,FALSE,2025-07-11T10:24:32.663854Z,GTDV,VFAR,2025-07-11T23:59:59.999999Z,2025-07-11T10:24:32.663854Z,,687,XMKT,ECHO,ZZ0000000105,2025-07-11T10:24:32.663854Z,100027,NEWO,L,LMTO,7.9228,0,0,0,0,EUR,,MONE,SELL,ACTI,,,100,100,100,,,,,,,,,,T10002745,,,,
SYNTHLEI0000000F0006,FALSE,NONE,ALGOPT,,,DEAL,FALSE,2025-07-11T10:24:55.982796Z,DAVY,,2025-07-11T23:59:59.999999Z,2025-07-11T10:24:55.982796Z,,688,XMKT,ABLE,ZZ0000000101,2025-07-11T10:24:55.982796Z,100644,NEWO,L,LMTO,6.5028,0,0,0,0,EUR,,MONE,SELL,ACTI,,,40,40,40,,,,,,,,,,T10064436,,,,
SYNTHLEI0000000F0006,FALSE,NONE,ALGOPT,,,DEAL,FALSE,2025-07-11T10:24:56.629796Z,DAVY,,2025-07-11T23:59:59.999999Z,2025-07-11T10:24:55.982796Z,,689,XMKT,ABLE,ZZ0000000101,2025-07-11T10:24:56.629796Z,100644,CAME,L,LMTO,,,,,,EUR,,MONE,SELL,,,,40,0,0,,,,,,,,,,T10064436,,,,
SYNTHLEI0000000G0007,FALSE,CL1023,NONE,,,AOTC,FALSE,2025-07-11T10:25:07.237071Z,DAVY,VFAR,2025-07-11T23:59:59.999999Z,2025-07-11T10:25:07.237071Z,,690,XMKT,ECHO,ZZ0000000105,2025-07-11T10:25:07.237071Z,100248,CAME,L,,,,,,,EUR,,MONE,BUYI,,,,1000,0,0,,,,,,,,,,T10024819,,,,
SYNTHLEI0000000B0002,FALSE,CL1008,NONE,,,AOTC,FALSE,2025-07-11T10:26:04.597439Z,DAVY,VFAR,2025-07-11T23:59:59.999999Z,2025-07-11T10:26:04.597439Z,,691,XMKT,JULT,ZZ0000000110,2025-07-11T10:26:04.597439Z,100142,REME,L,LMTO,11.3926,,,,,EUR,,MONE,BUYI,ACTI,,,150,150,150,,,,,,,,,,T10014266,,,,
SYNTHLEI0000000A0001,FALSE,NONE,ALGOPT,,,AOTC,FALSE,2025-07-11T10:30:06.354543Z,GTCV,VFCR,9999-12-31T23:59:59.999999Z,2025-07-11T10:30:06.354543Z,,692,XMKT,ABLE,ZZ0000000101,2025-07-11T10:30:06.354543Z,100215,REME,L,LMTO,6.4998,,,,,EUR,,MONE,BUYI,ACTI,,,500,500,500,,,,,,,,,,T10021513,,,,
SYNTHLEI0000000D0004,FALSE,CL1032,NONE,,,AOTC,FALSE,2025-07-11T10:30:07.663854Z,GTDV,VFAR,2025-07-11T23:59:59.999999Z,2025-07-11T10:24:32.663854Z,,693,XMKT,ECHO,ZZ0000000105,2025-07-11T10:30:07.663854Z,100027,FILL,L,,,,,,7.9228,EUR,,MONE,SELL,,,,,0,,100,,,,,PASV,,,,T10002745,,,,
SYNTHLEI0000000G0007,FALSE,CL1034,NONE,,,DEAL,TRUE,2025-07-11T10:31:09.787367Z,DAVY,VFAR,2025-07-11T23:59:59.999999Z,2025-07-11T10:31:09.787367Z,,694,XMKT,BRVO,ZZ0000000102,2025-07-11T10:31:09.787367Z,100455,NEWO,M,LMTO,0,0,0,0,0,EUR,,MONE,SELL,ACTI,,,20,20,20,,,,,,,,,,T10045587,,,,
SYNTHLEI0000000C0003,FALSE,NONE,ALGOPT,,,AOTC,FALSE,2025-07-11T10:33:07.924899Z,GTDV,VFCR,2025-07-11T23:59:59.999999Z,2025-07-11T10:33:07.924899Z,,695,XDRV,OPT25G15.00,ZV0000000202,2025-07-11T10:33:07.924899Z,100081,NEWO,L,LMTO,0.4553,0,0,0,0,EUR,,MONE,BUYI,ACTI,,,1,1,1,,,,,,,,,,T10008113,,,,
SYNTHLEI0000000B0002,TRUE,NONE,ALGOPT,,,AOTC,FALSE,2025-07-11T10:34:09.020087Z,DAVY,VFCR,2025-07-11T23:59:59.999999Z,2025-07-11T10:34:09.020087Z,,696,XMKT,FXTR,ZZ0000000106,2025-07-11T10:34:09.020087Z,100327,NEWO,L,LMTO,3.1998,0,0,0,0,EUR,,MONE,BUYI,ACTI,,,500,500,500,,,,,,,,,,T10032795,,,,
SYNTHLEI0000000D0004,TRUE,NONE,ALGO1,,,MTCH,FALSE,2025-07-11T10:35:01.121634Z,GTDV,VFAR,2025-07-11T23:59:59.999999Z,2025-07-11T10:35:01.121634Z,,697,XDRV,FTSE25T4900,ZV0000000201,2025-07-11T10:35:01.121634Z,100482,NEWO,M,LMTO,0,0,0,0,0,EUR,,MONE,SELL,ACTI,,,10,10,10,,,,,,,,,,T10048285,,,,
SYNTHLEI0000000C0003,FALSE,CL1009,NONE,,,MTCH,FALSE,2025-07-11T10:35:25.221561Z,DAVY,VFAR,2025-07-11T23:59:59.999999Z,2025-07-11T10:35:25.221561Z,,698,XMKT,GOLF,ZZ0000000107,2025-07-11T10:35:25.221561Z,100316,CAME,L,,,,,,,EUR,,MONE,SELL,,,,100,0,0,,,,,,,,,,T10031691,,,,
SYNTHLEI0000000D0004,TRUE,NONE,ALGO1,,,MTCH,FALSE,2025-07-11T10:36:02.121634Z,GTDV,VFAR,2025-07-11T23:59:59.999999Z,2025-07-11T10:35:01.121634Z,,699,XDRV,FTSE25T4900,ZV0000000201,2025-07-11T10:36:02.121634Z,100482,PARF,M,,,,,,108.0217,EUR,,MONE,SELL,,,,,9,,1,,,,,AGRE,,,,T10048285,,,,
SYNTHLEI0000000E0005,FALSE,NONE,ALGO1,,,AOTC,FALSE,2025-07-11T10:36:27.480735Z,DAVY,VFCR,2025-07-11T23:59:59.999999Z,2025-07-11T10:36:27.480735Z,,700,XMKT,JULT,ZZ0000000110,2025-07-11T10:36:27.480735Z,100204,NEWO,L,LMTO,11.4024,0,0,0,0,EUR,,MONE,BUYI,ACTI,,,20,20,20,,,,,,,,,,T10020428,,,,
SYNTHLEI0000000E0005,FALSE,NONE,ALGO1,,,AOTC,FALSE,2025-07-11T10:36:29.140735Z,DAVY,VFCR,2025-07-11T23:59:59.999999Z,2025-07-11T10:36:29.140735Z,,701,XMKT,JULT,ZZ0000000110,2025-07-11T10:36:29.140735Z,100204,REME,L,LMTO,11.4052,,,,,EUR,,MONE,BUYI,ACTI,,,20,20,20,,,,,,,,,,T10020428,,,,
SYNTHLEI0000000E0005,FALSE,NONE,ALGO1,,,AOTC,FALSE,2025-07-11T10:36:31.422735Z,DAVY,VFCR,2025-07-11T23:59:59.999999Z,2025-07-11T10:36:31.422735Z,,702,XMKT,JULT,ZZ0000000110,2025-07-11T10:36:31.422735Z,100204,REME,L,LMTO,11.4037,,,,,EUR,,MONE,BUYI,ACTI,,,20,20,20,,,,,,,,,,T10020428,,,,
SYNTHLEI0000000E0005,FALSE,NONE,ALGO1,,,AOTC,FALSE,2025-07-11T10:36:34.492735Z,DAVY,VFCR,2025-07-11T23:59:59.999999Z,2025-07-11T10:36:34.492735Z,,703,XMKT,JULT,ZZ0000000110,2025-07-11T10:36:34.492735Z,100204,REME,L,LMTO,11.3986,,,,,EUR,,MONE,BUYI,ACTI,,,20,20,20,,,,,,,,,,T10020428,,,,
SYNTHLEI0000000E0005,FALSE,NONE,ALGO1,,,AOTC,FALSE,2025-07-11T10:36:39.470735Z,DAVY,VFCR,2025-07-11T23:59:59.999999Z,2025-07-11T10:36:39.470735Z,,704,XMKT,JULT,ZZ0000000110,2025-07-11T10:36:39.470735Z,100204,CAME,L,LMTO,,,,,,EUR,,MONE,BUYI,,,,20,0,0,,,,,,,,,,T10020428,,,,
SYNTHLEI0000000D0004,FALSE,NONE,ALGOPT,,,DEAL,TRUE,2025-07-11T10:36:52.056399Z,DAVY,VFAR,2025-07-11T23:59:59.999999Z,2025-07-11T10:36:52.056399Z,,705,XMKT,BRVO,ZZ0000000102,2025-07-11T10:36:52.056399Z,100133,NEWO,L,LMTO,2.0854,0,0,0,0,EUR,,MONE,BUYI,ACTI,,,3000,3000,3000,,,,,,,,,,T10013396,,,,
SYNTHLEI0000000F0006,TRUE,NONE,ALGOPT,,,AOTC,FALSE,2025-07-11T10:36:59.382952Z,DAVY,,2025-07-11T23:59:59.999999Z,2025-07-11T10:36:59.382952Z,,706,XMKT,ABLE,ZZ0000000101,2025-07-11T10:36:59.382952Z,100250,NEWO,L,LMTO,6.5018,0,0,0,0,EUR,,MONE,SELL,ACTI,,,150,150,150,,,,,,,,,,T10025050,,,,
SYNTHLEI0000000B0002,TRUE,NONE,ALGOPT,,,AOTC,FALSE,2025-07-11T10:37:40.020087Z,DAVY,VFCR,2025-07-11T23:59:59.999999Z,2025-07-11T10:37:40.020087Z,,707,XMKT,FXTR,ZZ0000000106,2025-07-11T10:37:40.020087Z,100327,REME,L,LMTO,3.2024,,,,,EUR,,MONE,BUYI,ACTI,,,500,500,500,,,,,,,,,,T10032795,,,,
SYNTHLEI0000000G0007,FALSE,CL1011,NONE,,,MTCH,FALSE,2025-07-11T10:38:28.700340Z,GTCV,VFAR,9999-12-31T23:59:59.999999Z,2025-07-11T10:38:28.700340Z,,708,XMKT,CHRL,ZZ0000000103,2025-07-11T10:38:28.700340Z,100155,CAME,L,,,,,,,EUR,,MONE,BUYI,,,,100,0,0,,,,,,,,,,T10015569,,,,
SYNTHLEI0000000D0004,FALSE,NONE,ALGOPT,,,DEAL,TRUE,2025-07-11T10:39:19.056399Z,DAVY,VFAR,2025-07-11T23:59:59.999999Z,2025-07-11T10:36:52.056399Z,,709,XMKT,BRVO,ZZ0000000102,2025-07-11T10:39:19.056399Z,100133,FILL,L,,,,,,2.0854,EUR,,MONE,BUYI,,,,,0,,3000,,,,,AGRE,,,,T10013396,,,,
SYNTHLEI0000000A0001,FALSE,CL1011,NONE,,,AOTC,FALSE,2025-07-11T10:39:50.096908Z,GTDV,VFCR,2025-07-11T23:59:59.999999Z,2025-07-11T10:39:50.096908Z,,710,XMKT,CHRL,ZZ0000000103,2025-07-11T10:39:50.096908Z,100035,NEWO,L,LMTO,16.2175,0,0,0,0,EUR,,MONE,SELL,ACTI,,,100,100,100,,,,,,,,,,T10003571,,,,
SYNTHLEI0000000D0004,TRUE,NONE,ALGO1,,,MTCH,FALSE,2025-07-11T10:39:54.121634Z,GTDV,VFAR,2025-07-11T23:59:59.999999Z,2025-07-11T10:39:54.121634Z,,711,XDRV,FTSE25T4900,ZV0000000201,2025-07-11T10:39:54.121634Z,100482,CAME,M,,,,,,,EUR,,MONE,SELL,,,,10,0,0,,,,,,,,,,T10048285,,,,
SYNTHLEI0000000G0007,FALSE,CL1034,NONE,,,DEAL,TRUE,2025-07-11T10:40:00.787367Z,DAVY,VFAR,2025-07-11T23:59:59.999999Z,2025-07-11T10:40:00.787367Z,,712,XMKT,BRVO,ZZ0000000102,2025-07-11T10:40:00.787367Z,100455,REME,M,LMTO,2.0895,,,,,EUR,,MONE,SELL,ACTI,,,20,20,20,,,,,,,,,,T10045587,,,,
SYNTHLEI0000000A0001,TRUE,CL1036,NONE,,,AOTC,FALSE,2025-07-11T10:40:08.884685Z,GTCV,,9999-12-31T23:59:59.999999Z,2025-07-11T10:40:08.884685Z,,713,XDRV,FTSE25T4900,ZV0000000201,2025-07-11T10:40:08.884685Z,100444,NEWO,S,STOP,108.0994,0,104.8044,0,0,EUR,,MONE,BUYI,ACTI,,,2,2,2,,,,,,,,,,T10044459,,,,
SYNTHLEI0000000G0007,FALSE,CL1034,NONE,,,DEAL,TRUE,2025-07-11T10:40:09.787367Z,DAVY,VFAR,2025-07-11T23:59:59.999999Z,2025-07-11T10:31:09.787367Z,,714,XMKT,BRVO,ZZ0000000102,2025-07-11T10:40:09.787367Z,100455,FILL,M,,,,,,2.0852,EUR,,MONE,SELL,,,,,0,,20,,,,,PASV,,,,T10045587,,,,
SYNTHLEI0000000C0003,FALSE,NONE,ALGOPT,,,AOTC,FALSE,2025-07-11T10:40:10.924899Z,GTDV,VFCR,2025-07-11T23:59:59.999999Z,2025-07-11T10:40:10.924899Z,,715,XDRV,OPT25G15.00,ZV0000000202,2025-07-11T10:40:10.924899Z,100081,REME,L,LMTO,0.455,,,,,EUR,,MONE,BUYI,ACTI,,,1,1,1,,,,,,,,,,T10008113,,,,
SYNTHLEI0000000B0002,TRUE,NONE,ALGOPT,,,AOTC,FALSE,2025-07-11T10:40:41.020087Z,DAVY,VFCR,2025-07-11T23:59:59.999999Z,2025-07-11T10:34:09.020087Z,,716,XMKT,FXTR,ZZ0000000106,2025-07-11T10:40:41.020087Z,100327,FILL,L,,,,,,3.2024,EUR,,MONE,BUYI,,,,,0,,500,,,,,AGRE,,,,T10032795,,,,
SYNTHLEI0000000F0006,TRUE,NONE,ALGOPT,,,AOTC,FALSE,2025-07-11T10:40:48.382952Z,DAVY,,2025-07-11T23:59:59.999999Z,2025-07-11T10:36:59.382952Z,,717,XMKT,ABLE,ZZ0000000101,2025-07-11T10:40:48.382952Z,100250,FILL,L,,,,,,6.5018,EUR,,MONE,SELL,,,,,0,,150,,,,,PASV,,,,T10025050,,,,
SYNTHLEI0000000A0001,FALSE,CL1011,NONE,,,AOTC,FALSE,2025-07-11T10:40:59.096908Z,GTDV,VFCR,2025-07-11T23:59:59.999999Z,2025-07-11T10:39:50.096908Z,,718,XMKT,CHRL,ZZ0000000103,2025-07-11T10:40:59.096908Z,100035,FILL,L,,,,,,16.2175,EUR,,MONE,SELL,,,,,0,,100,,,,,AGRE,,,,T10003571,,,,
SYNTHLEI0000000C0003,FALSE,NONE,ALGO1,,,DEAL,FALSE,2025-07-11T10:42:40.921524Z,GTDV,VFAR,2025-07-11T23:59:59.999999Z,2025-07-11T10:42:40.921524Z,,719,XMKT,HOTL,ZZ0000000108,2025-07-11T10:42:40.921524Z,100271,NEWO,S,STOP,3.1694,0,3.2749,0,0,EUR,,MONE,BUYI,ACTI,,,5,5,5,,,,,,,,,,T10027135,,,,
SYNTHLEI0000000C0003,FALSE,NONE,ALGO1,,,DEAL,FALSE,2025-07-11T10:42:54.921524Z,GTDV,VFAR,2025-07-11T23:59:59.999999Z,2025-07-11T10:42:40.921524Z,,720,XMKT,HOTL,ZZ0000000108,2025-07-11T10:42:54.921524Z,100271,FILL,S,,,,,,3.1694,EUR,,MONE,BUYI,,,,,0,,5,,,,,PASV,,,,T10027135,,,,
SYNTHLEI0000000A0001,FALSE,NONE,ALGOPT,,,DEAL,FALSE,2025-07-11T10:44:06.504644Z,DAVY,VFAR,2025-07-11T23:59:59.999999Z,2025-07-11T10:44:06.504644Z,,721,XMKT,BRVO,ZZ0000000102,2025-07-11T10:44:06.504644Z,100595,CAME,L,,,,,,,EUR,,MONE,BUYI,,,,100,0,0,,,,,,,,,,T10059562,,,,
SYNTHLEI0000000C0003,FALSE,NONE,ALGOPT,,,AOTC,FALSE,2025-07-11T10:44:30.924899Z,GTDV,VFCR,2025-07-11T23:59:59.999999Z,2025-07-11T10:33:07.924899Z,,722,XDRV,OPT25G15.00,ZV0000000202,2025-07-11T10:44:30.924899Z,100081,PARF,L,,,,,,0.455,EUR,,MONE,BUYI,,,,,0,,1,,,,,PASV,,,,T10008113,,,,
SYNTHLEI0000000C0003,FALSE,NONE,ALGOPT,,,AOTC,FALSE,2025-07-11T10:45:05.924899Z,GTDV,VFCR,2025-07-11T23:59:59.999999Z,2025-07-11T10:33:07.924899Z,,723,XDRV,OPT25G15.00,ZV0000000202,2025-07-11T10:45:05.924899Z,100081,FILL,L,,,,,,0.455,EUR,,MONE,BUYI,,,,,0,,0,,,,,PASV,,,,T10008113,,,,
SYNTHLEI0000000D0004,FALSE,NONE,ALGO1,,,AOTC,FALSE,2025-07-11T10:45:56.758265Z,IOCV,VFCR,9999-12-31T23:59:59.999999Z,2025-07-11T10:45:56.758265Z,,724,XMKT,ECHO,ZZ0000000105,2025-07-11T10:45:56.758265Z,100052,NEWO,L,LMTO,7.9014,0,0,0,0,EUR,,MONE,BUYI,ACTI,,,1500,1500,1500,,,,,,,,,,T10005243,,,,
SYNTHLEI0000000A0001,FALSE,CL1034,NONE,,,MTCH,FALSE,2025-07-11T10:46:11.787467Z,GTCV,VFCR,9999-12-31T23:59:59.999999Z,2025-07-11T10:46:11.787467Z,,725,XDRV,FTSE25T4900,ZV0000000201,2025-07-11T10:46:11.787467Z,100498,NEWO,L,LMTO,107.7233,0,0,0,0,EUR,,MONE,BUYI,ACTI,,,10,10,10,,,,,,,,,,T10049862,,,,
SYNTHLEI0000000D0004,FALSE,NONE,ALGO1,,,AOTC,FALSE,2025-07-11T10:47:28.758265Z,IOCV,VFCR,9999-12-31T23:59:59.999999Z,2025-07-11T10:45:56.758265Z,,726,XMKT,ECHO,ZZ0000000105,2025-07-11T10:47:28.758265Z,100052,FILL,L,,,,,,7.9014,EUR,,MONE,BUYI,,,,,0,,1500,,,,,PASV,,,,T10005243,,,,
SYNTHLEI0000000A0001,TRUE,CL1026,NONE,,,MTCH,FALSE,2025-07-11T10:49:01.533453Z,DAVY,VFCR,2025-07-11T23:59:59.999999Z,2025-07-11T10:49:01.533453Z,,727,XDRV,OPT25G15.00,ZV0000000202,2025-07-11T10:49:01.533453Z,100246,NEWO,L,LMTO,0.4549,0,0,0,0,EUR,,MONE,BUYI,ACTI,,,5,5,5,,,,,,,,,,T10024675,,,,
SYNTHLEI0000000A0001,TRUE,CL1036,NONE,,,AOTC,FALSE,2025-07-11T10:49:05.884685Z,GTCV,,9999-12-31T23:59:59.999999Z,2025-07-11T10:49:05.884685Z,,728,XDRV,FTSE25T4900,ZV0000000201,2025-07-11T10:49:05.884685Z,100444,REME,S,STOP,108.0994,,,,,EUR,,MONE,BUYI,ACTI,,,2,2,2,,,,,,,,,,T10044459,,,,
SYNTHLEI0000000F0006,FALSE,CL1019,NONE,,,AOTC,FALSE,2025-07-11T10:51:44.800057Z,DAVY,VFAR,2025-07-11T23:59:59.999999Z,2025-07-11T10:51:44.800057Z,,729,XMKT,ABLE,ZZ0000000101,2025-07-11T10:51:44.800057Z,100296,NEWO,L,LMTO,6.499,0,0,0,0,EUR,,MONE,BUYI,ACTI,,,3000,3000,3000,,,,,,,,,,T10029623,,,,
SYNTHLEI0000000F0006,FALSE,CL1019,NONE,,,AOTC,FALSE,2025-07-11T10:51:45.042057Z,DAVY,VFAR,2025-07-11T23:59:59.999999Z,2025-07-11T10:51:44.800057Z,,730,XMKT,ABLE,ZZ0000000101,2025-07-11T10:51:45.042057Z,100296,CAME,L,LMTO,,,,,,EUR,,MONE,BUYI,,,,3000,0,0,,,,,,,,,,T10029623,,,,
SYNTHLEI0000000A0001,FALSE,CL1034,NONE,,,MTCH,FALSE,2025-07-11T10:52:06.787467Z,GTCV,VFCR,9999-12-31T23:59:59.999999Z,2025-07-11T10:46:11.787467Z,,731,XDRV,FTSE25T4900,ZV0000000201,2025-07-11T10:52:06.787467Z,100498,FILL,L,,,,,,107.7233,EUR,,MONE,BUYI,,,,,0,,10,,,,,PASV,,,,T10049862,,,,
SYNTHLEI0000000B0002,FALSE,NONE,ALGOPT,,,AOTC,FALSE,2025-07-11T10:52:31.410522Z,DAVY,VFAR,2025-07-11T23:59:59.999999Z,2025-07-11T10:52:31.410522Z,,732,XMKT,FXTR,ZZ0000000106,2025-07-11T10:52:31.410522Z,100372,NEWO,L,LMTO,3.1927,0,0,0,0,EUR,,MONE,SELL,ACTI,,,100,100,100,,,,,,,,,,T10037257,,,,
SYNTHLEI0000000H0008,FALSE,CL1001,NONE,,,MTCH,FALSE,2025-07-11T10:52:55.910575Z,GTDV,VFAR,2025-07-11T23:59:59.999999Z,2025-07-11T10:52:55.910575Z,,733,XMKT,BRVO,ZZ0000000102,2025-07-11T10:52:55.910575Z,100305,NEWO,L,LMTO,2.0815,0,0,0,0,EUR,,MONE,SELL,ACTI,,,60,60,60,,,,,,,,,,T10030588,,,,
SYNTHLEI0000000A0001,FALSE,NONE,ALGOPT,,,AOTC,FALSE,2025-07-11T10:53:19.354543Z,GTCV,VFCR,9999-12-31T23:59:59.999999Z,2025-07-11T10:53:19.354543Z,,734,XMKT,ABLE,ZZ0000000101,2025-07-11T10:53:19.354543Z,100215,CAME,L,,,,,,,EUR,,MONE,BUYI,,,,500,0,0,,,,,,,,,,T10021513,,,,
SYNTHLEI0000000E0005,FALSE,CL1026,NONE,,,AOTC,FALSE,2025-07-11T10:53:22.116853Z,DAVY,VFCR,2025-07-11T23:59:59.999999Z,2025-07-11T10:53:22.116853Z,,735,XMKT,GOLF,ZZ0000000107,2025-07-11T10:53:22.116853Z,100421,NEWO,M,LMTO,0,0,0,0,0,EUR,,MONE,BUYI,ACTI,,,5,5,5,,,,,,,,,,T10042163,,,,
SYNTHLEI0000000E0005,FALSE,CL1026,NONE,,,AOTC,FALSE,2025-07-11T10:53:25.190853Z,DAVY,VFCR,2025-07-11T23:59:59.999999Z,2025-07-11T10:53:25.190853Z,,736,XMKT,GOLF,ZZ0000000107,2025-07-11T10:53:25.190853Z,100421,REME,M,LMTO,4.155,,,,,EUR,,MONE,BUYI,ACTI,,,5,5,5,,,,,,,,,,T10042163,,,,
SYNTHLEI0000000E0005,FALSE,CL1026,NONE,,,AOTC,FALSE,2025-07-11T10:53:27.026853Z,DAVY,VFCR,2025-07-11T23:59:59.999999Z,2025-07-11T10:53:27.026853Z,,737,XMKT,GOLF,ZZ0000000107,2025-07-11T10:53:27.026853Z,100421,REME,M,LMTO,4.1537,,,,,EUR,,MONE,BUYI,ACTI,,,5,5,5,,,,,,,,,,T10042163,,,,
SYNTHLEI0000000A0001,TRUE,CL1026,NONE,,,MTCH,FALSE,2025-07-11T10:53:28.533453Z,DAVY,VFCR,2025-07-11T23:59:59.999999Z,2025-07-11T10:49:01.533453Z,,738,XDRV,OPT25G15.00,ZV0000000202,2025-07-11T10:53:28.533453Z,100246,PARF,L,,,,,,0.4549,EUR,,MONE,BUYI,,,,,3,,2,,,,,AGRE,,,,T10024675,,,,
SYNTHLEI0000000E0005,FALSE,CL1026,NONE,,,AOTC,FALSE,2025-07-11T10:53:29.790853Z,DAVY,VFCR,2025-07-11T23:59:59.999999Z,2025-07-11T10:53:29.790853Z,,739,XMKT,GOLF,ZZ0000000107,2025-07-11T10:53:29.790853Z,100421,REME,M,LMTO,4.155,,,,,EUR,,MONE,BUYI,ACTI,,,5,5,5,,,,,,,,,,T10042163,,,,
SYNTHLEI0000000E0005,FALSE,CL1026,NONE,,,AOTC,FALSE,2025-07-11T10:53:30.857853Z,DAVY,VFCR,2025-07-11T23:59:59.999999Z,2025-07-11T10:53:30.857853Z,,740,XMKT,GOLF,ZZ0000000107,2025-07-11T10:53:30.857853Z,100421,CAME,M,LMTO,,,,,,EUR,,MONE,BUYI,,,,5,0,0,,,,,,,,,,T10042163,,,,
SYNTHLEI0000000A0001,TRUE,CL1026,NONE,,,MTCH,FALSE,2025-07-11T10:53:31.533453Z,DAVY,VFCR,2025-07-11T23:59:59.999999Z,2025-07-11T10:49:01.533453Z,,741,XDRV,OPT25G15.00,ZV0000000202,2025-07-11T10:53:31.533453Z,100246,PARF,L,,,,,,0.4549,EUR,,MONE,BUYI,,,,,2,,1,,,,,AGRE,,,,T10024675,,,,
SYNTHLEI0000000B0002,FALSE,NONE,ALGOPT,,,AOTC,FALSE,2025-07-11T10:55:22.410522Z,DAVY,VFAR,2025-07-11T23:59:59.999999Z,2025-07-11T10:52:31.410522Z,,742,XMKT,FXTR,ZZ0000000106,2025-07-11T10:55:22.410522Z,100372,FILL,L,,,,,,3.1927,EUR,,MONE,SELL,,,,,0,,100,,,,,PASV,,,,T10037257,,,,
SYNTHLEI0000000H0008,FALSE,NONE,ALGO1,,,MTCH,FALSE,2025-07-11T10:55:26.756475Z,GTDV,VFAR,2025-07-11T23:59:59.999999Z,2025-07-11T10:55:26.756475Z,,743,XMKT,JULT,ZZ0000000110,2025-07-11T10:55:26.756475Z,100594,NEWO,L,LMTO,11.4248,0,0,0,0,EUR,,MONE,SELL,ACTI,,,1500,1500,1500,,,,,,,,,,T10059476,,,,
SYNTHLEI0000000B0002,FALSE,CL1008,NONE,,,AOTC,FALSE,2025-07-11T10:55:30.597439Z,DAVY,VFAR,2025-07-11T23:59:59.999999Z,2025-07-11T10:55:30.597439Z,,744,XMKT,JULT,ZZ0000000110,2025-07-11T10:55:30.597439Z,100142,CAME,L,,,,,,,EUR,,MONE,BUYI,,,,150,0,0,,,,,,,,,,T10014266,,,,
SYNTHLEI0000000A0001,TRUE,CL1036,NONE,,,AOTC,FALSE,2025-07-11T10:55:39.884685Z,GTCV,,9999-12-31T23:59:59.999999Z,2025-07-11T10:40:08.884685Z,,745,XDRV,FTSE25T4900,ZV0000000201,2025-07-11T10:55:39.884685Z,100444,PARF,S,,,,,,108.0994,EUR,,MONE,BUYI,,,,,1,,1,,,,,AGRE,,,,T10044459,,,,
SYNTHLEI0000000A0001,TRUE,CL1026,NONE,,,MTCH,FALSE,2025-07-11T10:55:57.533453Z,DAVY,VFCR,2025-07-11T23:59:59.999999Z,2025-07-11T10:49:01.533453Z,,746,XDRV,OPT25G15.00,ZV0000000202,2025-07-11T10:55:57.533453Z,100246,FILL,L,,,,,,0.4549,EUR,,MONE,BUYI,,,,,0,,2,,,,,PASV,,,,T10024675,,,,
SYNTHLEI0000000G0007,FALSE,NONE,ALGO1,,,AOTC,FALSE,2025-07-11T10:56:01.740426Z,IOCV,VFAR,9999-12-31T23:59:59.999999Z,2025-07-11T10:56:01.740426Z,,747,XMKT,INDX,ZZ0000000109,2025-07-11T10:56:01.740426Z,100275,NEWO,L,LMTO,0.4772,0,0,0,0,EUR,,MONE,SELL,ACTI,,,60,60,60,,,,,,,,,,T10027511,,,,
SYNTHLEI0000000A0001,TRUE,CL1036,NONE,,,AOTC,FALSE,2025-07-11T10:58:01.884685Z,GTCV,,9999-12-31T23:59:59.999999Z,2025-07-11T10:40:08.884685Z,,748,XDRV,FTSE25T4900,ZV0000000201,2025-07-11T10:58:01.884685Z,100444,PARF,S,,,,,,108.0994,EUR,,MONE,BUYI,,,,,0,,1,,,,,AGRE,,,,T10044459,,,,
SYNTHLEI0000000D0004,TRUE,CL1039,NONE,,,DEAL,FALSE,2025-07-11T10:59:05.157569Z,DAVY,VFCR,2025-07-11T23:59:59.999999Z,2025-07-11T10:59:05.157569Z,,749,XMKT,HOTL,ZZ0000000108,2025-07-11T10:59:05.157569Z,100260,NEWO,L,LMTO,3.1869,0,0,0,0,EUR,,MONE,BUYI,ACTI,,,150,150,150,,,,,,,,,,T10026034,,,,
SYNTHLEI0000000G0007,FALSE,NONE,ALGO1,,,AOTC,FALSE,2025-07-11T10:59:26.740426Z,IOCV,VFAR,9999-12-31T23:59:59.999999Z,2025-07-11T10:56:01.740426Z,,750,XMKT,INDX,ZZ0000000109,2025-07-11T10:59:26.740426Z,100275,FILL,L,,,,,,0.4772,EUR,,MONE,SELL,,,,,0,,60,,,,,AGRE,,,,T10027511,,,,
SYNTHLEI0000000G0007,FALSE,NONE,ALGO1,,,DEAL,TRUE,2025-07-11T10:59:47.574815Z,FOKV,VFAR,9999-12-31T23:59:59.999999Z,2025-07-11T10:59:47.574815Z,,751,XMKT,INDX,ZZ0000000109,2025-07-11T10:59:47.574815Z,100550,NEWO,L,LMTO,0.4845,0,0,0,0,EUR,,MONE,BUYI,ACTI,,,200,200,200,,,,,,,,,,T10055062,,,,
SYNTHLEI0000000D0004,TRUE,CL1039,NONE,,,DEAL,FALSE,2025-07-11T11:00:25.157569Z,DAVY,VFCR,2025-07-11T23:59:59.999999Z,2025-07-11T10:59:05.157569Z,,752,XMKT,HOTL,ZZ0000000108,2025-07-11T11:00:25.157569Z,100260,FILL,L,,,,,,3.1869,EUR,,MONE,BUYI,,,,,0,,150,,,,,PASV,,,,T10026034,,,,
SYNTHLEI0000000D0004,FALSE,NONE,ALGOPT,,,AOTC,FALSE,2025-07-11T11:01:49.612676Z,GTDV,VFCR,2025-07-11T23:59:59.999999Z,2025-07-11T11:01:49.612676Z,,753,XMKT,FXTR,ZZ0000000106,2025-07-11T11:01:49.612676Z,100080,NEWO,L,LMTO,3.1976,0,0,0,0,EUR,,MONE,BUYI,ACTI,,,200,200,200,,,,,,,,,,T10008036,,,,
SYNTHLEI0000000A0001,TRUE,CL1036,NONE,,,AOTC,FALSE,2025-07-11T11:03:06.884685Z,GTCV,,9999-12-31T23:59:59.999999Z,2025-07-11T10:40:08.884685Z,,754,XDRV,FTSE25T4900,ZV0000000201,2025-07-11T11:03:06.884685Z,100444,FILL,S,,,,,,108.0994,EUR,,MONE,BUYI,,,,,0,,0,,,,,AGRE,,,,T10044459,,,,
SYNTHLEI0000000H0008,FALSE,CL1000,NONE,,,AOTC,FALSE,2025-07-11T11:03:21.222623Z,GTCV,VFCR,9999-12-31T23:59:59.999999Z,2025-07-11T11:03:21.222623Z,,755,XMKT,ABLE,ZZ0000000101,2025-07-11T11:03:21.222623Z,100426,NEWO,L,LMTO,6.5051,0,0,0,0,EUR,,MONE,SELL,ACTI,,,60,60,60,,,,,,,,,,T10042670,,,,
SYNTHLEI0000000G0007,FALSE,NONE,ALGO1,,,DEAL,TRUE,2025-07-11T11:03:26.574815Z,FOKV,VFAR,9999-12-31T23:59:59.999999Z,2025-07-11T10:59:47.574815Z,,756,XMKT,INDX,ZZ0000000109,2025-07-11T11:03:26.574815Z,100550,PARF,L,,,,,,0.4845,EUR,,MONE,BUYI,,,,,172,,28,,,,,AGRE,,,,T10055062,,,,
SYNTHLEI0000000H0008,FALSE,CL1000,NONE,,,AOTC,FALSE,2025-07-11T11:03:52.222623Z,GTCV,VFCR,9999-12-31T23:59:59.999999Z,2025-07-11T11:03:21.222623Z,,757,XMKT,ABLE,ZZ0000000101,2025-07-11T11:03:52.222623Z,100426,PARF,L,,,,,,6.5051,EUR,,MONE,SELL,,,,,38,,22,,,,,PASV,,,,T10042670,,,,
SYNTHLEI0000000G0007,FALSE,NONE,ALGO1,,,DEAL,TRUE,2025-07-11T11:04:06.574815Z,FOKV,VFAR,9999-12-31T23:59:59.999999Z,2025-07-11T11:04:06.574815Z,,758,XMKT,INDX,ZZ0000000109,2025-07-11T11:04:06.574815Z,100550,CAME,L,,,,,,,EUR,,MONE,BUYI,,,,200,0,0,,,,,,,,,,T10055062,,,,
SYNTHLEI0000000H0008,FALSE,NONE,ALGO1,,,MTCH,FALSE,2025-07-11T11:04:23.756475Z,GTDV,VFAR,2025-07-11T23:59:59.999999Z,2025-07-11T11:04:23.756475Z,,759,XMKT,JULT,ZZ0000000110,2025-07-11T11:04:23.756475Z,100594,REME,L,LMTO,11.4306,,,,,EUR,,MONE,SELL,ACTI,,,1500,1500,1500,,,,,,,,,,T10059476,,,,
SYNTHLEI0000000H0008,FALSE,CL1000,NONE,,,AOTC,FALSE,2025-07-11T11:04:50.222623Z,GTCV,VFCR,9999-12-31T23:59:59.999999Z,2025-07-11T11:03:21.222623Z,,760,XMKT,ABLE,ZZ0000000101,2025-07-11T11:04:50.222623Z,100426,PARF,L,,,,,,6.5051,EUR,,MONE,SELL,,,,,30,,8,,,,,AGRE,,,,T10042670,,,,
SYNTHLEI0000000A0001,FALSE,NONE,ALGOPT,,,DEAL,FALSE,2025-07-11T11:05:48.997751Z,DAVY,VFCR,2025-07-11T23:59:59.999999Z,2025-07-11T11:05:48.997751Z,,761,XMKT,CHRL,ZZ0000000103,2025-07-11T11:05:48.997751Z,100051,NEWO,L,LMTO,16.2314,0,0,0,0,EUR,,MONE,BUYI,ACTI,,,150,150,150,,,,,,,,,,T10005178,,,,
SYNTHLEI0000000C0003,FALSE,CL1021,NONE,,,AOTC,FALSE,2025-07-11T11:08:08.986660Z,DAVY,VFAR,2025-07-11T23:59:59.999999Z,2025-07-11T11:08:08.986660Z,,762,XMKT,ECHO,ZZ0000000105,2025-07-11T11:08:08.986660Z,100383,NEWO,L,LMTO,7.9109,0,0,0,0,EUR,,MONE,BUYI,ACTI,,,200,200,200,,,,,,,,,,T10038334,,,,
SYNTHLEI0000000A0001,FALSE,NONE,ALGOPT,,,DEAL,FALSE,2025-07-11T11:08:38.997751Z,DAVY,VFCR,2025-07-11T23:59:59.999999Z,2025-07-11T11:08:38.997751Z,,763,XMKT,CHRL,ZZ0000000103,2025-07-11T11:08:38.997751Z,100051,REME,L,LMTO,16.2171,,,,,EUR,,MONE,BUYI,ACTI,,,150,150,150,,,,,,,,,,T10005178,,,,
SYNTHLEI0000000C0003,FALSE,CL1021,NONE,,,AOTC,FALSE,2025-07-11T11:09:57.986660Z,DAVY,VFAR,2025-07-11T23:59:59.999999Z,2025-07-11T11:08:08.986660Z,,764,XMKT,ECHO,ZZ0000000105,2025-07-11T11:09:57.986660Z,100383,FILL,L,,,,,,7.9109,EUR,,MONE,BUYI,,,,,0,,200,,,,,AGRE,,,,T10038334,,,,
SYNTHLEI0000000H0008,FALSE,NONE,ALGO1,,,MTCH,FALSE,2025-07-11T11:10:23.756475Z,GTDV,VFAR,2025-07-11T23:59:59.999999Z,2025-07-11T10:55:26.756475Z,,765,XMKT,JULT,ZZ0000000110,2025-07-11T11:10:23.756475Z,100594,PARF,L,,,,,,11.4306,EUR,,MONE,SELL,,,,,704,,796,,,,,PASV,,,,T10059476,,,,
SYNTHLEI0000000H0008,FALSE,CL1000,NONE,,,AOTC,FALSE,2025-07-11T11:10:46.222623Z,GTCV,VFCR,9999-12-31T23:59:59.999999Z,2025-07-11T11:03:21.222623Z,,766,XMKT,ABLE,ZZ0000000101,2025-07-11T11:10:46.222623Z,100426,FILL,L,,,,,,6.5051,EUR,,MONE,SELL,,,,,0,,30,,,,,PASV,,,,T10042670,,,,
SYNTHLEI0000000F0006,FALSE,CL1029,NONE,,,AOTC,FALSE,2025-07-11T11:11:59.144604Z,GTCV,VFAR,9999-12-31T23:59:59.999999Z,2025-07-11T11:11:59.144604Z,,767,XMKT,JULT,ZZ0000000110,2025-07-11T11:11:59.144604Z,100232,NEWO,L,LMTO,11.4019,0,0,0,0,EUR,,MONE,SELL,ACTI,,,150,150,150,,,,,,,,,,T10023211,,,,
SYNTHLEI0000000F0006,FALSE,CL1029,NONE,,,AOTC,FALSE,2025-07-11T11:12:00.073604Z,GTCV,VFAR,9999-12-31T23:59:59.999999Z,2025-07-11T11:11:59.144604Z,,768,XMKT,JULT,ZZ0000000110,2025-07-11T11:12:00.073604Z,100232,CAME,L,LMTO,,,,,,EUR,,MONE,SELL,,,,150,0,0,,,,,,,,,,T10023211,,,,
SYNTHLEI0000000A0001,TRUE,CL1022,NONE,,,MTCH,FALSE,2025-07-11T11:12:26.323910Z,DAVY,VFCR,2025-07-11T23:59:59.999999Z,2025-07-11T11:12:26.323910Z,,769,XMKT,HOTL,ZZ0000000108,2025-07-11T11:12:26.323910Z,100338,NEWO,L,LMTO,3.1799,0,0,0,0,EUR,,MONE,SELL,ACTI,,,1500,1500,1500,,,,,,,,,,T10033823,,,,
SYNTHLEI0000000A0001,FALSE,NONE,ALGOPT,,,DEAL,FALSE,2025-07-11T11:14:21.997751Z,DAVY,VFCR,2025-07-11T23:59:59.999999Z,2025-07-11T11:05:48.997751Z,,770,XMKT,CHRL,ZZ0000000103,2025-07-11T11:14:21.997751Z,100051,FILL,L,,,,,,16.2171,EUR,,MONE,BUYI,,,,,0,,150,,,,,AGRE,,,,T10005178,,,,
SYNTHLEI0000000H0008,FALSE,NONE,ALGO1,,,MTCH,FALSE,2025-07-11T11:15:29.756475Z,GTDV,VFAR,2025-07-11T23:59:59.999999Z,2025-07-11T10:55:26.756475Z,,771,XMKT,JULT,ZZ0000000110,2025-07-11T11:15:29.756475Z,100594,FILL,L,,,,,,11.4306,EUR,,MONE,SELL,,,,,0,,704,,,,,AGRE,,,,T10059476,,,,
SYNTHLEI0000000H0008,FALSE,CL1004,NONE,,,AOTC,FALSE,2025-07-11T11:16:14.185782Z,DAVY,VFAR,2025-07-11T23:59:59.999999Z,2025-07-11T11:16:14.185782Z,,772,XDRV,OPT25G15.00,ZV0000000202,2025-07-11T11:16:14.185782Z,100259,NEWO,L,LMTO,0.4569,0,0,0,0,EUR,,MONE,BUYI,ACTI,,,2,2,2,,,,,,,,,,T10025939,,,,
SYNTHLEI0000000E0005,FALSE,CL1004,NONE,,,AOTC,FALSE,2025-07-11T11:16:17.840622Z,GTCV,VFAR,9999-12-31T23:59:59.999999Z,2025-07-11T11:16:17.840622Z,,773,XMKT,CHRL,ZZ0000000103,2025-07-11T11:16:17.840622Z,100207,NEWO,L,LMTO,16.2481,0,0,0,0,EUR,,MONE,SELL,ACTI,,,60,60,60,,,,,,,,,,T10020768,,,,
SYNTHLEI0000000E0005,FALSE,CL1004,NONE,,,AOTC,FALSE,2025-07-11T11:16:21.226622Z,GTCV,VFAR,9999-12-31T23:59:59.999999Z,2025-07-11T11:16:21.226622Z,,774,XMKT,CHRL,ZZ0000000103,2025-07-11T11:16:21.226622Z,100207,REME,L,LMTO,16.2482,,,,,EUR,,MONE,SELL,ACTI,,,60,60,60,,,,,,,,,,T10020768,,,,
SYNTHLEI0000000E0005,FALSE,CL1004,NONE,,,AOTC,FALSE,2025-07-11T11:16:21.890622Z,GTCV,VFAR,9999-12-31T23:59:59.999999Z,2025-07-11T11:16:21.890622Z,,775,XMKT,CHRL,ZZ0000000103,2025-07-11T11:16:21.890622Z,100207,REME,L,LMTO,16.2401,,,,,EUR,,MONE,SELL,ACTI,,,60,60,60,,,,,,,,,,T10020768,,,,
SYNTHLEI0000000E0005,FALSE,CL1004,NONE,,,AOTC,FALSE,2025-07-11T11:16:24.968622Z,GTCV,VFAR,9999-12-31T23:59:59.999999Z,2025-07-11T11:16:24.968622Z,,776,XMKT,CHRL,ZZ0000000103,2025-07-11T11:16:24.968622Z,100207,CAME,L,LMTO,,,,,,EUR,,MONE,SELL,,,,60,0,0,,,,,,,,,,T10020768,,,,
SYNTHLEI0000000A0001,TRUE,CL1022,NONE,,,MTCH,FALSE,2025-07-11T11:16:26.323910Z,DAVY,VFCR,2025-07-11T23:59:59.999999Z,2025-07-11T11:12:26.323910Z,,777,XMKT,HOTL,ZZ0000000108,2025-07-11T11:16:26.323910Z,100338,PARF,L,,,,,,3.1799,EUR,,MONE,SELL,,,,,766,,734,,,,,AGRE,,,,T10033823,,,,
SYNTHLEI0000000H0008,FALSE,CL1004,NONE,,,AOTC,FALSE,2025-07-11T11:17:39.185782Z,DAVY,VFAR,2025-07-11T23:59:59.999999Z,2025-07-11T11:16:14.185782Z,,778,XDRV,OPT25G15.00,ZV0000000202,2025-07-11T11:17:39.185782Z,100259,PARF,L,,,,,,0.4569,EUR,,MONE,BUYI,,,,,1,,1,,,,,PASV,,,,T10025939,,,,
SYNTHLEI0000000F0006,FALSE,CL1029,NONE,,,AOTC,FALSE,2025-07-11T11:17:58.641822Z,GTDV,VFAR,2025-07-11T23:59:59.999999Z,2025-07-11T11:17:58.641822Z,,779,XDRV,OPT25G15.00,ZV0000000202,2025-07-11T11:17:58.641822Z,100439,NEWO,L,LMTO,0.4565,0,0,0,0,EUR,,MONE,SELL,ACTI,,,10,10,10,,,,,,,,,,T10043975,,,,
SYNTHLEI0000000F0006,FALSE,CL1029,NONE,,,AOTC,FALSE,2025-07-11T11:17:58.758822Z,GTDV,VFAR,2025-07-11T23:59:59.999999Z,2025-07-11T11:17:58.641822Z,,780,XDRV,OPT25G15.00,ZV0000000202,2025-07-11T11:17:58.758822Z,100439,CAME,L,LMTO,,,,,,EUR,,MONE,SELL,,,,10,0,0,,,,,,,,,,T10043975,,,,
SYNTHLEI0000000D0004,FALSE,NONE,ALGOPT,,,AOTC,FALSE,2025-07-11T11:19:26.612676Z,GTDV,VFCR,2025-07-11T23:59:59.999999Z,2025-07-11T11:19:26.612676Z,,781,XMKT,FXTR,ZZ0000000106,2025-07-11T11:19:26.612676Z,100080,CAME,L,,,,,,,EUR,,MONE,BUYI,,,,200,0,0,,,,,,,,,,T10008036,,,,
SYNTHLEI0000000D0004,TRUE,NONE,NONE,,,DEAL,TRUE,2025-07-11T11:20:03.383279Z,DAVY,VFCR,2025-07-11T23:59:59.999999Z,2025-07-11T11:20:03.383279Z,,782,XMKT,ECHO,ZZ0000000105,2025-07-11T11:20:03.383279Z,100144,NEWO,M,LMTO,0,0,0,0,0,EUR,,MONE,BUYI,ACTI,,,200,200,200,,,,,,,,,,T10014431,,,,
SYNTHLEI0000000E0005,FALSE,CL1006,NONE,,,MTCH,FALSE,2025-07-11T11:21:24.154544Z,IOCV,VFCR,9999-12-31T23:59:59.999999Z,2025-07-11T11:21:24.154544Z,,783,XMKT,ABLE,ZZ0000000101,2025-07-11T11:21:24.154544Z,100100,NEWO,L,LMTO,6.4836,0,0,0,0,EUR,,MONE,BUYI,ACTI,,,100,100,100,,,,,,,,,,T10010070,,,,
SYNTHLEI0000000A0001,TRUE,CL1022,NONE,,,MTCH,FALSE,2025-07-11T11:22:12.323910Z,DAVY,VFCR,2025-07-11T23:59:59.999999Z,2025-07-11T11:12:26.323910Z,,784,XMKT,HOTL,ZZ0000000108,2025-07-11T11:22:12.323910Z,100338,FILL,L,,,,,,3.1799,EUR,,MONE,SELL,,,,,0,,766,,,,,AGRE,,,,T10033823,,,,
SYNTHLEI0000000H0008,FALSE,CL1008,NONE,,,AOTC,FALSE,2025-07-11T11:23:14.600632Z,DAVY,,2025-07-11T23:59:59.999999Z,2025-07-11T11:23:14.600632Z,,785,XMKT,ABLE,ZZ0000000101,2025-07-11T11:23:14.600632Z,100008,NEWO,L,LMTO,6.5012,0,0,0,0,EUR,,MONE,BUYI,ACTI,,,150,150,150,,,,,,,,,,T10000811,,,,
SYNTHLEI0000000H0008,FALSE,CL1004,NONE,,,AOTC,FALSE,2025-07-11T11:23:56.185782Z,DAVY,VFAR,2025-07-11T23:59:59.999999Z,2025-07-11T11:23:56.185782Z,,786,XDRV,OPT25G15.00,ZV0000000202,2025-07-11T11:23:56.185782Z,100259,CAME,L,,,,,,,EUR,,MONE,BUYI,,,,2,0,0,,,,,,,,,,T10025939,,,,
SYNTHLEI0000000H0008,FALSE,CL1015,NONE,,,AOTC,FALSE,2025-07-11T11:24:33.356553Z,GTDV,VFCR,2025-07-11T23:59:59.999999Z,2025-07-11T11:24:33.356553Z,,787,XMKT,JULT,ZZ0000000110,2025-07-11T11:24:33.356553Z,100314,NEWO,L,LMTO,11.4147,0,0,0,0,EUR,,MONE,BUYI,ACTI,,,500,500,500,,,,,,,,,,T10031414,,,,
SYNTHLEI0000000H0008,FALSE,CL1015,NONE,,,AOTC,FALSE,2025-07-11T11:25:55.356553Z,GTDV,VFCR,2025-07-11T23:59:59.999999Z,2025-07-11T11:24:33.356553Z,,788,XMKT,JULT,ZZ0000000110,2025-07-11T11:25:55.356553Z,100314,PARF,L,,,,,,11.4147,EUR,,MONE,BUYI,,,,,220,,280,,,,,PASV,,,,T10031414,,,,
SYNTHLEI0000000F0006,FALSE,NONE,NONE,,,AOTC,FALSE,2025-07-11T11:26:30.962600Z,DAVY,VFCR,2025-07-11T23:59:59.999999Z,2025-07-11T11:26:30.962600Z,,789,XMKT,INDX,ZZ0000000109,2025-07-11T11:26:30.962600Z,100590,NEWO,L,LMTO,0.4635,0,0,0,0,EUR,,MONE,SELL,ACTI,,,100,100,100,,,,,,,,,,T10059049,,,,
SYNTHLEI0000000D0004,FALSE,CL1010,NONE,,,AOTC,FALSE,2025-07-11T11:27:28.283758Z,FOKV,VFAR,9999-12-31T23:59:59.999999Z,2025-07-11T11:27:28.283758Z,,790,XMKT,BRVO,ZZ0000000102,2025-07-11T11:27:28.283758Z,100269,NEWO,L,LMTO,2.0883,0,0,0,0,EUR,,MONE,SELL,ACTI,,,500,500,500,,,,,,,,,,T10026944,,,,
SYNTHLEI0000000H0008,FALSE,CL1015,NONE,,,AOTC,FALSE,2025-07-11T11:27:47.356553Z,GTDV,VFCR,2025-07-11T23:59:59.999999Z,2025-07-11T11:24:33.356553Z,,791,XMKT,JULT,ZZ0000000110,2025-07-11T11:27:47.356553Z,100314,FILL,L,,,,,,11.4147,EUR,,MONE,BUYI,,,,,0,,220,,,,,AGRE,,,,T10031414,,,,
SYNTHLEI0000000H0008,FALSE,CL1008,NONE,,,AOTC,FALSE,2025-07-11T11:28:26.600632Z,DAVY,,2025-07-11T23:59:59.999999Z,2025-07-11T11:23:14.600632Z,,792,XMKT,ABLE,ZZ0000000101,2025-07-11T11:28:26.600632Z,100008,FILL,L,,,,,,6.5012,EUR,,MONE,BUYI,,,,,0,,150,,,,,PASV,,,,T10000811,,,,
SYNTHLEI0000000A0001,FALSE,CL1011,NONE,,,MTCH,FALSE,2025-07-11T11:28:40.475260Z,DAVY,VFAR,2025-07-11T23:59:59.999999Z,2025-07-11T11:28:40.475260Z,,793,XMKT,BRVO,ZZ0000000102,2025-07-11T11:28:40.475260Z,100625,NEWO,L,LMTO,2.0848,0,0,0,0,EUR,,MONE,SELL,ACTI,,,40,40,40,,,,,,,,,,T10062571,,,,
SYNTHLEI0000000E0005,FALSE,CL1006,NONE,,,MTCH,FALSE,2025-07-11T11:31:23.154544Z,IOCV,VFCR,9999-12-31T23:59:59.999999Z,2025-07-11T11:31:23.154544Z,,794,XMKT,ABLE,ZZ0000000101,2025-07-11T11:31:23.154544Z,100100,REME,L,LMTO,6.4844,,,,,EUR,,MONE,BUYI,ACTI,,,100,100,100,,,,,,,,,,T10010070,,,,
SYNTHLEI0000000B0002,FALSE,CL1017,NONE,,,AOTC,FALSE,2025-07-11T11:31:39.358439Z,DAVY,VFAR,2025-07-11T23:59:59.999999Z,2025-07-11T11:31:39.358439Z,,795,XDRV,FTSE25T4900,ZV0000000201,2025-07-11T11:31:39.358439Z,100060,NEWO,L,LMTO,108.0714,0,0,0,0,EUR,,MONE,SELL,ACTI,,,2,2,2,,,,,,,,,,T10006064,,,,
SYNTHLEI0000000E0005,FALSE,CL1006,NONE,,,MTCH,FALSE,2025-07-11T11:32:47.154544Z,IOCV,VFCR,9999-12-31T23:59:59.999999Z,2025-07-11T11:21:24.154544Z,,796,XMKT,ABLE,ZZ0000000101,2025-07-11T11:32:47.154544Z,100100,FILL,L,,,,,,6.4844,EUR,,MONE,BUYI,,,,,0,,100,,,,,PASV,,,,T10010070,,,,
SYNTHLEI0000000G0007,FALSE,CL1018,NONE,,,DEAL,FALSE,2025-07-11T11:33:11.538699Z,DAVY,VFCR,2025-07-11T23:59:59.999999Z,2025-07-11T11:33:11.538699Z,,797,XMKT,DLTA,ZZ0000000104,2025-07-11T11:33:11.538699Z,100064,NEWO,L,LMTO,3.14,0,0,0,0,EUR,,MONE,SELL,ACTI,,,150,150,150,,,,,,,,,,T10006426,,,,
SYNTHLEI0000000F0006,FALSE,CL1014,NONE,,,DEAL,TRUE,2025-07-11T11:35:41.049599Z,IOCV,VFCR,9999-12-31T23:59:59.999999Z,2025-07-11T11:35:41.049599Z,,798,XMKT,DLTA,ZZ0000000104,2025-07-11T11:35:41.049599Z,100425,NEWO,L,LMTO,3.1438,0,0,0,0,EUR,,MONE,SELL,ACTI,,,1000,1000,1000,,,,,,,,,,T10042567,,,,
SYNTHLEI0000000F0006,FALSE,CL1014,NONE,,,DEAL,TRUE,2025-07-11T11:35:41.907599Z,IOCV,VFCR,9999-12-31T23:59:59.999999Z,2025-07-11T11:35:41.049599Z,,799,XMKT,DLTA,ZZ0000000104,2025-07-11T11:35:41.907599Z,100425,CAME,L,LMTO,,,,,,EUR,,MONE,SELL,,,,1000,0,0,,,,,,,,,,T10042567,,,,
SYNTHLEI0000000B0002,FALSE,CL1024,NONE,,,AOTC,FALSE,2025-07-11T11:35:57.010312Z,DAVY,VFAR,2025-07-11T23:59:59.999999Z,2025-07-11T11:35:57.010312Z,,800,XMKT,GOLF,ZZ0000000107,2025-07-11T11:35:57.010312Z,100311,NEWO,L,LMTO,4.1685,0,0,0,0,EUR,,MONE,BUYI,ACTI,,,150,150,150,,,,,,,,,,T10031185,,,,
SYNTHLEI0000000B0002,FALSE,CL1017,NONE,,,AOTC,FALSE,2025-07-11T11:36:23.358439Z,DAVY,VFAR,2025-07-11T23:59:59.999999Z,2025-07-11T11:31:39.358439Z,,801,XDRV,FTSE25T4900,ZV0000000201,2025-07-11T11:36:23.358439Z,100060,FILL,L,,,,,,108.0714,EUR,,MONE,SELL,,,,,0,,2,,,,,AGRE,,,,T10006064,,,,
SYNTHLEI0000000G0007,FALSE,CL1008,NONE,,,AOTC,FALSE,2025-07-11T11:36:33.564629Z,DAVY,VFAR,2025-07-11T23:59:59.999999Z,2025-07-11T11:36:33.564629Z,,802,XMKT,CHRL,ZZ0000000103,2025-07-11T11:36:33.564629Z,100066,NEWO,S,STOP,16.2259,0,16.5382,0,0,EUR,,MONE,BUYI,ACTI,,,100,100,100,,,,,,,,,,T10006625,,,,
SYNTHLEI0000000B0002,FALSE,CL1024,NONE,,,AOTC,FALSE,2025-07-11T11:40:27.010312Z,DAVY,VFAR,2025-07-11T23:59:59.999999Z,2025-07-11T11:35:57.010312Z,,803,XMKT,GOLF,ZZ0000000107,2025-07-11T11:40:27.010312Z,100311,PARF,L,,,,,,4.1685,EUR,,MONE,BUYI,,,,,83,,67,,,,,AGRE,,,,T10031185,,,,
SYNTHLEI0000000F0006,FALSE,CL1019,NONE,,,DEAL,FALSE,2025-07-11T11:41:55.711414Z,GTDV,VFCR,2025-07-11T23:59:59.999999Z,2025-07-11T11:41:55.711414Z,,804,XMKT,JULT,ZZ0000000110,2025-07-11T11:41:55.711414Z,100623,NEWO,L,LMTO,11.4099,0,0,0,0,EUR,,MONE,BUYI,ACTI,,,500,500,500,,,,,,,,,,T10062367,,,,
SYNTHLEI0000000F0006,FALSE,CL1019,NONE,,,DEAL,FALSE,2025-07-11T11:41:56.593414Z,GTDV,VFCR,2025-07-11T23:59:59.999999Z,2025-07-11T11:41:55.711414Z,,805,XMKT,JULT,ZZ0000000110,2025-07-11T11:41:56.593414Z,100623,CAME,L,LMTO,,,,,,EUR,,MONE,BUYI,,,,500,0,0,,,,,,,,,,T10062367,,,,
SYNTHLEI0000000B0002,FALSE,CL1024,NONE,,,AOTC,FALSE,2025-07-11T11:46:06.010312Z,DAVY,VFAR,2025-07-11T23:59:59.999999Z,2025-07-11T11:35:57.010312Z,,806,XMKT,GOLF,ZZ0000000107,2025-07-11T11:46:06.010312Z,100311,FILL,L,,,,,,4.1685,EUR,,MONE,BUYI,,,,,0,,83,,,,,AGRE,,,,T10031185,,,,
SYNTHLEI0000000A0001,FALSE,CL1011,NONE,,,MTCH,FALSE,2025-07-11T11:49:01.475260Z,DAVY,VFAR,2025-07-11T23:59:59.999999Z,2025-07-11T11:49:01.475260Z,,807,XMKT,BRVO,ZZ0000000102,2025-07-11T11:49:01.475260Z,100625,CAME,L,,,,,,,EUR,,MONE,SELL,,,,40,0,0,,,,,,,,,,T10062571,,,,
SYNTHLEI0000000G0007,FALSE,CL1004,NONE,,,DEAL,TRUE,2025-07-11T11:50:05.219406Z,FOKV,VFCR,9999-12-31T23:59:59.999999Z,2025-07-11T11:50:05.219406Z,,808,XMKT,CHRL,ZZ0000000103,2025-07-11T11:50:05.219406Z,100159,NEWO,L,LMTO,15.8263,0,0,0,0,EUR,,MONE,BUYI,ACTI,,,3000,3000,3000,,,,,,,,,,T10015942,,,,
SYNTHLEI0000000F0006,FALSE,NONE,NONE,,,AOTC,FALSE,2025-07-11T11:52:32.962600Z,DAVY,VFCR,2025-07-11T23:59:59.999999Z,2025-07-11T11:52:32.962600Z,,809,XMKT,INDX,ZZ0000000109,2025-07-11T11:52:32.962600Z,100590,CAME,L,,,,,,,EUR,,MONE,SELL,,,,100,0,0,,,,,,,,,,T10059049,,,,
SYNTHLEI0000000B0002,FALSE,CL1026,NONE,,,AOTC,FALSE,2025-07-11T11:53:05.072072Z,GTCV,VFCR,9999-12-31T23:59:59.999999Z,2025-07-11T11:53:05.072072Z,,810,XMKT,CHRL,ZZ0000000103,2025-07-11T11:53:05.072072Z,100582,NEWO,M,LMTO,0,0,0,0,0,EUR,,MONE,BUYI,ACTI,,,100,100,100,,,,,,,,,,T10058280,,,,
SYNTHLEI0000000B0002,FALSE,CL1026,NONE,,,AOTC,FALSE,2025-07-11T11:53:35.072072Z,GTCV,VFCR,9999-12-31T23:59:59.999999Z,2025-07-11T11:53:05.072072Z,,811,XMKT,CHRL,ZZ0000000103,2025-07-11T11:53:35.072072Z,100582,PARF,M,,,,,,16.2485,EUR,,MONE,BUYI,,,,,49,,51,,,,,PASV,,,,T10058280,,,,
SYNTHLEI0000000G0007,FALSE,CL1004,NONE,,,DEAL,TRUE,2025-07-11T11:54:12.219406Z,FOKV,VFCR,9999-12-31T23:59:59.999999Z,2025-07-11T11:50:05.219406Z,,812,XMKT,CHRL,ZZ0000000103,2025-07-11T11:54:12.219406Z,100159,PARF,L,,,,,,15.8263,EUR,,MONE,BUYI,,,,,1428,,1572,,,,,PASV,,,,T10015942,,,,
SYNTHLEI0000000F0006,FALSE,NONE,ALGO1,,,AOTC,FALSE,2025-07-11T11:54:44.671095Z,IOCV,VFCR,9999-12-31T23:59:59.999999Z,2025-07-11T11:54:44.671095Z,,813,XMKT,HOTL,ZZ0000000108,2025-07-11T11:54:44.671095Z,100228,NEWO,L,LMTO,3.1758,0,0,0,0,EUR,,MONE,BUYI,ACTI,,,5,5,5,,,,,,,,,,T10022848,,,,
SYNTHLEI0000000G0007,FALSE,CL1004,NONE,,,AOTC,FALSE,2025-07-11T11:54:45.100611Z,DAVY,VFAR,2025-07-11T23:59:59.999999Z,2025-07-11T11:54:45.100611Z,,814,XMKT,ABLE,ZZ0000000101,2025-07-11T11:54:45.100611Z,100290,NEWO,L,LMTO,6.6851,0,0,0,0,EUR,,MONE,BUYI,ACTI,,,100,100,100,,,,,,,,,,T10029046,,,,
SYNTHLEI0000000F0006,FALSE,NONE,ALGO1,,,AOTC,FALSE,2025-07-11T11:54:45.355095Z,IOCV,VFCR,9999-12-31T23:59:59.999999Z,2025-07-11T11:54:44.671095Z,,815,XMKT,HOTL,ZZ0000000108,2025-07-11T11:54:45.355095Z,100228,CAME,L,LMTO,,,,,,EUR,,MONE,BUYI,,,,5,0,0,,,,,,,,,,T10022848,,,,
SYNTHLEI0000000H0008,FALSE,CL1033,NONE,,,AOTC,FALSE,2025-07-11T11:55:23.670242Z,GTDV,VFCR,2025-07-11T23:59:59.999999Z,2025-07-11T11:55:23.670242Z,,816,XMKT,ABLE,ZZ0000000101,2025-07-11T11:55:23.670242Z,100310,NEWO,L,LMTO,6.5089,0,0,0,0,EUR,,MONE,SELL,ACTI,,,40,40,40,,,,,,,,,,T10031078,,,,
SYNTHLEI0000000A0001,FALSE,CL1026,NONE,,,AOTC,FALSE,2025-07-11T11:56:48.693019Z,DAVY,VFAR,2025-07-11T23:59:59.999999Z,2025-07-11T11:56:48.693019Z,,817,XMKT,GOLF,ZZ0000000107,2025-07-11T11:56:48.693019Z,100352,NEWO,L,LMTO,4.1643,0,0,0,0,EUR,,MONE,SELL,ACTI,,,100,100,100,,,,,,,,,,T10035275,,,,
SYNTHLEI0000000D0004,FALSE,CL1032,NONE,,,DEAL,TRUE,2025-07-11T11:57:58.259870Z,GTDV,VFCR,2025-07-11T23:59:59.999999Z,2025-07-11T11:57:58.259870Z,,818,XMKT,FXTR,ZZ0000000106,2025-07-11T11:57:58.259870Z,100138,NEWO,L,LMTO,3.1953,0,0,0,0,EUR,,MONE,BUYI,ACTI,,,20,20,20,,,,,,,,,,T10013826,,,,
SYNTHLEI0000000B0002,FALSE,CL1026,NONE,,,AOTC,FALSE,2025-07-11T11:58:02.072072Z,GTCV,VFCR,9999-12-31T23:59:59.999999Z,2025-07-11T11:53:05.072072Z,,819,XMKT,CHRL,ZZ0000000103,2025-07-11T11:58:02.072072Z,100582,FILL,M,,,,,,16.2403,EUR,,MONE,BUYI,,,,,0,,49,,,,,PASV,,,,T10058280,,,,
SYNTHLEI0000000B0002,FALSE,CL1033,NONE,,,AOTC,FALSE,2025-07-11T11:58:09.824745Z,DAVY,VFAR,2025-07-11T23:59:59.999999Z,2025-07-11T11:58:09.824745Z,,820,XMKT,GOLF,ZZ0000000107,2025-07-11T11:58:09.824745Z,100152,NEWO,S,STOP,4.1641,0,4.2572,0,0,EUR,,MONE,SELL,ACTI,,,60,60,60,,,,,,,,,,T10015220,,,,
SYNTHLEI0000000G0007,FALSE,CL1004,NONE,,,DEAL,TRUE,2025-07-11T11:58:35.219406Z,FOKV,VFCR,9999-12-31T23:59:59.999999Z,2025-07-11T11:50:05.219406Z,,821,XMKT,CHRL,ZZ0000000103,2025-07-11T11:58:35.219406Z,100159,FILL,L,,,,,,15.8263,EUR,,MONE,BUYI,,,,,0,,1428,,,,,PASV,,,,T10015942,,,,
SYNTHLEI0000000G0007,FALSE,CL1004,NONE,,,AOTC,FALSE,2025-07-11T11:59:31.100611Z,DAVY,VFAR,2025-07-11T23:59:59.999999Z,2025-07-11T11:54:45.100611Z,,822,XMKT,ABLE,ZZ0000000101,2025-07-11T11:59:31.100611Z,100290,PARF,L,,,,,,6.6851,EUR,,MONE,BUYI,,,,,74,,26,,,,,AGRE,,,,T10029046,,,,
SYNTHLEI0000000B0002,FALSE,CL1033,NONE,,,AOTC,FALSE,2025-07-11T12:00:32.824745Z,DAVY,VFAR,2025-07-11T23:59:59.999999Z,2025-07-11T11:58:09.824745Z,,823,XMKT,GOLF,ZZ0000000107,2025-07-11T12:00:32.824745Z,100152,FILL,S,,,,,,4.1641,EUR,,MONE,SELL,,,,,0,,60,,,,,AGRE,,,,T10015220,,,,
SYNTHLEI0000000B0002,FALSE,CL1000,NONE,,,AOTC,FALSE,2025-07-11T12:01:31.363605Z,DAVY,VFAR,2025-07-11T23:59:59.999999Z,2025-07-11T12:01:31.363605Z,,824,XMKT,ECHO,ZZ0000000105,2025-07-11T12:01:31.363605Z,100322,NEWO,L,LMTO,7.9411,0,0,0,0,EUR,,MONE,BUYI,ACTI,,,1500,1500,1500,,,,,,,,,,T10032220,,,,
SYNTHLEI0000000A0001,FALSE,CL1026,NONE,,,AOTC,FALSE,2025-07-11T12:01:55.693019Z,DAVY,VFAR,2025-07-11T23:59:59.999999Z,2025-07-11T12:01:55.693019Z,,825,XMKT,GOLF,ZZ0000000107,2025-07-11T12:01:55.693019Z,100352,REME,L,LMTO,4.1648,,,,,EUR,,MONE,SELL,ACTI,,,100,100,100,,,,,,,,,,T10035275,,,,
SYNTHLEI0000000G0007,FALSE,CL1007,NONE,,,DEAL,FALSE,2025-07-11T12:02:05.036908Z,FOKV,VFCR,9999-12-31T23:59:59.999999Z,2025-07-11T12:02:05.036908Z,,826,XDRV,FTSE25T4900,ZV0000000201,2025-07-11T12:02:05.036908Z,100124,NEWO,L,LMTO,102.5958,0,0,0,0,EUR,,MONE,BUYI,ACTI,,,20,20,20,,,,,,,,,,T10012440,,,,
SYNTHLEI0000000B0002,FALSE,NONE,ALGO1,,,MTCH,FALSE,2025-07-11T12:02:09.308078Z,DAVY,VFAR,2025-07-11T23:59:59.999999Z,2025-07-11T12:02:09.308078Z,,827,XDRV,FTSE25T4900,ZV0000000201,2025-07-11T12:02:09.308078Z,100210,NEWO,L,LMTO,107.6756,0,0,0,0,EUR,,MONE,SELL,ACTI,,,20,20,20,,,,,,,,,,T10021074,,,,
SYNTHLEI0000000G0007,FALSE,CL1007,NONE,,,DEAL,FALSE,2025-07-11T12:02:48.036908Z,FOKV,VFCR,9999-12-31T23:59:59.999999Z,2025-07-11T12:02:05.036908Z,,828,XDRV,FTSE25T4900,ZV0000000201,2025-07-11T12:02:48.036908Z,100124,FILL,L,,,,,,102.5958,EUR,,MONE,BUYI,,,,,0,,20,,,,,PASV,,,,T10012440,,,,
SYNTHLEI0000000H0008,FALSE,CL1033,NONE,,,AOTC,FALSE,2025-07-11T12:03:26.670242Z,GTDV,VFCR,2025-07-11T23:59:59.999999Z,2025-07-11T12:03:26.670242Z,,829,XMKT,ABLE,ZZ0000000101,2025-07-11T12:03:26.670242Z,100310,REME,L,LMTO,6.5089,,,,,EUR,,MONE,SELL,ACTI,,,40,40,40,,,,,,,,,,T10031078,,,,
SYNTHLEI0000000A0001,FALSE,CL1026,NONE,,,AOTC,FALSE,2025-07-11T12:03:42.693019Z,DAVY,VFAR,2025-07-11T23:59:59.999999Z,2025-07-11T11:56:48.693019Z,,830,XMKT,GOLF,ZZ0000000107,2025-07-11T12:03:42.693019Z,100352,FILL,L,,,,,,4.1648,EUR,,MONE,SELL,,,,,0,,100,,,,,PASV,,,,T10035275,,,,
SYNTHLEI0000000B0002,FALSE,CL1000,NONE,,,AOTC,FALSE,2025-07-11T12:04:05.363605Z,DAVY,VFAR,2025-07-11T23:59:59.999999Z,2025-07-11T12:01:31.363605Z,,831,XMKT,ECHO,ZZ0000000105,2025-07-11T12:04:05.363605Z,100322,PARF,L,,,,,,7.9411,EUR,,MONE,BUYI,,,,,1134,,366,,,,,AGRE,,,,T10032220,,,,
SYNTHLEI0000000A0001,FALSE,CL1001,NONE,,,DEAL,TRUE,2025-07-11T12:04:21.313230Z,DAVY,VFCR,2025-07-11T23:59:59.999999Z,2025-07-11T12:04:21.313230Z,,832,XMKT,FXTR,ZZ0000000106,2025-07-11T12:04:21.313230Z,100466,NEWO,L,LMTO,3.1932,0,0,0,0,EUR,,MONE,SELL,ACTI,,,3000,3000,3000,,,,,,,,,,T10046654,,,,
SYNTHLEI0000000B0002,FALSE,CL1016,NONE,,,AOTC,FALSE,2025-07-11T12:04:32.236247Z,GTCV,VFCR,9999-12-31T23:59:59.999999Z,2025-07-11T12:04:32.236247Z,,833,XMKT,JULT,ZZ0000000110,2025-07-11T12:04:32.236247Z,100086,NEWO,S,STOP,11.3969,0,11.6616,0,0,EUR,,MONE,BUYI,ACTI,,,1500,1500,1500,,,,,,,,,,T10008642,,,,
SYNTHLEI0000000D0004,TRUE,CL1028,NONE,,,MTCH,FALSE,2025-07-11T12:05:28.712982Z,DAVY,,2025-07-11T23:59:59.999999Z,2025-07-11T12:05:28.712982Z,,834,XMKT,GOLF,ZZ0000000107,2025-07-11T12:05:28.712982Z,100597,NEWO,L,LMTO,4.1625,0,0,0,0,EUR,,MONE,SELL,ACTI,,,200,200,200,,,,,,,,,,T10059798,,,,
SYNTHLEI0000000D0004,FALSE,CL1032,NONE,,,DEAL,TRUE,2025-07-11T12:06:36.259870Z,GTDV,VFCR,2025-07-11T23:59:59.999999Z,2025-07-11T12:06:36.259870Z,,835,XMKT,FXTR,ZZ0000000106,2025-07-11T12:06:36.259870Z,100138,REME,L,LMTO,3.1967,,,,,EUR,,MONE,BUYI,ACTI,,,20,20,20,,,,,,,,,,T10013826,,,,
SYNTHLEI0000000B0002,FALSE,CL1000,NONE,,,AOTC,FALSE,2025-07-11T12:07:07.363605Z,DAVY,VFAR,2025-07-11T23:59:59.999999Z,2025-07-11T12:07:07.363605Z,,836,XMKT,ECHO,ZZ0000000105,2025-07-11T12:07:07.363605Z,100322,CAME,L,,,,,,,EUR,,MONE,BUYI,,,,1500,0,0,,,,,,,,,,T10032220,,,,
SYNTHLEI0000000G0007,FALSE,CL1004,NONE,,,AOTC,FALSE,2025-07-11T12:09:06.100611Z,DAVY,VFAR,2025-07-11T23:59:59.999999Z,2025-07-11T12:09:06.100611Z,,837,XMKT,ABLE,ZZ0000000101,2025-07-11T12:09:06.100611Z,100290,CAME,L,,,,,,,EUR,,MONE,BUYI,,,,100,0,0,,,,,,,,,,T10029046,,,,
SYNTHLEI0000000C0003,FALSE,CL1006,NONE,,,AOTC,FALSE,2025-07-11T12:09:55.833566Z,DAVY,VFCR,2025-07-11T23:59:59.999999Z,2025-07-11T12:09:55.833566Z,,838,XMKT,CHRL,ZZ0000000103,2025-07-11T12:09:55.833566Z,100388,NEWO,L,LMTO,16.2522,0,0,0,0,EUR,,MONE,SELL,ACTI,,,1000,1000,1000,,,,,,,,,,T10038839,,,,
SYNTHLEI0000000B0002,FALSE,CL1016,NONE,,,AOTC,FALSE,2025-07-11T12:10:01.236247Z,GTCV,VFCR,9999-12-31T23:59:59.999999Z,2025-07-11T12:04:32.236247Z,,839,XMKT,JULT,ZZ0000000110,2025-07-11T12:10:01.236247Z,100086,PARF,S,,,,,,11.3969,EUR,,MONE,BUYI,,,,,728,,772,,,,,AGRE,,,,T10008642,,,,
SYNTHLEI0000000B0002,FALSE,CL1002,NONE,,,AOTC,FALSE,2025-07-11T12:10:04.910212Z,GTCV,VFAR,9999-12-31T23:59:59.999999Z,2025-07-11T12:10:04.910212Z,,840,XMKT,BRVO,ZZ0000000102,2025-07-11T12:10:04.910212Z,100141,NEWO,L,LMTO,2.0877,0,0,0,0,EUR,,MONE,SELL,ACTI,,,1000,1000,1000,,,,,,,,,,T10014197,,,,
SYNTHLEI0000000E0005,FALSE,CL1026,NONE,,,AOTC,FALSE,2025-07-11T12:10:10.421113Z,GTCV,VFAR,9999-12-31T23:59:59.999999Z,2025-07-11T12:10:10.421113Z,,841,XMKT,FXTR,ZZ0000000106,2025-07-11T12:10:10.421113Z,100324,NEWO,L,LMTO,3.1958,0,0,0,0,EUR,,MONE,SELL,ACTI,,,100,100,100,,,,,,,,,,T10032492,,,,
SYNTHLEI0000000E0005,FALSE,CL1026,NONE,,,AOTC,FALSE,2025-07-11T12:10:13.528113Z,GTCV,VFAR,9999-12-31T23:59:59.999999Z,2025-07-11T12:10:13.528113Z,,842,XMKT,FXTR,ZZ0000000106,2025-07-11T12:10:13.528113Z,100324,REME,L,LMTO,3.1964,,,,,EUR,,MONE,SELL,ACTI,,,100,100,100,,,,,,,,,,T10032492,,,,
SYNTHLEI0000000E0005,FALSE,CL1026,NONE,,,AOTC,FALSE,2025-07-11T12:10:16.095113Z,GTCV,VFAR,9999-12-31T23:59:59.999999Z,2025-07-11T12:10:16.095113Z,,843,XMKT,FXTR,ZZ0000000106,2025-07-11T12:10:16.095113Z,100324,REME,L,LMTO,3.1971,,,,,EUR,,MONE,SELL,ACTI,,,100,100,100,,,,,,,,,,T10032492,,,,
SYNTHLEI0000000D0004,FALSE,CL1032,NONE,,,DEAL,TRUE,2025-07-11T12:10:18.259870Z,GTDV,VFCR,2025-07-11T23:59:59.999999Z,2025-07-11T11:57:58.259870Z,,844,XMKT,FXTR,ZZ0000000106,2025-07-11T12:10:18.259870Z,100138,PARF,L,,,,,,3.1967,EUR,,MONE,BUYI,,,,,15,,5,,,,,AGRE,,,,T10013826,,,,
SYNTHLEI0000000E0005,FALSE,CL1026,NONE,,,AOTC,FALSE,2025-07-11T12:10:19.406113Z,GTCV,VFAR,9999-12-31T23:59:59.999999Z,2025-07-11T12:10:19.406113Z,,845,XMKT,FXTR,ZZ0000000106,2025-07-11T12:10:19.406113Z,100324,REME,L,LMTO,3.1956,,,,,EUR,,MONE,SELL,ACTI,,,100,100,100,,,,,,,,,,T10032492,,,,
SYNTHLEI0000000E0005,FALSE,CL1026,NONE,,,AOTC,FALSE,2025-07-11T12:10:20.685113Z,GTCV,VFAR,9999-12-31T23:59:59.999999Z,2025-07-11T12:10:20.685113Z,,846,XMKT,FXTR,ZZ0000000106,2025-07-11T12:10:20.685113Z,100324,CAME,L,LMTO,,,,,,EUR,,MONE,SELL,,,,100,0,0,,,,,,,,,,T10032492,,,,
SYNTHLEI0000000C0003,FALSE,CL1039,NONE,,,DEAL,TRUE,2025-07-11T12:10:30.804493Z,GTDV,VFAR,2025-07-11T23:59:59.999999Z,2025-07-11T12:10:30.804493Z,,847,XMKT,ECHO,ZZ0000000105,2025-07-11T12:10:30.804493Z,100413,NEWO,L,LMTO,7.9208,0,0,0,0,EUR,,MONE,SELL,ACTI,,,20,20,20,,,,,,,,,,T10041358,,,,
SYNTHLEI0000000B0002,FALSE,CL1016,NONE,,,AOTC,FALSE,2025-07-11T12:10:31.236247Z,GTCV,VFCR,9999-12-31T23:59:59.999999Z,2025-07-11T12:04:32.236247Z,,848,XMKT,JULT,ZZ0000000110,2025-07-11T12:10:31.236247Z,100086,FILL,S,,,,,,11.3969,EUR,,MONE,BUYI,,,,,0,,728,,,,,AGRE,,,,T10008642,,,,
SYNTHLEI0000000C0003,TRUE,CL1032,NONE,,,DEAL,FALSE,2025-07-11T12:10:42.624957Z,DAVY,VFAR,2025-07-11T23:59:59.999999Z,2025-07-11T12:10:42.624957Z,,849,XMKT,ABLE,ZZ0000000101,2025-07-11T12:10:42.624957Z,100184,NEWO,L,LMTO,6.5033,0,0,0,0,EUR,,MONE,SELL,ACTI,,,5,5,5,,,,,,,,,,T10018473,,,,
SYNTHLEI0000000C0003,FALSE,CL1006,NONE,,,AOTC,FALSE,2025-07-11T12:10:50.833566Z,DAVY,VFCR,2025-07-11T23:59:59.999999Z,2025-07-11T12:09:55.833566Z,,850,XMKT,CHRL,ZZ0000000103,2025-07-11T12:10:50.833566Z,100388,FILL,L,,,,,,16.2522,EUR,,MONE,SELL,,,,,0,,1000,,,,,PASV,,,,T10038839,,,,
SYNTHLEI0000000C0003,FALSE,CL1006,NONE,,,AOTC,FALSE,2025-07-11T12:11:39.513365Z,DAVY,VFCR,2025-07-11T23:59:59.999999Z,2025-07-11T12:11:39.513365Z,,851,XMKT,HOTL,ZZ0000000108,2025-07-11T12:11:39.513365Z,100194,NEWO,L,LMTO,3.1752,0,0,0,0,EUR,,MONE,BUYI,ACTI,,,1500,1500,1500,,,,,,,,,,T10019472,,,,
SYNTHLEI0000000G0007,TRUE,CL1019,NONE,,,MTCH,FALSE,2025-07-11T12:12:04.470502Z,DAVY,VFAR,2025-07-11T23:59:59.999999Z,2025-07-11T12:12:04.470502Z,,852,XMKT,BRVO,ZZ0000000102,2025-07-11T12:12:04.470502Z,100510,NEWO,L,LMTO,2.086,0,0,0,0,EUR,,MONE,SELL,ACTI,,,60,60,60,,,,,,,,,,T10051031,,,,
SYNTHLEI0000000C0003,FALSE,CL1006,NONE,,,AOTC,FALSE,2025-07-11T12:12:08.513365Z,DAVY,VFCR,2025-07-11T23:59:59.999999Z,2025-07-11T12:11:39.513365Z,,853,XMKT,HOTL,ZZ0000000108,2025-07-11T12:12:08.513365Z,100194,PARF,L,,,,,,3.1752,EUR,,MONE,BUYI,,,,,928,,572,,,,,PASV,,,,T10019472,,,,
SYNTHLEI0000000H0008,FALSE,NONE,ALGOPT,,,AOTC,FALSE,2025-07-11T12:12:11.439035Z,DAVY,VFCR,2025-07-11T23:59:59.999999Z,2025-07-11T12:12:11.439035Z,,854,XMKT,JULT,ZZ0000000110,2025-07-11T12:12:11.439035Z,100497,NEWO,L,LMTO,11.3884,0,0,0,0,EUR,,MONE,SELL,ACTI,,,60,60,60,,,,,,,,,,T10049775,,,,
SYNTHLEI0000000B0002,FALSE,CL1002,NONE,,,AOTC,FALSE,2025-07-11T12:14:50.910212Z,GTCV,VFAR,9999-12-31T23:59:59.999999Z,2025-07-11T12:10:04.910212Z,,855,XMKT,BRVO,ZZ0000000102,2025-07-11T12:14:50.910212Z,100141,PARF,L,,,,,,2.0877,EUR,,MONE,SELL,,,,,764,,236,,,,,PASV,,,,T10014197,,,,
SYNTHLEI0000000H0008,FALSE,CL1012,NONE,,,AOTC,FALSE,2025-07-11T12:15:04.612853Z,GTCV,VFCR,9999-12-31T23:59:59.999999Z,2025-07-11T12:15:04.612853Z,,856,XMKT,BRVO,ZZ0000000102,2025-07-11T12:15:04.612853Z,100478,NEWO,L,LMTO,2.0821,0,0,0,0,EUR,,MONE,SELL,ACTI,,,150,150,150,,,,,,,,,,T10047886,,,,
SYNTHLEI0000000B0002,FALSE,NONE,ALGOPT,,,DEAL,FALSE,2025-07-11T12:15:09.984780Z,GTCV,VFAR,9999-12-31T23:59:59.999999Z,2025-07-11T12:15:09.984780Z,,857,XMKT,HOTL,ZZ0000000108,2025-07-11T12:15:09.984780Z,100329,NEWO,L,LMTO,3.1748,0,0,0,0,EUR,,MONE,BUYI,ACTI,,,200,200,200,,,,,,,,,,T10032941,,,,
SYNTHLEI0000000C0003,TRUE,CL1032,NONE,,,DEAL,FALSE,2025-07-11T12:15:31.624957Z,DAVY,VFAR,2025-07-11T23:59:59.999999Z,2025-07-11T12:10:42.624957Z,,858,XMKT,ABLE,ZZ0000000101,2025-07-11T12:15:31.624957Z,100184,PARF,L,,,,,,6.5033,EUR,,MONE,SELL,,,,,4,,1,,,,,AGRE,,,,T10018473,,,,
SYNTHLEI0000000A0001,FALSE,CL1001,NONE,,,DEAL,TRUE,2025-07-11T12:16:34.313230Z,DAVY,VFCR,2025-07-11T23:59:59.999999Z,2025-07-11T12:16:34.313230Z,,859,XMKT,FXTR,ZZ0000000106,2025-07-11T12:16:34.313230Z,100466,CAME,L,,,,,,,EUR,,MONE,SELL,,,,3000,0,0,,,,,,,,,,T10046654,,,,
SYNTHLEI0000000A0001,FALSE,NONE,ALGO1,,,DEAL,FALSE,2025-07-11T12:16:43.612753Z,DAVY,VFCR,2025-07-11T23:59:59.999999Z,2025-07-11T12:16:43.612753Z,,860,XDRV,FTSE25T4900,ZV0000000201,2025-07-11T12:16:43.612753Z,100573,NEWO,L,LMTO,108.2401,0,0,0,0,EUR,,MONE,BUYI,ACTI,,,5,5,5,,,,,,,,,,T10057353,,,,
SYNTHLEI0000000D0004,FALSE,CL1039,NONE,,,AOTC,FALSE,2025-07-11T12:16:45.246390Z,DAVY,VFAR,2025-07-11T23:59:59.999999Z,2025-07-11T12:16:45.246390Z,,861,XMKT,FXTR,ZZ0000000106,2025-07-11T12:16:45.246390Z,100399,NEWO,L,LMTO,3.1927,0,0,0,0,EUR,,MONE,BUYI,ACTI,,,1000,1000,1000,,,,,,,,,,T10039953,,,,
SYNTHLEI0000000H0008,FALSE,NONE,ALGOPT,,,AOTC,FALSE,2025-07-11T12:16:48.439035Z,DAVY,VFCR,2025-07-11T23:59:59.999999Z,2025-07-11T12:16:48.439035Z,,862,XMKT,JULT,ZZ0000000110,2025-07-11T12:16:48.439035Z,100497,REME,L,LMTO,11.3835,,,,,EUR,,MONE,SELL,ACTI,,,60,60,60,,,,,,,,,,T10049775,,,,
SYNTHLEI0000000D0004,FALSE,CL1032,NONE,,,DEAL,TRUE,2025-07-11T12:17:19.259870Z,GTDV,VFCR,2025-07-11T23:59:59.999999Z,2025-07-11T12:17:19.259870Z,,863,XMKT,FXTR,ZZ0000000106,2025-07-11T12:17:19.259870Z,100138,CAME,L,,,,,,,EUR,,MONE,BUYI,,,,20,0,0,,,,,,,,,,T10013826,,,,
SYNTHLEI0000000A0001,FALSE,NONE,ALGO1,,,DEAL,FALSE,2025-07-11T12:17:40.612753Z,DAVY,VFCR,2025-07-11T23:59:59.999999Z,2025-07-11T12:16:43.612753Z,,864,XDRV,FTSE25T4900,ZV0000000201,2025-07-11T12:17:40.612753Z,100573,FILL,L,,,,,,108.2401,EUR,,MONE,BUYI,,,,,0,,5,,,,,AGRE,,,,T10057353,,,,
SYNTHLEI0000000H0008,FALSE,NONE,NONE,,,DEAL,FALSE,2025-07-11T12:17:47.662564Z,GTDV,VFAR,2025-07-11T23:59:59.999999Z,2025-07-11T12:17:47.662564Z,,865,XDRV,OPT25G15.00,ZV0000000202,2025-07-11T12:17:47.662564Z,100224,NEWO,L,LMTO,0.4563,0,0,0,0,EUR,,MONE,SELL,ACTI,,,5,5,5,,,,,,,,,,T10022493,,,,
SYNTHLEI0000000H0008,FALSE,CL1012,NONE,,,AOTC,FALSE,2025-07-11T12:18:50.612853Z,GTCV,VFCR,9999-12-31T23:59:59.999999Z,2025-07-11T12:15:04.612853Z,,866,XMKT,BRVO,ZZ0000000102,2025-07-11T12:18:50.612853Z,100478,PARF,L,,,,,,2.0821,EUR,,MONE,SELL,,,,,108,,42,,,,,AGRE,,,,T10047886,,,,
SYNTHLEI0000000B0002,FALSE,CL1002,NONE,,,AOTC,FALSE,2025-07-11T12:19:08.910212Z,GTCV,VFAR,9999-12-31T23:59:59.999999Z,2025-07-11T12:10:04.910212Z,,867,XMKT,BRVO,ZZ0000000102,2025-07-11T12:19:08.910212Z,100141,FILL,L,,,,,,2.0877,EUR,,MONE,SELL,,,,,0,,764,,,,,PASV,,,,T10014197,,,,
SYNTHLEI0000000C0003,FALSE,CL1039,NONE,,,DEAL,TRUE,2025-07-11T12:19:13.804493Z,GTDV,VFAR,2025-07-11T23:59:59.999999Z,2025-07-11T12:19:13.804493Z,,868,XMKT,ECHO,ZZ0000000105,2025-07-11T12:19:13.804493Z,100413,REME,L,LMTO,7.9306,,,,,EUR,,MONE,SELL,ACTI,,,20,20,20,,,,,,,,,,T10041358,,,,
SYNTHLEI0000000C0003,FALSE,CL1006,NONE,,,AOTC,FALSE,2025-07-11T12:20:16.513365Z,DAVY,VFCR,2025-07-11T23:59:59.999999Z,2025-07-11T12:20:16.513365Z,,869,XMKT,HOTL,ZZ0000000108,2025-07-11T12:20:16.513365Z,100194,CAME,L,,,,,,,EUR,,MONE,BUYI,,,,1500,0,0,,,,,,,,,,T10019472,,,,
SYNTHLEI0000000B0002,FALSE,CL1016,NONE,,,AOTC,FALSE,2025-07-11T12:20:20.683839Z,DAVY,VFAR,2025-07-11T23:59:59.999999Z,2025-07-11T12:20:20.683839Z,,870,XMKT,CHRL,ZZ0000000103,2025-07-11T12:20:20.683839Z,100447,NEWO,L,LMTO,16.2693,0,0,0,0,EUR,,MONE,SELL,ACTI,,,60,60,60,,,,,,,,,,T10044724,,,,
SYNTHLEI0000000G0007,TRUE,CL1019,NONE,,,MTCH,FALSE,2025-07-11T12:21:07.470502Z,DAVY,VFAR,2025-07-11T23:59:59.999999Z,2025-07-11T12:21:07.470502Z,,871,XMKT,BRVO,ZZ0000000102,2025-07-11T12:21:07.470502Z,100510,CAME,L,,,,,,,EUR,,MONE,SELL,,,,60,0,0,,,,,,,,,,T10051031,,,,
SYNTHLEI0000000H0008,FALSE,NONE,NONE,,,DEAL,FALSE,2025-07-11T12:22:18.662564Z,GTDV,VFAR,2025-07-11T23:59:59.999999Z,2025-07-11T12:17:47.662564Z,,872,XDRV,OPT25G15.00,ZV0000000202,2025-07-11T12:22:18.662564Z,100224,PARF,L,,,,,,0.4563,EUR,,MONE,SELL,,,,,4,,1,,,,,PASV,,,,T10022493,,,,
SYNTHLEI0000000C0003,TRUE,CL1032,NONE,,,DEAL,FALSE,2025-07-11T12:22:32.624957Z,DAVY,VFAR,2025-07-11T23:59:59.999999Z,2025-07-11T12:22:32.624957Z,,873,XMKT,ABLE,ZZ0000000101,2025-07-11T12:22:32.624957Z,100184,CAME,L,,,,,,,EUR,,MONE,SELL,,,,5,0,0,,,,,,,,,,T10018473,,,,
SYNTHLEI0000000H0008,FALSE,NONE,ALGOPT,,,AOTC,FALSE,2025-07-11T12:22:38.439035Z,DAVY,VFCR,2025-07-11T23:59:59.999999Z,2025-07-11T12:12:11.439035Z,,874,XMKT,JULT,ZZ0000000110,2025-07-11T12:22:38.439035Z,100497,FILL,L,,,,,,11.3835,EUR,,MONE,SELL,,,,,0,,60,,,,,AGRE,,,,T10049775,,,,
SYNTHLEI0000000H0008,FALSE,NONE,NONE,,,DEAL,FALSE,2025-07-11T12:23:43.662564Z,GTDV,VFAR,2025-07-11T23:59:59.999999Z,2025-07-11T12:17:47.662564Z,,875,XDRV,OPT25G15.00,ZV0000000202,2025-07-11T12:23:43.662564Z,100224,FILL,L,,,,,,0.4563,EUR,,MONE,SELL,,,,,0,,4,,,,,AGRE,,,,T10022493,,,,
SYNTHLEI0000000D0004,FALSE,CL1039,NONE,,,AOTC,FALSE,2025-07-11T12:24:26.246390Z,DAVY,VFAR,2025-07-11T23:59:59.999999Z,2025-07-11T12:24:26.246390Z,,876,XMKT,FXTR,ZZ0000000106,2025-07-11T12:24:26.246390Z,100399,REME,L,LMTO,3.1927,,,,,EUR,,MONE,BUYI,ACTI,,,1000,1000,1000,,,,,,,,,,T10039953,,,,
SYNTHLEI0000000B0002,FALSE,CL1016,NONE,,,AOTC,FALSE,2025-07-11T12:24:36.683839Z,DAVY,VFAR,2025-07-11T23:59:59.999999Z,2025-07-11T12:20:20.683839Z,,877,XMKT,CHRL,ZZ0000000103,2025-07-11T12:24:36.683839Z,100447,PARF,L,,,,,,16.2693,EUR,,MONE,SELL,,,,,38,,22,,,,,PASV,,,,T10044724,,,,
SYNTHLEI0000000A0001,FALSE,CL1039,NONE,,,AOTC,FALSE,2025-07-11T12:24:37.095648Z,DAVY,VFCR,2025-07-11T23:59:59.999999Z,2025-07-11T12:24:37.095648Z,,878,XMKT,FXTR,ZZ0000000106,2025-07-11T12:24:37.095648Z,100603,NEWO,L,LMTO,3.1993,0,0,0,0,EUR,,MONE,SELL,ACTI,,,1000,1000,1000,,,,,,,,,,T10060334,,,,
SYNTHLEI0000000E0005,FALSE,CL1003,NONE,,,MTCH,FALSE,2025-07-11T12:25:16.952045Z,DAVY,VFAR,2025-07-11T23:59:59.999999Z,2025-07-11T12:25:16.952045Z,,879,XDRV,OPT25G15.00,ZV0000000202,2025-07-11T12:25:16.952045Z,100563,NEWO,M,LMTO,0,0,0,0,0,EUR,,MONE,SELL,ACTI,,,50,50,50,,,,,,,,,,T10056343,,,,
SYNTHLEI0000000H0008,FALSE,CL1012,NONE,,,AOTC,FALSE,2025-07-11T12:25:17.612853Z,GTCV,VFCR,9999-12-31T23:59:59.999999Z,2025-07-11T12:15:04.612853Z,,880,XMKT,BRVO,ZZ0000000102,2025-07-11T12:25:17.612853Z,100478,FILL,L,,,,,,2.0821,EUR,,MONE,SELL,,,,,0,,108,,,,,AGRE,,,,T10047886,,,,
SYNTHLEI0000000E0005,FALSE,CL1003,NONE,,,MTCH,FALSE,2025-07-11T12:25:17.799045Z,DAVY,VFAR,2025-07-11T23:59:59.999999Z,2025-07-11T12:25:17.799045Z,,881,XDRV,OPT25G15.00,ZV0000000202,2025-07-11T12:25:17.799045Z,100563,REME,M,LMTO,0.4563,,,,,EUR,,MONE,SELL,ACTI,,,50,50,50,,,,,,,,,,T10056343,,,,
SYNTHLEI0000000E0005,FALSE,CL1003,NONE,,,MTCH,FALSE,2025-07-11T12:25:18.497045Z,DAVY,VFAR,2025-07-11T23:59:59.999999Z,2025-07-11T12:25:18.497045Z,,882,XDRV,OPT25G15.00,ZV0000000202,2025-07-11T12:25:18.497045Z,100563,REME,M,LMTO,0.4561,,,,,EUR,,MONE,SELL,ACTI,,,50,50,50,,,,,,,,,,T10056343,,,,
SYNTHLEI0000000E0005,FALSE,CL1003,NONE,,,MTCH,FALSE,2025-07-11T12:25:22.235045Z,DAVY,VFAR,2025-07-11T23:59:59.999999Z,2025-07-11T12:25:22.235045Z,,883,XDRV,OPT25G15.00,ZV0000000202,2025-07-11T12:25:22.235045Z,100563,CAME,M,LMTO,,,,,,EUR,,MONE,SELL,,,,50,0,0,,,,,,,,,,T10056343,,,,
SYNTHLEI0000000H0008,FALSE,CL1033,NONE,,,AOTC,FALSE,2025-07-11T12:26:59.670242Z,GTDV,VFCR,2025-07-11T23:59:59.999999Z,2025-07-11T12:26:59.670242Z,,884,XMKT,ABLE,ZZ0000000101,2025-07-11T12:26:59.670242Z,100310,CAME,L,,,,,,,EUR,,MONE,SELL,,,,40,0,0,,,,,,,,,,T10031078,,,,
SYNTHLEI0000000H0008,FALSE,CL1031,NONE,,,MTCH,FALSE,2025-07-11T12:28:07.090547Z,DAVY,VFAR,2025-07-11T23:59:59.999999Z,2025-07-11T12:28:07.090547Z,,885,XMKT,DLTA,ZZ0000000104,2025-07-11T12:28:07.090547Z,100581,NEWO,S,STOP,3.1435,0,3.2151,0,0,EUR,,MONE,BUYI,ACTI,,,1500,1500,1500,,,,,,,,,,T10058197,,,,
SYNTHLEI0000000C0003,FALSE,CL1009,NONE,,,AOTC,FALSE,2025-07-11T12:29:33.847255Z,DAVY,VFAR,2025-07-11T23:59:59.999999Z,2025-07-11T12:29:33.847255Z,,886,XMKT,JULT,ZZ0000000110,2025-07-11T12:29:33.847255Z,100339,NEWO,L,LMTO,11.4093,0,0,0,0,EUR,,MONE,BUYI,ACTI,,,60,60,60,,,,,,,,,,T10033966,,,,
SYNTHLEI0000000A0001,TRUE,CL1005,NONE,,,MTCH,FALSE,2025-07-11T12:29:47.411011Z,DAVY,VFCR,2025-07-11T23:59:59.999999Z,2025-07-11T12:29:47.411011Z,,887,XMKT,ECHO,ZZ0000000105,2025-07-11T12:29:47.411011Z,100095,NEWO,L,LMTO,7.926,0,0,0,0,EUR,,MONE,SELL,ACTI,,,5,5,5,,,,,,,,,,T10009511,,,,
SYNTHLEI0000000D0004,FALSE,CL1039,NONE,,,AOTC,FALSE,2025-07-11T12:30:19.246390Z,DAVY,VFAR,2025-07-11T23:59:59.999999Z,2025-07-11T12:16:45.246390Z,,888,XMKT,FXTR,ZZ0000000106,2025-07-11T12:30:19.246390Z,100399,PARF,L,,,,,,3.1927,EUR,,MONE,BUYI,,,,,450,,550,,,,,PASV,,,,T10039953,,,,
SYNTHLEI0000000A0001,FALSE,CL1012,NONE,,,AOTC,FALSE,2025-07-11T12:30:35.595627Z,GTDV,VFAR,2025-07-11T23:59:59.999999Z,2025-07-11T12:30:35.595627Z,,889,XMKT,CHRL,ZZ0000000103,2025-07-11T12:30:35.595627Z,100044,NEWO,L,LMTO,16.2394,0,0,0,0,EUR,,MONE,BUYI,ACTI,,,200,200,200,,,,,,,,,,T10004452,,,,
SYNTHLEI0000000A0001,FALSE,CL1012,NONE,,,AOTC,FALSE,2025-07-11T12:31:14.595627Z,GTDV,VFAR,2025-07-11T23:59:59.999999Z,2025-07-11T12:31:14.595627Z,,890,XMKT,CHRL,ZZ0000000103,2025-07-11T12:31:14.595627Z,100044,REME,L,LMTO,16.2405,,,,,EUR,,MONE,BUYI,ACTI,,,200,200,200,,,,,,,,,,T10004452,,,,
SYNTHLEI0000000D0004,FALSE,NONE,NONE,,,MTCH,FALSE,2025-07-11T12:31:21.284767Z,DAVY,VFCR,2025-07-11T23:59:59.999999Z,2025-07-11T12:31:21.284767Z,,891,XMKT,BRVO,ZZ0000000102,2025-07-11T12:31:21.284767Z,100199,NEWO,L,LMTO,2.0878,0,0,0,0,EUR,,MONE,SELL,ACTI,,,500,500,500,,,,,,,,,,T10019966,,,,
SYNTHLEI0000000G0007,FALSE,CL1029,NONE,,,AOTC,FALSE,2025-07-11T12:32:04.095404Z,GTDV,VFAR,2025-07-11T23:59:59.999999Z,2025-07-11T12:32:04.095404Z,,892,XDRV,FTSE25T4900,ZV0000000201,2025-07-11T12:32:04.095404Z,100344,NEWO,L,LMTO,102.111,0,0,0,0,EUR,,MONE,BUYI,ACTI,,,5,5,5,,,,,,,,,,T10034450,,,,
SYNTHLEI0000000D0004,FALSE,CL1039,NONE,,,AOTC,FALSE,2025-07-11T12:32:14.246390Z,DAVY,VFAR,2025-07-11T23:59:59.999999Z,2025-07-11T12:16:45.246390Z,,893,XMKT,FXTR,ZZ0000000106,2025-07-11T12:32:14.246390Z,100399,FILL,L,,,,,,3.1927,EUR,,MONE,BUYI,,,,,0,,450,,,,,AGRE,,,,T10039953,,,,
SYNTHLEI0000000C0003,FALSE,CL1009,NONE,,,AOTC,FALSE,2025-07-11T12:32:38.847255Z,DAVY,VFAR,2025-07-11T23:59:59.999999Z,2025-07-11T12:29:33.847255Z,,894,XMKT,JULT,ZZ0000000110,2025-07-11T12:32:38.847255Z,100339,PARF,L,,,,,,11.4093,EUR,,MONE,BUYI,,,,,44,,16,,,,,AGRE,,,,T10033966,,,,
SYNTHLEI0000000C0003,FALSE,CL1026,NONE,,,MTCH,FALSE,2025-07-11T12:32:47.686580Z,DAVY,,2025-07-11T23:59:59.999999Z,2025-07-11T12:32:47.686580Z,,895,XMKT,JULT,ZZ0000000110,2025-07-11T12:32:47.686580Z,100601,NEWO,L,LMTO,11.4051,0,0,0,0,EUR,,MONE,SELL,ACTI,,,3000,3000,3000,,,,,,,,,,T10060194,,,,
SYNTHLEI0000000A0001,TRUE,CL1005,NONE,,,MTCH,FALSE,2025-07-11T12:32:57.411011Z,DAVY,VFCR,2025-07-11T23:59:59.999999Z,2025-07-11T12:29:47.411011Z,,896,XMKT,ECHO,ZZ0000000105,2025-07-11T12:32:57.411011Z,100095,FILL,L,,,,,,7.926,EUR,,MONE,SELL,,,,,0,,5,,,,,AGRE,,,,T10009511,,,,
SYNTHLEI0000000A0001,FALSE,CL1039,NONE,,,AOTC,FALSE,2025-07-11T12:33:15.095648Z,DAVY,VFCR,2025-07-11T23:59:59.999999Z,2025-07-11T12:33:15.095648Z,,897,XMKT,FXTR,ZZ0000000106,2025-07-11T12:33:15.095648Z,100603,REME,L,LMTO,3.1986,,,,,EUR,,MONE,SELL,ACTI,,,1000,1000,1000,,,,,,,,,,T10060334,,,,
SYNTHLEI0000000F0006,TRUE,CL1012,NONE,,,AOTC,FALSE,2025-07-11T12:33:32.424815Z,GTDV,VFAR,2025-07-11T23:59:59.999999Z,2025-07-11T12:33:32.424815Z,,898,XDRV,OPT25G15.00,ZV0000000202,2025-07-11T12:33:32.424815Z,100154,NEWO,L,LMTO,0.4561,0,0,0,0,EUR,,MONE,BUYI,ACTI,,,50,50,50,,,,,,,,,,T10015469,,,,
SYNTHLEI0000000B0002,FALSE,CL1016,NONE,,,AOTC,FALSE,2025-07-11T12:33:35.683839Z,DAVY,VFAR,2025-07-11T23:59:59.999999Z,2025-07-11T12:33:35.683839Z,,899,XMKT,CHRL,ZZ0000000103,2025-07-11T12:33:35.683839Z,100447,CAME,L,,,,,,,EUR,,MONE,SELL,,,,60,0,0,,,,,,,,,,T10044724,,,,
SYNTHLEI0000000H0008,FALSE,CL1006,NONE,,,DEAL,FALSE,2025-07-11T12:34:48.195483Z,DAVY,VFAR,2025-07-11T23:59:59.999999Z,2025-07-11T12:34:48.195483Z,,900,XMKT,GOLF,ZZ0000000107,2025-07-11T12:34:48.195483Z,100385,NEWO,L,LMTO,4.1534,0,0,0,0,EUR,,MONE,BUYI,ACTI,,,100,100,100,,,,,,,,,,T10038589,,,,
SYNTHLEI0000000H0008,FALSE,CL1031,NONE,,,MTCH,FALSE,2025-07-11T12:35:14.090547Z,DAVY,VFAR,2025-07-11T23:59:59.999999Z,2025-07-11T12:35:14.090547Z,,901,XMKT,DLTA,ZZ0000000104,2025-07-11T12:35:14.090547Z,100581,REME,S,STOP,3.1398,,,,,EUR,,MONE,BUYI,ACTI,,,1500,1500,1500,,,,,,,,,,T10058197,,,,
SYNTHLEI0000000H0008,FALSE,CL1006,NONE,,,DEAL,FALSE,2025-07-11T12:35:29.195483Z,DAVY,VFAR,2025-07-11T23:59:59.999999Z,2025-07-11T12:34:48.195483Z,,902,XMKT,GOLF,ZZ0000000107,2025-07-11T12:35:29.195483Z,100385,PARF,L,,,,,,4.1534,EUR,,MONE,BUYI,,,,,78,,22,,,,,AGRE,,,,T10038589,,,,
SYNTHLEI0000000H0008,FALSE,CL1006,NONE,,,DEAL,FALSE,2025-07-11T12:35:35.195483Z,DAVY,VFAR,2025-07-11T23:59:59.999999Z,2025-07-11T12:34:48.195483Z,,903,XMKT,GOLF,ZZ0000000107,2025-07-11T12:35:35.195483Z,100385,FILL,L,,,,,,4.1534,EUR,,MONE,BUYI,,,,,0,,78,,,,,AGRE,,,,T10038589,,,,
SYNTHLEI0000000G0007,FALSE,CL1029,NONE,,,AOTC,FALSE,2025-07-11T12:37:44.095404Z,GTDV,VFAR,2025-07-11T23:59:59.999999Z,2025-07-11T12:37:44.095404Z,,904,XDRV,FTSE25T4900,ZV0000000201,2025-07-11T12:37:44.095404Z,100344,CAME,L,,,,,,,EUR,,MONE,BUYI,,,,5,0,0,,,,,,,,,,T10034450,,,,
SYNTHLEI0000000D0004,FALSE,CL1009,NONE,,,AOTC,FALSE,2025-07-11T12:37:56.518543Z,FOKV,VFCR,9999-12-31T23:59:59.999999Z,2025-07-11T12:37:56.518543Z,,905,XMKT,GOLF,ZZ0000000107,2025-07-11T12:37:56.518543Z,100647,NEWO,L,LMTO,4.1534,0,0,0,0,EUR,,MONE,SELL,ACTI,,,100,100,100,,,,,,,,,,T10064773,,,,
SYNTHLEI0000000A0001,FALSE,CL1016,NONE,,,AOTC,FALSE,2025-07-11T12:38:10.395250Z,GTCV,VFAR,9999-12-31T23:59:59.999999Z,2025-07-11T12:38:10.395250Z,,906,XMKT,DLTA,ZZ0000000104,2025-07-11T12:38:10.395250Z,100402,NEWO,L,LMTO,3.1461,0,0,0,0,EUR,,MONE,BUYI,ACTI,,,20,20,20,,,,,,,,,,T10040235,,,,
SYNTHLEI0000000E0005,FALSE,CL1034,NONE,,,AOTC,FALSE,2025-07-11T12:39:37.664548Z,DAVY,VFCR,2025-07-11T23:59:59.999999Z,2025-07-11T12:39:37.664548Z,,907,XMKT,ECHO,ZZ0000000105,2025-07-11T12:39:37.664548Z,100306,NEWO,L,LMTO,7.9153,0,0,0,0,EUR,,MONE,BUYI,ACTI,,,150,150,150,,,,,,,,,,T10030610,,,,
SYNTHLEI0000000E0005,FALSE,CL1034,NONE,,,AOTC,FALSE,2025-07-11T12:39:39.604548Z,DAVY,VFCR,2025-07-11T23:59:59.999999Z,2025-07-11T12:39:39.604548Z,,908,XMKT,ECHO,ZZ0000000105,2025-07-11T12:39:39.604548Z,100306,REME,L,LMTO,7.9109,,,,,EUR,,MONE,BUYI,ACTI,,,150,150,150,,,,,,,,,,T10030610,,,,
SYNTHLEI0000000E0005,FALSE,CL1034,NONE,,,AOTC,FALSE,2025-07-11T12:39:43.643548Z,DAVY,VFCR,2025-07-11T23:59:59.999999Z,2025-07-11T12:39:43.643548Z,,909,XMKT,ECHO,ZZ0000000105,2025-07-11T12:39:43.643548Z,100306,CAME,L,LMTO,,,,,,EUR,,MONE,BUYI,,,,150,0,0,,,,,,,,,,T10030610,,,,
SYNTHLEI0000000H0008,FALSE,CL1031,NONE,,,MTCH,FALSE,2025-07-11T12:40:34.090547Z,DAVY,VFAR,2025-07-11T23:59:59.999999Z,2025-07-11T12:28:07.090547Z,,910,XMKT,DLTA,ZZ0000000104,2025-07-11T12:40:34.090547Z,100581,FILL,S,,,,,,3.1398,EUR,,MONE,BUYI,,,,,0,,1500,,,,,PASV,,,,T10058197,,,,
SYNTHLEI0000000F0006,TRUE,CL1012,NONE,,,AOTC,FALSE,2025-07-11T12:41:05.424815Z,GTDV,VFAR,2025-07-11T23:59:59.999999Z,2025-07-11T12:41:05.424815Z,,911,XDRV,OPT25G15.00,ZV0000000202,2025-07-11T12:41:05.424815Z,100154,REME,L,LMTO,0.456,,,,,EUR,,MONE,BUYI,ACTI,,,50,50,50,,,,,,,,,,T10015469,,,,
SYNTHLEI0000000D0004,FALSE,CL1009,NONE,,,MTCH,FALSE,2025-07-11T12:42:05.713830Z,DAVY,VFAR,2025-07-11T23:59:59.999999Z,2025-07-11T12:42:05.713830Z,,912,XMKT,DLTA,ZZ0000000104,2025-07-11T12:42:05.713830Z,100188,NEWO,L,LMTO,3.1414,0,0,0,0,EUR,,MONE,BUYI,ACTI,,,100,100,100,,,,,,,,,,T10018854,,,,
SYNTHLEI0000000C0003,FALSE,CL1009,NONE,,,AOTC,FALSE,2025-07-11T12:42:22.847255Z,DAVY,VFAR,2025-07-11T23:59:59.999999Z,2025-07-11T12:42:22.847255Z,,913,XMKT,JULT,ZZ0000000110,2025-07-11T12:42:22.847255Z,100339,CAME,L,,,,,,,EUR,,MONE,BUYI,,,,60,0,0,,,,,,,,,,T10033966,,,,
SYNTHLEI0000000H0008,TRUE,CL1000,NONE,,,DEAL,FALSE,2025-07-11T12:42:55.250160Z,DAVY,VFAR,2025-07-11T23:59:59.999999Z,2025-07-11T12:42:55.250160Z,,914,XMKT,ABLE,ZZ0000000101,2025-07-11T12:42:55.250160Z,100450,NEWO,L,LMTO,6.4997,0,0,0,0,EUR,,MONE,BUYI,ACTI,,,500,500,500,,,,,,,,,,T10045044,,,,
SYNTHLEI0000000D0004,FALSE,CL1009,NONE,,,AOTC,FALSE,2025-07-11T12:42:55.518543Z,FOKV,VFCR,9999-12-31T23:59:59.999999Z,2025-07-11T12:42:55.518543Z,,915,XMKT,GOLF,ZZ0000000107,2025-07-11T12:42:55.518543Z,100647,CAME,L,,,,,,,EUR,,MONE,SELL,,,,100,0,0,,,,,,,,,,T10064773,,,,
SYNTHLEI0000000D0004,FALSE,NONE,NONE,,,MTCH,FALSE,2025-07-11T12:43:11.284767Z,DAVY,VFCR,2025-07-11T23:59:59.999999Z,2025-07-11T12:43:11.284767Z,,916,XMKT,BRVO,ZZ0000000102,2025-07-11T12:43:11.284767Z,100199,CAME,L,,,,,,,EUR,,MONE,SELL,,,,500,0,0,,,,,,,,,,T10019966,,,,
SYNTHLEI0000000C0003,FALSE,CL1006,NONE,,,AOTC,FALSE,2025-07-11T12:43:20.867477Z,FOKV,VFAR,9999-12-31T23:59:59.999999Z,2025-07-11T12:43:20.867477Z,,917,XDRV,OPT25G15.00,ZV0000000202,2025-07-11T12:43:20.867477Z,100522,NEWO,L,LMTO,0.456,0,0,0,0,EUR,,MONE,BUYI,ACTI,,,10,10,10,,,,,,,,,,T10052243,,,,
SYNTHLEI0000000F0006,FALSE,NONE,ALGO1,,,DEAL,FALSE,2025-07-11T12:43:43.781973Z,DAVY,VFAR,2025-07-11T23:59:59.999999Z,2025-07-11T12:43:43.781973Z,,918,XMKT,HOTL,ZZ0000000108,2025-07-11T12:43:43.781973Z,100328,NEWO,L,LMTO,3.1825,0,0,0,0,EUR,,MONE,SELL,ACTI,,,3000,3000,3000,,,,,,,,,,T10032897,,,,
SYNTHLEI0000000D0004,FALSE,NONE,NONE,,,AOTC,FALSE,2025-07-11T12:44:06.812866Z,GTCV,VFCR,9999-12-31T23:59:59.999999Z,2025-07-11T12:44:06.812866Z,,919,XMKT,ECHO,ZZ0000000105,2025-07-11T12:44:06.812866Z,100092,NEWO,L,LMTO,7.9376,0,0,0,0,EUR,,MONE,BUYI,ACTI,,,20,20,20,,,,,,,,,,T10009291,,,,
SYNTHLEI0000000F0006,TRUE,CL1012,NONE,,,AOTC,FALSE,2025-07-11T12:44:29.424815Z,GTDV,VFAR,2025-07-11T23:59:59.999999Z,2025-07-11T12:33:32.424815Z,,920,XDRV,OPT25G15.00,ZV0000000202,2025-07-11T12:44:29.424815Z,100154,FILL,L,,,,,,0.456,EUR,,MONE,BUYI,,,,,0,,50,,,,,PASV,,,,T10015469,,,,
SYNTHLEI0000000D0004,FALSE,CL1011,NONE,,,AOTC,FALSE,2025-07-11T12:44:55.066799Z,IOCV,,9999-12-31T23:59:59.999999Z,2025-07-11T12:44:55.066799Z,,921,XMKT,DLTA,ZZ0000000104,2025-07-11T12:44:55.066799Z,100069,NEWO,L,LMTO,3.1444,0,0,0,0,EUR,,MONE,SELL,ACTI,,,5,5,5,,,,,,,,,,T10006956,,,,
SYNTHLEI0000000D0004,FALSE,NONE,ALGO1,,,DEAL,TRUE,2025-07-11T12:45:25.915015Z,IOCV,VFCR,9999-12-31T23:59:59.999999Z,2025-07-11T12:45:25.915015Z,,922,XMKT,INDX,ZZ0000000109,2025-07-11T12:45:25.915015Z,100391,NEWO,L,LMTO,0.4652,0,0,0,0,EUR,,MONE,BUYI,ACTI,,,1000,1000,1000,,,,,,,,,,T10039169,,,,
SYNTHLEI0000000B0002,FALSE,CL1020,NONE,,,AOTC,FALSE,2025-07-11T12:45:31.978962Z,DAVY,VFAR,2025-07-11T23:59:59.999999Z,2025-07-11T12:45:31.978962Z,,923,XMKT,DLTA,ZZ0000000104,2025-07-11T12:45:31.978962Z,100515,NEWO,L,LMTO,3.1355,0,0,0,0,EUR,,MONE,SELL,ACTI,,,1500,1500,1500,,,,,,,,,,T10051565,,,,
SYNTHLEI0000000F0006,FALSE,NONE,ALGO1,,,DEAL,FALSE,2025-07-11T12:45:55.781973Z,DAVY,VFAR,2025-07-11T23:59:59.999999Z,2025-07-11T12:43:43.781973Z,,924,XMKT,HOTL,ZZ0000000108,2025-07-11T12:45:55.781973Z,100328,PARF,L,,,,,,3.1825,EUR,,MONE,SELL,,,,,2166,,834,,,,,PASV,,,,T10032897,,,,
SYNTHLEI0000000D0004,FALSE,NONE,NONE,,,AOTC,FALSE,2025-07-11T12:46:06.812866Z,GTCV,VFCR,9999-12-31T23:59:59.999999Z,2025-07-11T12:44:06.812866Z,,925,XMKT,ECHO,ZZ0000000105,2025-07-11T12:46:06.812866Z,100092,PARF,L,,,,,,7.9376,EUR,,MONE,BUYI,,,,,14,,6,,,,,AGRE,,,,T10009291,,,,
SYNTHLEI0000000B0002,FALSE,CL1020,NONE,,,AOTC,FALSE,2025-07-11T12:47:39.978962Z,DAVY,VFAR,2025-07-11T23:59:59.999999Z,2025-07-11T12:45:31.978962Z,,926,XMKT,DLTA,ZZ0000000104,2025-07-11T12:47:39.978962Z,100515,PARF,L,,,,,,3.1355,EUR,,MONE,SELL,,,,,818,,682,,,,,PASV,,,,T10051565,,,,
SYNTHLEI0000000C0003,TRUE,NONE,ALGO1,,,AOTC,FALSE,2025-07-11T12:48:19.680764Z,GTCV,VFAR,9999-12-31T23:59:59.999999Z,2025-07-11T12:48:19.680764Z,,927,XMKT,INDX,ZZ0000000109,2025-07-11T12:48:19.680764Z,100073,NEWO,L,LMTO,0.4623,0,0,0,0,EUR,,MONE,BUYI,ACTI,,,1000,1000,1000,,,,,,,,,,T10007328,,,,
SYNTHLEI0000000D0004,FALSE,CL1009,NONE,,,MTCH,FALSE,2025-07-11T12:48:47.713830Z,DAVY,VFAR,2025-07-11T23:59:59.999999Z,2025-07-11T12:48:47.713830Z,,928,XMKT,DLTA,ZZ0000000104,2025-07-11T12:48:47.713830Z,100188,CAME,L,,,,,,,EUR,,MONE,BUYI,,,,100,0,0,,,,,,,,,,T10018854,,,,
SYNTHLEI0000000D0004,FALSE,CL1008,NONE,,,DEAL,TRUE,2025-07-11T12:49:07.984506Z,DAVY,VFAR,2025-07-11T23:59:59.999999Z,2025-07-11T12:49:07.984506Z,,929,XMKT,DLTA,ZZ0000000104,2025-07-11T12:49:07.984506Z,100332,NEWO,L,LMTO,3.136,0,0,0,0,EUR,,MONE,BUYI,ACTI,,,5,5,5,,,,,,,,,,T10033221,,,,
SYNTHLEI0000000D0004,FALSE,NONE,ALGO1,,,DEAL,TRUE,2025-07-11T12:49:38.915015Z,IOCV,VFCR,9999-12-31T23:59:59.999999Z,2025-07-11T12:45:25.915015Z,,930,XMKT,INDX,ZZ0000000109,2025-07-11T12:49:38.915015Z,100391,FILL,L,,,,,,0.4652,EUR,,MONE,BUYI,,,,,0,,1000,,,,,PASV,,,,T10039169,,,,
SYNTHLEI0000000B0002,FALSE,CL1020,NONE,,,MTCH,FALSE,2025-07-11T12:49:42.378036Z,DAVY,VFCR,2025-07-11T23:59:59.999999Z,2025-07-11T12:49:42.378036Z,,931,XMKT,BRVO,ZZ0000000102,2025-07-11T12:49:42.378036Z,100489,NEWO,L,LMTO,2.0835,0,0,0,0,EUR,,MONE,BUYI,ACTI,,,3000,3000,3000,,,,,,,,,,T10048958,,,,
SYNTHLEI0000000H0008,FALSE,CL1026,NONE,,,AOTC,FALSE,2025-07-11T12:49:46.553355Z,GTDV,,2025-07-11T23:59:59.999999Z,2025-07-11T12:49:46.553355Z,,932,XMKT,ECHO,ZZ0000000105,2025-07-11T12:49:46.553355Z,100108,NEWO,L,LMTO,7.9217,0,0,0,0,EUR,,MONE,SELL,ACTI,,,3000,3000,3000,,,,,,,,,,T10010821,,,,
SYNTHLEI0000000D0004,FALSE,NONE,NONE,,,AOTC,FALSE,2025-07-11T12:49:58.812866Z,GTCV,VFCR,9999-12-31T23:59:59.999999Z,2025-07-11T12:44:06.812866Z,,933,XMKT,ECHO,ZZ0000000105,2025-07-11T12:49:58.812866Z,100092,PARF,L,,,,,,7.9376,EUR,,MONE,BUYI,,,,,7,,7,,,,,AGRE,,,,T10009291,,,,
SYNTHLEI0000000C0003,FALSE,CL1006,NONE,,,AOTC,FALSE,2025-07-11T12:50:00.867477Z,FOKV,VFAR,9999-12-31T23:59:59.999999Z,2025-07-11T12:43:20.867477Z,,934,XDRV,OPT25G15.00,ZV0000000202,2025-07-11T12:50:00.867477Z,100522,PARF,L,,,,,,0.456,EUR,,MONE,BUYI,,,,,8,,2,,,,,PASV,,,,T10052243,,,,
SYNTHLEI0000000H0008,FALSE,CL1026,NONE,,,AOTC,FALSE,2025-07-11T12:50:45.553355Z,GTDV,,2025-07-11T23:59:59.999999Z,2025-07-11T12:50:45.553355Z,,935,XMKT,ECHO,ZZ0000000105,2025-07-11T12:50:45.553355Z,100108,REME,L,LMTO,7.9194,,,,,EUR,,MONE,SELL,ACTI,,,3000,3000,3000,,,,,,,,,,T10010821,,,,
SYNTHLEI0000000D0004,FALSE,CL1008,NONE,,,DEAL,TRUE,2025-07-11T12:50:53.984506Z,DAVY,VFAR,2025-07-11T23:59:59.999999Z,2025-07-11T12:49:07.984506Z,,936,XMKT,DLTA,ZZ0000000104,2025-07-11T12:50:53.984506Z,100332,PARF,L,,,,,,3.136,EUR,,MONE,BUYI,,,,,4,,1,,,,,AGRE,,,,T10033221,,,,
SYNTHLEI0000000B0002,FALSE,CL1020,NONE,,,MTCH,FALSE,2025-07-11T12:51:09.378036Z,DAVY,VFCR,2025-07-11T23:59:59.999999Z,2025-07-11T12:49:42.378036Z,,937,XMKT,BRVO,ZZ0000000102,2025-07-11T12:51:09.378036Z,100489,FILL,L,,,,,,2.0835,EUR,,MONE,BUYI,,,,,0,,3000,,,,,PASV,,,,T10048958,,,,
SYNTHLEI0000000B0002,FALSE,CL1020,NONE,,,AOTC,FALSE,2025-07-11T12:51:16.978962Z,DAVY,VFAR,2025-07-11T23:59:59.999999Z,2025-07-11T12:45:31.978962Z,,938,XMKT,DLTA,ZZ0000000104,2025-07-11T12:51:16.978962Z,100515,FILL,L,,,,,,3.1355,EUR,,MONE,SELL,,,,,0,,818,,,,,AGRE,,,,T10051565,,,,
SYNTHLEI0000000F0006,FALSE,NONE,ALGO1,,,DEAL,FALSE,2025-07-11T12:51:34.781973Z,DAVY,VFAR,2025-07-11T23:59:59.999999Z,2025-07-11T12:51:34.781973Z,,939,XMKT,HOTL,ZZ0000000108,2025-07-11T12:51:34.781973Z,100328,CAME,L,,,,,,,EUR,,MONE,SELL,,,,3000,0,0,,,,,,,,,,T10032897,,,,
SYNTHLEI0000000C0003,FALSE,CL1006,NONE,,,AOTC,FALSE,2025-07-11T12:52:08.867477Z,FOKV,VFAR,9999-12-31T23:59:59.999999Z,2025-07-11T12:43:20.867477Z,,940,XDRV,OPT25G15.00,ZV0000000202,2025-07-11T12:52:08.867477Z,100522,FILL,L,,,,,,0.456,EUR,,MONE,BUYI,,,,,0,,8,,,,,AGRE,,,,T10052243,,,,
SYNTHLEI0000000D0004,FALSE,NONE,NONE,,,AOTC,FALSE,2025-07-11T12:52:55.812866Z,GTCV,VFCR,9999-12-31T23:59:59.999999Z,2025-07-11T12:44:06.812866Z,,941,XMKT,ECHO,ZZ0000000105,2025-07-11T12:52:55.812866Z,100092,FILL,L,,,,,,7.9376,EUR,,MONE,BUYI,,,,,0,,7,,,,,PASV,,,,T10009291,,,,
SYNTHLEI0000000H0008,FALSE,CL1029,NONE,,,AOTC,FALSE,2025-07-11T12:53:29.250671Z,DAVY,VFAR,2025-07-11T23:59:59.999999Z,2025-07-11T12:53:29.250671Z,,942,XMKT,ABLE,ZZ0000000101,2025-07-11T12:53:29.250671Z,100298,NEWO,L,LMTO,6.5115,0,0,0,0,EUR,,MONE,BUYI,ACTI,,,200,200,200,,,,,,,,,,T10029818,,,,
SYNTHLEI0000000D0004,FALSE,CL1011,NONE,,,AOTC,FALSE,2025-07-11T12:53:55.066799Z,IOCV,,9999-12-31T23:59:59.999999Z,2025-07-11T12:53:55.066799Z,,943,XMKT,DLTA,ZZ0000000104,2025-07-11T12:53:55.066799Z,100069,REME,L,LMTO,3.1436,,,,,EUR,,MONE,SELL,ACTI,,,5,5,5,,,,,,,,,,T10006956,,,,
SYNTHLEI0000000C0003,FALSE,CL1026,NONE,,,MTCH,FALSE,2025-07-11T12:54:24.686580Z,DAVY,,2025-07-11T23:59:59.999999Z,2025-07-11T12:54:24.686580Z,,944,XMKT,JULT,ZZ0000000110,2025-07-11T12:54:24.686580Z,100601,CAME,L,,,,,,,EUR,,MONE,SELL,,,,3000,0,0,,,,,,,,,,T10060194,,,,
SYNTHLEI0000000C0003,FALSE,NONE,NONE,,,AOTC,FALSE,2025-07-11T12:54:40.874764Z,DAVY,VFCR,2025-07-11T23:59:59.999999Z,2025-07-11T12:54:40.874764Z,,945,XMKT,HOTL,ZZ0000000108,2025-07-11T12:54:40.874764Z,100149,NEWO,L,LMTO,3.1862,0,0,0,0,EUR,,MONE,SELL,ACTI,,,5,5,5,,,,,,,,,,T10014981,,,,
SYNTHLEI0000000B0002,FALSE,CL1031,NONE,,,AOTC,FALSE,2025-07-11T12:55:17.254514Z,DAVY,VFAR,2025-07-11T23:59:59.999999Z,2025-07-11T12:55:17.254514Z,,946,XMKT,GOLF,ZZ0000000107,2025-07-11T12:55:17.254514Z,100190,NEWO,L,LMTO,4.1652,0,0,0,0,EUR,,MONE,SELL,ACTI,,,20,20,20,,,,,,,,,,T10019044,,,,
SYNTHLEI0000000C0003,FALSE,NONE,NONE,,,AOTC,FALSE,2025-07-11T12:56:59.874764Z,DAVY,VFCR,2025-07-11T23:59:59.999999Z,2025-07-11T12:54:40.874764Z,,947,XMKT,HOTL,ZZ0000000108,2025-07-11T12:56:59.874764Z,100149,FILL,L,,,,,,3.1862,EUR,,MONE,SELL,,,,,0,,5,,,,,AGRE,,,,T10014981,,,,
SYNTHLEI0000000D0004,FALSE,CL1014,NONE,,,MTCH,FALSE,2025-07-11T12:56:59.892067Z,GTCV,VFCR,9999-12-31T23:59:59.999999Z,2025-07-11T12:56:59.892067Z,,948,XMKT,FXTR,ZZ0000000106,2025-07-11T12:56:59.892067Z,100357,NEWO,L,LMTO,3.1867,0,0,0,0,EUR,,MONE,SELL,ACTI,,,100,100,100,,,,,,,,,,T10035737,,,,
SYNTHLEI0000000D0004,FALSE,CL1008,NONE,,,DEAL,TRUE,2025-07-11T12:57:06.984506Z,DAVY,VFAR,2025-07-11T23:59:59.999999Z,2025-07-11T12:57:06.984506Z,,949,XMKT,DLTA,ZZ0000000104,2025-07-11T12:57:06.984506Z,100332,CAME,L,,,,,,,EUR,,MONE,BUYI,,,,5,0,0,,,,,,,,,,T10033221,,,,
SYNTHLEI0000000A0001,FALSE,CL1012,NONE,,,AOTC,FALSE,2025-07-11T12:58:08.595627Z,GTDV,VFAR,2025-07-11T23:59:59.999999Z,2025-07-11T12:58:08.595627Z,,950,XMKT,CHRL,ZZ0000000103,2025-07-11T12:58:08.595627Z,100044,CAME,L,,,,,,,EUR,,MONE,BUYI,,,,200,0,0,,,,,,,,,,T10004452,,,,
SYNTHLEI0000000H0008,FALSE,CL1024,NONE,,,AOTC,FALSE,2025-07-11T12:59:15.676772Z,DAVY,VFAR,2025-07-11T23:59:59.999999Z,2025-07-11T12:59:15.676772Z,,951,XMKT,HOTL,ZZ0000000108,2025-07-11T12:59:15.676772Z,100315,NEWO,L,LMTO,3.1802,0,0,0,0,EUR,,MONE,SELL,ACTI,,,100,100,100,,,,,,,,,,T10031595,,,,
SYNTHLEI0000000H0008,TRUE,CL1000,NONE,,,DEAL,FALSE,2025-07-11T12:59:49.250160Z,DAVY,VFAR,2025-07-11T23:59:59.999999Z,2025-07-11T12:59:49.250160Z,,952,XMKT,ABLE,ZZ0000000101,2025-07-11T12:59:49.250160Z,100450,CAME,L,,,,,,,EUR,,MONE,BUYI,,,,500,0,0,,,,,,,,,,T10045044,,,,
SYNTHLEI0000000D0004,FALSE,CL1011,NONE,,,AOTC,FALSE,2025-07-11T13:00:12.066799Z,IOCV,,9999-12-31T23:59:59.999999Z,2025-07-11T12:44:55.066799Z,,953,XMKT,DLTA,ZZ0000000104,2025-07-11T13:00:12.066799Z,100069,FILL,L,,,,,,3.1436,EUR,,MONE,SELL,,,,,0,,5,,,,,AGRE,,,,T10006956,,,,
SYNTHLEI0000000A0001,FALSE,CL1039,NONE,,,AOTC,FALSE,2025-07-11T13:01:19.095648Z,DAVY,VFCR,2025-07-11T23:59:59.999999Z,2025-07-11T13:01:19.095648Z,,954,XMKT,FXTR,ZZ0000000106,2025-07-11T13:01:19.095648Z,100603,CAME,L,,,,,,,EUR,,MONE,SELL,,,,1000,0,0,,,,,,,,,,T10060334,,,,
SYNTHLEI0000000D0004,FALSE,NONE,ALGO1,,,MTCH,FALSE,2025-07-11T13:04:47.847212Z,DAVY,VFCR,2025-07-11T23:59:59.999999Z,2025-07-11T13:04:47.847212Z,,955,XMKT,ABLE,ZZ0000000101,2025-07-11T13:04:47.847212Z,100163,NEWO,S,STOP,6.5182,0,6.3549,0,0,EUR,,MONE,SELL,ACTI,,,150,150,150,,,,,,,,,,T10016343,,,,
SYNTHLEI0000000D0004,FALSE,CL1014,NONE,,,MTCH,FALSE,2025-07-11T13:05:21.892067Z,GTCV,VFCR,9999-12-31T23:59:59.999999Z,2025-07-11T13:05:21.892067Z,,956,XMKT,FXTR,ZZ0000000106,2025-07-11T13:05:21.892067Z,100357,REME,L,LMTO,3.1894,,,,,EUR,,MONE,SELL,ACTI,,,100,100,100,,,,,,,,,,T10035737,,,,
SYNTHLEI0000000C0003,TRUE,NONE,ALGO1,,,AOTC,FALSE,2025-07-11T13:05:48.680764Z,GTCV,VFAR,9999-12-31T23:59:59.999999Z,2025-07-11T13:05:48.680764Z,,957,XMKT,INDX,ZZ0000000109,2025-07-11T13:05:48.680764Z,100073,CAME,L,,,,,,,EUR,,MONE,BUYI,,,,1000,0,0,,,,,,,,,,T10007328,,,,
SYNTHLEI0000000B0002,FALSE,CL1031,NONE,,,AOTC,FALSE,2025-07-11T13:06:40.254514Z,DAVY,VFAR,2025-07-11T23:59:59.999999Z,2025-07-11T13:06:40.254514Z,,958,XMKT,GOLF,ZZ0000000107,2025-07-11T13:06:40.254514Z,100190,CAME,L,,,,,,,EUR,,MONE,SELL,,,,20,0,0,,,,,,,,,,T10019044,,,,
SYNTHLEI0000000D0004,FALSE,NONE,ALGO1,,,MTCH,FALSE,2025-07-11T13:07:03.847212Z,DAVY,VFCR,2025-07-11T23:59:59.999999Z,2025-07-11T13:04:47.847212Z,,959,XMKT,ABLE,ZZ0000000101,2025-07-11T13:07:03.847212Z,100163,FILL,S,,,,,,6.5182,EUR,,MONE,SELL,,,,,0,,150,,,,,PASV,,,,T10016343,,,,
SYNTHLEI0000000H0008,FALSE,NONE,NONE,,,AOTC,FALSE,2025-07-11T13:08:05.360396Z,DAVY,VFAR,2025-07-11T23:59:59.999999Z,2025-07-11T13:08:05.360396Z,,960,XMKT,ABLE,ZZ0000000101,2025-07-11T13:08:05.360396Z,100028,NEWO,L,LMTO,6.4893,0,0,0,0,EUR,,MONE,BUYI,ACTI,,,40,40,40,,,,,,,,,,T10002873,,,,
SYNTHLEI0000000A0001,FALSE,CL1028,NONE,,,AOTC,FALSE,2025-07-11T13:08:22.909322Z,DAVY,VFAR,2025-07-11T23:59:59.999999Z,2025-07-11T13:08:22.909322Z,,961,XDRV,OPT25G15.00,ZV0000000202,2025-07-11T13:08:22.909322Z,100418,NEWO,L,LMTO,0.4563,0,0,0,0,EUR,,MONE,BUYI,ACTI,,,20,20,20,,,,,,,,,,T10041849,,,,
SYNTHLEI0000000H0008,FALSE,NONE,NONE,,,AOTC,FALSE,2025-07-11T13:09:07.188483Z,GTDV,VFCR,2025-07-11T23:59:59.999999Z,2025-07-11T13:09:07.188483Z,,962,XMKT,BRVO,ZZ0000000102,2025-07-11T13:09:07.188483Z,100187,NEWO,L,LMTO,2.0836,0,0,0,0,EUR,,MONE,SELL,ACTI,,,1500,1500,1500,,,,,,,,,,T10018776,,,,
SYNTHLEI0000000D0004,FALSE,CL1014,NONE,,,MTCH,FALSE,2025-07-11T13:09:18.892067Z,GTCV,VFCR,9999-12-31T23:59:59.999999Z,2025-07-11T12:56:59.892067Z,,963,XMKT,FXTR,ZZ0000000106,2025-07-11T13:09:18.892067Z,100357,PARF,L,,,,,,3.1894,EUR,,MONE,SELL,,,,,63,,37,,,,,PASV,,,,T10035737,,,,
SYNTHLEI0000000G0007,FALSE,CL1028,NONE,,,DEAL,TRUE,2025-07-11T13:09:30.244929Z,GTDV,VFCR,2025-07-11T23:59:59.999999Z,2025-07-11T13:09:30.244929Z,,964,XMKT,BRVO,ZZ0000000102,2025-07-11T13:09:30.244929Z,100089,NEWO,L,LMTO,2.1502,0,0,0,0,EUR,,MONE,BUYI,ACTI,,,1500,1500,1500,,,,,,,,,,T10008990,,,,
SYNTHLEI0000000H0008,FALSE,NONE,NONE,,,AOTC,FALSE,2025-07-11T13:10:39.360396Z,DAVY,VFAR,2025-07-11T23:59:59.999999Z,2025-07-11T13:10:39.360396Z,,965,XMKT,ABLE,ZZ0000000101,2025-07-11T13:10:39.360396Z,100028,CAME,L,,,,,,,EUR,,MONE,BUYI,,,,40,0,0,,,,,,,,,,T10002873,,,,
SYNTHLEI0000000D0004,FALSE,CL1014,NONE,,,MTCH,FALSE,2025-07-11T13:12:03.892067Z,GTCV,VFCR,9999-12-31T23:59:59.999999Z,2025-07-11T13:12:03.892067Z,,966,XMKT,FXTR,ZZ0000000106,2025-07-11T13:12:03.892067Z,100357,CAME,L,,,,,,,EUR,,MONE,SELL,,,,100,0,0,,,,,,,,,,T10035737,,,,
SYNTHLEI0000000H0008,FALSE,NONE,NONE,,,AOTC,FALSE,2025-07-11T13:12:16.188483Z,GTDV,VFCR,2025-07-11T23:59:59.999999Z,2025-07-11T13:09:07.188483Z,,967,XMKT,BRVO,ZZ0000000102,2025-07-11T13:12:16.188483Z,100187,PARF,L,,,,,,2.0836,EUR,,MONE,SELL,,,,,943,,557,,,,,PASV,,,,T10018776,,,,
SYNTHLEI0000000H0008,FALSE,NONE,ALGOPT,,,DEAL,TRUE,2025-07-11T13:13:44.594054Z,GTCV,,9999-12-31T23:59:59.999999Z,2025-07-11T13:13:44.594054Z,,968,XMKT,BRVO,ZZ0000000102,2025-07-11T13:13:44.594054Z,100297,NEWO,L,LMTO,2.0869,0,0,0,0,EUR,,MONE,SELL,ACTI,,,200,200,200,,,,,,,,,,T10029764,,,,
SYNTHLEI0000000H0008,FALSE,CL1029,NONE,,,AOTC,FALSE,2025-07-11T13:14:40.250671Z,DAVY,VFAR,2025-07-11T23:59:59.999999Z,2025-07-11T13:14:40.250671Z,,969,XMKT,ABLE,ZZ0000000101,2025-07-11T13:14:40.250671Z,100298,CAME,L,,,,,,,EUR,,MONE,BUYI,,,,200,0,0,,,,,,,,,,T10029818,,,,
SYNTHLEI0000000H0008,FALSE,CL1035,NONE,,,AOTC,FALSE,2025-07-11T13:16:15.070349Z,GTDV,VFAR,2025-07-11T23:59:59.999999Z,2025-07-11T13:16:15.070349Z,,970,XMKT,DLTA,ZZ0000000104,2025-07-11T13:16:15.070349Z,100349,NEWO,L,LMTO,3.1377,0,0,0,0,EUR,,MONE,BUYI,ACTI,,,1000,1000,1000,,,,,,,,,,T10034955,,,,
SYNTHLEI0000000F0006,FALSE,CL1032,NONE,,,AOTC,FALSE,2025-07-11T13:17:23.717093Z,GTCV,,9999-12-31T23:59:59.999999Z,2025-07-11T13:17:23.717093Z,,971,XMKT,DLTA,ZZ0000000104,2025-07-11T13:17:23.717093Z,100587,NEWO,L,LMTO,3.1332,0,0,0,0,EUR,,MONE,BUYI,ACTI,,,200,200,200,,,,,,,,,,T10058717,,,,
SYNTHLEI0000000F0006,FALSE,CL1032,NONE,,,AOTC,FALSE,2025-07-11T13:17:24.394093Z,GTCV,,9999-12-31T23:59:59.999999Z,2025-07-11T13:17:23.717093Z,,972,XMKT,DLTA,ZZ0000000104,2025-07-11T13:17:24.394093Z,100587,CAME,L,LMTO,,,,,,EUR,,MONE,BUYI,,,,200,0,0,,,,,,,,,,T10058717,,,,
SYNTHLEI0000000A0001,FALSE,CL1007,NONE,,,AOTC,FALSE,2025-07-11T13:17:37.058646Z,DAVY,VFCR,2025-07-11T23:59:59.999999Z,2025-07-11T13:17:37.058646Z,,973,XMKT,INDX,ZZ0000000109,2025-07-11T13:17:37.058646Z,100122,NEWO,L,LMTO,0.4647,0,0,0,0,EUR,,MONE,SELL,ACTI,,,5,5,5,,,,,,,,,,T10012284,,,,
SYNTHLEI0000000H0008,FALSE,NONE,NONE,,,AOTC,FALSE,2025-07-11T13:18:07.188483Z,GTDV,VFCR,2025-07-11T23:59:59.999999Z,2025-07-11T13:18:07.188483Z,,974,XMKT,BRVO,ZZ0000000102,2025-07-11T13:18:07.188483Z,100187,CAME,L,,,,,,,EUR,,MONE,SELL,,,,1500,0,0,,,,,,,,,,T10018776,,,,
SYNTHLEI0000000H0008,FALSE,CL1035,NONE,,,AOTC,FALSE,2025-07-11T13:19:50.070349Z,GTDV,VFAR,2025-07-11T23:59:59.999999Z,2025-07-11T13:16:15.070349Z,,975,XMKT,DLTA,ZZ0000000104,2025-07-11T13:19:50.070349Z,100349,PARF,L,,,,,,3.1377,EUR,,MONE,BUYI,,,,,575,,425,,,,,AGRE,,,,T10034955,,,,
SYNTHLEI0000000H0008,FALSE,CL1035,NONE,,,AOTC,FALSE,2025-07-11T13:20:13.070349Z,GTDV,VFAR,2025-07-11T23:59:59.999999Z,2025-07-11T13:16:15.070349Z,,976,XMKT,DLTA,ZZ0000000104,2025-07-11T13:20:13.070349Z,100349,FILL,L,,,,,,3.1377,EUR,,MONE,BUYI,,,,,0,,575,,,,,AGRE,,,,T10034955,,,,
SYNTHLEI0000000A0001,FALSE,CL1007,NONE,,,AOTC,FALSE,2025-07-11T13:21:53.058646Z,DAVY,VFCR,2025-07-11T23:59:59.999999Z,2025-07-11T13:17:37.058646Z,,977,XMKT,INDX,ZZ0000000109,2025-07-11T13:21:53.058646Z,100122,PARF,L,,,,,,0.4647,EUR,,MONE,SELL,,,,,4,,1,,,,,PASV,,,,T10012284,,,,
SYNTHLEI0000000H0008,FALSE,NONE,ALGO1,,,DEAL,FALSE,2025-07-11T13:23:07.667080Z,DAVY,VFCR,2025-07-11T23:59:59.999999Z,2025-07-11T13:23:07.667080Z,,978,XMKT,JULT,ZZ0000000110,2025-07-11T13:23:07.667080Z,100257,NEWO,L,LMTO,11.3834,0,0,0,0,EUR,,MONE,SELL,ACTI,,,3000,3000,3000,,,,,,,,,,T10025792,,,,
SYNTHLEI0000000H0008,FALSE,NONE,ALGOPT,,,AOTC,FALSE,2025-07-11T13:24:53.241694Z,DAVY,VFAR,2025-07-11T23:59:59.999999Z,2025-07-11T13:24:53.241694Z,,979,XMKT,CHRL,ZZ0000000103,2025-07-11T13:24:53.241694Z,100480,NEWO,L,LMTO,16.2052,0,0,0,0,EUR,,MONE,SELL,ACTI,,,100,100,100,,,,,,,,,,T10048081,,,,
SYNTHLEI0000000D0004,FALSE,NONE,ALGO1,,,AOTC,FALSE,2025-07-11T13:25:10.172992Z,DAVY,VFCR,2025-07-11T23:59:59.999999Z,2025-07-11T13:25:10.172992Z,,980,XMKT,HOTL,ZZ0000000108,2025-07-11T13:25:10.172992Z,100532,NEWO,L,LMTO,3.1775,0,0,0,0,EUR,,MONE,SELL,ACTI,,,150,150,150,,,,,,,,,,T10053277,,,,
SYNTHLEI0000000A0001,FALSE,CL1007,NONE,,,AOTC,FALSE,2025-07-11T13:25:42.058646Z,DAVY,VFCR,2025-07-11T23:59:59.999999Z,2025-07-11T13:17:37.058646Z,,981,XMKT,INDX,ZZ0000000109,2025-07-11T13:25:42.058646Z,100122,FILL,L,,,,,,0.4647,EUR,,MONE,SELL,,,,,0,,4,,,,,AGRE,,,,T10012284,,,,
SYNTHLEI0000000H0008,FALSE,NONE,ALGOPT,,,AOTC,FALSE,2025-07-11T13:28:08.241694Z,DAVY,VFAR,2025-07-11T23:59:59.999999Z,2025-07-11T13:24:53.241694Z,,982,XMKT,CHRL,ZZ0000000103,2025-07-11T13:28:08.241694Z,100480,PARF,L,,,,,,16.2052,EUR,,MONE,SELL,,,,,81,,19,,,,,AGRE,,,,T10048081,,,,
SYNTHLEI0000000H0008,FALSE,CL1024,NONE,,,AOTC,FALSE,2025-07-11T13:28:11.676772Z,DAVY,VFAR,2025-07-11T23:59:59.999999Z,2025-07-11T13:28:11.676772Z,,983,XMKT,HOTL,ZZ0000000108,2025-07-11T13:28:11.676772Z,100315,CAME,L,,,,,,,EUR,,MONE,SELL,,,,100,0,0,,,,,,,,,,T10031595,,,,
SYNTHLEI0000000E0005,FALSE,CL1011,NONE,,,AOTC,FALSE,2025-07-11T13:28:15.347041Z,DAVY,VFAR,2025-07-11T23:59:59.999999Z,2025-07-11T13:28:15.347041Z,,984,XMKT,JULT,ZZ0000000110,2025-07-11T13:28:15.347041Z,100007,NEWO,L,LMTO,11.4195,0,0,0,0,EUR,,MONE,BUYI,ACTI,,,100,100,100,,,,,,,,,,T10000794,,,,
SYNTHLEI0000000E0005,FALSE,CL1011,NONE,,,AOTC,FALSE,2025-07-11T13:28:17.940041Z,DAVY,VFAR,2025-07-11T23:59:59.999999Z,2025-07-11T13:28:17.940041Z,,985,XMKT,JULT,ZZ0000000110,2025-07-11T13:28:17.940041Z,100007,REME,L,LMTO,11.4267,,,,,EUR,,MONE,BUYI,ACTI,,,100,100,100,,,,,,,,,,T10000794,,,,
SYNTHLEI0000000E0005,FALSE,CL1011,NONE,,,AOTC,FALSE,2025-07-11T13:28:21.923041Z,DAVY,VFAR,2025-07-11T23:59:59.999999Z,2025-07-11T13:28:21.923041Z,,986,XMKT,JULT,ZZ0000000110,2025-07-11T13:28:21.923041Z,100007,REME,L,LMTO,11.417,,,,,EUR,,MONE,BUYI,ACTI,,,100,100,100,,,,,,,,,,T10000794,,,,
SYNTHLEI0000000E0005,FALSE,CL1011,NONE,,,AOTC,FALSE,2025-07-11T13:28:22.196041Z,DAVY,VFAR,2025-07-11T23:59:59.999999Z,2025-07-11T13:28:22.196041Z,,987,XMKT,JULT,ZZ0000000110,2025-07-11T13:28:22.196041Z,100007,REME,L,LMTO,11.4142,,,,,EUR,,MONE,BUYI,ACTI,,,100,100,100,,,,,,,,,,T10000794,,,,
SYNTHLEI0000000E0005,FALSE,CL1011,NONE,,,AOTC,FALSE,2025-07-11T13:28:24.950041Z,DAVY,VFAR,2025-07-11T23:59:59.999999Z,2025-07-11T13:28:24.950041Z,,988,XMKT,JULT,ZZ0000000110,2025-07-11T13:28:24.950041Z,100007,CAME,L,LMTO,,,,,,EUR,,MONE,BUYI,,,,100,0,0,,,,,,,,,,T10000794,,,,
SYNTHLEI0000000D0004,FALSE,NONE,ALGO1,,,AOTC,FALSE,2025-07-11T13:28:54.172992Z,DAVY,VFCR,2025-07-11T23:59:59.999999Z,2025-07-11T13:28:54.172992Z,,989,XMKT,HOTL,ZZ0000000108,2025-07-11T13:28:54.172992Z,100532,REME,L,LMTO,3.1762,,,,,EUR,,MONE,SELL,ACTI,,,150,150,150,,,,,,,,,,T10053277,,,,
SYNTHLEI0000000G0007,FALSE,CL1028,NONE,,,DEAL,TRUE,2025-07-11T13:29:09.244929Z,GTDV,VFCR,2025-07-11T23:59:59.999999Z,2025-07-11T13:29:09.244929Z,,990,XMKT,BRVO,ZZ0000000102,2025-07-11T13:29:09.244929Z,100089,CAME,L,,,,,,,EUR,,MONE,BUYI,,,,1500,0,0,,,,,,,,,,T10008990,,,,
SYNTHLEI0000000D0004,FALSE,NONE,ALGO1,,,AOTC,FALSE,2025-07-11T13:29:14.172992Z,DAVY,VFCR,2025-07-11T23:59:59.999999Z,2025-07-11T13:25:10.172992Z,,991,XMKT,HOTL,ZZ0000000108,2025-07-11T13:29:14.172992Z,100532,FILL,L,,,,,,3.1762,EUR,,MONE,SELL,,,,,0,,150,,,,,AGRE,,,,T10053277,,,,
SYNTHLEI0000000E0005,FALSE,NONE,ALGO1,,,MTCH,FALSE,2025-07-11T13:30:18.936210Z,DAVY,VFAR,2025-07-11T23:59:59.999999Z,2025-07-11T13:30:18.936210Z,,992,XMKT,DLTA,ZZ0000000104,2025-07-11T13:30:18.936210Z,100613,NEWO,L,LMTO,3.1417,0,0,0,0,EUR,,MONE,BUYI,ACTI,,,200,200,200,,,,,,,,,,T10061361,,,,
SYNTHLEI0000000E0005,FALSE,NONE,ALGO1,,,MTCH,FALSE,2025-07-11T13:30:20.770210Z,DAVY,VFAR,2025-07-11T23:59:59.999999Z,2025-07-11T13:30:20.770210Z,,993,XMKT,DLTA,ZZ0000000104,2025-07-11T13:30:20.770210Z,100613,REME,L,LMTO,3.1429,,,,,EUR,,MONE,BUYI,ACTI,,,200,200,200,,,,,,,,,,T10061361,,,,
SYNTHLEI0000000E0005,FALSE,NONE,ALGO1,,,MTCH,FALSE,2025-07-11T13:30:24.463210Z,DAVY,VFAR,2025-07-11T23:59:59.999999Z,2025-07-11T13:30:24.463210Z,,994,XMKT,DLTA,ZZ0000000104,2025-07-11T13:30:24.463210Z,100613,REME,L,LMTO,3.1414,,,,,EUR,,MONE,BUYI,ACTI,,,200,200,200,,,,,,,,,,T10061361,,,,
SYNTHLEI0000000E0005,FALSE,NONE,ALGO1,,,MTCH,FALSE,2025-07-11T13:30:25.375210Z,DAVY,VFAR,2025-07-11T23:59:59.999999Z,2025-07-11T13:30:25.375210Z,,995,XMKT,DLTA,ZZ0000000104,2025-07-11T13:30:25.375210Z,100613,CAME,L,LMTO,,,,,,EUR,,MONE,BUYI,,,,200,0,0,,,,,,,,,,T10061361,,,,
SYNTHLEI0000000A0001,FALSE,CL1035,NONE,,,DEAL,FALSE,2025-07-11T13:31:47.719029Z,DAVY,VFAR,2025-07-11T23:59:59.999999Z,2025-07-11T13:31:47.719029Z,,996,XDRV,OPT25G15.00,ZV0000000202,2025-07-11T13:31:47.719029Z,100094,NEWO,L,LMTO,0.4563,0,0,0,0,EUR,,MONE,SELL,ACTI,,,1,1,1,,,,,,,,,,T10009483,,,,
SYNTHLEI0000000B0002,TRUE,CL1027,NONE,,,DEAL,FALSE,2025-07-11T13:31:57.253145Z,GTCV,VFCR,9999-12-31T23:59:59.999999Z,2025-07-11T13:31:57.253145Z,,997,XMKT,INDX,ZZ0000000109,2025-07-11T13:31:57.253145Z,100131,NEWO,L,LMTO,0.4641,0,0,0,0,EUR,,MONE,SELL,ACTI,,,60,60,60,,,,,,,,,,T10013150,,,,
SYNTHLEI0000000D0004,TRUE,CL1012,NONE,,,AOTC,FALSE,2025-07-11T13:32:52.671094Z,GTDV,VFAR,2025-07-11T23:59:59.999999Z,2025-07-11T13:32:52.671094Z,,998,XMKT,ECHO,ZZ0000000105,2025-07-11T13:32:52.671094Z,100302,NEWO,L,LMTO,7.9067,0,0,0,0,EUR,,MONE,SELL,ACTI,,,60,60,60,,,,,,,,,,T10030234,,,,
SYNTHLEI0000000A0001,FALSE,CL1035,NONE,,,DEAL,FALSE,2025-07-11T13:33:14.719029Z,DAVY,VFAR,2025-07-11T23:59:59.999999Z,2025-07-11T13:31:47.719029Z,,999,XDRV,OPT25G15.00,ZV0000000202,2025-07-11T13:33:14.719029Z,100094,PARF,L,,,,,,0.4563,EUR,,MONE,SELL,,,,,0,,1,,,,,PASV,,,,T10009483,,,,
SYNTHLEI0000000E0005,FALSE,CL1014,NONE,,,DEAL,TRUE,2025-07-11T13:33:39.149291Z,DAVY,VFAR,2025-07-11T23:59:59.999999Z,2025-07-11T13:33:39.149291Z,,1000,XMKT,INDX,ZZ0000000109,2025-07-11T13:33:39.149291Z,100608,NEWO,L,LMTO,0.463,0,0,0,0,EUR,,MONE,SELL,ACTI,,,1000,1000,1000,,,,,,,,,,T10060849,,,,
SYNTHLEI0000000E0005,FALSE,CL1014,NONE,,,DEAL,TRUE,2025-07-11T13:33:40.700291Z,DAVY,VFAR,2025-07-11T23:59:59.999999Z,2025-07-11T13:33:40.700291Z,,1001,XMKT,INDX,ZZ0000000109,2025-07-11T13:33:40.700291Z,100608,REME,L,LMTO,0.4629,,,,,EUR,,MONE,SELL,ACTI,,,1000,1000,1000,,,,,,,,,,T10060849,,,,
SYNTHLEI0000000E0005,FALSE,CL1014,NONE,,,DEAL,TRUE,2025-07-11T13:33:42.274291Z,DAVY,VFAR,2025-07-11T23:59:59.999999Z,2025-07-11T13:33:42.274291Z,,1002,XMKT,INDX,ZZ0000000109,2025-07-11T13:33:42.274291Z,100608,REME,L,LMTO,0.463,,,,,EUR,,MONE,SELL,ACTI,,,1000,1000,1000,,,,,,,,,,T10060849,,,,
SYNTHLEI0000000E0005,FALSE,CL1014,NONE,,,DEAL,TRUE,2025-07-11T13:33:42.705291Z,DAVY,VFAR,2025-07-11T23:59:59.999999Z,2025-07-11T13:33:42.705291Z,,1003,XMKT,INDX,ZZ0000000109,2025-07-11T13:33:42.705291Z,100608,REME,L,LMTO,0.4627,,,,,EUR,,MONE,SELL,ACTI,,,1000,1000,1000,,,,,,,,,,T10060849,,,,
SYNTHLEI0000000E0005,FALSE,CL1014,NONE,,,DEAL,TRUE,2025-07-11T13:33:47.196291Z,DAVY,VFAR,2025-07-11T23:59:59.999999Z,2025-07-11T13:33:47.196291Z,,1004,XMKT,INDX,ZZ0000000109,2025-07-11T13:33:47.196291Z,100608,CAME,L,LMTO,,,,,,EUR,,MONE,SELL,,,,1000,0,0,,,,,,,,,,T10060849,,,,
SYNTHLEI0000000A0001,FALSE,CL1035,NONE,,,DEAL,FALSE,2025-07-11T13:33:47.719029Z,DAVY,VFAR,2025-07-11T23:59:59.999999Z,2025-07-11T13:33:47.719029Z,,1005,XDRV,OPT25G15.00,ZV0000000202,2025-07-11T13:33:47.719029Z,100094,CAME,L,,,,,,,EUR,,MONE,SELL,,,,1,0,0,,,,,,,,,,T10009483,,,,
SYNTHLEI0000000B0002,TRUE,CL1021,NONE,,,MTCH,FALSE,2025-07-11T13:34:20.778954Z,DAVY,,2025-07-11T23:59:59.999999Z,2025-07-11T13:34:20.778954Z,,1006,XDRV,OPT25G15.00,ZV0000000202,2025-07-11T13:34:20.778954Z,100101,NEWO,L,LMTO,0.4567,0,0,0,0,EUR,,MONE,BUYI,ACTI,,,1,1,1,,,,,,,,,,T10010150,,,,
SYNTHLEI0000000H0008,FALSE,NONE,ALGOPT,,,AOTC,FALSE,2025-07-11T13:34:50.241694Z,DAVY,VFAR,2025-07-11T23:59:59.999999Z,2025-07-11T13:34:50.241694Z,,1007,XMKT,CHRL,ZZ0000000103,2025-07-11T13:34:50.241694Z,100480,CAME,L,,,,,,,EUR,,MONE,SELL,,,,100,0,0,,,,,,,,,,T10048081,,,,
SYNTHLEI0000000A0001,FALSE,CL1028,NONE,,,AOTC,FALSE,2025-07-11T13:35:32.909322Z,DAVY,VFAR,2025-07-11T23:59:59.999999Z,2025-07-11T13:35:32.909322Z,,1008,XDRV,OPT25G15.00,ZV0000000202,2025-07-11T13:35:32.909322Z,100418,CAME,L,,,,,,,EUR,,MONE,BUYI,,,,20,0,0,,,,,,,,,,T10041849,,,,
SYNTHLEI0000000G0007,FALSE,NONE,ALGO1,,,AOTC,FALSE,2025-07-11T13:36:08.214793Z,GTDV,VFAR,2025-07-11T23:59:59.999999Z,2025-07-11T13:36:08.214793Z,,1009,XDRV,OPT25G15.00,ZV0000000202,2025-07-11T13:36:08.214793Z,100065,NEWO,L,LMTO,0.4685,0,0,0,0,EUR,,MONE,SELL,ACTI,,,5,5,5,,,,,,,,,,T10006582,,,,
SYNTHLEI0000000B0002,TRUE,CL1021,NONE,,,MTCH,FALSE,2025-07-11T13:36:48.778954Z,DAVY,,2025-07-11T23:59:59.999999Z,2025-07-11T13:36:48.778954Z,,1010,XDRV,OPT25G15.00,ZV0000000202,2025-07-11T13:36:48.778954Z,100101,REME,L,LMTO,0.4573,,,,,EUR,,MONE,BUYI,ACTI,,,1,1,1,,,,,,,,,,T10010150,,,,
SYNTHLEI0000000A0001,FALSE,NONE,ALGOPT,,,AOTC,FALSE,2025-07-11T13:37:52.888597Z,DAVY,VFCR,2025-07-11T23:59:59.999999Z,2025-07-11T13:37:52.888597Z,,1011,XMKT,BRVO,ZZ0000000102,2025-07-11T13:37:52.888597Z,100090,NEWO,L,LMTO,2.0867,0,0,0,0,EUR,,MONE,SELL,ACTI,,,200,200,200,,,,,,,,,,T10009029,,,,
SYNTHLEI0000000A0001,FALSE,CL1007,NONE,,,AOTC,FALSE,2025-07-11T13:38:08.137410Z,DAVY,VFAR,2025-07-11T23:59:59.999999Z,2025-07-11T13:38:08.137410Z,,1012,XMKT,INDX,ZZ0000000109,2025-07-11T13:38:08.137410Z,100649,NEWO,M,LMTO,0,0,0,0,0,EUR,,MONE,BUYI,ACTI,,,40,40,40,,,,,,,,,,T10064933,,,,
SYNTHLEI0000000D0004,TRUE,CL1012,NONE,,,AOTC,FALSE,2025-07-11T13:38:56.671094Z,GTDV,VFAR,2025-07-11T23:59:59.999999Z,2025-07-11T13:32:52.671094Z,,1013,XMKT,ECHO,ZZ0000000105,2025-07-11T13:38:56.671094Z,100302,FILL,L,,,,,,7.9067,EUR,,MONE,SELL,,,,,0,,60,,,,,AGRE,,,,T10030234,,,,
SYNTHLEI0000000G0007,FALSE,NONE,ALGO1,,,AOTC,FALSE,2025-07-11T13:39:44.214793Z,GTDV,VFAR,2025-07-11T23:59:59.999999Z,2025-07-11T13:36:08.214793Z,,1014,XDRV,OPT25G15.00,ZV0000000202,2025-07-11T13:39:44.214793Z,100065,PARF,L,,,,,,0.4685,EUR,,MONE,SELL,,,,,4,,1,,,,,PASV,,,,T10006582,,,,
SYNTHLEI0000000H0008,FALSE,NONE,ALGO1,,,DEAL,FALSE,2025-07-11T13:40:27.667080Z,DAVY,VFCR,2025-07-11T23:59:59.999999Z,2025-07-11T13:40:27.667080Z,,1015,XMKT,JULT,ZZ0000000110,2025-07-11T13:40:27.667080Z,100257,CAME,L,,,,,,,EUR,,MONE,SELL,,,,3000,0,0,,,,,,,,,,T10025792,,,,
SYNTHLEI0000000D0004,FALSE,CL1020,NONE,,,AOTC,FALSE,2025-07-11T13:40:30.823289Z,DAVY,VFAR,2025-07-11T23:59:59.999999Z,2025-07-11T13:40:30.823289Z,,1016,XMKT,ECHO,ZZ0000000105,2025-07-11T13:40:30.823289Z,100445,NEWO,L,LMTO,7.9103,0,0,0,0,EUR,,MONE,SELL,ACTI,,,20,20,20,,,,,,,,,,T10044524,,,,
SYNTHLEI0000000B0002,FALSE,NONE,ALGO1,,,AOTC,FALSE,2025-07-11T13:40:42.357333Z,DAVY,VFCR,2025-07-11T23:59:59.999999Z,2025-07-11T13:40:42.357333Z,,1017,XMKT,ABLE,ZZ0000000101,2025-07-11T13:40:42.357333Z,100577,NEWO,L,LMTO,6.4972,0,0,0,0,EUR,,MONE,BUYI,ACTI,,,60,60,60,,,,,,,,,,T10057747,,,,
SYNTHLEI0000000A0001,FALSE,CL1007,NONE,,,AOTC,FALSE,2025-07-11T13:41:13.137410Z,DAVY,VFAR,2025-07-11T23:59:59.999999Z,2025-07-11T13:38:08.137410Z,,1018,XMKT,INDX,ZZ0000000109,2025-07-11T13:41:13.137410Z,100649,PARF,M,,,,,,0.4638,EUR,,MONE,BUYI,,,,,30,,10,,,,,PASV,,,,T10064933,,,,
SYNTHLEI0000000B0002,FALSE,NONE,ALGO1,,,AOTC,FALSE,2025-07-11T13:41:44.357333Z,DAVY,VFCR,2025-07-11T23:59:59.999999Z,2025-07-11T13:40:42.357333Z,,1019,XMKT,ABLE,ZZ0000000101,2025-07-11T13:41:44.357333Z,100577,FILL,L,,,,,,6.4972,EUR,,MONE,BUYI,,,,,0,,60,,,,,PASV,,,,T10057747,,,,
SYNTHLEI0000000H0008,FALSE,CL1025,NONE,,,DEAL,TRUE,2025-07-11T13:41:57.394742Z,DAVY,VFCR,2025-07-11T23:59:59.999999Z,2025-07-11T13:41:57.394742Z,,1020,XMKT,ABLE,ZZ0000000101,2025-07-11T13:41:57.394742Z,100255,NEWO,S,STOP,6.4961,0,6.4193,0,0,EUR,,MONE,BUYI,ACTI,,,3000,3000,3000,,,,,,,,,,T10025534,,,,
SYNTHLEI0000000A0001,FALSE,CL1007,NONE,,,AOTC,FALSE,2025-07-11T13:42:06.137410Z,DAVY,VFAR,2025-07-11T23:59:59.999999Z,2025-07-11T13:38:08.137410Z,,1021,XMKT,INDX,ZZ0000000109,2025-07-11T13:42:06.137410Z,100649,FILL,M,,,,,,0.4639,EUR,,MONE,BUYI,,,,,0,,30,,,,,AGRE,,,,T10064933,,,,
SYNTHLEI0000000A0001,TRUE,CL1015,NONE,,,AOTC,FALSE,2025-07-11T13:42:39.035400Z,DAVY,VFCR,2025-07-11T23:59:59.999999Z,2025-07-11T13:42:39.035400Z,,1022,XMKT,INDX,ZZ0000000109,2025-07-11T13:42:39.035400Z,100227,NEWO,L,LMTO,0.464,0,0,0,0,EUR,,MONE,BUYI,ACTI,,,5,5,5,,,,,,,,,,T10022786,,,,
SYNTHLEI0000000D0004,FALSE,CL1021,NONE,,,MTCH,FALSE,2025-07-11T13:42:59.975705Z,DAVY,VFAR,2025-07-11T23:59:59.999999Z,2025-07-11T13:42:59.975705Z,,1023,XMKT,BRVO,ZZ0000000102,2025-07-11T13:42:59.975705Z,100542,NEWO,L,LMTO,2.0861,0,0,0,0,EUR,,MONE,SELL,ACTI,,,100,100,100,,,,,,,,,,T10054283,,,,
SYNTHLEI0000000D0004,FALSE,CL1021,NONE,,,MTCH,FALSE,2025-07-11T13:43:39.975705Z,DAVY,VFAR,2025-07-11T23:59:59.999999Z,2025-07-11T13:42:59.975705Z,,1024,XMKT,BRVO,ZZ0000000102,2025-07-11T13:43:39.975705Z,100542,PARF,L,,,,,,2.0861,EUR,,MONE,SELL,,,,,70,,30,,,,,AGRE,,,,T10054283,,,,
SYNTHLEI0000000A0001,FALSE,NONE,ALGOPT,,,AOTC,FALSE,2025-07-11T13:43:53.888597Z,DAVY,VFCR,2025-07-11T23:59:59.999999Z,2025-07-11T13:43:53.888597Z,,1025,XMKT,BRVO,ZZ0000000102,2025-07-11T13:43:53.888597Z,100090,REME,L,LMTO,2.0853,,,,,EUR,,MONE,SELL,ACTI,,,200,200,200,,,,,,,,,,T10009029,,,,
SYNTHLEI0000000F0006,FALSE,CL1028,NONE,,,DEAL,FALSE,2025-07-11T13:44:10.017894Z,DAVY,VFAR,2025-07-11T23:59:59.999999Z,2025-07-11T13:44:10.017894Z,,1026,XDRV,OPT25G15.00,ZV0000000202,2025-07-11T13:44:10.017894Z,100529,NEWO,L,LMTO,0.4548,0,0,0,0,EUR,,MONE,BUYI,ACTI,,,10,10,10,,,,,,,,,,T10052983,,,,
SYNTHLEI0000000F0006,FALSE,CL1028,NONE,,,DEAL,FALSE,2025-07-11T13:44:10.710894Z,DAVY,VFAR,2025-07-11T23:59:59.999999Z,2025-07-11T13:44:10.017894Z,,1027,XDRV,OPT25G15.00,ZV0000000202,2025-07-11T13:44:10.710894Z,100529,CAME,L,LMTO,,,,,,EUR,,MONE,BUYI,,,,10,0,0,,,,,,,,,,T10052983,,,,
SYNTHLEI0000000D0004,FALSE,CL1017,NONE,,,AOTC,FALSE,2025-07-11T13:44:12.683034Z,DAVY,VFCR,2025-07-11T23:59:59.999999Z,2025-07-11T13:44:12.683034Z,,1028,XMKT,BRVO,ZZ0000000102,2025-07-11T13:44:12.683034Z,100238,NEWO,L,LMTO,2.0804,0,0,0,0,EUR,,MONE,BUYI,ACTI,,,500,500,500,,,,,,,,,,T10023821,,,,
SYNTHLEI0000000G0007,FALSE,NONE,ALGO1,,,AOTC,FALSE,2025-07-11T13:44:20.214793Z,GTDV,VFAR,2025-07-11T23:59:59.999999Z,2025-07-11T13:44:20.214793Z,,1029,XDRV,OPT25G15.00,ZV0000000202,2025-07-11T13:44:20.214793Z,100065,CAME,L,,,,,,,EUR,,MONE,SELL,,,,5,0,0,,,,,,,,,,T10006582,,,,
SYNTHLEI0000000D0004,FALSE,CL1017,NONE,,,AOTC,FALSE,2025-07-11T13:44:56.683034Z,DAVY,VFCR,2025-07-11T23:59:59.999999Z,2025-07-11T13:44:56.683034Z,,1030,XMKT,BRVO,ZZ0000000102,2025-07-11T13:44:56.683034Z,100238,REME,L,LMTO,2.0794,,,,,EUR,,MONE,BUYI,ACTI,,,500,500,500,,,,,,,,,,T10023821,,,,
SYNTHLEI0000000G0007,FALSE,CL1018,NONE,,,AOTC,FALSE,2025-07-11T13:45:14.452972Z,DAVY,VFAR,2025-07-11T23:59:59.999999Z,2025-07-11T13:45:14.452972Z,,1031,XMKT,HOTL,ZZ0000000108,2025-07-11T13:45:14.452972Z,100029,NEWO,L,LMTO,3.1811,0,0,0,0,EUR,,MONE,BUYI,ACTI,,,1000,1000,1000,,,,,,,,,,T10002982,,,,
SYNTHLEI0000000D0004,FALSE,CL1017,NONE,,,AOTC,FALSE,2025-07-11T13:47:11.683034Z,DAVY,VFCR,2025-07-11T23:59:59.999999Z,2025-07-11T13:47:11.683034Z,,1032,XMKT,BRVO,ZZ0000000102,2025-07-11T13:47:11.683034Z,100238,CAME,L,,,,,,,EUR,,MONE,BUYI,,,,500,0,0,,,,,,,,,,T10023821,,,,
SYNTHLEI0000000F0006,TRUE,CL1018,NONE,,,AOTC,FALSE,2025-07-11T13:47:39.171700Z,DAVY,VFCR,2025-07-11T23:59:59.999999Z,2025-07-11T13:47:39.171700Z,,1033,XMKT,GOLF,ZZ0000000107,2025-07-11T13:47:39.171700Z,100175,NEWO,L,LMTO,4.1618,0,0,0,0,EUR,,MONE,SELL,ACTI,,,20,20,20,,,,,,,,,,T10017555,,,,
SYNTHLEI0000000F0006,TRUE,CL1018,NONE,,,AOTC,FALSE,2025-07-11T13:47:39.503700Z,DAVY,VFCR,2025-07-11T23:59:59.999999Z,2025-07-11T13:47:39.171700Z,,1034,XMKT,GOLF,ZZ0000000107,2025-07-11T13:47:39.503700Z,100175,CAME,L,LMTO,,,,,,EUR,,MONE,SELL,,,,20,0,0,,,,,,,,,,T10017555,,,,
SYNTHLEI0000000H0008,FALSE,CL1025,NONE,,,DEAL,TRUE,2025-07-11T13:48:11.394742Z,DAVY,VFCR,2025-07-11T23:59:59.999999Z,2025-07-11T13:48:11.394742Z,,1035,XMKT,ABLE,ZZ0000000101,2025-07-11T13:48:11.394742Z,100255,REME,S,STOP,6.4941,,,,,EUR,,MONE,BUYI,ACTI,,,3000,3000,3000,,,,,,,,,,T10025534,,,,
SYNTHLEI0000000E0005,FALSE,CL1003,NONE,,,DEAL,TRUE,2025-07-11T13:49:27.990335Z,GTDV,VFCR,2025-07-11T23:59:59.999999Z,2025-07-11T13:49:27.990335Z,,1036,XMKT,INDX,ZZ0000000109,2025-07-11T13:49:27.990335Z,100025,NEWO,L,LMTO,0.4638,0,0,0,0,EUR,,MONE,SELL,ACTI,,,150,150,150,,,,,,,,,,T10002550,,,,
SYNTHLEI0000000E0005,FALSE,CL1003,NONE,,,DEAL,TRUE,2025-07-11T13:49:29.949335Z,GTDV,VFCR,2025-07-11T23:59:59.999999Z,2025-07-11T13:49:29.949335Z,,1037,XMKT,INDX,ZZ0000000109,2025-07-11T13:49:29.949335Z,100025,REME,L,LMTO,0.464,,,,,EUR,,MONE,SELL,ACTI,,,150,150,150,,,,,,,,,,T10002550,,,,
SYNTHLEI0000000E0005,FALSE,CL1003,NONE,,,DEAL,TRUE,2025-07-11T13:49:34.061335Z,GTDV,VFCR,2025-07-11T23:59:59.999999Z,2025-07-11T13:49:34.061335Z,,1038,XMKT,INDX,ZZ0000000109,2025-07-11T13:49:34.061335Z,100025,CAME,L,LMTO,,,,,,EUR,,MONE,SELL,,,,150,0,0,,,,,,,,,,T10002550,,,,
SYNTHLEI0000000B0002,FALSE,CL1026,NONE,,,DEAL,TRUE,2025-07-11T13:50:13.052750Z,DAVY,VFAR,2025-07-11T23:59:59.999999Z,2025-07-11T13:50:13.052750Z,,1039,XMKT,ABLE,ZZ0000000101,2025-07-11T13:50:13.052750Z,100162,NEWO,M,LMTO,0,0,0,0,0,EUR,,MONE,SELL,ACTI,,,200,200,200,,,,,,,,,,T10016241,,,,
SYNTHLEI0000000D0004,FALSE,CL1021,NONE,,,MTCH,FALSE,2025-07-11T13:50:18.975705Z,DAVY,VFAR,2025-07-11T23:59:59.999999Z,2025-07-11T13:42:59.975705Z,,1040,XMKT,BRVO,ZZ0000000102,2025-07-11T13:50:18.975705Z,100542,FILL,L,,,,,,2.0861,EUR,,MONE,SELL,,,,,0,,70,,,,,AGRE,,,,T10054283,,,,
SYNTHLEI0000000B0002,TRUE,CL1027,NONE,,,DEAL,FALSE,2025-07-11T13:50:21.253145Z,GTCV,VFCR,9999-12-31T23:59:59.999999Z,2025-07-11T13:50:21.253145Z,,1041,XMKT,INDX,ZZ0000000109,2025-07-11T13:50:21.253145Z,100131,CAME,L,,,,,,,EUR,,MONE,SELL,,,,60,0,0,,,,,,,,,,T10013150,,,,
SYNTHLEI0000000A0001,FALSE,NONE,ALGOPT,,,AOTC,FALSE,2025-07-11T13:50:25.888597Z,DAVY,VFCR,2025-07-11T23:59:59.999999Z,2025-07-11T13:37:52.888597Z,,1042,XMKT,BRVO,ZZ0000000102,2025-07-11T13:50:25.888597Z,100090,FILL,L,,,,,,2.0853,EUR,,MONE,SELL,,,,,0,,200,,,,,AGRE,,,,T10009029,,,,
SYNTHLEI0000000D0004,FALSE,CL1020,NONE,,,AOTC,FALSE,2025-07-11T13:50:26.823289Z,DAVY,VFAR,2025-07-11T23:59:59.999999Z,2025-07-11T13:50:26.823289Z,,1043,XMKT,ECHO,ZZ0000000105,2025-07-11T13:50:26.823289Z,100445,REME,L,LMTO,7.9079,,,,,EUR,,MONE,SELL,ACTI,,,20,20,20,,,,,,,,,,T10044524,,,,
SYNTHLEI0000000E0005,FALSE,NONE,ALGO1,,,DEAL,TRUE,2025-07-11T13:51:47.510665Z,DAVY,VFAR,2025-07-11T23:59:59.999999Z,2025-07-11T13:51:47.510665Z,,1044,XMKT,INDX,ZZ0000000109,2025-07-11T13:51:47.510665Z,100239,NEWO,L,LMTO,0.4627,0,0,0,0,EUR,,MONE,BUYI,ACTI,,,1500,1500,1500,,,,,,,,,,T10023920,,,,
SYNTHLEI0000000E0005,FALSE,NONE,ALGO1,,,DEAL,TRUE,2025-07-11T13:51:50.498665Z,DAVY,VFAR,2025-07-11T23:59:59.999999Z,2025-07-11T13:51:50.498665Z,,1045,XMKT,INDX,ZZ0000000109,2025-07-11T13:51:50.498665Z,100239,REME,L,LMTO,0.4628,,,,,EUR,,MONE,BUYI,ACTI,,,1500,1500,1500,,,,,,,,,,T10023920,,,,
SYNTHLEI0000000E0005,FALSE,NONE,ALGO1,,,DEAL,TRUE,2025-07-11T13:51:51.371665Z,DAVY,VFAR,2025-07-11T23:59:59.999999Z,2025-07-11T13:51:51.371665Z,,1046,XMKT,INDX,ZZ0000000109,2025-07-11T13:51:51.371665Z,100239,CAME,L,LMTO,,,,,,EUR,,MONE,BUYI,,,,1500,0,0,,,,,,,,,,T10023920,,,,
SYNTHLEI0000000F0006,FALSE,CL1003,NONE,,,AOTC,FALSE,2025-07-11T13:53:24.499765Z,GTCV,VFCR,9999-12-31T23:59:59.999999Z,2025-07-11T13:53:24.499765Z,,1047,XDRV,FTSE25T4900,ZV0000000201,2025-07-11T13:53:24.499765Z,100442,NEWO,L,LMTO,108.2553,0,0,0,0,EUR,,MONE,BUYI,ACTI,,,50,50,50,,,,,,,,,,T10044243,,,,
SYNTHLEI0000000F0006,FALSE,CL1003,NONE,,,AOTC,FALSE,2025-07-11T13:53:24.681765Z,GTCV,VFCR,9999-12-31T23:59:59.999999Z,2025-07-11T13:53:24.499765Z,,1048,XDRV,FTSE25T4900,ZV0000000201,2025-07-11T13:53:24.681765Z,100442,CAME,L,LMTO,,,,,,EUR,,MONE,BUYI,,,,50,0,0,,,,,,,,,,T10044243,,,,
SYNTHLEI0000000C0003,FALSE,CL1028,NONE,,,MTCH,FALSE,2025-07-11T13:54:41.386784Z,GTDV,VFAR,2025-07-11T23:59:59.999999Z,2025-07-11T13:54:41.386784Z,,1049,XMKT,HOTL,ZZ0000000108,2025-07-11T13:54:41.386784Z,100495,NEWO,L,LMTO,3.1833,0,0,0,0,EUR,,MONE,SELL,ACTI,,,100,100,100,,,,,,,,,,T10049510,,,,
SYNTHLEI0000000B0002,FALSE,CL1026,NONE,,,DEAL,TRUE,2025-07-11T13:56:26.052750Z,DAVY,VFAR,2025-07-11T23:59:59.999999Z,2025-07-11T13:50:13.052750Z,,1050,XMKT,ABLE,ZZ0000000101,2025-07-11T13:56:26.052750Z,100162,PARF,M,,,,,,6.5013,EUR,,MONE,SELL,,,,,94,,106,,,,,AGRE,,,,T10016241,,,,
SYNTHLEI0000000B0002,TRUE,CL1021,NONE,,,MTCH,FALSE,2025-07-11T13:56:39.778954Z,DAVY,,2025-07-11T23:59:59.999999Z,2025-07-11T13:56:39.778954Z,,1051,XDRV,OPT25G15.00,ZV0000000202,2025-07-11T13:56:39.778954Z,100101,CAME,L,,,,,,,EUR,,MONE,BUYI,,,,1,0,0,,,,,,,,,,T10010150,,,,
SYNTHLEI0000000A0001,TRUE,CL1015,NONE,,,AOTC,FALSE,2025-07-11T13:57:07.035400Z,DAVY,VFCR,2025-07-11T23:59:59.999999Z,2025-07-11T13:57:07.035400Z,,1052,XMKT,INDX,ZZ0000000109,2025-07-11T13:57:07.035400Z,100227,CAME,L,,,,,,,EUR,,MONE,BUYI,,,,5,0,0,,,,,,,,,,T10022786,,,,
SYNTHLEI0000000B0002,FALSE,CL1026,NONE,,,DEAL,TRUE,2025-07-11T13:57:21.052750Z,DAVY,VFAR,2025-07-11T23:59:59.999999Z,2025-07-11T13:50:13.052750Z,,1053,XMKT,ABLE,ZZ0000000101,2025-07-11T13:57:21.052750Z,100162,FILL,M,,,,,,6.5042,EUR,,MONE,SELL,,,,,0,,94,,,,,PASV,,,,T10016241,,,,
SYNTHLEI0000000B0002,FALSE,CL1007,NONE,,,AOTC,FALSE,2025-07-11T13:58:07.341845Z,DAVY,VFAR,2025-07-11T23:59:59.999999Z,2025-07-11T13:58:07.341845Z,,1054,XMKT,ECHO,ZZ0000000105,2025-07-11T13:58:07.341845Z,100460,NEWO,L,LMTO,7.9368,0,0,0,0,EUR,,MONE,BUYI,ACTI,,,150,150,150,,,,,,,,,,T10046067,,,,
SYNTHLEI0000000G0007,FALSE,CL1018,NONE,,,AOTC,FALSE,2025-07-11T14:01:05.452972Z,DAVY,VFAR,2025-07-11T23:59:59.999999Z,2025-07-11T14:01:05.452972Z,,1055,XMKT,HOTL,ZZ0000000108,2025-07-11T14:01:05.452972Z,100029,CAME,L,,,,,,,EUR,,MONE,BUYI,,,,1000,0,0,,,,,,,,,,T10002982,,,,
SYNTHLEI0000000B0002,TRUE,CL1013,NONE,,,DEAL,TRUE,2025-07-11T14:01:19.419280Z,GTCV,VFCR,9999-12-31T23:59:59.999999Z,2025-07-11T14:01:19.419280Z,,1056,XDRV,FTSE25T4900,ZV0000000201,2025-07-11T14:01:19.419280Z,100206,NEWO,L,LMTO,107.9377,0,0,0,0,EUR,,MONE,BUYI,ACTI,,,5,5,5,,,,,,,,,,T10020640,,,,
SYNTHLEI0000000B0002,TRUE,CL1013,NONE,,,DEAL,TRUE,2025-07-11T14:05:19.419280Z,GTCV,VFCR,9999-12-31T23:59:59.999999Z,2025-07-11T14:01:19.419280Z,,1057,XDRV,FTSE25T4900,ZV0000000201,2025-07-11T14:05:19.419280Z,100206,FILL,L,,,,,,107.9377,EUR,,MONE,BUYI,,,,,0,,5,,,,,PASV,,,,T10020640,,,,
SYNTHLEI0000000A0001,FALSE,CL1034,NONE,,,MTCH,FALSE,2025-07-11T14:06:08.385824Z,GTDV,VFAR,2025-07-11T23:59:59.999999Z,2025-07-11T14:06:08.385824Z,,1058,XDRV,FTSE25T4900,ZV0000000201,2025-07-11T14:06:08.385824Z,100009,NEWO,L,LMTO,107.8453,0,0,0,0,EUR,,MONE,BUYI,ACTI,,,1,1,1,,,,,,,,,,T10000948,,,,
SYNTHLEI0000000H0008,FALSE,NONE,ALGO1,,,MTCH,FALSE,2025-07-11T14:06:17.825066Z,DAVY,VFAR,2025-07-11T23:59:59.999999Z,2025-07-11T14:06:17.825066Z,,1059,XMKT,ECHO,ZZ0000000105,2025-07-11T14:06:17.825066Z,100435,NEWO,M,LMTO,0,0,0,0,0,EUR,,MONE,BUYI,ACTI,,,500,500,500,,,,,,,,,,T10043587,,,,
SYNTHLEI0000000H0008,FALSE,NONE,NONE,,,DEAL,FALSE,2025-07-11T14:07:20.811244Z,DAVY,VFAR,2025-07-11T23:59:59.999999Z,2025-07-11T14:07:20.811244Z,,1060,XMKT,DLTA,ZZ0000000104,2025-07-11T14:07:20.811244Z,100355,NEWO,S,STOP,3.1446,0,3.0887,0,0,EUR,,MONE,SELL,ACTI,,,100,100,100,,,,,,,,,,T10035519,,,,
SYNTHLEI0000000A0001,FALSE,CL1025,NONE,,,DEAL,FALSE,2025-07-11T14:08:03.624689Z,DAVY,VFCR,2025-07-11T23:59:59.999999Z,2025-07-11T14:08:03.624689Z,,1061,XMKT,ECHO,ZZ0000000105,2025-07-11T14:08:03.624689Z,100502,NEWO,L,LMTO,7.9355,0,0,0,0,EUR,,MONE,BUYI,ACTI,,,100,100,100,,,,,,,,,,T10050237,,,,
SYNTHLEI0000000H0008,FALSE,NONE,NONE,,,DEAL,FALSE,2025-07-11T14:08:15.811244Z,DAVY,VFAR,2025-07-11T23:59:59.999999Z,2025-07-11T14:07:20.811244Z,,1062,XMKT,DLTA,ZZ0000000104,2025-07-11T14:08:15.811244Z,100355,PARF,S,,,,,,3.1446,EUR,,MONE,SELL,,,,,75,,25,,,,,AGRE,,,,T10035519,,,,
SYNTHLEI0000000C0003,FALSE,NONE,ALGO1,,,AOTC,FALSE,2025-07-11T14:09:32.118826Z,GTCV,,9999-12-31T23:59:59.999999Z,2025-07-11T14:09:32.118826Z,,1063,XMKT,GOLF,ZZ0000000107,2025-07-11T14:09:32.118826Z,100242,NEWO,S,STOP,4.1685,0,4.2778,0,0,EUR,,MONE,SELL,ACTI,,,200,200,200,,,,,,,,,,T10024268,,,,
SYNTHLEI0000000A0001,FALSE,CL1034,NONE,,,MTCH,FALSE,2025-07-11T14:09:36.385824Z,GTDV,VFAR,2025-07-11T23:59:59.999999Z,2025-07-11T14:09:36.385824Z,,1064,XDRV,FTSE25T4900,ZV0000000201,2025-07-11T14:09:36.385824Z,100009,REME,L,LMTO,107.8362,,,,,EUR,,MONE,BUYI,ACTI,,,1,1,1,,,,,,,,,,T10000948,,,,
SYNTHLEI0000000H0008,FALSE,NONE,NONE,,,DEAL,FALSE,2025-07-11T14:09:39.811244Z,DAVY,VFAR,2025-07-11T23:59:59.999999Z,2025-07-11T14:07:20.811244Z,,1065,XMKT,DLTA,ZZ0000000104,2025-07-11T14:09:39.811244Z,100355,FILL,S,,,,,,3.1446,EUR,,MONE,SELL,,,,,0,,75,,,,,AGRE,,,,T10035519,,,,
SYNTHLEI0000000D0004,FALSE,CL1009,NONE,,,AOTC,FALSE,2025-07-11T14:10:01.325613Z,GTDV,VFAR,2025-07-11T23:59:59.999999Z,2025-07-11T14:10:01.325613Z,,1066,XMKT,CHRL,ZZ0000000103,2025-07-11T14:10:01.325613Z,100576,NEWO,L,LMTO,16.243,0,0,0,0,EUR,,MONE,SELL,ACTI,,,100,100,100,,,,,,,,,,T10057688,,,,
SYNTHLEI0000000C0003,FALSE,NONE,ALGOPT,,,MTCH,FALSE,2025-07-11T14:11:55.377687Z,DAVY,VFAR,2025-07-11T23:59:59.999999Z,2025-07-11T14:11:55.377687Z,,1067,XDRV,OPT25G15.00,ZV0000000202,2025-07-11T14:11:55.377687Z,100363,NEWO,L,LMTO,0.4555,0,0,0,0,EUR,,MONE,SELL,ACTI,,,20,20,20,,,,,,,,,,T10036384,,,,
SYNTHLEI0000000E0005,FALSE,NONE,NONE,,,AOTC,FALSE,2025-07-11T14:12:11.511111Z,IOCV,VFAR,9999-12-31T23:59:59.999999Z,2025-07-11T14:12:11.511111Z,,1068,XMKT,DLTA,ZZ0000000104,2025-07-11T14:12:11.511111Z,100579,NEWO,L,LMTO,3.1361,0,0,0,0,EUR,,MONE,BUYI,ACTI,,,200,200,200,,,,,,,,,,T10057997,,,,
SYNTHLEI0000000A0001,FALSE,CL1025,NONE,,,DEAL,FALSE,2025-07-11T14:12:12.624689Z,DAVY,VFCR,2025-07-11T23:59:59.999999Z,2025-07-11T14:08:03.624689Z,,1069,XMKT,ECHO,ZZ0000000105,2025-07-11T14:12:12.624689Z,100502,PARF,L,,,,,,7.9355,EUR,,MONE,BUYI,,,,,57,,43,,,,,AGRE,,,,T10050237,,,,
SYNTHLEI0000000E0005,FALSE,NONE,NONE,,,AOTC,FALSE,2025-07-11T14:12:14.563111Z,IOCV,VFAR,9999-12-31T23:59:59.999999Z,2025-07-11T14:12:14.563111Z,,1070,XMKT,DLTA,ZZ0000000104,2025-07-11T14:12:14.563111Z,100579,REME,L,LMTO,3.1373,,,,,EUR,,MONE,BUYI,ACTI,,,200,200,200,,,,,,,,,,T10057997,,,,
SYNTHLEI0000000E0005,FALSE,NONE,NONE,,,AOTC,FALSE,2025-07-11T14:12:17.905111Z,IOCV,VFAR,9999-12-31T23:59:59.999999Z,2025-07-11T14:12:17.905111Z,,1071,XMKT,DLTA,ZZ0000000104,2025-07-11T14:12:17.905111Z,100579,CAME,L,LMTO,,,,,,EUR,,MONE,BUYI,,,,200,0,0,,,,,,,,,,T10057997,,,,
SYNTHLEI0000000A0001,FALSE,CL1034,NONE,,,MTCH,FALSE,2025-07-11T14:12:32.385824Z,GTDV,VFAR,2025-07-11T23:59:59.999999Z,2025-07-11T14:06:08.385824Z,,1072,XDRV,FTSE25T4900,ZV0000000201,2025-07-11T14:12:32.385824Z,100009,PARF,L,,,,,,107.8362,EUR,,MONE,BUYI,,,,,0,,1,,,,,AGRE,,,,T10000948,,,,
SYNTHLEI0000000C0003,FALSE,NONE,ALGOPT,,,MTCH,FALSE,2025-07-11T14:13:20.377687Z,DAVY,VFAR,2025-07-11T23:59:59.999999Z,2025-07-11T14:11:55.377687Z,,1073,XDRV,OPT25G15.00,ZV0000000202,2025-07-11T14:13:20.377687Z,100363,PARF,L,,,,,,0.4555,EUR,,MONE,SELL,,,,,16,,4,,,,,PASV,,,,T10036384,,,,
SYNTHLEI0000000C0003,FALSE,NONE,ALGOPT,,,MTCH,FALSE,2025-07-11T14:13:24.377687Z,DAVY,VFAR,2025-07-11T23:59:59.999999Z,2025-07-11T14:11:55.377687Z,,1074,XDRV,OPT25G15.00,ZV0000000202,2025-07-11T14:13:24.377687Z,100363,PARF,L,,,,,,0.4555,EUR,,MONE,SELL,,,,,10,,6,,,,,AGRE,,,,T10036384,,,,
SYNTHLEI0000000E0005,TRUE,NONE,ALGOPT,,,AOTC,FALSE,2025-07-11T14:13:36.134664Z,DAVY,,2025-07-11T23:59:59.999999Z,2025-07-11T14:13:36.134664Z,,1075,XMKT,INDX,ZZ0000000109,2025-07-11T14:13:36.134664Z,100610,NEWO,L,LMTO,0.4642,0,0,0,0,EUR,,MONE,SELL,ACTI,,,150,150,150,,,,,,,,,,T10061058,,,,
SYNTHLEI0000000E0005,TRUE,NONE,ALGOPT,,,AOTC,FALSE,2025-07-11T14:13:39.408664Z,DAVY,,2025-07-11T23:59:59.999999Z,2025-07-11T14:13:39.408664Z,,1076,XMKT,INDX,ZZ0000000109,2025-07-11T14:13:39.408664Z,100610,REME,L,LMTO,0.4642,,,,,EUR,,MONE,SELL,ACTI,,,150,150,150,,,,,,,,,,T10061058,,,,
SYNTHLEI0000000E0005,TRUE,NONE,ALGOPT,,,AOTC,FALSE,2025-07-11T14:13:41.491664Z,DAVY,,2025-07-11T23:59:59.999999Z,2025-07-11T14:13:41.491664Z,,1077,XMKT,INDX,ZZ0000000109,2025-07-11T14:13:41.491664Z,100610,REME,L,LMTO,0.464,,,,,EUR,,MONE,SELL,ACTI,,,150,150,150,,,,,,,,,,T10061058,,,,
SYNTHLEI0000000E0005,TRUE,NONE,ALGOPT,,,AOTC,FALSE,2025-07-11T14:13:45.355664Z,DAVY,,2025-07-11T23:59:59.999999Z,2025-07-11T14:13:45.355664Z,,1078,XMKT,INDX,ZZ0000000109,2025-07-11T14:13:45.355664Z,100610,REME,L,LMTO,0.4643,,,,,EUR,,MONE,SELL,ACTI,,,150,150,150,,,,,,,,,,T10061058,,,,
SYNTHLEI0000000E0005,TRUE,NONE,ALGOPT,,,AOTC,FALSE,2025-07-11T14:13:46.386664Z,DAVY,,2025-07-11T23:59:59.999999Z,2025-07-11T14:13:46.386664Z,,1079,XMKT,INDX,ZZ0000000109,2025-07-11T14:13:46.386664Z,100610,CAME,L,LMTO,,,,,,EUR,,MONE,SELL,,,,150,0,0,,,,,,,,,,T10061058,,,,
SYNTHLEI0000000C0003,FALSE,NONE,ALGO1,,,AOTC,FALSE,2025-07-11T14:14:08.118826Z,GTCV,,9999-12-31T23:59:59.999999Z,2025-07-11T14:14:08.118826Z,,1080,XMKT,GOLF,ZZ0000000107,2025-07-11T14:14:08.118826Z,100242,REME,S,STOP,4.1643,,,,,EUR,,MONE,SELL,ACTI,,,200,200,200,,,,,,,,,,T10024268,,,,
SYNTHLEI0000000C0003,FALSE,CL1034,NONE,,,MTCH,FALSE,2025-07-11T14:14:53.096197Z,IOCV,VFAR,9999-12-31T23:59:59.999999Z,2025-07-11T14:14:53.096197Z,,1081,XMKT,INDX,ZZ0000000109,2025-07-11T14:14:53.096197Z,100253,NEWO,L,LMTO,0.4641,0,0,0,0,EUR,,MONE,SELL,ACTI,,,1000,1000,1000,,,,,,,,,,T10025388,,,,
SYNTHLEI0000000C0003,FALSE,NONE,ALGOPT,,,MTCH,FALSE,2025-07-11T14:15:09.377687Z,DAVY,VFAR,2025-07-11T23:59:59.999999Z,2025-07-11T14:11:55.377687Z,,1082,XDRV,OPT25G15.00,ZV0000000202,2025-07-11T14:15:09.377687Z,100363,FILL,L,,,,,,0.4555,EUR,,MONE,SELL,,,,,0,,10,,,,,AGRE,,,,T10036384,,,,
SYNTHLEI0000000B0002,FALSE,CL1007,NONE,,,AOTC,FALSE,2025-07-11T14:15:18.204940Z,GTCV,VFCR,9999-12-31T23:59:59.999999Z,2025-07-11T14:15:18.204940Z,,1083,XDRV,FTSE25T4900,ZV0000000201,2025-07-11T14:15:18.204940Z,100023,NEWO,L,LMTO,108.0276,0,0,0,0,EUR,,MONE,SELL,ACTI,,,10,10,10,,,,,,,,,,T10002392,,,,
SYNTHLEI0000000A0001,FALSE,CL1025,NONE,,,DEAL,FALSE,2025-07-11T14:15:32.624689Z,DAVY,VFCR,2025-07-11T23:59:59.999999Z,2025-07-11T14:08:03.624689Z,,1084,XMKT,ECHO,ZZ0000000105,2025-07-11T14:15:32.624689Z,100502,PARF,L,,,,,,7.9355,EUR,,MONE,BUYI,,,,,44,,13,,,,,AGRE,,,,T10050237,,,,
SYNTHLEI0000000B0002,FALSE,NONE,ALGOPT,,,MTCH,FALSE,2025-07-11T14:16:13.027220Z,DAVY,VFAR,2025-07-11T23:59:59.999999Z,2025-07-11T14:16:13.027220Z,,1085,XMKT,HOTL,ZZ0000000108,2025-07-11T14:16:13.027220Z,100032,NEWO,M,LMTO,0,0,0,0,0,EUR,,MONE,SELL,ACTI,,,20,20,20,,,,,,,,,,T10003291,,,,
SYNTHLEI0000000D0004,TRUE,CL1033,NONE,,,AOTC,FALSE,2025-07-11T14:16:32.053758Z,DAVY,VFCR,2025-07-11T23:59:59.999999Z,2025-07-11T14:16:32.053758Z,,1086,XMKT,JULT,ZZ0000000110,2025-07-11T14:16:32.053758Z,100631,NEWO,L,LMTO,11.3943,0,0,0,0,EUR,,MONE,SELL,ACTI,,,1500,1500,1500,,,,,,,,,,T10063192,,,,
SYNTHLEI0000000C0003,FALSE,NONE,ALGO1,,,AOTC,FALSE,2025-07-11T14:17:28.118826Z,GTCV,,9999-12-31T23:59:59.999999Z,2025-07-11T14:09:32.118826Z,,1087,XMKT,GOLF,ZZ0000000107,2025-07-11T14:17:28.118826Z,100242,PARF,S,,,,,,4.1643,EUR,,MONE,SELL,,,,,155,,45,,,,,PASV,,,,T10024268,,,,
SYNTHLEI0000000B0002,FALSE,CL1031,NONE,,,AOTC,FALSE,2025-07-11T14:17:39.113269Z,GTCV,VFCR,9999-12-31T23:59:59.999999Z,2025-07-11T14:17:39.113269Z,,1088,XMKT,DLTA,ZZ0000000104,2025-07-11T14:17:39.113269Z,100643,NEWO,L,LMTO,3.1412,0,0,0,0,EUR,,MONE,BUYI,ACTI,,,1000,1000,1000,,,,,,,,,,T10064337,,,,
SYNTHLEI0000000C0003,FALSE,NONE,ALGO1,,,AOTC,FALSE,2025-07-11T14:17:45.118826Z,GTCV,,9999-12-31T23:59:59.999999Z,2025-07-11T14:09:32.118826Z,,1089,XMKT,GOLF,ZZ0000000107,2025-07-11T14:17:45.118826Z,100242,FILL,S,,,,,,4.1643,EUR,,MONE,SELL,,,,,0,,155,,,,,AGRE,,,,T10024268,,,,
SYNTHLEI0000000D0004,FALSE,CL1009,NONE,,,AOTC,FALSE,2025-07-11T14:18:08.325613Z,GTDV,VFAR,2025-07-11T23:59:59.999999Z,2025-07-11T14:18:08.325613Z,,1090,XMKT,CHRL,ZZ0000000103,2025-07-11T14:18:08.325613Z,100576,REME,L,LMTO,16.2192,,,,,EUR,,MONE,SELL,ACTI,,,100,100,100,,,,,,,,,,T10057688,,,,
SYNTHLEI0000000B0002,FALSE,CL1007,NONE,,,AOTC,FALSE,2025-07-11T14:18:13.204940Z,GTCV,VFCR,9999-12-31T23:59:59.999999Z,2025-07-11T14:15:18.204940Z,,1091,XDRV,FTSE25T4900,ZV0000000201,2025-07-11T14:18:13.204940Z,100023,FILL,L,,,,,,108.0276,EUR,,MONE,SELL,,,,,0,,10,,,,,AGRE,,,,T10002392,,,,
SYNTHLEI0000000A0001,FALSE,CL1034,NONE,,,MTCH,FALSE,2025-07-11T14:21:03.385824Z,GTDV,VFAR,2025-07-11T23:59:59.999999Z,2025-07-11T14:21:03.385824Z,,1092,XDRV,FTSE25T4900,ZV0000000201,2025-07-11T14:21:03.385824Z,100009,CAME,L,,,,,,,EUR,,MONE,BUYI,,,,1,0,0,,,,,,,,,,T10000948,,,,
SYNTHLEI0000000A0001,FALSE,CL1025,NONE,,,DEAL,FALSE,2025-07-11T14:21:12.624689Z,DAVY,VFCR,2025-07-11T23:59:59.999999Z,2025-07-11T14:08:03.624689Z,,1093,XMKT,ECHO,ZZ0000000105,2025-07-11T14:21:12.624689Z,100502,FILL,L,,,,,,7.9355,EUR,,MONE,BUYI,,,,,0,,44,,,,,PASV,,,,T10050237,,,,
SYNTHLEI0000000B0002,FALSE,CL1031,NONE,,,AOTC,FALSE,2025-07-11T14:21:31.113269Z,GTCV,VFCR,9999-12-31T23:59:59.999999Z,2025-07-11T14:17:39.113269Z,,1094,XMKT,DLTA,ZZ0000000104,2025-07-11T14:21:31.113269Z,100643,FILL,L,,,,,,3.1412,EUR,,MONE,BUYI,,,,,0,,1000,,,,,PASV,,,,T10064337,,,,
SYNTHLEI0000000H0008,TRUE,CL1021,NONE,,,MTCH,FALSE,2025-07-11T14:21:56.517735Z,GTCV,VFAR,9999-12-31T23:59:59.999999Z,2025-07-11T14:21:56.517735Z,,1095,XMKT,BRVO,ZZ0000000102,2025-07-11T14:21:56.517735Z,100176,NEWO,L,LMTO,2.0828,0,0,0,0,EUR,,MONE,SELL,ACTI,,,1000,1000,1000,,,,,,,,,,T10017630,,,,
SYNTHLEI0000000B0002,FALSE,NONE,ALGOPT,,,MTCH,FALSE,2025-07-11T14:22:18.027220Z,DAVY,VFAR,2025-07-11T23:59:59.999999Z,2025-07-11T14:16:13.027220Z,,1096,XMKT,HOTL,ZZ0000000108,2025-07-11T14:22:18.027220Z,100032,PARF,M,,,,,,3.1789,EUR,,MONE,SELL,,,,,13,,7,,,,,PASV,,,,T10003291,,,,
SYNTHLEI0000000D0004,FALSE,CL1009,NONE,,,AOTC,FALSE,2025-07-11T14:22:18.325613Z,GTDV,VFAR,2025-07-11T23:59:59.999999Z,2025-07-11T14:10:01.325613Z,,1097,XMKT,CHRL,ZZ0000000103,2025-07-11T14:22:18.325613Z,100576,FILL,L,,,,,,16.2192,EUR,,MONE,SELL,,,,,0,,100,,,,,AGRE,,,,T10057688,,,,
SYNTHLEI0000000D0004,TRUE,CL1033,NONE,,,AOTC,FALSE,2025-07-11T14:23:39.053758Z,DAVY,VFCR,2025-07-11T23:59:59.999999Z,2025-07-11T14:23:39.053758Z,,1098,XMKT,JULT,ZZ0000000110,2025-07-11T14:23:39.053758Z,100631,REME,L,LMTO,11.3883,,,,,EUR,,MONE,SELL,ACTI,,,1500,1500,1500,,,,,,,,,,T10063192,,,,
SYNTHLEI0000000D0004,FALSE,CL1006,NONE,,,AOTC,FALSE,2025-07-11T14:23:41.558513Z,DAVY,VFAR,2025-07-11T23:59:59.999999Z,2025-07-11T14:23:41.558513Z,,1099,XMKT,CHRL,ZZ0000000103,2025-07-11T14:23:41.558513Z,100193,NEWO,L,LMTO,16.2325,0,0,0,0,EUR,,MONE,BUYI,ACTI,,,40,40,40,,,,,,,,,,T10019315,,,,
SYNTHLEI0000000B0002,FALSE,CL1029,NONE,,,AOTC,FALSE,2025-07-11T14:24:18.484189Z,GTDV,VFAR,2025-07-11T23:59:59.999999Z,2025-07-11T14:24:18.484189Z,,1100,XMKT,INDX,ZZ0000000109,2025-07-11T14:24:18.484189Z,100038,NEWO,L,LMTO,0.4648,0,0,0,0,EUR,,MONE,SELL,ACTI,,,3000,3000,3000,,,,,,,,,,T10003825,,,,
SYNTHLEI0000000D0004,TRUE,CL1033,NONE,,,AOTC,FALSE,2025-07-11T14:24:22.053758Z,DAVY,VFCR,2025-07-11T23:59:59.999999Z,2025-07-11T14:16:32.053758Z,,1101,XMKT,JULT,ZZ0000000110,2025-07-11T14:24:22.053758Z,100631,PARF,L,,,,,,11.3883,EUR,,MONE,SELL,,,,,844,,656,,,,,PASV,,,,T10063192,,,,
SYNTHLEI0000000H0008,TRUE,CL1021,NONE,,,MTCH,FALSE,2025-07-11T14:24:56.517735Z,GTCV,VFAR,9999-12-31T23:59:59.999999Z,2025-07-11T14:21:56.517735Z,,1102,XMKT,BRVO,ZZ0000000102,2025-07-11T14:24:56.517735Z,100176,FILL,L,,,,,,2.0828,EUR,,MONE,SELL,,,,,0,,1000,,,,,AGRE,,,,T10017630,,,,
SYNTHLEI0000000H0008,FALSE,CL1023,NONE,,,AOTC,FALSE,2025-07-11T14:26:23.436919Z,DAVY,VFAR,2025-07-11T23:59:59.999999Z,2025-07-11T14:26:23.436919Z,,1103,XMKT,BRVO,ZZ0000000102,2025-07-11T14:26:23.436919Z,100598,NEWO,L,LMTO,2.0867,0,0,0,0,EUR,,MONE,BUYI,ACTI,,,200,200,200,,,,,,,,,,T10059818,,,,
SYNTHLEI0000000B0002,FALSE,NONE,ALGOPT,,,MTCH,FALSE,2025-07-11T14:26:29.027220Z,DAVY,VFAR,2025-07-11T23:59:59.999999Z,2025-07-11T14:16:13.027220Z,,1104,XMKT,HOTL,ZZ0000000108,2025-07-11T14:26:29.027220Z,100032,FILL,M,,,,,,3.1803,EUR,,MONE,SELL,,,,,0,,13,,,,,AGRE,,,,T10003291,,,,
SYNTHLEI0000000H0008,FALSE,NONE,NONE,,,DEAL,TRUE,2025-07-11T14:27:23.819664Z,FOKV,VFCR,9999-12-31T23:59:59.999999Z,2025-07-11T14:27:23.819664Z,,1105,XMKT,BRVO,ZZ0000000102,2025-07-11T14:27:23.819664Z,100268,NEWO,L,LMTO,2.0804,0,0,0,0,EUR,,MONE,BUYI,ACTI,,,5,5,5,,,,,,,,,,T10026836,,,,
SYNTHLEI0000000C0003,FALSE,CL1001,NONE,,,DEAL,TRUE,2025-07-11T14:28:06.616335Z,GTDV,VFAR,2025-07-11T23:59:59.999999Z,2025-07-11T14:28:06.616335Z,,1106,XDRV,FTSE25T4900,ZV0000000201,2025-07-11T14:28:06.616335Z,100110,NEWO,S,STOP,108.0443,0,105.3151,0,0,EUR,,MONE,BUYI,ACTI,,,10,10,10,,,,,,,,,,T10011050,,,,
SYNTHLEI0000000D0004,TRUE,CL1033,NONE,,,AOTC,FALSE,2025-07-11T14:28:59.053758Z,DAVY,VFCR,2025-07-11T23:59:59.999999Z,2025-07-11T14:16:32.053758Z,,1107,XMKT,JULT,ZZ0000000110,2025-07-11T14:28:59.053758Z,100631,FILL,L,,,,,,11.3883,EUR,,MONE,SELL,,,,,0,,844,,,,,AGRE,,,,T10063192,,,,
SYNTHLEI0000000F0006,TRUE,NONE,NONE,,,AOTC,FALSE,2025-07-11T14:29:25.699856Z,GTCV,VFCR,9999-12-31T23:59:59.999999Z,2025-07-11T14:29:25.699856Z,,1108,XDRV,FTSE25T4900,ZV0000000201,2025-07-11T14:29:25.699856Z,100614,NEWO,L,LMTO,108.0465,0,0,0,0,EUR,,MONE,BUYI,ACTI,,,5,5,5,,,,,,,,,,T10061460,,,,
SYNTHLEI0000000F0006,TRUE,NONE,NONE,,,AOTC,FALSE,2025-07-11T14:29:26.118856Z,GTCV,VFCR,9999-12-31T23:59:59.999999Z,2025-07-11T14:29:25.699856Z,,1109,XDRV,FTSE25T4900,ZV0000000201,2025-07-11T14:29:26.118856Z,100614,CAME,L,LMTO,,,,,,EUR,,MONE,BUYI,,,,5,0,0,,,,,,,,,,T10061460,,,,
SYNTHLEI0000000H0008,FALSE,CL1023,NONE,,,AOTC,FALSE,2025-07-11T14:29:44.436919Z,DAVY,VFAR,2025-07-11T23:59:59.999999Z,2025-07-11T14:29:44.436919Z,,1110,XMKT,BRVO,ZZ0000000102,2025-07-11T14:29:44.436919Z,100598,REME,L,LMTO,2.0858,,,,,EUR,,MONE,BUYI,ACTI,,,200,200,200,,,,,,,,,,T10059818,,,,
SYNTHLEI0000000B0002,FALSE,CL1029,NONE,,,AOTC,FALSE,2025-07-11T14:30:22.484189Z,GTDV,VFAR,2025-07-11T23:59:59.999999Z,2025-07-11T14:24:18.484189Z,,1111,XMKT,INDX,ZZ0000000109,2025-07-11T14:30:22.484189Z,100038,FILL,L,,,,,,0.4648,EUR,,MONE,SELL,,,,,0,,3000,,,,,AGRE,,,,T10003825,,,,
SYNTHLEI0000000H0008,FALSE,NONE,NONE,,,DEAL,TRUE,2025-07-11T14:30:54.819664Z,FOKV,VFCR,9999-12-31T23:59:59.999999Z,2025-07-11T14:30:54.819664Z,,1112,XMKT,BRVO,ZZ0000000102,2025-07-11T14:30:54.819664Z,100268,REME,L,LMTO,2.0829,,,,,EUR,,MONE,BUYI,ACTI,,,5,5,5,,,,,,,,,,T10026836,,,,
SYNTHLEI0000000C0003,FALSE,CL1001,NONE,,,DEAL,TRUE,2025-07-11T14:30:58.616335Z,GTDV,VFAR,2025-07-11T23:59:59.999999Z,2025-07-11T14:28:06.616335Z,,1113,XDRV,FTSE25T4900,ZV0000000201,2025-07-11T14:30:58.616335Z,100110,PARF,S,,,,,,108.0443,EUR,,MONE,BUYI,,,,,8,,2,,,,,PASV,,,,T10011050,,,,
SYNTHLEI0000000D0004,FALSE,CL1005,NONE,,,DEAL,FALSE,2025-07-11T14:31:00.890389Z,DAVY,VFAR,2025-07-11T23:59:59.999999Z,2025-07-11T14:31:00.890389Z,,1114,XMKT,GOLF,ZZ0000000107,2025-07-11T14:31:00.890389Z,100164,NEWO,L,LMTO,4.1685,0,0,0,0,EUR,,MONE,BUYI,ACTI,,,1000,1000,1000,,,,,,,,,,T10016469,,,,
SYNTHLEI0000000C0003,FALSE,CL1034,NONE,,,MTCH,FALSE,2025-07-11T14:31:05.096197Z,IOCV,VFAR,9999-12-31T23:59:59.999999Z,2025-07-11T14:31:05.096197Z,,1115,XMKT,INDX,ZZ0000000109,2025-07-11T14:31:05.096197Z,100253,CAME,L,,,,,,,EUR,,MONE,SELL,,,,1000,0,0,,,,,,,,,,T10025388,,,,
SYNTHLEI0000000G0007,FALSE,CL1030,NONE,,,DEAL,FALSE,2025-07-11T14:31:07.134155Z,GTCV,VFAR,9999-12-31T23:59:59.999999Z,2025-07-11T14:31:07.134155Z,,1116,XMKT,DLTA,ZZ0000000104,2025-07-11T14:31:07.134155Z,100104,NEWO,L,LMTO,3.3041,0,0,0,0,EUR,,MONE,SELL,ACTI,,,40,40,40,,,,,,,,,,T10010497,,,,
SYNTHLEI0000000F0006,FALSE,NONE,ALGO1,,,AOTC,FALSE,2025-07-11T14:31:47.205001Z,DAVY,VFAR,2025-07-11T23:59:59.999999Z,2025-07-11T14:31:47.205001Z,,1117,XMKT,DLTA,ZZ0000000104,2025-07-11T14:31:47.205001Z,100048,NEWO,L,LMTO,3.1376,0,0,0,0,EUR,,MONE,BUYI,ACTI,,,60,60,60,,,,,,,,,,T10004850,,,,
SYNTHLEI0000000H0008,FALSE,CL1039,NONE,,,AOTC,FALSE,2025-07-11T14:32:22.598340Z,GTCV,VFAR,9999-12-31T23:59:59.999999Z,2025-07-11T14:32:22.598340Z,,1118,XMKT,ABLE,ZZ0000000101,2025-07-11T14:32:22.598340Z,100201,NEWO,L,LMTO,6.5031,0,0,0,0,EUR,,MONE,SELL,ACTI,,,1500,1500,1500,,,,,,,,,,T10020171,,,,
SYNTHLEI0000000D0004,FALSE,CL1026,NONE,,,MTCH,FALSE,2025-07-11T14:32:32.435338Z,GTDV,VFAR,2025-07-11T23:59:59.999999Z,2025-07-11T14:32:32.435338Z,,1119,XMKT,DLTA,ZZ0000000104,2025-07-11T14:32:32.435338Z,100049,NEWO,L,LMTO,3.1352,0,0,0,0,EUR,,MONE,BUYI,ACTI,,,40,40,40,,,,,,,,,,T10004920,,,,
SYNTHLEI0000000H0008,FALSE,CL1023,NONE,,,AOTC,FALSE,2025-07-11T14:32:52.436919Z,DAVY,VFAR,2025-07-11T23:59:59.999999Z,2025-07-11T14:32:52.436919Z,,1120,XMKT,BRVO,ZZ0000000102,2025-07-11T14:32:52.436919Z,100598,CAME,L,,,,,,,EUR,,MONE,BUYI,,,,200,0,0,,,,,,,,,,T10059818,,,,
SYNTHLEI0000000D0004,FALSE,CL1006,NONE,,,AOTC,FALSE,2025-07-11T14:33:25.558513Z,DAVY,VFAR,2025-07-11T23:59:59.999999Z,2025-07-11T14:33:25.558513Z,,1121,XMKT,CHRL,ZZ0000000103,2025-07-11T14:33:25.558513Z,100193,REME,L,LMTO,16.2419,,,,,EUR,,MONE,BUYI,ACTI,,,40,40,40,,,,,,,,,,T10019315,,,,
SYNTHLEI0000000H0008,FALSE,NONE,NONE,,,DEAL,TRUE,2025-07-11T14:34:28.819664Z,FOKV,VFCR,9999-12-31T23:59:59.999999Z,2025-07-11T14:27:23.819664Z,,1122,XMKT,BRVO,ZZ0000000102,2025-07-11T14:34:28.819664Z,100268,PARF,L,,,,,,2.0829,EUR,,MONE,BUYI,,,,,4,,1,,,,,PASV,,,,T10026836,,,,
SYNTHLEI0000000B0002,FALSE,NONE,ALGO1,,,AOTC,FALSE,2025-07-11T14:34:54.572821Z,DAVY,VFAR,2025-07-11T23:59:59.999999Z,2025-07-11T14:34:54.572821Z,,1123,XMKT,GOLF,ZZ0000000107,2025-07-11T14:34:54.572821Z,100148,NEWO,L,LMTO,4.1652,0,0,0,0,EUR,,MONE,BUYI,ACTI,,,200,200,200,,,,,,,,,,T10014847,,,,
SYNTHLEI0000000G0007,FALSE,CL1030,NONE,,,DEAL,FALSE,2025-07-11T14:35:48.134155Z,GTCV,VFAR,9999-12-31T23:59:59.999999Z,2025-07-11T14:35:48.134155Z,,1124,XMKT,DLTA,ZZ0000000104,2025-07-11T14:35:48.134155Z,100104,REME,L,LMTO,3.3054,,,,,EUR,,MONE,SELL,ACTI,,,40,40,40,,,,,,,,,,T10010497,,,,
SYNTHLEI0000000D0004,FALSE,CL1005,NONE,,,DEAL,FALSE,2025-07-11T14:35:48.890389Z,DAVY,VFAR,2025-07-11T23:59:59.999999Z,2025-07-11T14:31:00.890389Z,,1125,XMKT,GOLF,ZZ0000000107,2025-07-11T14:35:48.890389Z,100164,PARF,L,,,,,,4.1685,EUR,,MONE,BUYI,,,,,732,,268,,,,,PASV,,,,T10016469,,,,
SYNTHLEI0000000D0004,FALSE,CL1005,NONE,,,DEAL,FALSE,2025-07-11T14:35:51.890389Z,DAVY,VFAR,2025-07-11T23:59:59.999999Z,2025-07-11T14:31:00.890389Z,,1126,XMKT,GOLF,ZZ0000000107,2025-07-11T14:35:51.890389Z,100164,PARF,L,,,,,,4.1685,EUR,,MONE,BUYI,,,,,374,,358,,,,,PASV,,,,T10016469,,,,
SYNTHLEI0000000D0004,FALSE,CL1006,NONE,,,AOTC,FALSE,2025-07-11T14:35:52.558513Z,DAVY,VFAR,2025-07-11T23:59:59.999999Z,2025-07-11T14:23:41.558513Z,,1127,XMKT,CHRL,ZZ0000000103,2025-07-11T14:35:52.558513Z,100193,PARF,L,,,,,,16.2419,EUR,,MONE,BUYI,,,,,25,,15,,,,,PASV,,,,T10019315,,,,
SYNTHLEI0000000H0008,FALSE,CL1039,NONE,,,AOTC,FALSE,2025-07-11T14:36:05.598340Z,GTCV,VFAR,9999-12-31T23:59:59.999999Z,2025-07-11T14:32:22.598340Z,,1128,XMKT,ABLE,ZZ0000000101,2025-07-11T14:36:05.598340Z,100201,PARF,L,,,,,,6.5031,EUR,,MONE,SELL,,,,,612,,888,,,,,AGRE,,,,T10020171,,,,
SYNTHLEI0000000D0004,FALSE,CL1005,NONE,,,DEAL,FALSE,2025-07-11T14:36:56.890389Z,DAVY,VFAR,2025-07-11T23:59:59.999999Z,2025-07-11T14:31:00.890389Z,,1129,XMKT,GOLF,ZZ0000000107,2025-07-11T14:36:56.890389Z,100164,FILL,L,,,,,,4.1685,EUR,,MONE,BUYI,,,,,0,,374,,,,,AGRE,,,,T10016469,,,,
SYNTHLEI0000000B0002,FALSE,NONE,ALGO1,,,AOTC,FALSE,2025-07-11T14:37:23.572821Z,DAVY,VFAR,2025-07-11T23:59:59.999999Z,2025-07-11T14:34:54.572821Z,,1130,XMKT,GOLF,ZZ0000000107,2025-07-11T14:37:23.572821Z,100148,PARF,L,,,,,,4.1652,EUR,,MONE,BUYI,,,,,151,,49,,,,,AGRE,,,,T10014847,,,,
SYNTHLEI0000000F0006,FALSE,NONE,ALGO1,,,AOTC,FALSE,2025-07-11T14:37:45.205001Z,DAVY,VFAR,2025-07-11T23:59:59.999999Z,2025-07-11T14:31:47.205001Z,,1131,XMKT,DLTA,ZZ0000000104,2025-07-11T14:37:45.205001Z,100048,FILL,L,,,,,,3.1376,EUR,,MONE,BUYI,,,,,0,,60,,,,,PASV,,,,T10004850,,,,
SYNTHLEI0000000D0004,FALSE,CL1026,NONE,,,MTCH,FALSE,2025-07-11T14:37:47.435338Z,GTDV,VFAR,2025-07-11T23:59:59.999999Z,2025-07-11T14:37:47.435338Z,,1132,XMKT,DLTA,ZZ0000000104,2025-07-11T14:37:47.435338Z,100049,REME,L,LMTO,3.1373,,,,,EUR,,MONE,BUYI,ACTI,,,40,40,40,,,,,,,,,,T10004920,,,,
SYNTHLEI0000000G0007,FALSE,CL1030,NONE,,,DEAL,FALSE,2025-07-11T14:37:53.134155Z,GTCV,VFAR,9999-12-31T23:59:59.999999Z,2025-07-11T14:31:07.134155Z,,1133,XMKT,DLTA,ZZ0000000104,2025-07-11T14:37:53.134155Z,100104,PARF,L,,,,,,3.3054,EUR,,MONE,SELL,,,,,28,,12,,,,,PASV,,,,T10010497,,,,
SYNTHLEI0000000G0007,FALSE,CL1030,NONE,,,DEAL,FALSE,2025-07-11T14:38:05.134155Z,GTCV,VFAR,9999-12-31T23:59:59.999999Z,2025-07-11T14:31:07.134155Z,,1134,XMKT,DLTA,ZZ0000000104,2025-07-11T14:38:05.134155Z,100104,FILL,L,,,,,,3.3054,EUR,,MONE,SELL,,,,,0,,28,,,,,AGRE,,,,T10010497,,,,
SYNTHLEI0000000B0002,FALSE,NONE,ALGO1,,,AOTC,FALSE,2025-07-11T14:38:10.572821Z,DAVY,VFAR,2025-07-11T23:59:59.999999Z,2025-07-11T14:38:10.572821Z,,1135,XMKT,GOLF,ZZ0000000107,2025-07-11T14:38:10.572821Z,100148,CAME,L,,,,,,,EUR,,MONE,BUYI,,,,200,0,0,,,,,,,,,,T10014847,,,,
SYNTHLEI0000000D0004,FALSE,CL1006,NONE,,,AOTC,FALSE,2025-07-11T14:38:34.558513Z,DAVY,VFAR,2025-07-11T23:59:59.999999Z,2025-07-11T14:23:41.558513Z,,1136,XMKT,CHRL,ZZ0000000103,2025-07-11T14:38:34.558513Z,100193,FILL,L,,,,,,16.2419,EUR,,MONE,BUYI,,,,,0,,25,,,,,AGRE,,,,T10019315,,,,
SYNTHLEI0000000A0001,FALSE,CL1032,NONE,,,AOTC,FALSE,2025-07-11T14:38:34.970482Z,DAVY,VFAR,2025-07-11T23:59:59.999999Z,2025-07-11T14:38:34.970482Z,,1137,XMKT,INDX,ZZ0000000109,2025-07-11T14:38:34.970482Z,100640,NEWO,L,LMTO,0.4639,0,0,0,0,EUR,,MONE,SELL,ACTI,,,5,5,5,,,,,,,,,,T10064062,,,,
SYNTHLEI0000000H0008,FALSE,NONE,ALGOPT,,,AOTC,FALSE,2025-07-11T14:38:53.344862Z,GTCV,VFCR,9999-12-31T23:59:59.999999Z,2025-07-11T14:38:53.344862Z,,1138,XMKT,FXTR,ZZ0000000106,2025-07-11T14:38:53.344862Z,100365,NEWO,L,LMTO,3.1901,0,0,0,0,EUR,,MONE,SELL,ACTI,,,3000,3000,3000,,,,,,,,,,T10036584,,,,
SYNTHLEI0000000H0008,FALSE,CL1014,NONE,,,AOTC,FALSE,2025-07-11T14:39:10.650012Z,GTDV,VFAR,2025-07-11T23:59:59.999999Z,2025-07-11T14:39:10.650012Z,,1139,XMKT,ECHO,ZZ0000000105,2025-07-11T14:39:10.650012Z,100364,NEWO,L,LMTO,7.9373,0,0,0,0,EUR,,MONE,BUYI,ACTI,,,1000,1000,1000,,,,,,,,,,T10036484,,,,
SYNTHLEI0000000H0008,FALSE,CL1039,NONE,,,AOTC,FALSE,2025-07-11T14:39:17.598340Z,GTCV,VFAR,9999-12-31T23:59:59.999999Z,2025-07-11T14:32:22.598340Z,,1140,XMKT,ABLE,ZZ0000000101,2025-07-11T14:39:17.598340Z,100201,PARF,L,,,,,,6.5031,EUR,,MONE,SELL,,,,,443,,169,,,,,PASV,,,,T10020171,,,,
SYNTHLEI0000000F0006,FALSE,NONE,ALGO1,,,MTCH,FALSE,2025-07-11T14:39:18.390869Z,DAVY,VFAR,2025-07-11T23:59:59.999999Z,2025-07-11T14:39:18.390869Z,,1141,XMKT,FXTR,ZZ0000000106,2025-07-11T14:39:18.390869Z,100221,NEWO,L,LMTO,3.1891,0,0,0,0,EUR,,MONE,BUYI,ACTI,,,150,150,150,,,,,,,,,,T10022122,,,,
SYNTHLEI0000000F0006,FALSE,NONE,ALGO1,,,MTCH,FALSE,2025-07-11T14:39:18.513869Z,DAVY,VFAR,2025-07-11T23:59:59.999999Z,2025-07-11T14:39:18.390869Z,,1142,XMKT,FXTR,ZZ0000000106,2025-07-11T14:39:18.513869Z,100221,CAME,L,LMTO,,,,,,EUR,,MONE,BUYI,,,,150,0,0,,,,,,,,,,T10022122,,,,
SYNTHLEI0000000H0008,FALSE,CL1015,NONE,,,DEAL,FALSE,2025-07-11T14:39:24.062889Z,GTDV,VFAR,2025-07-11T23:59:59.999999Z,2025-07-11T14:39:24.062889Z,,1143,XMKT,FXTR,ZZ0000000106,2025-07-11T14:39:24.062889Z,100453,NEWO,L,LMTO,3.1915,0,0,0,0,EUR,,MONE,BUYI,ACTI,,,60,60,60,,,,,,,,,,T10045314,,,,
SYNTHLEI0000000B0002,TRUE,NONE,ALGO1,,,MTCH,FALSE,2025-07-11T14:39:25.456100Z,GTDV,VFAR,2025-07-11T23:59:59.999999Z,2025-07-11T14:39:25.456100Z,,1144,XMKT,FXTR,ZZ0000000106,2025-07-11T14:39:25.456100Z,100395,NEWO,M,LMTO,0,0,0,0,0,EUR,,MONE,SELL,ACTI,,,5,5,5,,,,,,,,,,T10039564,,,,
SYNTHLEI0000000C0003,FALSE,CL1001,NONE,,,DEAL,TRUE,2025-07-11T14:39:40.616335Z,GTDV,VFAR,2025-07-11T23:59:59.999999Z,2025-07-11T14:39:40.616335Z,,1145,XDRV,FTSE25T4900,ZV0000000201,2025-07-11T14:39:40.616335Z,100110,CAME,S,,,,,,,EUR,,MONE,BUYI,,,,10,0,0,,,,,,,,,,T10011050,,,,
SYNTHLEI0000000D0004,FALSE,CL1000,NONE,,,MTCH,FALSE,2025-07-11T14:40:01.146266Z,DAVY,VFCR,2025-07-11T23:59:59.999999Z,2025-07-11T14:40:01.146266Z,,1146,XDRV,OPT25G15.00,ZV0000000202,2025-07-11T14:40:01.146266Z,100244,NEWO,L,LMTO,0.456,0,0,0,0,EUR,,MONE,SELL,ACTI,,,50,50,50,,,,,,,,,,T10024449,,,,
SYNTHLEI0000000D0004,FALSE,CL1026,NONE,,,MTCH,FALSE,2025-07-11T14:40:19.435338Z,GTDV,VFAR,2025-07-11T23:59:59.999999Z,2025-07-11T14:32:32.435338Z,,1147,XMKT,DLTA,ZZ0000000104,2025-07-11T14:40:19.435338Z,100049,PARF,L,,,,,,3.1373,EUR,,MONE,BUYI,,,,,24,,16,,,,,AGRE,,,,T10004920,,,,
SYNTHLEI0000000D0004,FALSE,CL1000,NONE,,,MTCH,FALSE,2025-07-11T14:40:31.146266Z,DAVY,VFCR,2025-07-11T23:59:59.999999Z,2025-07-11T14:40:01.146266Z,,1148,XDRV,OPT25G15.00,ZV0000000202,2025-07-11T14:40:31.146266Z,100244,PARF,L,,,,,,0.456,EUR,,MONE,SELL,,,,,41,,9,,,,,PASV,,,,T10024449,,,,
SYNTHLEI0000000B0002,FALSE,NONE,ALGOPT,,,DEAL,FALSE,2025-07-11T14:40:46.026009Z,DAVY,VFCR,2025-07-11T23:59:59.999999Z,2025-07-11T14:40:46.026009Z,,1149,XMKT,JULT,ZZ0000000110,2025-07-11T14:40:46.026009Z,100183,NEWO,L,LMTO,11.4245,0,0,0,0,EUR,,MONE,SELL,ACTI,,,1500,1500,1500,,,,,,,,,,T10018327,,,,
SYNTHLEI0000000G0007,FALSE,CL1034,NONE,,,DEAL,FALSE,2025-07-11T14:40:56.647678Z,DAVY,,2025-07-11T23:59:59.999999Z,2025-07-11T14:40:56.647678Z,,1150,XDRV,OPT25G15.00,ZV0000000202,2025-07-11T14:40:56.647678Z,100632,NEWO,L,LMTO,0.4736,0,0,0,0,EUR,,MONE,SELL,ACTI,,,2,2,2,,,,,,,,,,T10063292,,,,
SYNTHLEI0000000B0002,TRUE,NONE,ALGO1,,,MTCH,FALSE,2025-07-11T14:41:38.456100Z,GTDV,VFAR,2025-07-11T23:59:59.999999Z,2025-07-11T14:39:25.456100Z,,1151,XMKT,FXTR,ZZ0000000106,2025-07-11T14:41:38.456100Z,100395,FILL,M,,,,,,3.1951,EUR,,MONE,SELL,,,,,0,,5,,,,,AGRE,,,,T10039564,,,,
SYNTHLEI0000000E0005,FALSE,NONE,NONE,,,AOTC,FALSE,2025-07-11T14:41:49.680176Z,GTCV,VFCR,9999-12-31T23:59:59.999999Z,2025-07-11T14:41:49.680176Z,,1152,XMKT,DLTA,ZZ0000000104,2025-07-11T14:41:49.680176Z,100483,NEWO,L,LMTO,3.14,0,0,0,0,EUR,,MONE,SELL,ACTI,,,5,5,5,,,,,,,,,,T10048352,,,,
SYNTHLEI0000000E0005,FALSE,NONE,NONE,,,AOTC,FALSE,2025-07-11T14:41:52.172176Z,GTCV,VFCR,9999-12-31T23:59:59.999999Z,2025-07-11T14:41:52.172176Z,,1153,XMKT,DLTA,ZZ0000000104,2025-07-11T14:41:52.172176Z,100483,REME,L,LMTO,3.1407,,,,,EUR,,MONE,SELL,ACTI,,,5,5,5,,,,,,,,,,T10048352,,,,
SYNTHLEI0000000E0005,FALSE,NONE,NONE,,,AOTC,FALSE,2025-07-11T14:41:54.269176Z,GTCV,VFCR,9999-12-31T23:59:59.999999Z,2025-07-11T14:41:54.269176Z,,1154,XMKT,DLTA,ZZ0000000104,2025-07-11T14:41:54.269176Z,100483,CAME,L,LMTO,,,,,,EUR,,MONE,SELL,,,,5,0,0,,,,,,,,,,T10048352,,,,
SYNTHLEI0000000H0008,FALSE,NONE,NONE,,,DEAL,TRUE,2025-07-11T14:43:07.819664Z,FOKV,VFCR,9999-12-31T23:59:59.999999Z,2025-07-11T14:43:07.819664Z,,1155,XMKT,BRVO,ZZ0000000102,2025-07-11T14:43:07.819664Z,100268,CAME,L,,,,,,,EUR,,MONE,BUYI,,,,5,0,0,,,,,,,,,,T10026836,,,,
SYNTHLEI0000000G0007,FALSE,NONE,ALGOPT,,,DEAL,TRUE,2025-07-11T14:43:08.346784Z,GTCV,,9999-12-31T23:59:59.999999Z,2025-07-11T14:43:08.346784Z,,1156,XMKT,CHRL,ZZ0000000103,2025-07-11T14:43:08.346784Z,100374,NEWO,L,LMTO,16.2497,0,0,0,0,EUR,,MONE,BUYI,ACTI,,,500,500,500,,,,,,,,,,T10037499,,,,
SYNTHLEI0000000D0004,FALSE,CL1026,NONE,,,MTCH,FALSE,2025-07-11T14:43:30.435338Z,GTDV,VFAR,2025-07-11T23:59:59.999999Z,2025-07-11T14:32:32.435338Z,,1157,XMKT,DLTA,ZZ0000000104,2025-07-11T14:43:30.435338Z,100049,FILL,L,,,,,,3.1373,EUR,,MONE,BUYI,,,,,0,,24,,,,,PASV,,,,T10004920,,,,
SYNTHLEI0000000H0008,FALSE,CL1014,NONE,,,AOTC,FALSE,2025-07-11T14:43:38.650012Z,GTDV,VFAR,2025-07-11T23:59:59.999999Z,2025-07-11T14:39:10.650012Z,,1158,XMKT,ECHO,ZZ0000000105,2025-07-11T14:43:38.650012Z,100364,PARF,L,,,,,,7.9373,EUR,,MONE,BUYI,,,,,848,,152,,,,,AGRE,,,,T10036484,,,,
SYNTHLEI0000000H0008,FALSE,CL1039,NONE,,,AOTC,FALSE,2025-07-11T14:44:22.598340Z,GTCV,VFAR,9999-12-31T23:59:59.999999Z,2025-07-11T14:32:22.598340Z,,1159,XMKT,ABLE,ZZ0000000101,2025-07-11T14:44:22.598340Z,100201,FILL,L,,,,,,6.5031,EUR,,MONE,SELL,,,,,0,,443,,,,,AGRE,,,,T10020171,,,,
SYNTHLEI0000000D0004,FALSE,CL1000,NONE,,,MTCH,FALSE,2025-07-11T14:46:34.146266Z,DAVY,VFCR,2025-07-11T23:59:59.999999Z,2025-07-11T14:46:34.146266Z,,1160,XDRV,OPT25G15.00,ZV0000000202,2025-07-11T14:46:34.146266Z,100244,CAME,L,,,,,,,EUR,,MONE,SELL,,,,50,0,0,,,,,,,,,,T10024449,,,,
SYNTHLEI0000000G0007,FALSE,NONE,ALGOPT,,,DEAL,TRUE,2025-07-11T14:47:09.346784Z,GTCV,,9999-12-31T23:59:59.999999Z,2025-07-11T14:47:09.346784Z,,1161,XMKT,CHRL,ZZ0000000103,2025-07-11T14:47:09.346784Z,100374,REME,L,LMTO,16.2506,,,,,EUR,,MONE,BUYI,ACTI,,,500,500,500,,,,,,,,,,T10037499,,,,
SYNTHLEI0000000H0008,FALSE,NONE,ALGOPT,,,AOTC,FALSE,2025-07-11T14:47:44.344862Z,GTCV,VFCR,9999-12-31T23:59:59.999999Z,2025-07-11T14:47:44.344862Z,,1162,XMKT,FXTR,ZZ0000000106,2025-07-11T14:47:44.344862Z,100365,REME,L,LMTO,3.1897,,,,,EUR,,MONE,SELL,ACTI,,,3000,3000,3000,,,,,,,,,,T10036584,,,,
SYNTHLEI0000000G0007,FALSE,CL1024,NONE,,,DEAL,TRUE,2025-07-11T14:48:00.398692Z,GTCV,VFAR,9999-12-31T23:59:59.999999Z,2025-07-11T14:48:00.398692Z,,1163,XMKT,INDX,ZZ0000000109,2025-07-11T14:48:00.398692Z,100202,NEWO,L,LMTO,0.4635,0,0,0,0,EUR,,MONE,SELL,ACTI,,,1000,1000,1000,,,,,,,,,,T10020281,,,,
SYNTHLEI0000000H0008,FALSE,CL1006,NONE,,,AOTC,FALSE,2025-07-11T14:49:40.570665Z,DAVY,VFAR,2025-07-11T23:59:59.999999Z,2025-07-11T14:49:40.570665Z,,1164,XDRV,FTSE25T4900,ZV0000000201,2025-07-11T14:49:40.570665Z,100452,NEWO,L,LMTO,107.7832,0,0,0,0,EUR,,MONE,SELL,ACTI,,,20,20,20,,,,,,,,,,T10045254,,,,
SYNTHLEI0000000F0006,FALSE,CL1032,NONE,,,AOTC,FALSE,2025-07-11T14:49:42.222940Z,DAVY,VFCR,2025-07-11T23:59:59.999999Z,2025-07-11T14:49:42.222940Z,,1165,XMKT,HOTL,ZZ0000000108,2025-07-11T14:49:42.222940Z,100584,NEWO,L,LMTO,3.1783,0,0,0,0,EUR,,MONE,BUYI,ACTI,,,200,200,200,,,,,,,,,,T10058453,,,,
SYNTHLEI0000000A0001,FALSE,CL1032,NONE,,,AOTC,FALSE,2025-07-11T14:51:35.970482Z,DAVY,VFAR,2025-07-11T23:59:59.999999Z,2025-07-11T14:51:35.970482Z,,1166,XMKT,INDX,ZZ0000000109,2025-07-11T14:51:35.970482Z,100640,CAME,L,,,,,,,EUR,,MONE,SELL,,,,5,0,0,,,,,,,,,,T10064062,,,,
SYNTHLEI0000000E0005,FALSE,CL1017,NONE,,,MTCH,FALSE,2025-07-11T14:51:50.688929Z,FOKV,VFCR,9999-12-31T23:59:59.999999Z,2025-07-11T14:51:50.688929Z,,1167,XMKT,FXTR,ZZ0000000106,2025-07-11T14:51:50.688929Z,100462,NEWO,L,LMTO,3.2043,0,0,0,0,EUR,,MONE,BUYI,ACTI,,,20,20,20,,,,,,,,,,T10046252,,,,
SYNTHLEI0000000E0005,FALSE,CL1017,NONE,,,MTCH,FALSE,2025-07-11T14:51:54.010929Z,FOKV,VFCR,9999-12-31T23:59:59.999999Z,2025-07-11T14:51:54.010929Z,,1168,XMKT,FXTR,ZZ0000000106,2025-07-11T14:51:54.010929Z,100462,REME,L,LMTO,3.2035,,,,,EUR,,MONE,BUYI,ACTI,,,20,20,20,,,,,,,,,,T10046252,,,,
SYNTHLEI0000000G0007,FALSE,NONE,ALGOPT,,,DEAL,TRUE,2025-07-11T14:51:54.346784Z,GTCV,,9999-12-31T23:59:59.999999Z,2025-07-11T14:43:08.346784Z,,1169,XMKT,CHRL,ZZ0000000103,2025-07-11T14:51:54.346784Z,100374,PARF,L,,,,,,16.2506,EUR,,MONE,BUYI,,,,,290,,210,,,,,AGRE,,,,T10037499,,,,
SYNTHLEI0000000E0005,FALSE,CL1017,NONE,,,MTCH,FALSE,2025-07-11T14:51:57.950929Z,FOKV,VFCR,9999-12-31T23:59:59.999999Z,2025-07-11T14:51:57.950929Z,,1170,XMKT,FXTR,ZZ0000000106,2025-07-11T14:51:57.950929Z,100462,REME,L,LMTO,3.2035,,,,,EUR,,MONE,BUYI,ACTI,,,20,20,20,,,,,,,,,,T10046252,,,,
SYNTHLEI0000000E0005,FALSE,CL1017,NONE,,,MTCH,FALSE,2025-07-11T14:51:59.656929Z,FOKV,VFCR,9999-12-31T23:59:59.999999Z,2025-07-11T14:51:59.656929Z,,1171,XMKT,FXTR,ZZ0000000106,2025-07-11T14:51:59.656929Z,100462,REME,L,LMTO,3.2059,,,,,EUR,,MONE,BUYI,ACTI,,,20,20,20,,,,,,,,,,T10046252,,,,
SYNTHLEI0000000E0005,FALSE,CL1017,NONE,,,MTCH,FALSE,2025-07-11T14:52:03.360929Z,FOKV,VFCR,9999-12-31T23:59:59.999999Z,2025-07-11T14:52:03.360929Z,,1172,XMKT,FXTR,ZZ0000000106,2025-07-11T14:52:03.360929Z,100462,CAME,L,LMTO,,,,,,EUR,,MONE,BUYI,,,,20,0,0,,,,,,,,,,T10046252,,,,
SYNTHLEI0000000H0008,FALSE,CL1006,NONE,,,AOTC,FALSE,2025-07-11T14:52:11.570665Z,DAVY,VFAR,2025-07-11T23:59:59.999999Z,2025-07-11T14:49:40.570665Z,,1173,XDRV,FTSE25T4900,ZV0000000201,2025-07-11T14:52:11.570665Z,100452,PARF,L,,,,,,107.7832,EUR,,MONE,SELL,,,,,16,,4,,,,,AGRE,,,,T10045254,,,,
SYNTHLEI0000000A0001,FALSE,CL1005,NONE,,,DEAL,TRUE,2025-07-11T14:52:36.880237Z,DAVY,VFAR,2025-07-11T23:59:59.999999Z,2025-07-11T14:52:36.880237Z,,1174,XMKT,BRVO,ZZ0000000102,2025-07-11T14:52:36.880237Z,100341,NEWO,L,LMTO,2.0868,0,0,0,0,EUR,,MONE,BUYI,ACTI,,,200,200,200,,,,,,,,,,T10034180,,,,
SYNTHLEI0000000H0008,FALSE,CL1014,NONE,,,AOTC,FALSE,2025-07-11T14:52:52.650012Z,GTDV,VFAR,2025-07-11T23:59:59.999999Z,2025-07-11T14:52:52.650012Z,,1175,XMKT,ECHO,ZZ0000000105,2025-07-11T14:52:52.650012Z,100364,CAME,L,,,,,,,EUR,,MONE,BUYI,,,,1000,0,0,,,,,,,,,,T10036484,,,,
SYNTHLEI0000000G0007,FALSE,CL1024,NONE,,,DEAL,TRUE,2025-07-11T14:53:32.398692Z,GTCV,VFAR,9999-12-31T23:59:59.999999Z,2025-07-11T14:48:00.398692Z,,1176,XMKT,INDX,ZZ0000000109,2025-07-11T14:53:32.398692Z,100202,PARF,L,,,,,,0.4635,EUR,,MONE,SELL,,,,,768,,232,,,,,AGRE,,,,T10020281,,,,
SYNTHLEI0000000F0006,FALSE,CL1036,NONE,,,AOTC,FALSE,2025-07-11T14:53:34.927939Z,DAVY,VFCR,2025-07-11T23:59:59.999999Z,2025-07-11T14:53:34.927939Z,,1177,XMKT,BRVO,ZZ0000000102,2025-07-11T14:53:34.927939Z,100513,NEWO,L,LMTO,2.0862,0,0,0,0,EUR,,MONE,BUYI,ACTI,,,3000,3000,3000,,,,,,,,,,T10051364,,,,
SYNTHLEI0000000G0007,FALSE,CL1024,NONE,,,DEAL,TRUE,2025-07-11T14:53:45.398692Z,GTCV,VFAR,9999-12-31T23:59:59.999999Z,2025-07-11T14:48:00.398692Z,,1178,XMKT,INDX,ZZ0000000109,2025-07-11T14:53:45.398692Z,100202,PARF,L,,,,,,0.4635,EUR,,MONE,SELL,,,,,469,,299,,,,,AGRE,,,,T10020281,,,,
SYNTHLEI0000000F0006,FALSE,CL1036,NONE,,,AOTC,FALSE,2025-07-11T14:54:05.927939Z,DAVY,VFCR,2025-07-11T23:59:59.999999Z,2025-07-11T14:53:34.927939Z,,1179,XMKT,BRVO,ZZ0000000102,2025-07-11T14:54:05.927939Z,100513,PARF,L,,,,,,2.0862,EUR,,MONE,BUYI,,,,,1790,,1210,,,,,PASV,,,,T10051364,,,,
SYNTHLEI0000000A0001,FALSE,NONE,NONE,,,MTCH,FALSE,2025-07-11T14:54:15.675067Z,GTDV,VFCR,2025-07-11T23:59:59.999999Z,2025-07-11T14:54:15.675067Z,,1180,XMKT,FXTR,ZZ0000000106,2025-07-11T14:54:15.675067Z,100607,NEWO,L,LMTO,3.1948,0,0,0,0,EUR,,MONE,BUYI,ACTI,,,5,5,5,,,,,,,,,,T10060795,,,,
SYNTHLEI0000000G0007,FALSE,CL1024,NONE,,,DEAL,TRUE,2025-07-11T14:54:34.398692Z,GTCV,VFAR,9999-12-31T23:59:59.999999Z,2025-07-11T14:48:00.398692Z,,1181,XMKT,INDX,ZZ0000000109,2025-07-11T14:54:34.398692Z,100202,FILL,L,,,,,,0.4635,EUR,,MONE,SELL,,,,,0,,469,,,,,PASV,,,,T10020281,,,,
SYNTHLEI0000000G0007,FALSE,CL1034,NONE,,,DEAL,FALSE,2025-07-11T14:55:02.647678Z,DAVY,,2025-07-11T23:59:59.999999Z,2025-07-11T14:55:02.647678Z,,1182,XDRV,OPT25G15.00,ZV0000000202,2025-07-11T14:55:02.647678Z,100632,CAME,L,,,,,,,EUR,,MONE,SELL,,,,2,0,0,,,,,,,,,,T10063292,,,,
SYNTHLEI0000000F0006,FALSE,CL1036,NONE,,,AOTC,FALSE,2025-07-11T14:55:10.927939Z,DAVY,VFCR,2025-07-11T23:59:59.999999Z,2025-07-11T14:53:34.927939Z,,1183,XMKT,BRVO,ZZ0000000102,2025-07-11T14:55:10.927939Z,100513,PARF,L,,,,,,2.0862,EUR,,MONE,BUYI,,,,,1103,,687,,,,,AGRE,,,,T10051364,,,,
SYNTHLEI0000000H0008,FALSE,CL1006,NONE,,,AOTC,FALSE,2025-07-11T14:55:16.570665Z,DAVY,VFAR,2025-07-11T23:59:59.999999Z,2025-07-11T14:55:16.570665Z,,1184,XDRV,FTSE25T4900,ZV0000000201,2025-07-11T14:55:16.570665Z,100452,CAME,L,,,,,,,EUR,,MONE,SELL,,,,20,0,0,,,,,,,,,,T10045254,,,,
SYNTHLEI0000000A0001,FALSE,CL1005,NONE,,,DEAL,TRUE,2025-07-11T14:55:30.880237Z,DAVY,VFAR,2025-07-11T23:59:59.999999Z,2025-07-11T14:52:36.880237Z,,1185,XMKT,BRVO,ZZ0000000102,2025-07-11T14:55:30.880237Z,100341,FILL,L,,,,,,2.0868,EUR,,MONE,BUYI,,,,,0,,200,,,,,AGRE,,,,T10034180,,,,
SYNTHLEI0000000F0006,FALSE,CL1032,NONE,,,AOTC,FALSE,2025-07-11T14:55:33.222940Z,DAVY,VFCR,2025-07-11T23:59:59.999999Z,2025-07-11T14:49:42.222940Z,,1186,XMKT,HOTL,ZZ0000000108,2025-07-11T14:55:33.222940Z,100584,FILL,L,,,,,,3.1783,EUR,,MONE,BUYI,,,,,0,,200,,,,,AGRE,,,,T10058453,,,,
SYNTHLEI0000000D0004,FALSE,CL1033,NONE,,,AOTC,FALSE,2025-07-11T14:56:57.980790Z,DAVY,VFCR,2025-07-11T23:59:59.999999Z,2025-07-11T14:56:57.980790Z,,1187,XDRV,FTSE25T4900,ZV0000000201,2025-07-11T14:56:57.980790Z,100463,NEWO,L,LMTO,108.0308,0,0,0,0,EUR,,MONE,BUYI,ACTI,,,2,2,2,,,,,,,,,,T10046330,,,,
SYNTHLEI0000000F0006,FALSE,CL1036,NONE,,,AOTC,FALSE,2025-07-11T14:58:56.927939Z,DAVY,VFCR,2025-07-11T23:59:59.999999Z,2025-07-11T14:53:34.927939Z,,1188,XMKT,BRVO,ZZ0000000102,2025-07-11T14:58:56.927939Z,100513,FILL,L,,,,,,2.0862,EUR,,MONE,BUYI,,,,,0,,1103,,,,,PASV,,,,T10051364,,,,
SYNTHLEI0000000E0005,FALSE,CL1004,NONE,,,AOTC,FALSE,2025-07-11T14:59:00.453185Z,GTCV,VFCR,9999-12-31T23:59:59.999999Z,2025-07-11T14:59:00.453185Z,,1189,XDRV,OPT25G15.00,ZV0000000202,2025-07-11T14:59:00.453185Z,100203,NEWO,L,LMTO,0.4559,0,0,0,0,EUR,,MONE,BUYI,ACTI,,,2,2,2,,,,,,,,,,T10020361,,,,
SYNTHLEI0000000E0005,FALSE,CL1004,NONE,,,AOTC,FALSE,2025-07-11T14:59:00.852185Z,GTCV,VFCR,9999-12-31T23:59:59.999999Z,2025-07-11T14:59:00.852185Z,,1190,XDRV,OPT25G15.00,ZV0000000202,2025-07-11T14:59:00.852185Z,100203,REME,L,LMTO,0.4558,,,,,EUR,,MONE,BUYI,ACTI,,,2,2,2,,,,,,,,,,T10020361,,,,
SYNTHLEI0000000E0005,FALSE,CL1004,NONE,,,AOTC,FALSE,2025-07-11T14:59:01.346185Z,GTCV,VFCR,9999-12-31T23:59:59.999999Z,2025-07-11T14:59:01.346185Z,,1191,XDRV,OPT25G15.00,ZV0000000202,2025-07-11T14:59:01.346185Z,100203,REME,L,LMTO,0.456,,,,,EUR,,MONE,BUYI,ACTI,,,2,2,2,,,,,,,,,,T10020361,,,,
SYNTHLEI0000000E0005,FALSE,CL1004,NONE,,,AOTC,FALSE,2025-07-11T14:59:01.968185Z,GTCV,VFCR,9999-12-31T23:59:59.999999Z,2025-07-11T14:59:01.968185Z,,1192,XDRV,OPT25G15.00,ZV0000000202,2025-07-11T14:59:01.968185Z,100203,REME,L,LMTO,0.4557,,,,,EUR,,MONE,BUYI,ACTI,,,2,2,2,,,,,,,,,,T10020361,,,,
SYNTHLEI0000000E0005,FALSE,CL1004,NONE,,,AOTC,FALSE,2025-07-11T14:59:04.105185Z,GTCV,VFCR,9999-12-31T23:59:59.999999Z,2025-07-11T14:59:04.105185Z,,1193,XDRV,OPT25G15.00,ZV0000000202,2025-07-11T14:59:04.105185Z,100203,CAME,L,LMTO,,,,,,EUR,,MONE,BUYI,,,,2,0,0,,,,,,,,,,T10020361,,,,
SYNTHLEI0000000A0001,FALSE,NONE,NONE,,,MTCH,FALSE,2025-07-11T15:00:40.675067Z,GTDV,VFCR,2025-07-11T23:59:59.999999Z,2025-07-11T14:54:15.675067Z,,1194,XMKT,FXTR,ZZ0000000106,2025-07-11T15:00:40.675067Z,100607,PARF,L,,,,,,3.1948,EUR,,MONE,BUYI,,,,,3,,2,,,,,PASV,,,,T10060795,,,,
SYNTHLEI0000000G0007,FALSE,NONE,ALGOPT,,,DEAL,TRUE,2025-07-11T15:00:50.346784Z,GTCV,,9999-12-31T23:59:59.999999Z,2025-07-11T15:00:50.346784Z,,1195,XMKT,CHRL,ZZ0000000103,2025-07-11T15:00:50.346784Z,100374,CAME,L,,,,,,,EUR,,MONE,BUYI,,,,500,0,0,,,,,,,,,,T10037499,,,,
SYNTHLEI0000000H0008,FALSE,NONE,ALGOPT,,,AOTC,FALSE,2025-07-11T15:01:40.344862Z,GTCV,VFCR,9999-12-31T23:59:59.999999Z,2025-07-11T15:01:40.344862Z,,1196,XMKT,FXTR,ZZ0000000106,2025-07-11T15:01:40.344862Z,100365,CAME,L,,,,,,,EUR,,MONE,SELL,,,,3000,0,0,,,,,,,,,,T10036584,,,,
SYNTHLEI0000000G0007,FALSE,CL1027,NONE,,,AOTC,FALSE,2025-07-11T15:01:48.090177Z,IOCV,VFAR,9999-12-31T23:59:59.999999Z,2025-07-11T15:01:48.090177Z,,1197,XMKT,HOTL,ZZ0000000108,2025-07-11T15:01:48.090177Z,100428,NEWO,L,LMTO,3.1121,0,0,0,0,EUR,,MONE,SELL,ACTI,,,1500,1500,1500,,,,,,,,,,T10042873,,,,
SYNTHLEI0000000A0001,FALSE,NONE,NONE,,,MTCH,FALSE,2025-07-11T15:02:05.675067Z,GTDV,VFCR,2025-07-11T23:59:59.999999Z,2025-07-11T14:54:15.675067Z,,1198,XMKT,FXTR,ZZ0000000106,2025-07-11T15:02:05.675067Z,100607,FILL,L,,,,,,3.1948,EUR,,MONE,BUYI,,,,,0,,3,,,,,AGRE,,,,T10060795,,,,
SYNTHLEI0000000D0004,FALSE,NONE,ALGOPT,,,AOTC,FALSE,2025-07-11T15:02:26.174201Z,IOCV,VFAR,9999-12-31T23:59:59.999999Z,2025-07-11T15:02:26.174201Z,,1199,XMKT,ABLE,ZZ0000000101,2025-07-11T15:02:26.174201Z,100262,NEWO,L,LMTO,6.5062,0,0,0,0,EUR,,MONE,SELL,ACTI,,,150,150,150,,,,,,,,,,T10026229,,,,
SYNTHLEI0000000D0004,FALSE,CL1033,NONE,,,AOTC,FALSE,2025-07-11T15:02:51.476710Z,DAVY,VFCR,2025-07-11T23:59:59.999999Z,2025-07-11T15:02:51.476710Z,,1200,XMKT,INDX,ZZ0000000109,2025-07-11T15:02:51.476710Z,100121,NEWO,S,STOP,0.4632,0,0.4751,0,0,EUR,,MONE,BUYI,ACTI,,,60,60,60,,,,,,,,,,T10012121,,,,
SYNTHLEI0000000D0004,FALSE,CL1033,NONE,,,AOTC,FALSE,2025-07-11T15:05:59.980790Z,DAVY,VFCR,2025-07-11T23:59:59.999999Z,2025-07-11T15:05:59.980790Z,,1201,XDRV,FTSE25T4900,ZV0000000201,2025-07-11T15:05:59.980790Z,100463,REME,L,LMTO,107.9468,,,,,EUR,,MONE,BUYI,ACTI,,,2,2,2,,,,,,,,,,T10046330,,,,
SYNTHLEI0000000D0004,FALSE,CL1033,NONE,,,AOTC,FALSE,2025-07-11T15:06:18.980790Z,DAVY,VFCR,2025-07-11T23:59:59.999999Z,2025-07-11T14:56:57.980790Z,,1202,XDRV,FTSE25T4900,ZV0000000201,2025-07-11T15:06:18.980790Z,100463,PARF,L,,,,,,107.9468,EUR,,MONE,BUYI,,,,,1,,1,,,,,PASV,,,,T10046330,,,,
SYNTHLEI0000000A0001,FALSE,CL1001,NONE,,,DEAL,FALSE,2025-07-11T15:07:26.489441Z,IOCV,VFCR,9999-12-31T23:59:59.999999Z,2025-07-11T15:07:26.489441Z,,1203,XMKT,GOLF,ZZ0000000107,2025-07-11T15:07:26.489441Z,100106,NEWO,L,LMTO,4.1571,0,0,0,0,EUR,,MONE,SELL,ACTI,,,40,40,40,,,,,,,,,,T10010644,,,,
SYNTHLEI0000000H0008,FALSE,CL1026,NONE,,,MTCH,FALSE,2025-07-11T15:07:48.558100Z,DAVY,,2025-07-11T23:59:59.999999Z,2025-07-11T15:07:48.558100Z,,1204,XMKT,BRVO,ZZ0000000102,2025-07-11T15:07:48.558100Z,100075,NEWO,L,LMTO,2.0845,0,0,0,0,EUR,,MONE,BUYI,ACTI,,,40,40,40,,,,,,,,,,T10007590,,,,
SYNTHLEI0000000D0004,FALSE,CL1033,NONE,,,AOTC,FALSE,2025-07-11T15:07:49.476710Z,DAVY,VFCR,2025-07-11T23:59:59.999999Z,2025-07-11T15:02:51.476710Z,,1205,XMKT,INDX,ZZ0000000109,2025-07-11T15:07:49.476710Z,100121,PARF,S,,,,,,0.4632,EUR,,MONE,BUYI,,,,,31,,29,,,,,PASV,,,,T10012121,,,,
SYNTHLEI0000000D0004,FALSE,CL1038,NONE,,,AOTC,FALSE,2025-07-11T15:08:49.304163Z,GTCV,VFCR,9999-12-31T23:59:59.999999Z,2025-07-11T15:08:49.304163Z,,1206,XMKT,ABLE,ZZ0000000101,2025-07-11T15:08:49.304163Z,100134,NEWO,L,LMTO,6.4901,0,0,0,0,EUR,,MONE,SELL,ACTI,,,150,150,150,,,,,,,,,,T10013419,,,,
SYNTHLEI0000000B0002,FALSE,NONE,ALGOPT,,,AOTC,FALSE,2025-07-11T15:08:53.042191Z,DAVY,VFAR,2025-07-11T23:59:59.999999Z,2025-07-11T15:08:53.042191Z,,1207,XMKT,HOTL,ZZ0000000108,2025-07-11T15:08:53.042191Z,100273,NEWO,L,LMTO,3.1754,0,0,0,0,EUR,,MONE,BUYI,ACTI,,,60,60,60,,,,,,,,,,T10027337,,,,
SYNTHLEI0000000D0004,FALSE,CL1033,NONE,,,AOTC,FALSE,2025-07-11T15:09:06.476710Z,DAVY,VFCR,2025-07-11T23:59:59.999999Z,2025-07-11T15:09:06.476710Z,,1208,XMKT,INDX,ZZ0000000109,2025-07-11T15:09:06.476710Z,100121,CAME,S,,,,,,,EUR,,MONE,BUYI,,,,60,0,0,,,,,,,,,,T10012121,,,,
SYNTHLEI0000000G0007,FALSE,CL1027,NONE,,,AOTC,FALSE,2025-07-11T15:09:18.090177Z,IOCV,VFAR,9999-12-31T23:59:59.999999Z,2025-07-11T15:09:18.090177Z,,1209,XMKT,HOTL,ZZ0000000108,2025-07-11T15:09:18.090177Z,100428,REME,L,LMTO,3.1129,,,,,EUR,,MONE,SELL,ACTI,,,1500,1500,1500,,,,,,,,,,T10042873,,,,
SYNTHLEI0000000B0002,FALSE,NONE,ALGOPT,,,AOTC,FALSE,2025-07-11T15:10:28.042191Z,DAVY,VFAR,2025-07-11T23:59:59.999999Z,2025-07-11T15:08:53.042191Z,,1210,XMKT,HOTL,ZZ0000000108,2025-07-11T15:10:28.042191Z,100273,PARF,L,,,,,,3.1754,EUR,,MONE,BUYI,,,,,30,,30,,,,,AGRE,,,,T10027337,,,,
SYNTHLEI0000000B0002,FALSE,NONE,ALGOPT,,,AOTC,FALSE,2025-07-11T15:10:32.042191Z,DAVY,VFAR,2025-07-11T23:59:59.999999Z,2025-07-11T15:08:53.042191Z,,1211,XMKT,HOTL,ZZ0000000108,2025-07-11T15:10:32.042191Z,100273,FILL,L,,,,,,3.1754,EUR,,MONE,BUYI,,,,,0,,30,,,,,AGRE,,,,T10027337,,,,
SYNTHLEI0000000D0004,FALSE,NONE,ALGOPT,,,AOTC,FALSE,2025-07-11T15:10:33.174201Z,IOCV,VFAR,9999-12-31T23:59:59.999999Z,2025-07-11T15:10:33.174201Z,,1212,XMKT,ABLE,ZZ0000000101,2025-07-11T15:10:33.174201Z,100262,REME,L,LMTO,6.5085,,,,,EUR,,MONE,SELL,ACTI,,,150,150,150,,,,,,,,,,T10026229,,,,
SYNTHLEI0000000A0001,FALSE,CL1028,NONE,,,AOTC,FALSE,2025-07-11T15:10:58.162366Z,DAVY,VFAR,2025-07-11T23:59:59.999999Z,2025-07-11T15:10:58.162366Z,,1213,XMKT,BRVO,ZZ0000000102,2025-07-11T15:10:58.162366Z,100082,NEWO,S,STOP,2.0843,0,2.045,0,0,EUR,,MONE,SELL,ACTI,,,40,40,40,,,,,,,,,,T10008228,,,,
SYNTHLEI0000000D0004,FALSE,CL1038,NONE,,,AOTC,FALSE,2025-07-11T15:11:13.304163Z,GTCV,VFCR,9999-12-31T23:59:59.999999Z,2025-07-11T15:08:49.304163Z,,1214,XMKT,ABLE,ZZ0000000101,2025-07-11T15:11:13.304163Z,100134,PARF,L,,,,,,6.4901,EUR,,MONE,SELL,,,,,112,,38,,,,,AGRE,,,,T10013419,,,,
SYNTHLEI0000000G0007,FALSE,CL1027,NONE,,,AOTC,FALSE,2025-07-11T15:11:24.090177Z,IOCV,VFAR,9999-12-31T23:59:59.999999Z,2025-07-11T15:01:48.090177Z,,1215,XMKT,HOTL,ZZ0000000108,2025-07-11T15:11:24.090177Z,100428,PARF,L,,,,,,3.1129,EUR,,MONE,SELL,,,,,934,,566,,,,,AGRE,,,,T10042873,,,,
SYNTHLEI0000000A0001,FALSE,CL1017,NONE,,,DEAL,FALSE,2025-07-11T15:11:44.709045Z,IOCV,VFCR,9999-12-31T23:59:59.999999Z,2025-07-11T15:11:44.709045Z,,1216,XMKT,CHRL,ZZ0000000103,2025-07-11T15:11:44.709045Z,100519,NEWO,L,LMTO,16.2392,0,0,0,0,EUR,,MONE,BUYI,ACTI,,,40,40,40,,,,,,,,,,T10051990,,,,
SYNTHLEI0000000D0004,FALSE,NONE,ALGOPT,,,AOTC,FALSE,2025-07-11T15:12:03.174201Z,IOCV,VFAR,9999-12-31T23:59:59.999999Z,2025-07-11T15:02:26.174201Z,,1217,XMKT,ABLE,ZZ0000000101,2025-07-11T15:12:03.174201Z,100262,FILL,L,,,,,,6.5085,EUR,,MONE,SELL,,,,,0,,150,,,,,AGRE,,,,T10026229,,,,
SYNTHLEI0000000A0001,FALSE,CL1017,NONE,,,DEAL,FALSE,2025-07-11T15:12:23.709045Z,IOCV,VFCR,9999-12-31T23:59:59.999999Z,2025-07-11T15:11:44.709045Z,,1218,XMKT,CHRL,ZZ0000000103,2025-07-11T15:12:23.709045Z,100519,PARF,L,,,,,,16.2392,EUR,,MONE,BUYI,,,,,21,,19,,,,,AGRE,,,,T10051990,,,,
SYNTHLEI0000000E0005,FALSE,CL1001,NONE,,,AOTC,FALSE,2025-07-11T15:12:49.785106Z,IOCV,VFAR,9999-12-31T23:59:59.999999Z,2025-07-11T15:12:49.785106Z,,1219,XMKT,GOLF,ZZ0000000107,2025-07-11T15:12:49.785106Z,100448,NEWO,L,LMTO,4.1628,0,0,0,0,EUR,,MONE,BUYI,ACTI,,,40,40,40,,,,,,,,,,T10044861,,,,
SYNTHLEI0000000E0005,FALSE,CL1001,NONE,,,AOTC,FALSE,2025-07-11T15:12:51.144106Z,IOCV,VFAR,9999-12-31T23:59:59.999999Z,2025-07-11T15:12:51.144106Z,,1220,XMKT,GOLF,ZZ0000000107,2025-07-11T15:12:51.144106Z,100448,REME,L,LMTO,4.1637,,,,,EUR,,MONE,BUYI,ACTI,,,40,40,40,,,,,,,,,,T10044861,,,,
SYNTHLEI0000000E0005,FALSE,CL1001,NONE,,,AOTC,FALSE,2025-07-11T15:12:54.366106Z,IOCV,VFAR,9999-12-31T23:59:59.999999Z,2025-07-11T15:12:54.366106Z,,1221,XMKT,GOLF,ZZ0000000107,2025-07-11T15:12:54.366106Z,100448,REME,L,LMTO,4.1636,,,,,EUR,,MONE,BUYI,ACTI,,,40,40,40,,,,,,,,,,T10044861,,,,
SYNTHLEI0000000E0005,FALSE,CL1001,NONE,,,AOTC,FALSE,2025-07-11T15:12:55.393106Z,IOCV,VFAR,9999-12-31T23:59:59.999999Z,2025-07-11T15:12:55.393106Z,,1222,XMKT,GOLF,ZZ0000000107,2025-07-11T15:12:55.393106Z,100448,CAME,L,LMTO,,,,,,EUR,,MONE,BUYI,,,,40,0,0,,,,,,,,,,T10044861,,,,
SYNTHLEI0000000A0001,FALSE,CL1017,NONE,,,DEAL,FALSE,2025-07-11T15:13:15.709045Z,IOCV,VFCR,9999-12-31T23:59:59.999999Z,2025-07-11T15:13:15.709045Z,,1223,XMKT,CHRL,ZZ0000000103,2025-07-11T15:13:15.709045Z,100519,CAME,L,,,,,,,EUR,,MONE,BUYI,,,,40,0,0,,,,,,,,,,T10051990,,,,
SYNTHLEI0000000B0002,FALSE,CL1005,NONE,,,AOTC,FALSE,2025-07-11T15:13:56.381073Z,GTDV,VFAR,2025-07-11T23:59:59.999999Z,2025-07-11T15:13:56.381073Z,,1224,XMKT,FXTR,ZZ0000000106,2025-07-11T15:13:56.381073Z,100394,NEWO,L,LMTO,3.1918,0,0,0,0,EUR,,MONE,SELL,ACTI,,,40,40,40,,,,,,,,,,T10039438,,,,
SYNTHLEI0000000A0001,FALSE,CL1001,NONE,,,DEAL,FALSE,2025-07-11T15:14:02.489441Z,IOCV,VFCR,9999-12-31T23:59:59.999999Z,2025-07-11T15:07:26.489441Z,,1225,XMKT,GOLF,ZZ0000000107,2025-07-11T15:14:02.489441Z,100106,FILL,L,,,,,,4.1571,EUR,,MONE,SELL,,,,,0,,40,,,,,PASV,,,,T10010644,,,,
SYNTHLEI0000000A0001,FALSE,CL1028,NONE,,,AOTC,FALSE,2025-07-11T15:14:27.162366Z,DAVY,VFAR,2025-07-11T23:59:59.999999Z,2025-07-11T15:10:58.162366Z,,1226,XMKT,BRVO,ZZ0000000102,2025-07-11T15:14:27.162366Z,100082,PARF,S,,,,,,2.0843,EUR,,MONE,SELL,,,,,27,,13,,,,,PASV,,,,T10008228,,,,
SYNTHLEI0000000C0003,FALSE,CL1006,NONE,,,AOTC,FALSE,2025-07-11T15:15:19.154601Z,DAVY,VFAR,2025-07-11T23:59:59.999999Z,2025-07-11T15:15:19.154601Z,,1227,XMKT,GOLF,ZZ0000000107,2025-07-11T15:15:19.154601Z,100249,NEWO,S,STOP,4.1704,0,4.2798,0,0,EUR,,MONE,SELL,ACTI,,,150,150,150,,,,,,,,,,T10024982,,,,
SYNTHLEI0000000F0006,FALSE,CL1013,NONE,,,AOTC,FALSE,2025-07-11T15:15:38.943828Z,GTCV,VFAR,9999-12-31T23:59:59.999999Z,2025-07-11T15:15:38.943828Z,,1228,XMKT,ABLE,ZZ0000000101,2025-07-11T15:15:38.943828Z,100552,NEWO,L,LMTO,6.4976,0,0,0,0,EUR,,MONE,BUYI,ACTI,,,500,500,500,,,,,,,,,,T10055239,,,,
SYNTHLEI0000000D0004,FALSE,CL1033,NONE,,,AOTC,FALSE,2025-07-11T15:15:40.980790Z,DAVY,VFCR,2025-07-11T23:59:59.999999Z,2025-07-11T15:15:40.980790Z,,1229,XDRV,FTSE25T4900,ZV0000000201,2025-07-11T15:15:40.980790Z,100463,CAME,L,,,,,,,EUR,,MONE,BUYI,,,,2,0,0,,,,,,,,,,T10046330,,,,
SYNTHLEI0000000G0007,FALSE,CL1027,NONE,,,AOTC,FALSE,2025-07-11T15:16:49.090177Z,IOCV,VFAR,9999-12-31T23:59:59.999999Z,2025-07-11T15:01:48.090177Z,,1230,XMKT,HOTL,ZZ0000000108,2025-07-11T15:16:49.090177Z,100428,FILL,L,,,,,,3.1129,EUR,,MONE,SELL,,,,,0,,934,,,,,AGRE,,,,T10042873,,,,
SYNTHLEI0000000D0004,FALSE,CL1038,NONE,,,AOTC,FALSE,2025-07-11T15:18:01.304163Z,GTCV,VFCR,9999-12-31T23:59:59.999999Z,2025-07-11T15:18:01.304163Z,,1231,XMKT,ABLE,ZZ0000000101,2025-07-11T15:18:01.304163Z,100134,CAME,L,,,,,,,EUR,,MONE,SELL,,,,150,0,0,,,,,,,,,,T10013419,,,,
SYNTHLEI0000000H0008,TRUE,CL1003,NONE,,,DEAL,FALSE,2025-07-11T15:19:56.190796Z,DAVY,VFCR,2025-07-11T23:59:59.999999Z,2025-07-11T15:19:56.190796Z,,1232,XMKT,CHRL,ZZ0000000103,2025-07-11T15:19:56.190796Z,100580,NEWO,L,LMTO,16.2331,0,0,0,0,EUR,,MONE,BUYI,ACTI,,,5,5,5,,,,,,,,,,T10058010,,,,
SYNTHLEI0000000H0008,TRUE,CL1003,NONE,,,DEAL,FALSE,2025-07-11T15:20:50.190796Z,DAVY,VFCR,2025-07-11T23:59:59.999999Z,2025-07-11T15:19:56.190796Z,,1233,XMKT,CHRL,ZZ0000000103,2025-07-11T15:20:50.190796Z,100580,PARF,L,,,,,,16.2331,EUR,,MONE,BUYI,,,,,4,,1,,,,,PASV,,,,T10058010,,,,
SYNTHLEI0000000E0005,FALSE,CL1023,NONE,,,AOTC,FALSE,2025-07-11T15:21:01.916964Z,IOCV,VFCR,9999-12-31T23:59:59.999999Z,2025-07-11T15:21:01.916964Z,,1234,XDRV,OPT25G15.00,ZV0000000202,2025-07-11T15:21:01.916964Z,100530,NEWO,L,LMTO,0.4565,0,0,0,0,EUR,,MONE,SELL,ACTI,,,5,5,5,,,,,,,,,,T10053071,,,,
SYNTHLEI0000000E0005,FALSE,CL1023,NONE,,,AOTC,FALSE,2025-07-11T15:21:04.523964Z,IOCV,VFCR,9999-12-31T23:59:59.999999Z,2025-07-11T15:21:04.523964Z,,1235,XDRV,OPT25G15.00,ZV0000000202,2025-07-11T15:21:04.523964Z,100530,REME,L,LMTO,0.4568,,,,,EUR,,MONE,SELL,ACTI,,,5,5,5,,,,,,,,,,T10053071,,,,
SYNTHLEI0000000E0005,FALSE,CL1023,NONE,,,AOTC,FALSE,2025-07-11T15:21:08.106964Z,IOCV,VFCR,9999-12-31T23:59:59.999999Z,2025-07-11T15:21:08.106964Z,,1236,XDRV,OPT25G15.00,ZV0000000202,2025-07-11T15:21:08.106964Z,100530,REME,L,LMTO,0.4561,,,,,EUR,,MONE,SELL,ACTI,,,5,5,5,,,,,,,,,,T10053071,,,,
SYNTHLEI0000000E0005,FALSE,CL1023,NONE,,,AOTC,FALSE,2025-07-11T15:21:12.575964Z,IOCV,VFCR,9999-12-31T23:59:59.999999Z,2025-07-11T15:21:12.575964Z,,1237,XDRV,OPT25G15.00,ZV0000000202,2025-07-11T15:21:12.575964Z,100530,CAME,L,LMTO,,,,,,EUR,,MONE,SELL,,,,5,0,0,,,,,,,,,,T10053071,,,,
SYNTHLEI0000000A0001,FALSE,CL1028,NONE,,,AOTC,FALSE,2025-07-11T15:21:31.162366Z,DAVY,VFAR,2025-07-11T23:59:59.999999Z,2025-07-11T15:21:31.162366Z,,1238,XMKT,BRVO,ZZ0000000102,2025-07-11T15:21:31.162366Z,100082,CAME,S,,,,,,,EUR,,MONE,SELL,,,,40,0,0,,,,,,,,,,T10008228,,,,
SYNTHLEI0000000C0003,FALSE,CL1001,NONE,,,AOTC,FALSE,2025-07-11T15:22:09.620006Z,DAVY,VFCR,2025-07-11T23:59:59.999999Z,2025-07-11T15:22:09.620006Z,,1239,XMKT,ECHO,ZZ0000000105,2025-07-11T15:22:09.620006Z,100545,NEWO,L,LMTO,7.9186,0,0,0,0,EUR,,MONE,BUYI,ACTI,,,1500,1500,1500,,,,,,,,,,T10054572,,,,
SYNTHLEI0000000C0003,FALSE,CL1006,NONE,,,AOTC,FALSE,2025-07-11T15:22:41.154601Z,DAVY,VFAR,2025-07-11T23:59:59.999999Z,2025-07-11T15:22:41.154601Z,,1240,XMKT,GOLF,ZZ0000000107,2025-07-11T15:22:41.154601Z,100249,REME,S,STOP,4.1734,,,,,EUR,,MONE,SELL,ACTI,,,150,150,150,,,,,,,,,,T10024982,,,,
SYNTHLEI0000000C0003,FALSE,NONE,ALGO1,,,MTCH,FALSE,2025-07-11T15:22:45.157342Z,IOCV,VFCR,9999-12-31T23:59:59.999999Z,2025-07-11T15:22:45.157342Z,,1241,XMKT,BRVO,ZZ0000000102,2025-07-11T15:22:45.157342Z,100434,NEWO,L,LMTO,2.0877,0,0,0,0,EUR,,MONE,SELL,ACTI,,,3000,3000,3000,,,,,,,,,,T10043426,,,,
SYNTHLEI0000000C0003,FALSE,CL1006,NONE,,,AOTC,FALSE,2025-07-11T15:22:48.154601Z,DAVY,VFAR,2025-07-11T23:59:59.999999Z,2025-07-11T15:15:19.154601Z,,1242,XMKT,GOLF,ZZ0000000107,2025-07-11T15:22:48.154601Z,100249,PARF,S,,,,,,4.1734,EUR,,MONE,SELL,,,,,88,,62,,,,,AGRE,,,,T10024982,,,,
SYNTHLEI0000000C0003,FALSE,CL1006,NONE,,,AOTC,FALSE,2025-07-11T15:22:54.154601Z,DAVY,VFAR,2025-07-11T23:59:59.999999Z,2025-07-11T15:15:19.154601Z,,1243,XMKT,GOLF,ZZ0000000107,2025-07-11T15:22:54.154601Z,100249,FILL,S,,,,,,4.1734,EUR,,MONE,SELL,,,,,0,,88,,,,,PASV,,,,T10024982,,,,
SYNTHLEI0000000C0003,FALSE,CL1001,NONE,,,AOTC,FALSE,2025-07-11T15:23:14.620006Z,DAVY,VFCR,2025-07-11T23:59:59.999999Z,2025-07-11T15:22:09.620006Z,,1244,XMKT,ECHO,ZZ0000000105,2025-07-11T15:23:14.620006Z,100545,PARF,L,,,,,,7.9186,EUR,,MONE,BUYI,,,,,1330,,170,,,,,AGRE,,,,T10054572,,,,
SYNTHLEI0000000A0001,FALSE,CL1023,NONE,,,MTCH,FALSE,2025-07-11T15:23:59.962176Z,DAVY,,2025-07-11T23:59:59.999999Z,2025-07-11T15:23:59.962176Z,,1245,XMKT,BRVO,ZZ0000000102,2025-07-11T15:23:59.962176Z,100342,NEWO,S,STOP,2.0844,0,2.0356,0,0,EUR,,MONE,SELL,ACTI,,,200,200,200,,,,,,,,,,T10034254,,,,
SYNTHLEI0000000B0002,FALSE,CL1038,NONE,,,DEAL,FALSE,2025-07-11T15:24:30.480197Z,DAVY,VFAR,2025-07-11T23:59:59.999999Z,2025-07-11T15:24:30.480197Z,,1246,XMKT,DLTA,ZZ0000000104,2025-07-11T15:24:30.480197Z,100291,NEWO,L,LMTO,3.1356,0,0,0,0,EUR,,MONE,BUYI,ACTI,,,500,500,500,,,,,,,,,,T10029140,,,,
SYNTHLEI0000000F0006,FALSE,CL1013,NONE,,,AOTC,FALSE,2025-07-11T15:25:15.943828Z,GTCV,VFAR,9999-12-31T23:59:59.999999Z,2025-07-11T15:25:15.943828Z,,1247,XMKT,ABLE,ZZ0000000101,2025-07-11T15:25:15.943828Z,100552,REME,L,LMTO,6.4973,,,,,EUR,,MONE,BUYI,ACTI,,,500,500,500,,,,,,,,,,T10055239,,,,
SYNTHLEI0000000H0008,TRUE,CL1003,NONE,,,DEAL,FALSE,2025-07-11T15:25:26.190796Z,DAVY,VFCR,2025-07-11T23:59:59.999999Z,2025-07-11T15:19:56.190796Z,,1248,XMKT,CHRL,ZZ0000000103,2025-07-11T15:25:26.190796Z,100580,PARF,L,,,,,,16.2331,EUR,,MONE,BUYI,,,,,3,,1,,,,,PASV,,,,T10058010,,,,
SYNTHLEI0000000A0001,FALSE,CL1023,NONE,,,MTCH,FALSE,2025-07-11T15:26:17.962176Z,DAVY,,2025-07-11T23:59:59.999999Z,2025-07-11T15:23:59.962176Z,,1249,XMKT,BRVO,ZZ0000000102,2025-07-11T15:26:17.962176Z,100342,FILL,S,,,,,,2.0844,EUR,,MONE,SELL,,,,,0,,200,,,,,PASV,,,,T10034254,,,,
SYNTHLEI0000000F0006,FALSE,CL1013,NONE,,,AOTC,FALSE,2025-07-11T15:26:45.943828Z,GTCV,VFAR,9999-12-31T23:59:59.999999Z,2025-07-11T15:15:38.943828Z,,1250,XMKT,ABLE,ZZ0000000101,2025-07-11T15:26:45.943828Z,100552,PARF,L,,,,,,6.4973,EUR,,MONE,BUYI,,,,,428,,72,,,,,AGRE,,,,T10055239,,,,
SYNTHLEI0000000B0002,TRUE,CL1024,NONE,,,AOTC,FALSE,2025-07-11T15:27:21.582571Z,FOKV,VFCR,9999-12-31T23:59:59.999999Z,2025-07-11T15:27:21.582571Z,,1251,XMKT,JULT,ZZ0000000110,2025-07-11T15:27:21.582571Z,100039,NEWO,L,LMTO,11.3999,0,0,0,0,EUR,,MONE,BUYI,ACTI,,,1000,1000,1000,,,,,,,,,,T10003995,,,,
SYNTHLEI0000000C0003,FALSE,CL1001,NONE,,,AOTC,FALSE,2025-07-11T15:27:30.620006Z,DAVY,VFCR,2025-07-11T23:59:59.999999Z,2025-07-11T15:27:30.620006Z,,1252,XMKT,ECHO,ZZ0000000105,2025-07-11T15:27:30.620006Z,100545,CAME,L,,,,,,,EUR,,MONE,BUYI,,,,1500,0,0,,,,,,,,,,T10054572,,,,
SYNTHLEI0000000C0003,FALSE,NONE,ALGO1,,,MTCH,FALSE,2025-07-11T15:27:42.157342Z,IOCV,VFCR,9999-12-31T23:59:59.999999Z,2025-07-11T15:22:45.157342Z,,1253,XMKT,BRVO,ZZ0000000102,2025-07-11T15:27:42.157342Z,100434,PARF,L,,,,,,2.0877,EUR,,MONE,SELL,,,,,2462,,538,,,,,AGRE,,,,T10043426,,,,
SYNTHLEI0000000E0005,FALSE,CL1012,NONE,,,MTCH,FALSE,2025-07-11T15:28:35.684378Z,DAVY,VFAR,2025-07-11T23:59:59.999999Z,2025-07-11T15:28:35.684378Z,,1254,XMKT,CHRL,ZZ0000000103,2025-07-11T15:28:35.684378Z,100013,NEWO,L,LMTO,16.2383,0,0,0,0,EUR,,MONE,SELL,ACTI,,,3000,3000,3000,,,,,,,,,,T10001374,,,,
SYNTHLEI0000000B0002,FALSE,CL1038,NONE,,,DEAL,FALSE,2025-07-11T15:29:13.480197Z,DAVY,VFAR,2025-07-11T23:59:59.999999Z,2025-07-11T15:24:30.480197Z,,1255,XMKT,DLTA,ZZ0000000104,2025-07-11T15:29:13.480197Z,100291,PARF,L,,,,,,3.1356,EUR,,MONE,BUYI,,,,,426,,74,,,,,AGRE,,,,T10029140,,,,
SYNTHLEI0000000H0008,TRUE,CL1003,NONE,,,DEAL,FALSE,2025-07-11T15:29:24.190796Z,DAVY,VFCR,2025-07-11T23:59:59.999999Z,2025-07-11T15:19:56.190796Z,,1256,XMKT,CHRL,ZZ0000000103,2025-07-11T15:29:24.190796Z,100580,FILL,L,,,,,,16.2331,EUR,,MONE,BUYI,,,,,0,,3,,,,,PASV,,,,T10058010,,,,
SYNTHLEI0000000B0002,FALSE,CL1019,NONE,,,DEAL,TRUE,2025-07-11T15:29:31.562785Z,GTDV,VFAR,2025-07-11T23:59:59.999999Z,2025-07-11T15:29:31.562785Z,,1257,XMKT,JULT,ZZ0000000110,2025-07-11T15:29:31.562785Z,100303,NEWO,L,LMTO,11.4125,0,0,0,0,EUR,,MONE,SELL,ACTI,,,3000,3000,3000,,,,,,,,,,T10030329,,,,
SYNTHLEI0000000E0005,FALSE,NONE,NONE,,,AOTC,FALSE,2025-07-11T15:29:47.247896Z,GTDV,VFAR,2025-07-11T23:59:59.999999Z,2025-07-11T15:29:47.247896Z,,1258,XMKT,ABLE,ZZ0000000101,2025-07-11T15:29:47.247896Z,100304,NEWO,L,LMTO,6.4972,0,0,0,0,EUR,,MONE,BUYI,ACTI,,,500,500,500,,,,,,,,,,T10030426,,,,
SYNTHLEI0000000C0003,FALSE,NONE,ALGO1,,,MTCH,FALSE,2025-07-11T15:29:52.157342Z,IOCV,VFCR,9999-12-31T23:59:59.999999Z,2025-07-11T15:29:52.157342Z,,1259,XMKT,BRVO,ZZ0000000102,2025-07-11T15:29:52.157342Z,100434,CAME,L,,,,,,,EUR,,MONE,SELL,,,,3000,0,0,,,,,,,,,,T10043426,,,,
SYNTHLEI0000000B0002,TRUE,CL1024,NONE,,,AOTC,FALSE,2025-07-11T15:30:35.582571Z,FOKV,VFCR,9999-12-31T23:59:59.999999Z,2025-07-11T15:30:35.582571Z,,1260,XMKT,JULT,ZZ0000000110,2025-07-11T15:30:35.582571Z,100039,REME,L,LMTO,11.4033,,,,,EUR,,MONE,BUYI,ACTI,,,1000,1000,1000,,,,,,,,,,T10003995,,,,
SYNTHLEI0000000B0002,FALSE,CL1019,NONE,,,DEAL,TRUE,2025-07-11T15:31:15.562785Z,GTDV,VFAR,2025-07-11T23:59:59.999999Z,2025-07-11T15:29:31.562785Z,,1261,XMKT,JULT,ZZ0000000110,2025-07-11T15:31:15.562785Z,100303,PARF,L,,,,,,11.4125,EUR,,MONE,SELL,,,,,1553,,1447,,,,,AGRE,,,,T10030329,,,,
SYNTHLEI0000000H0008,FALSE,CL1008,NONE,,,MTCH,FALSE,2025-07-11T15:32:49.242009Z,DAVY,VFAR,2025-07-11T23:59:59.999999Z,2025-07-11T15:32:49.242009Z,,1262,XMKT,INDX,ZZ0000000109,2025-07-11T15:32:49.242009Z,100146,NEWO,L,LMTO,0.4631,0,0,0,0,EUR,,MONE,BUYI,ACTI,,,5,5,5,,,,,,,,,,T10014633,,,,
SYNTHLEI0000000E0005,FALSE,CL1027,NONE,,,DEAL,FALSE,2025-07-11T15:33:02.556886Z,DAVY,VFAR,2025-07-11T23:59:59.999999Z,2025-07-11T15:33:02.556886Z,,1263,XMKT,INDX,ZZ0000000109,2025-07-11T15:33:02.556886Z,100084,NEWO,L,LMTO,0.4643,0,0,0,0,EUR,,MONE,BUYI,ACTI,,,500,500,500,,,,,,,,,,T10008417,,,,
SYNTHLEI0000000E0005,FALSE,CL1027,NONE,,,DEAL,FALSE,2025-07-11T15:33:04.998886Z,DAVY,VFAR,2025-07-11T23:59:59.999999Z,2025-07-11T15:33:04.998886Z,,1264,XMKT,INDX,ZZ0000000109,2025-07-11T15:33:04.998886Z,100084,REME,L,LMTO,0.4641,,,,,EUR,,MONE,BUYI,ACTI,,,500,500,500,,,,,,,,,,T10008417,,,,
SYNTHLEI0000000E0005,FALSE,CL1027,NONE,,,DEAL,FALSE,2025-07-11T15:33:07.962886Z,DAVY,VFAR,2025-07-11T23:59:59.999999Z,2025-07-11T15:33:07.962886Z,,1265,XMKT,INDX,ZZ0000000109,2025-07-11T15:33:07.962886Z,100084,REME,L,LMTO,0.4647,,,,,EUR,,MONE,BUYI,ACTI,,,500,500,500,,,,,,,,,,T10008417,,,,
SYNTHLEI0000000E0005,FALSE,CL1027,NONE,,,DEAL,FALSE,2025-07-11T15:33:08.974886Z,DAVY,VFAR,2025-07-11T23:59:59.999999Z,2025-07-11T15:33:08.974886Z,,1266,XMKT,INDX,ZZ0000000109,2025-07-11T15:33:08.974886Z,100084,CAME,L,LMTO,,,,,,EUR,,MONE,BUYI,,,,500,0,0,,,,,,,,,,T10008417,,,,
SYNTHLEI0000000B0002,FALSE,CL1019,NONE,,,DEAL,TRUE,2025-07-11T15:33:12.562785Z,GTDV,VFAR,2025-07-11T23:59:59.999999Z,2025-07-11T15:29:31.562785Z,,1267,XMKT,JULT,ZZ0000000110,2025-07-11T15:33:12.562785Z,100303,FILL,L,,,,,,11.4125,EUR,,MONE,SELL,,,,,0,,1553,,,,,PASV,,,,T10030329,,,,
SYNTHLEI0000000B0002,TRUE,CL1024,NONE,,,AOTC,FALSE,2025-07-11T15:33:25.582571Z,FOKV,VFCR,9999-12-31T23:59:59.999999Z,2025-07-11T15:27:21.582571Z,,1268,XMKT,JULT,ZZ0000000110,2025-07-11T15:33:25.582571Z,100039,PARF,L,,,,,,11.4033,EUR,,MONE,BUYI,,,,,575,,425,,,,,AGRE,,,,T10003995,,,,
SYNTHLEI0000000B0002,FALSE,CL1025,NONE,,,DEAL,FALSE,2025-07-11T15:34:01.714065Z,DAVY,VFAR,2025-07-11T23:59:59.999999Z,2025-07-11T15:34:01.714065Z,,1269,XMKT,DLTA,ZZ0000000104,2025-07-11T15:34:01.714065Z,100517,NEWO,L,LMTO,3.1423,0,0,0,0,EUR,,MONE,SELL,ACTI,,,3000,3000,3000,,,,,,,,,,T10051769,,,,
SYNTHLEI0000000B0002,FALSE,CL1038,NONE,,,DEAL,FALSE,2025-07-11T15:34:02.480197Z,DAVY,VFAR,2025-07-11T23:59:59.999999Z,2025-07-11T15:34:02.480197Z,,1270,XMKT,DLTA,ZZ0000000104,2025-07-11T15:34:02.480197Z,100291,CAME,L,,,,,,,EUR,,MONE,BUYI,,,,500,0,0,,,,,,,,,,T10029140,,,,
SYNTHLEI0000000H0008,FALSE,NONE,NONE,,,DEAL,FALSE,2025-07-11T15:34:04.178300Z,GTCV,VFCR,9999-12-31T23:59:59.999999Z,2025-07-11T15:34:04.178300Z,,1271,XMKT,HOTL,ZZ0000000108,2025-07-11T15:34:04.178300Z,100326,NEWO,S,STOP,3.176,0,3.2212,0,0,EUR,,MONE,BUYI,ACTI,,,500,500,500,,,,,,,,,,T10032688,,,,
SYNTHLEI0000000G0007,FALSE,CL1033,NONE,,,AOTC,FALSE,2025-07-11T15:34:33.080726Z,GTDV,VFAR,2025-07-11T23:59:59.999999Z,2025-07-11T15:34:33.080726Z,,1272,XDRV,OPT25G15.00,ZV0000000202,2025-07-11T15:34:33.080726Z,100186,NEWO,L,LMTO,0.4341,0,0,0,0,EUR,,MONE,SELL,ACTI,,,10,10,10,,,,,,,,,,T10018697,,,,
SYNTHLEI0000000B0002,FALSE,CL1005,NONE,,,AOTC,FALSE,2025-07-11T15:34:44.381073Z,GTDV,VFAR,2025-07-11T23:59:59.999999Z,2025-07-11T15:34:44.381073Z,,1273,XMKT,FXTR,ZZ0000000106,2025-07-11T15:34:44.381073Z,100394,CAME,L,,,,,,,EUR,,MONE,SELL,,,,40,0,0,,,,,,,,,,T10039438,,,,
SYNTHLEI0000000E0005,FALSE,CL1012,NONE,,,MTCH,FALSE,2025-07-11T15:34:45.684378Z,DAVY,VFAR,2025-07-11T23:59:59.999999Z,2025-07-11T15:28:35.684378Z,,1274,XMKT,CHRL,ZZ0000000103,2025-07-11T15:34:45.684378Z,100013,PARF,L,,,,,,16.2383,EUR,,MONE,SELL,,,,,2155,,845,,,,,PASV,,,,T10001374,,,,
SYNTHLEI0000000E0005,FALSE,NONE,NONE,,,AOTC,FALSE,2025-07-11T15:34:52.247896Z,GTDV,VFAR,2025-07-11T23:59:59.999999Z,2025-07-11T15:29:47.247896Z,,1275,XMKT,ABLE,ZZ0000000101,2025-07-11T15:34:52.247896Z,100304,PARF,L,,,,,,6.4972,EUR,,MONE,BUYI,,,,,333,,167,,,,,PASV,,,,T10030426,,,,
SYNTHLEI0000000B0002,FALSE,CL1007,NONE,,,AOTC,FALSE,2025-07-11T15:34:54.612493Z,GTCV,VFAR,9999-12-31T23:59:59.999999Z,2025-07-11T15:34:54.612493Z,,1276,XMKT,FXTR,ZZ0000000106,2025-07-11T15:34:54.612493Z,100536,NEWO,L,LMTO,3.1948,0,0,0,0,EUR,,MONE,SELL,ACTI,,,150,150,150,,,,,,,,,,T10053665,,,,
SYNTHLEI0000000H0008,FALSE,NONE,NONE,,,DEAL,FALSE,2025-07-11T15:34:57.178300Z,GTCV,VFCR,9999-12-31T23:59:59.999999Z,2025-07-11T15:34:04.178300Z,,1277,XMKT,HOTL,ZZ0000000108,2025-07-11T15:34:57.178300Z,100326,FILL,S,,,,,,3.176,EUR,,MONE,BUYI,,,,,0,,500,,,,,AGRE,,,,T10032688,,,,
SYNTHLEI0000000E0005,FALSE,NONE,NONE,,,AOTC,FALSE,2025-07-11T15:35:21.247896Z,GTDV,VFAR,2025-07-11T23:59:59.999999Z,2025-07-11T15:29:47.247896Z,,1278,XMKT,ABLE,ZZ0000000101,2025-07-11T15:35:21.247896Z,100304,FILL,L,,,,,,6.4972,EUR,,MONE,BUYI,,,,,0,,333,,,,,PASV,,,,T10030426,,,,
SYNTHLEI0000000B0002,FALSE,CL1025,NONE,,,DEAL,FALSE,2025-07-11T15:35:24.714065Z,DAVY,VFAR,2025-07-11T23:59:59.999999Z,2025-07-11T15:35:24.714065Z,,1279,XMKT,DLTA,ZZ0000000104,2025-07-11T15:35:24.714065Z,100517,CAME,L,,,,,,,EUR,,MONE,SELL,,,,3000,0,0,,,,,,,,,,T10051769,,,,
SYNTHLEI0000000B0002,FALSE,CL1007,NONE,,,AOTC,FALSE,2025-07-11T15:35:37.612493Z,GTCV,VFAR,9999-12-31T23:59:59.999999Z,2025-07-11T15:35:37.612493Z,,1280,XMKT,FXTR,ZZ0000000106,2025-07-11T15:35:37.612493Z,100536,REME,L,LMTO,3.1961,,,,,EUR,,MONE,SELL,ACTI,,,150,150,150,,,,,,,,,,T10053665,,,,
SYNTHLEI0000000H0008,FALSE,CL1008,NONE,,,MTCH,FALSE,2025-07-11T15:35:41.242009Z,DAVY,VFAR,2025-07-11T23:59:59.999999Z,2025-07-11T15:35:41.242009Z,,1281,XMKT,INDX,ZZ0000000109,2025-07-11T15:35:41.242009Z,100146,CAME,L,,,,,,,EUR,,MONE,BUYI,,,,5,0,0,,,,,,,,,,T10014633,,,,
SYNTHLEI0000000C0003,FALSE,CL1017,NONE,,,AOTC,FALSE,2025-07-11T15:35:52.956506Z,GTCV,VFCR,9999-12-31T23:59:59.999999Z,2025-07-11T15:35:52.956506Z,,1282,XMKT,GOLF,ZZ0000000107,2025-07-11T15:35:52.956506Z,100034,NEWO,L,LMTO,4.1561,0,0,0,0,EUR,,MONE,BUYI,ACTI,,,5,5,5,,,,,,,,,,T10003417,,,,
SYNTHLEI0000000B0002,FALSE,CL1031,NONE,,,AOTC,FALSE,2025-07-11T15:35:59.088341Z,GTDV,,2025-07-11T23:59:59.999999Z,2025-07-11T15:35:59.088341Z,,1283,XMKT,FXTR,ZZ0000000106,2025-07-11T15:35:59.088341Z,100336,NEWO,L,LMTO,3.1946,0,0,0,0,EUR,,MONE,BUYI,ACTI,,,1000,1000,1000,,,,,,,,,,T10033643,,,,
SYNTHLEI0000000E0005,FALSE,NONE,ALGO1,,,AOTC,FALSE,2025-07-11T15:36:06.833597Z,DAVY,,2025-07-11T23:59:59.999999Z,2025-07-11T15:36:06.833597Z,,1284,XMKT,CHRL,ZZ0000000103,2025-07-11T15:36:06.833597Z,100491,NEWO,L,LMTO,16.2238,0,0,0,0,EUR,,MONE,SELL,ACTI,,,40,40,40,,,,,,,,,,T10049131,,,,
SYNTHLEI0000000C0003,FALSE,CL1017,NONE,,,AOTC,FALSE,2025-07-11T15:36:11.956506Z,GTCV,VFCR,9999-12-31T23:59:59.999999Z,2025-07-11T15:35:52.956506Z,,1285,XMKT,GOLF,ZZ0000000107,2025-07-11T15:36:11.956506Z,100034,FILL,L,,,,,,4.1561,EUR,,MONE,BUYI,,,,,0,,5,,,,,AGRE,,,,T10003417,,,,
SYNTHLEI0000000F0006,FALSE,CL1013,NONE,,,AOTC,FALSE,2025-07-11T15:36:27.943828Z,GTCV,VFAR,9999-12-31T23:59:59.999999Z,2025-07-11T15:36:27.943828Z,,1286,XMKT,ABLE,ZZ0000000101,2025-07-11T15:36:27.943828Z,100552,CAME,L,,,,,,,EUR,,MONE,BUYI,,,,500,0,0,,,,,,,,,,T10055239,,,,
SYNTHLEI0000000E0005,FALSE,CL1012,NONE,,,MTCH,FALSE,2025-07-11T15:36:35.684378Z,DAVY,VFAR,2025-07-11T23:59:59.999999Z,2025-07-11T15:28:35.684378Z,,1287,XMKT,CHRL,ZZ0000000103,2025-07-11T15:36:35.684378Z,100013,FILL,L,,,,,,16.2383,EUR,,MONE,SELL,,,,,0,,2155,,,,,PASV,,,,T10001374,,,,
SYNTHLEI0000000B0002,TRUE,CL1024,NONE,,,AOTC,FALSE,2025-07-11T15:36:41.582571Z,FOKV,VFCR,9999-12-31T23:59:59.999999Z,2025-07-11T15:27:21.582571Z,,1288,XMKT,JULT,ZZ0000000110,2025-07-11T15:36:41.582571Z,100039,PARF,L,,,,,,11.4033,EUR,,MONE,BUYI,,,,,294,,281,,,,,PASV,,,,T10003995,,,,
SYNTHLEI0000000G0007,FALSE,CL1033,NONE,,,AOTC,FALSE,2025-07-11T15:37:06.080726Z,GTDV,VFAR,2025-07-11T23:59:59.999999Z,2025-07-11T15:34:33.080726Z,,1289,XDRV,OPT25G15.00,ZV0000000202,2025-07-11T15:37:06.080726Z,100186,PARF,L,,,,,,0.4341,EUR,,MONE,SELL,,,,,8,,2,,,,,AGRE,,,,T10018697,,,,
SYNTHLEI0000000B0002,TRUE,CL1024,NONE,,,AOTC,FALSE,2025-07-11T15:37:34.582571Z,FOKV,VFCR,9999-12-31T23:59:59.999999Z,2025-07-11T15:27:21.582571Z,,1290,XMKT,JULT,ZZ0000000110,2025-07-11T15:37:34.582571Z,100039,FILL,L,,,,,,11.4033,EUR,,MONE,BUYI,,,,,0,,294,,,,,PASV,,,,T10003995,,,,
SYNTHLEI0000000A0001,FALSE,CL1025,NONE,,,DEAL,TRUE,2025-07-11T15:37:37.214629Z,DAVY,VFAR,2025-07-11T23:59:59.999999Z,2025-07-11T15:37:37.214629Z,,1291,XMKT,CHRL,ZZ0000000103,2025-07-11T15:37:37.214629Z,100071,NEWO,M,LMTO,0,0,0,0,0,EUR,,MONE,SELL,ACTI,,,20,20,20,,,,,,,,,,T10007112,,,,
SYNTHLEI0000000B0002,FALSE,CL1007,NONE,,,AOTC,FALSE,2025-07-11T15:37:43.612493Z,GTCV,VFAR,9999-12-31T23:59:59.999999Z,2025-07-11T15:34:54.612493Z,,1292,XMKT,FXTR,ZZ0000000106,2025-07-11T15:37:43.612493Z,100536,FILL,L,,,,,,3.1961,EUR,,MONE,SELL,,,,,0,,150,,,,,AGRE,,,,T10053665,,,,
SYNTHLEI0000000D0004,FALSE,NONE,ALGOPT,,,AOTC,FALSE,2025-07-11T15:38:01.836311Z,IOCV,VFCR,9999-12-31T23:59:59.999999Z,2025-07-11T15:38:01.836311Z,,1293,XMKT,JULT,ZZ0000000110,2025-07-11T15:38:01.836311Z,100381,NEWO,L,LMTO,11.3921,0,0,0,0,EUR,,MONE,BUYI,ACTI,,,40,40,40,,,,,,,,,,T10038180,,,,
SYNTHLEI0000000D0004,FALSE,NONE,ALGOPT,,,AOTC,FALSE,2025-07-11T15:39:46.836311Z,IOCV,VFCR,9999-12-31T23:59:59.999999Z,2025-07-11T15:39:46.836311Z,,1294,XMKT,JULT,ZZ0000000110,2025-07-11T15:39:46.836311Z,100381,CAME,L,,,,,,,EUR,,MONE,BUYI,,,,40,0,0,,,,,,,,,,T10038180,,,,
SYNTHLEI0000000F0006,FALSE,CL1004,NONE,,,AOTC,FALSE,2025-07-11T15:39:52.878862Z,DAVY,VFAR,2025-07-11T23:59:59.999999Z,2025-07-11T15:39:52.878862Z,,1295,XMKT,HOTL,ZZ0000000108,2025-07-11T15:39:52.878862Z,100392,NEWO,L,LMTO,3.1747,0,0,0,0,EUR,,MONE,BUYI,ACTI,,,60,60,60,,,,,,,,,,T10039248,,,,
SYNTHLEI0000000A0001,FALSE,CL1025,NONE,,,DEAL,TRUE,2025-07-11T15:40:22.214629Z,DAVY,VFAR,2025-07-11T23:59:59.999999Z,2025-07-11T15:37:37.214629Z,,1296,XMKT,CHRL,ZZ0000000103,2025-07-11T15:40:22.214629Z,100071,PARF,M,,,,,,16.2198,EUR,,MONE,SELL,,,,,16,,4,,,,,PASV,,,,T10007112,,,,
SYNTHLEI0000000A0001,FALSE,CL1030,NONE,,,AOTC,FALSE,2025-07-11T15:41:03.750795Z,DAVY,,2025-07-11T23:59:59.999999Z,2025-07-11T15:41:03.750795Z,,1297,XMKT,DLTA,ZZ0000000104,2025-07-11T15:41:03.750795Z,100487,NEWO,L,LMTO,3.1417,0,0,0,0,EUR,,MONE,SELL,ACTI,,,5,5,5,,,,,,,,,,T10048716,,,,
SYNTHLEI0000000D0004,FALSE,CL1005,NONE,,,AOTC,FALSE,2025-07-11T15:41:24.465148Z,DAVY,VFAR,2025-07-11T23:59:59.999999Z,2025-07-11T15:41:24.465148Z,,1298,XDRV,OPT25G15.00,ZV0000000202,2025-07-11T15:41:24.465148Z,100575,NEWO,L,LMTO,0.4565,0,0,0,0,EUR,,MONE,SELL,ACTI,,,2,2,2,,,,,,,,,,T10057518,,,,
SYNTHLEI0000000B0002,FALSE,CL1031,NONE,,,AOTC,FALSE,2025-07-11T15:41:43.088341Z,GTDV,,2025-07-11T23:59:59.999999Z,2025-07-11T15:35:59.088341Z,,1299,XMKT,FXTR,ZZ0000000106,2025-07-11T15:41:43.088341Z,100336,PARF,L,,,,,,3.1946,EUR,,MONE,BUYI,,,,,703,,297,,,,,PASV,,,,T10033643,,,,
SYNTHLEI0000000G0007,FALSE,CL1033,NONE,,,AOTC,FALSE,2025-07-11T15:42:35.080726Z,GTDV,VFAR,2025-07-11T23:59:59.999999Z,2025-07-11T15:34:33.080726Z,,1300,XDRV,OPT25G15.00,ZV0000000202,2025-07-11T15:42:35.080726Z,100186,FILL,L,,,,,,0.4341,EUR,,MONE,SELL,,,,,0,,8,,,,,PASV,,,,T10018697,,,,
SYNTHLEI0000000E0005,FALSE,NONE,ALGO1,,,AOTC,FALSE,2025-07-11T15:42:43.833597Z,DAVY,,2025-07-11T23:59:59.999999Z,2025-07-11T15:36:06.833597Z,,1301,XMKT,CHRL,ZZ0000000103,2025-07-11T15:42:43.833597Z,100491,PARF,L,,,,,,16.2238,EUR,,MONE,SELL,,,,,26,,14,,,,,PASV,,,,T10049131,,,,
SYNTHLEI0000000A0001,FALSE,NONE,NONE,,,AOTC,FALSE,2025-07-11T15:42:56.061610Z,DAVY,,2025-07-11T23:59:59.999999Z,2025-07-11T15:42:56.061610Z,,1302,XMKT,FXTR,ZZ0000000106,2025-07-11T15:42:56.061610Z,100583,NEWO,L,LMTO,3.1934,0,0,0,0,EUR,,MONE,BUYI,ACTI,,,40,40,40,,,,,,,,,,T10058334,,,,
SYNTHLEI0000000B0002,FALSE,CL1035,NONE,,,MTCH,FALSE,2025-07-11T15:43:00.268973Z,IOCV,VFAR,9999-12-31T23:59:59.999999Z,2025-07-11T15:43:00.268973Z,,1303,XMKT,INDX,ZZ0000000109,2025-07-11T15:43:00.268973Z,100015,NEWO,L,LMTO,0.4643,0,0,0,0,EUR,,MONE,SELL,ACTI,,,3000,3000,3000,,,,,,,,,,T10001549,,,,
SYNTHLEI0000000D0004,FALSE,CL1005,NONE,,,AOTC,FALSE,2025-07-11T15:43:08.465148Z,DAVY,VFAR,2025-07-11T23:59:59.999999Z,2025-07-11T15:43:08.465148Z,,1304,XDRV,OPT25G15.00,ZV0000000202,2025-07-11T15:43:08.465148Z,100575,CAME,L,,,,,,,EUR,,MONE,SELL,,,,2,0,0,,,,,,,,,,T10057518,,,,
SYNTHLEI0000000E0005,FALSE,NONE,ALGO1,,,AOTC,FALSE,2025-07-11T15:43:22.833597Z,DAVY,,2025-07-11T23:59:59.999999Z,2025-07-11T15:36:06.833597Z,,1305,XMKT,CHRL,ZZ0000000103,2025-07-11T15:43:22.833597Z,100491,PARF,L,,,,,,16.2238,EUR,,MONE,SELL,,,,,13,,13,,,,,PASV,,,,T10049131,,,,
SYNTHLEI0000000A0001,FALSE,CL1030,NONE,,,AOTC,FALSE,2025-07-11T15:43:56.750795Z,DAVY,,2025-07-11T23:59:59.999999Z,2025-07-11T15:43:56.750795Z,,1306,XMKT,DLTA,ZZ0000000104,2025-07-11T15:43:56.750795Z,100487,REME,L,LMTO,3.1439,,,,,EUR,,MONE,SELL,ACTI,,,5,5,5,,,,,,,,,,T10048716,,,,
SYNTHLEI0000000B0002,FALSE,CL1031,NONE,,,AOTC,FALSE,2025-07-11T15:44:09.088341Z,GTDV,,2025-07-11T23:59:59.999999Z,2025-07-11T15:35:59.088341Z,,1307,XMKT,FXTR,ZZ0000000106,2025-07-11T15:44:09.088341Z,100336,FILL,L,,,,,,3.1946,EUR,,MONE,BUYI,,,,,0,,703,,,,,AGRE,,,,T10033643,,,,
SYNTHLEI0000000A0001,FALSE,CL1025,NONE,,,DEAL,TRUE,2025-07-11T15:44:38.214629Z,DAVY,VFAR,2025-07-11T23:59:59.999999Z,2025-07-11T15:37:37.214629Z,,1308,XMKT,CHRL,ZZ0000000103,2025-07-11T15:44:38.214629Z,100071,FILL,M,,,,,,16.2642,EUR,,MONE,SELL,,,,,0,,16,,,,,AGRE,,,,T10007112,,,,
SYNTHLEI0000000F0006,FALSE,CL1004,NONE,,,AOTC,FALSE,2025-07-11T15:44:55.878862Z,DAVY,VFAR,2025-07-11T23:59:59.999999Z,2025-07-11T15:39:52.878862Z,,1309,XMKT,HOTL,ZZ0000000108,2025-07-11T15:44:55.878862Z,100392,FILL,L,,,,,,3.1747,EUR,,MONE,BUYI,,,,,0,,60,,,,,PASV,,,,T10039248,,,,
SYNTHLEI0000000E0005,TRUE,CL1008,NONE,,,AOTC,FALSE,2025-07-11T15:44:59.569805Z,GTCV,VFAR,9999-12-31T23:59:59.999999Z,2025-07-11T15:44:59.569805Z,,1310,XMKT,JULT,ZZ0000000110,2025-07-11T15:44:59.569805Z,100037,NEWO,L,LMTO,11.4119,0,0,0,0,EUR,,MONE,SELL,ACTI,,,20,20,20,,,,,,,,,,T10003774,,,,
SYNTHLEI0000000E0005,TRUE,CL1008,NONE,,,AOTC,FALSE,2025-07-11T15:45:01.476805Z,GTCV,VFAR,9999-12-31T23:59:59.999999Z,2025-07-11T15:45:01.476805Z,,1311,XMKT,JULT,ZZ0000000110,2025-07-11T15:45:01.476805Z,100037,REME,L,LMTO,11.4149,,,,,EUR,,MONE,SELL,ACTI,,,20,20,20,,,,,,,,,,T10003774,,,,
SYNTHLEI0000000E0005,TRUE,CL1008,NONE,,,AOTC,FALSE,2025-07-11T15:45:05.282805Z,GTCV,VFAR,9999-12-31T23:59:59.999999Z,2025-07-11T15:45:05.282805Z,,1312,XMKT,JULT,ZZ0000000110,2025-07-11T15:45:05.282805Z,100037,CAME,L,LMTO,,,,,,EUR,,MONE,SELL,,,,20,0,0,,,,,,,,,,T10003774,,,,
SYNTHLEI0000000F0006,FALSE,CL1022,NONE,,,AOTC,FALSE,2025-07-11T15:45:45.142141Z,DAVY,VFAR,2025-07-11T23:59:59.999999Z,2025-07-11T15:45:45.142141Z,,1313,XMKT,DLTA,ZZ0000000104,2025-07-11T15:45:45.142141Z,100097,NEWO,L,LMTO,3.1353,0,0,0,0,EUR,,MONE,BUYI,ACTI,,,20,20,20,,,,,,,,,,T10009763,,,,
SYNTHLEI0000000A0001,FALSE,NONE,NONE,,,AOTC,FALSE,2025-07-11T15:46:37.061610Z,DAVY,,2025-07-11T23:59:59.999999Z,2025-07-11T15:42:56.061610Z,,1314,XMKT,FXTR,ZZ0000000106,2025-07-11T15:46:37.061610Z,100583,PARF,L,,,,,,3.1934,EUR,,MONE,BUYI,,,,,30,,10,,,,,AGRE,,,,T10058334,,,,
SYNTHLEI0000000A0001,FALSE,CL1030,NONE,,,DEAL,FALSE,2025-07-11T15:46:46.146823Z,DAVY,,2025-07-11T23:59:59.999999Z,2025-07-11T15:46:46.146823Z,,1315,XMKT,JULT,ZZ0000000110,2025-07-11T15:46:46.146823Z,100087,NEWO,L,LMTO,11.4242,0,0,0,0,EUR,,MONE,BUYI,ACTI,,,200,200,200,,,,,,,,,,T10008758,,,,
SYNTHLEI0000000A0001,FALSE,CL1030,NONE,,,AOTC,FALSE,2025-07-11T15:46:55.750795Z,DAVY,,2025-07-11T23:59:59.999999Z,2025-07-11T15:41:03.750795Z,,1316,XMKT,DLTA,ZZ0000000104,2025-07-11T15:46:55.750795Z,100487,PARF,L,,,,,,3.1439,EUR,,MONE,SELL,,,,,4,,1,,,,,AGRE,,,,T10048716,,,,
SYNTHLEI0000000D0004,FALSE,CL1028,NONE,,,AOTC,FALSE,2025-07-11T15:47:02.665271Z,DAVY,VFCR,2025-07-11T23:59:59.999999Z,2025-07-11T15:47:02.665271Z,,1317,XMKT,INDX,ZZ0000000109,2025-07-11T15:47:02.665271Z,100001,NEWO,L,LMTO,0.4644,0,0,0,0,EUR,,MONE,SELL,ACTI,,,100,100,100,,,,,,,,,,T10000115,,,,
SYNTHLEI0000000B0002,FALSE,CL1009,NONE,,,MTCH,FALSE,2025-07-11T15:47:17.458370Z,IOCV,VFCR,9999-12-31T23:59:59.999999Z,2025-07-11T15:47:17.458370Z,,1318,XDRV,FTSE25T4900,ZV0000000201,2025-07-11T15:47:17.458370Z,100423,NEWO,L,LMTO,107.8833,0,0,0,0,EUR,,MONE,SELL,ACTI,,,2,2,2,,,,,,,,,,T10042337,,,,
SYNTHLEI0000000A0001,FALSE,NONE,ALGOPT,,,AOTC,FALSE,2025-07-11T15:47:33.868793Z,DAVY,,2025-07-11T23:59:59.999999Z,2025-07-11T15:47:33.868793Z,,1319,XMKT,ABLE,ZZ0000000101,2025-07-11T15:47:33.868793Z,100533,NEWO,L,LMTO,6.4931,0,0,0,0,EUR,,MONE,SELL,ACTI,,,60,60,60,,,,,,,,,,T10053364,,,,
SYNTHLEI0000000A0001,FALSE,CL1030,NONE,,,DEAL,FALSE,2025-07-11T15:47:47.146823Z,DAVY,,2025-07-11T23:59:59.999999Z,2025-07-11T15:46:46.146823Z,,1320,XMKT,JULT,ZZ0000000110,2025-07-11T15:47:47.146823Z,100087,PARF,L,,,,,,11.4242,EUR,,MONE,BUYI,,,,,145,,55,,,,,PASV,,,,T10008758,,,,
SYNTHLEI0000000F0006,FALSE,CL1022,NONE,,,AOTC,FALSE,2025-07-11T15:48:12.142141Z,DAVY,VFAR,2025-07-11T23:59:59.999999Z,2025-07-11T15:45:45.142141Z,,1321,XMKT,DLTA,ZZ0000000104,2025-07-11T15:48:12.142141Z,100097,PARF,L,,,,,,3.1353,EUR,,MONE,BUYI,,,,,13,,7,,,,,PASV,,,,T10009763,,,,
SYNTHLEI0000000H0008,FALSE,NONE,NONE,,,MTCH,FALSE,2025-07-11T15:48:24.664836Z,DAVY,VFCR,2025-07-11T23:59:59.999999Z,2025-07-11T15:48:24.664836Z,,1322,XDRV,OPT25G15.00,ZV0000000202,2025-07-11T15:48:24.664836Z,100488,NEWO,L,LMTO,0.4554,0,0,0,0,EUR,,MONE,SELL,ACTI,,,1,1,1,,,,,,,,,,T10048821,,,,
SYNTHLEI0000000B0002,FALSE,CL1009,NONE,,,MTCH,FALSE,2025-07-11T15:48:30.458370Z,IOCV,VFCR,9999-12-31T23:59:59.999999Z,2025-07-11T15:47:17.458370Z,,1323,XDRV,FTSE25T4900,ZV0000000201,2025-07-11T15:48:30.458370Z,100423,PARF,L,,,,,,107.8833,EUR,,MONE,SELL,,,,,1,,1,,,,,PASV,,,,T10042337,,,,
SYNTHLEI0000000D0004,FALSE,CL1019,NONE,,,AOTC,FALSE,2025-07-11T15:48:33.584135Z,FOKV,VFAR,9999-12-31T23:59:59.999999Z,2025-07-11T15:48:33.584135Z,,1324,XMKT,HOTL,ZZ0000000108,2025-07-11T15:48:33.584135Z,100283,NEWO,L,LMTO,3.1738,0,0,0,0,EUR,,MONE,SELL,ACTI,,,150,150,150,,,,,,,,,,T10028332,,,,
SYNTHLEI0000000D0004,FALSE,CL1008,NONE,,,DEAL,TRUE,2025-07-11T15:49:05.379009Z,DAVY,VFCR,2025-07-11T23:59:59.999999Z,2025-07-11T15:49:05.379009Z,,1325,XMKT,DLTA,ZZ0000000104,2025-07-11T15:49:05.379009Z,100520,NEWO,L,LMTO,3.1421,0,0,0,0,EUR,,MONE,BUYI,ACTI,,,40,40,40,,,,,,,,,,T10052090,,,,
SYNTHLEI0000000E0005,FALSE,NONE,ALGO1,,,AOTC,FALSE,2025-07-11T15:49:25.833597Z,DAVY,,2025-07-11T23:59:59.999999Z,2025-07-11T15:36:06.833597Z,,1326,XMKT,CHRL,ZZ0000000103,2025-07-11T15:49:25.833597Z,100491,FILL,L,,,,,,16.2238,EUR,,MONE,SELL,,,,,0,,13,,,,,AGRE,,,,T10049131,,,,
SYNTHLEI0000000H0008,FALSE,NONE,NONE,,,MTCH,FALSE,2025-07-11T15:49:39.664836Z,DAVY,VFCR,2025-07-11T23:59:59.999999Z,2025-07-11T15:48:24.664836Z,,1327,XDRV,OPT25G15.00,ZV0000000202,2025-07-11T15:49:39.664836Z,100488,PARF,L,,,,,,0.4554,EUR,,MONE,SELL,,,,,0,,1,,,,,PASV,,,,T10048821,,,,
SYNTHLEI0000000A0001,FALSE,CL1030,NONE,,,DEAL,FALSE,2025-07-11T15:49:46.146823Z,DAVY,,2025-07-11T23:59:59.999999Z,2025-07-11T15:49:46.146823Z,,1328,XMKT,JULT,ZZ0000000110,2025-07-11T15:49:46.146823Z,100087,CAME,L,,,,,,,EUR,,MONE,BUYI,,,,200,0,0,,,,,,,,,,T10008758,,,,
SYNTHLEI0000000A0001,FALSE,CL1039,NONE,,,AOTC,FALSE,2025-07-11T15:50:23.364780Z,DAVY,VFAR,2025-07-11T23:59:59.999999Z,2025-07-11T15:50:23.364780Z,,1329,XMKT,CHRL,ZZ0000000103,2025-07-11T15:50:23.364780Z,100437,NEWO,L,LMTO,16.2608,0,0,0,0,EUR,,MONE,BUYI,ACTI,,,200,200,200,,,,,,,,,,T10043739,,,,
SYNTHLEI0000000D0004,FALSE,CL1019,NONE,,,AOTC,FALSE,2025-07-11T15:50:27.584135Z,FOKV,VFAR,9999-12-31T23:59:59.999999Z,2025-07-11T15:48:33.584135Z,,1330,XMKT,HOTL,ZZ0000000108,2025-07-11T15:50:27.584135Z,100283,PARF,L,,,,,,3.1738,EUR,,MONE,SELL,,,,,119,,31,,,,,PASV,,,,T10028332,,,,
SYNTHLEI0000000H0008,FALSE,CL1033,NONE,,,AOTC,FALSE,2025-07-11T15:50:34.702694Z,GTCV,VFAR,9999-12-31T23:59:59.999999Z,2025-07-11T15:50:34.702694Z,,1331,XMKT,BRVO,ZZ0000000102,2025-07-11T15:50:34.702694Z,100382,NEWO,S,STOP,2.0808,0,2.0242,0,0,EUR,,MONE,SELL,ACTI,,,1000,1000,1000,,,,,,,,,,T10038213,,,,
SYNTHLEI0000000C0003,FALSE,CL1009,NONE,,,AOTC,FALSE,2025-07-11T15:50:39.596927Z,GTCV,VFCR,9999-12-31T23:59:59.999999Z,2025-07-11T15:50:39.596927Z,,1332,XMKT,ABLE,ZZ0000000101,2025-07-11T15:50:39.596927Z,100030,NEWO,L,LMTO,6.4956,0,0,0,0,EUR,,MONE,BUYI,ACTI,,,60,60,60,,,,,,,,,,T10003086,,,,
SYNTHLEI0000000A0001,FALSE,NONE,ALGOPT,,,AOTC,FALSE,2025-07-11T15:50:40.868793Z,DAVY,,2025-07-11T23:59:59.999999Z,2025-07-11T15:47:33.868793Z,,1333,XMKT,ABLE,ZZ0000000101,2025-07-11T15:50:40.868793Z,100533,PARF,L,,,,,,6.4931,EUR,,MONE,SELL,,,,,46,,14,,,,,AGRE,,,,T10053364,,,,
SYNTHLEI0000000D0004,TRUE,CL1019,NONE,,,AOTC,FALSE,2025-07-11T15:50:56.575823Z,IOCV,VFAR,9999-12-31T23:59:59.999999Z,2025-07-11T15:50:56.575823Z,,1334,XMKT,INDX,ZZ0000000109,2025-07-11T15:50:56.575823Z,100173,NEWO,L,LMTO,0.4643,0,0,0,0,EUR,,MONE,BUYI,ACTI,,,150,150,150,,,,,,,,,,T10017333,,,,
SYNTHLEI0000000H0008,TRUE,CL1025,NONE,,,MTCH,FALSE,2025-07-11T15:51:59.918698Z,DAVY,VFAR,2025-07-11T23:59:59.999999Z,2025-07-11T15:51:59.918698Z,,1335,XMKT,CHRL,ZZ0000000103,2025-07-11T15:51:59.918698Z,100604,NEWO,L,LMTO,16.3052,0,0,0,0,EUR,,MONE,SELL,ACTI,,,20,20,20,,,,,,,,,,T10060426,,,,
SYNTHLEI0000000H0008,FALSE,CL1020,NONE,,,DEAL,TRUE,2025-07-11T15:52:13.889947Z,GTDV,,2025-07-11T23:59:59.999999Z,2025-07-11T15:52:13.889947Z,,1336,XMKT,FXTR,ZZ0000000106,2025-07-11T15:52:13.889947Z,100010,NEWO,L,LMTO,3.1979,0,0,0,0,EUR,,MONE,SELL,ACTI,,,60,60,60,,,,,,,,,,T10001015,,,,
SYNTHLEI0000000F0006,FALSE,CL1022,NONE,,,AOTC,FALSE,2025-07-11T15:52:16.142141Z,DAVY,VFAR,2025-07-11T23:59:59.999999Z,2025-07-11T15:45:45.142141Z,,1337,XMKT,DLTA,ZZ0000000104,2025-07-11T15:52:16.142141Z,100097,FILL,L,,,,,,3.1353,EUR,,MONE,BUYI,,,,,0,,13,,,,,PASV,,,,T10009763,,,,
SYNTHLEI0000000D0004,FALSE,CL1008,NONE,,,DEAL,TRUE,2025-07-11T15:52:36.379009Z,DAVY,VFCR,2025-07-11T23:59:59.999999Z,2025-07-11T15:49:05.379009Z,,1338,XMKT,DLTA,ZZ0000000104,2025-07-11T15:52:36.379009Z,100520,FILL,L,,,,,,3.1421,EUR,,MONE,BUYI,,,,,0,,40,,,,,AGRE,,,,T10052090,,,,
SYNTHLEI0000000C0003,FALSE,CL1004,NONE,,,DEAL,TRUE,2025-07-11T15:52:42.074187Z,GTCV,VFCR,9999-12-31T23:59:59.999999Z,2025-07-11T15:52:42.074187Z,,1339,XMKT,ECHO,ZZ0000000105,2025-07-11T15:52:42.074187Z,100280,NEWO,L,LMTO,7.9404,0,0,0,0,EUR,,MONE,SELL,ACTI,,,5,5,5,,,,,,,,,,T10028032,,,,
SYNTHLEI0000000B0002,FALSE,CL1009,NONE,,,MTCH,FALSE,2025-07-11T15:52:46.458370Z,IOCV,VFCR,9999-12-31T23:59:59.999999Z,2025-07-11T15:47:17.458370Z,,1340,XDRV,FTSE25T4900,ZV0000000201,2025-07-11T15:52:46.458370Z,100423,FILL,L,,,,,,107.8833,EUR,,MONE,SELL,,,,,0,,1,,,,,PASV,,,,T10042337,,,,
SYNTHLEI0000000A0001,FALSE,NONE,NONE,,,AOTC,FALSE,2025-07-11T15:52:54.061610Z,DAVY,,2025-07-11T23:59:59.999999Z,2025-07-11T15:52:54.061610Z,,1341,XMKT,FXTR,ZZ0000000106,2025-07-11T15:52:54.061610Z,100583,CAME,L,,,,,,,EUR,,MONE,BUYI,,,,40,0,0,,,,,,,,,,T10058334,,,,
SYNTHLEI0000000D0004,FALSE,CL1028,NONE,,,AOTC,FALSE,2025-07-11T15:53:21.665271Z,DAVY,VFCR,2025-07-11T23:59:59.999999Z,2025-07-11T15:47:02.665271Z,,1342,XMKT,INDX,ZZ0000000109,2025-07-11T15:53:21.665271Z,100001,FILL,L,,,,,,0.4644,EUR,,MONE,SELL,,,,,0,,100,,,,,PASV,,,,T10000115,,,,
SYNTHLEI0000000C0003,FALSE,CL1004,NONE,,,DEAL,TRUE,2025-07-11T15:53:47.074187Z,GTCV,VFCR,9999-12-31T23:59:59.999999Z,2025-07-11T15:52:42.074187Z,,1343,XMKT,ECHO,ZZ0000000105,2025-07-11T15:53:47.074187Z,100280,FILL,L,,,,,,7.9404,EUR,,MONE,SELL,,,,,0,,5,,,,,AGRE,,,,T10028032,,,,
SYNTHLEI0000000A0001,FALSE,CL1032,NONE,,,DEAL,FALSE,2025-07-11T15:54:15.181172Z,DAVY,VFCR,2025-07-11T23:59:59.999999Z,2025-07-11T15:54:15.181172Z,,1344,XMKT,ECHO,ZZ0000000105,2025-07-11T15:54:15.181172Z,100551,NEWO,L,LMTO,7.9219,0,0,0,0,EUR,,MONE,BUYI,ACTI,,,60,60,60,,,,,,,,,,T10055159,,,,
SYNTHLEI0000000F0006,FALSE,CL1003,NONE,,,AOTC,FALSE,2025-07-11T15:54:18.471405Z,IOCV,VFAR,9999-12-31T23:59:59.999999Z,2025-07-11T15:54:18.471405Z,,1345,XMKT,CHRL,ZZ0000000103,2025-07-11T15:54:18.471405Z,100062,NEWO,L,LMTO,16.2538,0,0,0,0,EUR,,MONE,SELL,ACTI,,,1500,1500,1500,,,,,,,,,,T10006258,,,,
SYNTHLEI0000000A0001,FALSE,CL1039,NONE,,,AOTC,FALSE,2025-07-11T15:54:30.893141Z,GTDV,VFAR,2025-07-11T23:59:59.999999Z,2025-07-11T15:54:30.893141Z,,1346,XMKT,INDX,ZZ0000000109,2025-07-11T15:54:30.893141Z,100128,NEWO,S,STOP,0.4642,0,0.4554,0,0,EUR,,MONE,SELL,ACTI,,,5,5,5,,,,,,,,,,T10012860,,,,
SYNTHLEI0000000H0008,FALSE,NONE,NONE,,,MTCH,FALSE,2025-07-11T15:55:10.664836Z,DAVY,VFCR,2025-07-11T23:59:59.999999Z,2025-07-11T15:55:10.664836Z,,1347,XDRV,OPT25G15.00,ZV0000000202,2025-07-11T15:55:10.664836Z,100488,CAME,L,,,,,,,EUR,,MONE,SELL,,,,1,0,0,,,,,,,,,,T10048821,,,,
SYNTHLEI0000000B0002,TRUE,CL1016,NONE,,,AOTC,FALSE,2025-07-11T15:55:12.983568Z,GTDV,VFAR,2025-07-11T23:59:59.999999Z,2025-07-11T15:55:12.983568Z,,1348,XMKT,GOLF,ZZ0000000107,2025-07-11T15:55:12.983568Z,100147,NEWO,L,LMTO,4.1599,0,0,0,0,EUR,,MONE,SELL,ACTI,,,20,20,20,,,,,,,,,,T10014722,,,,
SYNTHLEI0000000D0004,TRUE,CL1019,NONE,,,AOTC,FALSE,2025-07-11T15:55:22.575823Z,IOCV,VFAR,9999-12-31T23:59:59.999999Z,2025-07-11T15:50:56.575823Z,,1349,XMKT,INDX,ZZ0000000109,2025-07-11T15:55:22.575823Z,100173,FILL,L,,,,,,0.4643,EUR,,MONE,BUYI,,,,,0,,150,,,,,AGRE,,,,T10017333,,,,
SYNTHLEI0000000D0004,FALSE,CL1019,NONE,,,AOTC,FALSE,2025-07-11T15:56:00.584135Z,FOKV,VFAR,9999-12-31T23:59:59.999999Z,2025-07-11T15:48:33.584135Z,,1350,XMKT,HOTL,ZZ0000000108,2025-07-11T15:56:00.584135Z,100283,FILL,L,,,,,,3.1738,EUR,,MONE,SELL,,,,,0,,119,,,,,AGRE,,,,T10028332,,,,
SYNTHLEI0000000H0008,FALSE,CL1008,NONE,,,AOTC,FALSE,2025-07-11T15:56:04.805151Z,DAVY,,2025-07-11T23:59:59.999999Z,2025-07-11T15:56:04.805151Z,,1351,XMKT,JULT,ZZ0000000110,2025-07-11T15:56:04.805151Z,100361,NEWO,L,LMTO,11.4118,0,0,0,0,EUR,,MONE,SELL,ACTI,,,100,100,100,,,,,,,,,,T10036161,,,,
SYNTHLEI0000000A0001,FALSE,NONE,ALGOPT,,,AOTC,FALSE,2025-07-11T15:56:04.868793Z,DAVY,,2025-07-11T23:59:59.999999Z,2025-07-11T15:56:04.868793Z,,1352,XMKT,ABLE,ZZ0000000101,2025-07-11T15:56:04.868793Z,100533,CAME,L,,,,,,,EUR,,MONE,SELL,,,,60,0,0,,,,,,,,,,T10053364,,,,
SYNTHLEI0000000A0001,FALSE,CL1030,NONE,,,AOTC,FALSE,2025-07-11T15:56:34.750795Z,DAVY,,2025-07-11T23:59:59.999999Z,2025-07-11T15:56:34.750795Z,,1353,XMKT,DLTA,ZZ0000000104,2025-07-11T15:56:34.750795Z,100487,CAME,L,,,,,,,EUR,,MONE,SELL,,,,5,0,0,,,,,,,,,,T10048716,,,,
SYNTHLEI0000000A0001,FALSE,CL1039,NONE,,,AOTC,FALSE,2025-07-11T15:56:45.364780Z,DAVY,VFAR,2025-07-11T23:59:59.999999Z,2025-07-11T15:50:23.364780Z,,1354,XMKT,CHRL,ZZ0000000103,2025-07-11T15:56:45.364780Z,100437,FILL,L,,,,,,16.2608,EUR,,MONE,BUYI,,,,,0,,200,,,,,PASV,,,,T10043739,,,,
SYNTHLEI0000000H0008,TRUE,CL1026,NONE,,,AOTC,FALSE,2025-07-11T15:57:49.229577Z,FOKV,VFAR,9999-12-31T23:59:59.999999Z,2025-07-11T15:57:49.229577Z,,1355,XMKT,GOLF,ZZ0000000107,2025-07-11T15:57:49.229577Z,100182,NEWO,L,LMTO,4.1737,0,0,0,0,EUR,,MONE,SELL,ACTI,,,150,150,150,,,,,,,,,,T10018255,,,,
SYNTHLEI0000000A0001,FALSE,CL1032,NONE,,,DEAL,FALSE,2025-07-11T15:58:14.181172Z,DAVY,VFCR,2025-07-11T23:59:59.999999Z,2025-07-11T15:58:14.181172Z,,1356,XMKT,ECHO,ZZ0000000105,2025-07-11T15:58:14.181172Z,100551,REME,L,LMTO,7.9232,,,,,EUR,,MONE,BUYI,ACTI,,,60,60,60,,,,,,,,,,T10055159,,,,
SYNTHLEI0000000H0008,FALSE,CL1008,NONE,,,AOTC,FALSE,2025-07-11T15:59:16.805151Z,DAVY,,2025-07-11T23:59:59.999999Z,2025-07-11T15:56:04.805151Z,,1357,XMKT,JULT,ZZ0000000110,2025-07-11T15:59:16.805151Z,100361,PARF,L,,,,,,11.4118,EUR,,MONE,SELL,,,,,89,,11,,,,,AGRE,,,,T10036161,,,,
SYNTHLEI0000000A0001,FALSE,CL1032,NONE,,,DEAL,FALSE,2025-07-11T16:00:17.181172Z,DAVY,VFCR,2025-07-11T23:59:59.999999Z,2025-07-11T15:54:15.181172Z,,1358,XMKT,ECHO,ZZ0000000105,2025-07-11T16:00:17.181172Z,100551,PARF,L,,,,,,7.9232,EUR,,MONE,BUYI,,,,,31,,29,,,,,PASV,,,,T10055159,,,,
SYNTHLEI0000000A0001,FALSE,CL1039,NONE,,,AOTC,FALSE,2025-07-11T16:00:33.893141Z,GTDV,VFAR,2025-07-11T23:59:59.999999Z,2025-07-11T15:54:30.893141Z,,1359,XMKT,INDX,ZZ0000000109,2025-07-11T16:00:33.893141Z,100128,PARF,S,,,,,,0.4642,EUR,,MONE,SELL,,,,,4,,1,,,,,AGRE,,,,T10012860,,,,
SYNTHLEI0000000A0001,FALSE,CL1005,NONE,,,DEAL,FALSE,2025-07-11T16:00:39.823061Z,IOCV,,9999-12-31T23:59:59.999999Z,2025-07-11T16:00:39.823061Z,,1360,XMKT,FXTR,ZZ0000000106,2025-07-11T16:00:39.823061Z,100345,NEWO,L,LMTO,3.1942,0,0,0,0,EUR,,MONE,SELL,ACTI,,,1000,1000,1000,,,,,,,,,,T10034587,,,,
SYNTHLEI0000000C0003,FALSE,CL1012,NONE,,,DEAL,TRUE,2025-07-11T16:00:47.983522Z,DAVY,VFAR,2025-07-11T23:59:59.999999Z,2025-07-11T16:00:47.983522Z,,1361,XMKT,JULT,ZZ0000000110,2025-07-11T16:00:47.983522Z,100416,NEWO,S,STOP,11.4202,0,11.0632,0,0,EUR,,MONE,SELL,ACTI,,,100,100,100,,,,,,,,,,T10041616,,,,
SYNTHLEI0000000B0002,TRUE,CL1016,NONE,,,AOTC,FALSE,2025-07-11T16:00:49.983568Z,GTDV,VFAR,2025-07-11T23:59:59.999999Z,2025-07-11T16:00:49.983568Z,,1362,XMKT,GOLF,ZZ0000000107,2025-07-11T16:00:49.983568Z,100147,REME,L,LMTO,4.1562,,,,,EUR,,MONE,SELL,ACTI,,,20,20,20,,,,,,,,,,T10014722,,,,
SYNTHLEI0000000A0001,FALSE,CL1008,NONE,,,AOTC,FALSE,2025-07-11T16:00:58.499680Z,DAVY,,2025-07-11T23:59:59.999999Z,2025-07-11T16:00:58.499680Z,,1363,XMKT,BRVO,ZZ0000000102,2025-07-11T16:00:58.499680Z,100017,NEWO,L,LMTO,2.0808,0,0,0,0,EUR,,MONE,BUYI,ACTI,,,150,150,150,,,,,,,,,,T10001777,,,,
SYNTHLEI0000000H0008,FALSE,CL1008,NONE,,,AOTC,FALSE,2025-07-11T16:01:20.805151Z,DAVY,,2025-07-11T23:59:59.999999Z,2025-07-11T16:01:20.805151Z,,1364,XMKT,JULT,ZZ0000000110,2025-07-11T16:01:20.805151Z,100361,CAME,L,,,,,,,EUR,,MONE,SELL,,,,100,0,0,,,,,,,,,,T10036161,,,,
SYNTHLEI0000000A0001,FALSE,CL1032,NONE,,,DEAL,FALSE,2025-07-11T16:02:04.181172Z,DAVY,VFCR,2025-07-11T23:59:59.999999Z,2025-07-11T16:02:04.181172Z,,1365,XMKT,ECHO,ZZ0000000105,2025-07-11T16:02:04.181172Z,100551,CAME,L,,,,,,,EUR,,MONE,BUYI,,,,60,0,0,,,,,,,,,,T10055159,,,,
SYNTHLEI0000000A0001,FALSE,CL1008,NONE,,,AOTC,FALSE,2025-07-11T16:02:05.499680Z,DAVY,,2025-07-11T23:59:59.999999Z,2025-07-11T16:00:58.499680Z,,1366,XMKT,BRVO,ZZ0000000102,2025-07-11T16:02:05.499680Z,100017,PARF,L,,,,,,2.0808,EUR,,MONE,BUYI,,,,,65,,85,,,,,PASV,,,,T10001777,,,,
SYNTHLEI0000000D0004,FALSE,CL1007,NONE,,,MTCH,FALSE,2025-07-11T16:02:05.608760Z,DAVY,VFCR,2025-07-11T23:59:59.999999Z,2025-07-11T16:02:05.608760Z,,1367,XMKT,GOLF,ZZ0000000107,2025-07-11T16:02:05.608760Z,100287,NEWO,L,LMTO,4.1658,0,0,0,0,EUR,,MONE,SELL,ACTI,,,100,100,100,,,,,,,,,,T10028711,,,,
SYNTHLEI0000000C0003,FALSE,CL1012,NONE,,,DEAL,TRUE,2025-07-11T16:02:07.983522Z,DAVY,VFAR,2025-07-11T23:59:59.999999Z,2025-07-11T16:00:47.983522Z,,1368,XMKT,JULT,ZZ0000000110,2025-07-11T16:02:07.983522Z,100416,PARF,S,,,,,,11.4202,EUR,,MONE,SELL,,,,,63,,37,,,,,AGRE,,,,T10041616,,,,
SYNTHLEI0000000A0001,FALSE,CL1008,NONE,,,AOTC,FALSE,2025-07-11T16:02:24.499680Z,DAVY,,2025-07-11T23:59:59.999999Z,2025-07-11T16:00:58.499680Z,,1369,XMKT,BRVO,ZZ0000000102,2025-07-11T16:02:24.499680Z,100017,FILL,L,,,,,,2.0808,EUR,,MONE,BUYI,,,,,0,,65,,,,,PASV,,,,T10001777,,,,
SYNTHLEI0000000B0002,TRUE,CL1016,NONE,,,AOTC,FALSE,2025-07-11T16:03:24.983568Z,GTDV,VFAR,2025-07-11T23:59:59.999999Z,2025-07-11T15:55:12.983568Z,,1370,XMKT,GOLF,ZZ0000000107,2025-07-11T16:03:24.983568Z,100147,PARF,L,,,,,,4.1562,EUR,,MONE,SELL,,,,,16,,4,,,,,AGRE,,,,T10014722,,,,
SYNTHLEI0000000H0008,FALSE,CL1025,NONE,,,DEAL,FALSE,2025-07-11T16:03:27.477105Z,DAVY,VFAR,2025-07-11T23:59:59.999999Z,2025-07-11T16:03:27.477105Z,,1371,XMKT,INDX,ZZ0000000109,2025-07-11T16:03:27.477105Z,100507,NEWO,L,LMTO,0.4651,0,0,0,0,EUR,,MONE,BUYI,ACTI,,,500,500,500,,,,,,,,,,T10050763,,,,
SYNTHLEI0000000B0002,TRUE,CL1016,NONE,,,AOTC,FALSE,2025-07-11T16:04:03.983568Z,GTDV,VFAR,2025-07-11T23:59:59.999999Z,2025-07-11T15:55:12.983568Z,,1372,XMKT,GOLF,ZZ0000000107,2025-07-11T16:04:03.983568Z,100147,FILL,L,,,,,,4.1562,EUR,,MONE,SELL,,,,,0,,16,,,,,AGRE,,,,T10014722,,,,
SYNTHLEI0000000D0004,FALSE,CL1007,NONE,,,MTCH,FALSE,2025-07-11T16:04:12.608760Z,DAVY,VFCR,2025-07-11T23:59:59.999999Z,2025-07-11T16:02:05.608760Z,,1373,XMKT,GOLF,ZZ0000000107,2025-07-11T16:04:12.608760Z,100287,PARF,L,,,,,,4.1658,EUR,,MONE,SELL,,,,,62,,38,,,,,PASV,,,,T10028711,,,,
SYNTHLEI0000000D0004,FALSE,CL1007,NONE,,,MTCH,FALSE,2025-07-11T16:04:15.608760Z,DAVY,VFCR,2025-07-11T23:59:59.999999Z,2025-07-11T16:04:15.608760Z,,1374,XMKT,GOLF,ZZ0000000107,2025-07-11T16:04:15.608760Z,100287,CAME,L,,,,,,,EUR,,MONE,SELL,,,,100,0,0,,,,,,,,,,T10028711,,,,
SYNTHLEI0000000G0007,FALSE,CL1009,NONE,,,AOTC,FALSE,2025-07-11T16:04:37.154028Z,GTDV,VFCR,2025-07-11T23:59:59.999999Z,2025-07-11T16:04:37.154028Z,,1375,XMKT,HOTL,ZZ0000000108,2025-07-11T16:04:37.154028Z,100067,NEWO,L,LMTO,3.0585,0,0,0,0,EUR,,MONE,BUYI,ACTI,,,1500,1500,1500,,,,,,,,,,T10006766,,,,
SYNTHLEI0000000H0008,TRUE,CL1026,NONE,,,AOTC,FALSE,2025-07-11T16:06:03.229577Z,FOKV,VFAR,9999-12-31T23:59:59.999999Z,2025-07-11T16:06:03.229577Z,,1376,XMKT,GOLF,ZZ0000000107,2025-07-11T16:06:03.229577Z,100182,REME,L,LMTO,4.1722,,,,,EUR,,MONE,SELL,ACTI,,,150,150,150,,,,,,,,,,T10018255,,,,
SYNTHLEI0000000H0008,FALSE,CL1025,NONE,,,DEAL,FALSE,2025-07-11T16:06:03.477105Z,DAVY,VFAR,2025-07-11T23:59:59.999999Z,2025-07-11T16:03:27.477105Z,,1377,XMKT,INDX,ZZ0000000109,2025-07-11T16:06:03.477105Z,100507,PARF,L,,,,,,0.4651,EUR,,MONE,BUYI,,,,,361,,139,,,,,AGRE,,,,T10050763,,,,
SYNTHLEI0000000G0007,FALSE,CL1009,NONE,,,AOTC,FALSE,2025-07-11T16:06:27.154028Z,GTDV,VFCR,2025-07-11T23:59:59.999999Z,2025-07-11T16:06:27.154028Z,,1378,XMKT,HOTL,ZZ0000000108,2025-07-11T16:06:27.154028Z,100067,REME,L,LMTO,3.0548,,,,,EUR,,MONE,BUYI,ACTI,,,1500,1500,1500,,,,,,,,,,T10006766,,,,
SYNTHLEI0000000A0001,FALSE,CL1039,NONE,,,AOTC,FALSE,2025-07-11T16:06:35.893141Z,GTDV,VFAR,2025-07-11T23:59:59.999999Z,2025-07-11T15:54:30.893141Z,,1379,XMKT,INDX,ZZ0000000109,2025-07-11T16:06:35.893141Z,100128,FILL,S,,,,,,0.4642,EUR,,MONE,SELL,,,,,0,,4,,,,,PASV,,,,T10012860,,,,
SYNTHLEI0000000C0003,FALSE,NONE,NONE,,,DEAL,FALSE,2025-07-11T16:06:45.931813Z,GTDV,VFCR,2025-07-11T23:59:59.999999Z,2025-07-11T16:06:45.931813Z,,1380,XMKT,FXTR,ZZ0000000106,2025-07-11T16:06:45.931813Z,100033,NEWO,L,LMTO,3.1904,0,0,0,0,EUR,,MONE,SELL,ACTI,,,150,150,150,,,,,,,,,,T10003369,,,,
SYNTHLEI0000000B0002,FALSE,CL1025,NONE,,,AOTC,FALSE,2025-07-11T16:07:27.577788Z,IOCV,VFCR,9999-12-31T23:59:59.999999Z,2025-07-11T16:07:27.577788Z,,1381,XMKT,INDX,ZZ0000000109,2025-07-11T16:07:27.577788Z,100353,NEWO,L,LMTO,0.4645,0,0,0,0,EUR,,MONE,SELL,ACTI,,,1000,1000,1000,,,,,,,,,,T10035319,,,,
SYNTHLEI0000000B0002,FALSE,CL1005,NONE,,,AOTC,FALSE,2025-07-11T16:07:37.984285Z,IOCV,VFAR,9999-12-31T23:59:59.999999Z,2025-07-11T16:07:37.984285Z,,1382,XMKT,DLTA,ZZ0000000104,2025-07-11T16:07:37.984285Z,100621,NEWO,L,LMTO,3.133,0,0,0,0,EUR,,MONE,BUYI,ACTI,,,3000,3000,3000,,,,,,,,,,T10062130,,,,
SYNTHLEI0000000B0002,FALSE,CL1005,NONE,,,AOTC,FALSE,2025-07-11T16:08:03.984285Z,IOCV,VFAR,9999-12-31T23:59:59.999999Z,2025-07-11T16:07:37.984285Z,,1383,XMKT,DLTA,ZZ0000000104,2025-07-11T16:08:03.984285Z,100621,PARF,L,,,,,,3.133,EUR,,MONE,BUYI,,,,,1823,,1177,,,,,PASV,,,,T10062130,,,,
SYNTHLEI0000000H0008,FALSE,CL1013,NONE,,,AOTC,FALSE,2025-07-11T16:08:29.043360Z,GTDV,VFCR,2025-07-11T23:59:59.999999Z,2025-07-11T16:08:29.043360Z,,1384,XMKT,INDX,ZZ0000000109,2025-07-11T16:08:29.043360Z,100076,NEWO,L,LMTO,0.4639,0,0,0,0,EUR,,MONE,SELL,ACTI,,,40,40,40,,,,,,,,,,T10007626,,,,
SYNTHLEI0000000H0008,FALSE,NONE,ALGO1,,,AOTC,FALSE,2025-07-11T16:08:51.503769Z,GTDV,VFAR,2025-07-11T23:59:59.999999Z,2025-07-11T16:08:51.503769Z,,1385,XDRV,OPT25G15.00,ZV0000000202,2025-07-11T16:08:51.503769Z,100293,NEWO,L,LMTO,0.4549,0,0,0,0,EUR,,MONE,BUYI,ACTI,,,2,2,2,,,,,,,,,,T10029318,,,,
SYNTHLEI0000000H0008,TRUE,CL1024,NONE,,,MTCH,FALSE,2025-07-11T16:08:54.523599Z,GTDV,VFCR,2025-07-11T23:59:59.999999Z,2025-07-11T16:08:54.523599Z,,1386,XMKT,GOLF,ZZ0000000107,2025-07-11T16:08:54.523599Z,100256,NEWO,L,LMTO,4.1708,0,0,0,0,EUR,,MONE,SELL,ACTI,,,40,40,40,,,,,,,,,,T10025695,,,,
SYNTHLEI0000000C0003,FALSE,CL1012,NONE,,,DEAL,TRUE,2025-07-11T16:09:16.983522Z,DAVY,VFAR,2025-07-11T23:59:59.999999Z,2025-07-11T16:09:16.983522Z,,1387,XMKT,JULT,ZZ0000000110,2025-07-11T16:09:16.983522Z,100416,CAME,S,,,,,,,EUR,,MONE,SELL,,,,100,0,0,,,,,,,,,,T10041616,,,,
SYNTHLEI0000000B0002,FALSE,CL1005,NONE,,,AOTC,FALSE,2025-07-11T16:09:18.984285Z,IOCV,VFAR,9999-12-31T23:59:59.999999Z,2025-07-11T16:09:18.984285Z,,1388,XMKT,DLTA,ZZ0000000104,2025-07-11T16:09:18.984285Z,100621,CAME,L,,,,,,,EUR,,MONE,BUYI,,,,3000,0,0,,,,,,,,,,T10062130,,,,
SYNTHLEI0000000B0002,FALSE,CL1035,NONE,,,AOTC,FALSE,2025-07-11T16:09:23.947837Z,GTCV,,9999-12-31T23:59:59.999999Z,2025-07-11T16:09:23.947837Z,,1389,XMKT,CHRL,ZZ0000000103,2025-07-11T16:09:23.947837Z,100281,NEWO,L,LMTO,16.2445,0,0,0,0,EUR,,MONE,SELL,ACTI,,,60,60,60,,,,,,,,,,T10028121,,,,
SYNTHLEI0000000H0008,TRUE,CL1026,NONE,,,AOTC,FALSE,2025-07-11T16:09:30.229577Z,FOKV,VFAR,9999-12-31T23:59:59.999999Z,2025-07-11T15:57:49.229577Z,,1390,XMKT,GOLF,ZZ0000000107,2025-07-11T16:09:30.229577Z,100182,FILL,L,,,,,,4.1722,EUR,,MONE,SELL,,,,,0,,150,,,,,PASV,,,,T10018255,,,,
SYNTHLEI0000000A0001,FALSE,CL1020,NONE,,,AOTC,FALSE,2025-07-11T16:09:40.430224Z,IOCV,VFCR,9999-12-31T23:59:59.999999Z,2025-07-11T16:09:40.430224Z,,1391,XMKT,ABLE,ZZ0000000101,2025-07-11T16:09:40.430224Z,100308,NEWO,L,LMTO,6.4786,0,0,0,0,EUR,,MONE,SELL,ACTI,,,5,5,5,,,,,,,,,,T10030884,,,,
SYNTHLEI0000000G0007,FALSE,NONE,NONE,,,AOTC,FALSE,2025-07-11T16:09:52.878396Z,DAVY,VFAR,2025-07-11T23:59:59.999999Z,2025-07-11T16:09:52.878396Z,,1392,XMKT,CHRL,ZZ0000000103,2025-07-11T16:09:52.878396Z,100234,NEWO,L,LMTO,15.5284,0,0,0,0,EUR,,MONE,SELL,ACTI,,,20,20,20,,,,,,,,,,T10023484,,,,
SYNTHLEI0000000B0002,FALSE,CL1035,NONE,,,AOTC,FALSE,2025-07-11T16:10:09.947837Z,GTCV,,9999-12-31T23:59:59.999999Z,2025-07-11T16:10:09.947837Z,,1393,XMKT,CHRL,ZZ0000000103,2025-07-11T16:10:09.947837Z,100281,REME,L,LMTO,16.2447,,,,,EUR,,MONE,SELL,ACTI,,,60,60,60,,,,,,,,,,T10028121,,,,
SYNTHLEI0000000H0008,FALSE,CL1033,NONE,,,AOTC,FALSE,2025-07-11T16:10:25.702694Z,GTCV,VFAR,9999-12-31T23:59:59.999999Z,2025-07-11T16:10:25.702694Z,,1394,XMKT,BRVO,ZZ0000000102,2025-07-11T16:10:25.702694Z,100382,CAME,S,,,,,,,EUR,,MONE,SELL,,,,1000,0,0,,,,,,,,,,T10038213,,,,
SYNTHLEI0000000C0003,FALSE,CL1033,NONE,,,AOTC,FALSE,2025-07-11T16:10:42.536114Z,GTDV,VFAR,2025-07-11T23:59:59.999999Z,2025-07-11T16:10:42.536114Z,,1395,XMKT,CHRL,ZZ0000000103,2025-07-11T16:10:42.536114Z,100514,NEWO,L,LMTO,16.2465,0,0,0,0,EUR,,MONE,BUYI,ACTI,,,500,500,500,,,,,,,,,,T10051487,,,,
SYNTHLEI0000000C0003,FALSE,NONE,NONE,,,DEAL,FALSE,2025-07-11T16:11:14.931813Z,GTDV,VFCR,2025-07-11T23:59:59.999999Z,2025-07-11T16:06:45.931813Z,,1396,XMKT,FXTR,ZZ0000000106,2025-07-11T16:11:14.931813Z,100033,PARF,L,,,,,,3.1904,EUR,,MONE,SELL,,,,,114,,36,,,,,PASV,,,,T10003369,,,,
SYNTHLEI0000000D0004,FALSE,CL1007,NONE,,,AOTC,FALSE,2025-07-11T16:11:18.896059Z,DAVY,,2025-07-11T23:59:59.999999Z,2025-07-11T16:11:18.896059Z,,1397,XMKT,JULT,ZZ0000000110,2025-07-11T16:11:18.896059Z,100057,NEWO,L,LMTO,11.4036,0,0,0,0,EUR,,MONE,BUYI,ACTI,,,5,5,5,,,,,,,,,,T10005758,,,,
SYNTHLEI0000000B0002,FALSE,NONE,ALGO1,,,MTCH,FALSE,2025-07-11T16:12:02.343084Z,IOCV,VFAR,9999-12-31T23:59:59.999999Z,2025-07-11T16:12:02.343084Z,,1398,XMKT,GOLF,ZZ0000000107,2025-07-11T16:12:02.343084Z,100403,NEWO,L,LMTO,4.1695,0,0,0,0,EUR,,MONE,SELL,ACTI,,,20,20,20,,,,,,,,,,T10040355,,,,
SYNTHLEI0000000E0005,FALSE,NONE,ALGO1,,,MTCH,FALSE,2025-07-11T16:12:15.896252Z,DAVY,VFCR,2025-07-11T23:59:59.999999Z,2025-07-11T16:12:15.896252Z,,1399,XMKT,JULT,ZZ0000000110,2025-07-11T16:12:15.896252Z,100236,NEWO,L,LMTO,11.4152,0,0,0,0,EUR,,MONE,SELL,ACTI,,,150,150,150,,,,,,,,,,T10023688,,,,
SYNTHLEI0000000B0002,FALSE,CL1025,NONE,,,AOTC,FALSE,2025-07-11T16:12:25.577788Z,IOCV,VFCR,9999-12-31T23:59:59.999999Z,2025-07-11T16:07:27.577788Z,,1400,XMKT,INDX,ZZ0000000109,2025-07-11T16:12:25.577788Z,100353,PARF,L,,,,,,0.4645,EUR,,MONE,SELL,,,,,679,,321,,,,,AGRE,,,,T10035319,,,,
SYNTHLEI0000000A0001,FALSE,CL1020,NONE,,,AOTC,FALSE,2025-07-11T16:12:35.430224Z,IOCV,VFCR,9999-12-31T23:59:59.999999Z,2025-07-11T16:09:40.430224Z,,1401,XMKT,ABLE,ZZ0000000101,2025-07-11T16:12:35.430224Z,100308,PARF,L,,,,,,6.4786,EUR,,MONE,SELL,,,,,4,,1,,,,,AGRE,,,,T10030884,,,,
SYNTHLEI0000000C0003,FALSE,NONE,NONE,,,DEAL,FALSE,2025-07-11T16:13:07.931813Z,GTDV,VFCR,2025-07-11T23:59:59.999999Z,2025-07-11T16:13:07.931813Z,,1402,XMKT,FXTR,ZZ0000000106,2025-07-11T16:13:07.931813Z,100033,CAME,L,,,,,,,EUR,,MONE,SELL,,,,150,0,0,,,,,,,,,,T10003369,,,,
SYNTHLEI0000000C0003,FALSE,CL1033,NONE,,,AOTC,FALSE,2025-07-11T16:13:08.536114Z,GTDV,VFAR,2025-07-11T23:59:59.999999Z,2025-07-11T16:10:42.536114Z,,1403,XMKT,CHRL,ZZ0000000103,2025-07-11T16:13:08.536114Z,100514,PARF,L,,,,,,16.2465,EUR,,MONE,BUYI,,,,,364,,136,,,,,AGRE,,,,T10051487,,,,
SYNTHLEI0000000H0008,TRUE,CL1025,NONE,,,MTCH,FALSE,2025-07-11T16:13:23.918698Z,DAVY,VFAR,2025-07-11T23:59:59.999999Z,2025-07-11T16:13:23.918698Z,,1404,XMKT,CHRL,ZZ0000000103,2025-07-11T16:13:23.918698Z,100604,CAME,L,,,,,,,EUR,,MONE,SELL,,,,20,0,0,,,,,,,,,,T10060426,,,,
SYNTHLEI0000000H0008,FALSE,CL1008,NONE,,,DEAL,FALSE,2025-07-11T16:13:29.518447Z,GTDV,VFAR,2025-07-11T23:59:59.999999Z,2025-07-11T16:13:29.518447Z,,1405,XMKT,FXTR,ZZ0000000106,2025-07-11T16:13:29.518447Z,100088,NEWO,L,LMTO,3.1967,0,0,0,0,EUR,,MONE,BUYI,ACTI,,,20,20,20,,,,,,,,,,T10008873,,,,
SYNTHLEI0000000E0005,FALSE,NONE,ALGO1,,,DEAL,FALSE,2025-07-11T16:13:33.849777Z,DAVY,VFCR,2025-07-11T23:59:59.999999Z,2025-07-11T16:13:33.849777Z,,1406,XMKT,JULT,ZZ0000000110,2025-07-11T16:13:33.849777Z,100261,NEWO,L,LMTO,11.429,0,0,0,0,EUR,,MONE,BUYI,ACTI,,,1500,1500,1500,,,,,,,,,,T10026180,,,,
SYNTHLEI0000000E0005,FALSE,NONE,ALGO1,,,DEAL,FALSE,2025-07-11T16:13:34.843777Z,DAVY,VFCR,2025-07-11T23:59:59.999999Z,2025-07-11T16:13:34.843777Z,,1407,XMKT,JULT,ZZ0000000110,2025-07-11T16:13:34.843777Z,100261,REME,L,LMTO,11.4316,,,,,EUR,,MONE,BUYI,ACTI,,,1500,1500,1500,,,,,,,,,,T10026180,,,,
SYNTHLEI0000000E0005,FALSE,NONE,ALGO1,,,DEAL,FALSE,2025-07-11T16:13:35.772777Z,DAVY,VFCR,2025-07-11T23:59:59.999999Z,2025-07-11T16:13:35.772777Z,,1408,XMKT,JULT,ZZ0000000110,2025-07-11T16:13:35.772777Z,100261,CAME,L,LMTO,,,,,,EUR,,MONE,BUYI,,,,1500,0,0,,,,,,,,,,T10026180,,,,
SYNTHLEI0000000H0008,FALSE,CL1013,NONE,,,AOTC,FALSE,2025-07-11T16:13:48.043360Z,GTDV,VFCR,2025-07-11T23:59:59.999999Z,2025-07-11T16:08:29.043360Z,,1409,XMKT,INDX,ZZ0000000109,2025-07-11T16:13:48.043360Z,100076,FILL,L,,,,,,0.4639,EUR,,MONE,SELL,,,,,0,,40,,,,,AGRE,,,,T10007626,,,,
SYNTHLEI0000000H0008,FALSE,CL1025,NONE,,,DEAL,FALSE,2025-07-11T16:14:05.477105Z,DAVY,VFAR,2025-07-11T23:59:59.999999Z,2025-07-11T16:14:05.477105Z,,1410,XMKT,INDX,ZZ0000000109,2025-07-11T16:14:05.477105Z,100507,CAME,L,,,,,,,EUR,,MONE,BUYI,,,,500,0,0,,,,,,,,,,T10050763,,,,
SYNTHLEI0000000E0005,FALSE,NONE,ALGO1,,,MTCH,FALSE,2025-07-11T16:14:44.896252Z,DAVY,VFCR,2025-07-11T23:59:59.999999Z,2025-07-11T16:12:15.896252Z,,1411,XMKT,JULT,ZZ0000000110,2025-07-11T16:14:44.896252Z,100236,PARF,L,,,,,,11.4152,EUR,,MONE,SELL,,,,,81,,69,,,,,PASV,,,,T10023688,,,,
SYNTHLEI0000000H0008,FALSE,NONE,ALGO1,,,AOTC,FALSE,2025-07-11T16:14:48.503769Z,GTDV,VFAR,2025-07-11T23:59:59.999999Z,2025-07-11T16:08:51.503769Z,,1412,XDRV,OPT25G15.00,ZV0000000202,2025-07-11T16:14:48.503769Z,100293,FILL,L,,,,,,0.4549,EUR,,MONE,BUYI,,,,,0,,2,,,,,PASV,,,,T10029318,,,,
SYNTHLEI0000000F0006,TRUE,CL1027,NONE,,,MTCH,FALSE,2025-07-11T16:15:14.506397Z,DAVY,VFAR,2025-07-11T23:59:59.999999Z,2025-07-11T16:15:14.506397Z,,1413,XMKT,FXTR,ZZ0000000106,2025-07-11T16:15:14.506397Z,100135,NEWO,L,LMTO,3.1898,0,0,0,0,EUR,,MONE,BUYI,ACTI,,,20,20,20,,,,,,,,,,T10013528,,,,
SYNTHLEI0000000F0006,TRUE,CL1027,NONE,,,MTCH,FALSE,2025-07-11T16:15:14.685397Z,DAVY,VFAR,2025-07-11T23:59:59.999999Z,2025-07-11T16:15:14.506397Z,,1414,XMKT,FXTR,ZZ0000000106,2025-07-11T16:15:14.685397Z,100135,CAME,L,LMTO,,,,,,EUR,,MONE,BUYI,,,,20,0,0,,,,,,,,,,T10013528,,,,
SYNTHLEI0000000A0001,FALSE,CL1005,NONE,,,DEAL,FALSE,2025-07-11T16:15:22.823061Z,IOCV,,9999-12-31T23:59:59.999999Z,2025-07-11T16:15:22.823061Z,,1415,XMKT,FXTR,ZZ0000000106,2025-07-11T16:15:22.823061Z,100345,CAME,L,,,,,,,EUR,,MONE,SELL,,,,1000,0,0,,,,,,,,,,T10034587,,,,
SYNTHLEI0000000B0002,FALSE,CL1008,NONE,,,AOTC,FALSE,2025-07-11T16:15:25.468476Z,DAVY,VFCR,2025-07-11T23:59:59.999999Z,2025-07-11T16:15:25.468476Z,,1416,XMKT,ECHO,ZZ0000000105,2025-07-11T16:15:25.468476Z,100612,NEWO,L,LMTO,7.9203,0,0,0,0,EUR,,MONE,BUYI,ACTI,,,60,60,60,,,,,,,,,,T10061278,,,,
SYNTHLEI0000000H0008,TRUE,CL1024,NONE,,,MTCH,FALSE,2025-07-11T16:15:29.523599Z,GTDV,VFCR,2025-07-11T23:59:59.999999Z,2025-07-11T16:08:54.523599Z,,1417,XMKT,GOLF,ZZ0000000107,2025-07-11T16:15:29.523599Z,100256,PARF,L,,,,,,4.1708,EUR,,MONE,SELL,,,,,21,,19,,,,,AGRE,,,,T10025695,,,,
SYNTHLEI0000000B0002,FALSE,CL1025,NONE,,,AOTC,FALSE,2025-07-11T16:15:40.577788Z,IOCV,VFCR,9999-12-31T23:59:59.999999Z,2025-07-11T16:07:27.577788Z,,1418,XMKT,INDX,ZZ0000000109,2025-07-11T16:15:40.577788Z,100353,FILL,L,,,,,,0.4645,EUR,,MONE,SELL,,,,,0,,679,,,,,PASV,,,,T10035319,,,,
SYNTHLEI0000000H0008,TRUE,CL1024,NONE,,,MTCH,FALSE,2025-07-11T16:16:01.523599Z,GTDV,VFCR,2025-07-11T23:59:59.999999Z,2025-07-11T16:08:54.523599Z,,1419,XMKT,GOLF,ZZ0000000107,2025-07-11T16:16:01.523599Z,100256,PARF,L,,,,,,4.1708,EUR,,MONE,SELL,,,,,17,,4,,,,,PASV,,,,T10025695,,,,
SYNTHLEI0000000B0002,FALSE,NONE,ALGO1,,,MTCH,FALSE,2025-07-11T16:16:36.343084Z,IOCV,VFAR,9999-12-31T23:59:59.999999Z,2025-07-11T16:12:02.343084Z,,1420,XMKT,GOLF,ZZ0000000107,2025-07-11T16:16:36.343084Z,100403,FILL,L,,,,,,4.1695,EUR,,MONE,SELL,,,,,0,,20,,,,,AGRE,,,,T10040355,,,,
SYNTHLEI0000000D0004,FALSE,NONE,NONE,,,DEAL,FALSE,2025-07-11T16:16:53.294985Z,GTCV,VFCR,9999-12-31T23:59:59.999999Z,2025-07-11T16:16:53.294985Z,,1421,XMKT,ABLE,ZZ0000000101,2025-07-11T16:16:53.294985Z,100467,NEWO,S,STOP,6.5051,0,6.3219,0,0,EUR,,MONE,SELL,ACTI,,,3000,3000,3000,,,,,,,,,,T10046715,,,,
SYNTHLEI0000000C0003,FALSE,CL1033,NONE,,,AOTC,FALSE,2025-07-11T16:16:58.536114Z,GTDV,VFAR,2025-07-11T23:59:59.999999Z,2025-07-11T16:10:42.536114Z,,1422,XMKT,CHRL,ZZ0000000103,2025-07-11T16:16:58.536114Z,100514,FILL,L,,,,,,16.2465,EUR,,MONE,BUYI,,,,,0,,364,,,,,AGRE,,,,T10051487,,,,
SYNTHLEI0000000C0003,TRUE,CL1003,NONE,,,DEAL,TRUE,2025-07-11T16:17:01.622375Z,DAVY,VFAR,2025-07-11T23:59:59.999999Z,2025-07-11T16:17:01.622375Z,,1423,XMKT,BRVO,ZZ0000000102,2025-07-11T16:17:01.622375Z,100276,NEWO,L,LMTO,2.0884,0,0,0,0,EUR,,MONE,SELL,ACTI,,,1000,1000,1000,,,,,,,,,,T10027655,,,,
SYNTHLEI0000000F0006,FALSE,CL1003,NONE,,,AOTC,FALSE,2025-07-11T16:17:39.471405Z,IOCV,VFAR,9999-12-31T23:59:59.999999Z,2025-07-11T16:17:39.471405Z,,1424,XMKT,CHRL,ZZ0000000103,2025-07-11T16:17:39.471405Z,100062,CAME,L,,,,,,,EUR,,MONE,SELL,,,,1500,0,0,,,,,,,,,,T10006258,,,,
SYNTHLEI0000000D0004,FALSE,CL1009,NONE,,,DEAL,FALSE,2025-07-11T16:17:42.791525Z,DAVY,VFAR,2025-07-11T23:59:59.999999Z,2025-07-11T16:17:42.791525Z,,1425,XMKT,CHRL,ZZ0000000103,2025-07-11T16:17:42.791525Z,100512,NEWO,L,LMTO,16.2526,0,0,0,0,EUR,,MONE,SELL,ACTI,,,150,150,150,,,,,,,,,,T10051267,,,,
SYNTHLEI0000000H0008,TRUE,CL1024,NONE,,,MTCH,FALSE,2025-07-11T16:18:06.523599Z,GTDV,VFCR,2025-07-11T23:59:59.999999Z,2025-07-11T16:08:54.523599Z,,1426,XMKT,GOLF,ZZ0000000107,2025-07-11T16:18:06.523599Z,100256,FILL,L,,,,,,4.1708,EUR,,MONE,SELL,,,,,0,,17,,,,,PASV,,,,T10025695,,,,
SYNTHLEI0000000G0007,FALSE,NONE,NONE,,,AOTC,FALSE,2025-07-11T16:19:01.878396Z,DAVY,VFAR,2025-07-11T23:59:59.999999Z,2025-07-11T16:19:01.878396Z,,1427,XMKT,CHRL,ZZ0000000103,2025-07-11T16:19:01.878396Z,100234,REME,L,LMTO,15.5396,,,,,EUR,,MONE,SELL,ACTI,,,20,20,20,,,,,,,,,,T10023484,,,,
SYNTHLEI0000000C0003,FALSE,CL1039,NONE,,,AOTC,FALSE,2025-07-11T16:19:14.907349Z,DAVY,VFAR,2025-07-11T23:59:59.999999Z,2025-07-11T16:19:14.907349Z,,1428,XMKT,GOLF,ZZ0000000107,2025-07-11T16:19:14.907349Z,100223,NEWO,L,LMTO,4.1685,0,0,0,0,EUR,,MONE,SELL,ACTI,,,1000,1000,1000,,,,,,,,,,T10022344,,,,
SYNTHLEI0000000D0004,FALSE,CL1009,NONE,,,DEAL,FALSE,2025-07-11T16:19:24.791525Z,DAVY,VFAR,2025-07-11T23:59:59.999999Z,2025-07-11T16:19:24.791525Z,,1429,XMKT,CHRL,ZZ0000000103,2025-07-11T16:19:24.791525Z,100512,CAME,L,,,,,,,EUR,,MONE,SELL,,,,150,0,0,,,,,,,,,,T10051267,,,,
SYNTHLEI0000000D0004,FALSE,NONE,NONE,,,DEAL,FALSE,2025-07-11T16:19:46.294985Z,GTCV,VFCR,9999-12-31T23:59:59.999999Z,2025-07-11T16:16:53.294985Z,,1430,XMKT,ABLE,ZZ0000000101,2025-07-11T16:19:46.294985Z,100467,FILL,S,,,,,,6.5051,EUR,,MONE,SELL,,,,,0,,3000,,,,,AGRE,,,,T10046715,,,,
SYNTHLEI0000000A0001,FALSE,CL1020,NONE,,,AOTC,FALSE,2025-07-11T16:20:38.430224Z,IOCV,VFCR,9999-12-31T23:59:59.999999Z,2025-07-11T16:20:38.430224Z,,1431,XMKT,ABLE,ZZ0000000101,2025-07-11T16:20:38.430224Z,100308,CAME,L,,,,,,,EUR,,MONE,SELL,,,,5,0,0,,,,,,,,,,T10030884,,,,
SYNTHLEI0000000G0007,FALSE,CL1020,NONE,,,DEAL,FALSE,2025-07-11T16:20:45.484749Z,DAVY,VFCR,2025-07-11T23:59:59.999999Z,2025-07-11T16:20:45.484749Z,,1432,XMKT,HOTL,ZZ0000000108,2025-07-11T16:20:45.484749Z,100156,NEWO,L,LMTO,3.3071,0,0,0,0,EUR,,MONE,SELL,ACTI,,,1500,1500,1500,,,,,,,,,,T10015691,,,,
SYNTHLEI0000000C0003,FALSE,CL1039,NONE,,,AOTC,FALSE,2025-07-11T16:21:13.907349Z,DAVY,VFAR,2025-07-11T23:59:59.999999Z,2025-07-11T16:19:14.907349Z,,1433,XMKT,GOLF,ZZ0000000107,2025-07-11T16:21:13.907349Z,100223,PARF,L,,,,,,4.1685,EUR,,MONE,SELL,,,,,507,,493,,,,,PASV,,,,T10022344,,,,
SYNTHLEI0000000G0007,FALSE,CL1009,NONE,,,AOTC,FALSE,2025-07-11T16:21:15.154028Z,GTDV,VFCR,2025-07-11T23:59:59.999999Z,2025-07-11T16:21:15.154028Z,,1434,XMKT,HOTL,ZZ0000000108,2025-07-11T16:21:15.154028Z,100067,CAME,L,,,,,,,EUR,,MONE,BUYI,,,,1500,0,0,,,,,,,,,,T10006766,,,,
SYNTHLEI0000000B0002,FALSE,CL1010,NONE,,,DEAL,TRUE,2025-07-11T16:21:34.104067Z,DAVY,VFCR,2025-07-11T23:59:59.999999Z,2025-07-11T16:21:34.104067Z,,1435,XMKT,ECHO,ZZ0000000105,2025-07-11T16:21:34.104067Z,100274,NEWO,L,LMTO,7.9186,0,0,0,0,EUR,,MONE,SELL,ACTI,,,150,150,150,,,,,,,,,,T10027433,,,,
SYNTHLEI0000000H0008,FALSE,CL1029,NONE,,,MTCH,FALSE,2025-07-11T16:22:16.382518Z,DAVY,VFAR,2025-07-11T23:59:59.999999Z,2025-07-11T16:22:16.382518Z,,1436,XMKT,CHRL,ZZ0000000103,2025-07-11T16:22:16.382518Z,100646,NEWO,L,LMTO,16.2377,0,0,0,0,EUR,,MONE,BUYI,ACTI,,,3000,3000,3000,,,,,,,,,,T10064646,,,,
SYNTHLEI0000000E0005,FALSE,NONE,ALGO1,,,MTCH,FALSE,2025-07-11T16:22:18.896252Z,DAVY,VFCR,2025-07-11T23:59:59.999999Z,2025-07-11T16:22:18.896252Z,,1437,XMKT,JULT,ZZ0000000110,2025-07-11T16:22:18.896252Z,100236,CAME,L,,,,,,,EUR,,MONE,SELL,,,,150,0,0,,,,,,,,,,T10023688,,,,
SYNTHLEI0000000B0002,FALSE,NONE,ALGO1,,,DEAL,TRUE,2025-07-11T16:22:25.981320Z,GTCV,VFAR,9999-12-31T23:59:59.999999Z,2025-07-11T16:22:25.981320Z,,1438,XMKT,ABLE,ZZ0000000101,2025-07-11T16:22:25.981320Z,100438,NEWO,L,LMTO,6.4981,0,0,0,0,EUR,,MONE,BUYI,ACTI,,,5,5,5,,,,,,,,,,T10043814,,,,
SYNTHLEI0000000C0003,FALSE,CL1039,NONE,,,AOTC,FALSE,2025-07-11T16:22:30.907349Z,DAVY,VFAR,2025-07-11T23:59:59.999999Z,2025-07-11T16:22:30.907349Z,,1439,XMKT,GOLF,ZZ0000000107,2025-07-11T16:22:30.907349Z,100223,CAME,L,,,,,,,EUR,,MONE,SELL,,,,1000,0,0,,,,,,,,,,T10022344,,,,
SYNTHLEI0000000H0008,FALSE,CL1029,NONE,,,MTCH,FALSE,2025-07-11T16:22:36.382518Z,DAVY,VFAR,2025-07-11T23:59:59.999999Z,2025-07-11T16:22:36.382518Z,,1440,XMKT,CHRL,ZZ0000000103,2025-07-11T16:22:36.382518Z,100646,CAME,L,,,,,,,EUR,,MONE,BUYI,,,,3000,0,0,,,,,,,,,,T10064646,,,,
SYNTHLEI0000000A0001,FALSE,NONE,ALGOPT,,,DEAL,TRUE,2025-07-11T16:23:22.295092Z,GTCV,VFAR,9999-12-31T23:59:59.999999Z,2025-07-11T16:23:22.295092Z,,1441,XMKT,ABLE,ZZ0000000101,2025-07-11T16:23:22.295092Z,100117,NEWO,L,LMTO,6.5172,0,0,0,0,EUR,,MONE,BUYI,ACTI,,,150,150,150,,,,,,,,,,T10011787,,,,
SYNTHLEI0000000G0007,FALSE,CL1020,NONE,,,DEAL,FALSE,2025-07-11T16:23:45.484749Z,DAVY,VFCR,2025-07-11T23:59:59.999999Z,2025-07-11T16:20:45.484749Z,,1442,XMKT,HOTL,ZZ0000000108,2025-07-11T16:23:45.484749Z,100156,FILL,L,,,,,,3.3071,EUR,,MONE,SELL,,,,,0,,1500,,,,,PASV,,,,T10015691,,,,
SYNTHLEI0000000B0002,FALSE,CL1010,NONE,,,DEAL,TRUE,2025-07-11T16:25:07.104067Z,DAVY,VFCR,2025-07-11T23:59:59.999999Z,2025-07-11T16:25:07.104067Z,,1443,XMKT,ECHO,ZZ0000000105,2025-07-11T16:25:07.104067Z,100274,REME,L,LMTO,7.9146,,,,,EUR,,MONE,SELL,ACTI,,,150,150,150,,,,,,,,,,T10027433,,,,
SYNTHLEI0000000A0001,FALSE,NONE,NONE,,,AOTC,FALSE,2025-07-11T16:25:16.625069Z,DAVY,VFAR,2025-07-11T23:59:59.999999Z,2025-07-11T16:25:16.625069Z,,1444,XMKT,JULT,ZZ0000000110,2025-07-11T16:25:16.625069Z,100546,NEWO,L,LMTO,11.39,0,0,0,0,EUR,,MONE,BUYI,ACTI,,,5,5,5,,,,,,,,,,T10054641,,,,
SYNTHLEI0000000C0003,TRUE,CL1003,NONE,,,DEAL,TRUE,2025-07-11T16:25:29.622375Z,DAVY,VFAR,2025-07-11T23:59:59.999999Z,2025-07-11T16:25:29.622375Z,,1445,XMKT,BRVO,ZZ0000000102,2025-07-11T16:25:29.622375Z,100276,REME,L,LMTO,2.0874,,,,,EUR,,MONE,SELL,ACTI,,,1000,1000,1000,,,,,,,,,,T10027655,,,,
SYNTHLEI0000000D0004,FALSE,NONE,ALGO1,,,AOTC,FALSE,2025-07-11T16:25:56.283109Z,DAVY,,2025-07-11T23:59:59.999999Z,2025-07-11T16:25:56.283109Z,,1446,XMKT,JULT,ZZ0000000110,2025-07-11T16:25:56.283109Z,100504,NEWO,L,LMTO,11.4182,0,0,0,0,EUR,,MONE,SELL,ACTI,,,150,150,150,,,,,,,,,,T10050470,,,,
SYNTHLEI0000000A0001,FALSE,CL1013,NONE,,,AOTC,FALSE,2025-07-11T16:25:57.048161Z,GTDV,VFAR,2025-07-11T23:59:59.999999Z,2025-07-11T16:25:57.048161Z,,1447,XMKT,GOLF,ZZ0000000107,2025-07-11T16:25:57.048161Z,100265,NEWO,M,LMTO,0,0,0,0,0,EUR,,MONE,SELL,ACTI,,,60,60,60,,,,,,,,,,T10026536,,,,
SYNTHLEI0000000G0007,FALSE,NONE,ALGOPT,,,AOTC,FALSE,2025-07-11T16:26:28.833527Z,IOCV,VFAR,9999-12-31T23:59:59.999999Z,2025-07-11T16:26:28.833527Z,,1448,XMKT,JULT,ZZ0000000110,2025-07-11T16:26:28.833527Z,100137,NEWO,L,LMTO,10.8894,0,0,0,0,EUR,,MONE,BUYI,ACTI,,,1500,1500,1500,,,,,,,,,,T10013715,,,,
SYNTHLEI0000000B0002,FALSE,CL1035,NONE,,,AOTC,FALSE,2025-07-11T16:26:37.947837Z,GTCV,,9999-12-31T23:59:59.999999Z,2025-07-11T16:26:37.947837Z,,1449,XMKT,CHRL,ZZ0000000103,2025-07-11T16:26:37.947837Z,100281,CAME,L,,,,,,,EUR,,MONE,SELL,,,,60,0,0,,,,,,,,,,T10028121,,,,
SYNTHLEI0000000A0001,FALSE,CL1013,NONE,,,AOTC,FALSE,2025-07-11T16:26:47.048161Z,GTDV,VFAR,2025-07-11T23:59:59.999999Z,2025-07-11T16:25:57.048161Z,,1450,XMKT,GOLF,ZZ0000000107,2025-07-11T16:26:47.048161Z,100265,PARF,M,,,,,,4.1682,EUR,,MONE,SELL,,,,,41,,19,,,,,AGRE,,,,T10026536,,,,
SYNTHLEI0000000E0005,FALSE,CL1025,NONE,,,AOTC,FALSE,2025-07-11T16:26:59.155992Z,DAVY,,2025-07-11T23:59:59.999999Z,2025-07-11T16:26:59.155992Z,,1451,XDRV,OPT25G15.00,ZV0000000202,2025-07-11T16:26:59.155992Z,100636,NEWO,L,LMTO,0.4557,0,0,0,0,EUR,,MONE,SELL,ACTI,,,2,2,2,,,,,,,,,,T10063669,,,,
SYNTHLEI0000000E0005,FALSE,CL1025,NONE,,,AOTC,FALSE,2025-07-11T16:27:01.965992Z,DAVY,,2025-07-11T23:59:59.999999Z,2025-07-11T16:27:01.965992Z,,1452,XDRV,OPT25G15.00,ZV0000000202,2025-07-11T16:27:01.965992Z,100636,REME,L,LMTO,0.456,,,,,EUR,,MONE,SELL,ACTI,,,2,2,2,,,,,,,,,,T10063669,,,,
SYNTHLEI0000000E0005,FALSE,CL1025,NONE,,,AOTC,FALSE,2025-07-11T16:27:05.610992Z,DAVY,,2025-07-11T23:59:59.999999Z,2025-07-11T16:27:05.610992Z,,1453,XDRV,OPT25G15.00,ZV0000000202,2025-07-11T16:27:05.610992Z,100636,REME,L,LMTO,0.4554,,,,,EUR,,MONE,SELL,ACTI,,,2,2,2,,,,,,,,,,T10063669,,,,
SYNTHLEI0000000E0005,FALSE,CL1025,NONE,,,AOTC,FALSE,2025-07-11T16:27:05.890992Z,DAVY,,2025-07-11T23:59:59.999999Z,2025-07-11T16:27:05.890992Z,,1454,XDRV,OPT25G15.00,ZV0000000202,2025-07-11T16:27:05.890992Z,100636,REME,L,LMTO,0.4561,,,,,EUR,,MONE,SELL,ACTI,,,2,2,2,,,,,,,,,,T10063669,,,,
SYNTHLEI0000000E0005,FALSE,CL1025,NONE,,,AOTC,FALSE,2025-07-11T16:27:07.152992Z,DAVY,,2025-07-11T23:59:59.999999Z,2025-07-11T16:27:07.152992Z,,1455,XDRV,OPT25G15.00,ZV0000000202,2025-07-11T16:27:07.152992Z,100636,CAME,L,LMTO,,,,,,EUR,,MONE,SELL,,,,2,0,0,,,,,,,,,,T10063669,,,,
SYNTHLEI0000000A0001,FALSE,NONE,NONE,,,AOTC,FALSE,2025-07-11T16:27:59.208875Z,GTDV,VFCR,2025-07-11T23:59:59.999999Z,2025-07-11T16:27:59.208875Z,,1456,XMKT,FXTR,ZZ0000000106,2025-07-11T16:27:59.208875Z,100409,NEWO,S,STOP,3.1933,0,3.2787,0,0,EUR,,MONE,SELL,ACTI,,,3000,3000,3000,,,,,,,,,,T10040943,,,,
SYNTHLEI0000000A0001,FALSE,NONE,NONE,,,AOTC,FALSE,2025-07-11T16:28:07.625069Z,DAVY,VFAR,2025-07-11T23:59:59.999999Z,2025-07-11T16:25:16.625069Z,,1457,XMKT,JULT,ZZ0000000110,2025-07-11T16:28:07.625069Z,100546,PARF,L,,,,,,11.39,EUR,,MONE,BUYI,,,,,4,,1,,,,,PASV,,,,T10054641,,,,
SYNTHLEI0000000A0001,FALSE,CL1013,NONE,,,AOTC,FALSE,2025-07-11T16:28:17.048161Z,GTDV,VFAR,2025-07-11T23:59:59.999999Z,2025-07-11T16:28:17.048161Z,,1458,XMKT,GOLF,ZZ0000000107,2025-07-11T16:28:17.048161Z,100265,CAME,M,,,,,,,EUR,,MONE,SELL,,,,60,0,0,,,,,,,,,,T10026536,,,,
SYNTHLEI0000000C0003,FALSE,CL1022,NONE,,,MTCH,FALSE,2025-07-11T16:28:20.033340Z,DAVY,,2025-07-11T23:59:59.999999Z,2025-07-11T16:28:20.033340Z,,1459,XMKT,HOTL,ZZ0000000108,2025-07-11T16:28:20.033340Z,100419,NEWO,M,LMTO,0,0,0,0,0,EUR,,MONE,SELL,ACTI,,,100,100,100,,,,,,,,,,T10041914,,,,
SYNTHLEI0000000A0001,FALSE,NONE,ALGOPT,,,DEAL,TRUE,2025-07-11T16:28:31.295092Z,GTCV,VFAR,9999-12-31T23:59:59.999999Z,2025-07-11T16:23:22.295092Z,,1460,XMKT,ABLE,ZZ0000000101,2025-07-11T16:28:31.295092Z,100117,FILL,L,,,,,,6.5172,EUR,,MONE,BUYI,,,,,0,,150,,,,,AGRE,,,,T10011787,,,,
SYNTHLEI0000000B0002,FALSE,NONE,ALGO1,,,DEAL,TRUE,2025-07-11T16:28:41.981320Z,GTCV,VFAR,9999-12-31T23:59:59.999999Z,2025-07-11T16:22:25.981320Z,,1461,XMKT,ABLE,ZZ0000000101,2025-07-11T16:28:41.981320Z,100438,FILL,L,,,,,,6.4981,EUR,,MONE,BUYI,,,,,0,,5,,,,,AGRE,,,,T10043814,,,,
SYNTHLEI0000000G0007,FALSE,CL1001,NONE,,,AOTC,FALSE,2025-07-11T16:29:01.279599Z,DAVY,VFAR,2025-07-11T23:59:59.999999Z,2025-07-11T16:29:01.279599Z,,1462,XDRV,FTSE25T4900,ZV0000000201,2025-07-11T16:29:01.279599Z,100420,NEWO,L,LMTO,112.0923,0,0,0,0,EUR,,MONE,BUYI,ACTI,,,5,5,5,,,,,,,,,,T10042084,,,,
SYNTHLEI0000000D0004,FALSE,CL1007,NONE,,,AOTC,FALSE,2025-07-11T16:29:03.896059Z,DAVY,,2025-07-11T23:59:59.999999Z,2025-07-11T16:29:03.896059Z,,1463,XMKT,JULT,ZZ0000000110,2025-07-11T16:29:03.896059Z,100057,CAME,L,,,,,,,EUR,,MONE,BUYI,,,,5,0,0,,,,,,,,,,T10005758,,,,
SYNTHLEI0000000B0002,FALSE,CL1019,NONE,,,AOTC,FALSE,2025-07-11T16:29:11.716190Z,DAVY,VFAR,2025-07-11T23:59:59.999999Z,2025-07-11T16:29:11.716190Z,,1464,XMKT,DLTA,ZZ0000000104,2025-07-11T16:29:11.716190Z,100509,NEWO,L,LMTO,3.1379,0,0,0,0,EUR,,MONE,BUYI,ACTI,,,40,40,40,,,,,,,,,,T10050987,,,,
SYNTHLEI0000000B0002,FALSE,CL1010,NONE,,,DEAL,TRUE,2025-07-11T16:29:20.104067Z,DAVY,VFCR,2025-07-11T23:59:59.999999Z,2025-07-11T16:21:34.104067Z,,1465,XMKT,ECHO,ZZ0000000105,2025-07-11T16:29:20.104067Z,100274,FILL,L,,,,,,7.9146,EUR,,MONE,SELL,,,,,0,,150,,,,,PASV,,,,T10027433,,,,
SYNTHLEI0000000H0008,TRUE,CL1026,NONE,,,DEAL,FALSE,2025-07-11T16:29:44.151769Z,IOCV,VFCR,9999-12-31T23:59:59.999999Z,2025-07-11T16:29:44.151769Z,,1466,XMKT,INDX,ZZ0000000109,2025-07-11T16:29:44.151769Z,100036,NEWO,L,LMTO,0.4631,0,0,0,0,EUR,,MONE,SELL,ACTI,,,1500,1500,1500,,,,,,,,,,T10003643,,,,
SYNTHLEI0000000D0004,FALSE,NONE,ALGO1,,,AOTC,FALSE,2025-07-11T16:30:13.283109Z,DAVY,,2025-07-11T23:59:59.999999Z,2025-07-11T16:25:56.283109Z,,1467,XMKT,JULT,ZZ0000000110,2025-07-11T16:30:13.283109Z,100504,PARF,L,,,,,,11.4182,EUR,,MONE,SELL,,,,,93,,57,,,,,AGRE,,,,T10050470,,,,
SYNTHLEI0000000D0004,FALSE,NONE,ALGO1,,,DEAL,TRUE,2025-07-11T16:30:47.068972Z,DAVY,VFAR,2025-07-11T23:59:59.999999Z,2025-07-11T16:30:47.068972Z,,1468,XMKT,FXTR,ZZ0000000106,2025-07-11T16:30:47.068972Z,100096,NEWO,L,LMTO,3.1927,0,0,0,0,EUR,,MONE,SELL,ACTI,,,60,60,60,,,,,,,,,,T10009648,,,,
SYNTHLEI0000000A0001,FALSE,NONE,NONE,,,AOTC,FALSE,2025-07-11T16:30:48.208875Z,GTDV,VFCR,2025-07-11T23:59:59.999999Z,2025-07-11T16:30:48.208875Z,,1469,XMKT,FXTR,ZZ0000000106,2025-07-11T16:30:48.208875Z,100409,REME,S,STOP,3.1965,,,,,EUR,,MONE,SELL,ACTI,,,3000,3000,3000,,,,,,,,,,T10040943,,,,
SYNTHLEI0000000H0008,FALSE,CL1027,NONE,,,AOTC,FALSE,2025-07-11T16:30:50.205138Z,DAVY,VFAR,2025-07-11T23:59:59.999999Z,2025-07-11T16:30:50.205138Z,,1470,XMKT,GOLF,ZZ0000000107,2025-07-11T16:30:50.205138Z,100157,NEWO,L,LMTO,4.1498,0,0,0,0,EUR,,MONE,SELL,ACTI,,,150,150,150,,,,,,,,,,T10015783,,,,
SYNTHLEI0000000H0008,FALSE,CL1008,NONE,,,DEAL,FALSE,2025-07-11T16:30:58.518447Z,GTDV,VFAR,2025-07-11T23:59:59.999999Z,2025-07-11T16:30:58.518447Z,,1471,XMKT,FXTR,ZZ0000000106,2025-07-11T16:30:58.518447Z,100088,CAME,L,,,,,,,EUR,,MONE,BUYI,,,,20,0,0,,,,,,,,,,T10008873,,,,
SYNTHLEI0000000E0005,TRUE,NONE,NONE,,,MTCH,FALSE,2025-07-11T16:30:58.737303Z,DAVY,VFAR,2025-07-11T23:59:59.999999Z,2025-07-11T16:30:58.737303Z,,1472,XDRV,FTSE25T4900,ZV0000000201,2025-07-11T16:30:58.737303Z,100229,NEWO,L,LMTO,107.77,0,0,0,0,EUR,,MONE,BUYI,ACTI,,,20,20,20,,,,,,,,,,T10022996,,,,
SYNTHLEI0000000E0005,TRUE,NONE,NONE,,,MTCH,FALSE,2025-07-11T16:30:59.581303Z,DAVY,VFAR,2025-07-11T23:59:59.999999Z,2025-07-11T16:30:59.581303Z,,1473,XDRV,FTSE25T4900,ZV0000000201,2025-07-11T16:30:59.581303Z,100229,REME,L,LMTO,107.8973,,,,,EUR,,MONE,BUYI,ACTI,,,20,20,20,,,,,,,,,,T10022996,,,,
SYNTHLEI0000000E0005,TRUE,NONE,NONE,,,MTCH,FALSE,2025-07-11T16:31:02.840303Z,DAVY,VFAR,2025-07-11T23:59:59.999999Z,2025-07-11T16:31:02.840303Z,,1474,XDRV,FTSE25T4900,ZV0000000201,2025-07-11T16:31:02.840303Z,100229,REME,L,LMTO,107.7517,,,,,EUR,,MONE,BUYI,ACTI,,,20,20,20,,,,,,,,,,T10022996,,,,
SYNTHLEI0000000E0005,TRUE,NONE,NONE,,,MTCH,FALSE,2025-07-11T16:31:05.052303Z,DAVY,VFAR,2025-07-11T23:59:59.999999Z,2025-07-11T16:31:05.052303Z,,1475,XDRV,FTSE25T4900,ZV0000000201,2025-07-11T16:31:05.052303Z,100229,CAME,L,LMTO,,,,,,EUR,,MONE,BUYI,,,,20,0,0,,,,,,,,,,T10022996,,,,
SYNTHLEI0000000G0007,FALSE,NONE,ALGOPT,,,AOTC,FALSE,2025-07-11T16:31:08.833527Z,IOCV,VFAR,9999-12-31T23:59:59.999999Z,2025-07-11T16:26:28.833527Z,,1476,XMKT,JULT,ZZ0000000110,2025-07-11T16:31:08.833527Z,100137,PARF,L,,,,,,10.8894,EUR,,MONE,BUYI,,,,,892,,608,,,,,AGRE,,,,T10013715,,,,
SYNTHLEI0000000D0004,FALSE,NONE,ALGO1,,,AOTC,FALSE,2025-07-11T16:31:12.283109Z,DAVY,,2025-07-11T23:59:59.999999Z,2025-07-11T16:31:12.283109Z,,1477,XMKT,JULT,ZZ0000000110,2025-07-11T16:31:12.283109Z,100504,CAME,L,,,,,,,EUR,,MONE,SELL,,,,150,0,0,,,,,,,,,,T10050470,,,,
SYNTHLEI0000000C0003,FALSE,CL1015,NONE,,,AOTC,FALSE,2025-07-11T16:31:23.142706Z,IOCV,VFAR,9999-12-31T23:59:59.999999Z,2025-07-11T16:31:23.142706Z,,1478,XMKT,FXTR,ZZ0000000106,2025-07-11T16:31:23.142706Z,100272,NEWO,M,LMTO,0,0,0,0,0,EUR,,MONE,BUYI,ACTI,,,150,150,150,,,,,,,,,,T10027274,,,,
SYNTHLEI0000000B0002,FALSE,CL1008,NONE,,,AOTC,FALSE,2025-07-11T16:32:05.468476Z,DAVY,VFCR,2025-07-11T23:59:59.999999Z,2025-07-11T16:32:05.468476Z,,1479,XMKT,ECHO,ZZ0000000105,2025-07-11T16:32:05.468476Z,100612,CAME,L,,,,,,,EUR,,MONE,BUYI,,,,60,0,0,,,,,,,,,,T10061278,,,,
SYNTHLEI0000000E0005,FALSE,CL1013,NONE,,,AOTC,FALSE,2025-07-11T16:32:05.618895Z,GTDV,VFCR,2025-07-11T23:59:59.999999Z,2025-07-11T16:32:05.618895Z,,1480,XMKT,ECHO,ZZ0000000105,2025-07-11T16:32:05.618895Z,100079,NEWO,L,LMTO,7.9286,0,0,0,0,EUR,,MONE,SELL,ACTI,,,20,20,20,,,,,,,,,,T10007995,,,,
SYNTHLEI0000000E0005,FALSE,CL1013,NONE,,,AOTC,FALSE,2025-07-11T16:32:08.554895Z,GTDV,VFCR,2025-07-11T23:59:59.999999Z,2025-07-11T16:32:08.554895Z,,1481,XMKT,ECHO,ZZ0000000105,2025-07-11T16:32:08.554895Z,100079,REME,L,LMTO,7.9287,,,,,EUR,,MONE,SELL,ACTI,,,20,20,20,,,,,,,,,,T10007995,,,,
SYNTHLEI0000000E0005,FALSE,CL1013,NONE,,,AOTC,FALSE,2025-07-11T16:32:10.029895Z,GTDV,VFCR,2025-07-11T23:59:59.999999Z,2025-07-11T16:32:10.029895Z,,1482,XMKT,ECHO,ZZ0000000105,2025-07-11T16:32:10.029895Z,100079,CAME,L,LMTO,,,,,,EUR,,MONE,SELL,,,,20,0,0,,,,,,,,,,T10007995,,,,
SYNTHLEI0000000C0003,FALSE,CL1015,NONE,,,AOTC,FALSE,2025-07-11T16:32:28.142706Z,IOCV,VFAR,9999-12-31T23:59:59.999999Z,2025-07-11T16:32:28.142706Z,,1483,XMKT,FXTR,ZZ0000000106,2025-07-11T16:32:28.142706Z,100272,REME,M,LMTO,3.1948,,,,,EUR,,MONE,BUYI,ACTI,,,150,150,150,,,,,,,,,,T10027274,,,,
SYNTHLEI0000000B0002,FALSE,CL1014,NONE,,,MTCH,FALSE,2025-07-11T16:32:43.627036Z,DAVY,VFAR,2025-07-11T23:59:59.999999Z,2025-07-11T16:32:43.627036Z,,1484,XMKT,JULT,ZZ0000000110,2025-07-11T16:32:43.627036Z,100638,NEWO,L,LMTO,11.4091,0,0,0,0,EUR,,MONE,BUYI,ACTI,,,1500,1500,1500,,,,,,,,,,T10063886,,,,
SYNTHLEI0000000B0002,FALSE,CL1003,NONE,,,AOTC,FALSE,2025-07-11T16:32:55.280158Z,DAVY,VFAR,2025-07-11T23:59:59.999999Z,2025-07-11T16:32:55.280158Z,,1485,XDRV,FTSE25T4900,ZV0000000201,2025-07-11T16:32:55.280158Z,100408,NEWO,L,LMTO,108.1206,0,0,0,0,EUR,,MONE,BUYI,ACTI,,,1,1,1,,,,,,,,,,T10040885,,,,
SYNTHLEI0000000D0004,FALSE,CL1011,NONE,,,AOTC,FALSE,2025-07-11T16:32:57.650940Z,GTCV,VFAR,9999-12-31T23:59:59.999999Z,2025-07-11T16:32:57.650940Z,,1486,XMKT,ABLE,ZZ0000000101,2025-07-11T16:32:57.650940Z,100340,NEWO,M,LMTO,0,0,0,0,0,EUR,,MONE,BUYI,ACTI,,,200,200,200,,,,,,,,,,T10034013,,,,
SYNTHLEI0000000G0007,FALSE,NONE,ALGOPT,,,AOTC,FALSE,2025-07-11T16:33:16.833527Z,IOCV,VFAR,9999-12-31T23:59:59.999999Z,2025-07-11T16:26:28.833527Z,,1487,XMKT,JULT,ZZ0000000110,2025-07-11T16:33:16.833527Z,100137,FILL,L,,,,,,10.8894,EUR,,MONE,BUYI,,,,,0,,892,,,,,PASV,,,,T10013715,,,,
SYNTHLEI0000000A0001,FALSE,CL1008,NONE,,,MTCH,FALSE,2025-07-11T16:33:20.692888Z,DAVY,VFAR,2025-07-11T23:59:59.999999Z,2025-07-11T16:33:20.692888Z,,1488,XMKT,FXTR,ZZ0000000106,2025-07-11T16:33:20.692888Z,100335,NEWO,L,LMTO,3.1884,0,0,0,0,EUR,,MONE,SELL,ACTI,,,100,100,100,,,,,,,,,,T10033514,,,,
SYNTHLEI0000000H0008,FALSE,CL1027,NONE,,,AOTC,FALSE,2025-07-11T16:33:25.205138Z,DAVY,VFAR,2025-07-11T23:59:59.999999Z,2025-07-11T16:30:50.205138Z,,1489,XMKT,GOLF,ZZ0000000107,2025-07-11T16:33:25.205138Z,100157,FILL,L,,,,,,4.1498,EUR,,MONE,SELL,,,,,0,,150,,,,,AGRE,,,,T10015783,,,,
SYNTHLEI0000000C0003,FALSE,CL1020,NONE,,,AOTC,FALSE,2025-07-11T16:33:31.276148Z,DAVY,VFCR,2025-07-11T23:59:59.999999Z,2025-07-11T16:33:31.276148Z,,1490,XMKT,ECHO,ZZ0000000105,2025-07-11T16:33:31.276148Z,100300,NEWO,L,LMTO,7.9128,0,0,0,0,EUR,,MONE,BUYI,ACTI,,,100,100,100,,,,,,,,,,T10030020,,,,
SYNTHLEI0000000D0004,FALSE,CL1000,NONE,,,AOTC,FALSE,2025-07-11T16:33:42.927099Z,DAVY,VFAR,2025-07-11T23:59:59.999999Z,2025-07-11T16:33:42.927099Z,,1491,XMKT,ECHO,ZZ0000000105,2025-07-11T16:33:42.927099Z,100063,NEWO,L,LMTO,7.9208,0,0,0,0,EUR,,MONE,SELL,ACTI,,,1000,1000,1000,,,,,,,,,,T10006398,,,,
SYNTHLEI0000000B0002,FALSE,CL1019,NONE,,,AOTC,FALSE,2025-07-11T16:33:47.716190Z,DAVY,VFAR,2025-07-11T23:59:59.999999Z,2025-07-11T16:29:11.716190Z,,1492,XMKT,DLTA,ZZ0000000104,2025-07-11T16:33:47.716190Z,100509,PARF,L,,,,,,3.1379,EUR,,MONE,BUYI,,,,,31,,9,,,,,PASV,,,,T10050987,,,,
SYNTHLEI0000000F0006,TRUE,CL1012,NONE,,,AOTC,FALSE,2025-07-11T16:33:50.373586Z,IOCV,VFAR,9999-12-31T23:59:59.999999Z,2025-07-11T16:33:50.373586Z,,1493,XMKT,BRVO,ZZ0000000102,2025-07-11T16:33:50.373586Z,100378,NEWO,S,STOP,2.0862,0,2.1409,0,0,EUR,,MONE,SELL,ACTI,,,40,40,40,,,,,,,,,,T10037855,,,,
SYNTHLEI0000000F0006,TRUE,CL1012,NONE,,,AOTC,FALSE,2025-07-11T16:33:50.528586Z,IOCV,VFAR,9999-12-31T23:59:59.999999Z,2025-07-11T16:33:50.373586Z,,1494,XMKT,BRVO,ZZ0000000102,2025-07-11T16:33:50.528586Z,100378,CAME,S,STOP,,,,,,EUR,,MONE,SELL,,,,40,0,0,,,,,,,,,,T10037855,,,,
SYNTHLEI0000000D0004,FALSE,CL1000,NONE,,,AOTC,FALSE,2025-07-11T16:33:52.927099Z,DAVY,VFAR,2025-07-11T23:59:59.999999Z,2025-07-11T16:33:42.927099Z,,1495,XMKT,ECHO,ZZ0000000105,2025-07-11T16:33:52.927099Z,100063,FILL,L,,,,,,7.9208,EUR,,MONE,SELL,,,,,0,,1000,,,,,AGRE,,,,T10006398,,,,
SYNTHLEI0000000H0008,TRUE,CL1026,NONE,,,DEAL,FALSE,2025-07-11T16:34:14.151769Z,IOCV,VFCR,9999-12-31T23:59:59.999999Z,2025-07-11T16:34:14.151769Z,,1496,XMKT,INDX,ZZ0000000109,2025-07-11T16:34:14.151769Z,100036,CAME,L,,,,,,,EUR,,MONE,SELL,,,,1500,0,0,,,,,,,,,,T10003643,,,,
SYNTHLEI0000000C0003,TRUE,CL1003,NONE,,,DEAL,TRUE,2025-07-11T16:34:29.622375Z,DAVY,VFAR,2025-07-11T23:59:59.999999Z,2025-07-11T16:34:29.622375Z,,1497,XMKT,BRVO,ZZ0000000102,2025-07-11T16:34:29.622375Z,100276,CAME,L,,,,,,,EUR,,MONE,SELL,,,,1000,0,0,,,,,,,,,,T10027655,,,,
SYNTHLEI0000000A0001,FALSE,NONE,ALGO1,,,MTCH,FALSE,2025-07-11T16:34:37.735449Z,GTDV,VFCR,2025-07-11T23:59:59.999999Z,2025-07-11T16:34:37.735449Z,,1498,XMKT,FXTR,ZZ0000000106,2025-07-11T16:34:37.735449Z,100153,NEWO,L,LMTO,3.1925,0,0,0,0,EUR,,MONE,SELL,ACTI,,,60,60,60,,,,,,,,,,T10015362,,,,
SYNTHLEI0000000B0002,FALSE,CL1014,NONE,,,MTCH,FALSE,2025-07-11T16:34:38.627036Z,DAVY,VFAR,2025-07-11T23:59:59.999999Z,2025-07-11T16:34:38.627036Z,,1499,XMKT,JULT,ZZ0000000110,2025-07-11T16:34:38.627036Z,100638,CAME,L,,,,,,,EUR,,MONE,BUYI,,,,1500,0,0,,,,,,,,,,T10063886,,,,
SYNTHLEI0000000G0007,FALSE,CL1001,NONE,,,AOTC,FALSE,2025-07-11T16:35:03.279599Z,DAVY,VFAR,2025-07-11T23:59:59.999999Z,2025-07-11T16:35:03.279599Z,,1500,XDRV,FTSE25T4900,ZV0000000201,2025-07-11T16:35:03.279599Z,100420,REME,L,LMTO,112.0733,,,,,EUR,,MONE,BUYI,ACTI,,,5,5,5,,,,,,,,,,T10042084,,,,
SYNTHLEI0000000D0004,FALSE,CL1021,NONE,,,AOTC,FALSE,2025-07-11T16:35:07.381432Z,DAVY,VFCR,2025-07-11T23:59:59.999999Z,2025-07-11T16:35:07.381432Z,,1501,XMKT,HOTL,ZZ0000000108,2025-07-11T16:35:07.381432Z,100457,NEWO,L,LMTO,3.1832,0,0,0,0,EUR,,MONE,SELL,ACTI,,,150,150,150,,,,,,,,,,T10045732,,,,
SYNTHLEI0000000A0001,FALSE,NONE,NONE,,,AOTC,FALSE,2025-07-11T16:35:15.208875Z,GTDV,VFCR,2025-07-11T23:59:59.999999Z,2025-07-11T16:27:59.208875Z,,1502,XMKT,FXTR,ZZ0000000106,2025-07-11T16:35:15.208875Z,100409,PARF,S,,,,,,3.1965,EUR,,MONE,SELL,,,,,1608,,1392,,,,,AGRE,,,,T10040943,,,,
SYNTHLEI0000000D0004,FALSE,CL1011,NONE,,,AOTC,FALSE,2025-07-11T16:36:16.650940Z,GTCV,VFAR,9999-12-31T23:59:59.999999Z,2025-07-11T16:32:57.650940Z,,1503,XMKT,ABLE,ZZ0000000101,2025-07-11T16:36:16.650940Z,100340,FILL,M,,,,,,6.4947,EUR,,MONE,BUYI,,,,,0,,200,,,,,AGRE,,,,T10034013,,,,
SYNTHLEI0000000F0006,FALSE,CL1018,NONE,,,AOTC,FALSE,2025-07-11T16:36:18.162657Z,DAVY,VFAR,2025-07-11T23:59:59.999999Z,2025-07-11T16:36:18.162657Z,,1504,XMKT,JULT,ZZ0000000110,2025-07-11T16:36:18.162657Z,100496,NEWO,L,LMTO,11.3886,0,0,0,0,EUR,,MONE,SELL,ACTI,,,1500,1500,1500,,,,,,,,,,T10049676,,,,
SYNTHLEI0000000F0006,FALSE,CL1018,NONE,,,AOTC,FALSE,2025-07-11T16:36:18.583657Z,DAVY,VFAR,2025-07-11T23:59:59.999999Z,2025-07-11T16:36:18.162657Z,,1505,XMKT,JULT,ZZ0000000110,2025-07-11T16:36:18.583657Z,100496,CAME,L,LMTO,,,,,,EUR,,MONE,SELL,,,,1500,0,0,,,,,,,,,,T10049676,,,,
SYNTHLEI0000000B0002,FALSE,CL1003,NONE,,,AOTC,FALSE,2025-07-11T16:36:22.280158Z,DAVY,VFAR,2025-07-11T23:59:59.999999Z,2025-07-11T16:36:22.280158Z,,1506,XDRV,FTSE25T4900,ZV0000000201,2025-07-11T16:36:22.280158Z,100408,REME,L,LMTO,108.0966,,,,,EUR,,MONE,BUYI,ACTI,,,1,1,1,,,,,,,,,,T10040885,,,,
SYNTHLEI0000000C0003,FALSE,CL1015,NONE,,,AOTC,FALSE,2025-07-11T16:36:40.142706Z,IOCV,VFAR,9999-12-31T23:59:59.999999Z,2025-07-11T16:31:23.142706Z,,1507,XMKT,FXTR,ZZ0000000106,2025-07-11T16:36:40.142706Z,100272,FILL,M,,,,,,3.1914,EUR,,MONE,BUYI,,,,,0,,150,,,,,AGRE,,,,T10027274,,,,
SYNTHLEI0000000A0001,FALSE,NONE,NONE,,,AOTC,FALSE,2025-07-11T16:36:49.625069Z,DAVY,VFAR,2025-07-11T23:59:59.999999Z,2025-07-11T16:36:49.625069Z,,1508,XMKT,JULT,ZZ0000000110,2025-07-11T16:36:49.625069Z,100546,CAME,L,,,,,,,EUR,,MONE,BUYI,,,,5,0,0,,,,,,,,,,T10054641,,,,
SYNTHLEI0000000C0003,FALSE,CL1020,NONE,,,DEAL,TRUE,2025-07-11T16:37:23.028584Z,DAVY,VFAR,2025-07-11T23:59:59.999999Z,2025-07-11T16:37:23.028584Z,,1509,XMKT,ABLE,ZZ0000000101,2025-07-11T16:37:23.028584Z,100553,NEWO,S,STOP,6.4936,0,6.306,0,0,EUR,,MONE,BUYI,ACTI,,,20,20,20,,,,,,,,,,T10055333,,,,
SYNTHLEI0000000A0001,FALSE,NONE,NONE,,,AOTC,FALSE,2025-07-11T16:37:30.208875Z,GTDV,VFCR,2025-07-11T23:59:59.999999Z,2025-07-11T16:37:30.208875Z,,1510,XMKT,FXTR,ZZ0000000106,2025-07-11T16:37:30.208875Z,100409,CAME,S,,,,,,,EUR,,MONE,SELL,,,,3000,0,0,,,,,,,,,,T10040943,,,,
SYNTHLEI0000000A0001,FALSE,CL1037,NONE,,,MTCH,FALSE,2025-07-11T16:37:45.135405Z,DAVY,VFAR,2025-07-11T23:59:59.999999Z,2025-07-11T16:37:45.135405Z,,1511,XMKT,BRVO,ZZ0000000102,2025-07-11T16:37:45.135405Z,100443,NEWO,L,LMTO,2.0868,0,0,0,0,EUR,,MONE,SELL,ACTI,,,60,60,60,,,,,,,,,,T10044353,,,,
SYNTHLEI0000000D0004,FALSE,NONE,ALGO1,,,DEAL,TRUE,2025-07-11T16:37:47.068972Z,DAVY,VFAR,2025-07-11T23:59:59.999999Z,2025-07-11T16:37:47.068972Z,,1512,XMKT,FXTR,ZZ0000000106,2025-07-11T16:37:47.068972Z,100096,CAME,L,,,,,,,EUR,,MONE,SELL,,,,60,0,0,,,,,,,,,,T10009648,,,,
SYNTHLEI0000000F0006,FALSE,CL1033,NONE,,,MTCH,FALSE,2025-07-11T16:38:12.733952Z,DAVY,VFAR,2025-07-11T23:59:59.999999Z,2025-07-11T16:38:12.733952Z,,1513,XMKT,ECHO,ZZ0000000105,2025-07-11T16:38:12.733952Z,100650,NEWO,L,LMTO,7.934,0,0,0,0,EUR,,MONE,SELL,ACTI,,,500,500,500,,,,,,,,,,T10065080,,,,
SYNTHLEI0000000F0006,FALSE,CL1033,NONE,,,MTCH,FALSE,2025-07-11T16:38:12.806952Z,DAVY,VFAR,2025-07-11T23:59:59.999999Z,2025-07-11T16:38:12.733952Z,,1514,XMKT,ECHO,ZZ0000000105,2025-07-11T16:38:12.806952Z,100650,CAME,L,LMTO,,,,,,EUR,,MONE,SELL,,,,500,0,0,,,,,,,,,,T10065080,,,,
SYNTHLEI0000000E0005,FALSE,NONE,NONE,,,MTCH,FALSE,2025-07-11T16:38:31.424268Z,GTDV,VFCR,2025-07-11T23:59:59.999999Z,2025-07-11T16:38:31.424268Z,,1515,XMKT,HOTL,ZZ0000000108,2025-07-11T16:38:31.424268Z,100556,NEWO,L,LMTO,3.1868,0,0,0,0,EUR,,MONE,BUYI,ACTI,,,150,150,150,,,,,,,,,,T10055677,,,,
SYNTHLEI0000000E0005,FALSE,NONE,NONE,,,MTCH,FALSE,2025-07-11T16:38:35.179268Z,GTDV,VFCR,2025-07-11T23:59:59.999999Z,2025-07-11T16:38:35.179268Z,,1516,XMKT,HOTL,ZZ0000000108,2025-07-11T16:38:35.179268Z,100556,REME,L,LMTO,3.1878,,,,,EUR,,MONE,BUYI,ACTI,,,150,150,150,,,,,,,,,,T10055677,,,,
SYNTHLEI0000000E0005,FALSE,NONE,NONE,,,MTCH,FALSE,2025-07-11T16:38:36.109268Z,GTDV,VFCR,2025-07-11T23:59:59.999999Z,2025-07-11T16:38:36.109268Z,,1517,XMKT,HOTL,ZZ0000000108,2025-07-11T16:38:36.109268Z,100556,REME,L,LMTO,3.1867,,,,,EUR,,MONE,BUYI,ACTI,,,150,150,150,,,,,,,,,,T10055677,,,,
SYNTHLEI0000000E0005,FALSE,NONE,NONE,,,MTCH,FALSE,2025-07-11T16:38:37.549268Z,GTDV,VFCR,2025-07-11T23:59:59.999999Z,2025-07-11T16:38:37.549268Z,,1518,XMKT,HOTL,ZZ0000000108,2025-07-11T16:38:37.549268Z,100556,REME,L,LMTO,3.1866,,,,,EUR,,MONE,BUYI,ACTI,,,150,150,150,,,,,,,,,,T10055677,,,,
SYNTHLEI0000000F0006,FALSE,CL1002,NONE,,,AOTC,FALSE,2025-07-11T16:38:37.551080Z,IOCV,VFAR,9999-12-31T23:59:59.999999Z,2025-07-11T16:38:37.551080Z,,1519,XMKT,ECHO,ZZ0000000105,2025-07-11T16:38:37.551080Z,100571,NEWO,L,LMTO,7.9295,0,0,0,0,EUR,,MONE,SELL,ACTI,,,5,5,5,,,,,,,,,,T10057125,,,,
SYNTHLEI0000000F0006,FALSE,CL1002,NONE,,,AOTC,FALSE,2025-07-11T16:38:38.067080Z,IOCV,VFAR,9999-12-31T23:59:59.999999Z,2025-07-11T16:38:37.551080Z,,1520,XMKT,ECHO,ZZ0000000105,2025-07-11T16:38:38.067080Z,100571,CAME,L,LMTO,,,,,,EUR,,MONE,SELL,,,,5,0,0,,,,,,,,,,T10057125,,,,
SYNTHLEI0000000E0005,FALSE,NONE,NONE,,,MTCH,FALSE,2025-07-11T16:38:39.374268Z,GTDV,VFCR,2025-07-11T23:59:59.999999Z,2025-07-11T16:38:39.374268Z,,1521,XMKT,HOTL,ZZ0000000108,2025-07-11T16:38:39.374268Z,100556,CAME,L,LMTO,,,,,,EUR,,MONE,BUYI,,,,150,0,0,,,,,,,,,,T10055677,,,,
SYNTHLEI0000000B0002,FALSE,CL1019,NONE,,,AOTC,FALSE,2025-07-11T16:38:49.716190Z,DAVY,VFAR,2025-07-11T23:59:59.999999Z,2025-07-11T16:38:49.716190Z,,1522,XMKT,DLTA,ZZ0000000104,2025-07-11T16:38:49.716190Z,100509,CAME,L,,,,,,,EUR,,MONE,BUYI,,,,40,0,0,,,,,,,,,,T10050987,,,,
SYNTHLEI0000000D0004,FALSE,CL1021,NONE,,,AOTC,FALSE,2025-07-11T16:39:06.381432Z,DAVY,VFCR,2025-07-11T23:59:59.999999Z,2025-07-11T16:35:07.381432Z,,1523,XMKT,HOTL,ZZ0000000108,2025-07-11T16:39:06.381432Z,100457,FILL,L,,,,,,3.1832,EUR,,MONE,SELL,,,,,0,,150,,,,,AGRE,,,,T10045732,,,,
SYNTHLEI0000000A0001,FALSE,CL1008,NONE,,,MTCH,FALSE,2025-07-11T16:39:09.692888Z,DAVY,VFAR,2025-07-11T23:59:59.999999Z,2025-07-11T16:33:20.692888Z,,1524,XMKT,FXTR,ZZ0000000106,2025-07-11T16:39:09.692888Z,100335,PARF,L,,,,,,3.1884,EUR,,MONE,SELL,,,,,71,,29,,,,,AGRE,,,,T10033514,,,,
SYNTHLEI0000000C0003,FALSE,CL1021,NONE,,,DEAL,TRUE,2025-07-11T16:39:16.533556Z,GTCV,VFAR,9999-12-31T23:59:59.999999Z,2025-07-11T16:39:16.533556Z,,1525,XMKT,DLTA,ZZ0000000104,2025-07-11T16:39:16.533556Z,100548,NEWO,L,LMTO,3.1495,0,0,0,0,EUR,,MONE,SELL,ACTI,,,40,40,40,,,,,,,,,,T10054864,,,,
SYNTHLEI0000000B0002,FALSE,CL1003,NONE,,,AOTC,FALSE,2025-07-11T16:39:26.280158Z,DAVY,VFAR,2025-07-11T23:59:59.999999Z,2025-07-11T16:32:55.280158Z,,1526,XDRV,FTSE25T4900,ZV0000000201,2025-07-11T16:39:26.280158Z,100408,PARF,L,,,,,,108.0966,EUR,,MONE,BUYI,,,,,0,,1,,,,,AGRE,,,,T10040885,,,,
SYNTHLEI0000000E0005,FALSE,NONE,NONE,,,MTCH,FALSE,2025-07-11T16:39:43.125720Z,GTDV,VFAR,2025-07-11T23:59:59.999999Z,2025-07-11T16:39:43.125720Z,,1527,XMKT,GOLF,ZZ0000000107,2025-07-11T16:39:43.125720Z,100464,NEWO,L,LMTO,4.1637,0,0,0,0,EUR,,MONE,BUYI,ACTI,,,5,5,5,,,,,,,,,,T10046447,,,,
SYNTHLEI0000000C0003,FALSE,CL1020,NONE,,,AOTC,FALSE,2025-07-11T16:39:43.276148Z,DAVY,VFCR,2025-07-11T23:59:59.999999Z,2025-07-11T16:33:31.276148Z,,1528,XMKT,ECHO,ZZ0000000105,2025-07-11T16:39:43.276148Z,100300,FILL,L,,,,,,7.9128,EUR,,MONE,BUYI,,,,,0,,100,,,,,PASV,,,,T10030020,,,,
SYNTHLEI0000000E0005,FALSE,NONE,NONE,,,MTCH,FALSE,2025-07-11T16:39:46.119720Z,GTDV,VFAR,2025-07-11T23:59:59.999999Z,2025-07-11T16:39:46.119720Z,,1529,XMKT,GOLF,ZZ0000000107,2025-07-11T16:39:46.119720Z,100464,REME,L,LMTO,4.1614,,,,,EUR,,MONE,BUYI,ACTI,,,5,5,5,,,,,,,,,,T10046447,,,,
SYNTHLEI0000000E0005,FALSE,NONE,NONE,,,MTCH,FALSE,2025-07-11T16:39:47.780720Z,GTDV,VFAR,2025-07-11T23:59:59.999999Z,2025-07-11T16:39:47.780720Z,,1530,XMKT,GOLF,ZZ0000000107,2025-07-11T16:39:47.780720Z,100464,CAME,L,LMTO,,,,,,EUR,,MONE,BUYI,,,,5,0,0,,,,,,,,,,T10046447,,,,
SYNTHLEI0000000C0003,FALSE,CL1024,NONE,,,AOTC,FALSE,2025-07-11T16:40:44.355821Z,GTDV,VFAR,2025-07-11T23:59:59.999999Z,2025-07-11T16:40:44.355821Z,,1531,XMKT,CHRL,ZZ0000000103,2025-07-11T16:40:44.355821Z,100317,NEWO,M,LMTO,0,0,0,0,0,EUR,,MONE,SELL,ACTI,,,3000,3000,3000,,,,,,,,,,T10031744,,,,
SYNTHLEI0000000C0003,FALSE,CL1001,NONE,,,MTCH,FALSE,2025-07-11T16:41:03.098972Z,DAVY,VFAR,2025-07-11T23:59:59.999999Z,2025-07-11T16:41:03.098972Z,,1532,XMKT,JULT,ZZ0000000110,2025-07-11T16:41:03.098972Z,100432,NEWO,L,LMTO,11.4211,0,0,0,0,EUR,,MONE,SELL,ACTI,,,60,60,60,,,,,,,,,,T10043248,,,,
SYNTHLEI0000000H0008,FALSE,NONE,ALGO1,,,DEAL,TRUE,2025-07-11T16:41:11.450445Z,GTCV,VFCR,9999-12-31T23:59:59.999999Z,2025-07-11T16:41:11.450445Z,,1533,XMKT,JULT,ZZ0000000110,2025-07-11T16:41:11.450445Z,100024,NEWO,S,STOP,11.3996,0,11.7352,0,0,EUR,,MONE,BUYI,ACTI,,,200,200,200,,,,,,,,,,T10002473,,,,
SYNTHLEI0000000D0004,TRUE,CL1034,NONE,,,AOTC,FALSE,2025-07-11T16:41:24.757737Z,GTDV,VFAR,2025-07-11T23:59:59.999999Z,2025-07-11T16:41:24.757737Z,,1534,XMKT,FXTR,ZZ0000000106,2025-07-11T16:41:24.757737Z,100022,NEWO,L,LMTO,3.1968,0,0,0,0,EUR,,MONE,SELL,ACTI,,,150,150,150,,,,,,,,,,T10002233,,,,
SYNTHLEI0000000B0002,FALSE,NONE,ALGOPT,,,DEAL,FALSE,2025-07-11T16:42:49.871109Z,FOKV,VFCR,9999-12-31T23:59:59.999999Z,2025-07-11T16:42:49.871109Z,,1535,XMKT,JULT,ZZ0000000110,2025-07-11T16:42:49.871109Z,100043,NEWO,L,LMTO,11.3899,0,0,0,0,EUR,,MONE,BUYI,ACTI,,,3000,3000,3000,,,,,,,,,,T10004331,,,,
SYNTHLEI0000000D0004,FALSE,CL1008,NONE,,,AOTC,FALSE,2025-07-11T16:43:14.897008Z,FOKV,VFAR,9999-12-31T23:59:59.999999Z,2025-07-11T16:43:14.897008Z,,1536,XMKT,ABLE,ZZ0000000101,2025-07-11T16:43:14.897008Z,100367,NEWO,L,LMTO,6.4974,0,0,0,0,EUR,,MONE,BUYI,ACTI,,,500,500,500,,,,,,,,,,T10036756,,,,
SYNTHLEI0000000H0008,FALSE,NONE,ALGO1,,,DEAL,TRUE,2025-07-11T16:43:51.450445Z,GTCV,VFCR,9999-12-31T23:59:59.999999Z,2025-07-11T16:41:11.450445Z,,1537,XMKT,JULT,ZZ0000000110,2025-07-11T16:43:51.450445Z,100024,PARF,S,,,,,,11.3996,EUR,,MONE,BUYI,,,,,151,,49,,,,,AGRE,,,,T10002473,,,,
SYNTHLEI0000000B0002,FALSE,NONE,ALGOPT,,,AOTC,FALSE,2025-07-11T16:44:34.221938Z,GTCV,VFAR,9999-12-31T23:59:59.999999Z,2025-07-11T16:44:34.221938Z,,1538,XMKT,ECHO,ZZ0000000105,2025-07-11T16:44:34.221938Z,100143,NEWO,L,LMTO,7.9107,0,0,0,0,EUR,,MONE,BUYI,ACTI,,,5,5,5,,,,,,,,,,T10014318,,,,
SYNTHLEI0000000C0003,FALSE,CL1001,NONE,,,MTCH,FALSE,2025-07-11T16:44:50.098972Z,DAVY,VFAR,2025-07-11T23:59:59.999999Z,2025-07-11T16:41:03.098972Z,,1539,XMKT,JULT,ZZ0000000110,2025-07-11T16:44:50.098972Z,100432,FILL,L,,,,,,11.4211,EUR,,MONE,SELL,,,,,0,,60,,,,,AGRE,,,,T10043248,,,,
SYNTHLEI0000000A0001,FALSE,CL1008,NONE,,,MTCH,FALSE,2025-07-11T16:45:06.692888Z,DAVY,VFAR,2025-07-11T23:59:59.999999Z,2025-07-11T16:33:20.692888Z,,1540,XMKT,FXTR,ZZ0000000106,2025-07-11T16:45:06.692888Z,100335,FILL,L,,,,,,3.1884,EUR,,MONE,SELL,,,,,0,,71,,,,,PASV,,,,T10033514,,,,
SYNTHLEI0000000B0002,TRUE,CL1024,NONE,,,AOTC,FALSE,2025-07-11T16:45:38.326855Z,FOKV,VFCR,9999-12-31T23:59:59.999999Z,2025-07-11T16:45:38.326855Z,,1541,XMKT,CHRL,ZZ0000000103,2025-07-11T16:45:38.326855Z,100611,NEWO,L,LMTO,16.2766,0,0,0,0,EUR,,MONE,SELL,ACTI,,,60,60,60,,,,,,,,,,T10061135,,,,
SYNTHLEI0000000H0008,FALSE,CL1031,NONE,,,MTCH,FALSE,2025-07-11T16:45:59.297227Z,GTDV,VFAR,2025-07-11T23:59:59.999999Z,2025-07-11T16:45:59.297227Z,,1542,XMKT,INDX,ZZ0000000109,2025-07-11T16:45:59.297227Z,100429,NEWO,L,LMTO,0.4642,0,0,0,0,EUR,,MONE,SELL,ACTI,,,1500,1500,1500,,,,,,,,,,T10042946,,,,
SYNTHLEI0000000B0002,FALSE,NONE,ALGOPT,,,AOTC,FALSE,2025-07-11T16:46:08.221938Z,GTCV,VFAR,9999-12-31T23:59:59.999999Z,2025-07-11T16:44:34.221938Z,,1543,XMKT,ECHO,ZZ0000000105,2025-07-11T16:46:08.221938Z,100143,PARF,L,,,,,,7.9107,EUR,,MONE,BUYI,,,,,4,,1,,,,,PASV,,,,T10014318,,,,
SYNTHLEI0000000H0008,FALSE,CL1031,NONE,,,MTCH,FALSE,2025-07-11T16:46:44.297227Z,GTDV,VFAR,2025-07-11T23:59:59.999999Z,2025-07-11T16:45:59.297227Z,,1544,XMKT,INDX,ZZ0000000109,2025-07-11T16:46:44.297227Z,100429,PARF,L,,,,,,0.4642,EUR,,MONE,SELL,,,,,798,,702,,,,,PASV,,,,T10042946,,,,
SYNTHLEI0000000H0008,FALSE,CL1028,NONE,,,AOTC,FALSE,2025-07-11T16:46:46.067168Z,DAVY,,2025-07-11T23:59:59.999999Z,2025-07-11T16:46:46.067168Z,,1545,XMKT,BRVO,ZZ0000000102,2025-07-11T16:46:46.067168Z,100014,NEWO,L,LMTO,2.0851,0,0,0,0,EUR,,MONE,SELL,ACTI,,,150,150,150,,,,,,,,,,T10001464,,,,
SYNTHLEI0000000A0001,FALSE,CL1037,NONE,,,MTCH,FALSE,2025-07-11T16:46:56.135405Z,DAVY,VFAR,2025-07-11T23:59:59.999999Z,2025-07-11T16:46:56.135405Z,,1546,XMKT,BRVO,ZZ0000000102,2025-07-11T16:46:56.135405Z,100443,REME,L,LMTO,2.0872,,,,,EUR,,MONE,SELL,ACTI,,,60,60,60,,,,,,,,,,T10044353,,,,
SYNTHLEI0000000D0004,TRUE,CL1034,NONE,,,AOTC,FALSE,2025-07-11T16:47:14.757737Z,GTDV,VFAR,2025-07-11T23:59:59.999999Z,2025-07-11T16:47:14.757737Z,,1547,XMKT,FXTR,ZZ0000000106,2025-07-11T16:47:14.757737Z,100022,REME,L,LMTO,3.1949,,,,,EUR,,MONE,SELL,ACTI,,,150,150,150,,,,,,,,,,T10002233,,,,
SYNTHLEI0000000H0008,FALSE,CL1004,NONE,,,AOTC,FALSE,2025-07-11T16:47:25.068756Z,FOKV,VFCR,9999-12-31T23:59:59.999999Z,2025-07-11T16:47:25.068756Z,,1548,XMKT,BRVO,ZZ0000000102,2025-07-11T16:47:25.068756Z,100600,NEWO,L,LMTO,2.0835,0,0,0,0,EUR,,MONE,SELL,ACTI,,,40,40,40,,,,,,,,,,T10060066,,,,
SYNTHLEI0000000B0002,TRUE,CL1026,NONE,,,DEAL,TRUE,2025-07-11T16:47:32.938789Z,DAVY,VFAR,2025-07-11T23:59:59.999999Z,2025-07-11T16:47:32.938789Z,,1549,XMKT,GOLF,ZZ0000000107,2025-07-11T16:47:32.938789Z,100393,NEWO,M,LMTO,0,0,0,0,0,EUR,,MONE,SELL,ACTI,,,1500,1500,1500,,,,,,,,,,T10039335,,,,
SYNTHLEI0000000F0006,FALSE,CL1037,NONE,,,AOTC,FALSE,2025-07-11T16:47:53.591848Z,DAVY,VFCR,2025-07-11T23:59:59.999999Z,2025-07-11T16:47:53.591848Z,,1550,XMKT,FXTR,ZZ0000000106,2025-07-11T16:47:53.591848Z,100484,NEWO,L,LMTO,3.1887,0,0,0,0,EUR,,MONE,BUYI,ACTI,,,3000,3000,3000,,,,,,,,,,T10048485,,,,
SYNTHLEI0000000F0006,FALSE,CL1037,NONE,,,AOTC,FALSE,2025-07-11T16:47:54.252848Z,DAVY,VFCR,2025-07-11T23:59:59.999999Z,2025-07-11T16:47:53.591848Z,,1551,XMKT,FXTR,ZZ0000000106,2025-07-11T16:47:54.252848Z,100484,CAME,L,LMTO,,,,,,EUR,,MONE,BUYI,,,,3000,0,0,,,,,,,,,,T10048485,,,,
SYNTHLEI0000000D0004,FALSE,CL1008,NONE,,,AOTC,FALSE,2025-07-11T16:47:54.897008Z,FOKV,VFAR,9999-12-31T23:59:59.999999Z,2025-07-11T16:43:14.897008Z,,1552,XMKT,ABLE,ZZ0000000101,2025-07-11T16:47:54.897008Z,100367,PARF,L,,,,,,6.4974,EUR,,MONE,BUYI,,,,,299,,201,,,,,PASV,,,,T10036756,,,,
SYNTHLEI0000000H0008,FALSE,CL1028,NONE,,,AOTC,FALSE,2025-07-11T16:47:58.067168Z,DAVY,,2025-07-11T23:59:59.999999Z,2025-07-11T16:46:46.067168Z,,1553,XMKT,BRVO,ZZ0000000102,2025-07-11T16:47:58.067168Z,100014,FILL,L,,,,,,2.0851,EUR,,MONE,SELL,,,,,0,,150,,,,,AGRE,,,,T10001464,,,,
SYNTHLEI0000000H0008,FALSE,NONE,ALGO1,,,AOTC,FALSE,2025-07-11T16:48:11.774721Z,FOKV,VFCR,9999-12-31T23:59:59.999999Z,2025-07-11T16:48:11.774721Z,,1554,XMKT,HOTL,ZZ0000000108,2025-07-11T16:48:11.774721Z,100031,NEWO,L,LMTO,3.1778,0,0,0,0,EUR,,MONE,SELL,ACTI,,,150,150,150,,,,,,,,,,T10003182,,,,
SYNTHLEI0000000H0008,FALSE,CL1038,NONE,,,AOTC,FALSE,2025-07-11T16:48:41.136761Z,DAVY,VFCR,2025-07-11T23:59:59.999999Z,2025-07-11T16:48:41.136761Z,,1555,XMKT,ECHO,ZZ0000000105,2025-07-11T16:48:41.136761Z,100158,NEWO,L,LMTO,7.9421,0,0,0,0,EUR,,MONE,SELL,ACTI,,,40,40,40,,,,,,,,,,T10015841,,,,
SYNTHLEI0000000D0004,FALSE,CL1030,NONE,,,DEAL,TRUE,2025-07-11T16:49:05.105904Z,GTCV,VFCR,9999-12-31T23:59:59.999999Z,2025-07-11T16:49:05.105904Z,,1556,XMKT,HOTL,ZZ0000000108,2025-07-11T16:49:05.105904Z,100599,NEWO,L,LMTO,3.1752,0,0,0,0,EUR,,MONE,SELL,ACTI,,,20,20,20,,,,,,,,,,T10059967,,,,
SYNTHLEI0000000B0002,FALSE,CL1003,NONE,,,AOTC,FALSE,2025-07-11T16:49:16.280158Z,DAVY,VFAR,2025-07-11T23:59:59.999999Z,2025-07-11T16:49:16.280158Z,,1557,XDRV,FTSE25T4900,ZV0000000201,2025-07-11T16:49:16.280158Z,100408,CAME,L,,,,,,,EUR,,MONE,BUYI,,,,1,0,0,,,,,,,,,,T10040885,,,,
SYNTHLEI0000000F0006,FALSE,CL1019,NONE,,,AOTC,FALSE,2025-07-11T16:49:17.163471Z,GTDV,,2025-07-11T23:59:59.999999Z,2025-07-11T16:49:17.163471Z,,1558,XMKT,HOTL,ZZ0000000108,2025-07-11T16:49:17.163471Z,100295,NEWO,L,LMTO,3.1767,0,0,0,0,EUR,,MONE,SELL,ACTI,,,500,500,500,,,,,,,,,,T10029531,,,,
SYNTHLEI0000000H0008,FALSE,CL1010,NONE,,,AOTC,FALSE,2025-07-11T16:49:17.306622Z,GTCV,VFAR,9999-12-31T23:59:59.999999Z,2025-07-11T16:49:17.306622Z,,1559,XMKT,CHRL,ZZ0000000103,2025-07-11T16:49:17.306622Z,100331,NEWO,L,LMTO,16.2392,0,0,0,0,EUR,,MONE,BUYI,ACTI,,,500,500,500,,,,,,,,,,T10033111,,,,
SYNTHLEI0000000F0006,FALSE,CL1019,NONE,,,AOTC,FALSE,2025-07-11T16:49:17.748471Z,GTDV,,2025-07-11T23:59:59.999999Z,2025-07-11T16:49:17.163471Z,,1560,XMKT,HOTL,ZZ0000000108,2025-07-11T16:49:17.748471Z,100295,CAME,L,LMTO,,,,,,EUR,,MONE,SELL,,,,500,0,0,,,,,,,,,,T10029531,,,,
SYNTHLEI0000000H0008,FALSE,CL1031,NONE,,,MTCH,FALSE,2025-07-11T16:49:21.297227Z,GTDV,VFAR,2025-07-11T23:59:59.999999Z,2025-07-11T16:49:21.297227Z,,1561,XMKT,INDX,ZZ0000000109,2025-07-11T16:49:21.297227Z,100429,CAME,L,,,,,,,EUR,,MONE,SELL,,,,1500,0,0,,,,,,,,,,T10042946,,,,
SYNTHLEI0000000G0007,FALSE,CL1021,NONE,,,DEAL,FALSE,2025-07-11T16:49:30.275486Z,GTDV,VFAR,2025-07-11T23:59:59.999999Z,2025-07-11T16:49:30.275486Z,,1562,XDRV,OPT25G15.00,ZV0000000202,2025-07-11T16:49:30.275486Z,100285,NEWO,L,LMTO,0.4559,0,0,0,0,EUR,,MONE,BUYI,ACTI,,,50,50,50,,,,,,,,,,T10028518,,,,
SYNTHLEI0000000H0008,FALSE,CL1010,NONE,,,DEAL,TRUE,2025-07-11T16:49:37.628827Z,DAVY,,2025-07-11T23:59:59.999999Z,2025-07-11T16:49:37.628827Z,,1563,XMKT,ABLE,ZZ0000000101,2025-07-11T16:49:37.628827Z,100379,NEWO,L,LMTO,6.4989,0,0,0,0,EUR,,MONE,SELL,ACTI,,,60,60,60,,,,,,,,,,T10037953,,,,
SYNTHLEI0000000F0006,FALSE,CL1024,NONE,,,AOTC,FALSE,2025-07-11T16:49:53.772845Z,DAVY,VFAR,2025-07-11T23:59:59.999999Z,2025-07-11T16:49:53.772845Z,,1564,XMKT,ECHO,ZZ0000000105,2025-07-11T16:49:53.772845Z,100474,NEWO,L,LMTO,7.9291,0,0,0,0,EUR,,MONE,SELL,ACTI,,,200,200,200,,,,,,,,,,T10047497,,,,
SYNTHLEI0000000F0006,FALSE,CL1024,NONE,,,AOTC,FALSE,2025-07-11T16:49:54.459845Z,DAVY,VFAR,2025-07-11T23:59:59.999999Z,2025-07-11T16:49:53.772845Z,,1565,XMKT,ECHO,ZZ0000000105,2025-07-11T16:49:54.459845Z,100474,CAME,L,LMTO,,,,,,EUR,,MONE,SELL,,,,200,0,0,,,,,,,,,,T10047497,,,,
SYNTHLEI0000000A0001,TRUE,CL1031,NONE,,,AOTC,FALSE,2025-07-11T16:50:00.058170Z,DAVY,,2025-07-11T23:59:59.999999Z,2025-07-11T16:50:00.058170Z,,1566,XMKT,DLTA,ZZ0000000104,2025-07-11T16:50:00.058170Z,100222,NEWO,L,LMTO,3.1361,0,0,0,0,EUR,,MONE,SELL,ACTI,,,40,40,40,,,,,,,,,,T10022239,,,,
SYNTHLEI0000000A0001,FALSE,CL1037,NONE,,,MTCH,FALSE,2025-07-11T16:50:00.135405Z,DAVY,VFAR,2025-07-11T23:59:59.999999Z,2025-07-11T16:37:45.135405Z,,1567,XMKT,BRVO,ZZ0000000102,2025-07-11T16:50:00.135405Z,100443,PARF,L,,,,,,2.0872,EUR,,MONE,SELL,,,,,34,,26,,,,,PASV,,,,T10044353,,,,
SYNTHLEI0000000G0007,FALSE,CL1021,NONE,,,DEAL,FALSE,2025-07-11T16:50:15.275486Z,GTDV,VFAR,2025-07-11T23:59:59.999999Z,2025-07-11T16:49:30.275486Z,,1568,XDRV,OPT25G15.00,ZV0000000202,2025-07-11T16:50:15.275486Z,100285,PARF,L,,,,,,0.4559,EUR,,MONE,BUYI,,,,,28,,22,,,,,AGRE,,,,T10028518,,,,
SYNTHLEI0000000A0001,FALSE,CL1027,NONE,,,AOTC,FALSE,2025-07-11T16:50:16.635174Z,IOCV,VFCR,9999-12-31T23:59:59.999999Z,2025-07-11T16:50:16.635174Z,,1569,XMKT,JULT,ZZ0000000110,2025-07-11T16:50:16.635174Z,100171,NEWO,M,LMTO,0,0,0,0,0,EUR,,MONE,SELL,ACTI,,,40,40,40,,,,,,,,,,T10017180,,,,
SYNTHLEI0000000D0004,TRUE,CL1034,NONE,,,AOTC,FALSE,2025-07-11T16:50:17.757737Z,GTDV,VFAR,2025-07-11T23:59:59.999999Z,2025-07-11T16:41:24.757737Z,,1570,XMKT,FXTR,ZZ0000000106,2025-07-11T16:50:17.757737Z,100022,FILL,L,,,,,,3.1949,EUR,,MONE,SELL,,,,,0,,150,,,,,PASV,,,,T10002233,,,,
SYNTHLEI0000000A0001,TRUE,NONE,ALGOPT,,,AOTC,FALSE,2025-07-11T16:51:29.790674Z,DAVY,VFCR,2025-07-11T23:59:59.999999Z,2025-07-11T16:51:29.790674Z,,1571,XMKT,ECHO,ZZ0000000105,2025-07-11T16:51:29.790674Z,100120,NEWO,L,LMTO,7.9118,0,0,0,0,EUR,,MONE,SELL,ACTI,,,3000,3000,3000,,,,,,,,,,T10012089,,,,
SYNTHLEI0000000H0008,FALSE,NONE,ALGOPT,,,MTCH,FALSE,2025-07-11T16:51:54.307135Z,DAVY,VFAR,2025-07-11T23:59:59.999999Z,2025-07-11T16:51:54.307135Z,,1572,XMKT,CHRL,ZZ0000000103,2025-07-11T16:51:54.307135Z,100166,NEWO,S,STOP,16.2661,0,16.6624,0,0,EUR,,MONE,SELL,ACTI,,,500,500,500,,,,,,,,,,T10016634,,,,
SYNTHLEI0000000B0002,TRUE,CL1024,NONE,,,AOTC,FALSE,2025-07-11T16:51:56.326855Z,FOKV,VFCR,9999-12-31T23:59:59.999999Z,2025-07-11T16:45:38.326855Z,,1573,XMKT,CHRL,ZZ0000000103,2025-07-11T16:51:56.326855Z,100611,FILL,L,,,,,,16.2766,EUR,,MONE,SELL,,,,,0,,60,,,,,PASV,,,,T10061135,,,,
SYNTHLEI0000000D0004,FALSE,CL1008,NONE,,,AOTC,FALSE,2025-07-11T16:52:02.897008Z,FOKV,VFAR,9999-12-31T23:59:59.999999Z,2025-07-11T16:52:02.897008Z,,1574,XMKT,ABLE,ZZ0000000101,2025-07-11T16:52:02.897008Z,100367,CAME,L,,,,,,,EUR,,MONE,BUYI,,,,500,0,0,,,,,,,,,,T10036756,,,,
SYNTHLEI0000000H0008,FALSE,NONE,ALGO1,,,DEAL,TRUE,2025-07-11T16:52:06.450445Z,GTCV,VFCR,9999-12-31T23:59:59.999999Z,2025-07-11T16:52:06.450445Z,,1575,XMKT,JULT,ZZ0000000110,2025-07-11T16:52:06.450445Z,100024,CAME,S,,,,,,,EUR,,MONE,BUYI,,,,200,0,0,,,,,,,,,,T10002473,,,,
SYNTHLEI0000000B0002,FALSE,NONE,ALGOPT,,,DEAL,FALSE,2025-07-11T16:52:11.871109Z,FOKV,VFCR,9999-12-31T23:59:59.999999Z,2025-07-11T16:52:11.871109Z,,1576,XMKT,JULT,ZZ0000000110,2025-07-11T16:52:11.871109Z,100043,REME,L,LMTO,11.3988,,,,,EUR,,MONE,BUYI,ACTI,,,3000,3000,3000,,,,,,,,,,T10004331,,,,
SYNTHLEI0000000A0001,FALSE,CL1027,NONE,,,AOTC,FALSE,2025-07-11T16:53:12.635174Z,IOCV,VFCR,9999-12-31T23:59:59.999999Z,2025-07-11T16:53:12.635174Z,,1577,XMKT,JULT,ZZ0000000110,2025-07-11T16:53:12.635174Z,100171,REME,M,LMTO,11.4115,,,,,EUR,,MONE,SELL,ACTI,,,40,40,40,,,,,,,,,,T10017180,,,,
SYNTHLEI0000000H0008,FALSE,NONE,ALGO1,,,AOTC,FALSE,2025-07-11T16:53:14.774721Z,FOKV,VFCR,9999-12-31T23:59:59.999999Z,2025-07-11T16:48:11.774721Z,,1578,XMKT,HOTL,ZZ0000000108,2025-07-11T16:53:14.774721Z,100031,FILL,L,,,,,,3.1778,EUR,,MONE,SELL,,,,,0,,150,,,,,PASV,,,,T10003182,,,,
SYNTHLEI0000000B0002,FALSE,NONE,ALGOPT,,,AOTC,FALSE,2025-07-11T16:53:27.221938Z,GTCV,VFAR,9999-12-31T23:59:59.999999Z,2025-07-11T16:53:27.221938Z,,1579,XMKT,ECHO,ZZ0000000105,2025-07-11T16:53:27.221938Z,100143,CAME,L,,,,,,,EUR,,MONE,BUYI,,,,5,0,0,,,,,,,,,,T10014318,,,,
SYNTHLEI0000000B0002,FALSE,CL1024,NONE,,,AOTC,FALSE,2025-07-11T16:53:34.893620Z,IOCV,VFCR,9999-12-31T23:59:59.999999Z,2025-07-11T16:53:34.893620Z,,1580,XMKT,CHRL,ZZ0000000103,2025-07-11T16:53:34.893620Z,100616,NEWO,L,LMTO,16.2584,0,0,0,0,EUR,,MONE,BUYI,ACTI,,,5,5,5,,,,,,,,,,T10061663,,,,
SYNTHLEI0000000H0008,FALSE,CL1010,NONE,,,AOTC,FALSE,2025-07-11T16:53:38.306622Z,GTCV,VFAR,9999-12-31T23:59:59.999999Z,2025-07-11T16:49:17.306622Z,,1581,XMKT,CHRL,ZZ0000000103,2025-07-11T16:53:38.306622Z,100331,PARF,L,,,,,,16.2392,EUR,,MONE,BUYI,,,,,275,,225,,,,,AGRE,,,,T10033111,,,,
SYNTHLEI0000000G0007,FALSE,CL1013,NONE,,,DEAL,FALSE,2025-07-11T16:53:47.993154Z,GTDV,VFCR,2025-07-11T23:59:59.999999Z,2025-07-11T16:53:47.993154Z,,1582,XMKT,ECHO,ZZ0000000105,2025-07-11T16:53:47.993154Z,100200,NEWO,L,LMTO,7.9185,0,0,0,0,EUR,,MONE,SELL,ACTI,,,100,100,100,,,,,,,,,,T10020017,,,,
SYNTHLEI0000000B0002,FALSE,NONE,ALGO1,,,DEAL,TRUE,2025-07-11T16:53:53.289043Z,GTCV,VFAR,9999-12-31T23:59:59.999999Z,2025-07-11T16:53:53.289043Z,,1583,XDRV,OPT25G15.00,ZV0000000202,2025-07-11T16:53:53.289043Z,100508,NEWO,L,LMTO,0.4565,0,0,0,0,EUR,,MONE,BUYI,ACTI,,,10,10,10,,,,,,,,,,T10050860,,,,
SYNTHLEI0000000A0001,FALSE,NONE,ALGO1,,,MTCH,FALSE,2025-07-11T16:53:59.735449Z,GTDV,VFCR,2025-07-11T23:59:59.999999Z,2025-07-11T16:53:59.735449Z,,1584,XMKT,FXTR,ZZ0000000106,2025-07-11T16:53:59.735449Z,100153,CAME,L,,,,,,,EUR,,MONE,SELL,,,,60,0,0,,,,,,,,,,T10015362,,,,
SYNTHLEI0000000H0008,FALSE,CL1020,NONE,,,AOTC,FALSE,2025-07-11T16:54:28.928872Z,DAVY,,2025-07-11T23:59:59.999999Z,2025-07-11T16:54:28.928872Z,,1585,XDRV,OPT25G15.00,ZV0000000202,2025-07-11T16:54:28.928872Z,100540,NEWO,L,LMTO,0.4561,0,0,0,0,EUR,,MONE,BUYI,ACTI,,,1,1,1,,,,,,,,,,T10054025,,,,
SYNTHLEI0000000A0001,TRUE,NONE,ALGOPT,,,AOTC,FALSE,2025-07-11T16:54:49.790674Z,DAVY,VFCR,2025-07-11T23:59:59.999999Z,2025-07-11T16:51:29.790674Z,,1586,XMKT,ECHO,ZZ0000000105,2025-07-11T16:54:49.790674Z,100120,PARF,L,,,,,,7.9118,EUR,,MONE,SELL,,,,,2107,,893,,,,,AGRE,,,,T10012089,,,,
SYNTHLEI0000000G0007,FALSE,CL1013,NONE,,,DEAL,FALSE,2025-07-11T16:54:59.993154Z,GTDV,VFCR,2025-07-11T23:59:59.999999Z,2025-07-11T16:53:47.993154Z,,1587,XMKT,ECHO,ZZ0000000105,2025-07-11T16:54:59.993154Z,100200,PARF,L,,,,,,7.9185,EUR,,MONE,SELL,,,,,59,,41,,,,,PASV,,,,T10020017,,,,
SYNTHLEI0000000C0003,FALSE,CL1020,NONE,,,DEAL,TRUE,2025-07-11T16:55:09.028584Z,DAVY,VFAR,2025-07-11T23:59:59.999999Z,2025-07-11T16:55:09.028584Z,,1588,XMKT,ABLE,ZZ0000000101,2025-07-11T16:55:09.028584Z,100553,CAME,S,,,,,,,EUR,,MONE,BUYI,,,,20,0,0,,,,,,,,,,T10055333,,,,
SYNTHLEI0000000H0008,FALSE,CL1010,NONE,,,DEAL,TRUE,2025-07-11T16:55:23.628827Z,DAVY,,2025-07-11T23:59:59.999999Z,2025-07-11T16:55:23.628827Z,,1589,XMKT,ABLE,ZZ0000000101,2025-07-11T16:55:23.628827Z,100379,REME,L,LMTO,6.4984,,,,,EUR,,MONE,SELL,ACTI,,,60,60,60,,,,,,,,,,T10037953,,,,
SYNTHLEI0000000E0005,FALSE,CL1011,NONE,,,DEAL,FALSE,2025-07-11T16:55:27.238163Z,IOCV,VFAR,9999-12-31T23:59:59.999999Z,2025-07-11T16:55:27.238163Z,,1590,XMKT,CHRL,ZZ0000000103,2025-07-11T16:55:27.238163Z,100558,NEWO,L,LMTO,16.2468,0,0,0,0,EUR,,MONE,BUYI,ACTI,,,5,5,5,,,,,,,,,,T10055834,,,,
SYNTHLEI0000000E0005,FALSE,CL1011,NONE,,,DEAL,FALSE,2025-07-11T16:55:29.323163Z,IOCV,VFAR,9999-12-31T23:59:59.999999Z,2025-07-11T16:55:29.323163Z,,1591,XMKT,CHRL,ZZ0000000103,2025-07-11T16:55:29.323163Z,100558,REME,L,LMTO,16.2372,,,,,EUR,,MONE,BUYI,ACTI,,,5,5,5,,,,,,,,,,T10055834,,,,
SYNTHLEI0000000E0005,FALSE,CL1011,NONE,,,DEAL,FALSE,2025-07-11T16:55:30.093163Z,IOCV,VFAR,9999-12-31T23:59:59.999999Z,2025-07-11T16:55:30.093163Z,,1592,XMKT,CHRL,ZZ0000000103,2025-07-11T16:55:30.093163Z,100558,CAME,L,LMTO,,,,,,EUR,,MONE,BUYI,,,,5,0,0,,,,,,,,,,T10055834,,,,
SYNTHLEI0000000D0004,FALSE,NONE,ALGO1,,,AOTC,FALSE,2025-07-11T16:55:31.697359Z,DAVY,VFCR,2025-07-11T23:59:59.999999Z,2025-07-11T16:55:31.697359Z,,1593,XMKT,FXTR,ZZ0000000106,2025-07-11T16:55:31.697359Z,100461,NEWO,L,LMTO,3.1916,0,0,0,0,EUR,,MONE,SELL,ACTI,,,150,150,150,,,,,,,,,,T10046127,,,,
SYNTHLEI0000000D0004,FALSE,NONE,ALGO1,,,AOTC,FALSE,2025-07-11T16:55:54.697359Z,DAVY,VFCR,2025-07-11T23:59:59.999999Z,2025-07-11T16:55:31.697359Z,,1594,XMKT,FXTR,ZZ0000000106,2025-07-11T16:55:54.697359Z,100461,PARF,L,,,,,,3.1916,EUR,,MONE,SELL,,,,,94,,56,,,,,AGRE,,,,T10046127,,,,
SYNTHLEI0000000G0007,FALSE,CL1021,NONE,,,DEAL,FALSE,2025-07-11T16:55:59.275486Z,GTDV,VFAR,2025-07-11T23:59:59.999999Z,2025-07-11T16:55:59.275486Z,,1595,XDRV,OPT25G15.00,ZV0000000202,2025-07-11T16:55:59.275486Z,100285,CAME,L,,,,,,,EUR,,MONE,BUYI,,,,50,0,0,,,,,,,,,,T10028518,,,,
SYNTHLEI0000000H0008,FALSE,CL1010,NONE,,,AOTC,FALSE,2025-07-11T16:55:59.306622Z,GTCV,VFAR,9999-12-31T23:59:59.999999Z,2025-07-11T16:49:17.306622Z,,1596,XMKT,CHRL,ZZ0000000103,2025-07-11T16:55:59.306622Z,100331,FILL,L,,,,,,16.2392,EUR,,MONE,BUYI,,,,,0,,275,,,,,AGRE,,,,T10033111,,,,
SYNTHLEI0000000D0004,FALSE,CL1030,NONE,,,DEAL,TRUE,2025-07-11T16:56:04.105904Z,GTCV,VFCR,9999-12-31T23:59:59.999999Z,2025-07-11T16:56:04.105904Z,,1597,XMKT,HOTL,ZZ0000000108,2025-07-11T16:56:04.105904Z,100599,REME,L,LMTO,3.1797,,,,,EUR,,MONE,SELL,ACTI,,,20,20,20,,,,,,,,,,T10059967,,,,
SYNTHLEI0000000E0005,FALSE,CL1013,NONE,,,AOTC,FALSE,2025-07-11T16:56:20.230225Z,GTCV,VFCR,9999-12-31T23:59:59.999999Z,2025-07-11T16:56:20.230225Z,,1598,XMKT,GOLF,ZZ0000000107,2025-07-11T16:56:20.230225Z,100490,NEWO,M,LMTO,0,0,0,0,0,EUR,,MONE,SELL,ACTI,,,100,100,100,,,,,,,,,,T10049092,,,,
SYNTHLEI0000000E0005,FALSE,CL1013,NONE,,,AOTC,FALSE,2025-07-11T16:56:24.110225Z,GTCV,VFCR,9999-12-31T23:59:59.999999Z,2025-07-11T16:56:24.110225Z,,1599,XMKT,GOLF,ZZ0000000107,2025-07-11T16:56:24.110225Z,100490,REME,M,LMTO,4.1669,,,,,EUR,,MONE,SELL,ACTI,,,100,100,100,,,,,,,,,,T10049092,,,,
SYNTHLEI0000000E0005,FALSE,CL1013,NONE,,,AOTC,FALSE,2025-07-11T16:56:24.872225Z,GTCV,VFCR,9999-12-31T23:59:59.999999Z,2025-07-11T16:56:24.872225Z,,1600,XMKT,GOLF,ZZ0000000107,2025-07-11T16:56:24.872225Z,100490,REME,M,LMTO,4.1668,,,,,EUR,,MONE,SELL,ACTI,,,100,100,100,,,,,,,,,,T10049092,,,,
SYNTHLEI0000000E0005,FALSE,CL1013,NONE,,,AOTC,FALSE,2025-07-11T16:56:27.681225Z,GTCV,VFCR,9999-12-31T23:59:59.999999Z,2025-07-11T16:56:27.681225Z,,1601,XMKT,GOLF,ZZ0000000107,2025-07-11T16:56:27.681225Z,100490,CAME,M,LMTO,,,,,,EUR,,MONE,SELL,,,,100,0,0,,,,,,,,,,T10049092,,,,
SYNTHLEI0000000D0004,FALSE,CL1002,NONE,,,AOTC,FALSE,2025-07-11T16:57:36.524766Z,DAVY,VFCR,2025-07-11T23:59:59.999999Z,2025-07-11T16:57:36.524766Z,,1602,XMKT,DLTA,ZZ0000000104,2025-07-11T16:57:36.524766Z,100471,NEWO,L,LMTO,3.1421,0,0,0,0,EUR,,MONE,BUYI,ACTI,,,20,20,20,,,,,,,,,,T10047178,,,,
SYNTHLEI0000000A0001,FALSE,CL1027,NONE,,,AOTC,FALSE,2025-07-11T16:57:55.635174Z,IOCV,VFCR,9999-12-31T23:59:59.999999Z,2025-07-11T16:50:16.635174Z,,1603,XMKT,JULT,ZZ0000000110,2025-07-11T16:57:55.635174Z,100171,PARF,M,,,,,,11.3968,EUR,,MONE,SELL,,,,,27,,13,,,,,AGRE,,,,T10017180,,,,
SYNTHLEI0000000D0004,FALSE,NONE,ALGO1,,,AOTC,FALSE,2025-07-11T16:58:00.697359Z,DAVY,VFCR,2025-07-11T23:59:59.999999Z,2025-07-11T16:55:31.697359Z,,1604,XMKT,FXTR,ZZ0000000106,2025-07-11T16:58:00.697359Z,100461,PARF,L,,,,,,3.1916,EUR,,MONE,SELL,,,,,65,,29,,,,,PASV,,,,T10046127,,,,
SYNTHLEI0000000A0001,FALSE,CL1037,NONE,,,MTCH,FALSE,2025-07-11T16:58:35.135405Z,DAVY,VFAR,2025-07-11T23:59:59.999999Z,2025-07-11T16:58:35.135405Z,,1605,XMKT,BRVO,ZZ0000000102,2025-07-11T16:58:35.135405Z,100443,CAME,L,,,,,,,EUR,,MONE,SELL,,,,60,0,0,,,,,,,,,,T10044353,,,,
SYNTHLEI0000000D0004,FALSE,NONE,ALGO1,,,AOTC,FALSE,2025-07-11T16:59:06.697359Z,DAVY,VFCR,2025-07-11T23:59:59.999999Z,2025-07-11T16:55:31.697359Z,,1606,XMKT,FXTR,ZZ0000000106,2025-07-11T16:59:06.697359Z,100461,FILL,L,,,,,,3.1916,EUR,,MONE,SELL,,,,,0,,65,,,,,PASV,,,,T10046127,,,,
SYNTHLEI0000000A0001,TRUE,NONE,ALGOPT,,,AOTC,FALSE,2025-07-11T16:59:08.790674Z,DAVY,VFCR,2025-07-11T23:59:59.999999Z,2025-07-11T16:51:29.790674Z,,1607,XMKT,ECHO,ZZ0000000105,2025-07-11T16:59:08.790674Z,100120,FILL,L,,,,,,7.9118,EUR,,MONE,SELL,,,,,0,,2107,,,,,AGRE,,,,T10012089,,,,
SYNTHLEI0000000A0001,FALSE,CL1027,NONE,,,AOTC,FALSE,2025-07-11T16:59:44.635174Z,IOCV,VFCR,9999-12-31T23:59:59.999999Z,2025-07-11T16:59:44.635174Z,,1608,XMKT,JULT,ZZ0000000110,2025-07-11T16:59:44.635174Z,100171,CAME,M,,,,,,,EUR,,MONE,SELL,,,,40,0,0,,,,,,,,,,T10017180,,,,
SYNTHLEI0000000D0004,FALSE,CL1030,NONE,,,DEAL,TRUE,2025-07-11T16:59:46.105904Z,GTCV,VFCR,9999-12-31T23:59:59.999999Z,2025-07-11T16:49:05.105904Z,,1609,XMKT,HOTL,ZZ0000000108,2025-07-11T16:59:46.105904Z,100599,PARF,L,,,,,,3.1797,EUR,,MONE,SELL,,,,,9,,11,,,,,AGRE,,,,T10059967,,,,
SYNTHLEI0000000G0007,FALSE,CL1013,NONE,,,DEAL,FALSE,2025-07-11T16:59:47.993154Z,GTDV,VFCR,2025-07-11T23:59:59.999999Z,2025-07-11T16:59:47.993154Z,,1610,XMKT,ECHO,ZZ0000000105,2025-07-11T16:59:47.993154Z,100200,CAME,L,,,,,,,EUR,,MONE,SELL,,,,100,0,0,,,,,,,,,,T10020017,,,,
SYNTHLEI0000000A0001,FALSE,NONE,NONE,,,AOTC,FALSE,2025-07-11T16:59:53.115290Z,FOKV,VFCR,9999-12-31T23:59:59.999999Z,2025-07-11T16:59:53.115290Z,,1611,XMKT,HOTL,ZZ0000000108,2025-07-11T16:59:53.115290Z,100217,NEWO,L,LMTO,3.1835,0,0,0,0,EUR,,MONE,SELL,ACTI,,,3000,3000,3000,,,,,,,,,,T10021772,,,,
SYNTHLEI0000000D0004,TRUE,CL1024,NONE,,,AOTC,FALSE,2025-07-11T16:59:57.375534Z,DAVY,VFAR,2025-07-11T23:59:59.999999Z,2025-07-11T16:59:57.375534Z,,1612,XMKT,ECHO,ZZ0000000105,2025-07-11T16:59:57.375534Z,100252,NEWO,S,STOP,7.9221,0,8.0142,0,0,EUR,,MONE,SELL,ACTI,,,5,5,5,,,,,,,,,,T10025253,,,,
SYNTHLEI0000000C0003,FALSE,CL1021,NONE,,,DEAL,TRUE,2025-07-11T16:59:57.533556Z,GTCV,VFAR,9999-12-31T23:59:59.999999Z,2025-07-11T16:59:57.533556Z,,1613,XMKT,DLTA,ZZ0000000104,2025-07-11T16:59:57.533556Z,100548,CAME,L,,,,,,,EUR,,MONE,SELL,,,,40,0,0,,,,,,,,,,T10054864,,,,
SYNTHLEI0000000H0008,FALSE,CL1010,NONE,,,DEAL,TRUE,2025-07-11T17:00:08.628827Z,DAVY,,2025-07-11T23:59:59.999999Z,2025-07-11T16:49:37.628827Z,,1614,XMKT,ABLE,ZZ0000000101,2025-07-11T17:00:08.628827Z,100379,PARF,L,,,,,,6.4984,EUR,,MONE,SELL,,,,,28,,32,,,,,AGRE,,,,T10037953,,,,
SYNTHLEI0000000A0001,FALSE,NONE,NONE,,,AOTC,FALSE,2025-07-11T17:00:14.115290Z,FOKV,VFCR,9999-12-31T23:59:59.999999Z,2025-07-11T16:59:53.115290Z,,1615,XMKT,HOTL,ZZ0000000108,2025-07-11T17:00:14.115290Z,100217,PARF,L,,,,,,3.1835,EUR,,MONE,SELL,,,,,1772,,1228,,,,,PASV,,,,T10021772,,,,
SYNTHLEI0000000F0006,FALSE,CL1018,NONE,,,AOTC,FALSE,2025-07-11T17:00:24.940323Z,GTCV,,9999-12-31T23:59:59.999999Z,2025-07-11T17:00:24.940323Z,,1616,XMKT,JULT,ZZ0000000110,2025-07-11T17:00:24.940323Z,100307,NEWO,L,LMTO,11.4,0,0,0,0,EUR,,MONE,SELL,ACTI,,,150,150,150,,,,,,,,,,T10030769,,,,
SYNTHLEI0000000H0008,FALSE,CL1037,NONE,,,DEAL,TRUE,2025-07-11T17:00:30.793619Z,GTDV,VFCR,2025-07-11T23:59:59.999999Z,2025-07-11T17:00:30.793619Z,,1617,XDRV,OPT25G15.00,ZV0000000202,2025-07-11T17:00:30.793619Z,100114,NEWO,L,LMTO,0.4555,0,0,0,0,EUR,,MONE,SELL,ACTI,,,5,5,5,,,,,,,,,,T10011482,,,,
SYNTHLEI0000000B0002,TRUE,CL1026,NONE,,,DEAL,TRUE,2025-07-11T17:02:06.938789Z,DAVY,VFAR,2025-07-11T23:59:59.999999Z,2025-07-11T17:02:06.938789Z,,1618,XMKT,GOLF,ZZ0000000107,2025-07-11T17:02:06.938789Z,100393,CAME,M,,,,,,,EUR,,MONE,SELL,,,,1500,0,0,,,,,,,,,,T10039335,,,,
SYNTHLEI0000000H0008,FALSE,NONE,ALGOPT,,,AOTC,FALSE,2025-07-11T17:02:35.772042Z,GTDV,VFCR,2025-07-11T23:59:59.999999Z,2025-07-11T17:02:35.772042Z,,1619,XDRV,FTSE25T4900,ZV0000000201,2025-07-11T17:02:35.772042Z,100630,NEWO,L,LMTO,108.218,0,0,0,0,EUR,,MONE,BUYI,ACTI,,,5,5,5,,,,,,,,,,T10063047,,,,
SYNTHLEI0000000C0003,FALSE,CL1011,NONE,,,DEAL,FALSE,2025-07-11T17:02:41.514214Z,GTCV,,9999-12-31T23:59:59.999999Z,2025-07-11T17:02:41.514214Z,,1620,XMKT,HOTL,ZZ0000000108,2025-07-11T17:02:41.514214Z,100233,NEWO,L,LMTO,3.1813,0,0,0,0,EUR,,MONE,SELL,ACTI,,,1500,1500,1500,,,,,,,,,,T10023343,,,,
SYNTHLEI0000000D0004,FALSE,CL1030,NONE,,,DEAL,TRUE,2025-07-11T17:03:49.105904Z,GTCV,VFCR,9999-12-31T23:59:59.999999Z,2025-07-11T16:49:05.105904Z,,1621,XMKT,HOTL,ZZ0000000108,2025-07-11T17:03:49.105904Z,100599,PARF,L,,,,,,3.1797,EUR,,MONE,SELL,,,,,7,,2,,,,,AGRE,,,,T10059967,,,,
SYNTHLEI0000000D0004,FALSE,CL1002,NONE,,,AOTC,FALSE,2025-07-11T17:04:04.524766Z,DAVY,VFCR,2025-07-11T23:59:59.999999Z,2025-07-11T16:57:36.524766Z,,1622,XMKT,DLTA,ZZ0000000104,2025-07-11T17:04:04.524766Z,100471,FILL,L,,,,,,3.1421,EUR,,MONE,BUYI,,,,,0,,20,,,,,AGRE,,,,T10047178,,,,
SYNTHLEI0000000B0002,FALSE,CL1027,NONE,,,DEAL,TRUE,2025-07-11T17:04:17.576795Z,GTCV,VFAR,9999-12-31T23:59:59.999999Z,2025-07-11T17:04:17.576795Z,,1623,XMKT,CHRL,ZZ0000000103,2025-07-11T17:04:17.576795Z,100427,NEWO,L,LMTO,16.2951,0,0,0,0,EUR,,MONE,BUYI,ACTI,,,60,60,60,,,,,,,,,,T10042787,,,,
SYNTHLEI0000000F0006,FALSE,CL1018,NONE,,,AOTC,FALSE,2025-07-11T17:04:27.940323Z,GTCV,,9999-12-31T23:59:59.999999Z,2025-07-11T17:00:24.940323Z,,1624,XMKT,JULT,ZZ0000000110,2025-07-11T17:04:27.940323Z,100307,FILL,L,,,,,,11.4,EUR,,MONE,SELL,,,,,0,,150,,,,,PASV,,,,T10030769,,,,
SYNTHLEI0000000H0008,FALSE,CL1010,NONE,,,DEAL,TRUE,2025-07-11T17:04:28.628827Z,DAVY,,2025-07-11T23:59:59.999999Z,2025-07-11T16:49:37.628827Z,,1625,XMKT,ABLE,ZZ0000000101,2025-07-11T17:04:28.628827Z,100379,FILL,L,,,,,,6.4984,EUR,,MONE,SELL,,,,,0,,28,,,,,PASV,,,,T10037953,,,,
SYNTHLEI0000000G0007,FALSE,CL1007,NONE,,,DEAL,FALSE,2025-07-11T17:04:52.169976Z,DAVY,VFCR,2025-07-11T23:59:59.999999Z,2025-07-11T17:04:52.169976Z,,1626,XMKT,JULT,ZZ0000000110,2025-07-11T17:04:52.169976Z,100333,NEWO,L,LMTO,11.041,0,0,0,0,EUR,,MONE,SELL,ACTI,,,3000,3000,3000,,,,,,,,,,T10033332,,,,
SYNTHLEI0000000G0007,FALSE,CL1001,NONE,,,AOTC,FALSE,2025-07-11T17:04:52.279599Z,DAVY,VFAR,2025-07-11T23:59:59.999999Z,2025-07-11T17:04:52.279599Z,,1627,XDRV,FTSE25T4900,ZV0000000201,2025-07-11T17:04:52.279599Z,100420,CAME,L,,,,,,,EUR,,MONE,BUYI,,,,5,0,0,,,,,,,,,,T10042084,,,,
SYNTHLEI0000000B0002,FALSE,CL1024,NONE,,,AOTC,FALSE,2025-07-11T17:05:17.893620Z,IOCV,VFCR,9999-12-31T23:59:59.999999Z,2025-07-11T17:05:17.893620Z,,1628,XMKT,CHRL,ZZ0000000103,2025-07-11T17:05:17.893620Z,100616,CAME,L,,,,,,,EUR,,MONE,BUYI,,,,5,0,0,,,,,,,,,,T10061663,,,,
SYNTHLEI0000000A0001,FALSE,NONE,NONE,,,AOTC,FALSE,2025-07-11T17:05:28.115290Z,FOKV,VFCR,9999-12-31T23:59:59.999999Z,2025-07-11T16:59:53.115290Z,,1629,XMKT,HOTL,ZZ0000000108,2025-07-11T17:05:28.115290Z,100217,FILL,L,,,,,,3.1835,EUR,,MONE,SELL,,,,,0,,1772,,,,,PASV,,,,T10021772,,,,
SYNTHLEI0000000D0004,TRUE,CL1024,NONE,,,AOTC,FALSE,2025-07-11T17:06:12.375534Z,DAVY,VFAR,2025-07-11T23:59:59.999999Z,2025-07-11T17:06:12.375534Z,,1630,XMKT,ECHO,ZZ0000000105,2025-07-11T17:06:12.375534Z,100252,REME,S,STOP,7.9216,,,,,EUR,,MONE,SELL,ACTI,,,5,5,5,,,,,,,,,,T10025253,,,,
SYNTHLEI0000000D0004,FALSE,CL1030,NONE,,,DEAL,TRUE,2025-07-11T17:06:25.105904Z,GTCV,VFCR,9999-12-31T23:59:59.999999Z,2025-07-11T16:49:05.105904Z,,1631,XMKT,HOTL,ZZ0000000108,2025-07-11T17:06:25.105904Z,100599,FILL,L,,,,,,3.1797,EUR,,MONE,SELL,,,,,0,,7,,,,,PASV,,,,T10059967,,,,
SYNTHLEI0000000H0008,FALSE,CL1020,NONE,,,AOTC,FALSE,2025-07-11T17:06:57.928872Z,DAVY,,2025-07-11T23:59:59.999999Z,2025-07-11T17:06:57.928872Z,,1632,XDRV,OPT25G15.00,ZV0000000202,2025-07-11T17:06:57.928872Z,100540,CAME,L,,,,,,,EUR,,MONE,BUYI,,,,1,0,0,,,,,,,,,,T10054025,,,,
SYNTHLEI0000000H0008,FALSE,CL1038,NONE,,,AOTC,FALSE,2025-07-11T17:06:58.136761Z,DAVY,VFCR,2025-07-11T23:59:59.999999Z,2025-07-11T17:06:58.136761Z,,1633,XMKT,ECHO,ZZ0000000105,2025-07-11T17:06:58.136761Z,100158,CAME,L,,,,,,,EUR,,MONE,SELL,,,,40,0,0,,,,,,,,,,T10015841,,,,
SYNTHLEI0000000D0004,TRUE,CL1024,NONE,,,AOTC,FALSE,2025-07-11T17:07:04.375534Z,DAVY,VFAR,2025-07-11T23:59:59.999999Z,2025-07-11T16:59:57.375534Z,,1634,XMKT,ECHO,ZZ0000000105,2025-07-11T17:07:04.375534Z,100252,PARF,S,,,,,,7.9216,EUR,,MONE,SELL,,,,,3,,2,,,,,AGRE,,,,T10025253,,,,
SYNTHLEI0000000A0001,FALSE,CL1022,NONE,,,AOTC,FALSE,2025-07-11T17:07:19.388239Z,GTDV,VFAR,2025-07-11T23:59:59.999999Z,2025-07-11T17:07:19.388239Z,,1635,XDRV,FTSE25T4900,ZV0000000201,2025-07-11T17:07:19.388239Z,100544,NEWO,L,LMTO,108.0784,0,0,0,0,EUR,,MONE,BUYI,ACTI,,,5,5,5,,,,,,,,,,T10054431,,,,
SYNTHLEI0000000B0002,FALSE,NONE,ALGOPT,,,DEAL,FALSE,2025-07-11T17:07:43.871109Z,FOKV,VFCR,9999-12-31T23:59:59.999999Z,2025-07-11T17:07:43.871109Z,,1636,XMKT,JULT,ZZ0000000110,2025-07-11T17:07:43.871109Z,100043,CAME,L,,,,,,,EUR,,MONE,BUYI,,,,3000,0,0,,,,,,,,,,T10004331,,,,
SYNTHLEI0000000B0002,FALSE,CL1022,NONE,,,MTCH,FALSE,2025-07-11T17:08:11.502384Z,DAVY,VFCR,2025-07-11T23:59:59.999999Z,2025-07-11T17:08:11.502384Z,,1637,XMKT,FXTR,ZZ0000000106,2025-07-11T17:08:11.502384Z,100118,NEWO,L,LMTO,3.1954,0,0,0,0,EUR,,MONE,SELL,ACTI,,,60,60,60,,,,,,,,,,T10011856,,,,
SYNTHLEI0000000G0007,FALSE,NONE,NONE,,,AOTC,FALSE,2025-07-11T17:08:31.704556Z,DAVY,VFCR,2025-07-11T23:59:59.999999Z,2025-07-11T17:08:31.704556Z,,1638,XMKT,CHRL,ZZ0000000103,2025-07-11T17:08:31.704556Z,100592,NEWO,S,STOP,16.5812,0,16.0757,0,0,EUR,,MONE,BUYI,ACTI,,,1000,1000,1000,,,,,,,,,,T10059242,,,,
SYNTHLEI0000000G0007,FALSE,CL1007,NONE,,,DEAL,FALSE,2025-07-11T17:09:06.169976Z,DAVY,VFCR,2025-07-11T23:59:59.999999Z,2025-07-11T17:04:52.169976Z,,1639,XMKT,JULT,ZZ0000000110,2025-07-11T17:09:06.169976Z,100333,FILL,L,,,,,,11.041,EUR,,MONE,SELL,,,,,0,,3000,,,,,PASV,,,,T10033332,,,,
SYNTHLEI0000000H0008,FALSE,NONE,ALGOPT,,,AOTC,FALSE,2025-07-11T17:09:07.772042Z,GTDV,VFCR,2025-07-11T23:59:59.999999Z,2025-07-11T17:02:35.772042Z,,1640,XDRV,FTSE25T4900,ZV0000000201,2025-07-11T17:09:07.772042Z,100630,FILL,L,,,,,,108.218,EUR,,MONE,BUYI,,,,,0,,5,,,,,PASV,,,,T10063047,,,,
SYNTHLEI0000000G0007,FALSE,NONE,ALGOPT,,,MTCH,FALSE,2025-07-11T17:09:19.676662Z,GTDV,VFAR,2025-07-11T23:59:59.999999Z,2025-07-11T17:09:19.676662Z,,1641,XMKT,FXTR,ZZ0000000106,2025-07-11T17:09:19.676662Z,100634,NEWO,L,LMTO,3.3244,0,0,0,0,EUR,,MONE,BUYI,ACTI,,,1500,1500,1500,,,,,,,,,,T10063421,,,,
SYNTHLEI0000000E0005,FALSE,CL1029,NONE,,,AOTC,FALSE,2025-07-11T17:09:42.979199Z,GTCV,VFCR,9999-12-31T23:59:59.999999Z,2025-07-11T17:09:42.979199Z,,1642,XMKT,GOLF,ZZ0000000107,2025-07-11T17:09:42.979199Z,100102,NEWO,L,LMTO,4.1546,0,0,0,0,EUR,,MONE,SELL,ACTI,,,1000,1000,1000,,,,,,,,,,T10010250,,,,
SYNTHLEI0000000E0005,FALSE,CL1029,NONE,,,AOTC,FALSE,2025-07-11T17:09:44.832199Z,GTCV,VFCR,9999-12-31T23:59:59.999999Z,2025-07-11T17:09:44.832199Z,,1643,XMKT,GOLF,ZZ0000000107,2025-07-11T17:09:44.832199Z,100102,REME,L,LMTO,4.1574,,,,,EUR,,MONE,SELL,ACTI,,,1000,1000,1000,,,,,,,,,,T10010250,,,,
SYNTHLEI0000000E0005,FALSE,CL1029,NONE,,,AOTC,FALSE,2025-07-11T17:09:46.195199Z,GTCV,VFCR,9999-12-31T23:59:59.999999Z,2025-07-11T17:09:46.195199Z,,1644,XMKT,GOLF,ZZ0000000107,2025-07-11T17:09:46.195199Z,100102,REME,L,LMTO,4.1588,,,,,EUR,,MONE,SELL,ACTI,,,1000,1000,1000,,,,,,,,,,T10010250,,,,
SYNTHLEI0000000E0005,FALSE,CL1029,NONE,,,AOTC,FALSE,2025-07-11T17:09:49.012199Z,GTCV,VFCR,9999-12-31T23:59:59.999999Z,2025-07-11T17:09:49.012199Z,,1645,XMKT,GOLF,ZZ0000000107,2025-07-11T17:09:49.012199Z,100102,REME,L,LMTO,4.1572,,,,,EUR,,MONE,SELL,ACTI,,,1000,1000,1000,,,,,,,,,,T10010250,,,,
SYNTHLEI0000000E0005,FALSE,CL1029,NONE,,,AOTC,FALSE,2025-07-11T17:09:52.055199Z,GTCV,VFCR,9999-12-31T23:59:59.999999Z,2025-07-11T17:09:52.055199Z,,1646,XMKT,GOLF,ZZ0000000107,2025-07-11T17:09:52.055199Z,100102,CAME,L,LMTO,,,,,,EUR,,MONE,SELL,,,,1000,0,0,,,,,,,,,,T10010250,,,,
SYNTHLEI0000000G0007,FALSE,NONE,ALGO1,,,AOTC,FALSE,2025-07-11T17:10:10.912700Z,GTDV,VFAR,2025-07-11T23:59:59.999999Z,2025-07-11T17:10:10.912700Z,,1647,XDRV,FTSE25T4900,ZV0000000201,2025-07-11T17:10:10.912700Z,100503,NEWO,L,LMTO,108.073,0,0,0,0,EUR,,MONE,BUYI,ACTI,,,1,1,1,,,,,,,,,,T10050353,,,,
SYNTHLEI0000000C0003,FALSE,CL1014,NONE,,,AOTC,FALSE,2025-07-11T17:10:31.539003Z,DAVY,VFCR,2025-07-11T23:59:59.999999Z,2025-07-11T17:10:31.539003Z,,1648,XMKT,JULT,ZZ0000000110,2025-07-11T17:10:31.539003Z,100470,NEWO,L,LMTO,11.3925,0,0,0,0,EUR,,MONE,BUYI,ACTI,,,1500,1500,1500,,,,,,,,,,T10047026,,,,
SYNTHLEI0000000C0003,FALSE,CL1014,NONE,,,AOTC,FALSE,2025-07-11T17:10:41.539003Z,DAVY,VFCR,2025-07-11T23:59:59.999999Z,2025-07-11T17:10:31.539003Z,,1649,XMKT,JULT,ZZ0000000110,2025-07-11T17:10:41.539003Z,100470,PARF,L,,,,,,11.3925,EUR,,MONE,BUYI,,,,,880,,620,,,,,PASV,,,,T10047026,,,,
SYNTHLEI0000000B0002,FALSE,CL1027,NONE,,,DEAL,TRUE,2025-07-11T17:10:48.576795Z,GTCV,VFAR,9999-12-31T23:59:59.999999Z,2025-07-11T17:04:17.576795Z,,1650,XMKT,CHRL,ZZ0000000103,2025-07-11T17:10:48.576795Z,100427,PARF,L,,,,,,16.2951,EUR,,MONE,BUYI,,,,,42,,18,,,,,PASV,,,,T10042787,,,,
SYNTHLEI0000000D0004,TRUE,CL1024,NONE,,,AOTC,FALSE,2025-07-11T17:10:59.375534Z,DAVY,VFAR,2025-07-11T23:59:59.999999Z,2025-07-11T16:59:57.375534Z,,1651,XMKT,ECHO,ZZ0000000105,2025-07-11T17:10:59.375534Z,100252,FILL,S,,,,,,7.9216,EUR,,MONE,SELL,,,,,0,,3,,,,,AGRE,,,,T10025253,,,,
SYNTHLEI0000000C0003,FALSE,CL1020,NONE,,,AOTC,FALSE,2025-07-11T17:11:04.275717Z,DAVY,VFAR,2025-07-11T23:59:59.999999Z,2025-07-11T17:11:04.275717Z,,1652,XMKT,DLTA,ZZ0000000104,2025-07-11T17:11:04.275717Z,100424,NEWO,L,LMTO,3.1451,0,0,0,0,EUR,,MONE,SELL,ACTI,,,20,20,20,,,,,,,,,,T10042471,,,,
SYNTHLEI0000000G0007,FALSE,CL1024,NONE,,,AOTC,FALSE,2025-07-11T17:11:18.595313Z,IOCV,VFCR,9999-12-31T23:59:59.999999Z,2025-07-11T17:11:18.595313Z,,1653,XMKT,CHRL,ZZ0000000103,2025-07-11T17:11:18.595313Z,100072,NEWO,L,LMTO,17.0762,0,0,0,0,EUR,,MONE,SELL,ACTI,,,3000,3000,3000,,,,,,,,,,T10007224,,,,
SYNTHLEI0000000G0007,FALSE,NONE,NONE,,,AOTC,FALSE,2025-07-11T17:11:26.623454Z,DAVY,VFAR,2025-07-11T23:59:59.999999Z,2025-07-11T17:11:26.623454Z,,1654,XMKT,GOLF,ZZ0000000107,2025-07-11T17:11:26.623454Z,100208,NEWO,L,LMTO,4.1716,0,0,0,0,EUR,,MONE,SELL,ACTI,,,150,150,150,,,,,,,,,,T10020894,,,,
SYNTHLEI0000000C0003,FALSE,CL1020,NONE,,,AOTC,FALSE,2025-07-11T17:11:46.275717Z,DAVY,VFAR,2025-07-11T23:59:59.999999Z,2025-07-11T17:11:04.275717Z,,1655,XMKT,DLTA,ZZ0000000104,2025-07-11T17:11:46.275717Z,100424,FILL,L,,,,,,3.1451,EUR,,MONE,SELL,,,,,0,,20,,,,,AGRE,,,,T10042471,,,,
SYNTHLEI0000000D0004,FALSE,NONE,ALGOPT,,,AOTC,FALSE,2025-07-11T17:11:54.219619Z,GTCV,VFAR,9999-12-31T23:59:59.999999Z,2025-07-11T17:11:54.219619Z,,1656,XDRV,FTSE25T4900,ZV0000000201,2025-07-11T17:11:54.219619Z,100140,NEWO,L,LMTO,107.9081,0,0,0,0,EUR,,MONE,BUYI,ACTI,,,10,10,10,,,,,,,,,,T10014091,,,,
SYNTHLEI0000000A0001,FALSE,CL1035,NONE,,,AOTC,FALSE,2025-07-11T17:11:58.146520Z,DAVY,VFAR,2025-07-11T23:59:59.999999Z,2025-07-11T17:11:58.146520Z,,1657,XMKT,FXTR,ZZ0000000106,2025-07-11T17:11:58.146520Z,100068,NEWO,L,LMTO,3.1922,0,0,0,0,EUR,,MONE,BUYI,ACTI,,,100,100,100,,,,,,,,,,T10006835,,,,
SYNTHLEI0000000F0006,FALSE,CL1010,NONE,,,AOTC,FALSE,2025-07-11T17:12:37.046524Z,FOKV,VFCR,9999-12-31T23:59:59.999999Z,2025-07-11T17:12:37.046524Z,,1658,XMKT,ECHO,ZZ0000000105,2025-07-11T17:12:37.046524Z,100506,NEWO,S,STOP,7.9156,0,8.1506,0,0,EUR,,MONE,BUYI,ACTI,,,500,500,500,,,,,,,,,,T10050655,,,,
SYNTHLEI0000000B0002,FALSE,CL1014,NONE,,,DEAL,TRUE,2025-07-11T17:13:07.843814Z,IOCV,VFCR,9999-12-31T23:59:59.999999Z,2025-07-11T17:13:07.843814Z,,1659,XMKT,FXTR,ZZ0000000106,2025-07-11T17:13:07.843814Z,100642,NEWO,L,LMTO,3.1945,0,0,0,0,EUR,,MONE,BUYI,ACTI,,,60,60,60,,,,,,,,,,T10064240,,,,
SYNTHLEI0000000G0007,FALSE,CL1027,NONE,,,AOTC,FALSE,2025-07-11T17:13:17.641135Z,DAVY,VFAR,2025-07-11T23:59:59.999999Z,2025-07-11T17:13:17.641135Z,,1660,XMKT,GOLF,ZZ0000000107,2025-07-11T17:13:17.641135Z,100205,NEWO,M,LMTO,0,0,0,0,0,EUR,,MONE,BUYI,ACTI,,,60,60,60,,,,,,,,,,T10020533,,,,
SYNTHLEI0000000G0007,FALSE,NONE,NONE,,,AOTC,FALSE,2025-07-11T17:13:39.704556Z,DAVY,VFCR,2025-07-11T23:59:59.999999Z,2025-07-11T17:08:31.704556Z,,1661,XMKT,CHRL,ZZ0000000103,2025-07-11T17:13:39.704556Z,100592,PARF,S,,,,,,16.5812,EUR,,MONE,BUYI,,,,,403,,597,,,,,AGRE,,,,T10059242,,,,
SYNTHLEI0000000C0003,TRUE,NONE,ALGO1,,,AOTC,FALSE,2025-07-11T17:13:53.129550Z,GTDV,VFAR,2025-07-11T23:59:59.999999Z,2025-07-11T17:13:53.129550Z,,1662,XDRV,FTSE25T4900,ZV0000000201,2025-07-11T17:13:53.129550Z,100436,NEWO,L,LMTO,107.9289,0,0,0,0,EUR,,MONE,SELL,ACTI,,,50,50,50,,,,,,,,,,T10043616,,,,
SYNTHLEI0000000C0003,FALSE,CL1014,NONE,,,AOTC,FALSE,2025-07-11T17:14:03.539003Z,DAVY,VFCR,2025-07-11T23:59:59.999999Z,2025-07-11T17:14:03.539003Z,,1663,XMKT,JULT,ZZ0000000110,2025-07-11T17:14:03.539003Z,100470,CAME,L,,,,,,,EUR,,MONE,BUYI,,,,1500,0,0,,,,,,,,,,T10047026,,,,
SYNTHLEI0000000A0001,FALSE,CL1035,NONE,,,AOTC,FALSE,2025-07-11T17:14:58.146520Z,DAVY,VFAR,2025-07-11T23:59:59.999999Z,2025-07-11T17:11:58.146520Z,,1664,XMKT,FXTR,ZZ0000000106,2025-07-11T17:14:58.146520Z,100068,FILL,L,,,,,,3.1922,EUR,,MONE,BUYI,,,,,0,,100,,,,,AGRE,,,,T10006835,,,,
SYNTHLEI0000000B0002,FALSE,CL1027,NONE,,,DEAL,TRUE,2025-07-11T17:15:00.576795Z,GTCV,VFAR,9999-12-31T23:59:59.999999Z,2025-07-11T17:04:17.576795Z,,1665,XMKT,CHRL,ZZ0000000103,2025-07-11T17:15:00.576795Z,100427,FILL,L,,,,,,16.2951,EUR,,MONE,BUYI,,,,,0,,42,,,,,AGRE,,,,T10042787,,,,
SYNTHLEI0000000G0007,FALSE,NONE,NONE,,,AOTC,FALSE,2025-07-11T17:15:09.704556Z,DAVY,VFCR,2025-07-11T23:59:59.999999Z,2025-07-11T17:08:31.704556Z,,1666,XMKT,CHRL,ZZ0000000103,2025-07-11T17:15:09.704556Z,100592,FILL,S,,,,,,16.5812,EUR,,MONE,BUYI,,,,,0,,403,,,,,PASV,,,,T10059242,,,,
SYNTHLEI0000000E0005,TRUE,CL1031,NONE,,,AOTC,FALSE,2025-07-11T17:15:24.888032Z,GTCV,VFCR,9999-12-31T23:59:59.999999Z,2025-07-11T17:15:24.888032Z,,1667,XMKT,GOLF,ZZ0000000107,2025-07-11T17:15:24.888032Z,100174,NEWO,L,LMTO,4.1655,0,0,0,0,EUR,,MONE,SELL,ACTI,,,1500,1500,1500,,,,,,,,,,T10017481,,,,
SYNTHLEI0000000E0005,TRUE,CL1031,NONE,,,AOTC,FALSE,2025-07-11T17:15:27.333032Z,GTCV,VFCR,9999-12-31T23:59:59.999999Z,2025-07-11T17:15:27.333032Z,,1668,XMKT,GOLF,ZZ0000000107,2025-07-11T17:15:27.333032Z,100174,REME,L,LMTO,4.1638,,,,,EUR,,MONE,SELL,ACTI,,,1500,1500,1500,,,,,,,,,,T10017481,,,,
SYNTHLEI0000000E0005,TRUE,CL1031,NONE,,,AOTC,FALSE,2025-07-11T17:15:30.415032Z,GTCV,VFCR,9999-12-31T23:59:59.999999Z,2025-07-11T17:15:30.415032Z,,1669,XMKT,GOLF,ZZ0000000107,2025-07-11T17:15:30.415032Z,100174,REME,L,LMTO,4.1678,,,,,EUR,,MONE,SELL,ACTI,,,1500,1500,1500,,,,,,,,,,T10017481,,,,
SYNTHLEI0000000E0005,TRUE,CL1031,NONE,,,AOTC,FALSE,2025-07-11T17:15:33.593032Z,GTCV,VFCR,9999-12-31T23:59:59.999999Z,2025-07-11T17:15:33.593032Z,,1670,XMKT,GOLF,ZZ0000000107,2025-07-11T17:15:33.593032Z,100174,REME,L,LMTO,4.1662,,,,,EUR,,MONE,SELL,ACTI,,,1500,1500,1500,,,,,,,,,,T10017481,,,,
SYNTHLEI0000000G0007,FALSE,NONE,ALGOPT,,,MTCH,FALSE,2025-07-11T17:15:34.676662Z,GTDV,VFAR,2025-07-11T23:59:59.999999Z,2025-07-11T17:09:19.676662Z,,1671,XMKT,FXTR,ZZ0000000106,2025-07-11T17:15:34.676662Z,100634,FILL,L,,,,,,3.3244,EUR,,MONE,BUYI,,,,,0,,1500,,,,,PASV,,,,T10063421,,,,
SYNTHLEI0000000E0005,TRUE,CL1031,NONE,,,AOTC,FALSE,2025-07-11T17:15:37.733032Z,GTCV,VFCR,9999-12-31T23:59:59.999999Z,2025-07-11T17:15:37.733032Z,,1672,XMKT,GOLF,ZZ0000000107,2025-07-11T17:15:37.733032Z,100174,CAME,L,LMTO,,,,,,EUR,,MONE,SELL,,,,1500,0,0,,,,,,,,,,T10017481,,,,
SYNTHLEI0000000B0002,FALSE,CL1014,NONE,,,DEAL,TRUE,2025-07-11T17:15:44.843814Z,IOCV,VFCR,9999-12-31T23:59:59.999999Z,2025-07-11T17:13:07.843814Z,,1673,XMKT,FXTR,ZZ0000000106,2025-07-11T17:15:44.843814Z,100642,FILL,L,,,,,,3.1945,EUR,,MONE,BUYI,,,,,0,,60,,,,,PASV,,,,T10064240,,,,
SYNTHLEI0000000G0007,FALSE,NONE,NONE,,,AOTC,FALSE,2025-07-11T17:15:57.623454Z,DAVY,VFAR,2025-07-11T23:59:59.999999Z,2025-07-11T17:11:26.623454Z,,1674,XMKT,GOLF,ZZ0000000107,2025-07-11T17:15:57.623454Z,100208,FILL,L,,,,,,4.1716,EUR,,MONE,SELL,,,,,0,,150,,,,,AGRE,,,,T10020894,,,,
SYNTHLEI0000000C0003,TRUE,NONE,ALGO1,,,AOTC,FALSE,2025-07-11T17:16:07.129550Z,GTDV,VFAR,2025-07-11T23:59:59.999999Z,2025-07-11T17:16:07.129550Z,,1675,XDRV,FTSE25T4900,ZV0000000201,2025-07-11T17:16:07.129550Z,100436,REME,L,LMTO,107.9416,,,,,EUR,,MONE,SELL,ACTI,,,50,50,50,,,,,,,,,,T10043616,,,,
SYNTHLEI0000000H0008,FALSE,CL1004,NONE,,,AOTC,FALSE,2025-07-11T17:16:35.068756Z,FOKV,VFCR,9999-12-31T23:59:59.999999Z,2025-07-11T17:16:35.068756Z,,1676,XMKT,BRVO,ZZ0000000102,2025-07-11T17:16:35.068756Z,100600,CAME,L,,,,,,,EUR,,MONE,SELL,,,,40,0,0,,,,,,,,,,T10060066,,,,
SYNTHLEI0000000B0002,FALSE,CL1022,NONE,,,MTCH,FALSE,2025-07-11T17:16:36.502384Z,DAVY,VFCR,2025-07-11T23:59:59.999999Z,2025-07-11T17:16:36.502384Z,,1677,XMKT,FXTR,ZZ0000000106,2025-07-11T17:16:36.502384Z,100118,REME,L,LMTO,3.1953,,,,,EUR,,MONE,SELL,ACTI,,,60,60,60,,,,,,,,,,T10011856,,,,
SYNTHLEI0000000C0003,TRUE,NONE,ALGO1,,,AOTC,FALSE,2025-07-11T17:17:18.129550Z,GTDV,VFAR,2025-07-11T23:59:59.999999Z,2025-07-11T17:13:53.129550Z,,1678,XDRV,FTSE25T4900,ZV0000000201,2025-07-11T17:17:18.129550Z,100436,PARF,L,,,,,,107.9416,EUR,,MONE,SELL,,,,,34,,16,,,,,AGRE,,,,T10043616,,,,
SYNTHLEI0000000A0001,TRUE,CL1031,NONE,,,AOTC,FALSE,2025-07-11T17:17:37.058170Z,DAVY,,2025-07-11T23:59:59.999999Z,2025-07-11T17:17:37.058170Z,,1679,XMKT,DLTA,ZZ0000000104,2025-07-11T17:17:37.058170Z,100222,CAME,L,,,,,,,EUR,,MONE,SELL,,,,40,0,0,,,,,,,,,,T10022239,,,,
SYNTHLEI0000000H0008,FALSE,CL1025,NONE,,,AOTC,FALSE,2025-07-11T17:17:54.776456Z,GTDV,VFCR,2025-07-11T23:59:59.999999Z,2025-07-11T17:17:54.776456Z,,1680,XMKT,ABLE,ZZ0000000101,2025-07-11T17:17:54.776456Z,100129,NEWO,L,LMTO,6.5004,0,0,0,0,EUR,,MONE,SELL,ACTI,,,150,150,150,,,,,,,,,,T10012963,,,,
SYNTHLEI0000000F0006,FALSE,CL1014,NONE,,,AOTC,FALSE,2025-07-11T17:18:00.153582Z,IOCV,,9999-12-31T23:59:59.999999Z,2025-07-11T17:18:00.153582Z,,1681,XMKT,JULT,ZZ0000000110,2025-07-11T17:18:00.153582Z,100589,NEWO,L,LMTO,11.4055,0,0,0,0,EUR,,MONE,BUYI,ACTI,,,20,20,20,,,,,,,,,,T10058958,,,,
SYNTHLEI0000000F0006,FALSE,CL1014,NONE,,,AOTC,FALSE,2025-07-11T17:18:00.658582Z,IOCV,,9999-12-31T23:59:59.999999Z,2025-07-11T17:18:00.153582Z,,1682,XMKT,JULT,ZZ0000000110,2025-07-11T17:18:00.658582Z,100589,CAME,L,LMTO,,,,,,EUR,,MONE,BUYI,,,,20,0,0,,,,,,,,,,T10058958,,,,
SYNTHLEI0000000F0006,FALSE,CL1010,NONE,,,AOTC,FALSE,2025-07-11T17:18:30.046524Z,FOKV,VFCR,9999-12-31T23:59:59.999999Z,2025-07-11T17:18:30.046524Z,,1683,XMKT,ECHO,ZZ0000000105,2025-07-11T17:18:30.046524Z,100506,REME,S,STOP,7.9164,,,,,EUR,,MONE,BUYI,ACTI,,,500,500,500,,,,,,,,,,T10050655,,,,
SYNTHLEI0000000D0004,FALSE,CL1027,NONE,,,DEAL,TRUE,2025-07-11T17:18:32.277303Z,GTCV,VFCR,9999-12-31T23:59:59.999999Z,2025-07-11T17:18:32.277303Z,,1684,XDRV,FTSE25T4900,ZV0000000201,2025-07-11T17:18:32.277303Z,100177,NEWO,L,LMTO,107.9597,0,0,0,0,EUR,,MONE,SELL,ACTI,,,10,10,10,,,,,,,,,,T10017758,,,,
SYNTHLEI0000000H0008,FALSE,CL1014,NONE,,,AOTC,FALSE,2025-07-11T17:18:42.965770Z,GTDV,VFAR,2025-07-11T23:59:59.999999Z,2025-07-11T17:18:42.965770Z,,1685,XMKT,JULT,ZZ0000000110,2025-07-11T17:18:42.965770Z,100380,NEWO,L,LMTO,11.3954,0,0,0,0,EUR,,MONE,BUYI,ACTI,,,500,500,500,,,,,,,,,,T10038077,,,,
SYNTHLEI0000000B0002,FALSE,CL1022,NONE,,,MTCH,FALSE,2025-07-11T17:18:46.502384Z,DAVY,VFCR,2025-07-11T23:59:59.999999Z,2025-07-11T17:18:46.502384Z,,1686,XMKT,FXTR,ZZ0000000106,2025-07-11T17:18:46.502384Z,100118,CAME,L,,,,,,,EUR,,MONE,SELL,,,,60,0,0,,,,,,,,,,T10011856,,,,
SYNTHLEI0000000G0007,FALSE,CL1024,NONE,,,AOTC,FALSE,2025-07-11T17:19:03.595313Z,IOCV,VFCR,9999-12-31T23:59:59.999999Z,2025-07-11T17:19:03.595313Z,,1687,XMKT,CHRL,ZZ0000000103,2025-07-11T17:19:03.595313Z,100072,REME,L,LMTO,17.0674,,,,,EUR,,MONE,SELL,ACTI,,,3000,3000,3000,,,,,,,,,,T10007224,,,,
SYNTHLEI0000000H0008,TRUE,NONE,NONE,,,MTCH,FALSE,2025-07-11T17:19:53.216405Z,GTCV,VFCR,9999-12-31T23:59:59.999999Z,2025-07-11T17:19:53.216405Z,,1688,XMKT,HOTL,ZZ0000000108,2025-07-11T17:19:53.216405Z,100525,NEWO,S,STOP,3.1833,0,3.0961,0,0,EUR,,MONE,SELL,ACTI,,,200,200,200,,,,,,,,,,T10052550,,,,
SYNTHLEI0000000G0007,FALSE,CL1023,NONE,,,DEAL,TRUE,2025-07-11T17:20:19.277579Z,GTCV,VFCR,9999-12-31T23:59:59.999999Z,2025-07-11T17:20:19.277579Z,,1689,XMKT,BRVO,ZZ0000000102,2025-07-11T17:20:19.277579Z,100091,NEWO,L,LMTO,2.1695,0,0,0,0,EUR,,MONE,BUYI,ACTI,,,150,150,150,,,,,,,,,,T10009124,,,,
SYNTHLEI0000000F0006,FALSE,CL1035,NONE,,,AOTC,FALSE,2025-07-11T17:20:33.540681Z,GTCV,VFAR,9999-12-31T23:59:59.999999Z,2025-07-11T17:20:33.540681Z,,1690,XMKT,CHRL,ZZ0000000103,2025-07-11T17:20:33.540681Z,100325,NEWO,L,LMTO,16.2404,0,0,0,0,EUR,,MONE,BUYI,ACTI,,,40,40,40,,,,,,,,,,T10032529,,,,
SYNTHLEI0000000F0006,FALSE,CL1035,NONE,,,AOTC,FALSE,2025-07-11T17:20:34.097681Z,GTCV,VFAR,9999-12-31T23:59:59.999999Z,2025-07-11T17:20:33.540681Z,,1691,XMKT,CHRL,ZZ0000000103,2025-07-11T17:20:34.097681Z,100325,CAME,L,LMTO,,,,,,EUR,,MONE,BUYI,,,,40,0,0,,,,,,,,,,T10032529,,,,
SYNTHLEI0000000G0007,FALSE,CL1023,NONE,,,DEAL,TRUE,2025-07-11T17:20:40.277579Z,GTCV,VFCR,9999-12-31T23:59:59.999999Z,2025-07-11T17:20:40.277579Z,,1692,XMKT,BRVO,ZZ0000000102,2025-07-11T17:20:40.277579Z,100091,REME,L,LMTO,2.1708,,,,,EUR,,MONE,BUYI,ACTI,,,150,150,150,,,,,,,,,,T10009124,,,,
SYNTHLEI0000000H0008,TRUE,NONE,NONE,,,MTCH,FALSE,2025-07-11T17:21:33.216405Z,GTCV,VFCR,9999-12-31T23:59:59.999999Z,2025-07-11T17:19:53.216405Z,,1693,XMKT,HOTL,ZZ0000000108,2025-07-11T17:21:33.216405Z,100525,FILL,S,,,,,,3.1833,EUR,,MONE,SELL,,,,,0,,200,,,,,PASV,,,,T10052550,,,,
SYNTHLEI0000000G0007,TRUE,CL1034,NONE,,,DEAL,FALSE,2025-07-11T17:21:55.225087Z,DAVY,VFAR,2025-07-11T23:59:59.999999Z,2025-07-11T17:21:55.225087Z,,1694,XMKT,DLTA,ZZ0000000104,2025-07-11T17:21:55.225087Z,100083,NEWO,L,LMTO,3.1445,0,0,0,0,EUR,,MONE,BUYI,ACTI,,,3000,3000,3000,,,,,,,,,,T10008343,,,,
SYNTHLEI0000000H0008,FALSE,CL1014,NONE,,,AOTC,FALSE,2025-07-11T17:22:05.965770Z,GTDV,VFAR,2025-07-11T23:59:59.999999Z,2025-07-11T17:18:42.965770Z,,1695,XMKT,JULT,ZZ0000000110,2025-07-11T17:22:05.965770Z,100380,FILL,L,,,,,,11.3954,EUR,,MONE,BUYI,,,,,0,,500,,,,,PASV,,,,T10038077,,,,
SYNTHLEI0000000G0007,FALSE,CL1024,NONE,,,AOTC,FALSE,2025-07-11T17:22:20.595313Z,IOCV,VFCR,9999-12-31T23:59:59.999999Z,2025-07-11T17:11:18.595313Z,,1696,XMKT,CHRL,ZZ0000000103,2025-07-11T17:22:20.595313Z,100072,FILL,L,,,,,,17.0674,EUR,,MONE,SELL,,,,,0,,3000,,,,,PASV,,,,T10007224,,,,
SYNTHLEI0000000D0004,FALSE,CL1011,NONE,,,AOTC,FALSE,2025-07-11T17:22:39.861020Z,GTCV,VFAR,9999-12-31T23:59:59.999999Z,2025-07-11T17:22:39.861020Z,,1697,XMKT,ABLE,ZZ0000000101,2025-07-11T17:22:39.861020Z,100433,NEWO,L,LMTO,6.4953,0,0,0,0,EUR,,MONE,BUYI,ACTI,,,60,60,60,,,,,,,,,,T10043370,,,,
SYNTHLEI0000000H0008,FALSE,CL1025,NONE,,,AOTC,FALSE,2025-07-11T17:22:50.776456Z,GTDV,VFCR,2025-07-11T23:59:59.999999Z,2025-07-11T17:17:54.776456Z,,1698,XMKT,ABLE,ZZ0000000101,2025-07-11T17:22:50.776456Z,100129,PARF,L,,,,,,6.5004,EUR,,MONE,SELL,,,,,63,,87,,,,,AGRE,,,,T10012963,,,,
SYNTHLEI0000000A0001,FALSE,CL1008,NONE,,,MTCH,FALSE,2025-07-11T17:22:52.627633Z,GTCV,VFAR,9999-12-31T23:59:59.999999Z,2025-07-11T17:22:52.627633Z,,1699,XMKT,CHRL,ZZ0000000103,2025-07-11T17:22:52.627633Z,100213,NEWO,L,LMTO,16.2361,0,0,0,0,EUR,,MONE,SELL,ACTI,,,1000,1000,1000,,,,,,,,,,T10021388,,,,
SYNTHLEI0000000G0007,FALSE,CL1023,NONE,,,DEAL,TRUE,2025-07-11T17:23:07.277579Z,GTCV,VFCR,9999-12-31T23:59:59.999999Z,2025-07-11T17:20:19.277579Z,,1700,XMKT,BRVO,ZZ0000000102,2025-07-11T17:23:07.277579Z,100091,PARF,L,,,,,,2.1708,EUR,,MONE,BUYI,,,,,120,,30,,,,,PASV,,,,T10009124,,,,
SYNTHLEI0000000D0004,FALSE,CL1027,NONE,,,DEAL,TRUE,2025-07-11T17:23:28.277303Z,GTCV,VFCR,9999-12-31T23:59:59.999999Z,2025-07-11T17:18:32.277303Z,,1701,XDRV,FTSE25T4900,ZV0000000201,2025-07-11T17:23:28.277303Z,100177,FILL,L,,,,,,107.9597,EUR,,MONE,SELL,,,,,0,,10,,,,,PASV,,,,T10017758,,,,
SYNTHLEI0000000D0004,FALSE,CL1011,NONE,,,AOTC,FALSE,2025-07-11T17:23:55.861020Z,GTCV,VFAR,9999-12-31T23:59:59.999999Z,2025-07-11T17:23:55.861020Z,,1702,XMKT,ABLE,ZZ0000000101,2025-07-11T17:23:55.861020Z,100433,REME,L,LMTO,6.4974,,,,,EUR,,MONE,BUYI,ACTI,,,60,60,60,,,,,,,,,,T10043370,,,,
SYNTHLEI0000000G0007,FALSE,CL1009,NONE,,,AOTC,FALSE,2025-07-11T17:24:04.671786Z,IOCV,VFAR,9999-12-31T23:59:59.999999Z,2025-07-11T17:24:04.671786Z,,1703,XMKT,ABLE,ZZ0000000101,2025-07-11T17:24:04.671786Z,100410,NEWO,L,LMTO,6.5046,0,0,0,0,EUR,,MONE,BUYI,ACTI,,,5,5,5,,,,,,,,,,T10041026,,,,
SYNTHLEI0000000A0001,FALSE,CL1008,NONE,,,MTCH,FALSE,2025-07-11T17:24:41.627633Z,GTCV,VFAR,9999-12-31T23:59:59.999999Z,2025-07-11T17:22:52.627633Z,,1704,XMKT,CHRL,ZZ0000000103,2025-07-11T17:24:41.627633Z,100213,PARF,L,,,,,,16.2361,EUR,,MONE,SELL,,,,,709,,291,,,,,PASV,,,,T10021388,,,,
SYNTHLEI0000000H0008,FALSE,CL1025,NONE,,,AOTC,FALSE,2025-07-11T17:24:50.776456Z,GTDV,VFCR,2025-07-11T23:59:59.999999Z,2025-07-11T17:17:54.776456Z,,1705,XMKT,ABLE,ZZ0000000101,2025-07-11T17:24:50.776456Z,100129,FILL,L,,,,,,6.5004,EUR,,MONE,SELL,,,,,0,,63,,,,,AGRE,,,,T10012963,,,,
SYNTHLEI0000000H0008,FALSE,CL1020,NONE,,,DEAL,TRUE,2025-07-11T17:25:00.000000Z,GTDV,,2025-07-11T23:59:59.999999Z,2025-07-11T15:52:13.889947Z,,1706,XMKT,FXTR,ZZ0000000106,2025-07-11T17:25:00.000000Z,100010,EXPI,L,,,,,,,EUR,,MONE,SELL,,,,60,60,0,,,,,,,,,,T10001015,,,,
SYNTHLEI0000000B0002,FALSE,CL1035,NONE,,,MTCH,FALSE,2025-07-11T17:25:00.000000Z,IOCV,VFAR,9999-12-31T23:59:59.999999Z,2025-07-11T15:43:00.268973Z,,1707,XMKT,INDX,ZZ0000000109,2025-07-11T17:25:00.000000Z,100015,EXPI,L,,,,,,,EUR,,MONE,SELL,,,,3000,3000,0,,,,,,,,,,T10001549,,,,
SYNTHLEI0000000H0008,FALSE,CL1000,NONE,,,AOTC,FALSE,2025-07-11T17:25:00.000000Z,GTCV,VFAR,9999-12-31T23:59:59.999999Z,2025-07-11T08:31:44.961914Z,,1708,XMKT,JULT,ZZ0000000110,2025-07-11T17:25:00.000000Z,100016,EXPI,L,,,,,,,EUR,,MONE,BUYI,,,,1500,1500,0,,,,,,,,,,T10001661,,,,
SYNTHLEI0000000C0003,FALSE,CL1009,NONE,,,AOTC,FALSE,2025-07-11T17:25:00.000000Z,GTCV,VFCR,9999-12-31T23:59:59.999999Z,2025-07-11T15:50:39.596927Z,,1709,XMKT,ABLE,ZZ0000000101,2025-07-11T17:25:00.000000Z,100030,EXPI,L,,,,,,,EUR,,MONE,BUYI,,,,60,60,0,,,,,,,,,,T10003086,,,,
SYNTHLEI0000000G0007,FALSE,CL1018,NONE,,,DEAL,FALSE,2025-07-11T17:25:00.000000Z,DAVY,VFCR,2025-07-11T23:59:59.999999Z,2025-07-11T11:33:11.538699Z,,1710,XMKT,DLTA,ZZ0000000104,2025-07-11T17:25:00.000000Z,100064,EXPI,L,,,,,,,EUR,,MONE,SELL,,,,150,150,0,,,,,,,,,,T10006426,,,,
SYNTHLEI0000000G0007,FALSE,CL1008,NONE,,,AOTC,FALSE,2025-07-11T17:25:00.000000Z,DAVY,VFAR,2025-07-11T23:59:59.999999Z,2025-07-11T11:36:33.564629Z,,1711,XMKT,CHRL,ZZ0000000103,2025-07-11T17:25:00.000000Z,100066,EXPI,S,,,,,,,EUR,,MONE,BUYI,,,,100,100,0,,,,,,,,,,T10006625,,,,
SYNTHLEI0000000H0008,FALSE,CL1026,NONE,,,MTCH,FALSE,2025-07-11T17:25:00.000000Z,DAVY,,2025-07-11T23:59:59.999999Z,2025-07-11T15:07:48.558100Z,,1712,XMKT,BRVO,ZZ0000000102,2025-07-11T17:25:00.000000Z,100075,EXPI,L,,,,,,,EUR,,MONE,BUYI,,,,40,40,0,,,,,,,,,,T10007590,,,,
SYNTHLEI0000000H0008,FALSE,CL1026,NONE,,,AOTC,FALSE,2025-07-11T17:25:00.000000Z,GTDV,,2025-07-11T23:59:59.999999Z,2025-07-11T12:49:46.553355Z,,1713,XMKT,ECHO,ZZ0000000105,2025-07-11T17:25:00.000000Z,100108,EXPI,L,,,,,,,EUR,,MONE,SELL,,,,3000,3000,0,,,,,,,,,,T10010821,,,,
SYNTHLEI0000000H0008,FALSE,CL1037,NONE,,,DEAL,TRUE,2025-07-11T17:25:00.000000Z,GTDV,VFCR,2025-07-11T23:59:59.999999Z,2025-07-11T17:00:30.793619Z,,1714,XDRV,OPT25G15.00,ZV0000000202,2025-07-11T17:25:00.000000Z,100114,EXPI,L,,,,,,,EUR,,MONE,SELL,,,,5,5,0,,,,,,,,,,T10011482,,,,
SYNTHLEI0000000G0007,FALSE,CL1002,NONE,,,AOTC,FALSE,2025-07-11T17:25:00.000000Z,GTDV,VFCR,2025-07-11T23:59:59.999999Z,2025-07-11T08:48:26.667129Z,,1715,XMKT,BRVO,ZZ0000000102,2025-07-11T17:25:00.000000Z,100139,EXPI,L,,,,,,,EUR,,MONE,SELL,,,,100,100,0,,,,,,,,,,T10013924,,,,
SYNTHLEI0000000D0004,TRUE,NONE,NONE,,,DEAL,TRUE,2025-07-11T17:25:00.000000Z,DAVY,VFCR,2025-07-11T23:59:59.999999Z,2025-07-11T11:20:03.383279Z,,1716,XMKT,ECHO,ZZ0000000105,2025-07-11T17:25:00.000000Z,100144,EXPI,M,,,,,,,EUR,,MONE,BUYI,,,,200,200,0,,,,,,,,,,T10014431,,,,
SYNTHLEI0000000H0008,FALSE,NONE,ALGOPT,,,MTCH,FALSE,2025-07-11T17:25:00.000000Z,DAVY,VFAR,2025-07-11T23:59:59.999999Z,2025-07-11T16:51:54.307135Z,,1717,XMKT,CHRL,ZZ0000000103,2025-07-11T17:25:00.000000Z,100166,EXPI,S,,,,,,,EUR,,MONE,SELL,,,,500,500,0,,,,,,,,,,T10016634,,,,
SYNTHLEI0000000B0002,FALSE,NONE,ALGOPT,,,DEAL,FALSE,2025-07-11T17:25:00.000000Z,DAVY,VFCR,2025-07-11T23:59:59.999999Z,2025-07-11T14:40:46.026009Z,,1718,XMKT,JULT,ZZ0000000110,2025-07-11T17:25:00.000000Z,100183,EXPI,L,,,,,,,EUR,,MONE,SELL,,,,1500,1500,0,,,,,,,,,,T10018327,,,,
SYNTHLEI0000000B0002,FALSE,NONE,ALGO1,,,MTCH,FALSE,2025-07-11T17:25:00.000000Z,DAVY,,2025-07-11T23:59:59.999999Z,2025-07-11T07:32:50.913716Z,,1719,XMKT,HOTL,ZZ0000000108,2025-07-11T17:25:00.000000Z,100196,EXPI,L,,,,,,,EUR,,MONE,BUYI,,,,500,500,0,,,,,,,,,,T10019631,,,,
SYNTHLEI0000000G0007,FALSE,CL1027,NONE,,,AOTC,FALSE,2025-07-11T17:25:00.000000Z,DAVY,VFAR,2025-07-11T23:59:59.999999Z,2025-07-11T17:13:17.641135Z,,1720,XMKT,GOLF,ZZ0000000107,2025-07-11T17:25:00.000000Z,100205,EXPI,M,,,,,,,EUR,,MONE,BUYI,,,,60,60,0,,,,,,,,,,T10020533,,,,
SYNTHLEI0000000B0002,FALSE,NONE,ALGO1,,,MTCH,FALSE,2025-07-11T17:25:00.000000Z,DAVY,VFAR,2025-07-11T23:59:59.999999Z,2025-07-11T12:02:09.308078Z,,1721,XDRV,FTSE25T4900,ZV0000000201,2025-07-11T17:25:00.000000Z,100210,EXPI,L,,,,,,,EUR,,MONE,SELL,,,,20,20,0,,,,,,,,,,T10021074,,,,
SYNTHLEI0000000C0003,FALSE,CL1011,NONE,,,DEAL,FALSE,2025-07-11T17:25:00.000000Z,GTCV,,9999-12-31T23:59:59.999999Z,2025-07-11T17:02:41.514214Z,,1722,XMKT,HOTL,ZZ0000000108,2025-07-11T17:25:00.000000Z,100233,EXPI,L,,,,,,,EUR,,MONE,SELL,,,,1500,1500,0,,,,,,,,,,T10023343,,,,
SYNTHLEI0000000G0007,FALSE,NONE,NONE,,,AOTC,FALSE,2025-07-11T17:25:00.000000Z,DAVY,VFAR,2025-07-11T23:59:59.999999Z,2025-07-11T16:09:52.878396Z,,1723,XMKT,CHRL,ZZ0000000103,2025-07-11T17:25:00.000000Z,100234,EXPI,L,,,,,,,EUR,,MONE,SELL,,,,20,20,0,,,,,,,,,,T10023484,,,,
SYNTHLEI0000000H0008,FALSE,CL1025,NONE,,,DEAL,TRUE,2025-07-11T17:25:00.000000Z,DAVY,VFCR,2025-07-11T23:59:59.999999Z,2025-07-11T13:41:57.394742Z,,1724,XMKT,ABLE,ZZ0000000101,2025-07-11T17:25:00.000000Z,100255,EXPI,S,,,,,,,EUR,,MONE,BUYI,,,,3000,3000,0,,,,,,,,,,T10025534,,,,
SYNTHLEI0000000B0002,FALSE,CL1033,NONE,,,AOTC,FALSE,2025-07-11T17:25:00.000000Z,DAVY,VFAR,2025-07-11T23:59:59.999999Z,2025-07-11T07:01:09.884064Z,,1725,XMKT,ECHO,ZZ0000000105,2025-07-11T17:25:00.000000Z,100267,EXPI,L,,,,,,,EUR,,MONE,SELL,,,,1500,1500,0,,,,,,,,,,T10026721,,,,
SYNTHLEI0000000D0004,FALSE,CL1010,NONE,,,AOTC,FALSE,2025-07-11T17:25:00.000000Z,FOKV,VFAR,9999-12-31T23:59:59.999999Z,2025-07-11T11:27:28.283758Z,,1726,XMKT,BRVO,ZZ0000000102,2025-07-11T17:25:00.000000Z,100269,EXPI,L,,,,,,,EUR,,MONE,SELL,,,,500,500,0,,,,,,,,,,T10026944,,,,
SYNTHLEI0000000D0004,FALSE,CL1038,NONE,,,DEAL,TRUE,2025-07-11T17:25:00.000000Z,GTDV,VFAR,2025-07-11T23:59:59.999999Z,2025-07-11T08:12:56.175522Z,,1727,XMKT,ABLE,ZZ0000000101,2025-07-11T17:25:00.000000Z,100292,EXPI,L,,,,,,,EUR,,MONE,BUYI,,,,1000,1000,0,,,,,,,,,,T10029299,,,,
SYNTHLEI0000000H0008,FALSE,NONE,ALGOPT,,,DEAL,TRUE,2025-07-11T17:25:00.000000Z,GTCV,,9999-12-31T23:59:59.999999Z,2025-07-11T13:13:44.594054Z,,1728,XMKT,BRVO,ZZ0000000102,2025-07-11T17:25:00.000000Z,100297,EXPI,L,,,,,,,EUR,,MONE,SELL,,,,200,200,0,,,,,,,,,,T10029764,,,,
SYNTHLEI0000000H0008,FALSE,CL1001,NONE,,,MTCH,FALSE,2025-07-11T17:25:00.000000Z,GTDV,VFAR,2025-07-11T23:59:59.999999Z,2025-07-11T10:52:55.910575Z,,1729,XMKT,BRVO,ZZ0000000102,2025-07-11T17:25:00.000000Z,100305,EXPI,L,,,,,,,EUR,,MONE,SELL,,,,60,60,0,,,,,,,,,,T10030588,,,,
SYNTHLEI0000000G0007,FALSE,CL1033,NONE,,,AOTC,FALSE,2025-07-11T17:25:00.000000Z,IOCV,,9999-12-31T23:59:59.999999Z,2025-07-11T07:44:49.156820Z,,1730,XMKT,CHRL,ZZ0000000103,2025-07-11T17:25:00.000000Z,100309,EXPI,L,,,,,,,EUR,,MONE,BUYI,,,,100,100,0,,,,,,,,,,T10030972,,,,
SYNTHLEI0000000C0003,FALSE,CL1024,NONE,,,AOTC,FALSE,2025-07-11T17:25:00.000000Z,GTDV,VFAR,2025-07-11T23:59:59.999999Z,2025-07-11T16:40:44.355821Z,,1731,XMKT,CHRL,ZZ0000000103,2025-07-11T17:25:00.000000Z,100317,EXPI,M,,,,,,,EUR,,MONE,SELL,,,,3000,3000,0,,,,,,,,,,T10031744,,,,
SYNTHLEI0000000G0007,TRUE,CL1037,NONE,,,AOTC,FALSE,2025-07-11T17:25:00.000000Z,GTDV,VFAR,2025-07-11T23:59:59.999999Z,2025-07-11T07:13:44.206104Z,,1732,XMKT,INDX,ZZ0000000109,2025-07-11T17:25:00.000000Z,100318,EXPI,L,,,,,,,EUR,,MONE,BUYI,,,,5,5,0,,,,,,,,,,T10031853,,,,
SYNTHLEI0000000D0004,FALSE,CL1028,NONE,,,DEAL,TRUE,2025-07-11T17:25:00.000000Z,DAVY,VFCR,2025-07-11T23:59:59.999999Z,2025-07-11T07:13:09.242465Z,,1733,XMKT,HOTL,ZZ0000000108,2025-07-11T17:25:00.000000Z,100321,EXPI,L,,,,,,,EUR,,MONE,SELL,,,,60,60,0,,,,,,,,,,T10032115,,,,
SYNTHLEI0000000B0002,FALSE,NONE,ALGOPT,,,DEAL,FALSE,2025-07-11T17:25:00.000000Z,GTCV,VFAR,9999-12-31T23:59:59.999999Z,2025-07-11T12:15:09.984780Z,,1734,XMKT,HOTL,ZZ0000000108,2025-07-11T17:25:00.000000Z,100329,EXPI,L,,,,,,,EUR,,MONE,BUYI,,,,200,200,0,,,,,,,,,,T10032941,,,,
SYNTHLEI0000000H0008,TRUE,CL1003,NONE,,,DEAL,TRUE,2025-07-11T17:25:00.000000Z,DAVY,VFCR,2025-07-11T23:59:59.999999Z,2025-07-11T08:34:40.766662Z,,1735,XDRV,OPT25G15.00,ZV0000000202,2025-07-11T17:25:00.000000Z,100337,EXPI,L,,,,,,,EUR,,MONE,SELL,,,,50,50,0,,,,,,,,,,T10033786,,,,
SYNTHLEI0000000A0001,FALSE,CL1016,NONE,,,AOTC,FALSE,2025-07-11T17:25:00.000000Z,GTCV,VFAR,9999-12-31T23:59:59.999999Z,2025-07-11T12:38:10.395250Z,,1736,XMKT,DLTA,ZZ0000000104,2025-07-11T17:25:00.000000Z,100402,EXPI,L,,,,,,,EUR,,MONE,BUYI,,,,20,20,0,,,,,,,,,,T10040235,,,,
SYNTHLEI0000000C0003,FALSE,CL1039,NONE,,,DEAL,TRUE,2025-07-11T17:25:00.000000Z,GTDV,VFAR,2025-07-11T23:59:59.999999Z,2025-07-11T12:10:30.804493Z,,1737,XMKT,ECHO,ZZ0000000105,2025-07-11T17:25:00.000000Z,100413,EXPI,L,,,,,,,EUR,,MONE,SELL,,,,20,20,0,,,,,,,,,,T10041358,,,,
SYNTHLEI0000000C0003,FALSE,CL1022,NONE,,,MTCH,FALSE,2025-07-11T17:25:00.000000Z,DAVY,,2025-07-11T23:59:59.999999Z,2025-07-11T16:28:20.033340Z,,1738,XMKT,HOTL,ZZ0000000108,2025-07-11T17:25:00.000000Z,100419,EXPI,M,,,,,,,EUR,,MONE,SELL,,,,100,100,0,,,,,,,,,,T10041914,,,,
SYNTHLEI0000000A0001,TRUE,CL1016,NONE,,,AOTC,FALSE,2025-07-11T17:25:00.000000Z,GTDV,VFAR,2025-07-11T23:59:59.999999Z,2025-07-11T09:15:25.940650Z,,1739,XMKT,BRVO,ZZ0000000102,2025-07-11T17:25:00.000000Z,100422,EXPI,M,,,,,,,EUR,,MONE,SELL,,,,20,20,0,,,,,,,,,,T10042265,,,,
SYNTHLEI0000000H0008,FALSE,NONE,ALGO1,,,MTCH,FALSE,2025-07-11T17:25:00.000000Z,DAVY,VFAR,2025-07-11T23:59:59.999999Z,2025-07-11T14:06:17.825066Z,,1740,XMKT,ECHO,ZZ0000000105,2025-07-11T17:25:00.000000Z,100435,EXPI,M,,,,,,,EUR,,MONE,BUYI,,,,500,500,0,,,,,,,,,,T10043587,,,,
SYNTHLEI0000000D0004,FALSE,CL1020,NONE,,,AOTC,FALSE,2025-07-11T17:25:00.000000Z,DAVY,VFAR,2025-07-11T23:59:59.999999Z,2025-07-11T13:40:30.823289Z,,1741,XMKT,ECHO,ZZ0000000105,2025-07-11T17:25:00.000000Z,100445,EXPI,L,,,,,,,EUR,,MONE,SELL,,,,20,20,0,,,,,,,,,,T10044524,,,,
SYNTHLEI0000000H0008,FALSE,CL1015,NONE,,,DEAL,FALSE,2025-07-11T17:25:00.000000Z,GTDV,VFAR,2025-07-11T23:59:59.999999Z,2025-07-11T14:39:24.062889Z,,1742,XMKT,FXTR,ZZ0000000106,2025-07-11T17:25:00.000000Z,100453,EXPI,L,,,,,,,EUR,,MONE,BUYI,,,,60,60,0,,,,,,,,,,T10045314,,,,
SYNTHLEI0000000B0002,FALSE,CL1013,NONE,,,AOTC,FALSE,2025-07-11T17:25:00.000000Z,DAVY,VFCR,2025-07-11T23:59:59.999999Z,2025-07-11T08:10:39.506478Z,,1743,XMKT,ECHO,ZZ0000000105,2025-07-11T17:25:00.000000Z,100456,EXPI,L,,,,,,,EUR,,MONE,BUYI,,,,1500,1500,0,,,,,,,,,,T10045614,,,,
SYNTHLEI0000000B0002,FALSE,CL1007,NONE,,,AOTC,FALSE,2025-07-11T17:25:00.000000Z,DAVY,VFAR,2025-07-11T23:59:59.999999Z,2025-07-11T13:58:07.341845Z,,1744,XMKT,ECHO,ZZ0000000105,2025-07-11T17:25:00.000000Z,100460,EXPI,L,,,,,,,EUR,,MONE,BUYI,,,,150,150,0,,,,,,,,,,T10046067,,,,
SYNTHLEI0000000A0001,FALSE,CL1017,NONE,,,DEAL,TRUE,2025-07-11T17:25:00.000000Z,GTDV,VFCR,2025-07-11T23:59:59.999999Z,2025-07-11T07:02:19.327101Z,,1745,XMKT,JULT,ZZ0000000110,2025-07-11T17:25:00.000000Z,100479,EXPI,L,,,,,,,EUR,,MONE,SELL,,,,5,5,0,,,,,,,,,,T10047914,,,,
SYNTHLEI0000000D0004,FALSE,CL1006,NONE,,,MTCH,FALSE,2025-07-11T17:25:00.000000Z,GTDV,VFCR,2025-07-11T23:59:59.999999Z,2025-07-11T09:38:11.397774Z,,1746,XMKT,DLTA,ZZ0000000104,2025-07-11T17:25:00.000000Z,100486,EXPI,S,,,,,,,EUR,,MONE,BUYI,,,,40,40,0,,,,,,,,,,T10048648,,,,
SYNTHLEI0000000C0003,FALSE,CL1028,NONE,,,MTCH,FALSE,2025-07-11T17:25:00.000000Z,GTDV,VFAR,2025-07-11T23:59:59.999999Z,2025-07-11T13:54:41.386784Z,,1747,XMKT,HOTL,ZZ0000000108,2025-07-11T17:25:00.000000Z,100495,EXPI,L,,,,,,,EUR,,MONE,SELL,,,,100,100,0,,,,,,,,,,T10049510,,,,
SYNTHLEI0000000G0007,FALSE,NONE,ALGO1,,,AOTC,FALSE,2025-07-11T17:25:00.000000Z,GTDV,VFAR,2025-07-11T23:59:59.999999Z,2025-07-11T17:10:10.912700Z,,1748,XDRV,FTSE25T4900,ZV0000000201,2025-07-11T17:25:00.000000Z,100503,EXPI,L,,,,,,,EUR,,MONE,BUYI,,,,1,1,0,,,,,,,,,,T10050353,,,,
SYNTHLEI0000000F0006,FALSE,CL1010,NONE,,,AOTC,FALSE,2025-07-11T17:25:00.000000Z,FOKV,VFCR,9999-12-31T23:59:59.999999Z,2025-07-11T17:12:37.046524Z,,1749,XMKT,ECHO,ZZ0000000105,2025-07-11T17:25:00.000000Z,100506,EXPI,S,,,,,,,EUR,,MONE,BUYI,,,,500,500,0,,,,,,,,,,T10050655,,,,
SYNTHLEI0000000B0002,FALSE,NONE,ALGO1,,,DEAL,TRUE,2025-07-11T17:25:00.000000Z,GTCV,VFAR,9999-12-31T23:59:59.999999Z,2025-07-11T16:53:53.289043Z,,1750,XDRV,OPT25G15.00,ZV0000000202,2025-07-11T17:25:00.000000Z,100508,EXPI,L,,,,,,,EUR,,MONE,BUYI,,,,10,10,0,,,,,,,,,,T10050860,,,,
SYNTHLEI0000000A0001,FALSE,NONE,ALGO1,,,AOTC,FALSE,2025-07-11T17:25:00.000000Z,GTCV,VFAR,9999-12-31T23:59:59.999999Z,2025-07-11T08:37:10.481729Z,,1751,XMKT,CHRL,ZZ0000000103,2025-07-11T17:25:00.000000Z,100541,EXPI,L,,,,,,,EUR,,MONE,SELL,,,,20,20,0,,,,,,,,,,T10054129,,,,
SYNTHLEI0000000A0001,FALSE,CL1022,NONE,,,AOTC,FALSE,2025-07-11T17:25:00.000000Z,GTDV,VFAR,2025-07-11T23:59:59.999999Z,2025-07-11T17:07:19.388239Z,,1752,XDRV,FTSE25T4900,ZV0000000201,2025-07-11T17:25:00.000000Z,100544,EXPI,L,,,,,,,EUR,,MONE,BUYI,,,,5,5,0,,,,,,,,,,T10054431,,,,
SYNTHLEI0000000D0004,TRUE,CL1028,NONE,,,MTCH,FALSE,2025-07-11T17:25:00.000000Z,DAVY,,2025-07-11T23:59:59.999999Z,2025-07-11T12:05:28.712982Z,,1753,XMKT,GOLF,ZZ0000000107,2025-07-11T17:25:00.000000Z,100597,EXPI,L,,,,,,,EUR,,MONE,SELL,,,,200,200,0,,,,,,,,,,T10059798,,,,
SYNTHLEI0000000H0008,FALSE,CL1009,NONE,,,AOTC,FALSE,2025-07-11T17:25:00.000000Z,DAVY,VFAR,2025-07-11T23:59:59.999999Z,2025-07-11T09:04:54.751742Z,,1754,XMKT,BRVO,ZZ0000000102,2025-07-11T17:25:00.000000Z,100641,EXPI,L,,,,,,,EUR,,MONE,BUYI,,,,60,60,0,,,,,,,,,,T10064139,,,,
SYNTHLEI0000000G0007,TRUE,CL1034,NONE,,,DEAL,FALSE,2025-07-11T17:25:30.225087Z,DAVY,VFAR,2025-07-11T23:59:59.999999Z,2025-07-11T17:21:55.225087Z,,1755,XMKT,DLTA,ZZ0000000104,2025-07-11T17:25:30.225087Z,100083,PARF,L,,,,,,3.1445,EUR,,MONE,BUYI,,,,,2306,,694,,,,,AGRE,,,,T10008343,,,,
SYNTHLEI0000000C0003,TRUE,NONE,ALGO1,,,AOTC,FALSE,2025-07-11T17:27:08.129550Z,GTDV,VFAR,2025-07-11T23:59:59.999999Z,2025-07-11T17:27:08.129550Z,,1756,XDRV,FTSE25T4900,ZV0000000201,2025-07-11T17:27:08.129550Z,100436,CAME,L,,,,,,,EUR,,MONE,SELL,,,,50,0,0,,,,,,,,,,T10043616,,,,
SYNTHLEI0000000G0007,FALSE,CL1023,NONE,,,DEAL,TRUE,2025-07-11T17:27:36.277579Z,GTCV,VFCR,9999-12-31T23:59:59.999999Z,2025-07-11T17:27:36.277579Z,,1757,XMKT,BRVO,ZZ0000000102,2025-07-11T17:27:36.277579Z,100091,CAME,L,,,,,,,EUR,,MONE,BUYI,,,,150,0,0,,,,,,,,,,T10009124,,,,
SYNTHLEI0000000D0004,FALSE,CL1011,NONE,,,AOTC,FALSE,2025-07-11T17:28:39.861020Z,GTCV,VFAR,9999-12-31T23:59:59.999999Z,2025-07-11T17:22:39.861020Z,,1758,XMKT,ABLE,ZZ0000000101,2025-07-11T17:28:39.861020Z,100433,PARF,L,,,,,,6.4974,EUR,,MONE,BUYI,,,,,43,,17,,,,,PASV,,,,T10043370,,,,
SYNTHLEI0000000D0004,FALSE,NONE,ALGOPT,,,AOTC,FALSE,2025-07-11T17:28:52.219619Z,GTCV,VFAR,9999-12-31T23:59:59.999999Z,2025-07-11T17:28:52.219619Z,,1759,XDRV,FTSE25T4900,ZV0000000201,2025-07-11T17:28:52.219619Z,100140,CAME,L,,,,,,,EUR,,MONE,BUYI,,,,10,0,0,,,,,,,,,,T10014091,,,,
SYNTHLEI0000000G0007,TRUE,CL1034,NONE,,,DEAL,FALSE,2025-07-11T17:28:59.225087Z,DAVY,VFAR,2025-07-11T23:59:59.999999Z,2025-07-11T17:28:59.225087Z,,1760,XMKT,DLTA,ZZ0000000104,2025-07-11T17:28:59.225087Z,100083,CAME,L,,,,,,,EUR,,MONE,BUYI,,,,3000,0,0,,,,,,,,,,T10008343,,,,
SYNTHLEI0000000A0001,FALSE,CL1008,NONE,,,MTCH,FALSE,2025-07-11T17:29:28.627633Z,GTCV,VFAR,9999-12-31T23:59:59.999999Z,2025-07-11T17:22:52.627633Z,,1761,XMKT,CHRL,ZZ0000000103,2025-07-11T17:29:28.627633Z,100213,FILL,L,,,,,,16.2361,EUR,,MONE,SELL,,,,,0,,709,,,,,PASV,,,,T10021388,,,,
SYNTHLEI0000000G0007,FALSE,CL1009,NONE,,,AOTC,FALSE,2025-07-11T17:31:28.671786Z,IOCV,VFAR,9999-12-31T23:59:59.999999Z,2025-07-11T17:31:28.671786Z,,1762,XMKT,ABLE,ZZ0000000101,2025-07-11T17:31:28.671786Z,100410,REME,L,LMTO,6.504,,,,,EUR,,MONE,BUYI,ACTI,,,5,5,5,,,,,,,,,,T10041026,,,,
SYNTHLEI0000000G0007,FALSE,CL1009,NONE,,,AOTC,FALSE,2025-07-11T17:31:47.671786Z,IOCV,VFAR,9999-12-31T23:59:59.999999Z,2025-07-11T17:24:04.671786Z,,1763,XMKT,ABLE,ZZ0000000101,2025-07-11T17:31:47.671786Z,100410,FILL,L,,,,,,6.504,EUR,,MONE,BUYI,,,,,0,,5,,,,,AGRE,,,,T10041026,,,,
SYNTHLEI0000000D0004,FALSE,CL1011,NONE,,,AOTC,FALSE,2025-07-11T17:31:47.861020Z,GTCV,VFAR,9999-12-31T23:59:59.999999Z,2025-07-11T17:22:39.861020Z,,1764,XMKT,ABLE,ZZ0000000101,2025-07-11T17:31:47.861020Z,100433,PARF,L,,,,,,6.4974,EUR,,MONE,BUYI,,,,,29,,14,,,,,PASV,,,,T10043370,,,,
SYNTHLEI0000000D0004,FALSE,CL1011,NONE,,,AOTC,FALSE,2025-07-11T17:36:02.861020Z,GTCV,VFAR,9999-12-31T23:59:59.999999Z,2025-07-11T17:22:39.861020Z,,1765,XMKT,ABLE,ZZ0000000101,2025-07-11T17:36:02.861020Z,100433,FILL,L,,,,,,6.4974,EUR,,MONE,BUYI,,,,,0,,29,,,,,PASV,,,,T10043370,,,,
