order_id,order_date,customer_id,product_id,store_id,quantity,unit_price,discount_pct,shipping_cost
ORD00001,2023-09-22,C0244,P0136,S02,5,120.71,0.3,3.59
ORD00002,2022-07-10,C0533,P0060,S02,4,74.9,0.05,7.34
ORD00003,2022-06-23,C0137,P0130,S03,1,193.86,0.1,0.0
ORD00004,2022-05-08,C0243,P0034,S01,3,226.63,0.25,10.08
ORD00005,2023-10-31,C0240,P0070,S01,1,327.82,0.15,3.56
ORD00006,2022-08-12,C0461,P0043,S02,1,17.52,0.05,5.52
ORD00007,2023-03-02,C0272,P0119,S07,1,276.31,0.2,0.0
ORD00008,2022-03-24,C0152,P0084,S01,1,25.42,0.0,8.04
ORD00009,2024-11-17,C0267,P0077,S06,1,163.9,0.3,0.0
ORD00010,2024-07-15,C0256,P0141,S01,1,332.65,0.15,4.81
ORD00011,2022-09-06,C0134,P0057,S01,1,24.4,0.1,0.61
ORD00012,2022-06-22,C0077,P0067,S01,1,47.66,0.25,10.16
ORD00013,2023-11-11,C0052,P0119,S01,2,177.14,0.2,7.68
ORD00014,2024-03-19,C0700,P0098,S02,1,103.5,0.25,9.68
ORD00015,2023-07-18,C0036,P0039,S03,2,156.33,0.1,0.0
ORD00016,2024-10-18,C0491,P0141,S01,1,307.62,0.0,5.8
ORD00017,2024-12-12,C0020,P0140,S08,3,353.55,0.0,2.06
ORD00018,2024-09-19,C0515,P0145,S01,1,76.7,0.0,1.7
ORD00019,2023-03-25,C0060,P0072,S06,1,77.61,0.0,0.0
ORD00020,2022-07-25,C0273,P0062,S02,3,100.91,0.15,3.87
ORD00021,2024-03-06,C0181,P0045,S01,1,85.85,0.15,12.26
ORD00022,2023-12-22,C0146,P0145,S03,1,88.23,0.3,0.0
ORD00023,2024-10-05,C0503,P0045,S01,1,79.44,0.1,3.63
ORD00024,2022-02-10,C0340,P0001,S08,1,268.79,0.0,13.46
ORD00025,2022-12-30,C0061,P0083,S01,2,122.93,0.25,9.5
ORD00026,2023-11-21,C0162,P0035,S05,1,247.41,0.1,0.0
ORD00027,2022-12-23,C0711,P0144,S07,2,81.19,0.0,0.0
ORD00028,2022-12-26,C0131,P0076,S01,1,239.17,0.15,13.46
ORD00029,2022-03-08,C0627,P0082,S01,2,223.73,0.25,11.7
ORD00030,2022-10-16,C0244,P0020,S01,1,308.83,0.1,1.26
ORD00031,2023-11-19,C0215,P0068,S01,1,180.65,0.0,13.48
ORD00032,2022-04-09,C0171,P0108,S07,1,231.3,0.0,0.0
ORD00033,2024-02-08,C0592,P0123,S04,2,65.22,0.0,0.0
ORD00034,2022-03-10,C0268,P0082,S08,1,134.53,0.0,9.95
ORD00035,2024-02-08,C0561,P0020,S08,5,194.81,0.0,2.41
ORD00036,2022-12-04,C0161,P0112,S01,1,52.29,0.3,10.38
ORD00037,2023-06-28,C0244,P0077,S01,1,242.34,0.05,3.36
ORD00038,2024-10-02,C0004,P0093,S02,1,247.44,0.1,3.56
ORD00039,2024-09-10,C0212,P0007,S01,1,57.05,0.0,11.2
ORD00040,2022-08-25,C0483,P0102,S02,2,200.78,0.0,12.74
ORD00041,2024-03-04,C0379,P0098,S01,1,137.57,0.05,8.52
ORD00042,2023-06-24,C0578,P0069,S01,3,19.72,0.1,5.52
ORD00043,2022-06-25,C0424,P0139,S08,2,91.35,0.1,3.66
ORD00044,2024-08-30,C0488,P0061,S01,1,148.4,0.2,5.9
ORD00045,2024-11-24,C0124,P0038,S08,1,41.15,0.25,9.47
ORD00046,2023-01-30,C0081,P0109,S08,1,82.56,0.3,7.54
ORD00047,2023-06-13,C0090,P0018,S02,1,527.46,0.0,7.39
ORD00048,2023-07-20,C0718,P0004,S03,2,462.34,0.05,0.0
ORD00049,2024-04-28,C0603,P0146,S03,5,18.25,0.0,0.0
ORD00050,2022-08-05,C0293,P0026,S07,4,644.39,0.2,0.0
ORD00051,2023-06-25,C0586,P0125,S03,1,48.53,0.0,0.0
ORD00052,2024-04-02,C0708,P0085,S01,2,101.05,0.25,2.66
ORD00053,2024-02-02,C0319,P0078,S01,1,33.71,0.1,14.31
ORD00054,2023-04-12,C0793,P0114,S06,1,292.03,0.05,0.0
ORD00055,2022-07-02,C0417,P0055,S05,3,158.53,0.2,0.0
ORD00056,2022-11-22,C0414,P0130,S01,3,102.95,0.2,13.92
ORD00057,2022-03-01,C0060,P0052,S01,1,212.11,0.25,14.5
ORD00058,2023-02-12,C0518,P0119,S02,4,329.67,0.1,12.8
ORD00059,2023-05-11,C0182,P0115,S08,1,158.9,0.1,5.78
ORD00060,2023-12-07,C0767,P0067,S06,1,55.06,0.0,0.0
ORD00061,2022-04-12,C0799,P0147,S08,3,155.61,0.1,2.54
ORD00062,2023-02-28,C0526,P0105,S01,3,268.48,0.15,14.04
ORD00063,2022-01-19,C0663,P0034,S01,3,304.25,0.0,8.55
ORD00064,2023-07-18,C0358,P0097,S02,1,113.1,0.0,9.23
ORD00065,2024-12-02,C0599,P0102,S01,2,240.22,0.1,2.1
ORD00066,2024-02-06,C0306,P0073,S04,1,7.32,0.0,0.0
ORD00067,2023-07-21,C0268,P0071,S04,5,274.15,0.1,0.0
ORD00068,2023-01-21,C0059,P0062,S06,3,93.88,0.1,0.0
ORD00069,2023-08-29,C0415,P0108,S02,1,243.7,0.15,10.54
ORD00070,2023-01-24,C0703,P0057,S02,3,27.72,0.25,4.4
ORD00071,2024-01-05,C0674,P0044,S07,1,310.41,0.0,0.0
ORD00072,2023-11-19,C0364,P0057,S01,4,36.38,0.05,13.01
ORD00073,2023-11-10,C0302,P0150,S02,1,105.32,0.0,7.67
ORD00074,2022-05-26,C0513,P0050,S01,2,57.38,0.05,11.97
ORD00075,2024-04-26,C0141,P0039,S08,1,215.44,0.3,10.53
ORD00076,2024-07-26,C0798,P0047,S01,1,110.09,0.3,13.35
ORD00077,2022-01-10,C0780,P0054,S05,2,229.47,0.0,0.0
ORD00078,2022-06-30,C0649,P0112,S02,1,46.74,0.05,1.41
ORD00079,2022-01-10,C0749,P0052,S02,1,233.17,0.0,0.54
ORD00080,2024-12-23,C0642,P0002,S05,1,884.01,0.2,0.0
ORD00081,2023-10-02,C0516,P0099,S03,1,13.15,0.2,0.0
ORD00082,2024-12-09,C0351,P0035,S08,1,238.28,0.15,8.86
ORD00083,2022-12-04,C0020,P0104,S01,2,103.93,0.0,0.56
ORD00084,2022-02-14,C0127,P0044,S02,2,312.58,0.0,5.4
ORD00085,2022-02-10,C0427,P0030,S02,1,40.65,0.0,7.83
ORD00086,2022-11-10,C0309,P0003,S02,1,816.96,0.05,3.24
ORD00087,2022-10-08,C0524,P0027,S05,1,212.61,0.0,0.0
ORD00088,2022-08-06,C0797,P0052,S01,2,164.0,0.0,0.78
ORD00089,2024-04-19,C0562,P0011,S02,1,29.43,0.25,8.11
ORD00090,2023-11-09,C0688,P0004,S01,1,622.24,0.1,10.89
ORD00091,2024-10-08,C0799,P0024,S02,2,460.48,0.0,7.74
ORD00092,2023-06-09,C0304,P0117,S01,1,204.43,0.2,11.93
ORD00093,2023-10-03,C0098,P0030,S07,4,45.48,0.0,0.0
ORD00094,2022-12-16,C0637,P0113,S01,2,255.14,0.0,1.18
ORD00095,2023-12-03,C0410,P0103,S08,1,65.47,0.0,14.44
ORD00096,2022-12-08,C0164,P0016,S01,4,220.62,0.05,10.44
ORD00097,2024-06-16,C0798,P0098,S02,1,117.92,0.1,2.6
ORD00098,2022-09-25,C0116,P0125,S07,1,54.32,0.0,0.0
ORD00099,2023-10-06,C0786,P0135,S05,2,226.62,0.0,0.0
ORD00100,2023-11-24,C0444,P0025,S04,1,452.06,0.0,0.0
ORD00101,2024-02-28,C0628,P0143,S01,2,164.19,0.0,9.9
ORD00102,2022-12-05,C0329,P0126,S01,5,107.61,0.0,14.32
ORD00103,2024-02-15,C0081,P0061,S02,3,131.43,0.05,8.32
ORD00104,2024-10-17,C0510,P0031,S05,1,187.76,0.05,0.0
ORD00105,2023-11-11,C0734,P0122,S04,2,242.99,0.0,0.0
ORD00106,2023-03-31,C0649,P0091,S08,1,32.87,0.05,5.34
ORD00107,2022-08-06,C0505,P0043,S01,2,17.81,0.15,0.22
ORD00108,2022-08-08,C0193,P0051,S01,3,209.46,0.0,0.69
ORD00109,2024-07-11,C0138,P0130,S08,1,105.32,0.15,12.83
ORD00110,2022-12-29,C0749,P0045,S06,1,88.01,0.1,0.0
ORD00111,2023-10-22,C0429,P0099,S08,4,12.6,0.15,1.47
ORD00112,2023-07-15,C0302,P0088,S02,1,182.79,0.05,7.1
ORD00113,2024-11-15,C0322,P0141,S05,4,217.85,0.1,0.0
ORD00114,2023-02-16,C0704,P0075,S01,2,194.64,0.3,5.98
ORD00115,2022-12-31,C0728,P0083,S01,1,105.29,0.05,9.53
ORD00116,2024-12-29,C0014,P0109,S02,1,49.61,0.0,5.62
ORD00117,2022-04-26,C0294,P0042,S04,1,155.45,0.0,0.0
ORD00118,2023-08-28,C0034,P0139,S02,1,107.47,0.1,12.85
ORD00119,2024-03-07,C0710,P0074,S04,4,256.85,0.0,0.0
ORD00120,2022-04-21,C0208,P0065,S03,3,66.25,0.2,0.0
ORD00121,2023-02-01,C0700,P0046,S01,5,139.01,0.15,9.64
ORD00122,2022-09-02,C0286,P0110,S03,1,19.07,0.1,0.0
ORD00123,2023-06-07,C0727,P0120,S08,1,164.8,0.25,14.1
ORD00124,2023-09-09,C0564,P0147,S02,3,184.35,0.0,5.82
ORD00125,2024-12-02,C0164,P0130,S02,2,161.78,0.0,6.87
ORD00126,2023-11-11,C0224,P0076,S08,2,215.33,0.05,14.12
ORD00127,2022-01-19,C0457,P0089,S01,2,235.26,0.25,14.42
ORD00128,2023-10-20,C0396,P0030,S01,2,66.8,0.0,2.94
ORD00129,2024-11-24,C0527,P0096,S06,1,104.56,0.0,0.0
ORD00130,2023-01-30,C0099,P0022,S01,5,105.22,0.05,0.27
ORD00131,2022-01-16,C0687,P0054,S03,1,190.15,0.1,0.0
ORD00132,2022-08-01,C0663,P0112,S06,1,56.59,0.1,0.0
ORD00133,2022-02-18,C0039,P0085,S01,1,67.48,0.15,4.78
ORD00134,2022-05-25,C0265,P0059,S02,1,22.33,0.05,0.35
ORD00135,2023-10-10,C0548,P0031,S01,2,210.22,0.0,4.23
ORD00136,2022-05-29,C0109,P0129,S01,2,5.8,0.1,10.45
ORD00137,2024-06-15,C0486,P0008,S01,1,891.26,0.15,13.16
ORD00138,2022-10-23,C0012,P0096,S03,2,164.94,0.0,0.0
ORD00139,2022-01-11,C0551,P0101,S02,1,17.25,0.0,4.23
ORD00140,2023-12-06,C0146,P0132,S01,1,53.94,0.2,11.26
ORD00141,2023-02-02,C0056,P0146,S07,4,19.1,0.3,0.0
ORD00142,2022-05-30,C0257,P0018,S01,2,658.86,0.05,6.19
ORD00143,2023-11-09,C0103,P0061,S01,1,105.03,0.0,11.65
ORD00144,2024-09-22,C0711,P0079,S03,2,95.17,0.0,0.0
ORD00145,2022-12-12,C0227,P0064,S05,2,133.99,0.0,0.0
ORD00146,2024-01-07,C0492,P0085,S02,1,113.5,0.0,6.43
ORD00147,2022-08-11,C0288,P0021,S07,1,677.64,0.05,0.0
ORD00148,2023-06-18,C0484,P0139,S04,1,124.5,0.0,0.0
ORD00149,2023-08-19,C0523,P0129,S01,1,5.72,0.0,13.54
ORD00150,2022-12-06,C0457,P0036,S01,2,232.24,0.1,12.4
ORD00151,2022-03-24,C0238,P0125,S01,1,61.49,0.0,13.43
ORD00152,2023-02-28,C0398,P0093,S02,1,202.93,0.0,0.16
ORD00153,2023-10-26,C0649,P0134,S06,3,125.6,0.0,0.0
ORD00154,2022-12-23,C0375,P0097,S03,4,112.54,0.0,0.0
ORD00155,2023-05-31,C0529,P0058,S02,3,53.54,0.0,14.25
ORD00156,2022-01-14,C0451,P0036,S01,1,297.35,0.1,8.6
ORD00157,2023-03-10,C0371,P0041,S03,3,43.1,0.1,0.0
ORD00158,2022-08-21,C0491,P0123,S01,1,91.45,0.2,4.4
ORD00159,2022-02-15,C0588,P0033,S03,1,21.28,0.05,0.0
ORD00160,2022-10-28,C0185,P0067,S02,1,49.98,0.3,11.29
ORD00161,2023-03-20,C0494,P0121,S01,3,273.79,0.1,11.84
ORD00162,2023-01-08,C0271,P0131,S01,2,90.71,0.25,7.42
ORD00163,2022-05-21,C0136,P0099,S01,1,9.23,0.2,8.24
ORD00164,2022-11-03,C0488,P0046,S08,2,183.7,0.2,13.32
ORD00165,2024-12-24,C0096,P0031,S02,1,158.87,0.1,1.76
ORD00166,2024-06-02,C0045,P0095,S04,1,171.19,0.25,0.0
ORD00167,2024-02-20,C0101,P0148,S02,1,170.22,0.15,9.27
ORD00168,2022-06-21,C0419,P0140,S01,1,207.3,0.15,1.26
ORD00169,2022-01-15,C0533,P0031,S01,2,197.65,0.1,1.09
ORD00170,2023-10-09,C0159,P0028,S02,2,593.39,0.0,10.59
ORD00171,2024-05-17,C0697,P0071,S02,1,162.85,0.1,1.27
ORD00172,2024-09-15,C0569,P0144,S02,5,117.32,0.1,5.61
ORD00173,2022-11-28,C0411,P0131,S05,3,112.29,0.1,0.0
ORD00174,2022-04-17,C0094,P0002,S06,1,1082.16,0.1,0.0
ORD00175,2022-06-30,C0380,P0057,S01,1,39.01,0.0,14.79
ORD00176,2024-12-03,C0793,P0015,S06,2,209.39,0.05,0.0
ORD00177,2024-11-27,C0614,P0009,S02,2,529.92,0.1,1.25
ORD00178,2022-03-15,C0162,P0001,S01,1,425.08,0.0,8.38
ORD00179,2024-03-20,C0531,P0052,S01,2,211.55,0.25,13.6
ORD00180,2023-12-14,C0232,P0071,S03,1,167.02,0.25,0.0
ORD00181,2022-01-10,C0519,P0105,S01,1,257.97,0.0,0.17
ORD00182,2024-02-12,C0776,P0063,S01,3,232.46,0.1,0.84
ORD00183,2022-02-26,C0070,P0067,S02,3,34.22,0.0,1.76
ORD00184,2024-11-23,C0255,P0068,S01,1,251.4,0.15,11.19
ORD00185,2023-12-02,C0488,P0046,S01,1,200.78,0.1,14.43
ORD00186,2023-01-25,C0241,P0052,S05,4,204.63,0.0,0.0
ORD00187,2023-12-31,C0123,P0028,S08,2,426.4,0.1,13.03
ORD00188,2024-01-31,C0589,P0127,S07,1,193.29,0.3,0.0
ORD00189,2024-11-12,C0769,P0057,S03,1,39.32,0.15,0.0
ORD00190,2022-12-24,C0716,P0031,S02,1,121.35,0.0,14.55
ORD00191,2023-03-08,C0334,P0026,S02,3,532.15,0.0,13.37
ORD00192,2023-06-23,C0628,P0121,S01,1,235.26,0.05,14.89
ORD00193,2024-02-02,C0287,P0103,S02,2,68.33,0.3,8.31
ORD00194,2023-02-06,C0485,P0039,S06,1,255.13,0.05,0.0
ORD00195,2024-11-24,C0499,P0081,S01,2,250.37,0.1,9.44
ORD00196,2024-03-26,C0062,P0042,S01,1,161.8,0.2,6.82
ORD00197,2022-07-17,C0267,P0086,S02,2,104.3,0.25,8.76
ORD00198,2023-06-12,C0125,P0106,S02,2,94.42,0.1,0.68
ORD00199,2023-08-06,C0500,P0131,S05,1,105.37,0.0,0.0
ORD00200,2023-08-10,C0172,P0038,S03,4,42.37,0.05,0.0
ORD00201,2022-05-27,C0234,P0088,S01,2,229.06,0.15,6.83
ORD00202,2024-03-20,C0800,P0114,S07,1,248.96,0.1,0.0
ORD00203,2024-07-11,C0024,P0048,S01,1,129.73,0.0,2.82
ORD00204,2022-06-13,C0106,P0102,S01,4,179.24,0.05,5.3
ORD00205,2022-04-21,C0537,P0102,S05,1,193.14,0.0,0.0
ORD00206,2022-11-15,C0317,P0100,S01,2,26.28,0.05,14.62
ORD00207,2022-09-16,C0030,P0044,S01,1,339.41,0.25,10.47
ORD00208,2024-09-02,C0279,P0139,S02,1,109.7,0.25,4.64
ORD00209,2022-12-29,C0647,P0117,S05,4,275.78,0.05,0.0
ORD00210,2024-12-29,C0494,P0089,S02,3,283.07,0.05,2.44
ORD00211,2024-01-20,C0311,P0040,S01,2,162.01,0.15,12.34
ORD00212,2022-10-07,C0548,P0121,S01,4,296.89,0.25,10.89
ORD00213,2024-09-04,C0300,P0111,S03,3,92.83,0.05,0.0
ORD00214,2023-01-22,C0448,P0144,S02,1,85.1,0.15,13.99
ORD00215,2023-03-28,C0641,P0109,S01,3,85.69,0.25,0.68
ORD00216,2023-07-11,C0276,P0137,S02,3,105.55,0.0,5.65
ORD00217,2023-08-17,C0633,P0117,S02,2,275.31,0.05,14.81
ORD00218,2023-10-19,C0548,P0013,S01,5,617.46,0.0,8.91
ORD00219,2022-01-17,C0016,P0039,S02,1,182.0,0.0,14.55
ORD00220,2022-03-06,C0058,P0038,S01,1,40.11,0.05,12.57
ORD00221,2023-01-07,C0391,P0065,S06,1,82.51,0.15,0.0
ORD00222,2023-05-25,C0254,P0114,S05,1,218.95,0.05,0.0
ORD00223,2022-07-12,C0485,P0054,S02,5,219.04,0.25,0.85
ORD00224,2022-11-21,C0763,P0011,S08,2,35.51,0.0,12.19
ORD00225,2023-09-04,C0683,P0014,S01,1,275.24,0.1,14.95
ORD00226,2023-10-27,C0599,P0071,S01,3,229.14,0.0,11.53
ORD00227,2022-11-14,C0255,P0023,S01,1,364.11,0.1,12.74
ORD00228,2022-05-03,C0719,P0040,S02,1,108.1,0.05,6.76
ORD00229,2023-12-13,C0751,P0113,S01,2,203.22,0.0,14.31
ORD00230,2022-10-03,C0497,P0011,S05,2,30.8,0.05,0.0
ORD00231,2024-09-30,C0557,P0048,S01,2,125.08,0.0,10.08
ORD00232,2022-11-25,C0461,P0040,S01,1,138.23,0.0,5.37
ORD00233,2024-11-02,C0020,P0048,S03,1,114.11,0.1,0.0
ORD00234,2024-03-04,C0785,P0128,S03,2,272.78,0.0,0.0
ORD00235,2023-10-22,C0675,P0134,S01,3,101.28,0.0,11.58
ORD00236,2022-03-06,C0197,P0125,S01,2,70.25,0.2,12.78
ORD00237,2024-09-30,C0051,P0066,S02,2,162.44,0.0,8.41
ORD00238,2022-06-13,C0370,P0016,S03,4,225.3,0.05,0.0
ORD00239,2023-06-29,C0312,P0019,S01,1,390.4,0.05,2.01
ORD00240,2024-12-24,C0539,P0050,S04,2,40.26,0.25,0.0
ORD00241,2024-01-04,C0107,P0110,S01,1,31.59,0.05,9.3
ORD00242,2023-11-23,C0615,P0137,S02,1,170.0,0.0,3.19
ORD00243,2023-03-15,C0763,P0141,S01,5,211.47,0.05,0.22
ORD00244,2024-03-24,C0292,P0009,S03,2,520.6,0.3,0.0
ORD00245,2023-09-11,C0220,P0057,S07,1,32.15,0.2,0.0
ORD00246,2024-11-13,C0159,P0147,S01,1,163.98,0.0,6.56
ORD00247,2023-06-27,C0256,P0150,S01,3,104.84,0.0,5.22
ORD00248,2022-12-21,C0098,P0148,S03,1,147.38,0.15,0.0
ORD00249,2024-02-21,C0790,P0015,S01,4,212.84,0.05,5.95
ORD00250,2022-01-24,C0056,P0098,S01,1,134.76,0.05,12.94
ORD00251,2022-11-03,C0157,P0057,S01,2,39.06,0.0,2.21
ORD00252,2024-10-30,C0297,P0111,S05,1,109.96,0.0,0.0
ORD00253,2024-09-01,C0562,P0013,S02,1,788.47,0.05,3.87
ORD00254,2024-09-11,C0405,P0125,S04,1,67.58,0.1,0.0
ORD00255,2024-12-09,C0273,P0019,S05,1,541.78,0.25,0.0
ORD00256,2022-07-03,C0434,P0106,S02,1,74.98,0.0,4.93
ORD00257,2024-06-24,C0046,P0113,S08,1,287.73,0.1,3.6
ORD00258,2022-11-16,C0116,P0022,S05,1,103.01,0.1,0.0
ORD00259,2023-08-13,C0313,P0029,S02,1,433.85,0.0,1.92
ORD00260,2023-03-10,C0769,P0134,S01,1,78.01,0.15,2.08
ORD00261,2022-02-07,C0045,P0135,S01,1,293.0,0.0,2.73
ORD00262,2023-07-10,C0069,P0003,S02,1,629.91,0.2,13.45
ORD00263,2022-02-09,C0237,P0099,S08,2,12.6,0.15,10.01
ORD00264,2023-10-09,C0091,P0137,S01,2,119.43,0.05,2.88
ORD00265,2022-02-14,C0313,P0136,S01,1,68.14,0.0,2.53
ORD00266,2023-12-12,C0641,P0091,S01,5,33.63,0.3,2.66
ORD00267,2023-07-28,C0403,P0088,S04,1,136.03,0.0,0.0
ORD00268,2023-04-11,C0157,P0147,S02,1,133.8,0.1,6.91
ORD00269,2024-07-08,C0669,P0053,S01,2,218.38,0.2,5.46
ORD00270,2022-10-10,C0139,P0135,S02,4,269.64,0.15,10.36
ORD00271,2022-11-20,C0546,P0143,S08,1,102.52,0.0,11.99
ORD00272,2023-09-14,C0156,P0071,S05,1,239.27,0.0,0.0
ORD00273,2023-07-01,C0611,P0060,S01,2,71.05,0.0,13.1
ORD00274,2024-09-03,C0730,P0121,S03,1,292.67,0.0,0.0
ORD00275,2024-08-28,C0232,P0050,S01,3,41.43,0.0,4.15
ORD00276,2022-05-16,C0632,P0113,S02,1,316.69,0.05,11.22
ORD00277,2023-05-21,C0623,P0011,S05,1,23.11,0.0,0.0
ORD00278,2024-12-11,C0534,P0010,S01,1,551.46,0.2,5.56
ORD00279,2023-05-19,C0753,P0102,S01,1,181.65,0.15,9.27
ORD00280,2022-04-11,C0408,P0113,S07,3,243.4,0.0,0.0
ORD00281,2022-12-07,C0707,P0014,S02,1,204.26,0.2,11.21
ORD00282,2024-07-14,C0116,P0129,S01,2,5.4,0.2,3.79
ORD00283,2022-10-05,C0462,P0083,S01,1,111.34,0.2,13.43
ORD00284,2022-07-04,C0736,P0042,S05,1,145.06,0.15,0.0
ORD00285,2024-01-14,C0745,P0099,S05,2,13.07,0.25,0.0
ORD00286,2024-02-15,C0787,P0012,S01,1,693.03,0.2,6.71
ORD00287,2022-11-04,C0184,P0038,S05,1,33.66,0.0,0.0
ORD00288,2024-07-02,C0121,P0047,S07,5,77.67,0.0,0.0
ORD00289,2023-06-03,C0511,P0128,S02,1,210.24,0.2,5.66
ORD00290,2023-05-03,C0465,P0122,S02,1,178.39,0.1,4.83
ORD00291,2023-07-24,C0213,P0143,S01,1,118.24,0.1,4.91
ORD00292,2022-03-17,C0684,P0009,S03,2,436.8,0.0,0.0
ORD00293,2022-06-29,C0183,P0107,S01,1,150.01,0.1,8.9
ORD00294,2023-10-24,C0070,P0098,S05,3,139.27,0.0,0.0
ORD00295,2024-08-22,C0338,P0071,S02,2,261.82,0.1,7.48
ORD00296,2022-04-30,C0090,P0136,S02,2,70.93,0.25,8.06
ORD00297,2023-08-12,C0266,P0082,S02,5,189.64,0.0,11.18
ORD00298,2024-10-13,C0505,P0128,S06,4,235.48,0.0,0.0
ORD00299,2022-01-04,C0641,P0120,S05,2,119.56,0.0,0.0
ORD00300,2024-04-29,C0359,P0086,S03,2,83.34,0.0,0.0
ORD00301,2023-09-23,C0332,P0141,S05,1,250.77,0.0,0.0
ORD00302,2023-02-02,C0689,P0087,S02,1,228.78,0.0,8.56
ORD00303,2022-10-06,C0550,P0118,S07,1,52.56,0.2,0.0
ORD00304,2023-09-06,C0569,P0081,S02,1,322.6,0.1,9.09
ORD00305,2023-12-26,C0288,P0039,S06,1,164.14,0.0,0.0
ORD00306,2024-12-30,C0621,P0147,S02,2,131.7,0.2,2.29
ORD00307,2023-07-11,C0244,P0128,S02,3,206.62,0.0,2.41
ORD00308,2024-12-11,C0384,P0029,S05,3,454.5,0.25,0.0
ORD00309,2024-06-27,C0513,P0124,S01,1,31.5,0.05,2.6
ORD00310,2024-12-08,C0147,P0084,S05,1,29.32,0.3,0.0
ORD00311,2024-11-23,C0211,P0034,S05,1,198.96,0.15,0.0
ORD00312,2024-12-05,C0046,P0080,S04,2,38.65,0.0,0.0
ORD00313,2022-07-31,C0024,P0080,S03,1,35.9,0.2,0.0
ORD00314,2023-10-20,C0284,P0074,S02,3,304.58,0.1,1.68
ORD00315,2023-07-13,C0118,P0071,S01,2,207.11,0.05,14.54
ORD00316,2023-02-28,C0327,P0141,S01,4,337.88,0.2,12.26
ORD00317,2023-05-17,C0628,P0080,S07,2,32.24,0.0,0.0
ORD00318,2022-03-01,C0109,P0013,S02,1,627.7,0.0,10.03
ORD00319,2024-07-02,C0341,P0080,S06,2,48.38,0.1,0.0
ORD00320,2024-12-28,C0582,P0120,S01,3,161.94,0.25,8.57
ORD00321,2024-08-17,C0701,P0080,S03,3,32.77,0.05,0.0
ORD00322,2023-04-04,C0373,P0067,S02,2,52.74,0.1,2.81
ORD00323,2023-10-28,C0067,P0008,S02,1,732.37,0.05,6.38
ORD00324,2022-12-16,C0619,P0090,S03,2,138.26,0.05,0.0
ORD00325,2022-08-08,C0310,P0019,S02,1,348.1,0.05,1.72
ORD00326,2023-05-15,C0394,P0124,S01,1,38.99,0.1,4.33
ORD00327,2024-06-10,C0558,P0088,S04,1,193.2,0.1,0.0
ORD00328,2024-09-23,C0334,P0119,S03,3,199.33,0.0,0.0
ORD00329,2024-04-11,C0702,P0028,S06,3,487.27,0.0,0.0
ORD00330,2022-05-06,C0595,P0036,S08,2,236.24,0.0,0.78
ORD00331,2024-07-16,C0631,P0100,S03,1,32.14,0.1,0.0
ORD00332,2023-10-11,C0446,P0078,S05,4,20.28,0.3,0.0
ORD00333,2022-01-17,C0414,P0131,S06,3,88.56,0.0,0.0
ORD00334,2022-04-19,C0368,P0144,S01,1,117.51,0.0,4.84
ORD00335,2024-02-23,C0559,P0112,S01,1,60.66,0.0,3.82
ORD00336,2022-11-12,C0138,P0033,S01,2,26.6,0.0,11.4
ORD00337,2022-10-06,C0467,P0107,S07,2,127.6,0.25,0.0
ORD00338,2023-01-04,C0566,P0109,S06,1,68.35,0.0,0.0
ORD00339,2023-07-06,C0591,P0140,S02,5,261.69,0.1,5.23
ORD00340,2024-01-25,C0708,P0124,S01,2,46.33,0.05,12.46
ORD00341,2023-07-27,C0536,P0021,S07,1,756.75,0.05,0.0
ORD00342,2022-06-09,C0594,P0139,S01,1,81.8,0.0,10.96
ORD00343,2022-01-23,C0481,P0132,S03,1,86.49,0.0,0.0
ORD00344,2023-08-27,C0712,P0010,S08,2,539.46,0.15,1.0
ORD00345,2023-06-18,C0593,P0122,S01,1,294.97,0.3,8.62
ORD00346,2022-02-25,C0130,P0022,S02,3,171.07,0.0,2.1
ORD00347,2022-12-24,C0675,P0039,S02,3,233.5,0.0,3.02
ORD00348,2023-04-29,C0034,P0136,S01,1,75.58,0.0,2.46
ORD00349,2022-11-12,C0789,P0106,S02,2,90.3,0.15,9.98
ORD00350,2022-12-09,C0056,P0089,S03,3,257.19,0.0,0.0
ORD00351,2022-12-10,C0309,P0122,S02,4,233.16,0.25,13.16
ORD00352,2023-04-24,C0486,P0100,S01,2,33.4,0.05,12.25
ORD00353,2024-07-08,C0543,P0081,S04,1,237.29,0.25,0.0
ORD00354,2024-06-03,C0344,P0070,S01,3,259.47,0.0,6.94
ORD00355,2024-03-12,C0752,P0062,S04,3,71.27,0.05,0.0
ORD00356,2023-01-04,C0689,P0003,S01,1,807.09,0.05,7.54
ORD00357,2024-12-11,C0360,P0115,S01,1,151.72,0.0,13.49
ORD00358,2022-09-03,C0385,P0034,S04,4,250.88,0.1,0.0
ORD00359,2023-01-13,C0677,P0120,S08,2,160.63,0.25,13.6
ORD00360,2023-10-25,C0284,P0019,S05,1,448.36,0.0,0.0
ORD00361,2022-05-04,C0183,P0068,S02,1,174.16,0.25,14.1
ORD00362,2024-03-15,C0112,P0126,S01,3,135.06,0.0,5.02
ORD00363,2023-06-15,C0073,P0019,S03,1,321.02,0.05,0.0
ORD00364,2024-10-16,C0039,P0001,S04,1,428.94,0.15,0.0
ORD00365,2024-11-21,C0490,P0126,S02,3,134.46,0.15,8.0
ORD00366,2022-05-24,C0394,P0001,S08,3,451.76,0.05,11.83
ORD00367,2024-01-06,C0411,P0078,S01,5,20.57,0.1,4.68
ORD00368,2024-01-19,C0083,P0088,S06,3,154.58,0.0,0.0
ORD00369,2023-02-20,C0394,P0011,S04,1,33.31,0.0,0.0
ORD00370,2024-01-06,C0753,P0113,S01,1,187.19,0.0,8.55
ORD00371,2023-05-04,C0554,P0017,S03,1,344.65,0.3,0.0
ORD00372,2022-02-03,C0346,P0015,S05,1,223.45,0.0,0.0
ORD00373,2024-12-07,C0153,P0138,S05,1,181.89,0.0,0.0
ORD00374,2022-10-17,C0483,P0005,S08,2,187.94,0.0,1.66
ORD00375,2022-09-25,C0315,P0013,S06,1,965.8,0.1,0.0
ORD00376,2022-08-06,C0065,P0057,S06,1,23.26,0.2,0.0
ORD00377,2024-04-03,C0559,P0148,S01,3,136.61,0.15,11.96
ORD00378,2023-11-19,C0145,P0071,S05,1,172.44,0.0,0.0
ORD00379,2022-12-04,C0042,P0149,S01,3,16.65,0.1,10.83
ORD00380,2022-06-15,C0092,P0046,S05,2,217.25,0.0,0.0
ORD00381,2023-02-27,C0536,P0070,S02,1,306.41,0.0,10.41
ORD00382,2022-06-30,C0357,P0078,S02,2,27.08,0.0,3.78
ORD00383,2024-11-05,C0284,P0054,S01,1,230.71,0.0,2.72
ORD00384,2024-08-29,C0687,P0041,S08,1,50.05,0.0,8.75
ORD00385,2023-03-06,C0632,P0086,S06,3,90.48,0.0,0.0
ORD00386,2022-12-27,C0497,P0008,S02,1,804.37,0.0,14.21
ORD00387,2024-06-29,C0430,P0084,S01,2,18.31,0.0,8.79
ORD00388,2022-08-14,C0243,P0026,S05,3,750.74,0.0,0.0
ORD00389,2023-03-28,C0497,P0150,S01,1,89.4,0.0,0.27
ORD00390,2024-07-20,C0140,P0096,S02,1,177.38,0.0,13.98
ORD00391,2023-07-07,C0033,P0033,S04,1,24.85,0.0,0.0
ORD00392,2024-08-11,C0779,P0044,S01,4,291.92,0.1,13.84
ORD00393,2022-12-15,C0236,P0142,S01,3,85.97,0.05,2.29
ORD00394,2024-08-05,C0754,P0110,S07,1,28.52,0.05,0.0
ORD00395,2022-11-02,C0428,P0002,S08,1,964.54,0.05,6.36
ORD00396,2024-10-29,C0404,P0136,S02,3,110.3,0.2,14.02
ORD00397,2024-07-15,C0572,P0022,S05,2,178.51,0.05,0.0
ORD00398,2023-03-23,C0245,P0076,S03,1,202.81,0.05,0.0
ORD00399,2023-09-17,C0585,P0118,S05,1,43.69,0.05,0.0
ORD00400,2024-04-10,C0642,P0095,S02,2,288.71,0.2,12.58
ORD00401,2022-05-25,C0544,P0086,S01,1,73.64,0.0,13.81
ORD00402,2022-06-15,C0754,P0086,S08,2,119.07,0.25,7.78
ORD00403,2022-08-16,C0634,P0120,S01,1,165.34,0.1,5.99
ORD00404,2022-05-18,C0142,P0053,S08,1,192.72,0.0,5.03
ORD00405,2023-04-07,C0516,P0069,S04,1,31.6,0.0,0.0
ORD00406,2023-12-09,C0540,P0129,S06,1,5.25,0.05,0.0
ORD00407,2024-12-27,C0636,P0116,S02,2,222.9,0.1,5.97
ORD00408,2022-05-15,C0090,P0118,S01,4,59.18,0.0,13.8
ORD00409,2022-06-07,C0115,P0071,S04,1,199.9,0.2,0.0
ORD00410,2022-02-16,C0136,P0139,S02,1,96.89,0.15,11.06
ORD00411,2022-02-13,C0023,P0017,S07,1,286.72,0.25,0.0
ORD00412,2023-11-19,C0672,P0088,S03,1,151.8,0.1,0.0
ORD00413,2024-12-21,C0469,P0114,S01,1,224.45,0.15,2.11
ORD00414,2022-12-18,C0496,P0059,S02,1,14.59,0.2,7.48
ORD00415,2022-10-31,C0171,P0117,S03,1,218.38,0.05,0.0
ORD00416,2022-11-11,C0043,P0030,S08,2,67.11,0.05,5.44
ORD00417,2024-01-28,C0725,P0144,S01,1,94.3,0.0,9.48
ORD00418,2024-02-03,C0547,P0042,S01,4,99.72,0.05,9.95
ORD00419,2022-11-16,C0520,P0140,S01,2,220.76,0.05,14.42
ORD00420,2024-06-24,C0750,P0029,S02,1,440.93,0.1,6.22
ORD00421,2022-08-28,C0633,P0103,S06,1,69.01,0.0,0.0
ORD00422,2023-02-04,C0786,P0057,S01,1,39.96,0.05,7.53
ORD00423,2024-07-01,C0525,P0023,S02,1,301.38,0.1,1.01
ORD00424,2024-11-13,C0408,P0093,S01,3,252.64,0.0,3.15
ORD00425,2024-02-03,C0360,P0089,S01,1,317.23,0.1,3.08
ORD00426,2023-08-15,C0747,P0109,S07,1,56.0,0.1,0.0
ORD00427,2022-06-26,C0487,P0078,S08,2,18.65,0.0,7.08
ORD00428,2024-02-09,C0655,P0105,S08,1,269.79,0.1,0.99
ORD00429,2022-10-08,C0297,P0098,S03,1,146.89,0.2,0.0
ORD00430,2023-09-15,C0230,P0119,S01,1,247.48,0.0,7.87
ORD00431,2024-08-25,C0428,P0074,S01,4,224.72,0.1,6.01
ORD00432,2022-02-28,C0505,P0071,S08,1,229.73,0.15,2.33
ORD00433,2024-09-11,C0644,P0067,S04,5,36.01,0.2,0.0
ORD00434,2024-02-04,C0018,P0148,S06,1,179.47,0.0,0.0
ORD00435,2023-10-17,C0366,P0035,S01,1,353.0,0.05,5.6
ORD00436,2023-12-31,C0543,P0075,S03,1,173.72,0.0,0.0
ORD00437,2022-12-09,C0702,P0081,S05,1,269.22,0.1,0.0
ORD00438,2024-01-13,C0361,P0149,S06,1,18.93,0.05,0.0
ORD00439,2024-04-23,C0105,P0042,S01,2,100.84,0.2,2.34
ORD00440,2024-12-12,C0720,P0142,S05,1,86.39,0.05,0.0
ORD00441,2022-06-06,C0018,P0034,S02,1,297.91,0.0,0.41
ORD00442,2024-12-07,C0177,P0088,S05,1,151.5,0.2,0.0
ORD00443,2023-04-01,C0705,P0037,S01,1,75.36,0.0,10.08
ORD00444,2022-06-10,C0080,P0029,S01,1,394.78,0.05,1.56
ORD00445,2023-02-07,C0608,P0132,S01,1,80.57,0.0,2.68
ORD00446,2022-05-16,C0773,P0003,S01,1,765.28,0.1,3.57
ORD00447,2023-02-14,C0030,P0090,S01,3,102.79,0.25,3.65
ORD00448,2023-12-14,C0800,P0129,S05,1,8.71,0.1,0.0
ORD00449,2022-01-29,C0289,P0050,S01,3,70.2,0.0,12.45
ORD00450,2024-08-30,C0451,P0048,S04,1,141.15,0.2,0.0
ORD00451,2024-02-17,C0234,P0132,S02,3,74.93,0.0,3.07
ORD00452,2024-08-12,C0508,P0035,S05,2,239.43,0.1,0.0
ORD00453,2022-03-25,C0119,P0127,S02,1,292.79,0.15,0.2
ORD00454,2024-06-28,C0298,P0105,S08,1,191.33,0.2,3.12
ORD00455,2024-01-23,C0689,P0126,S01,1,87.61,0.1,2.72
ORD00456,2022-06-24,C0411,P0102,S04,5,193.07,0.15,0.0
ORD00457,2022-12-12,C0347,P0051,S01,3,262.78,0.05,13.39
ORD00458,2024-10-19,C0608,P0149,S01,3,24.11,0.1,5.13
ORD00459,2024-03-30,C0497,P0104,S02,1,125.3,0.05,5.7
ORD00460,2022-09-08,C0237,P0128,S03,1,260.14,0.0,0.0
ORD00461,2023-01-02,C0157,P0084,S01,2,20.01,0.15,9.36
ORD00462,2024-11-30,C0207,P0120,S01,1,147.39,0.05,8.28
ORD00463,2023-12-05,C0560,P0139,S01,3,102.93,0.3,4.42
ORD00464,2022-09-01,C0386,P0081,S02,1,316.67,0.0,11.45
ORD00465,2022-12-03,C0320,P0035,S05,1,212.81,0.0,0.0
ORD00466,2024-08-20,C0519,P0041,S01,1,49.04,0.1,7.31
ORD00467,2023-12-24,C0329,P0073,S01,2,9.04,0.0,12.0
ORD00468,2024-01-21,C0028,P0150,S05,2,79.58,0.0,0.0
ORD00469,2024-05-26,C0422,P0092,S02,2,143.11,0.0,4.03
ORD00470,2023-10-02,C0313,P0017,S01,1,303.41,0.05,9.5
ORD00471,2022-03-18,C0582,P0109,S02,1,58.95,0.0,2.09
ORD00472,2024-08-19,C0387,P0082,S03,1,217.81,0.0,0.0
ORD00473,2024-09-27,C0345,P0053,S02,3,350.13,0.1,7.89
ORD00474,2022-12-08,C0447,P0094,S01,2,128.78,0.3,4.08
ORD00475,2023-03-15,C0305,P0013,S08,1,551.38,0.0,13.71
ORD00476,2022-07-14,C0069,P0070,S03,2,213.41,0.05,0.0
ORD00477,2023-12-13,C0517,P0078,S06,1,27.65,0.05,0.0
ORD00478,2023-02-14,C0640,P0065,S02,2,72.16,0.05,8.31
ORD00479,2024-11-23,C0512,P0148,S01,5,160.06,0.15,12.45
ORD00480,2024-08-15,C0630,P0137,S07,4,122.67,0.25,0.0
ORD00481,2022-05-03,C0474,P0094,S01,1,112.29,0.1,2.05
ORD00482,2024-04-20,C0650,P0017,S01,1,370.33,0.2,13.11
ORD00483,2022-11-25,C0416,P0061,S01,1,121.3,0.0,9.01
ORD00484,2023-09-28,C0447,P0144,S02,4,99.09,0.0,2.63
ORD00485,2023-07-13,C0285,P0067,S04,1,56.86,0.2,0.0
ORD00486,2022-06-21,C0066,P0077,S08,1,209.78,0.0,5.75
ORD00487,2022-07-04,C0242,P0036,S01,2,234.24,0.25,0.7
ORD00488,2024-12-04,C0794,P0149,S08,1,15.85,0.2,11.07
ORD00489,2023-05-03,C0338,P0081,S06,2,181.75,0.2,0.0
ORD00490,2023-03-23,C0220,P0045,S08,1,83.06,0.0,3.68
ORD00491,2022-04-25,C0717,P0096,S08,1,133.58,0.05,4.33
ORD00492,2022-10-24,C0316,P0095,S01,5,200.88,0.1,10.79
ORD00493,2023-05-06,C0317,P0099,S03,2,11.17,0.25,0.0
ORD00494,2022-09-07,C0454,P0061,S02,4,119.06,0.0,7.14
ORD00495,2023-06-08,C0305,P0061,S01,4,126.08,0.25,14.05
ORD00496,2024-10-03,C0341,P0106,S05,4,86.4,0.2,0.0
ORD00497,2022-11-25,C0068,P0130,S02,2,121.64,0.2,0.47
ORD00498,2023-11-01,C0781,P0008,S01,2,700.4,0.1,8.93
ORD00499,2022-10-06,C0644,P0052,S01,2,159.24,0.0,7.45
ORD00500,2023-05-27,C0609,P0034,S04,3,287.29,0.0,0.0
ORD00501,2022-10-01,C0289,P0084,S01,1,20.99,0.0,11.56
ORD00502,2023-04-05,C0572,P0006,S03,2,117.4,0.25,0.0
ORD00503,2024-08-05,C0051,P0044,S02,1,189.99,0.0,10.92
ORD00504,2022-12-15,C0015,P0031,S05,1,174.89,0.25,0.0
ORD00505,2024-10-09,C0196,P0053,S08,3,300.01,0.0,6.52
ORD00506,2024-10-09,C0212,P0111,S03,5,72.75,0.0,0.0
ORD00507,2023-01-23,C0150,P0105,S01,5,311.41,0.0,11.99
ORD00508,2024-01-28,C0088,P0118,S01,1,64.93,0.0,4.08
ORD00509,2023-06-09,C0061,P0143,S01,4,152.83,0.05,5.41
ORD00510,2022-04-04,C0635,P0130,S02,5,110.08,0.1,13.76
ORD00511,2023-06-18,C0348,P0127,S07,1,180.46,0.0,0.0
ORD00512,2024-12-22,C0120,P0067,S01,5,57.88,0.05,6.69
ORD00513,2024-05-30,C0628,P0068,S06,4,184.06,0.05,0.0
ORD00514,2022-11-06,C0055,P0113,S01,1,272.4,0.0,13.09
ORD00515,2024-08-21,C0447,P0120,S01,4,179.26,0.05,12.1
ORD00516,2024-06-23,C0497,P0144,S02,1,98.74,0.15,10.38
ORD00517,2022-10-31,C0209,P0024,S07,1,432.15,0.0,0.0
ORD00518,2024-11-07,C0680,P0145,S03,2,71.77,0.3,0.0
ORD00519,2024-12-13,C0427,P0047,S08,1,92.14,0.05,3.32
ORD00520,2022-02-23,C0404,P0032,S02,4,69.76,0.0,14.16
ORD00521,2023-10-25,C0472,P0021,S06,2,414.8,0.05,0.0
ORD00522,2023-07-06,C0338,P0002,S08,2,1020.97,0.3,13.88
ORD00523,2022-09-22,C0660,P0013,S01,3,632.55,0.15,8.52
ORD00524,2024-02-21,C0183,P0066,S01,3,198.55,0.0,0.51
ORD00525,2022-11-30,C0292,P0104,S03,5,166.17,0.0,0.0
ORD00526,2023-09-04,C0754,P0111,S06,1,75.53,0.1,0.0
ORD00527,2022-09-26,C0377,P0025,S02,1,555.94,0.2,14.57
ORD00528,2024-09-02,C0093,P0109,S05,3,89.13,0.1,0.0
ORD00529,2024-06-08,C0042,P0024,S02,5,348.3,0.1,12.93
ORD00530,2022-11-14,C0645,P0135,S03,1,327.61,0.05,0.0
ORD00531,2024-09-05,C0701,P0033,S08,3,21.14,0.05,12.43
ORD00532,2023-08-29,C0079,P0142,S08,2,53.79,0.05,8.94
ORD00533,2024-04-25,C0260,P0146,S02,2,13.27,0.15,1.81
ORD00534,2022-02-03,C0184,P0119,S05,3,186.87,0.0,0.0
ORD00535,2023-09-02,C0776,P0117,S04,2,258.7,0.0,0.0
ORD00536,2023-01-19,C0765,P0021,S08,1,525.8,0.1,10.87
ORD00537,2024-06-07,C0405,P0002,S01,1,655.58,0.05,4.73
ORD00538,2024-09-23,C0708,P0093,S04,2,223.64,0.0,0.0
ORD00539,2023-09-12,C0015,P0035,S01,3,325.97,0.1,4.78
ORD00540,2023-03-05,C0666,P0038,S01,3,35.61,0.2,13.29
ORD00541,2023-01-26,C0152,P0119,S02,1,273.66,0.0,3.49
ORD00542,2022-11-09,C0497,P0114,S02,3,161.89,0.1,13.05
ORD00543,2023-02-17,C0053,P0101,S01,1,10.1,0.2,13.12
ORD00544,2023-08-19,C0498,P0103,S02,2,95.21,0.25,14.09
ORD00545,2024-09-26,C0541,P0016,S01,2,216.35,0.1,14.97
ORD00546,2022-08-28,C0460,P0089,S04,1,229.6,0.0,0.0
ORD00547,2023-01-29,C0238,P0113,S02,2,310.15,0.1,6.03
ORD00548,2024-08-17,C0741,P0076,S05,5,206.64,0.2,0.0
ORD00549,2022-11-28,C0708,P0073,S05,2,7.82,0.0,0.0
ORD00550,2023-02-13,C0104,P0126,S05,4,154.48,0.05,0.0
ORD00551,2023-04-26,C0019,P0013,S02,1,1034.68,0.1,11.52
ORD00552,2022-12-24,C0033,P0129,S06,1,7.24,0.0,0.0
ORD00553,2023-04-10,C0499,P0058,S01,1,57.44,0.0,11.06
ORD00554,2024-11-21,C0724,P0027,S01,4,164.75,0.15,1.66
ORD00555,2022-12-09,C0371,P0053,S01,1,243.49,0.05,4.31
ORD00556,2024-11-02,C0158,P0026,S03,1,651.73,0.0,0.0
ORD00557,2023-02-18,C0788,P0107,S05,1,100.08,0.2,0.0
ORD00558,2023-12-01,C0088,P0044,S01,2,184.57,0.05,0.27
ORD00559,2023-05-18,C0432,P0136,S05,1,125.53,0.05,0.0
ORD00560,2024-11-23,C0031,P0093,S02,3,208.24,0.15,5.76
ORD00561,2024-11-25,C0347,P0022,S01,5,156.66,0.0,3.27
ORD00562,2022-05-06,C0677,P0010,S08,1,867.4,0.1,11.8
ORD00563,2024-05-08,C0312,P0142,S05,1,56.31,0.0,0.0
ORD00564,2024-07-02,C0640,P0140,S05,2,262.69,0.1,0.0
ORD00565,2023-09-10,C0343,P0138,S02,2,250.42,0.2,14.17
ORD00566,2023-08-05,C0566,P0131,S01,1,119.77,0.1,9.2
ORD00567,2022-02-17,C0607,P0139,S01,3,84.7,0.0,14.87
ORD00568,2024-02-03,C0363,P0130,S01,3,123.21,0.25,14.14
ORD00569,2024-07-08,C0465,P0002,S01,1,989.05,0.15,9.12
ORD00570,2024-12-28,C0359,P0060,S01,2,97.33,0.2,3.46
ORD00571,2024-11-30,C0336,P0027,S02,1,156.99,0.15,3.31
ORD00572,2024-07-19,C0422,P0109,S01,1,55.81,0.2,11.69
ORD00573,2024-09-02,C0379,P0020,S04,1,256.58,0.1,0.0
ORD00574,2024-06-20,C0750,P0126,S08,3,90.08,0.0,14.54
ORD00575,2022-09-18,C0133,P0118,S08,2,71.83,0.05,13.92
ORD00576,2023-03-12,C0765,P0009,S01,2,754.53,0.25,2.61
ORD00577,2024-04-16,C0586,P0095,S01,2,206.54,0.0,11.37
ORD00578,2023-09-14,C0147,P0008,S01,2,926.18,0.0,2.31
ORD00579,2023-03-18,C0003,P0126,S01,1,149.91,0.2,3.37
ORD00580,2024-05-05,C0580,P0080,S02,1,31.42,0.0,8.05
ORD00581,2024-07-10,C0746,P0039,S01,3,208.35,0.1,8.7
ORD00582,2024-04-18,C0348,P0102,S02,5,136.11,0.2,13.16
ORD00583,2023-07-23,C0725,P0043,S01,2,13.05,0.15,1.94
ORD00584,2023-09-25,C0660,P0032,S03,1,66.43,0.1,0.0
ORD00585,2024-12-04,C0515,P0122,S07,1,329.65,0.25,0.0
ORD00586,2024-06-28,C0622,P0137,S01,2,185.04,0.05,12.14
ORD00587,2022-02-17,C0425,P0047,S01,2,101.85,0.0,8.26
ORD00588,2022-07-06,C0555,P0026,S01,1,552.85,0.0,6.13
ORD00589,2022-07-03,C0695,P0105,S01,2,238.34,0.0,3.9
ORD00590,2023-09-03,C0146,P0082,S02,1,205.15,0.0,7.44
ORD00591,2022-09-05,C0771,P0062,S03,1,59.93,0.05,0.0
ORD00592,2024-10-30,C0276,P0030,S01,1,43.78,0.05,10.25
ORD00593,2024-09-18,C0020,P0060,S01,5,70.71,0.1,12.77
ORD00594,2022-09-15,C0457,P0105,S01,2,258.38,0.0,7.21
ORD00595,2022-10-19,C0252,P0044,S02,1,274.83,0.25,12.37
ORD00596,2024-07-14,C0636,P0119,S01,5,230.49,0.0,10.17
ORD00597,2024-09-14,C0697,P0065,S02,1,87.66,0.1,4.01
ORD00598,2024-11-11,C0757,P0042,S02,1,178.44,0.0,11.96
ORD00599,2023-12-03,C0280,P0116,S01,5,274.02,0.0,12.76
ORD00600,2023-11-04,C0662,P0035,S08,2,339.29,0.0,10.63
ORD00601,2022-01-20,C0570,P0106,S07,2,91.37,0.15,0.0
ORD00602,2022-06-08,C0689,P0114,S01,5,260.26,0.0,10.2
ORD00603,2024-01-04,C0128,P0003,S02,4,750.23,0.05,11.29
ORD00604,2023-07-30,C0197,P0092,S01,2,160.73,0.0,13.21
ORD00605,2023-03-29,C0372,P0127,S01,1,289.17,0.15,0.44
ORD00606,2023-03-05,C0114,P0102,S07,2,221.19,0.05,0.0
ORD00607,2022-12-26,C0764,P0033,S01,1,18.27,0.1,5.03
ORD00608,2023-07-16,C0710,P0006,S04,2,180.24,0.1,0.0
ORD00609,2024-07-18,C0657,P0110,S04,2,21.38,0.2,0.0
ORD00610,2023-10-24,C0281,P0105,S01,2,311.23,0.05,12.48
ORD00611,2024-11-25,C0049,P0058,S01,1,60.72,0.05,0.1
ORD00612,2022-01-11,C0084,P0086,S07,3,83.54,0.3,0.0
ORD00613,2023-05-27,C0319,P0085,S01,2,99.38,0.0,14.72
ORD00614,2023-11-16,C0111,P0064,S02,5,114.11,0.2,3.9
ORD00615,2023-11-15,C0075,P0061,S05,2,123.94,0.15,0.0
ORD00616,2024-07-03,C0063,P0022,S08,1,144.25,0.2,11.7
ORD00617,2024-06-24,C0068,P0111,S01,1,65.12,0.0,11.42
ORD00618,2024-02-21,C0239,P0106,S07,3,77.3,0.1,0.0
ORD00619,2024-07-17,C0636,P0110,S03,1,35.16,0.25,0.0
ORD00620,2022-02-23,C0602,P0085,S01,1,83.31,0.1,9.49
ORD00621,2022-05-19,C0587,P0050,S01,2,72.96,0.0,1.54
ORD00622,2024-06-29,C0046,P0036,S01,1,295.4,0.05,10.32
ORD00623,2024-01-03,C0795,P0139,S01,1,77.98,0.1,4.51
ORD00624,2023-08-20,C0531,P0003,S03,2,789.71,0.0,0.0
ORD00625,2024-11-04,C0056,P0144,S02,1,65.22,0.0,8.73
ORD00626,2023-12-01,C0712,P0122,S04,1,231.07,0.1,0.0
ORD00627,2023-11-19,C0337,P0108,S01,1,233.28,0.15,0.69
ORD00628,2022-03-28,C0655,P0001,S01,1,446.65,0.1,14.6
ORD00629,2023-05-05,C0758,P0085,S02,1,119.96,0.2,11.24
ORD00630,2022-01-14,C0367,P0019,S01,1,318.61,0.0,11.37
ORD00631,2024-01-08,C0204,P0008,S01,1,576.69,0.2,0.33
ORD00632,2022-12-23,C0252,P0142,S01,1,67.55,0.2,7.33
ORD00633,2022-07-27,C0389,P0036,S04,4,271.01,0.0,0.0
ORD00634,2023-03-07,C0379,P0062,S06,2,90.92,0.25,0.0
ORD00635,2022-05-14,C0195,P0034,S01,1,261.48,0.0,4.1
ORD00636,2023-11-03,C0130,P0072,S07,5,80.41,0.2,0.0
ORD00637,2022-05-13,C0770,P0100,S07,3,34.16,0.0,0.0
ORD00638,2024-11-28,C0730,P0083,S02,2,95.1,0.15,2.45
ORD00639,2024-10-10,C0411,P0149,S03,3,23.82,0.1,0.0
ORD00640,2023-03-01,C0463,P0052,S07,1,249.37,0.0,0.0
ORD00641,2024-02-12,C0261,P0096,S03,1,118.29,0.0,0.0
ORD00642,2024-06-29,C0598,P0059,S01,2,13.5,0.0,10.21
ORD00643,2024-07-12,C0377,P0105,S06,1,284.47,0.0,0.0
ORD00644,2023-01-03,C0661,P0068,S01,4,196.85,0.0,14.26
ORD00645,2024-10-24,C0284,P0021,S08,1,456.04,0.0,6.49
ORD00646,2023-11-15,C0257,P0085,S01,3,118.48,0.1,6.3
ORD00647,2023-07-17,C0771,P0036,S05,2,251.73,0.0,0.0
ORD00648,2023-09-06,C0414,P0089,S08,3,237.1,0.15,4.11
ORD00649,2022-01-25,C0780,P0132,S08,3,88.44,0.0,6.14
ORD00650,2023-03-06,C0602,P0133,S05,3,48.93,0.15,0.0
ORD00651,2024-08-02,C0321,P0022,S06,1,116.7,0.25,0.0
ORD00652,2024-05-05,C0572,P0116,S01,1,203.96,0.2,0.47
ORD00653,2022-01-20,C0348,P0091,S01,1,42.85,0.15,5.53
ORD00654,2023-09-06,C0582,P0006,S05,4,192.17,0.0,0.0
ORD00655,2023-11-08,C0401,P0147,S08,1,172.98,0.0,14.52
ORD00656,2024-12-30,C0112,P0122,S01,5,205.14,0.1,13.03
ORD00657,2023-09-16,C0692,P0027,S03,1,231.76,0.1,0.0
ORD00658,2024-09-27,C0072,P0051,S08,1,323.82,0.0,12.67
ORD00659,2022-05-24,C0531,P0095,S01,1,257.46,0.25,9.39
ORD00660,2024-03-11,C0133,P0029,S02,1,434.7,0.0,0.49
ORD00661,2023-02-27,C0318,P0053,S02,2,339.37,0.05,9.25
ORD00662,2023-09-28,C0734,P0129,S04,1,9.07,0.0,0.0
ORD00663,2022-10-20,C0620,P0103,S06,2,92.41,0.25,0.0
ORD00664,2024-10-02,C0041,P0148,S05,1,110.78,0.2,0.0
ORD00665,2024-07-23,C0401,P0077,S03,3,168.78,0.0,0.0
ORD00666,2023-05-26,C0469,P0111,S02,2,96.77,0.1,6.45
ORD00667,2022-07-15,C0246,P0012,S07,1,747.37,0.2,0.0
ORD00668,2023-10-30,C0259,P0043,S01,1,15.23,0.0,0.96
ORD00669,2024-08-03,C0200,P0103,S02,1,98.34,0.0,4.03
ORD00670,2022-10-07,C0497,P0119,S02,1,302.92,0.1,4.66
ORD00671,2024-06-15,C0166,P0072,S01,1,59.47,0.0,0.17
ORD00672,2023-08-26,C0173,P0101,S01,3,10.57,0.1,5.89
ORD00673,2022-11-11,C0222,P0046,S05,4,188.32,0.05,0.0
ORD00674,2024-06-24,C0657,P0134,S04,2,106.31,0.0,0.0
ORD00675,2023-09-24,C0050,P0002,S05,3,784.74,0.25,0.0
ORD00676,2023-02-14,C0029,P0108,S08,1,243.42,0.0,12.9
ORD00677,2022-05-10,C0681,P0025,S01,1,515.92,0.05,0.59
ORD00678,2023-10-23,C0640,P0049,S01,2,156.45,0.25,1.57
ORD00679,2022-09-05,C0366,P0028,S01,1,412.8,0.1,14.8
ORD00680,2022-01-25,C0226,P0118,S01,3,44.76,0.1,7.48
ORD00681,2024-01-26,C0421,P0056,S01,2,282.83,0.3,10.54
ORD00682,2022-12-18,C0615,P0025,S01,2,454.94,0.0,0.15
ORD00683,2022-09-30,C0683,P0082,S02,1,160.07,0.1,7.77
ORD00684,2024-07-08,C0516,P0060,S03,5,71.42,0.0,0.0
ORD00685,2022-09-12,C0776,P0110,S01,1,24.64,0.0,0.5
ORD00686,2024-10-18,C0385,P0039,S01,1,144.42,0.25,5.95
ORD00687,2023-11-05,C0660,P0082,S05,1,138.08,0.15,0.0
ORD00688,2023-11-10,C0553,P0053,S01,4,279.55,0.3,10.34
ORD00689,2024-02-21,C0453,P0047,S03,1,110.37,0.05,0.0
ORD00690,2023-01-30,C0210,P0037,S01,1,73.59,0.05,2.51
ORD00691,2023-02-23,C0437,P0021,S05,1,438.86,0.15,0.0
ORD00692,2023-05-17,C0311,P0064,S01,1,114.41,0.1,10.6
ORD00693,2024-09-12,C0408,P0093,S02,1,153.64,0.05,14.04
ORD00694,2024-09-14,C0438,P0098,S07,3,89.71,0.25,0.0
ORD00695,2022-11-09,C0264,P0045,S02,1,80.01,0.0,10.64
ORD00696,2024-09-11,C0733,P0035,S02,1,339.93,0.0,10.71
ORD00697,2024-02-06,C0405,P0107,S08,1,143.26,0.05,5.09
ORD00698,2022-05-26,C0128,P0010,S02,2,809.75,0.0,1.2
ORD00699,2023-12-15,C0651,P0126,S04,2,156.15,0.1,0.0
ORD00700,2023-05-12,C0647,P0093,S05,1,224.75,0.1,0.0
ORD00701,2022-10-30,C0698,P0117,S01,1,276.29,0.1,6.78
ORD00702,2022-11-27,C0660,P0024,S05,1,386.17,0.15,0.0
ORD00703,2022-06-14,C0434,P0049,S01,1,161.04,0.1,10.97
ORD00704,2024-02-23,C0771,P0106,S07,2,55.43,0.0,0.0
ORD00705,2023-12-07,C0767,P0069,S01,2,19.16,0.1,3.71
ORD00706,2024-10-04,C0793,P0018,S04,2,394.86,0.1,0.0
ORD00707,2024-06-01,C0191,P0096,S05,1,177.34,0.0,0.0
ORD00708,2022-08-14,C0191,P0055,S01,2,142.07,0.2,14.64
ORD00709,2023-01-28,C0452,P0105,S03,2,232.48,0.2,0.0
ORD00710,2022-12-07,C0387,P0022,S01,1,112.45,0.0,11.85
ORD00711,2023-04-26,C0010,P0026,S01,3,822.93,0.0,7.47
ORD00712,2022-03-27,C0008,P0134,S02,2,103.49,0.3,10.79
ORD00713,2024-05-29,C0323,P0088,S06,4,152.25,0.1,0.0
ORD00714,2023-12-31,C0004,P0026,S02,2,982.42,0.15,14.62
ORD00715,2022-10-12,C0544,P0032,S01,2,58.4,0.2,2.99
ORD00716,2024-01-25,C0528,P0122,S02,1,285.13,0.3,1.08
ORD00717,2023-10-22,C0047,P0093,S08,2,153.52,0.1,3.87
ORD00718,2022-06-16,C0675,P0122,S07,4,249.94,0.15,0.0
ORD00719,2024-10-30,C0090,P0128,S01,2,303.35,0.05,10.91
ORD00720,2024-08-14,C0119,P0115,S02,2,210.6,0.0,6.38
ORD00721,2022-12-16,C0109,P0023,S02,2,256.6,0.0,5.57
ORD00722,2023-07-29,C0682,P0066,S02,4,205.72,0.0,0.6
ORD00723,2024-10-04,C0230,P0086,S08,3,118.89,0.1,8.68
ORD00724,2023-12-04,C0670,P0098,S03,2,120.26,0.2,0.0
ORD00725,2023-04-23,C0298,P0030,S01,1,60.75,0.15,7.3
ORD00726,2022-08-26,C0321,P0033,S08,2,29.49,0.0,13.51
ORD00727,2022-05-07,C0398,P0049,S08,1,150.57,0.0,4.15
ORD00728,2022-09-16,C0110,P0057,S02,2,32.19,0.05,13.69
ORD00729,2023-09-25,C0281,P0032,S08,2,43.59,0.05,9.34
ORD00730,2023-03-18,C0061,P0097,S08,1,164.3,0.2,11.0
ORD00731,2024-03-13,C0023,P0041,S02,1,30.53,0.1,10.74
ORD00732,2023-12-15,C0074,P0101,S02,1,18.22,0.1,2.7
ORD00733,2024-03-17,C0771,P0083,S05,3,81.85,0.0,0.0
ORD00734,2023-09-15,C0592,P0042,S01,2,186.87,0.0,2.71
ORD00735,2022-10-24,C0753,P0051,S04,1,338.4,0.2,0.0
ORD00736,2022-07-28,C0386,P0038,S08,1,32.82,0.2,3.71
ORD00737,2022-04-26,C0184,P0122,S08,1,315.93,0.05,6.68
ORD00738,2023-11-25,C0643,P0039,S05,1,198.64,0.0,0.0
ORD00739,2024-03-23,C0669,P0045,S05,3,71.04,0.3,0.0
ORD00740,2024-02-22,C0377,P0114,S01,1,244.99,0.0,2.45
ORD00741,2024-11-09,C0587,P0147,S02,2,163.85,0.0,14.54
ORD00742,2023-01-06,C0306,P0112,S03,1,42.98,0.0,0.0
ORD00743,2023-01-14,C0404,P0006,S03,2,171.68,0.2,0.0
ORD00744,2024-09-27,C0552,P0150,S05,3,74.3,0.0,0.0
ORD00745,2022-08-29,C0006,P0047,S03,3,108.78,0.0,0.0
ORD00746,2022-09-21,C0090,P0042,S03,3,110.43,0.0,0.0
ORD00747,2022-09-13,C0558,P0094,S01,5,210.68,0.1,6.81
ORD00748,2023-05-24,C0301,P0133,S04,1,32.65,0.1,0.0
ORD00749,2023-10-03,C0621,P0091,S02,1,28.57,0.0,2.55
ORD00750,2022-04-02,C0146,P0049,S01,3,160.38,0.3,5.06
ORD00751,2023-07-23,C0077,P0109,S02,1,84.05,0.1,6.46
ORD00752,2022-12-01,C0261,P0022,S04,4,118.37,0.0,0.0
ORD00753,2023-02-22,C0649,P0069,S04,1,28.49,0.0,0.0
ORD00754,2024-11-13,C0158,P0108,S01,3,245.04,0.0,2.51
ORD00755,2023-05-22,C0545,P0032,S01,2,42.14,0.0,0.55
ORD00756,2022-07-02,C0797,P0086,S01,3,110.93,0.0,9.96
ORD00757,2022-01-21,C0388,P0057,S08,3,29.93,0.0,12.66
ORD00758,2024-12-14,C0603,P0079,S06,1,126.24,0.05,0.0
ORD00759,2023-08-01,C0050,P0026,S01,4,788.27,0.0,13.02
ORD00760,2023-12-08,C0565,P0137,S03,3,122.62,0.05,0.0
ORD00761,2022-09-19,C0731,P0132,S01,1,51.13,0.0,4.05
ORD00762,2023-07-02,C0725,P0095,S05,2,159.2,0.05,0.0
ORD00763,2024-07-26,C0480,P0091,S02,1,39.87,0.05,14.05
ORD00764,2023-04-14,C0313,P0023,S02,1,201.56,0.0,1.83
ORD00765,2022-06-12,C0096,P0062,S01,1,79.03,0.15,14.01
ORD00766,2022-10-07,C0702,P0132,S08,4,59.87,0.1,7.61
ORD00767,2024-04-10,C0764,P0049,S01,1,112.54,0.05,2.23
ORD00768,2023-12-08,C0701,P0136,S03,2,125.46,0.3,0.0
ORD00769,2024-12-08,C0077,P0045,S02,1,100.88,0.0,0.07
ORD00770,2022-04-15,C0175,P0098,S02,1,160.82,0.25,9.59
ORD00771,2022-08-30,C0301,P0124,S01,1,44.91,0.1,6.82
ORD00772,2024-03-17,C0659,P0079,S02,4,106.85,0.25,7.33
ORD00773,2024-09-26,C0631,P0002,S02,1,998.87,0.0,2.09
ORD00774,2023-12-18,C0412,P0048,S02,1,106.14,0.05,4.62
ORD00775,2022-06-23,C0421,P0040,S01,1,145.26,0.0,3.03
ORD00776,2023-05-28,C0384,P0102,S01,1,203.54,0.0,14.55
ORD00777,2023-07-06,C0673,P0113,S06,1,197.31,0.0,0.0
ORD00778,2024-06-07,C0114,P0051,S01,1,306.65,0.0,6.66
ORD00779,2023-11-10,C0683,P0042,S01,1,177.48,0.1,2.66
ORD00780,2023-06-29,C0564,P0126,S02,2,140.19,0.0,12.57
ORD00781,2024-03-07,C0022,P0028,S01,1,631.62,0.0,10.25
ORD00782,2023-04-30,C0440,P0088,S08,2,183.44,0.05,9.27
ORD00783,2023-08-16,C0780,P0022,S02,2,173.48,0.15,8.56
ORD00784,2023-01-18,C0270,P0030,S08,1,37.41,0.2,13.96
ORD00785,2023-02-11,C0718,P0027,S05,2,220.91,0.0,0.0
ORD00786,2022-11-01,C0411,P0034,S01,5,300.91,0.25,3.24
ORD00787,2024-05-23,C0094,P0052,S07,1,244.48,0.05,0.0
ORD00788,2023-04-19,C0491,P0110,S01,1,25.38,0.0,9.77
ORD00789,2022-08-14,C0360,P0072,S05,1,45.99,0.2,0.0
ORD00790,2023-01-08,C0677,P0014,S05,1,230.07,0.05,0.0
ORD00791,2022-07-26,C0504,P0065,S02,1,110.72,0.0,0.72
ORD00792,2022-01-28,C0340,P0034,S02,3,352.32,0.15,6.1
ORD00793,2024-12-19,C0666,P0061,S01,2,141.02,0.0,11.74
ORD00794,2022-08-06,C0043,P0031,S03,4,182.81,0.1,0.0
ORD00795,2023-01-26,C0102,P0115,S01,2,210.11,0.0,13.18
ORD00796,2023-02-18,C0045,P0040,S01,1,120.84,0.15,4.91
ORD00797,2023-12-13,C0645,P0115,S05,4,201.94,0.0,0.0
ORD00798,2024-05-08,C0023,P0129,S01,1,9.12,0.3,11.43
ORD00799,2023-08-17,C0063,P0145,S05,2,101.29,0.15,0.0
ORD00800,2024-03-25,C0526,P0137,S08,1,144.47,0.15,12.27
ORD00801,2024-02-26,C0411,P0100,S03,1,27.24,0.0,0.0
ORD00802,2024-11-16,C0266,P0135,S01,1,276.62,0.15,0.09
ORD00803,2022-09-01,C0547,P0012,S01,1,819.59,0.0,5.5
ORD00804,2022-01-03,C0333,P0095,S01,2,206.53,0.05,10.43
ORD00805,2022-10-01,C0333,P0076,S08,2,194.57,0.0,6.73
ORD00806,2023-12-30,C0181,P0072,S01,1,51.05,0.1,5.6
ORD00807,2023-03-28,C0596,P0053,S03,3,221.93,0.0,0.0
ORD00808,2024-07-02,C0378,P0112,S01,1,37.06,0.05,9.05
ORD00809,2024-07-29,C0194,P0046,S03,4,211.01,0.0,0.0
ORD00810,2023-08-01,C0182,P0042,S06,2,154.87,0.0,0.0
ORD00811,2022-10-21,C0466,P0063,S08,5,231.69,0.0,5.7
ORD00812,2024-12-14,C0618,P0004,S01,1,703.93,0.0,7.79
ORD00813,2022-03-31,C0275,P0022,S01,2,138.85,0.0,0.38
ORD00814,2022-08-06,C0725,P0087,S01,1,188.47,0.15,5.7
ORD00815,2023-09-22,C0250,P0040,S01,2,120.41,0.1,8.7
ORD00816,2022-09-10,C0106,P0012,S02,1,941.27,0.2,9.12
ORD00817,2024-04-30,C0025,P0058,S01,1,70.55,0.0,12.19
ORD00818,2023-08-11,C0704,P0099,S07,3,14.57,0.0,0.0
ORD00819,2023-04-05,C0366,P0073,S01,1,9.32,0.0,0.27
ORD00820,2022-11-06,C0343,P0136,S03,2,77.53,0.0,0.0
ORD00821,2023-08-11,C0278,P0027,S08,2,135.93,0.25,9.71
ORD00822,2022-11-01,C0328,P0038,S01,1,41.28,0.15,3.65
ORD00823,2022-08-20,C0149,P0072,S01,5,77.7,0.0,0.9
ORD00824,2024-02-28,C0435,P0127,S02,5,298.43,0.1,5.27
ORD00825,2023-11-14,C0393,P0063,S02,1,177.46,0.05,7.29
ORD00826,2024-12-26,C0394,P0059,S01,2,15.52,0.05,4.27
ORD00827,2023-04-27,C0018,P0053,S02,1,235.48,0.0,12.05
ORD00828,2022-08-14,C0370,P0090,S06,3,141.0,0.2,0.0
ORD00829,2023-08-27,C0432,P0142,S01,3,66.96,0.0,9.16
ORD00830,2022-10-10,C0387,P0037,S05,2,103.18,0.05,0.0
ORD00831,2022-06-01,C0031,P0041,S01,1,34.07,0.0,6.2
ORD00832,2022-01-26,C0154,P0107,S05,1,91.59,0.0,0.0
ORD00833,2024-12-16,C0482,P0077,S02,1,176.59,0.15,10.22
ORD00834,2022-01-28,C0062,P0040,S07,1,102.75,0.15,0.0
ORD00835,2024-10-27,C0434,P0102,S04,4,186.36,0.1,0.0
ORD00836,2024-10-24,C0434,P0059,S08,1,20.76,0.0,1.6
ORD00837,2023-03-25,C0620,P0144,S06,3,93.55,0.05,0.0
ORD00838,2022-12-04,C0663,P0096,S02,1,121.54,0.0,14.44
ORD00839,2024-01-13,C0029,P0086,S01,1,95.52,0.0,12.09
ORD00840,2023-09-26,C0654,P0052,S08,1,229.23,0.0,0.65
ORD00841,2024-09-17,C0096,P0081,S08,1,267.52,0.0,14.27
ORD00842,2024-10-21,C0744,P0101,S02,1,15.41,0.1,12.29
ORD00843,2023-11-10,C0104,P0129,S02,3,9.49,0.0,3.42
ORD00844,2024-02-22,C0298,P0010,S01,2,552.61,0.0,9.16
ORD00845,2024-10-24,C0788,P0134,S01,3,94.38,0.0,12.6
ORD00846,2024-01-08,C0041,P0111,S07,3,108.51,0.0,0.0
ORD00847,2024-10-15,C0147,P0004,S05,1,519.54,0.2,0.0
ORD00848,2022-06-28,C0322,P0117,S01,1,191.92,0.0,11.71
ORD00849,2024-01-15,C0184,P0019,S05,1,356.61,0.3,0.0
ORD00850,2024-06-24,C0127,P0036,S08,1,278.64,0.0,6.36
ORD00851,2023-08-11,C0452,P0034,S02,3,299.38,0.3,1.43
ORD00852,2024-02-05,C0519,P0106,S02,4,81.23,0.3,6.78
ORD00853,2022-01-17,C0298,P0027,S02,2,208.09,0.2,2.52
ORD00854,2023-04-02,C0686,P0119,S01,1,293.15,0.1,12.94
ORD00855,2024-08-10,C0750,P0047,S01,5,76.16,0.0,1.44
ORD00856,2024-06-06,C0067,P0085,S01,5,64.7,0.05,9.63
ORD00857,2024-09-02,C0040,P0117,S02,4,245.73,0.0,8.2
ORD00858,2023-03-14,C0616,P0009,S05,1,477.53,0.2,0.0
ORD00859,2023-03-14,C0777,P0006,S04,1,145.45,0.1,0.0
ORD00860,2022-06-21,C0415,P0071,S01,4,234.6,0.05,7.45
ORD00861,2024-05-09,C0189,P0067,S06,1,58.95,0.25,0.0
ORD00862,2023-09-01,C0430,P0090,S02,2,106.0,0.15,10.43
ORD00863,2024-06-13,C0399,P0147,S06,2,165.33,0.2,0.0
ORD00864,2023-02-11,C0632,P0149,S01,2,19.17,0.2,10.76
ORD00865,2023-10-11,C0152,P0118,S02,1,64.84,0.15,14.87
ORD00866,2024-04-12,C0462,P0001,S08,3,276.86,0.1,1.56
ORD00867,2022-07-19,C0431,P0049,S04,3,180.85,0.1,0.0
ORD00868,2023-03-19,C0696,P0049,S03,1,166.25,0.2,0.0
ORD00869,2022-02-03,C0515,P0079,S06,1,90.72,0.05,0.0
ORD00870,2024-07-22,C0361,P0091,S06,1,28.72,0.3,0.0
ORD00871,2023-11-19,C0470,P0046,S02,1,140.83,0.1,13.41
ORD00872,2024-06-11,C0650,P0112,S01,2,40.86,0.25,4.85
ORD00873,2022-08-01,C0632,P0005,S08,1,129.26,0.15,5.32
ORD00874,2022-07-24,C0596,P0129,S06,2,5.56,0.2,0.0
ORD00875,2023-03-10,C0565,P0117,S02,1,232.94,0.05,1.01
ORD00876,2022-09-12,C0423,P0119,S08,2,303.37,0.15,3.51
ORD00877,2024-03-21,C0230,P0096,S02,1,147.25,0.1,13.2
ORD00878,2024-04-29,C0158,P0007,S05,3,70.24,0.05,0.0
ORD00879,2023-10-13,C0441,P0147,S01,5,179.62,0.0,4.87
ORD00880,2024-05-28,C0746,P0100,S01,4,32.05,0.05,10.04
ORD00881,2024-06-14,C0517,P0033,S01,2,31.31,0.0,9.93
ORD00882,2022-11-22,C0096,P0053,S01,1,277.89,0.1,10.96
ORD00883,2022-11-10,C0081,P0140,S03,1,271.03,0.15,0.0
ORD00884,2024-07-18,C0192,P0092,S01,4,147.99,0.0,8.43
ORD00885,2022-04-16,C0643,P0037,S01,5,117.02,0.2,2.63
ORD00886,2022-08-16,C0110,P0032,S01,1,59.73,0.0,3.01
ORD00887,2022-06-08,C0213,P0093,S02,1,223.13,0.0,1.45
ORD00888,2022-05-31,C0216,P0020,S04,1,274.52,0.0,0.0
ORD00889,2023-01-04,C0676,P0046,S03,2,221.6,0.0,0.0
ORD00890,2022-01-11,C0125,P0066,S01,1,142.14,0.0,9.97
ORD00891,2024-11-14,C0374,P0056,S01,1,312.3,0.0,13.91
ORD00892,2023-03-27,C0275,P0033,S01,1,19.86,0.0,5.99
ORD00893,2023-08-26,C0447,P0127,S02,1,182.77,0.0,14.89
ORD00894,2022-12-21,C0403,P0072,S01,3,77.7,0.1,8.1
ORD00895,2022-12-06,C0444,P0125,S07,1,84.35,0.15,0.0
ORD00896,2024-02-24,C0362,P0146,S02,2,16.21,0.0,9.35
ORD00897,2022-12-09,C0260,P0131,S03,1,90.55,0.2,0.0
ORD00898,2024-12-22,C0118,P0008,S01,1,957.02,0.15,1.92
ORD00899,2024-01-03,C0673,P0056,S02,1,317.39,0.0,11.73
ORD00900,2022-01-20,C0735,P0003,S01,1,789.96,0.15,0.54
ORD00901,2024-02-29,C0540,P0055,S01,2,151.22,0.15,3.95
ORD00902,2022-06-03,C0699,P0108,S05,1,197.59,0.0,0.0
ORD00903,2023-02-08,C0511,P0127,S01,1,173.19,0.0,14.05
ORD00904,2024-07-16,C0606,P0084,S02,2,24.24,0.0,4.58
ORD00905,2023-08-06,C0038,P0104,S07,4,138.13,0.0,0.0
ORD00906,2022-02-03,C0426,P0025,S05,1,423.81,0.15,0.0
ORD00907,2024-03-30,C0506,P0081,S03,1,262.45,0.1,0.0
ORD00908,2024-07-19,C0383,P0032,S08,1,53.86,0.0,13.79
ORD00909,2022-01-22,C0705,P0083,S05,1,97.93,0.0,0.0
ORD00910,2022-04-18,C0114,P0012,S01,1,1208.21,0.0,12.77
ORD00911,2024-02-17,C0142,P0044,S03,1,211.87,0.0,0.0
ORD00912,2022-09-08,C0592,P0062,S02,1,103.65,0.0,1.75
ORD00913,2024-09-15,C0785,P0068,S01,1,275.81,0.1,5.71
ORD00914,2022-05-04,C0480,P0056,S06,1,326.02,0.0,0.0
ORD00915,2024-12-16,C0779,P0081,S08,2,304.14,0.1,12.09
ORD00916,2024-10-30,C0225,P0034,S08,1,320.32,0.05,4.57
ORD00917,2024-11-17,C0193,P0103,S01,1,68.75,0.1,6.04
ORD00918,2022-07-29,C0763,P0028,S01,1,391.46,0.05,10.42
ORD00919,2023-07-01,C0464,P0136,S02,1,86.64,0.1,14.63
ORD00920,2023-12-27,C0407,P0039,S02,2,214.32,0.0,12.34
ORD00921,2023-07-13,C0665,P0013,S02,4,608.5,0.0,12.93
ORD00922,2023-01-23,C0543,P0071,S03,2,280.5,0.0,0.0
ORD00923,2022-08-16,C0037,P0014,S03,1,207.5,0.05,0.0
ORD00924,2023-07-19,C0402,P0104,S02,1,157.66,0.2,11.47
ORD00925,2023-07-04,C0209,P0044,S01,1,206.35,0.1,7.54
ORD00926,2022-01-07,C0718,P0129,S03,2,7.15,0.2,0.0
ORD00927,2023-05-04,C0171,P0018,S01,4,390.68,0.0,5.51
ORD00928,2022-01-27,C0343,P0110,S01,5,19.79,0.2,0.39
ORD00929,2022-12-16,C0609,P0003,S02,1,537.12,0.0,14.45
ORD00930,2023-05-22,C0018,P0012,S03,5,950.54,0.2,0.0
ORD00931,2024-12-11,C0794,P0038,S01,1,42.69,0.15,6.49
ORD00932,2024-07-15,C0559,P0090,S01,1,121.24,0.0,7.59
ORD00933,2024-11-26,C0116,P0124,S01,2,35.05,0.1,1.58
ORD00934,2022-10-18,C0251,P0008,S03,2,897.45,0.05,0.0
ORD00935,2024-12-15,C0340,P0090,S02,1,112.92,0.3,9.29
ORD00936,2023-09-26,C0533,P0149,S05,3,21.99,0.0,0.0
ORD00937,2024-07-20,C0296,P0089,S01,1,197.79,0.25,0.92
ORD00938,2022-10-29,C0536,P0039,S08,2,231.7,0.1,6.9
ORD00939,2023-09-14,C0302,P0017,S01,1,213.14,0.0,14.92
ORD00940,2022-09-10,C0006,P0079,S02,2,76.26,0.0,10.43
ORD00941,2023-05-30,C0515,P0073,S04,3,9.45,0.0,0.0
ORD00942,2023-02-07,C0298,P0021,S01,1,488.59,0.0,2.13
ORD00943,2024-03-02,C0268,P0026,S08,2,569.1,0.0,4.55
ORD00944,2024-06-11,C0593,P0083,S01,3,73.39,0.0,10.38
ORD00945,2024-05-02,C0313,P0078,S01,2,19.08,0.1,7.64
ORD00946,2023-01-11,C0099,P0112,S01,1,66.64,0.0,12.21
ORD00947,2024-01-03,C0478,P0110,S02,1,29.19,0.0,4.59
ORD00948,2024-05-12,C0630,P0036,S08,3,249.59,0.1,7.91
ORD00949,2024-02-04,C0580,P0140,S07,1,264.18,0.2,0.0
ORD00950,2022-09-15,C0474,P0002,S06,4,692.88,0.05,0.0
ORD00951,2022-04-22,C0666,P0070,S01,2,350.03,0.2,6.75
ORD00952,2022-05-05,C0691,P0150,S02,2,67.41,0.15,5.52
ORD00953,2024-11-23,C0140,P0127,S01,2,221.47,0.2,12.41
ORD00954,2023-02-16,C0157,P0001,S03,1,415.14,0.0,0.0
ORD00955,2023-02-23,C0518,P0007,S02,1,75.03,0.0,0.17
ORD00956,2024-04-08,C0241,P0048,S06,2,142.96,0.2,0.0
ORD00957,2022-09-10,C0190,P0006,S01,2,154.38,0.0,0.29
ORD00958,2024-11-13,C0206,P0140,S02,1,235.08,0.1,11.4
ORD00959,2024-10-06,C0401,P0071,S02,3,170.65,0.05,8.03
ORD00960,2024-05-20,C0469,P0073,S01,1,5.94,0.1,0.18
ORD00961,2024-06-29,C0143,P0091,S02,2,32.71,0.0,14.64
ORD00962,2022-11-21,C0216,P0129,S01,2,9.09,0.0,14.39
ORD00963,2022-05-09,C0361,P0039,S04,2,195.29,0.05,0.0
ORD00964,2022-10-14,C0404,P0078,S01,3,19.87,0.05,8.22
ORD00965,2023-01-05,C0795,P0130,S04,1,144.08,0.1,0.0
ORD00966,2023-12-14,C0070,P0104,S01,3,179.88,0.0,1.47
ORD00967,2022-07-17,C0696,P0128,S02,3,244.28,0.3,2.25
ORD00968,2023-04-30,C0746,P0045,S07,3,69.34,0.05,0.0
ORD00969,2022-05-12,C0118,P0065,S01,2,96.79,0.05,7.14
ORD00970,2023-10-20,C0387,P0116,S01,2,229.56,0.1,5.92
ORD00971,2023-02-05,C0696,P0113,S01,1,258.58,0.0,11.78
ORD00972,2024-12-18,C0089,P0050,S03,2,71.52,0.1,0.0
ORD00973,2023-02-21,C0006,P0036,S02,1,298.05,0.05,11.8
ORD00974,2022-05-28,C0509,P0136,S01,1,84.78,0.2,10.32
ORD00975,2024-10-22,C0142,P0144,S06,1,86.2,0.1,0.0
ORD00976,2022-05-26,C0530,P0033,S01,1,20.17,0.0,12.61
ORD00977,2023-11-09,C0258,P0075,S02,1,143.91,0.2,13.53
ORD00978,2022-06-03,C0531,P0062,S08,2,79.51,0.0,9.56
ORD00979,2022-08-16,C0669,P0068,S01,1,252.87,0.0,13.43
ORD00980,2023-11-17,C0143,P0016,S01,3,197.71,0.0,9.21
ORD00981,2022-05-08,C0578,P0019,S08,2,301.95,0.15,7.78
ORD00982,2022-03-14,C0427,P0019,S03,2,323.88,0.0,0.0
ORD00983,2022-08-02,C0231,P0130,S04,1,170.6,0.0,0.0
ORD00984,2023-04-12,C0027,P0015,S05,3,181.89,0.05,0.0
ORD00985,2022-02-07,C0397,P0014,S05,2,233.02,0.05,0.0
ORD00986,2024-05-24,C0449,P0030,S01,2,37.79,0.25,1.27
ORD00987,2023-12-22,C0060,P0112,S01,1,57.66,0.0,1.08
ORD00988,2022-06-06,C0185,P0113,S01,1,193.51,0.1,0.18
ORD00989,2022-06-07,C0211,P0140,S02,2,357.01,0.0,11.06
ORD00990,2023-03-28,C0376,P0078,S05,1,23.93,0.1,0.0
ORD00991,2024-12-14,C0715,P0082,S02,1,156.68,0.0,5.25
ORD00992,2024-09-22,C0141,P0053,S06,2,314.62,0.0,0.0
ORD00993,2023-03-08,C0037,P0037,S08,2,100.03,0.1,2.78
ORD00994,2022-02-13,C0277,P0009,S01,1,456.53,0.2,1.48
ORD00995,2022-06-23,C0508,P0099,S01,1,14.1,0.05,11.47
ORD00996,2023-04-05,C0676,P0048,S02,1,128.55,0.0,0.31
ORD00997,2023-12-14,C0269,P0087,S06,2,154.2,0.15,0.0
ORD00998,2023-11-30,C0438,P0112,S05,4,65.72,0.15,0.0
ORD00999,2022-08-12,C0548,P0074,S02,2,203.29,0.1,11.54
ORD01000,2024-11-28,C0479,P0098,S05,4,134.97,0.0,0.0
ORD01001,2022-02-01,C0088,P0071,S08,3,204.88,0.0,3.09
ORD01002,2024-03-19,C0371,P0071,S01,1,168.45,0.1,9.23
ORD01003,2022-01-26,C0677,P0146,S01,1,18.77,0.0,9.66
ORD01004,2024-08-05,C0478,P0003,S01,1,711.3,0.1,0.63
ORD01005,2023-03-23,C0082,P0149,S01,2,26.03,0.0,11.98
ORD01006,2022-05-12,C0785,P0067,S05,1,39.17,0.05,0.0
ORD01007,2022-04-12,C0189,P0010,S04,3,880.21,0.1,0.0
ORD01008,2023-04-12,C0264,P0067,S01,3,47.97,0.2,8.74
ORD01009,2023-12-18,C0455,P0130,S01,1,171.6,0.0,12.18
ORD01010,2024-05-01,C0290,P0110,S01,1,29.9,0.15,1.92
ORD01011,2024-02-07,C0637,P0076,S01,1,187.92,0.0,13.92
ORD01012,2022-11-04,C0109,P0007,S03,3,52.97,0.05,0.0
ORD01013,2024-11-06,C0221,P0089,S02,2,233.03,0.1,6.48
ORD01014,2022-11-04,C0080,P0021,S08,5,562.57,0.1,9.19
ORD01015,2024-05-06,C0541,P0032,S05,2,68.26,0.1,0.0
ORD01016,2024-12-01,C0200,P0069,S06,1,22.18,0.0,0.0
ORD01017,2024-01-12,C0767,P0081,S08,2,187.78,0.05,2.96
ORD01018,2024-04-19,C0574,P0091,S02,4,48.66,0.1,9.69
ORD01019,2023-04-17,C0236,P0108,S03,3,187.43,0.0,0.0
ORD01020,2023-08-11,C0084,P0031,S02,2,210.39,0.0,12.92
ORD01021,2024-07-18,C0429,P0031,S01,2,213.77,0.25,13.78
ORD01022,2022-07-26,C0442,P0009,S01,1,484.89,0.0,11.33
ORD01023,2024-11-20,C0433,P0100,S02,1,34.94,0.1,12.63
ORD01024,2023-08-24,C0606,P0087,S03,1,239.7,0.15,0.0
ORD01025,2023-12-28,C0646,P0105,S02,3,304.43,0.0,9.84
ORD01026,2024-11-09,C0608,P0002,S03,2,719.54,0.05,0.0
ORD01027,2023-10-19,C0740,P0131,S03,4,125.76,0.0,0.0
ORD01028,2023-09-01,C0578,P0013,S02,2,1034.98,0.05,14.06
ORD01029,2024-05-23,C0327,P0099,S05,5,9.11,0.0,0.0
ORD01030,2023-03-08,C0589,P0072,S07,1,48.24,0.0,0.0
ORD01031,2022-12-06,C0499,P0071,S02,4,169.89,0.0,10.89
ORD01032,2023-07-25,C0566,P0053,S06,3,321.92,0.0,0.0
ORD01033,2023-02-04,C0379,P0007,S01,4,52.52,0.1,7.59
ORD01034,2024-06-30,C0303,P0117,S08,2,279.69,0.25,10.99
ORD01035,2022-09-03,C0506,P0111,S01,3,88.93,0.3,8.86
ORD01036,2023-11-01,C0283,P0086,S02,2,97.03,0.1,4.46
ORD01037,2022-03-20,C0326,P0134,S01,2,104.1,0.2,10.33
ORD01038,2022-01-17,C0226,P0097,S04,1,187.46,0.0,0.0
ORD01039,2023-08-02,C0529,P0023,S07,2,308.73,0.0,0.0
ORD01040,2022-05-18,C0728,P0054,S01,1,297.78,0.0,2.4
ORD01041,2024-09-18,C0308,P0047,S06,4,90.51,0.1,0.0
ORD01042,2024-09-12,C0116,P0057,S08,4,20.99,0.15,3.7
ORD01043,2023-10-29,C0119,P0109,S01,5,79.55,0.1,14.88
ORD01044,2023-12-13,C0793,P0033,S07,3,17.82,0.2,0.0
ORD01045,2022-03-01,C0221,P0130,S07,3,139.12,0.0,0.0
ORD01046,2023-10-24,C0422,P0082,S02,1,213.85,0.0,3.06
ORD01047,2022-04-22,C0348,P0057,S03,1,31.48,0.05,0.0
ORD01048,2022-12-08,C0629,P0029,S03,1,650.09,0.05,0.0
ORD01049,2023-11-14,C0065,P0142,S04,2,81.59,0.0,0.0
ORD01050,2023-04-15,C0383,P0042,S01,1,115.63,0.15,5.33
ORD01051,2022-01-28,C0774,P0006,S08,1,184.22,0.0,8.31
ORD01052,2024-09-20,C0309,P0073,S01,2,4.98,0.1,11.41
ORD01053,2022-03-11,C0387,P0032,S04,1,37.68,0.15,0.0
ORD01054,2022-06-06,C0021,P0107,S01,3,139.0,0.1,3.04
ORD01055,2022-11-07,C0199,P0101,S06,3,18.67,0.15,0.0
ORD01056,2024-05-20,C0310,P0006,S01,1,143.19,0.0,4.9
ORD01057,2024-08-23,C0096,P0110,S01,1,21.17,0.0,4.58
ORD01058,2024-12-28,C0018,P0098,S08,2,154.88,0.3,14.95
ORD01059,2022-08-10,C0026,P0148,S02,1,133.94,0.0,6.73
ORD01060,2023-11-12,C0098,P0022,S03,1,160.43,0.25,0.0
ORD01061,2023-05-27,C0632,P0104,S06,2,183.78,0.2,0.0
ORD01062,2023-04-22,C0259,P0127,S02,2,247.94,0.2,5.87
ORD01063,2022-03-16,C0614,P0145,S02,1,80.55,0.1,10.43
ORD01064,2024-09-27,C0668,P0081,S01,1,169.35,0.05,9.29
ORD01065,2024-02-09,C0166,P0004,S02,1,520.29,0.0,11.91
ORD01066,2022-08-21,C0508,P0109,S01,3,51.71,0.05,8.82
ORD01067,2024-05-06,C0121,P0076,S02,1,206.79,0.25,9.63
ORD01068,2023-07-10,C0578,P0096,S04,1,104.15,0.05,0.0
ORD01069,2024-01-31,C0484,P0065,S02,4,88.42,0.25,8.42
ORD01070,2022-10-05,C0011,P0122,S01,1,265.79,0.05,9.05
ORD01071,2022-01-12,C0205,P0049,S04,2,176.06,0.0,0.0
ORD01072,2022-11-17,C0232,P0144,S01,1,107.02,0.0,4.05
ORD01073,2024-05-22,C0377,P0079,S03,1,127.53,0.0,0.0
ORD01074,2023-02-19,C0106,P0040,S05,1,128.49,0.0,0.0
ORD01075,2022-07-29,C0602,P0134,S03,1,73.29,0.1,0.0
ORD01076,2024-08-27,C0238,P0001,S08,1,260.9,0.2,5.01
ORD01077,2022-10-28,C0001,P0122,S01,4,302.05,0.0,10.62
ORD01078,2024-11-13,C0681,P0109,S02,1,82.28,0.15,7.76
ORD01079,2023-05-09,C0793,P0097,S02,1,145.97,0.0,2.21
ORD01080,2024-12-05,C0620,P0021,S06,5,521.48,0.25,0.0
ORD01081,2024-06-14,C0712,P0126,S05,2,119.77,0.1,0.0
ORD01082,2024-06-10,C0026,P0046,S07,3,141.18,0.15,0.0
ORD01083,2023-12-10,C0632,P0055,S03,5,142.22,0.25,0.0
ORD01084,2024-02-23,C0201,P0003,S02,2,741.24,0.0,11.03
ORD01085,2023-09-28,C0260,P0095,S02,1,290.59,0.0,14.0
ORD01086,2023-07-18,C0045,P0102,S08,2,199.96,0.0,6.32
ORD01087,2024-07-19,C0768,P0122,S07,3,278.0,0.2,0.0
ORD01088,2022-03-20,C0723,P0040,S05,4,151.84,0.0,0.0
ORD01089,2022-09-02,C0322,P0016,S01,2,138.13,0.3,6.15
ORD01090,2022-02-04,C0727,P0082,S01,5,218.36,0.15,5.76
ORD01091,2024-01-21,C0427,P0104,S06,2,154.45,0.0,0.0
ORD01092,2024-10-24,C0086,P0069,S01,1,27.99,0.1,2.77
ORD01093,2024-11-01,C0319,P0001,S01,1,330.28,0.0,5.02
ORD01094,2022-06-26,C0091,P0119,S01,1,178.69,0.15,0.36
ORD01095,2023-01-16,C0786,P0006,S01,1,188.94,0.1,4.1
ORD01096,2024-07-31,C0316,P0064,S06,2,106.54,0.25,0.0
ORD01097,2022-09-29,C0723,P0098,S01,1,109.21,0.1,14.11
ORD01098,2024-04-27,C0280,P0049,S07,1,134.32,0.0,0.0
ORD01099,2024-06-19,C0364,P0126,S03,1,119.43,0.1,0.0
ORD01100,2022-12-16,C0395,P0150,S01,2,103.19,0.3,12.63
ORD01101,2024-06-07,C0213,P0074,S01,5,187.17,0.1,12.04
ORD01102,2023-07-05,C0265,P0054,S01,1,248.88,0.25,7.24
ORD01103,2024-11-24,C0487,P0048,S01,2,116.01,0.0,1.21
ORD01104,2022-03-11,C0645,P0027,S02,4,225.7,0.0,7.45
ORD01105,2024-08-31,C0192,P0026,S08,1,718.12,0.05,10.94
ORD01106,2024-07-23,C0749,P0112,S02,3,59.24,0.0,2.38
ORD01107,2023-09-07,C0782,P0060,S08,4,103.28,0.0,2.03
ORD01108,2022-12-02,C0612,P0077,S08,4,256.23,0.0,9.85
ORD01109,2022-10-13,C0056,P0086,S08,1,124.36,0.15,1.03
ORD01110,2023-12-10,C0472,P0043,S01,1,11.03,0.2,4.23
ORD01111,2023-09-10,C0242,P0048,S07,1,128.24,0.15,0.0
ORD01112,2022-11-12,C0006,P0096,S02,1,120.67,0.05,13.59
ORD01113,2022-07-16,C0782,P0082,S08,1,151.34,0.0,4.08
ORD01114,2024-05-19,C0074,P0137,S01,2,175.27,0.3,6.75
ORD01115,2022-02-25,C0787,P0046,S01,1,224.08,0.05,0.98
ORD01116,2022-01-04,C0080,P0102,S03,1,182.0,0.0,0.0
ORD01117,2023-03-09,C0348,P0024,S02,1,249.77,0.0,0.94
ORD01118,2023-09-30,C0036,P0124,S01,5,45.8,0.0,2.09
ORD01119,2022-08-06,C0355,P0022,S04,1,143.58,0.2,0.0
ORD01120,2022-01-26,C0589,P0033,S02,2,22.52,0.0,5.21
ORD01121,2024-04-02,C0311,P0014,S02,2,262.04,0.0,0.33
ORD01122,2024-07-11,C0730,P0122,S01,2,282.47,0.0,14.45
ORD01123,2024-12-24,C0154,P0021,S01,4,607.18,0.15,14.05
ORD01124,2023-06-13,C0446,P0117,S01,1,165.08,0.0,6.28
ORD01125,2024-09-29,C0614,P0013,S04,1,672.38,0.0,0.0
ORD01126,2022-02-18,C0301,P0046,S02,1,218.55,0.0,14.72
ORD01127,2024-12-24,C0180,P0064,S01,1,89.14,0.15,9.81
ORD01128,2024-10-07,C0354,P0071,S08,2,179.17,0.0,8.48
ORD01129,2024-12-08,C0079,P0011,S01,1,28.2,0.1,14.58
ORD01130,2022-07-27,C0346,P0021,S08,2,625.05,0.05,5.24
ORD01131,2022-02-15,C0739,P0066,S04,4,118.95,0.2,0.0
ORD01132,2023-01-28,C0631,P0078,S02,3,20.56,0.0,3.38
ORD01133,2022-04-11,C0221,P0122,S05,1,215.72,0.15,0.0
ORD01134,2023-01-16,C0620,P0012,S02,1,1125.81,0.0,8.42
ORD01135,2022-01-11,C0425,P0005,S04,1,158.55,0.05,0.0
ORD01136,2023-10-14,C0019,P0058,S05,1,45.73,0.1,0.0
ORD01137,2024-08-01,C0555,P0085,S02,4,113.6,0.0,10.84
ORD01138,2023-11-29,C0156,P0114,S02,2,168.22,0.0,10.62
ORD01139,2022-12-15,C0413,P0066,S01,3,161.61,0.3,1.23
ORD01140,2024-09-23,C0086,P0089,S01,5,246.82,0.0,7.27
ORD01141,2024-07-13,C0160,P0008,S03,1,650.18,0.0,0.0
ORD01142,2024-06-02,C0770,P0006,S08,2,200.19,0.05,12.75
ORD01143,2023-04-26,C0135,P0138,S02,4,223.61,0.0,6.93
ORD01144,2024-03-21,C0585,P0029,S01,3,535.1,0.15,9.76
ORD01145,2023-12-22,C0614,P0108,S01,3,222.95,0.1,0.93
ORD01146,2023-10-13,C0402,P0137,S01,1,151.78,0.15,12.1
ORD01147,2024-07-09,C0410,P0046,S01,2,185.83,0.0,0.78
ORD01148,2022-07-21,C0429,P0108,S02,2,255.92,0.1,3.02
ORD01149,2022-12-07,C0701,P0121,S01,1,195.96,0.15,2.47
ORD01150,2022-11-27,C0180,P0062,S02,2,72.75,0.0,11.35
ORD01151,2022-09-29,C0212,P0008,S03,1,834.23,0.1,0.0
ORD01152,2023-11-10,C0251,P0041,S02,5,32.37,0.0,13.17
ORD01153,2024-12-29,C0493,P0113,S06,1,328.99,0.2,0.0
ORD01154,2022-03-23,C0645,P0131,S03,1,150.9,0.0,0.0
ORD01155,2024-01-21,C0146,P0087,S08,3,174.92,0.0,6.77
ORD01156,2022-07-18,C0470,P0019,S07,1,543.08,0.0,0.0
ORD01157,2023-06-17,C0339,P0114,S05,2,271.16,0.1,0.0
ORD01158,2022-10-31,C0227,P0007,S07,2,44.98,0.15,0.0
ORD01159,2022-11-21,C0487,P0079,S05,2,76.75,0.0,0.0
ORD01160,2022-09-21,C0394,P0075,S01,1,198.5,0.2,13.64
ORD01161,2023-09-13,C0266,P0004,S02,2,586.54,0.2,7.47
ORD01162,2024-11-24,C0353,P0044,S03,2,194.97,0.05,0.0
ORD01163,2024-12-07,C0664,P0125,S01,2,76.24,0.0,12.33
ORD01164,2024-02-17,C0351,P0017,S01,1,273.31,0.0,11.63
ORD01165,2024-01-01,C0654,P0146,S08,3,20.69,0.2,3.06
ORD01166,2024-12-09,C0373,P0052,S04,1,225.46,0.0,0.0
ORD01167,2023-11-06,C0567,P0070,S08,3,243.51,0.05,11.89
ORD01168,2022-04-25,C0254,P0134,S01,3,104.9,0.0,9.52
ORD01169,2023-05-17,C0182,P0117,S01,2,273.47,0.1,5.94
ORD01170,2022-09-29,C0213,P0016,S01,2,229.71,0.1,8.0
ORD01171,2024-08-08,C0327,P0014,S05,1,164.01,0.05,0.0
ORD01172,2024-06-24,C0103,P0051,S02,1,310.72,0.05,11.9
ORD01173,2022-01-20,C0738,P0029,S07,3,501.09,0.0,0.0
ORD01174,2023-07-09,C0337,P0046,S02,2,233.77,0.3,13.59
ORD01175,2023-09-06,C0255,P0137,S01,2,129.37,0.05,14.75
ORD01176,2024-06-20,C0500,P0047,S01,4,71.71,0.05,3.03
ORD01177,2024-10-12,C0779,P0017,S02,1,236.68,0.25,13.41
ORD01178,2024-06-26,C0188,P0138,S01,1,221.73,0.0,2.28
ORD01179,2023-09-22,C0785,P0082,S02,1,173.0,0.0,9.23
ORD01180,2022-11-13,C0785,P0050,S02,1,42.24,0.0,13.24
ORD01181,2022-11-18,C0486,P0133,S04,3,46.69,0.15,0.0
ORD01182,2023-07-06,C0484,P0068,S08,3,230.5,0.0,14.51
ORD01183,2023-09-20,C0764,P0091,S01,1,37.07,0.1,14.76
ORD01184,2024-05-04,C0057,P0104,S08,1,163.41,0.2,9.52
ORD01185,2023-02-19,C0302,P0066,S06,1,124.1,0.05,0.0
ORD01186,2024-02-23,C0757,P0144,S01,1,111.38,0.05,6.41
ORD01187,2023-07-16,C0165,P0063,S01,1,186.57,0.15,0.19
ORD01188,2024-09-24,C0061,P0097,S01,2,157.42,0.0,7.91
ORD01189,2024-01-27,C0114,P0073,S02,4,8.24,0.0,13.35
ORD01190,2022-11-05,C0205,P0147,S03,1,129.22,0.0,0.0
ORD01191,2023-06-18,C0707,P0075,S01,3,232.83,0.0,2.81
ORD01192,2023-03-16,C0234,P0120,S02,1,191.7,0.1,12.29
ORD01193,2023-06-15,C0144,P0006,S01,1,160.24,0.0,10.65
ORD01194,2024-12-18,C0383,P0132,S01,1,59.79,0.0,7.07
ORD01195,2023-11-01,C0290,P0126,S03,2,150.37,0.15,0.0
ORD01196,2022-08-19,C0090,P0132,S03,1,65.99,0.1,0.0
ORD01197,2024-08-11,C0667,P0039,S01,1,179.13,0.1,7.41
ORD01198,2024-07-18,C0022,P0111,S02,1,104.58,0.1,5.03
ORD01199,2024-03-09,C0331,P0058,S02,1,47.99,0.0,10.68
ORD01200,2023-10-31,C0789,P0052,S06,4,267.93,0.2,0.0
ORD01201,2022-11-09,C0212,P0038,S01,1,24.66,0.05,3.6
ORD01202,2023-11-02,C0674,P0059,S01,1,14.19,0.05,5.22
ORD01203,2023-07-10,C0791,P0056,S02,1,254.94,0.2,11.23
ORD01204,2024-06-19,C0027,P0097,S02,2,166.18,0.15,9.31
ORD01205,2024-02-19,C0409,P0113,S01,3,240.63,0.1,12.62
ORD01206,2022-09-13,C0519,P0045,S08,2,76.56,0.0,14.69
ORD01207,2023-03-06,C0759,P0126,S03,2,135.57,0.0,0.0
ORD01208,2023-01-27,C0520,P0024,S02,1,270.49,0.0,10.14
ORD01209,2024-07-24,C0431,P0098,S02,3,111.29,0.0,10.29
ORD01210,2023-09-08,C0667,P0022,S03,1,102.45,0.05,0.0
ORD01211,2023-10-25,C0182,P0064,S03,1,83.71,0.0,0.0
ORD01212,2022-05-06,C0758,P0054,S04,1,313.06,0.05,0.0
ORD01213,2022-11-19,C0532,P0045,S08,2,64.54,0.2,12.56
ORD01214,2023-01-07,C0167,P0029,S01,1,487.68,0.05,9.64
ORD01215,2023-06-28,C0027,P0008,S01,4,925.2,0.0,7.69
ORD01216,2024-12-11,C0016,P0026,S01,1,655.98,0.05,3.19
ORD01217,2022-05-16,C0476,P0122,S08,3,180.51,0.05,4.56
ORD01218,2022-01-02,C0264,P0121,S01,2,253.58,0.0,14.07
ORD01219,2022-07-17,C0201,P0147,S01,2,217.21,0.2,11.49
ORD01220,2022-10-20,C0762,P0022,S01,1,166.33,0.2,9.97
ORD01221,2022-08-04,C0190,P0065,S05,1,71.43,0.15,0.0
ORD01222,2024-11-30,C0779,P0069,S07,1,33.35,0.0,0.0
ORD01223,2022-10-25,C0766,P0009,S08,1,636.83,0.0,8.41
ORD01224,2022-01-30,C0244,P0009,S01,1,433.61,0.1,6.71
ORD01225,2023-01-20,C0416,P0148,S02,1,142.43,0.1,12.97
ORD01226,2024-06-19,C0672,P0072,S05,4,63.0,0.0,0.0
ORD01227,2023-01-17,C0791,P0125,S02,2,64.13,0.1,14.65
ORD01228,2023-12-03,C0065,P0068,S05,1,173.26,0.0,0.0
ORD01229,2022-09-16,C0114,P0118,S01,2,54.99,0.0,0.63
ORD01230,2023-12-13,C0567,P0112,S08,1,58.42,0.2,13.77
ORD01231,2024-10-30,C0200,P0131,S01,2,105.3,0.15,12.88
ORD01232,2023-12-26,C0577,P0039,S07,2,170.98,0.2,0.0
ORD01233,2024-01-13,C0171,P0136,S02,1,120.87,0.0,11.31
ORD01234,2022-11-08,C0208,P0109,S01,5,83.0,0.25,0.27
ORD01235,2023-08-31,C0432,P0134,S07,1,129.23,0.0,0.0
ORD01236,2023-09-07,C0726,P0065,S03,1,96.22,0.25,0.0
ORD01237,2022-05-17,C0144,P0106,S01,3,66.05,0.15,12.44
ORD01238,2023-05-12,C0662,P0041,S02,2,34.3,0.0,13.09
ORD01239,2023-12-19,C0144,P0071,S07,1,167.22,0.15,0.0
ORD01240,2022-11-07,C0689,P0037,S01,1,102.46,0.1,8.11
ORD01241,2024-12-02,C0791,P0027,S03,1,147.02,0.1,0.0
ORD01242,2024-07-19,C0279,P0088,S08,1,153.81,0.2,0.19
ORD01243,2023-06-08,C0437,P0120,S03,4,153.25,0.1,0.0
ORD01244,2024-01-13,C0719,P0127,S08,1,204.78,0.1,8.98
ORD01245,2024-11-06,C0366,P0065,S01,1,73.39,0.2,4.5
ORD01246,2023-05-13,C0606,P0057,S02,1,35.09,0.3,0.72
ORD01247,2024-09-26,C0385,P0145,S03,4,106.95,0.1,0.0
ORD01248,2022-07-21,C0783,P0031,S01,2,214.41,0.15,10.02
ORD01249,2022-03-23,C0472,P0113,S03,2,281.0,0.25,0.0
ORD01250,2024-06-03,C0222,P0007,S03,1,80.01,0.25,0.0
ORD01251,2022-07-22,C0030,P0106,S05,3,60.36,0.0,0.0
ORD01252,2023-12-06,C0284,P0064,S02,1,77.33,0.05,3.59
ORD01253,2022-11-25,C0664,P0141,S01,1,325.58,0.0,0.52
ORD01254,2022-12-19,C0342,P0023,S02,2,299.13,0.2,14.93
ORD01255,2023-04-12,C0104,P0079,S08,1,129.58,0.05,7.82
ORD01256,2024-02-23,C0360,P0125,S01,1,50.25,0.0,12.47
ORD01257,2023-10-24,C0596,P0049,S01,2,168.31,0.1,1.72
ORD01258,2022-12-31,C0204,P0020,S01,2,210.71,0.25,13.64
ORD01259,2024-12-27,C0395,P0035,S01,5,304.84,0.2,12.44
ORD01260,2022-06-18,C0454,P0058,S06,1,74.91,0.0,0.0
ORD01261,2023-07-15,C0712,P0058,S08,1,63.18,0.0,7.76
ORD01262,2023-03-19,C0250,P0076,S08,3,200.11,0.05,4.75
ORD01263,2024-06-17,C0582,P0142,S01,1,72.88,0.05,11.61
ORD01264,2023-06-24,C0241,P0094,S01,1,172.93,0.3,13.39
ORD01265,2022-10-03,C0552,P0064,S03,1,101.57,0.25,0.0
ORD01266,2024-11-05,C0322,P0138,S01,3,215.71,0.0,9.47
ORD01267,2023-12-15,C0230,P0142,S02,2,80.42,0.0,10.54
ORD01268,2024-06-15,C0067,P0112,S08,1,42.32,0.1,7.69
ORD01269,2022-10-30,C0067,P0091,S08,1,29.33,0.0,5.77
ORD01270,2024-10-02,C0406,P0035,S01,1,273.26,0.05,9.78
ORD01271,2023-09-16,C0521,P0146,S08,1,20.55,0.05,9.01
ORD01272,2024-01-04,C0629,P0019,S01,1,479.7,0.0,7.59
ORD01273,2023-02-03,C0186,P0046,S01,4,206.9,0.15,1.06
ORD01274,2023-11-11,C0588,P0104,S05,2,124.83,0.2,0.0
ORD01275,2023-01-10,C0182,P0091,S05,4,35.69,0.05,0.0
ORD01276,2023-01-13,C0233,P0052,S02,2,218.33,0.0,0.68
ORD01277,2024-12-08,C0571,P0016,S01,1,140.62,0.0,4.15
ORD01278,2024-12-19,C0394,P0084,S01,3,30.43,0.1,4.97
ORD01279,2022-12-20,C0187,P0128,S02,5,243.32,0.0,2.94
ORD01280,2022-11-13,C0182,P0147,S07,2,188.27,0.2,0.0
ORD01281,2022-12-30,C0032,P0114,S03,4,199.35,0.2,0.0
ORD01282,2022-08-09,C0605,P0047,S02,4,75.59,0.05,7.75
ORD01283,2023-11-22,C0399,P0141,S05,4,188.78,0.1,0.0
ORD01284,2022-05-15,C0145,P0094,S01,3,111.95,0.0,3.29
ORD01285,2024-04-07,C0492,P0016,S06,4,128.75,0.15,0.0
ORD01286,2022-07-06,C0540,P0083,S03,2,73.83,0.05,0.0
ORD01287,2023-02-16,C0459,P0035,S05,1,247.38,0.1,0.0
ORD01288,2024-04-07,C0503,P0022,S01,1,167.58,0.1,8.58
ORD01289,2024-03-07,C0790,P0074,S04,1,235.32,0.2,0.0
ORD01290,2022-12-22,C0548,P0013,S01,5,689.06,0.0,13.98
ORD01291,2024-12-09,C0380,P0131,S04,1,114.33,0.0,0.0
ORD01292,2024-10-11,C0047,P0004,S08,1,423.24,0.1,9.26
ORD01293,2023-08-18,C0676,P0062,S06,3,61.62,0.3,0.0
ORD01294,2024-04-03,C0614,P0037,S01,2,81.91,0.2,7.61
ORD01295,2023-09-27,C0420,P0070,S04,1,347.83,0.05,0.0
ORD01296,2024-09-26,C0642,P0003,S04,1,695.1,0.15,0.0
ORD01297,2023-04-02,C0119,P0030,S01,3,59.97,0.0,14.89
ORD01298,2023-11-02,C0698,P0066,S05,2,120.68,0.0,0.0
ORD01299,2023-08-10,C0268,P0146,S01,1,13.72,0.2,5.92
ORD01300,2024-10-16,C0037,P0133,S02,1,37.24,0.0,6.17
ORD01301,2024-03-05,C0248,P0018,S02,1,632.52,0.15,10.71
ORD01302,2024-06-24,C0679,P0011,S08,3,30.83,0.0,4.64
ORD01303,2022-11-09,C0180,P0065,S02,1,101.38,0.1,14.33
ORD01304,2024-03-12,C0518,P0075,S01,1,244.34,0.0,0.02
ORD01305,2024-06-17,C0072,P0113,S06,2,288.23,0.0,0.0
ORD01306,2022-11-26,C0059,P0082,S01,1,128.81,0.05,3.86
ORD01307,2022-12-14,C0380,P0083,S01,4,70.82,0.1,9.06
ORD01308,2022-01-13,C0060,P0145,S06,3,95.3,0.0,0.0
ORD01309,2022-06-01,C0586,P0122,S03,1,193.66,0.1,0.0
ORD01310,2023-05-28,C0491,P0117,S08,1,213.28,0.05,6.84
ORD01311,2024-01-08,C0653,P0074,S05,5,214.15,0.0,0.0
ORD01312,2022-10-22,C0728,P0106,S07,3,57.3,0.3,0.0
ORD01313,2023-12-24,C0432,P0104,S07,1,140.18,0.05,0.0
ORD01314,2024-03-06,C0334,P0087,S04,1,242.71,0.05,0.0
ORD01315,2023-05-19,C0583,P0049,S01,4,115.48,0.1,1.2
ORD01316,2024-04-16,C0219,P0079,S02,1,96.11,0.05,14.13
ORD01317,2024-07-15,C0053,P0106,S01,1,83.36,0.2,10.18
ORD01318,2024-06-03,C0025,P0114,S04,1,211.22,0.1,0.0
ORD01319,2022-11-16,C0203,P0148,S01,1,154.73,0.0,0.15
ORD01320,2024-09-23,C0753,P0136,S03,1,104.22,0.0,0.0
ORD01321,2022-05-14,C0055,P0003,S01,1,880.13,0.25,9.19
ORD01322,2024-01-01,C0219,P0039,S01,1,243.25,0.1,10.86
ORD01323,2023-10-09,C0487,P0115,S01,1,138.85,0.0,13.54
ORD01324,2022-11-24,C0168,P0039,S02,2,142.91,0.1,8.01
ORD01325,2022-11-21,C0717,P0121,S08,2,178.95,0.25,0.18
ORD01326,2024-08-26,C0786,P0044,S01,2,246.89,0.2,4.43
ORD01327,2024-06-22,C0459,P0047,S07,5,91.94,0.25,0.0
ORD01328,2023-12-06,C0379,P0022,S01,1,147.55,0.0,0.66
ORD01329,2023-10-19,C0364,P0022,S03,3,107.2,0.0,0.0
ORD01330,2023-01-29,C0025,P0134,S02,4,103.7,0.0,5.15
ORD01331,2023-06-23,C0346,P0111,S01,2,99.16,0.15,9.78
ORD01332,2024-07-27,C0565,P0086,S01,4,117.59,0.25,10.39
ORD01333,2022-02-09,C0482,P0052,S02,1,212.35,0.1,10.09
ORD01334,2024-02-08,C0435,P0132,S02,1,58.13,0.25,4.59
ORD01335,2023-06-20,C0289,P0126,S01,4,147.79,0.25,6.7
ORD01336,2022-08-21,C0781,P0033,S01,1,28.36,0.0,12.34
ORD01337,2022-11-12,C0798,P0061,S01,1,140.07,0.15,13.75
ORD01338,2023-11-30,C0160,P0019,S03,5,397.62,0.3,0.0
ORD01339,2023-11-09,C0628,P0028,S01,2,436.73,0.0,8.73
ORD01340,2022-06-16,C0004,P0024,S02,2,325.26,0.0,9.02
ORD01341,2022-06-12,C0198,P0136,S02,1,108.43,0.3,10.33
ORD01342,2023-01-17,C0454,P0016,S01,1,167.58,0.0,2.5
ORD01343,2023-02-09,C0590,P0139,S08,2,102.55,0.15,2.14
ORD01344,2022-06-05,C0775,P0083,S08,1,122.29,0.1,5.19
ORD01345,2024-11-03,C0437,P0056,S01,1,205.75,0.0,0.38
ORD01346,2022-01-15,C0289,P0065,S05,1,91.92,0.0,0.0
ORD01347,2023-12-06,C0635,P0016,S05,1,197.74,0.1,0.0
ORD01348,2024-07-02,C0327,P0023,S03,4,255.64,0.0,0.0
ORD01349,2022-05-15,C0462,P0082,S02,3,131.15,0.0,6.14
ORD01350,2023-10-04,C0234,P0049,S03,1,139.52,0.0,0.0
ORD01351,2024-04-05,C0464,P0119,S01,2,283.52,0.0,9.09
ORD01352,2023-10-11,C0410,P0039,S02,1,179.97,0.2,3.27
ORD01353,2022-12-20,C0223,P0048,S01,1,197.48,0.0,6.81
ORD01354,2023-11-22,C0402,P0128,S01,3,275.37,0.2,2.11
ORD01355,2023-07-23,C0622,P0125,S05,1,68.74,0.25,0.0
ORD01356,2022-11-24,C0362,P0016,S08,1,127.69,0.0,7.58
ORD01357,2022-10-17,C0222,P0127,S02,1,302.8,0.0,5.76
ORD01358,2022-11-21,C0701,P0080,S03,2,26.98,0.1,0.0
ORD01359,2024-12-20,C0706,P0096,S07,1,101.07,0.3,0.0
ORD01360,2022-05-10,C0428,P0095,S01,4,205.39,0.1,2.4
ORD01361,2023-11-29,C0716,P0085,S01,1,64.69,0.0,11.34
ORD01362,2023-05-26,C0020,P0121,S01,4,225.15,0.0,4.34
ORD01363,2022-06-16,C0618,P0119,S08,4,319.43,0.15,1.74
ORD01364,2022-05-18,C0789,P0050,S01,1,73.83,0.2,4.71
ORD01365,2022-05-01,C0649,P0058,S01,1,75.27,0.1,9.04
ORD01366,2023-10-18,C0620,P0081,S07,1,297.69,0.2,0.0
ORD01367,2022-09-04,C0754,P0016,S07,2,237.64,0.05,0.0
ORD01368,2022-01-23,C0148,P0053,S01,1,232.28,0.1,14.42
ORD01369,2024-05-13,C0795,P0120,S08,1,145.42,0.1,5.78
ORD01370,2022-11-18,C0111,P0081,S08,1,221.9,0.0,8.12
ORD01371,2024-07-17,C0331,P0033,S08,1,18.65,0.2,8.31
ORD01372,2024-09-04,C0738,P0081,S02,1,253.27,0.05,11.43
ORD01373,2023-10-26,C0628,P0084,S06,1,28.39,0.0,0.0
ORD01374,2022-09-28,C0144,P0018,S01,2,484.1,0.25,4.53
ORD01375,2023-04-27,C0366,P0093,S01,1,185.03,0.15,2.92
ORD01376,2024-10-05,C0538,P0016,S02,3,131.15,0.1,5.14
ORD01377,2024-07-07,C0233,P0067,S01,2,38.53,0.1,14.5
ORD01378,2023-04-07,C0225,P0011,S05,4,29.91,0.3,0.0
ORD01379,2022-10-09,C0397,P0083,S05,2,88.65,0.0,0.0
ORD01380,2023-08-17,C0564,P0107,S01,1,126.44,0.0,2.09
ORD01381,2022-01-15,C0596,P0021,S07,2,564.28,0.2,0.0
ORD01382,2024-03-24,C0008,P0138,S08,2,218.15,0.0,7.33
ORD01383,2024-02-06,C0207,P0041,S05,1,37.32,0.0,0.0
ORD01384,2023-06-18,C0463,P0074,S01,2,306.27,0.1,13.2
ORD01385,2024-11-14,C0190,P0053,S01,1,289.01,0.0,8.54
ORD01386,2023-02-26,C0754,P0146,S05,3,17.22,0.1,0.0
ORD01387,2023-09-14,C0664,P0014,S03,2,169.74,0.2,0.0
ORD01388,2023-06-01,C0318,P0007,S01,3,59.88,0.2,0.59
ORD01389,2023-02-27,C0738,P0100,S01,5,35.28,0.1,8.15
ORD01390,2022-12-05,C0575,P0123,S03,3,78.27,0.1,0.0
ORD01391,2023-05-24,C0001,P0028,S07,2,637.67,0.2,0.0
ORD01392,2023-09-14,C0164,P0146,S01,1,20.14,0.1,10.83
ORD01393,2024-02-03,C0670,P0107,S01,3,122.86,0.2,13.05
ORD01394,2023-09-11,C0210,P0117,S01,2,176.47,0.3,11.86
ORD01395,2024-09-02,C0089,P0029,S05,1,432.4,0.2,0.0
ORD01396,2023-07-14,C0492,P0145,S01,2,101.09,0.0,4.14
ORD01397,2022-03-03,C0477,P0111,S02,5,107.25,0.1,14.16
ORD01398,2024-09-08,C0025,P0069,S04,5,20.64,0.0,0.0
ORD01399,2024-06-10,C0238,P0126,S05,2,122.04,0.0,0.0
ORD01400,2022-07-01,C0484,P0117,S02,1,300.09,0.25,7.25
ORD01401,2022-10-26,C0417,P0089,S01,1,311.7,0.05,8.83
ORD01402,2023-12-13,C0689,P0038,S05,1,30.39,0.05,0.0
ORD01403,2022-06-27,C0341,P0036,S08,2,200.16,0.05,3.05
ORD01404,2022-12-03,C0519,P0088,S08,5,214.15,0.0,5.8
ORD01405,2023-12-01,C0588,P0041,S01,3,40.07,0.0,7.38
ORD01406,2024-03-22,C0115,P0108,S08,2,227.31,0.05,12.98
ORD01407,2022-01-09,C0681,P0141,S08,2,357.86,0.1,6.11
ORD01408,2023-11-17,C0750,P0084,S06,1,28.3,0.25,0.0
ORD01409,2024-12-07,C0225,P0101,S03,2,16.9,0.1,0.0
ORD01410,2022-08-06,C0160,P0117,S06,4,240.85,0.0,0.0
ORD01411,2024-10-11,C0712,P0019,S08,1,535.48,0.05,3.01
ORD01412,2023-01-27,C0303,P0008,S01,1,620.76,0.15,12.81
ORD01413,2022-05-27,C0122,P0116,S02,1,239.52,0.05,12.7
ORD01414,2023-09-07,C0214,P0096,S01,2,179.28,0.25,0.94
ORD01415,2022-03-06,C0032,P0090,S01,1,170.92,0.15,6.72
ORD01416,2022-07-20,C0702,P0090,S02,1,138.5,0.0,9.4
ORD01417,2022-06-27,C0095,P0140,S01,2,351.74,0.15,0.29
ORD01418,2022-07-12,C0248,P0087,S03,1,206.41,0.0,0.0
ORD01419,2024-07-13,C0098,P0106,S01,1,84.27,0.2,10.84
ORD01420,2024-06-29,C0475,P0047,S01,2,104.04,0.2,2.02
ORD01421,2022-04-10,C0715,P0031,S02,1,153.17,0.05,5.38
ORD01422,2022-11-30,C0437,P0085,S01,1,110.34,0.2,4.18
ORD01423,2023-02-12,C0006,P0064,S02,2,86.09,0.1,14.36
ORD01424,2022-12-28,C0310,P0012,S01,1,635.8,0.1,14.97
ORD01425,2024-10-07,C0718,P0114,S08,1,257.24,0.0,12.43
ORD01426,2022-02-18,C0716,P0094,S02,2,141.39,0.2,0.21
ORD01427,2024-01-25,C0429,P0028,S02,1,567.23,0.1,12.51
ORD01428,2024-05-14,C0270,P0023,S07,2,327.43,0.05,0.0
ORD01429,2024-11-04,C0124,P0036,S01,1,179.26,0.0,11.3
ORD01430,2023-02-07,C0383,P0140,S03,1,324.18,0.3,0.0
ORD01431,2023-01-15,C0574,P0030,S01,1,58.51,0.0,11.49
ORD01432,2024-03-11,C0523,P0016,S05,1,221.76,0.1,0.0
ORD01433,2024-12-22,C0328,P0036,S08,3,248.09,0.2,1.33
ORD01434,2023-01-22,C0491,P0123,S01,1,93.79,0.1,1.16
ORD01435,2022-05-26,C0523,P0033,S01,3,22.47,0.05,6.11
ORD01436,2022-05-29,C0642,P0064,S05,3,76.46,0.0,0.0
ORD01437,2024-04-12,C0044,P0111,S07,3,78.35,0.0,0.0
ORD01438,2024-02-05,C0767,P0058,S08,1,45.59,0.25,12.12
ORD01439,2024-11-09,C0248,P0041,S03,1,51.04,0.15,0.0
ORD01440,2024-06-05,C0068,P0107,S03,2,87.82,0.15,0.0
ORD01441,2022-03-23,C0288,P0101,S02,3,18.64,0.25,7.84
ORD01442,2023-11-01,C0524,P0121,S02,3,201.94,0.2,1.15
ORD01443,2022-10-09,C0709,P0024,S02,1,354.2,0.05,11.92
ORD01444,2022-05-09,C0278,P0069,S07,2,29.99,0.0,0.0
ORD01445,2023-01-27,C0197,P0079,S06,2,75.75,0.05,0.0
ORD01446,2023-06-25,C0787,P0049,S03,3,115.67,0.2,0.0
ORD01447,2023-08-28,C0730,P0093,S02,1,204.81,0.15,4.43
ORD01448,2024-12-01,C0654,P0075,S01,2,168.8,0.1,4.22
ORD01449,2023-11-22,C0384,P0128,S01,1,293.28,0.0,13.94
ORD01450,2024-07-29,C0261,P0038,S03,1,31.01,0.3,0.0
ORD01451,2024-03-16,C0261,P0049,S08,1,199.03,0.3,4.82
ORD01452,2023-07-22,C0204,P0108,S01,5,213.51,0.1,3.39
ORD01453,2024-09-29,C0448,P0122,S02,1,278.7,0.0,14.68
ORD01454,2022-04-22,C0285,P0018,S01,2,535.9,0.0,5.37
ORD01455,2024-05-16,C0062,P0146,S01,1,17.49,0.1,1.84
ORD01456,2023-07-22,C0237,P0062,S01,2,101.49,0.15,7.55
ORD01457,2023-12-26,C0024,P0039,S03,1,190.51,0.0,0.0
ORD01458,2024-02-24,C0165,P0005,S01,2,164.71,0.3,9.37
ORD01459,2022-09-13,C0227,P0105,S01,2,189.08,0.2,10.24
ORD01460,2023-03-28,C0245,P0001,S04,1,302.8,0.2,0.0
ORD01461,2024-03-02,C0103,P0060,S06,1,109.61,0.05,0.0
ORD01462,2022-11-04,C0630,P0099,S05,1,15.41,0.15,0.0
ORD01463,2024-10-03,C0351,P0135,S01,1,320.71,0.1,8.29
ORD01464,2024-06-24,C0148,P0096,S05,2,145.45,0.1,0.0
ORD01465,2024-02-13,C0213,P0104,S01,1,114.42,0.0,11.63
ORD01466,2022-05-13,C0399,P0006,S03,1,133.66,0.0,0.0
ORD01467,2024-05-18,C0357,P0066,S01,1,156.95,0.3,4.26
ORD01468,2024-09-07,C0600,P0057,S03,2,23.38,0.2,0.0
ORD01469,2024-01-17,C0093,P0059,S05,1,19.84,0.1,0.0
ORD01470,2022-04-13,C0262,P0135,S02,1,193.33,0.2,11.23
ORD01471,2023-01-16,C0171,P0080,S02,1,33.67,0.0,0.0
ORD01472,2022-12-27,C0434,P0121,S07,1,232.84,0.2,0.0
ORD01473,2022-06-07,C0276,P0026,S06,1,533.89,0.0,0.0
ORD01474,2024-08-05,C0741,P0095,S01,2,189.78,0.0,10.6
ORD01475,2022-01-18,C0785,P0044,S01,3,187.95,0.05,12.59
ORD01476,2022-04-27,C0050,P0043,S02,3,10.51,0.0,3.7
ORD01477,2024-01-23,C0474,P0072,S01,1,70.51,0.0,4.74
ORD01478,2023-05-24,C0069,P0011,S08,1,21.6,0.0,5.4
ORD01479,2024-12-19,C0564,P0102,S02,1,156.84,0.05,12.64
ORD01480,2024-11-30,C0736,P0148,S06,1,128.87,0.0,0.0
ORD01481,2024-04-14,C0130,P0128,S06,1,291.02,0.1,0.0
ORD01482,2024-04-24,C0383,P0077,S01,1,275.85,0.15,6.51
ORD01483,2023-03-18,C0461,P0038,S07,3,41.52,0.15,0.0
ORD01484,2023-09-11,C0017,P0037,S08,4,83.75,0.0,14.46
ORD01485,2024-03-28,C0381,P0120,S07,1,115.78,0.05,0.0
ORD01486,2022-04-16,C0656,P0038,S08,1,36.88,0.0,7.41
ORD01487,2024-06-06,C0364,P0076,S06,2,194.45,0.0,0.0
ORD01488,2024-09-08,C0199,P0085,S01,2,100.31,0.0,10.56
ORD01489,2022-07-27,C0277,P0144,S01,2,61.65,0.1,2.5
ORD01490,2024-01-31,C0343,P0104,S05,1,167.62,0.1,0.0
ORD01491,2023-08-07,C0600,P0133,S01,1,43.3,0.05,14.49
ORD01492,2024-11-18,C0747,P0141,S05,2,319.77,0.3,0.0
ORD01493,2022-11-11,C0339,P0097,S04,1,194.88,0.15,0.0
ORD01494,2023-07-02,C0096,P0051,S03,1,311.88,0.0,0.0
ORD01495,2022-04-01,C0200,P0035,S02,1,240.28,0.15,1.58
ORD01496,2022-11-07,C0262,P0146,S08,1,18.85,0.3,9.66
ORD01497,2022-12-01,C0745,P0068,S02,1,164.19,0.05,5.4
ORD01498,2022-12-06,C0117,P0127,S01,1,301.74,0.2,7.51
ORD01499,2023-06-13,C0760,P0141,S01,2,262.85,0.05,6.87
ORD01500,2024-12-01,C0232,P0063,S06,1,193.55,0.0,0.0
ORD01501,2024-11-08,C0053,P0104,S08,1,135.49,0.2,5.55
ORD01502,2023-05-25,C0101,P0040,S04,2,92.26,0.05,0.0
ORD01503,2024-03-29,C0307,P0085,S01,1,108.19,0.05,6.25
ORD01504,2022-04-27,C0158,P0111,S02,5,104.25,0.0,12.76
ORD01505,2024-01-29,C0499,P0061,S07,1,93.48,0.3,0.0
ORD01506,2023-03-15,C0294,P0061,S01,3,125.62,0.0,7.08
ORD01507,2023-11-01,C0104,P0022,S01,3,174.48,0.0,3.24
ORD01508,2024-05-27,C0715,P0024,S03,5,393.83,0.0,0.0
ORD01509,2022-12-30,C0376,P0075,S04,4,216.95,0.1,0.0
ORD01510,2022-06-29,C0339,P0080,S01,5,33.14,0.0,2.05
ORD01511,2024-10-01,C0631,P0075,S06,1,222.58,0.1,0.0
ORD01512,2022-10-11,C0162,P0067,S03,2,51.86,0.0,0.0
ORD01513,2022-03-07,C0681,P0087,S01,1,185.08,0.05,9.67
ORD01514,2024-11-08,C0429,P0103,S06,1,87.31,0.3,0.0
ORD01515,2023-03-08,C0721,P0039,S01,1,223.3,0.1,2.99
ORD01516,2022-08-30,C0130,P0115,S01,1,227.61,0.15,4.31
ORD01517,2023-10-18,C0446,P0124,S02,4,33.4,0.1,0.87
ORD01518,2022-03-11,C0197,P0101,S01,1,10.93,0.2,7.74
ORD01519,2023-06-01,C0475,P0128,S04,1,209.98,0.15,0.0
ORD01520,2023-10-25,C0764,P0084,S08,1,28.41,0.0,0.22
ORD01521,2023-01-12,C0257,P0043,S02,1,14.14,0.3,5.06
ORD01522,2022-10-31,C0246,P0036,S02,1,161.2,0.0,1.87
ORD01523,2024-05-05,C0647,P0003,S02,1,659.88,0.1,7.39
ORD01524,2023-11-22,C0791,P0124,S06,2,34.24,0.0,0.0
ORD01525,2023-11-12,C0281,P0130,S02,4,151.25,0.3,8.93
ORD01526,2023-02-07,C0466,P0011,S08,2,19.93,0.0,6.96
ORD01527,2024-07-23,C0019,P0086,S02,2,124.77,0.15,7.79
ORD01528,2023-04-02,C0668,P0077,S07,3,245.92,0.1,0.0
ORD01529,2023-06-05,C0544,P0002,S01,1,796.27,0.2,11.61
ORD01530,2023-05-05,C0049,P0111,S08,3,101.55,0.0,7.82
ORD01531,2024-05-03,C0788,P0079,S03,1,137.62,0.3,0.0
ORD01532,2023-11-04,C0015,P0052,S04,1,169.64,0.1,0.0
ORD01533,2024-09-09,C0768,P0034,S05,1,188.13,0.0,0.0
ORD01534,2023-06-11,C0209,P0110,S05,1,31.85,0.15,0.0
ORD01535,2023-08-15,C0709,P0139,S02,1,128.06,0.3,1.8
ORD01536,2023-11-23,C0477,P0137,S02,1,128.3,0.1,0.26
ORD01537,2022-06-20,C0362,P0024,S01,3,307.84,0.05,11.6
ORD01538,2022-11-29,C0535,P0042,S06,2,145.63,0.05,0.0
ORD01539,2023-12-21,C0775,P0100,S02,3,32.4,0.15,5.58
ORD01540,2024-04-04,C0636,P0049,S03,3,108.52,0.15,0.0
ORD01541,2024-10-09,C0397,P0118,S01,1,50.51,0.2,9.7
ORD01542,2022-03-16,C0585,P0001,S02,5,470.1,0.25,12.71
ORD01543,2023-11-25,C0323,P0002,S07,1,631.75,0.2,0.0
ORD01544,2024-12-02,C0608,P0030,S01,1,66.57,0.3,11.75
ORD01545,2023-11-29,C0654,P0009,S01,1,676.64,0.2,6.87
ORD01546,2023-08-24,C0057,P0028,S08,2,461.38,0.3,4.54
ORD01547,2022-11-10,C0077,P0106,S08,1,54.67,0.05,3.42
ORD01548,2023-09-07,C0292,P0007,S01,2,53.86,0.2,7.26
ORD01549,2024-12-11,C0372,P0026,S01,5,864.84,0.15,7.11
ORD01550,2023-01-10,C0081,P0150,S01,1,60.2,0.2,14.37
ORD01551,2023-09-02,C0771,P0104,S08,1,189.06,0.2,11.78
ORD01552,2022-07-10,C0759,P0069,S01,1,34.75,0.25,8.17
ORD01553,2022-01-09,C0044,P0123,S02,1,122.15,0.05,1.13
ORD01554,2023-06-26,C0254,P0144,S01,1,82.12,0.1,3.38
ORD01555,2022-02-04,C0174,P0033,S05,3,19.28,0.1,0.0
ORD01556,2022-01-11,C0591,P0070,S05,3,217.51,0.0,0.0
ORD01557,2023-05-03,C0628,P0055,S04,1,186.04,0.05,0.0
ORD01558,2023-12-07,C0593,P0106,S01,1,88.72,0.2,8.67
ORD01559,2023-06-07,C0002,P0128,S08,1,191.23,0.0,12.17
ORD01560,2023-06-03,C0189,P0148,S06,2,158.64,0.3,0.0
ORD01561,2023-05-25,C0237,P0011,S08,2,26.82,0.15,10.11
ORD01562,2024-03-19,C0284,P0056,S08,2,223.28,0.1,5.18
ORD01563,2022-01-29,C0212,P0088,S02,1,232.22,0.1,4.36
ORD01564,2023-07-18,C0651,P0052,S01,1,217.97,0.0,13.35
ORD01565,2023-05-13,C0448,P0071,S01,1,250.43,0.05,0.93
ORD01566,2024-12-09,C0114,P0106,S07,1,58.55,0.0,0.0
ORD01567,2024-12-20,C0357,P0117,S01,1,158.62,0.0,9.46
ORD01568,2024-03-10,C0226,P0123,S02,1,91.4,0.15,2.01
ORD01569,2024-09-22,C0522,P0142,S03,1,98.01,0.0,0.0
ORD01570,2024-01-30,C0279,P0026,S07,2,761.97,0.0,0.0
ORD01571,2024-04-06,C0110,P0146,S01,1,13.39,0.2,7.51
ORD01572,2024-12-21,C0542,P0128,S01,5,274.03,0.0,1.14
ORD01573,2024-05-09,C0493,P0001,S01,1,310.28,0.0,12.1
ORD01574,2024-05-20,C0601,P0070,S01,1,274.17,0.2,8.2
ORD01575,2024-01-01,C0640,P0121,S01,1,221.4,0.0,0.66
ORD01576,2023-11-20,C0546,P0062,S01,1,64.29,0.3,6.68
ORD01577,2022-07-31,C0237,P0036,S02,1,188.96,0.05,0.75
ORD01578,2022-05-29,C0452,P0141,S05,1,334.09,0.0,0.0
ORD01579,2024-01-30,C0012,P0066,S08,1,205.08,0.3,11.9
ORD01580,2022-07-11,C0627,P0061,S01,3,139.8,0.15,3.63
ORD01581,2023-05-09,C0555,P0071,S01,3,285.79,0.15,2.95
ORD01582,2023-11-09,C0597,P0129,S01,2,9.82,0.0,14.92
ORD01583,2023-12-16,C0570,P0116,S04,1,282.4,0.0,0.0
ORD01584,2023-01-30,C0240,P0041,S05,2,51.88,0.0,0.0
ORD01585,2023-03-05,C0472,P0076,S01,1,218.5,0.1,3.89
ORD01586,2022-03-06,C0376,P0053,S03,4,257.44,0.0,0.0
ORD01587,2024-06-03,C0163,P0017,S02,1,313.11,0.0,1.1
ORD01588,2024-12-27,C0112,P0108,S01,1,233.48,0.0,14.72
ORD01589,2024-04-30,C0717,P0059,S06,1,14.75,0.05,0.0
ORD01590,2024-12-23,C0338,P0150,S07,1,98.96,0.3,0.0
ORD01591,2024-12-27,C0460,P0056,S02,2,330.99,0.15,14.16
ORD01592,2023-07-26,C0752,P0055,S05,3,222.88,0.0,0.0
ORD01593,2023-08-29,C0477,P0138,S08,4,204.78,0.0,14.66
ORD01594,2024-12-28,C0574,P0029,S02,4,658.77,0.1,2.43
ORD01595,2022-10-04,C0552,P0047,S07,3,91.4,0.0,0.0
ORD01596,2022-06-01,C0086,P0142,S01,2,86.5,0.0,3.71
ORD01597,2023-11-12,C0046,P0046,S02,3,207.68,0.0,10.0
ORD01598,2022-07-03,C0074,P0114,S02,2,182.11,0.0,8.48
ORD01599,2023-10-22,C0346,P0071,S01,3,259.37,0.15,7.48
ORD01600,2022-03-04,C0776,P0043,S05,2,10.6,0.0,0.0
ORD01601,2023-01-25,C0450,P0026,S05,2,516.03,0.0,0.0
ORD01602,2023-12-25,C0517,P0030,S03,3,48.38,0.0,0.0
ORD01603,2022-06-24,C0615,P0038,S04,2,41.86,0.0,0.0
ORD01604,2024-12-05,C0155,P0020,S01,3,234.84,0.05,9.52
ORD01605,2022-03-28,C0042,P0121,S02,1,190.63,0.0,4.83
ORD01606,2022-04-11,C0252,P0067,S02,2,54.97,0.0,10.93
ORD01607,2024-11-22,C0415,P0039,S02,1,146.51,0.05,6.43
ORD01608,2023-07-06,C0379,P0083,S04,1,68.94,0.2,0.0
ORD01609,2022-04-19,C0421,P0062,S03,2,80.51,0.05,0.0
ORD01610,2023-12-29,C0791,P0005,S03,2,172.27,0.25,0.0
ORD01611,2024-12-12,C0063,P0017,S01,1,224.41,0.0,4.33
ORD01612,2024-03-13,C0128,P0136,S07,4,89.78,0.15,0.0
ORD01613,2023-06-20,C0660,P0067,S01,4,57.01,0.05,14.9
ORD01614,2023-05-25,C0736,P0097,S05,2,108.09,0.0,0.0
ORD01615,2023-07-03,C0145,P0017,S04,2,344.38,0.0,0.0
ORD01616,2022-12-16,C0418,P0079,S01,1,97.24,0.2,5.89
ORD01617,2022-09-25,C0442,P0136,S01,1,111.38,0.15,13.78
ORD01618,2022-06-18,C0400,P0011,S01,5,37.08,0.0,8.66
ORD01619,2023-12-28,C0776,P0096,S01,4,130.66,0.0,11.81
ORD01620,2024-01-26,C0301,P0048,S01,3,127.22,0.15,8.46
ORD01621,2022-06-23,C0422,P0079,S05,3,96.36,0.05,0.0
ORD01622,2024-12-22,C0791,P0006,S01,1,171.67,0.0,3.61
ORD01623,2024-10-22,C0340,P0071,S05,1,178.27,0.1,0.0
ORD01624,2023-11-28,C0299,P0015,S01,4,228.18,0.0,1.53
ORD01625,2023-12-29,C0264,P0135,S03,4,270.07,0.0,0.0
ORD01626,2022-07-29,C0539,P0117,S02,4,189.59,0.0,0.58
ORD01627,2023-02-11,C0647,P0024,S04,1,250.31,0.0,0.0
ORD01628,2024-10-31,C0399,P0084,S01,5,18.64,0.2,13.0
ORD01629,2024-12-10,C0190,P0003,S01,1,602.06,0.2,14.26
ORD01630,2022-08-07,C0115,P0107,S02,3,126.53,0.05,6.55
ORD01631,2022-01-27,C0342,P0097,S02,2,159.37,0.0,7.75
ORD01632,2023-03-14,C0138,P0089,S07,1,294.93,0.1,0.0
ORD01633,2023-08-11,C0232,P0075,S01,2,175.22,0.0,5.3
ORD01634,2022-02-24,C0200,P0105,S01,2,323.69,0.25,14.2
ORD01635,2024-11-01,C0463,P0062,S01,1,101.7,0.0,6.29
ORD01636,2023-08-26,C0418,P0138,S08,1,237.82,0.0,7.15
ORD01637,2023-11-23,C0439,P0102,S02,3,183.16,0.0,3.07
ORD01638,2022-07-16,C0437,P0033,S05,1,25.24,0.0,0.0
ORD01639,2023-02-21,C0623,P0102,S01,4,147.08,0.0,4.97
ORD01640,2022-11-12,C0329,P0019,S08,1,508.96,0.3,3.11
ORD01641,2023-03-24,C0365,P0088,S01,1,133.99,0.1,1.04
ORD01642,2024-06-12,C0642,P0125,S06,1,88.68,0.1,0.0
ORD01643,2024-12-10,C0768,P0075,S08,1,204.02,0.0,6.14
ORD01644,2023-12-03,C0684,P0123,S08,2,113.08,0.05,12.54
ORD01645,2024-04-14,C0661,P0060,S02,2,86.32,0.0,10.4
ORD01646,2024-01-29,C0621,P0005,S06,2,182.99,0.3,0.0
ORD01647,2023-08-09,C0732,P0005,S08,5,171.5,0.1,2.27
ORD01648,2022-12-06,C0639,P0147,S08,1,217.73,0.1,8.09
ORD01649,2024-07-23,C0303,P0134,S01,3,86.26,0.1,6.38
ORD01650,2023-05-24,C0106,P0145,S01,3,60.35,0.2,1.92
ORD01651,2023-01-25,C0302,P0058,S05,3,70.58,0.05,0.0
ORD01652,2022-04-23,C0572,P0006,S02,1,106.89,0.0,6.25
ORD01653,2022-12-23,C0576,P0080,S08,2,38.6,0.05,0.82
ORD01654,2023-03-28,C0666,P0093,S01,5,283.39,0.0,3.39
ORD01655,2024-06-08,C0151,P0141,S02,3,240.56,0.05,4.56
ORD01656,2022-10-28,C0096,P0069,S05,1,22.01,0.0,0.0
ORD01657,2023-03-20,C0437,P0124,S01,3,24.97,0.2,10.94
ORD01658,2023-10-05,C0258,P0031,S06,3,227.1,0.0,0.0
ORD01659,2022-11-02,C0522,P0080,S01,4,31.43,0.2,9.95
ORD01660,2022-12-03,C0002,P0058,S01,3,69.67,0.05,12.73
ORD01661,2024-03-08,C0120,P0015,S06,3,171.68,0.05,0.0
ORD01662,2022-06-03,C0627,P0050,S01,5,50.19,0.2,4.88
ORD01663,2024-02-08,C0083,P0072,S01,2,69.42,0.2,12.25
ORD01664,2023-10-21,C0793,P0105,S01,2,207.06,0.0,5.56
ORD01665,2024-06-26,C0052,P0037,S05,1,113.83,0.0,0.0
ORD01666,2024-06-21,C0401,P0073,S01,2,8.64,0.05,14.77
ORD01667,2022-10-08,C0095,P0143,S05,1,167.81,0.1,0.0
ORD01668,2023-06-24,C0691,P0135,S02,1,250.91,0.0,8.86
ORD01669,2023-02-20,C0136,P0023,S08,1,313.17,0.15,1.18
ORD01670,2022-12-17,C0112,P0103,S02,4,96.13,0.05,10.64
ORD01671,2022-12-03,C0618,P0021,S01,1,462.05,0.0,11.71
ORD01672,2024-05-14,C0686,P0132,S01,1,71.32,0.05,14.28
ORD01673,2023-12-08,C0224,P0049,S02,4,112.63,0.05,3.98
ORD01674,2023-09-21,C0744,P0013,S08,3,843.24,0.0,4.45
ORD01675,2023-08-26,C0442,P0025,S01,5,497.8,0.0,11.39
ORD01676,2022-07-28,C0111,P0137,S08,4,112.79,0.15,7.71
ORD01677,2022-12-15,C0015,P0020,S06,2,285.0,0.2,0.0
ORD01678,2023-01-09,C0268,P0050,S02,5,52.59,0.0,13.99
ORD01679,2023-11-28,C0749,P0126,S04,1,150.83,0.15,0.0
ORD01680,2024-11-21,C0419,P0082,S01,1,202.17,0.15,10.71
ORD01681,2022-02-16,C0737,P0140,S03,1,270.41,0.25,0.0
ORD01682,2022-09-01,C0413,P0016,S07,1,230.39,0.25,0.0
ORD01683,2024-11-27,C0016,P0038,S02,1,37.04,0.05,10.93
ORD01684,2022-06-22,C0185,P0044,S01,1,318.99,0.1,4.11
ORD01685,2024-01-20,C0553,P0086,S08,4,115.24,0.1,2.93
ORD01686,2022-05-30,C0075,P0045,S08,1,70.36,0.1,5.03
ORD01687,2024-12-30,C0241,P0069,S02,2,34.54,0.0,12.85
ORD01688,2023-05-29,C0664,P0075,S01,4,228.94,0.0,10.91
ORD01689,2024-11-14,C0663,P0017,S01,1,307.23,0.1,14.21
ORD01690,2024-11-05,C0712,P0010,S04,1,673.85,0.25,0.0
ORD01691,2024-04-02,C0201,P0123,S02,5,87.39,0.0,2.45
ORD01692,2024-07-14,C0629,P0020,S01,2,334.63,0.3,11.02
ORD01693,2024-10-05,C0639,P0039,S03,1,182.43,0.05,0.0
ORD01694,2022-11-12,C0328,P0034,S02,1,189.54,0.3,12.58
ORD01695,2024-12-25,C0001,P0135,S02,1,186.03,0.1,10.56
ORD01696,2023-05-02,C0031,P0069,S04,3,34.4,0.15,0.0
ORD01697,2024-03-10,C0703,P0085,S02,1,88.91,0.1,3.52
ORD01698,2022-12-10,C0181,P0139,S05,1,121.13,0.0,0.0
ORD01699,2023-05-30,C0403,P0135,S02,1,322.95,0.0,8.2
ORD01700,2023-08-26,C0650,P0064,S08,2,136.41,0.15,0.78
ORD01701,2023-02-03,C0106,P0147,S01,1,176.49,0.0,10.78
ORD01702,2023-11-03,C0740,P0087,S08,1,257.45,0.25,2.69
ORD01703,2023-12-05,C0176,P0148,S02,2,173.77,0.2,8.29
ORD01704,2023-04-01,C0105,P0095,S01,5,206.59,0.05,1.98
ORD01705,2024-03-12,C0662,P0007,S02,1,78.92,0.0,2.36
ORD01706,2023-10-27,C0775,P0083,S02,2,86.33,0.2,4.35
ORD01707,2023-04-05,C0644,P0079,S03,4,130.63,0.2,0.0
ORD01708,2024-09-18,C0535,P0051,S06,1,306.67,0.0,0.0
ORD01709,2022-03-19,C0216,P0094,S02,1,192.91,0.0,3.76
ORD01710,2022-08-09,C0208,P0084,S01,2,25.3,0.0,8.58
ORD01711,2024-12-10,C0459,P0110,S07,1,32.93,0.3,0.0
ORD01712,2022-11-03,C0291,P0028,S08,3,619.62,0.0,0.18
ORD01713,2023-12-26,C0631,P0099,S02,5,14.21,0.1,0.78
ORD01714,2024-12-08,C0620,P0016,S05,1,187.62,0.05,0.0
ORD01715,2023-07-11,C0527,P0061,S02,3,98.94,0.0,4.6
ORD01716,2022-11-30,C0571,P0085,S06,3,83.95,0.05,0.0
ORD01717,2024-11-03,C0552,P0116,S02,1,268.17,0.0,5.01
ORD01718,2024-11-10,C0555,P0072,S03,2,70.19,0.05,0.0
ORD01719,2023-08-13,C0312,P0033,S08,4,22.43,0.3,1.03
ORD01720,2022-02-22,C0041,P0002,S01,3,1065.59,0.0,4.29
ORD01721,2023-04-21,C0135,P0061,S03,3,109.41,0.3,0.0
ORD01722,2023-10-12,C0332,P0002,S01,1,1009.48,0.0,4.99
ORD01723,2024-05-21,C0699,P0047,S01,1,66.78,0.2,5.61
ORD01724,2024-12-10,C0601,P0099,S03,2,16.4,0.0,0.0
ORD01725,2023-03-31,C0737,P0113,S08,2,289.13,0.0,10.07
ORD01726,2022-01-14,C0757,P0132,S05,4,73.39,0.0,0.0
ORD01727,2022-05-23,C0725,P0045,S02,3,63.15,0.15,6.28
ORD01728,2022-09-16,C0661,P0037,S01,1,105.17,0.0,1.52
ORD01729,2022-07-04,C0269,P0107,S02,1,103.44,0.1,4.14
ORD01730,2023-12-08,C0786,P0043,S02,2,14.66,0.0,14.71
ORD01731,2024-07-22,C0359,P0047,S02,1,67.42,0.15,7.78
ORD01732,2024-01-14,C0496,P0069,S01,1,21.15,0.1,14.56
ORD01733,2022-03-08,C0524,P0024,S06,3,267.59,0.15,0.0
ORD01734,2024-03-14,C0736,P0047,S02,1,87.11,0.05,11.07
ORD01735,2022-05-10,C0204,P0056,S02,2,297.19,0.0,6.34
ORD01736,2022-03-01,C0159,P0045,S03,2,70.42,0.1,0.0
ORD01737,2023-11-01,C0078,P0150,S03,1,78.12,0.1,0.0
ORD01738,2023-02-21,C0274,P0079,S02,1,90.06,0.1,3.08
ORD01739,2024-10-06,C0297,P0101,S01,1,14.32,0.0,4.03
ORD01740,2023-06-04,C0626,P0128,S05,1,213.07,0.2,0.0
ORD01741,2024-06-17,C0179,P0147,S02,1,193.38,0.0,14.53
ORD01742,2023-03-15,C0142,P0084,S03,2,24.98,0.25,0.0
ORD01743,2023-05-13,C0692,P0008,S05,1,603.96,0.15,0.0
ORD01744,2022-12-21,C0272,P0012,S05,1,674.64,0.2,0.0
ORD01745,2024-08-11,C0583,P0130,S02,2,190.65,0.1,4.46
ORD01746,2024-01-02,C0404,P0137,S08,3,111.79,0.25,8.99
ORD01747,2022-03-24,C0310,P0072,S01,1,65.98,0.0,9.73
ORD01748,2023-10-19,C0356,P0018,S06,1,429.13,0.0,0.0
ORD01749,2022-07-11,C0659,P0039,S03,3,136.53,0.15,0.0
ORD01750,2023-12-15,C0311,P0024,S01,1,458.05,0.2,3.76
ORD01751,2024-11-13,C0006,P0051,S03,5,307.25,0.0,0.0
ORD01752,2024-10-20,C0149,P0030,S02,2,60.12,0.15,9.15
ORD01753,2022-08-25,C0704,P0031,S08,5,154.66,0.05,4.07
ORD01754,2022-10-13,C0119,P0023,S01,1,301.79,0.0,12.99
ORD01755,2023-01-06,C0458,P0009,S01,1,737.04,0.15,1.59
ORD01756,2024-12-19,C0203,P0064,S08,2,82.37,0.0,14.17
ORD01757,2023-08-25,C0390,P0111,S01,2,99.56,0.1,13.24
ORD01758,2024-07-21,C0796,P0078,S02,1,21.42,0.15,8.81
ORD01759,2022-12-27,C0024,P0073,S05,2,8.16,0.1,0.0
ORD01760,2022-01-18,C0138,P0084,S01,1,26.11,0.0,6.12
ORD01761,2023-12-18,C0760,P0017,S05,1,205.15,0.25,0.0
ORD01762,2023-12-09,C0509,P0150,S06,3,87.9,0.0,0.0
ORD01763,2024-07-18,C0196,P0071,S02,1,186.87,0.0,6.75
ORD01764,2024-01-21,C0218,P0034,S06,1,348.97,0.0,0.0
ORD01765,2022-11-16,C0056,P0124,S02,1,34.12,0.0,12.6
ORD01766,2023-07-24,C0454,P0016,S05,5,146.2,0.05,0.0
ORD01767,2022-02-15,C0130,P0034,S07,2,300.22,0.25,0.0
ORD01768,2022-08-08,C0163,P0067,S06,2,58.65,0.1,0.0
ORD01769,2023-08-08,C0128,P0016,S01,1,136.24,0.25,0.12
ORD01770,2024-10-13,C0378,P0116,S02,3,238.64,0.1,1.39
ORD01771,2024-01-30,C0381,P0090,S01,3,159.18,0.25,13.72
ORD01772,2023-05-30,C0141,P0028,S06,1,472.6,0.05,0.0
ORD01773,2022-08-15,C0788,P0016,S01,3,154.27,0.0,6.52
ORD01774,2023-03-01,C0568,P0106,S01,1,85.97,0.0,0.14
ORD01775,2022-07-04,C0529,P0109,S01,1,73.53,0.0,9.2
ORD01776,2024-01-21,C0607,P0038,S01,2,35.85,0.3,3.63
ORD01777,2022-05-05,C0521,P0051,S01,1,313.89,0.0,1.37
ORD01778,2023-11-12,C0295,P0013,S02,2,641.91,0.0,13.16
ORD01779,2023-09-07,C0180,P0103,S01,1,107.6,0.0,0.21
ORD01780,2024-06-10,C0541,P0137,S04,1,126.66,0.15,0.0
ORD01781,2023-06-04,C0124,P0053,S03,1,219.75,0.3,0.0
ORD01782,2022-11-17,C0261,P0113,S06,4,226.96,0.05,0.0
ORD01783,2022-11-01,C0066,P0150,S02,3,70.21,0.1,0.94
ORD01784,2024-08-30,C0273,P0015,S02,1,175.82,0.0,10.99
ORD01785,2023-11-08,C0774,P0007,S01,1,68.45,0.05,10.09
ORD01786,2022-03-18,C0600,P0068,S01,3,168.97,0.1,14.27
ORD01787,2023-07-07,C0256,P0081,S04,2,299.53,0.0,0.0
ORD01788,2022-12-19,C0039,P0129,S06,1,9.11,0.2,0.0
ORD01789,2023-02-11,C0702,P0113,S01,1,319.51,0.1,13.99
ORD01790,2023-08-23,C0102,P0098,S01,1,128.61,0.3,3.0
ORD01791,2024-09-20,C0255,P0069,S01,1,28.48,0.0,11.14
ORD01792,2023-01-10,C0686,P0132,S03,1,77.91,0.1,0.0
ORD01793,2023-06-25,C0677,P0111,S01,1,87.79,0.0,1.03
ORD01794,2022-12-18,C0057,P0106,S06,2,69.2,0.1,0.0
ORD01795,2023-06-16,C0086,P0140,S01,2,350.76,0.15,8.77
ORD01796,2024-11-16,C0460,P0150,S08,4,85.55,0.0,4.03
ORD01797,2024-11-06,C0560,P0019,S08,4,381.2,0.0,13.43
ORD01798,2022-10-11,C0463,P0031,S08,4,193.83,0.05,11.81
ORD01799,2024-02-05,C0553,P0003,S01,3,677.82,0.0,9.45
ORD01800,2022-04-06,C0485,P0082,S04,3,151.21,0.0,0.0
ORD01801,2023-01-22,C0307,P0022,S03,1,158.95,0.1,0.0
ORD01802,2024-11-12,C0170,P0070,S03,1,268.47,0.25,0.0
ORD01803,2022-11-05,C0593,P0101,S08,2,13.95,0.2,9.74
ORD01804,2022-04-13,C0235,P0091,S05,1,49.88,0.15,0.0
ORD01805,2024-05-17,C0046,P0110,S02,2,19.72,0.0,12.37
ORD01806,2024-09-25,C0572,P0142,S01,2,66.05,0.0,6.66
ORD01807,2024-07-31,C0187,P0102,S01,1,128.05,0.1,4.52
ORD01808,2024-02-10,C0738,P0064,S01,2,105.51,0.0,0.84
ORD01809,2024-07-16,C0067,P0039,S02,1,195.7,0.0,13.91
ORD01810,2024-03-01,C0594,P0092,S05,3,153.84,0.05,0.0
ORD01811,2022-09-14,C0798,P0147,S01,2,205.35,0.05,6.15
ORD01812,2024-10-24,C0447,P0011,S01,1,31.69,0.05,3.9
ORD01813,2024-12-15,C0070,P0148,S02,2,114.67,0.0,2.41
ORD01814,2023-09-07,C0601,P0029,S07,5,412.95,0.0,0.0
ORD01815,2022-08-10,C0737,P0122,S02,1,205.16,0.0,9.96
ORD01816,2023-05-25,C0329,P0066,S03,1,195.2,0.0,0.0
ORD01817,2024-10-11,C0632,P0032,S01,1,63.91,0.0,10.28
ORD01818,2023-01-31,C0029,P0071,S05,1,166.92,0.2,0.0
ORD01819,2022-10-25,C0454,P0021,S01,2,507.07,0.3,4.65
ORD01820,2024-06-20,C0391,P0130,S03,2,124.92,0.2,0.0
ORD01821,2023-11-02,C0322,P0067,S06,1,45.5,0.0,0.0
ORD01822,2023-01-05,C0370,P0123,S01,4,96.65,0.2,5.35
ORD01823,2022-04-02,C0486,P0019,S01,2,377.35,0.0,12.43
ORD01824,2024-03-19,C0255,P0081,S02,2,291.86,0.0,4.62
ORD01825,2024-11-20,C0382,P0084,S03,1,29.57,0.0,0.0
ORD01826,2022-02-20,C0309,P0147,S06,1,226.28,0.3,0.0
ORD01827,2023-05-28,C0386,P0076,S08,2,186.4,0.0,5.32
ORD01828,2024-06-09,C0052,P0106,S01,1,75.6,0.0,14.12
ORD01829,2023-09-29,C0502,P0094,S05,1,201.08,0.2,0.0
ORD01830,2023-03-29,C0624,P0130,S01,1,111.11,0.2,5.89
ORD01831,2024-01-27,C0391,P0104,S05,3,152.72,0.0,0.0
ORD01832,2024-05-07,C0056,P0075,S01,2,203.53,0.1,2.91
ORD01833,2023-12-12,C0010,P0014,S04,2,256.62,0.0,0.0
ORD01834,2023-01-18,C0302,P0039,S01,3,218.8,0.05,12.57
ORD01835,2024-08-28,C0783,P0035,S01,1,337.81,0.0,11.23
ORD01836,2022-06-11,C0095,P0026,S02,5,719.24,0.05,9.16
ORD01837,2023-05-30,C0655,P0133,S02,1,30.77,0.15,10.1
ORD01838,2022-01-31,C0406,P0133,S02,1,31.24,0.1,10.41
ORD01839,2022-12-21,C0455,P0092,S08,4,169.92,0.25,1.76
ORD01840,2023-07-14,C0270,P0105,S07,2,204.39,0.05,0.0
ORD01841,2022-12-04,C0258,P0136,S01,3,65.78,0.05,10.78
ORD01842,2023-04-12,C0771,P0099,S02,1,14.69,0.0,7.72
ORD01843,2022-12-12,C0527,P0068,S01,1,180.61,0.1,1.25
ORD01844,2023-06-03,C0049,P0069,S01,4,18.47,0.0,2.49
ORD01845,2024-01-23,C0347,P0120,S05,3,194.92,0.2,0.0
ORD01846,2022-06-07,C0158,P0050,S08,5,47.97,0.0,5.31
ORD01847,2022-06-23,C0783,P0102,S01,2,137.72,0.1,3.34
ORD01848,2022-12-07,C0197,P0008,S07,2,834.15,0.0,0.0
ORD01849,2022-12-14,C0363,P0122,S05,2,273.41,0.0,0.0
ORD01850,2022-03-27,C0034,P0050,S02,5,48.1,0.3,0.87
ORD01851,2023-07-01,C0339,P0059,S06,4,17.07,0.0,0.0
ORD01852,2022-08-01,C0452,P0102,S02,1,152.65,0.25,3.29
ORD01853,2024-05-20,C0286,P0045,S01,4,100.62,0.3,9.24
ORD01854,2023-06-20,C0545,P0014,S01,2,216.72,0.0,6.24
ORD01855,2022-05-16,C0462,P0056,S05,2,251.38,0.0,0.0
ORD01856,2023-10-19,C0151,P0032,S02,5,54.71,0.05,10.45
ORD01857,2024-12-16,C0783,P0040,S04,1,145.05,0.3,0.0
ORD01858,2023-10-07,C0491,P0035,S01,3,218.3,0.1,7.5
ORD01859,2023-06-04,C0092,P0010,S07,5,637.89,0.05,0.0
ORD01860,2022-12-25,C0571,P0053,S03,2,330.85,0.0,0.0
ORD01861,2023-04-28,C0155,P0027,S08,5,213.67,0.1,7.99
ORD01862,2024-10-20,C0581,P0041,S01,1,30.12,0.2,9.08
ORD01863,2023-03-11,C0046,P0032,S06,1,40.44,0.0,0.0
ORD01864,2022-01-05,C0396,P0134,S02,1,89.72,0.0,2.14
ORD01865,2022-09-07,C0303,P0022,S01,1,157.76,0.0,3.09
ORD01866,2022-06-24,C0495,P0013,S01,3,738.29,0.15,13.44
ORD01867,2022-10-11,C0419,P0080,S07,2,30.95,0.2,0.0
ORD01868,2022-07-20,C0751,P0051,S05,1,277.87,0.2,0.0
ORD01869,2022-01-08,C0338,P0072,S08,2,58.08,0.05,0.27
ORD01870,2022-06-02,C0447,P0012,S02,4,1092.13,0.0,1.04
ORD01871,2023-07-05,C0663,P0004,S02,1,563.24,0.2,8.41
ORD01872,2023-10-26,C0791,P0069,S03,1,28.68,0.1,0.0
ORD01873,2023-02-03,C0208,P0141,S01,1,307.22,0.05,3.8
ORD01874,2024-04-09,C0016,P0118,S02,2,39.92,0.1,10.85
ORD01875,2024-12-01,C0122,P0145,S02,5,87.17,0.1,12.54
ORD01876,2022-05-29,C0606,P0095,S02,1,265.89,0.2,12.65
ORD01877,2023-04-30,C0136,P0023,S02,2,281.58,0.3,5.0
ORD01878,2024-12-05,C0390,P0048,S01,5,178.75,0.1,6.77
ORD01879,2024-01-10,C0121,P0081,S02,1,197.43,0.15,12.82
ORD01880,2022-10-10,C0617,P0099,S01,1,15.9,0.05,6.99
ORD01881,2022-10-24,C0142,P0104,S02,1,108.15,0.0,5.82
ORD01882,2024-09-04,C0461,P0020,S01,2,337.73,0.3,13.53
ORD01883,2024-01-21,C0108,P0034,S06,1,220.03,0.0,0.0
ORD01884,2022-04-03,C0130,P0130,S01,2,107.78,0.0,13.16
ORD01885,2024-01-22,C0728,P0001,S03,4,336.49,0.0,0.0
ORD01886,2024-03-28,C0420,P0088,S01,1,188.61,0.0,14.52
ORD01887,2022-10-06,C0182,P0121,S02,4,167.92,0.1,9.72
ORD01888,2023-07-28,C0498,P0023,S02,4,207.8,0.2,5.63
ORD01889,2023-01-10,C0735,P0068,S02,1,273.83,0.3,6.5
ORD01890,2022-05-29,C0791,P0139,S02,1,140.93,0.0,8.39
ORD01891,2023-12-21,C0094,P0016,S01,1,161.44,0.0,3.3
ORD01892,2022-12-31,C0673,P0028,S01,1,446.59,0.0,5.59
ORD01893,2024-06-21,C0140,P0146,S01,1,11.64,0.0,5.54
ORD01894,2024-05-31,C0005,P0004,S08,1,559.61,0.15,10.84
ORD01895,2023-10-02,C0716,P0084,S01,3,25.77,0.0,10.63
ORD01896,2024-12-04,C0587,P0143,S01,3,99.69,0.0,3.27
ORD01897,2023-06-11,C0785,P0121,S01,3,254.82,0.0,7.26
ORD01898,2024-11-20,C0208,P0122,S06,3,176.01,0.0,0.0
ORD01899,2022-05-25,C0047,P0086,S01,3,115.08,0.1,11.59
ORD01900,2024-04-05,C0071,P0047,S02,1,95.59,0.3,1.0
ORD01901,2024-01-08,C0783,P0135,S07,1,314.35,0.2,0.0
ORD01902,2022-11-07,C0416,P0016,S07,5,191.62,0.05,0.0
ORD01903,2024-05-29,C0225,P0141,S08,5,323.4,0.2,11.28
ORD01904,2024-10-27,C0182,P0078,S01,1,31.42,0.25,7.77
ORD01905,2023-09-03,C0554,P0036,S01,1,178.89,0.05,10.07
ORD01906,2022-04-13,C0635,P0115,S01,1,196.5,0.3,11.13
ORD01907,2022-11-23,C0747,P0047,S06,2,73.42,0.05,0.0
ORD01908,2023-11-14,C0110,P0084,S01,2,18.93,0.0,13.36
ORD01909,2022-07-25,C0398,P0130,S01,5,171.77,0.0,13.62
ORD01910,2023-11-04,C0699,P0114,S02,2,269.21,0.0,8.96
ORD01911,2022-02-18,C0240,P0095,S01,4,242.54,0.0,13.34
ORD01912,2022-06-20,C0085,P0001,S04,1,379.77,0.25,0.0
ORD01913,2022-05-02,C0778,P0107,S06,4,130.39,0.0,0.0
ORD01914,2022-08-16,C0356,P0047,S08,2,72.63,0.1,7.11
ORD01915,2023-06-16,C0033,P0087,S02,1,238.1,0.2,4.06
ORD01916,2024-08-07,C0363,P0013,S05,2,643.4,0.0,0.0
ORD01917,2022-05-15,C0295,P0101,S08,2,12.78,0.3,3.62
ORD01918,2022-01-25,C0122,P0149,S01,1,16.47,0.25,6.37
ORD01919,2023-03-16,C0627,P0130,S04,3,186.56,0.0,0.0
ORD01920,2023-11-21,C0559,P0045,S02,3,78.32,0.0,2.82
ORD01921,2023-11-29,C0398,P0093,S01,1,159.9,0.3,10.44
ORD01922,2022-01-27,C0585,P0102,S02,4,169.87,0.2,12.33
ORD01923,2022-05-01,C0735,P0100,S02,1,39.44,0.15,11.94
ORD01924,2024-10-22,C0734,P0033,S07,1,20.43,0.0,0.0
ORD01925,2023-08-15,C0231,P0096,S01,1,161.07,0.05,3.96
ORD01926,2022-11-18,C0224,P0003,S01,1,891.49,0.0,9.55
ORD01927,2024-10-07,C0321,P0098,S01,4,111.25,0.0,4.04
ORD01928,2022-08-05,C0189,P0066,S03,2,126.58,0.1,0.0
ORD01929,2022-11-03,C0316,P0057,S01,1,34.16,0.0,3.28
ORD01930,2022-04-06,C0653,P0002,S05,2,958.03,0.25,0.0
ORD01931,2024-11-11,C0156,P0004,S07,1,487.44,0.0,0.0
ORD01932,2024-06-28,C0632,P0035,S08,1,303.58,0.1,12.22
ORD01933,2024-07-23,C0570,P0145,S05,2,100.22,0.0,0.0
ORD01934,2023-01-17,C0320,P0109,S01,1,81.06,0.3,2.82
ORD01935,2023-05-08,C0009,P0046,S07,1,141.15,0.0,0.0
ORD01936,2024-12-02,C0474,P0066,S08,4,177.04,0.1,5.53
ORD01937,2022-09-16,C0118,P0114,S01,1,221.51,0.0,0.47
ORD01938,2022-01-13,C0718,P0111,S08,1,73.47,0.15,0.51
ORD01939,2022-12-17,C0128,P0135,S02,4,333.49,0.15,3.65
ORD01940,2024-01-20,C0109,P0112,S05,2,52.57,0.0,0.0
ORD01941,2024-01-31,C0084,P0141,S05,4,194.58,0.1,0.0
ORD01942,2024-08-21,C0391,P0025,S03,1,484.63,0.0,0.0
ORD01943,2023-11-27,C0548,P0123,S05,2,83.96,0.2,0.0
ORD01944,2022-05-18,C0624,P0097,S08,2,189.82,0.1,13.32
ORD01945,2022-12-20,C0340,P0071,S08,1,196.96,0.0,13.51
ORD01946,2022-10-10,C0167,P0123,S01,1,124.15,0.0,12.38
ORD01947,2023-08-27,C0139,P0059,S04,1,22.33,0.0,0.0
ORD01948,2023-07-23,C0671,P0072,S01,1,51.5,0.15,8.65
ORD01949,2024-12-10,C0432,P0017,S08,5,214.84,0.1,1.42
ORD01950,2022-01-27,C0052,P0054,S01,2,336.17,0.0,4.9
ORD01951,2022-09-26,C0510,P0113,S02,4,306.97,0.1,12.1
ORD01952,2022-07-31,C0043,P0050,S07,3,70.28,0.05,0.0
ORD01953,2024-05-05,C0417,P0013,S01,1,1041.46,0.1,3.62
ORD01954,2022-04-28,C0451,P0060,S02,1,68.53,0.25,6.17
ORD01955,2022-07-16,C0136,P0058,S05,2,46.32,0.1,0.0
ORD01956,2022-07-03,C0481,P0019,S01,3,290.34,0.0,5.41
ORD01957,2022-11-22,C0224,P0136,S01,3,113.17,0.0,8.49
ORD01958,2023-07-20,C0402,P0100,S01,2,31.6,0.2,9.82
ORD01959,2024-05-09,C0058,P0129,S02,2,6.35,0.0,0.22
ORD01960,2024-03-16,C0393,P0011,S01,1,33.68,0.0,9.36
ORD01961,2024-11-14,C0371,P0093,S01,2,254.34,0.15,0.58
ORD01962,2023-06-06,C0452,P0010,S08,1,819.27,0.0,9.29
ORD01963,2024-05-03,C0663,P0078,S03,1,27.43,0.0,0.0
ORD01964,2022-12-12,C0121,P0112,S01,5,54.72,0.0,12.97
ORD01965,2023-12-05,C0713,P0143,S01,2,152.53,0.0,8.71
ORD01966,2024-11-20,C0547,P0011,S05,4,37.81,0.1,0.0
ORD01967,2024-04-14,C0742,P0062,S01,3,94.7,0.0,6.63
ORD01968,2024-02-18,C0574,P0052,S01,1,251.29,0.0,5.84
ORD01969,2022-04-28,C0231,P0061,S01,4,94.7,0.25,8.95
ORD01970,2023-05-09,C0685,P0094,S02,1,206.41,0.0,13.94
ORD01971,2023-07-01,C0798,P0120,S05,4,140.72,0.1,0.0
ORD01972,2023-07-05,C0412,P0117,S03,4,234.19,0.15,0.0
ORD01973,2023-11-19,C0246,P0093,S02,2,178.46,0.3,14.93
ORD01974,2023-07-09,C0392,P0129,S08,1,9.96,0.0,9.74
ORD01975,2023-07-29,C0352,P0046,S01,1,227.41,0.1,10.73
ORD01976,2022-01-17,C0521,P0079,S01,1,112.04,0.15,0.8
ORD01977,2022-10-20,C0590,P0096,S02,1,139.52,0.05,10.12
ORD01978,2023-05-06,C0140,P0071,S01,3,246.21,0.1,5.6
ORD01979,2022-09-01,C0126,P0099,S08,1,16.38,0.3,2.51
ORD01980,2023-06-27,C0201,P0150,S01,4,83.54,0.25,10.36
ORD01981,2022-08-27,C0317,P0082,S01,3,202.16,0.05,9.73
ORD01982,2024-04-25,C0232,P0118,S01,4,49.61,0.25,2.34
ORD01983,2022-09-07,C0365,P0136,S08,1,104.21,0.0,8.99
ORD01984,2024-07-03,C0288,P0143,S01,1,115.31,0.2,10.58
ORD01985,2022-12-27,C0472,P0130,S01,3,144.15,0.1,10.02
ORD01986,2024-10-17,C0199,P0128,S03,1,298.55,0.1,0.0
ORD01987,2022-10-30,C0474,P0114,S02,2,183.13,0.05,0.29
ORD01988,2023-10-26,C0480,P0050,S01,1,67.43,0.0,9.15
ORD01989,2022-05-09,C0334,P0095,S03,2,248.9,0.0,0.0
ORD01990,2022-12-31,C0317,P0017,S01,1,358.78,0.2,12.04
ORD01991,2023-02-04,C0619,P0007,S01,5,82.79,0.1,8.04
ORD01992,2024-12-19,C0507,P0023,S08,4,282.19,0.0,6.03
ORD01993,2023-02-10,C0360,P0089,S05,2,198.05,0.0,0.0
ORD01994,2023-01-17,C0253,P0125,S01,2,72.55,0.3,4.16
ORD01995,2023-12-23,C0241,P0055,S01,1,218.64,0.1,8.75
ORD01996,2024-06-25,C0535,P0049,S03,1,167.69,0.0,0.0
ORD01997,2023-04-07,C0438,P0109,S01,1,63.22,0.0,0.78
ORD01998,2024-03-24,C0565,P0013,S08,1,558.06,0.0,6.35
ORD01999,2022-11-21,C0391,P0052,S01,1,163.89,0.0,9.1
ORD02000,2024-03-22,C0228,P0142,S07,2,94.31,0.1,0.0
ORD02001,2023-06-21,C0799,P0067,S02,1,55.97,0.05,9.89
ORD02002,2023-06-22,C0222,P0054,S08,5,209.0,0.0,12.94
ORD02003,2022-11-27,C0018,P0131,S03,3,152.1,0.0,0.0
ORD02004,2022-11-12,C0158,P0145,S05,2,68.92,0.1,0.0
ORD02005,2023-01-13,C0415,P0091,S01,1,44.97,0.2,4.3
ORD02006,2023-11-23,C0399,P0013,S01,4,943.88,0.15,14.96
ORD02007,2023-05-17,C0545,P0030,S01,1,37.4,0.15,13.46
ORD02008,2023-07-19,C0007,P0061,S02,1,123.12,0.2,14.6
ORD02009,2023-10-26,C0226,P0019,S05,1,406.55,0.1,0.0
ORD02010,2024-11-07,C0235,P0103,S03,2,114.01,0.1,0.0
ORD02011,2024-03-01,C0488,P0071,S01,1,160.2,0.1,5.03
ORD02012,2022-12-23,C0378,P0018,S01,5,365.47,0.0,14.63
ORD02013,2022-06-08,C0338,P0088,S02,1,220.56,0.25,12.79
ORD02014,2022-07-07,C0607,P0097,S08,2,193.66,0.05,1.28
ORD02015,2024-10-14,C0062,P0048,S02,1,140.05,0.0,1.07
ORD02016,2023-06-04,C0683,P0041,S01,2,32.52,0.1,3.44
ORD02017,2022-07-16,C0154,P0023,S01,4,278.71,0.1,4.03
ORD02018,2024-04-06,C0663,P0146,S02,1,11.97,0.3,2.51
ORD02019,2024-08-29,C0437,P0043,S02,1,11.9,0.0,14.6
ORD02020,2023-01-15,C0692,P0100,S05,1,41.7,0.0,0.0
ORD02021,2024-12-22,C0665,P0122,S02,1,331.61,0.2,6.6
ORD02022,2023-09-25,C0646,P0024,S05,1,304.5,0.0,0.0
ORD02023,2024-11-15,C0653,P0149,S01,1,23.87,0.0,4.89
ORD02024,2022-11-21,C0361,P0018,S06,3,439.29,0.05,0.0
ORD02025,2024-02-14,C0577,P0073,S03,3,6.02,0.0,0.0
ORD02026,2022-01-03,C0476,P0144,S02,1,68.75,0.1,3.85
ORD02027,2024-06-10,C0587,P0077,S02,1,200.92,0.0,10.11
ORD02028,2022-07-02,C0395,P0052,S07,1,160.8,0.3,0.0
ORD02029,2022-03-09,C0362,P0063,S01,1,193.8,0.0,12.14
ORD02030,2024-08-09,C0651,P0029,S03,1,440.31,0.1,0.0
ORD02031,2024-02-18,C0051,P0053,S04,2,241.46,0.15,0.0
ORD02032,2023-01-03,C0166,P0029,S02,1,697.19,0.1,2.32
ORD02033,2024-05-23,C0322,P0021,S03,4,430.8,0.1,0.0
ORD02034,2023-11-18,C0289,P0090,S02,1,136.25,0.0,4.54
ORD02035,2023-11-08,C0764,P0075,S01,2,211.26,0.15,12.06
ORD02036,2023-06-14,C0292,P0116,S01,4,192.01,0.2,8.71
ORD02037,2023-06-25,C0176,P0144,S01,1,90.05,0.0,2.16
ORD02038,2024-05-10,C0741,P0123,S08,5,101.93,0.1,4.1
ORD02039,2024-12-27,C0597,P0134,S07,1,99.23,0.0,0.0
ORD02040,2024-07-01,C0118,P0045,S07,3,57.4,0.05,0.0
ORD02041,2024-11-28,C0646,P0074,S05,1,227.49,0.0,0.0
ORD02042,2022-09-15,C0044,P0003,S01,2,612.63,0.2,12.34
ORD02043,2022-02-26,C0110,P0092,S01,1,147.58,0.15,6.28
ORD02044,2024-08-03,C0365,P0101,S02,2,14.1,0.0,10.88
ORD02045,2023-11-22,C0003,P0121,S03,1,242.06,0.2,0.0
ORD02046,2023-09-04,C0407,P0084,S02,1,25.92,0.0,11.66
ORD02047,2024-01-30,C0304,P0053,S07,1,329.44,0.05,0.0
ORD02048,2022-10-05,C0200,P0064,S01,1,92.95,0.0,8.07
ORD02049,2022-02-08,C0732,P0116,S03,2,302.6,0.1,0.0
ORD02050,2022-02-27,C0728,P0081,S05,1,323.06,0.2,0.0
ORD02051,2022-04-13,C0663,P0023,S04,1,354.19,0.2,0.0
ORD02052,2022-05-12,C0039,P0049,S01,3,145.54,0.0,2.93
ORD02053,2022-12-01,C0625,P0144,S08,1,89.14,0.0,11.12
ORD02054,2022-11-23,C0533,P0035,S08,2,274.11,0.0,7.25
ORD02055,2022-10-07,C0411,P0085,S03,1,112.32,0.0,0.0
ORD02056,2022-01-21,C0203,P0057,S01,1,27.76,0.0,12.9
ORD02057,2022-01-22,C0146,P0110,S05,2,25.61,0.0,0.0
ORD02058,2023-10-08,C0178,P0015,S01,1,160.92,0.0,6.81
ORD02059,2022-12-21,C0570,P0149,S05,3,23.41,0.0,0.0
ORD02060,2022-03-01,C0048,P0034,S01,1,206.78,0.0,2.95
ORD02061,2022-02-03,C0168,P0042,S04,1,185.06,0.0,0.0
ORD02062,2024-02-04,C0266,P0106,S04,2,59.89,0.15,0.0
ORD02063,2024-10-11,C0424,P0067,S01,3,47.0,0.1,8.69
ORD02064,2022-04-13,C0233,P0139,S02,4,106.55,0.0,9.67
ORD02065,2023-11-27,C0185,P0017,S01,2,245.19,0.2,8.29
ORD02066,2023-12-04,C0289,P0137,S05,4,138.44,0.15,0.0
ORD02067,2024-09-21,C0463,P0049,S03,4,174.58,0.15,0.0
ORD02068,2022-07-24,C0049,P0023,S01,1,219.85,0.05,8.56
ORD02069,2022-06-01,C0497,P0013,S01,1,634.9,0.1,4.18
ORD02070,2023-12-23,C0712,P0065,S02,2,69.22,0.15,2.74
ORD02071,2022-08-13,C0180,P0045,S01,1,94.02,0.0,4.29
ORD02072,2023-06-06,C0466,P0143,S01,1,183.59,0.2,14.55
ORD02073,2022-11-03,C0181,P0097,S02,1,158.52,0.2,2.15
ORD02074,2022-01-04,C0208,P0051,S08,1,254.6,0.05,11.97
ORD02075,2022-02-07,C0512,P0133,S02,2,35.9,0.0,1.31
ORD02076,2023-07-09,C0011,P0043,S07,2,15.86,0.0,0.0
ORD02077,2024-11-05,C0627,P0019,S05,1,506.36,0.15,0.0
ORD02078,2024-07-06,C0407,P0047,S02,2,110.09,0.0,2.63
ORD02079,2023-10-11,C0190,P0069,S02,1,29.42,0.0,3.31
ORD02080,2022-12-16,C0581,P0092,S01,1,168.45,0.2,13.11
ORD02081,2023-12-17,C0620,P0037,S01,2,76.43,0.1,3.95
ORD02082,2022-11-19,C0120,P0074,S01,4,159.83,0.3,13.06
ORD02083,2024-04-20,C0606,P0039,S01,3,233.17,0.15,9.41
ORD02084,2024-04-03,C0475,P0063,S04,3,274.64,0.1,0.0
ORD02085,2022-12-19,C0681,P0076,S05,1,163.31,0.05,0.0
ORD02086,2022-06-05,C0639,P0067,S02,2,43.88,0.1,5.27
ORD02087,2022-07-18,C0229,P0028,S04,3,366.62,0.0,0.0
ORD02088,2023-07-13,C0722,P0058,S07,1,59.91,0.1,0.0
ORD02089,2022-12-29,C0178,P0025,S05,1,554.93,0.0,0.0
ORD02090,2022-11-11,C0428,P0140,S02,5,196.62,0.0,4.37
ORD02091,2022-01-18,C0113,P0150,S02,1,68.1,0.05,3.57
ORD02092,2024-03-08,C0769,P0079,S01,3,133.11,0.0,7.02
ORD02093,2024-03-06,C0510,P0129,S02,2,7.48,0.0,11.41
ORD02094,2023-10-05,C0654,P0100,S02,4,28.01,0.0,7.31
ORD02095,2022-09-01,C0223,P0034,S01,1,258.76,0.1,8.95
ORD02096,2023-01-02,C0018,P0047,S01,1,122.02,0.0,11.54
ORD02097,2023-06-03,C0289,P0029,S05,4,530.12,0.25,0.0
ORD02098,2022-08-18,C0158,P0115,S06,1,220.39,0.1,0.0
ORD02099,2023-07-23,C0099,P0135,S04,2,213.1,0.0,0.0
ORD02100,2022-02-10,C0433,P0111,S02,2,60.93,0.15,3.07
ORD02101,2022-01-05,C0202,P0090,S05,2,123.73,0.0,0.0
ORD02102,2024-03-22,C0004,P0025,S01,1,441.35,0.2,9.23
ORD02103,2023-07-08,C0241,P0136,S02,1,120.86,0.0,7.65
ORD02104,2022-11-28,C0676,P0044,S05,3,259.88,0.0,0.0
ORD02105,2024-07-12,C0168,P0111,S06,3,62.02,0.25,0.0
ORD02106,2023-04-11,C0212,P0143,S07,2,102.12,0.2,0.0
ORD02107,2023-02-22,C0418,P0124,S08,1,37.62,0.0,6.57
ORD02108,2024-04-04,C0108,P0117,S01,2,279.47,0.3,2.41
ORD02109,2022-08-11,C0195,P0020,S01,2,198.38,0.0,6.74
ORD02110,2022-11-09,C0521,P0139,S05,1,89.47,0.2,0.0
ORD02111,2022-05-10,C0726,P0084,S08,2,16.78,0.15,10.87
ORD02112,2024-09-14,C0667,P0025,S01,3,330.88,0.15,9.12
ORD02113,2022-12-09,C0536,P0138,S01,2,174.11,0.0,2.6
ORD02114,2022-06-03,C0622,P0120,S02,1,144.46,0.05,12.02
ORD02115,2024-05-08,C0659,P0137,S01,2,140.33,0.0,11.26
ORD02116,2024-10-15,C0734,P0005,S06,1,119.28,0.0,0.0
ORD02117,2024-01-25,C0547,P0103,S02,1,109.61,0.2,3.55
ORD02118,2022-07-12,C0210,P0115,S01,2,203.07,0.1,8.49
ORD02119,2022-11-29,C0617,P0058,S01,1,76.82,0.1,5.81
ORD02120,2022-10-07,C0456,P0006,S01,1,113.41,0.15,0.29
ORD02121,2024-04-23,C0065,P0078,S05,2,31.82,0.0,0.0
ORD02122,2022-02-14,C0610,P0142,S02,2,77.21,0.05,11.63
ORD02123,2023-12-22,C0292,P0147,S02,1,146.45,0.05,5.18
ORD02124,2022-08-19,C0296,P0063,S06,2,166.78,0.1,0.0
ORD02125,2023-02-27,C0550,P0149,S06,1,25.94,0.0,0.0
ORD02126,2024-12-29,C0324,P0075,S01,2,224.67,0.1,14.0
ORD02127,2024-11-20,C0335,P0003,S08,1,594.57,0.2,9.17
ORD02128,2022-03-06,C0470,P0036,S01,1,257.57,0.1,4.76
ORD02129,2022-05-06,C0184,P0140,S01,3,338.04,0.0,14.21
ORD02130,2022-01-02,C0587,P0139,S03,4,133.33,0.2,0.0
ORD02131,2023-11-07,C0565,P0139,S01,2,123.45,0.05,4.16
ORD02132,2022-08-06,C0243,P0107,S01,4,103.73,0.05,14.45
ORD02133,2022-04-07,C0696,P0012,S01,1,636.63,0.1,10.74
ORD02134,2022-07-28,C0661,P0092,S01,4,231.61,0.3,9.34
ORD02135,2024-03-04,C0268,P0143,S05,1,189.35,0.05,0.0
ORD02136,2023-08-26,C0054,P0146,S02,1,14.1,0.15,5.1
ORD02137,2024-12-23,C0659,P0107,S06,1,88.33,0.1,0.0
ORD02138,2023-02-22,C0049,P0032,S01,4,51.41,0.0,3.92
ORD02139,2023-06-01,C0403,P0012,S02,2,830.54,0.3,12.52
ORD02140,2024-02-06,C0387,P0010,S01,3,861.23,0.0,2.79
ORD02141,2023-12-06,C0490,P0112,S01,4,46.65,0.15,13.93
ORD02142,2023-01-06,C0340,P0003,S01,4,504.79,0.1,1.39
ORD02143,2023-08-27,C0265,P0008,S02,1,648.62,0.0,8.93
ORD02144,2023-10-29,C0616,P0058,S02,1,47.1,0.2,14.52
ORD02145,2023-10-03,C0141,P0021,S01,2,565.27,0.0,7.52
ORD02146,2022-12-07,C0004,P0015,S05,1,151.62,0.1,0.0
ORD02147,2024-08-25,C0649,P0037,S08,1,89.12,0.05,9.93
ORD02148,2023-07-09,C0750,P0140,S01,1,321.08,0.0,11.31
ORD02149,2023-10-20,C0186,P0044,S03,1,272.45,0.1,0.0
ORD02150,2023-12-11,C0104,P0081,S02,5,309.79,0.0,12.26
ORD02151,2024-01-25,C0069,P0115,S01,4,212.25,0.05,0.83
ORD02152,2022-04-07,C0265,P0024,S02,1,243.79,0.05,3.19
ORD02153,2024-01-20,C0791,P0092,S01,1,226.08,0.05,6.17
ORD02154,2023-08-29,C0122,P0119,S02,1,239.28,0.2,13.27
ORD02155,2024-07-29,C0618,P0075,S01,1,253.88,0.05,13.64
ORD02156,2024-12-30,C0128,P0050,S02,1,50.58,0.2,10.37
ORD02157,2024-12-03,C0438,P0047,S08,2,79.38,0.05,2.86
ORD02158,2022-12-25,C0070,P0143,S02,1,115.79,0.05,5.13
ORD02159,2023-02-07,C0446,P0143,S01,2,138.19,0.0,12.46
ORD02160,2022-09-08,C0419,P0079,S01,2,80.41,0.25,11.02
ORD02161,2023-04-09,C0052,P0132,S01,2,69.08,0.0,4.32
ORD02162,2023-01-21,C0509,P0098,S01,1,124.55,0.15,4.5
ORD02163,2022-11-29,C0603,P0102,S08,5,194.58,0.0,6.51
ORD02164,2024-03-22,C0264,P0148,S07,2,115.13,0.05,0.0
ORD02165,2023-12-01,C0600,P0148,S05,2,110.71,0.0,0.0
ORD02166,2024-12-26,C0492,P0088,S01,1,189.19,0.25,13.54
ORD02167,2023-11-29,C0554,P0022,S03,2,126.83,0.0,0.0
ORD02168,2023-08-12,C0400,P0076,S01,4,240.1,0.15,9.88
ORD02169,2024-07-26,C0175,P0113,S03,4,337.7,0.2,0.0
ORD02170,2024-10-01,C0357,P0147,S05,1,211.63,0.05,0.0
ORD02171,2022-04-16,C0452,P0019,S05,1,433.23,0.05,0.0
ORD02172,2023-09-05,C0655,P0049,S03,3,174.11,0.2,0.0
ORD02173,2024-08-04,C0769,P0085,S03,1,115.84,0.3,0.0
ORD02174,2023-11-05,C0212,P0069,S02,3,24.84,0.0,4.9
ORD02175,2022-08-03,C0654,P0056,S01,2,181.87,0.0,12.4
ORD02176,2022-06-13,C0591,P0087,S01,3,249.29,0.15,1.57
ORD02177,2022-12-08,C0480,P0114,S03,1,242.63,0.0,0.0
ORD02178,2023-03-02,C0092,P0096,S03,2,140.35,0.15,0.0
ORD02179,2023-10-15,C0021,P0102,S05,1,139.27,0.1,0.0
ORD02180,2022-06-13,C0129,P0137,S07,5,196.3,0.0,0.0
ORD02181,2023-10-08,C0741,P0063,S02,2,194.42,0.1,1.01
ORD02182,2023-11-03,C0515,P0026,S05,1,792.76,0.0,0.0
ORD02183,2022-10-05,C0212,P0119,S02,4,293.47,0.25,0.49
ORD02184,2024-12-23,C0776,P0098,S02,4,137.66,0.0,7.98
ORD02185,2023-12-16,C0582,P0103,S01,1,70.07,0.15,2.59
ORD02186,2023-11-15,C0093,P0111,S02,5,90.34,0.05,4.45
ORD02187,2023-05-20,C0396,P0086,S06,1,123.24,0.05,0.0
ORD02188,2023-01-16,C0104,P0030,S02,1,63.89,0.3,14.75
ORD02189,2024-11-06,C0498,P0121,S01,1,196.12,0.0,14.55
ORD02190,2024-02-14,C0256,P0088,S01,2,175.79,0.0,5.21
ORD02191,2023-06-07,C0079,P0106,S01,1,53.94,0.3,0.79
ORD02192,2023-02-24,C0420,P0077,S06,1,247.94,0.0,0.0
ORD02193,2022-09-12,C0560,P0144,S01,1,87.35,0.0,3.4
ORD02194,2023-06-25,C0214,P0108,S02,4,232.33,0.05,3.79
ORD02195,2022-07-29,C0693,P0067,S01,1,47.28,0.15,5.39
ORD02196,2022-04-02,C0267,P0103,S04,3,112.61,0.1,0.0
ORD02197,2022-01-08,C0518,P0045,S02,3,93.77,0.25,7.16
ORD02198,2024-11-08,C0328,P0070,S05,1,254.83,0.2,0.0
ORD02199,2023-11-05,C0140,P0117,S06,1,210.19,0.0,0.0
ORD02200,2023-02-07,C0567,P0109,S08,5,83.03,0.15,4.92
ORD02201,2022-03-13,C0605,P0054,S02,2,208.65,0.0,1.27
ORD02202,2024-10-07,C0454,P0121,S04,1,226.35,0.05,0.0
ORD02203,2023-04-25,C0780,P0073,S02,1,7.16,0.0,12.61
ORD02204,2022-01-26,C0358,P0029,S01,3,466.91,0.2,5.71
ORD02205,2022-02-17,C0406,P0033,S01,1,28.51,0.0,12.35
ORD02206,2022-12-15,C0088,P0060,S03,2,89.52,0.0,0.0
ORD02207,2024-08-03,C0777,P0069,S01,1,25.84,0.15,4.55
ORD02208,2023-07-12,C0164,P0056,S01,5,335.09,0.0,1.78
ORD02209,2022-06-04,C0732,P0124,S03,1,46.43,0.1,0.0
ORD02210,2022-10-23,C0558,P0071,S08,1,247.1,0.15,7.97
ORD02211,2024-08-30,C0262,P0100,S07,2,25.26,0.0,0.0
ORD02212,2022-12-30,C0306,P0127,S05,1,230.57,0.0,0.0
ORD02213,2023-03-15,C0111,P0026,S02,2,704.37,0.0,2.42
ORD02214,2023-09-18,C0102,P0111,S04,1,95.18,0.05,0.0
ORD02215,2022-11-02,C0712,P0115,S04,1,236.95,0.25,0.0
ORD02216,2022-03-13,C0799,P0086,S05,1,100.31,0.2,0.0
ORD02217,2022-10-05,C0202,P0093,S02,2,247.79,0.0,1.03
ORD02218,2023-11-26,C0031,P0081,S01,1,233.94,0.0,1.75
ORD02219,2022-01-26,C0222,P0119,S03,1,273.16,0.15,0.0
ORD02220,2022-12-18,C0210,P0028,S02,1,629.71,0.0,9.93
ORD02221,2024-11-09,C0671,P0020,S02,1,207.66,0.0,5.32
ORD02222,2023-06-04,C0762,P0072,S02,1,63.16,0.05,6.05
ORD02223,2022-12-09,C0486,P0018,S06,1,609.02,0.0,0.0
ORD02224,2024-04-13,C0231,P0038,S05,1,39.54,0.15,0.0
ORD02225,2022-09-27,C0096,P0037,S03,1,97.19,0.0,0.0
ORD02226,2022-02-04,C0760,P0079,S06,3,97.35,0.05,0.0
ORD02227,2023-01-05,C0214,P0006,S04,1,132.08,0.1,0.0
ORD02228,2023-10-09,C0482,P0034,S02,2,203.34,0.1,5.32
ORD02229,2022-10-02,C0709,P0089,S02,2,239.6,0.0,10.14
ORD02230,2022-03-17,C0589,P0028,S04,1,542.41,0.25,0.0
ORD02231,2022-07-06,C0554,P0111,S07,5,63.1,0.15,0.0
ORD02232,2024-04-27,C0439,P0143,S05,4,135.03,0.05,0.0
ORD02233,2024-05-12,C0389,P0119,S08,4,203.75,0.05,2.35
ORD02234,2023-07-06,C0025,P0067,S02,1,54.38,0.2,0.63
ORD02235,2022-08-13,C0299,P0126,S03,2,118.6,0.0,0.0
ORD02236,2023-09-08,C0585,P0104,S05,3,116.78,0.25,0.0
ORD02237,2023-02-17,C0203,P0033,S05,5,29.58,0.0,0.0
ORD02238,2023-07-05,C0460,P0070,S08,1,291.47,0.0,3.47
ORD02239,2024-12-16,C0443,P0071,S01,2,221.73,0.0,10.97
ORD02240,2023-03-23,C0019,P0006,S02,1,201.42,0.15,3.31
ORD02241,2024-04-05,C0627,P0029,S01,2,704.89,0.1,14.01
ORD02242,2022-07-04,C0416,P0031,S05,1,221.52,0.3,0.0
ORD02243,2022-07-09,C0241,P0039,S01,1,213.63,0.25,9.45
ORD02244,2024-12-25,C0745,P0148,S02,2,137.16,0.0,11.29
ORD02245,2022-01-19,C0308,P0087,S02,3,213.62,0.0,10.16
ORD02246,2024-05-20,C0398,P0067,S01,1,43.03,0.25,10.97
ORD02247,2024-11-20,C0256,P0057,S02,4,36.65,0.15,2.2
ORD02248,2024-12-07,C0095,P0082,S04,2,217.58,0.0,0.0
ORD02249,2023-06-15,C0778,P0037,S03,3,93.09,0.0,0.0
ORD02250,2022-02-07,C0681,P0067,S01,1,54.88,0.0,6.47
ORD02251,2023-05-05,C0031,P0106,S02,1,69.58,0.1,13.73
ORD02252,2023-05-28,C0415,P0070,S02,1,237.12,0.0,12.66
ORD02253,2022-07-07,C0142,P0039,S04,2,194.82,0.1,0.0
ORD02254,2024-03-11,C0355,P0136,S02,1,96.82,0.0,4.63
ORD02255,2024-08-15,C0653,P0092,S08,1,214.37,0.0,4.88
ORD02256,2023-04-01,C0018,P0117,S01,1,163.19,0.1,4.08
ORD02257,2022-10-13,C0110,P0085,S02,2,63.7,0.25,14.68
ORD02258,2022-12-28,C0355,P0084,S03,1,30.34,0.2,0.0
ORD02259,2024-03-25,C0063,P0009,S02,1,536.78,0.0,10.93
ORD02260,2024-05-23,C0088,P0014,S01,1,188.84,0.0,10.07
ORD02261,2022-06-27,C0206,P0045,S08,1,93.02,0.15,14.2
ORD02262,2024-05-24,C0129,P0023,S01,4,266.34,0.25,11.75
ORD02263,2024-02-06,C0446,P0110,S05,1,23.19,0.2,0.0
ORD02264,2023-06-14,C0313,P0012,S04,4,1207.15,0.3,0.0
ORD02265,2023-09-07,C0110,P0007,S03,1,44.92,0.0,0.0
ORD02266,2023-09-26,C0266,P0039,S01,2,209.67,0.05,9.89
ORD02267,2024-12-31,C0776,P0082,S01,2,201.13,0.2,1.81
ORD02268,2023-01-11,C0522,P0001,S02,1,461.96,0.2,2.72
ORD02269,2023-12-21,C0157,P0103,S07,1,100.75,0.0,0.0
ORD02270,2024-06-24,C0639,P0070,S01,1,232.06,0.0,4.61
ORD02271,2022-11-23,C0371,P0054,S01,1,263.13,0.25,6.26
ORD02272,2024-11-11,C0495,P0145,S08,5,66.96,0.0,2.56
ORD02273,2023-03-06,C0744,P0079,S02,2,100.34,0.0,11.36
ORD02274,2022-11-09,C0089,P0039,S01,2,246.27,0.2,1.26
ORD02275,2023-12-31,C0589,P0066,S05,1,146.66,0.0,0.0
ORD02276,2022-07-27,C0793,P0127,S01,2,175.05,0.05,0.25
ORD02277,2024-08-07,C0240,P0110,S01,1,29.99,0.1,9.04
ORD02278,2023-08-12,C0184,P0129,S05,2,6.01,0.0,0.0
ORD02279,2024-05-09,C0415,P0104,S01,3,122.91,0.0,0.36
ORD02280,2022-03-31,C0380,P0042,S01,2,174.46,0.0,14.62
ORD02281,2023-01-17,C0122,P0008,S05,1,634.4,0.1,0.0
ORD02282,2024-12-17,C0509,P0062,S01,2,67.67,0.1,13.03
ORD02283,2024-10-31,C0208,P0015,S01,5,229.12,0.0,6.29
ORD02284,2024-07-03,C0083,P0013,S01,1,567.51,0.25,0.59
ORD02285,2023-03-06,C0120,P0122,S01,3,267.94,0.05,5.89
ORD02286,2022-07-22,C0781,P0120,S04,1,109.79,0.15,0.0
ORD02287,2022-11-15,C0701,P0091,S05,5,41.16,0.3,0.0
ORD02288,2024-11-05,C0664,P0149,S01,5,13.88,0.05,11.81
ORD02289,2024-12-08,C0010,P0094,S03,1,142.61,0.3,0.0
ORD02290,2023-11-29,C0170,P0136,S05,1,68.1,0.25,0.0
ORD02291,2024-12-18,C0536,P0114,S05,1,244.31,0.15,0.0
ORD02292,2024-08-16,C0109,P0107,S02,2,112.55,0.05,14.61
ORD02293,2022-11-13,C0694,P0052,S03,3,228.39,0.1,0.0
ORD02294,2024-02-26,C0794,P0126,S01,1,107.24,0.0,10.64
ORD02295,2023-04-10,C0574,P0108,S07,4,185.45,0.0,0.0
ORD02296,2023-08-11,C0376,P0141,S05,1,344.6,0.3,0.0
ORD02297,2022-03-06,C0686,P0066,S07,1,144.84,0.15,0.0
ORD02298,2023-01-17,C0401,P0032,S03,3,55.01,0.0,0.0
ORD02299,2024-02-23,C0266,P0117,S02,1,164.83,0.0,6.39
ORD02300,2024-06-25,C0068,P0092,S02,2,247.93,0.0,12.08
ORD02301,2024-01-17,C0092,P0037,S01,2,74.98,0.2,3.39
ORD02302,2024-03-06,C0010,P0123,S01,1,113.47,0.3,13.96
ORD02303,2024-12-06,C0289,P0041,S06,2,29.62,0.1,0.0
ORD02304,2023-08-14,C0516,P0075,S01,1,196.72,0.0,5.06
ORD02305,2022-04-06,C0073,P0095,S02,2,272.77,0.15,1.25
ORD02306,2023-05-17,C0239,P0085,S01,1,75.66,0.0,11.29
ORD02307,2024-05-11,C0503,P0040,S02,3,92.18,0.15,7.39
ORD02308,2022-09-08,C0566,P0064,S01,2,101.48,0.25,5.02
ORD02309,2022-08-16,C0460,P0020,S08,1,264.53,0.0,7.95
ORD02310,2024-10-16,C0371,P0088,S01,1,144.46,0.25,8.58
ORD02311,2024-08-03,C0020,P0099,S01,3,15.28,0.05,11.4
ORD02312,2024-08-17,C0067,P0092,S02,1,160.12,0.0,2.24
ORD02313,2024-10-21,C0394,P0093,S06,3,186.25,0.05,0.0
ORD02314,2023-04-16,C0222,P0016,S01,1,166.03,0.3,6.13
ORD02315,2024-12-21,C0453,P0048,S01,1,168.09,0.0,0.85
ORD02316,2023-01-06,C0577,P0042,S01,1,101.68,0.15,5.88
ORD02317,2024-12-17,C0462,P0038,S01,2,37.09,0.0,2.9
ORD02318,2022-04-04,C0257,P0110,S01,1,29.64,0.2,3.9
ORD02319,2023-02-28,C0724,P0018,S01,1,625.68,0.15,13.44
ORD02320,2024-04-01,C0367,P0036,S03,1,201.84,0.05,0.0
ORD02321,2022-04-17,C0270,P0008,S02,4,683.6,0.3,6.17
ORD02322,2023-04-24,C0799,P0086,S02,1,80.7,0.0,10.09
ORD02323,2022-10-24,C0429,P0148,S05,5,176.18,0.0,0.0
ORD02324,2024-07-09,C0796,P0066,S01,1,174.48,0.1,12.37
ORD02325,2023-10-21,C0755,P0015,S02,2,168.76,0.05,2.34
ORD02326,2023-11-26,C0447,P0041,S07,2,45.77,0.2,0.0
ORD02327,2024-12-15,C0489,P0047,S01,1,84.58,0.2,10.07
ORD02328,2023-01-05,C0180,P0046,S08,1,163.11,0.0,1.22
ORD02329,2024-01-30,C0437,P0126,S03,5,163.86,0.0,0.0
ORD02330,2022-12-03,C0162,P0076,S03,2,163.86,0.0,0.0
ORD02331,2023-04-22,C0107,P0045,S06,5,102.03,0.0,0.0
ORD02332,2023-01-02,C0765,P0047,S02,5,120.72,0.1,11.91
ORD02333,2022-01-29,C0189,P0069,S04,1,29.19,0.2,0.0
ORD02334,2022-05-05,C0074,P0007,S02,4,67.28,0.15,12.99
ORD02335,2022-06-14,C0457,P0050,S07,1,49.7,0.0,0.0
ORD02336,2023-08-20,C0190,P0054,S02,1,250.41,0.0,9.29
ORD02337,2023-07-27,C0116,P0058,S07,1,57.05,0.1,0.0
ORD02338,2024-06-27,C0569,P0062,S01,1,77.76,0.1,4.95
ORD02339,2023-10-28,C0359,P0041,S03,2,41.4,0.3,0.0
ORD02340,2023-10-28,C0756,P0057,S03,1,37.15,0.15,0.0
ORD02341,2024-10-07,C0164,P0023,S07,1,230.67,0.0,0.0
ORD02342,2023-12-14,C0791,P0077,S03,1,281.79,0.0,0.0
ORD02343,2024-07-15,C0176,P0085,S02,1,103.6,0.1,12.35
ORD02344,2024-09-28,C0024,P0096,S02,1,148.72,0.2,11.69
ORD02345,2024-06-09,C0429,P0001,S05,5,251.22,0.15,0.0
ORD02346,2022-02-14,C0011,P0140,S04,4,332.84,0.1,0.0
ORD02347,2022-12-18,C0191,P0043,S05,4,10.87,0.15,0.0
ORD02348,2023-07-27,C0036,P0147,S03,1,219.29,0.0,0.0
ORD02349,2023-01-30,C0007,P0045,S08,1,102.2,0.0,4.41
ORD02350,2022-11-12,C0353,P0085,S07,1,75.62,0.1,0.0
ORD02351,2023-08-04,C0232,P0009,S07,2,671.19,0.2,0.0
ORD02352,2023-05-18,C0302,P0042,S06,1,121.54,0.0,0.0
ORD02353,2024-05-23,C0028,P0138,S01,2,248.69,0.05,1.54
ORD02354,2023-04-18,C0771,P0069,S01,1,20.26,0.1,14.69
ORD02355,2024-03-15,C0058,P0035,S01,1,305.64,0.05,12.7
ORD02356,2023-02-10,C0317,P0118,S03,1,51.4,0.0,0.0
ORD02357,2022-01-31,C0657,P0069,S01,1,29.48,0.05,8.91
ORD02358,2022-07-20,C0406,P0047,S02,2,98.8,0.0,10.24
ORD02359,2024-02-02,C0132,P0103,S08,3,97.95,0.0,6.44
ORD02360,2023-10-15,C0645,P0131,S08,1,104.98,0.0,11.53
ORD02361,2024-05-21,C0028,P0059,S01,2,15.17,0.1,10.39
ORD02362,2024-12-27,C0141,P0081,S01,1,205.21,0.15,9.38
ORD02363,2022-05-09,C0340,P0059,S02,1,21.2,0.0,3.28
ORD02364,2022-10-13,C0307,P0027,S01,3,142.46,0.05,1.96
ORD02365,2024-06-23,C0654,P0119,S01,1,272.07,0.3,12.74
ORD02366,2024-10-24,C0644,P0066,S05,1,112.08,0.25,0.0
ORD02367,2022-08-13,C0310,P0002,S05,1,1037.27,0.0,0.0
ORD02368,2024-05-30,C0633,P0092,S08,1,184.38,0.05,7.18
ORD02369,2023-07-18,C0342,P0134,S03,3,127.08,0.0,0.0
ORD02370,2024-12-15,C0176,P0139,S08,1,95.87,0.05,6.98
ORD02371,2024-09-05,C0019,P0045,S05,1,54.03,0.05,0.0
ORD02372,2022-12-11,C0799,P0056,S03,1,193.64,0.0,0.0
ORD02373,2024-03-13,C0177,P0041,S01,1,33.72,0.15,0.42
ORD02374,2024-12-28,C0173,P0104,S05,5,160.0,0.05,0.0
ORD02375,2024-04-22,C0185,P0065,S03,1,80.26,0.25,0.0
ORD02376,2022-11-29,C0090,P0071,S01,2,228.12,0.1,2.62
ORD02377,2022-01-28,C0404,P0107,S01,2,104.82,0.0,9.96
ORD02378,2024-04-19,C0351,P0068,S06,1,297.27,0.1,0.0
ORD02379,2024-05-31,C0489,P0018,S06,2,360.19,0.0,0.0
ORD02380,2022-06-22,C0380,P0063,S05,2,295.63,0.0,0.0
ORD02381,2022-11-25,C0096,P0119,S01,2,267.38,0.0,8.46
ORD02382,2022-01-12,C0022,P0108,S08,1,216.77,0.05,1.04
ORD02383,2022-03-18,C0410,P0072,S01,2,45.35,0.05,9.01
ORD02384,2022-04-23,C0133,P0112,S02,1,45.63,0.05,13.76
ORD02385,2023-12-26,C0334,P0147,S01,1,165.58,0.0,2.15
ORD02386,2022-07-04,C0675,P0109,S01,1,79.04,0.0,4.4
ORD02387,2022-08-23,C0290,P0067,S05,5,45.79,0.0,0.0
ORD02388,2024-03-07,C0120,P0074,S08,1,262.62,0.0,13.5
ORD02389,2022-03-06,C0258,P0054,S03,1,302.8,0.3,0.0
ORD02390,2022-05-23,C0103,P0088,S02,1,204.24,0.3,10.19
ORD02391,2023-01-22,C0043,P0047,S07,1,118.88,0.0,0.0
ORD02392,2023-09-23,C0080,P0069,S05,1,23.1,0.0,0.0
ORD02393,2023-02-07,C0587,P0100,S01,2,24.54,0.3,4.08
ORD02394,2022-12-05,C0792,P0076,S02,2,172.01,0.0,9.93
ORD02395,2022-10-08,C0043,P0146,S01,1,17.35,0.0,8.9
ORD02396,2023-06-30,C0004,P0004,S03,1,397.62,0.2,0.0
ORD02397,2023-10-03,C0179,P0069,S01,2,30.36,0.0,4.85
ORD02398,2023-03-28,C0269,P0020,S04,1,312.95,0.05,0.0
ORD02399,2023-08-25,C0536,P0130,S01,1,153.65,0.0,5.14
ORD02400,2024-02-08,C0668,P0116,S08,1,191.6,0.05,1.42
ORD02401,2022-05-18,C0711,P0077,S01,1,267.42,0.05,13.78
ORD02402,2022-11-02,C0591,P0043,S06,1,16.76,0.05,0.0
ORD02403,2023-11-17,C0666,P0117,S06,2,172.52,0.0,0.0
ORD02404,2023-04-29,C0035,P0110,S01,1,25.52,0.15,10.93
ORD02405,2024-06-28,C0607,P0109,S02,1,81.9,0.0,1.77
ORD02406,2024-06-20,C0415,P0006,S02,3,106.89,0.25,10.68
ORD02407,2022-10-05,C0431,P0047,S02,3,84.36,0.25,3.82
ORD02408,2024-07-14,C0442,P0130,S01,2,102.71,0.0,8.1
ORD02409,2022-04-06,C0587,P0053,S02,1,327.57,0.2,14.36
ORD02410,2024-11-20,C0775,P0129,S02,1,7.96,0.15,7.72
ORD02411,2023-09-12,C0121,P0036,S04,1,170.81,0.1,0.0
ORD02412,2022-06-09,C0700,P0103,S05,1,96.39,0.0,0.0
ORD02413,2022-05-23,C0592,P0042,S08,2,133.09,0.2,9.11
ORD02414,2024-08-29,C0596,P0149,S01,3,18.67,0.2,3.6
ORD02415,2022-06-14,C0550,P0146,S08,1,11.91,0.1,4.72
ORD02416,2023-04-23,C0756,P0118,S08,1,43.09,0.05,2.65
ORD02417,2022-12-18,C0162,P0075,S01,2,265.65,0.1,6.66
ORD02418,2022-06-28,C0335,P0061,S01,5,116.57,0.1,13.1
ORD02419,2022-02-09,C0794,P0092,S03,5,269.05,0.05,0.0
ORD02420,2024-02-19,C0632,P0017,S01,2,311.08,0.0,12.19
ORD02421,2024-01-24,C0167,P0136,S08,1,85.48,0.1,4.59
ORD02422,2024-11-15,C0675,P0072,S05,3,57.44,0.1,0.0
ORD02423,2022-06-04,C0115,P0138,S02,2,224.06,0.25,10.23
ORD02424,2023-07-10,C0352,P0030,S07,2,46.98,0.2,0.0
ORD02425,2022-04-17,C0791,P0065,S03,2,64.67,0.0,0.0
ORD02426,2024-11-12,C0205,P0001,S08,3,392.01,0.0,1.92
ORD02427,2022-11-16,C0044,P0077,S02,1,232.08,0.0,10.4
ORD02428,2022-05-15,C0154,P0103,S02,2,105.35,0.05,11.3
ORD02429,2022-12-23,C0307,P0076,S06,1,258.59,0.25,0.0
ORD02430,2022-02-09,C0520,P0133,S04,5,39.18,0.3,0.0
ORD02431,2023-01-12,C0647,P0120,S01,1,179.07,0.05,9.29
ORD02432,2022-12-18,C0402,P0104,S01,2,118.5,0.05,0.39
ORD02433,2022-02-04,C0468,P0031,S01,3,151.52,0.0,6.65
ORD02434,2024-05-12,C0288,P0068,S01,1,246.74,0.1,12.75
ORD02435,2023-01-12,C0535,P0086,S04,4,78.0,0.2,0.0
ORD02436,2022-06-16,C0678,P0076,S08,1,159.8,0.0,14.45
ORD02437,2024-02-05,C0600,P0005,S01,4,117.56,0.3,7.18
ORD02438,2024-07-28,C0188,P0003,S03,1,735.66,0.05,0.0
ORD02439,2022-05-01,C0665,P0097,S05,1,155.66,0.25,0.0
ORD02440,2023-08-25,C0137,P0082,S06,4,132.77,0.0,0.0
ORD02441,2023-12-22,C0262,P0109,S02,1,50.13,0.05,1.58
ORD02442,2023-07-25,C0410,P0063,S06,1,249.98,0.2,0.0
ORD02443,2024-11-10,C0361,P0031,S07,2,180.3,0.3,0.0
ORD02444,2023-05-25,C0730,P0071,S02,1,184.16,0.0,9.57
ORD02445,2022-09-18,C0391,P0010,S02,1,811.99,0.15,0.62
ORD02446,2024-12-19,C0076,P0150,S01,2,83.43,0.1,10.34
ORD02447,2022-12-23,C0263,P0013,S01,2,668.45,0.0,4.62
ORD02448,2022-09-21,C0408,P0107,S01,1,128.96,0.25,13.47
ORD02449,2024-04-15,C0387,P0089,S03,2,303.12,0.2,0.0
ORD02450,2022-11-13,C0254,P0141,S01,3,288.92,0.15,10.95
ORD02451,2024-07-12,C0800,P0096,S02,1,131.36,0.0,9.61
ORD02452,2024-12-11,C0258,P0134,S07,3,97.86,0.0,0.0
ORD02453,2022-06-23,C0413,P0033,S01,1,19.19,0.0,10.53
ORD02454,2023-09-02,C0409,P0120,S01,2,161.91,0.15,5.38
ORD02455,2022-05-25,C0018,P0031,S01,3,220.95,0.05,0.31
ORD02456,2022-11-08,C0482,P0140,S01,2,244.87,0.05,0.85
ORD02457,2023-11-02,C0305,P0099,S01,3,14.96,0.25,10.53
ORD02458,2022-10-05,C0338,P0003,S03,2,623.6,0.0,0.0
ORD02459,2024-11-28,C0238,P0087,S01,4,232.72,0.3,5.94
ORD02460,2022-07-29,C0573,P0067,S08,1,52.36,0.25,6.81
ORD02461,2024-01-28,C0005,P0034,S01,2,255.73,0.0,14.02
ORD02462,2022-01-06,C0419,P0105,S01,2,218.4,0.1,1.81
ORD02463,2024-09-10,C0007,P0075,S01,3,213.98,0.0,14.54
ORD02464,2023-06-12,C0326,P0042,S01,1,132.89,0.0,0.93
ORD02465,2022-07-18,C0502,P0128,S02,2,221.13,0.0,7.59
ORD02466,2023-12-18,C0089,P0108,S05,3,170.46,0.0,0.0
ORD02467,2022-04-03,C0637,P0086,S05,2,106.16,0.15,0.0
ORD02468,2023-02-11,C0216,P0050,S02,1,75.34,0.15,6.78
ORD02469,2023-09-28,C0294,P0115,S02,1,165.85,0.0,6.01
ORD02470,2024-06-02,C0426,P0137,S07,3,113.99,0.0,0.0
ORD02471,2022-01-11,C0424,P0121,S01,3,287.18,0.1,6.22
ORD02472,2024-01-02,C0674,P0062,S01,2,75.69,0.0,9.9
ORD02473,2023-07-03,C0262,P0050,S01,3,55.22,0.1,9.72
ORD02474,2023-12-27,C0355,P0089,S02,1,183.28,0.15,12.21
ORD02475,2022-07-15,C0267,P0116,S01,3,318.39,0.0,9.73
ORD02476,2024-01-20,C0408,P0030,S01,1,68.45,0.05,2.27
ORD02477,2022-04-14,C0013,P0063,S05,1,233.78,0.0,0.0
ORD02478,2022-11-03,C0025,P0139,S04,2,114.15,0.0,0.0
ORD02479,2022-11-25,C0245,P0011,S02,4,30.35,0.05,6.02
ORD02480,2023-07-25,C0676,P0006,S02,2,140.24,0.0,1.9
ORD02481,2023-10-21,C0093,P0087,S08,1,195.15,0.1,2.44
ORD02482,2023-04-30,C0136,P0107,S01,4,138.14,0.1,3.13
ORD02483,2024-08-17,C0516,P0006,S08,4,112.66,0.15,8.29
ORD02484,2024-06-03,C0738,P0130,S08,2,157.27,0.3,13.08
ORD02485,2022-08-29,C0554,P0024,S06,3,371.28,0.1,0.0
ORD02486,2022-06-11,C0400,P0038,S02,1,29.77,0.05,12.05
ORD02487,2023-11-25,C0167,P0088,S06,1,188.44,0.1,0.0
ORD02488,2022-08-17,C0034,P0104,S01,1,108.49,0.1,8.49
ORD02489,2022-11-22,C0232,P0081,S03,1,310.36,0.0,0.0
ORD02490,2023-08-30,C0545,P0015,S04,2,168.68,0.0,0.0
ORD02491,2023-02-07,C0297,P0017,S02,1,257.61,0.1,2.15
ORD02492,2023-11-26,C0279,P0148,S02,3,113.93,0.2,6.49
ORD02493,2024-04-15,C0185,P0105,S01,2,274.84,0.1,1.21
ORD02494,2022-01-06,C0142,P0004,S05,1,731.5,0.05,0.0
ORD02495,2022-02-03,C0569,P0125,S08,1,80.55,0.25,8.8
ORD02496,2024-11-24,C0054,P0085,S02,1,111.75,0.0,1.2
ORD02497,2024-01-30,C0657,P0136,S01,2,94.57,0.0,9.45
ORD02498,2022-01-17,C0012,P0031,S07,2,211.79,0.1,0.0
ORD02499,2022-12-04,C0655,P0061,S01,1,134.72,0.0,4.16
ORD02500,2023-06-22,C0786,P0052,S08,3,284.05,0.1,1.87
ORD02501,2024-01-21,C0589,P0029,S03,1,700.94,0.0,0.0
ORD02502,2024-12-28,C0475,P0035,S01,3,357.32,0.05,2.66
ORD02503,2022-10-08,C0766,P0074,S03,2,266.2,0.1,0.0
ORD02504,2023-11-06,C0128,P0024,S03,2,251.26,0.0,0.0
ORD02505,2024-03-08,C0543,P0090,S01,4,129.38,0.2,7.74
ORD02506,2023-11-08,C0161,P0104,S07,2,155.27,0.1,0.0
ORD02507,2022-11-02,C0054,P0127,S01,1,298.65,0.0,10.08
ORD02508,2024-04-16,C0143,P0108,S01,1,214.17,0.05,12.15
ORD02509,2023-08-30,C0776,P0040,S02,4,165.23,0.0,0.33
ORD02510,2023-02-07,C0375,P0017,S02,1,385.74,0.0,1.29
ORD02511,2022-05-19,C0434,P0024,S02,1,424.37,0.05,4.21
ORD02512,2023-12-12,C0064,P0147,S02,1,135.08,0.0,6.6
ORD02513,2023-03-05,C0315,P0084,S02,1,25.58,0.15,5.71
ORD02514,2024-01-19,C0712,P0082,S08,4,129.2,0.1,8.99
ORD02515,2022-09-10,C0777,P0021,S03,2,733.62,0.1,0.0
ORD02516,2024-03-25,C0736,P0077,S02,1,204.81,0.0,3.24
ORD02517,2022-09-10,C0331,P0050,S05,1,55.24,0.1,0.0
ORD02518,2024-07-31,C0384,P0002,S04,1,645.88,0.0,0.0
ORD02519,2022-07-01,C0007,P0063,S06,1,285.16,0.0,0.0
ORD02520,2024-06-04,C0195,P0056,S07,1,317.43,0.15,0.0
ORD02521,2024-09-08,C0216,P0035,S03,3,290.71,0.0,0.0
ORD02522,2022-03-23,C0137,P0144,S01,3,81.41,0.2,12.0
ORD02523,2024-07-31,C0265,P0048,S01,1,156.17,0.0,12.39
ORD02524,2022-11-23,C0347,P0137,S04,1,163.1,0.0,0.0
ORD02525,2023-01-09,C0258,P0025,S04,1,517.18,0.05,0.0
ORD02526,2023-01-22,C0529,P0045,S01,1,82.83,0.3,6.21
ORD02527,2024-12-11,C0689,P0003,S02,3,899.81,0.2,8.12
ORD02528,2023-11-04,C0130,P0088,S07,1,195.97,0.25,0.0
ORD02529,2023-10-25,C0207,P0018,S03,1,414.22,0.0,0.0
ORD02530,2023-05-19,C0189,P0040,S05,1,138.84,0.1,0.0
ORD02531,2022-11-05,C0461,P0127,S02,1,244.77,0.25,2.77
ORD02532,2024-11-02,C0408,P0009,S02,1,414.95,0.05,9.07
ORD02533,2024-06-26,C0371,P0143,S01,1,168.67,0.0,7.85
ORD02534,2023-10-04,C0312,P0129,S01,1,6.32,0.15,10.0
ORD02535,2023-07-08,C0485,P0112,S05,1,37.28,0.0,0.0
ORD02536,2024-07-17,C0583,P0096,S08,3,138.34,0.05,2.45
ORD02537,2022-11-24,C0251,P0011,S05,1,23.11,0.05,0.0
ORD02538,2024-01-01,C0269,P0104,S08,2,119.96,0.0,5.8
ORD02539,2024-07-06,C0662,P0125,S03,1,49.7,0.25,0.0
ORD02540,2022-06-08,C0438,P0130,S01,2,138.78,0.2,7.68
ORD02541,2023-10-05,C0612,P0073,S05,2,7.16,0.0,0.0
ORD02542,2024-06-12,C0135,P0033,S05,5,22.1,0.0,0.0
ORD02543,2024-02-20,C0161,P0026,S05,2,908.16,0.25,0.0
ORD02544,2024-12-28,C0677,P0020,S07,1,219.92,0.1,0.0
ORD02545,2023-11-27,C0005,P0005,S04,1,156.8,0.05,0.0
ORD02546,2022-12-01,C0606,P0050,S08,2,41.47,0.0,1.07
ORD02547,2024-10-16,C0350,P0042,S02,1,150.72,0.05,8.49
ORD02548,2024-10-03,C0793,P0132,S02,1,83.91,0.3,8.37
ORD02549,2023-02-24,C0665,P0140,S02,1,357.59,0.05,0.73
ORD02550,2023-08-18,C0051,P0134,S02,1,74.61,0.15,0.66
ORD02551,2023-06-08,C0411,P0095,S01,2,177.09,0.1,8.12
ORD02552,2023-07-10,C0528,P0084,S02,1,25.6,0.0,0.68
ORD02553,2024-03-03,C0248,P0139,S08,3,137.47,0.2,12.63
ORD02554,2024-06-29,C0123,P0102,S01,2,159.88,0.1,1.16
ORD02555,2022-10-16,C0411,P0099,S01,1,10.14,0.0,1.9
ORD02556,2024-11-03,C0339,P0072,S02,4,46.64,0.25,7.78
ORD02557,2023-10-23,C0506,P0092,S02,5,172.02,0.0,5.37
ORD02558,2024-08-21,C0008,P0002,S01,2,1183.01,0.0,10.26
ORD02559,2022-09-29,C0366,P0015,S01,1,231.68,0.0,2.14
ORD02560,2022-08-07,C0310,P0066,S01,3,145.57,0.1,8.32
ORD02561,2022-01-11,C0207,P0052,S02,4,162.79,0.3,0.06
ORD02562,2022-02-04,C0326,P0060,S06,3,106.95,0.15,0.0
ORD02563,2024-07-15,C0419,P0063,S01,4,258.4,0.0,6.16
ORD02564,2023-07-03,C0525,P0055,S03,1,171.56,0.0,0.0
ORD02565,2023-11-13,C0627,P0139,S05,1,101.53,0.3,0.0
ORD02566,2023-03-12,C0013,P0149,S03,1,14.05,0.0,0.0
ORD02567,2024-09-01,C0499,P0148,S01,1,130.9,0.3,2.66
ORD02568,2023-07-05,C0399,P0093,S03,2,162.86,0.0,0.0
ORD02569,2022-03-28,C0772,P0091,S05,3,50.38,0.05,0.0
ORD02570,2022-01-30,C0656,P0128,S03,1,261.55,0.0,0.0
ORD02571,2022-04-03,C0002,P0111,S01,2,99.13,0.0,4.73
ORD02572,2022-07-04,C0615,P0136,S08,1,89.49,0.05,3.55
ORD02573,2022-02-05,C0158,P0080,S01,1,28.37,0.15,2.69
ORD02574,2024-07-30,C0448,P0137,S02,2,178.89,0.3,10.16
ORD02575,2022-05-17,C0756,P0109,S01,4,71.66,0.05,7.13
ORD02576,2022-11-22,C0535,P0129,S05,1,9.68,0.1,0.0
ORD02577,2024-11-30,C0284,P0132,S01,1,49.46,0.0,4.21
ORD02578,2023-03-27,C0032,P0110,S05,1,24.63,0.05,0.0
ORD02579,2023-07-28,C0493,P0108,S01,2,255.39,0.0,14.89
ORD02580,2024-06-27,C0394,P0001,S02,3,302.51,0.0,13.11
ORD02581,2022-06-27,C0783,P0136,S01,2,116.01,0.0,3.37
ORD02582,2023-10-02,C0608,P0141,S06,4,257.06,0.25,0.0
ORD02583,2023-04-28,C0226,P0037,S04,1,85.6,0.1,0.0
ORD02584,2022-12-17,C0058,P0147,S01,3,229.1,0.15,2.71
ORD02585,2024-05-27,C0732,P0070,S02,2,334.49,0.0,5.01
ORD02586,2024-07-03,C0073,P0067,S03,1,51.64,0.05,0.0
ORD02587,2023-10-05,C0080,P0135,S08,4,255.47,0.05,8.68
ORD02588,2023-03-07,C0362,P0017,S03,1,357.75,0.1,0.0
ORD02589,2023-09-12,C0172,P0100,S02,2,42.72,0.05,13.0
ORD02590,2024-11-14,C0538,P0053,S01,1,193.54,0.0,10.38
ORD02591,2024-09-07,C0244,P0039,S03,2,152.05,0.0,0.0
ORD02592,2023-11-15,C0560,P0141,S01,4,259.92,0.1,8.23
ORD02593,2024-12-07,C0524,P0026,S05,3,702.01,0.0,0.0
ORD02594,2024-09-27,C0398,P0103,S05,3,94.66,0.1,0.0
ORD02595,2022-08-31,C0225,P0034,S02,1,355.63,0.1,2.03
ORD02596,2023-04-19,C0679,P0131,S08,1,135.83,0.0,5.94
ORD02597,2022-04-01,C0472,P0084,S02,1,18.01,0.05,2.38
ORD02598,2023-01-27,C0014,P0115,S06,1,234.42,0.15,0.0
ORD02599,2022-12-16,C0103,P0056,S01,1,326.29,0.0,13.61
ORD02600,2023-10-14,C0367,P0009,S01,1,753.3,0.05,3.12
ORD02601,2023-07-28,C0377,P0080,S08,2,34.58,0.0,10.04
ORD02602,2022-06-06,C0495,P0079,S08,2,104.73,0.15,6.28
ORD02603,2022-11-09,C0051,P0083,S01,2,89.3,0.05,8.91
ORD02604,2024-12-29,C0597,P0010,S03,4,707.7,0.05,0.0
ORD02605,2024-07-03,C0238,P0037,S03,1,71.37,0.15,0.0
ORD02606,2023-07-01,C0299,P0132,S01,5,66.53,0.1,8.3
ORD02607,2023-08-24,C0791,P0060,S02,3,100.84,0.3,3.15
ORD02608,2022-02-14,C0138,P0056,S03,1,303.46,0.15,0.0
ORD02609,2024-11-02,C0364,P0031,S03,1,122.79,0.05,0.0
ORD02610,2022-11-25,C0679,P0038,S02,1,29.96,0.0,11.7
ORD02611,2022-10-07,C0340,P0023,S03,4,295.73,0.1,0.0
ORD02612,2023-04-10,C0093,P0077,S02,5,187.77,0.0,10.42
ORD02613,2023-12-12,C0551,P0066,S01,1,163.98,0.0,11.94
ORD02614,2023-09-07,C0483,P0099,S05,1,14.71,0.15,0.0
ORD02615,2023-12-09,C0366,P0147,S02,2,188.2,0.25,7.32
ORD02616,2024-09-24,C0435,P0030,S01,1,40.86,0.0,3.92
ORD02617,2022-11-27,C0526,P0020,S04,1,268.92,0.1,0.0
ORD02618,2022-07-22,C0281,P0077,S04,1,234.99,0.2,0.0
ORD02619,2024-07-10,C0606,P0033,S06,3,24.07,0.05,0.0
ORD02620,2023-01-19,C0426,P0049,S02,1,137.21,0.1,0.1
ORD02621,2024-04-27,C0002,P0020,S01,1,282.73,0.0,4.28
ORD02622,2023-05-08,C0138,P0009,S05,3,660.02,0.0,0.0
ORD02623,2023-03-27,C0041,P0140,S01,5,193.8,0.15,8.77
ORD02624,2024-05-17,C0500,P0108,S02,2,277.16,0.0,2.62
ORD02625,2024-07-15,C0154,P0084,S03,1,23.03,0.05,0.0
ORD02626,2023-07-16,C0217,P0043,S01,3,11.36,0.0,9.39
ORD02627,2024-01-09,C0144,P0079,S07,1,109.19,0.0,0.0
ORD02628,2024-02-25,C0389,P0033,S01,2,22.47,0.15,7.82
ORD02629,2023-11-17,C0655,P0041,S01,2,49.75,0.0,2.94
ORD02630,2022-02-23,C0332,P0141,S01,1,191.74,0.2,12.92
ORD02631,2023-12-05,C0278,P0054,S05,4,268.08,0.0,0.0
ORD02632,2024-03-28,C0547,P0047,S08,1,115.64,0.0,8.95
ORD02633,2023-04-24,C0283,P0093,S02,2,260.94,0.0,6.45
ORD02634,2024-09-14,C0153,P0051,S02,1,320.14,0.1,13.7
ORD02635,2024-07-26,C0604,P0120,S06,1,163.45,0.0,0.0
ORD02636,2022-01-17,C0330,P0150,S01,1,66.68,0.1,4.03
ORD02637,2024-05-20,C0054,P0050,S04,3,46.41,0.05,0.0
ORD02638,2022-05-03,C0492,P0138,S08,1,169.74,0.0,4.6
ORD02639,2022-06-22,C0257,P0017,S01,1,305.93,0.05,8.82
ORD02640,2022-01-31,C0080,P0141,S02,1,261.77,0.1,9.23
ORD02641,2023-10-18,C0339,P0033,S05,3,17.56,0.05,0.0
ORD02642,2022-01-05,C0593,P0110,S04,1,20.12,0.2,0.0
ORD02643,2022-05-28,C0184,P0068,S05,1,182.13,0.05,0.0
ORD02644,2022-04-19,C0190,P0014,S08,1,211.6,0.0,3.21
ORD02645,2023-11-18,C0692,P0005,S01,3,134.85,0.0,6.0
ORD02646,2022-07-15,C0028,P0040,S02,1,153.97,0.0,0.21
ORD02647,2022-06-04,C0146,P0145,S01,5,93.3,0.05,10.03
ORD02648,2023-05-27,C0145,P0133,S01,3,46.57,0.0,13.99
ORD02649,2022-09-25,C0049,P0046,S02,1,132.93,0.0,2.31
ORD02650,2023-06-09,C0229,P0054,S03,1,317.97,0.1,0.0
ORD02651,2024-01-15,C0120,P0097,S05,1,147.72,0.15,0.0
ORD02652,2023-06-05,C0696,P0106,S01,1,78.41,0.0,9.95
ORD02653,2024-10-22,C0625,P0077,S02,3,246.13,0.0,13.98
ORD02654,2024-11-14,C0275,P0050,S01,1,75.31,0.2,10.8
ORD02655,2024-01-01,C0652,P0117,S04,2,199.23,0.2,0.0
ORD02656,2023-05-12,C0564,P0147,S03,1,218.16,0.1,0.0
ORD02657,2023-04-21,C0343,P0024,S04,5,253.26,0.3,0.0
ORD02658,2024-04-07,C0577,P0086,S06,1,80.13,0.15,0.0
ORD02659,2024-11-12,C0427,P0107,S01,1,150.53,0.15,3.84
ORD02660,2024-01-27,C0596,P0104,S04,1,121.68,0.2,0.0
ORD02661,2024-03-17,C0683,P0082,S01,1,138.69,0.1,12.89
ORD02662,2024-04-15,C0565,P0148,S07,2,146.1,0.0,0.0
ORD02663,2024-03-06,C0305,P0039,S01,1,218.54,0.0,3.59
ORD02664,2023-04-05,C0676,P0055,S01,2,200.83,0.05,11.4
ORD02665,2024-05-28,C0027,P0148,S02,1,128.8,0.15,6.16
ORD02666,2022-10-29,C0605,P0121,S03,2,188.82,0.15,0.0
ORD02667,2022-06-08,C0230,P0091,S04,2,50.87,0.0,0.0
ORD02668,2024-11-21,C0091,P0119,S01,1,278.45,0.2,14.02
ORD02669,2024-08-28,C0483,P0016,S04,3,159.4,0.15,0.0
ORD02670,2022-07-15,C0494,P0109,S08,4,81.99,0.0,11.49
ORD02671,2022-10-14,C0588,P0071,S01,1,248.19,0.0,14.48
ORD02672,2023-08-08,C0607,P0051,S05,3,257.92,0.05,0.0
ORD02673,2023-01-12,C0148,P0072,S05,5,46.93,0.1,0.0
ORD02674,2023-08-31,C0211,P0104,S08,1,163.77,0.0,10.94
ORD02675,2023-09-08,C0587,P0102,S01,3,192.14,0.0,3.1
ORD02676,2022-08-13,C0720,P0106,S08,2,75.55,0.1,4.68
ORD02677,2022-07-01,C0689,P0116,S01,2,237.68,0.1,9.68
ORD02678,2023-03-24,C0034,P0029,S01,1,654.44,0.0,3.48
ORD02679,2022-02-26,C0582,P0064,S03,2,99.04,0.0,0.0
ORD02680,2022-06-16,C0279,P0060,S08,1,82.48,0.25,2.98
ORD02681,2023-07-15,C0289,P0026,S01,2,881.82,0.15,13.64
ORD02682,2023-06-28,C0073,P0016,S07,1,167.08,0.0,0.0
ORD02683,2022-07-06,C0290,P0003,S03,2,808.71,0.1,0.0
ORD02684,2022-11-27,C0155,P0010,S02,3,844.81,0.05,12.69
ORD02685,2022-03-23,C0125,P0037,S08,3,72.6,0.0,14.34
ORD02686,2023-11-06,C0160,P0067,S08,1,41.56,0.0,5.09
ORD02687,2024-05-21,C0580,P0123,S08,1,68.4,0.2,7.29
ORD02688,2022-07-24,C0392,P0140,S01,1,208.68,0.05,3.73
ORD02689,2022-08-26,C0723,P0035,S01,2,243.56,0.25,12.13
ORD02690,2022-01-09,C0569,P0134,S06,1,123.71,0.0,0.0
ORD02691,2023-09-05,C0714,P0125,S01,4,60.71,0.0,12.88
ORD02692,2024-06-12,C0378,P0131,S02,1,149.87,0.05,11.47
ORD02693,2022-05-27,C0039,P0021,S08,1,454.43,0.1,10.35
ORD02694,2024-02-16,C0294,P0148,S01,2,187.15,0.0,10.24
ORD02695,2023-03-23,C0612,P0106,S04,5,67.32,0.0,0.0
ORD02696,2022-05-17,C0353,P0065,S01,5,84.2,0.0,9.69
ORD02697,2022-06-03,C0290,P0094,S02,3,163.55,0.25,1.8
ORD02698,2024-08-13,C0534,P0071,S02,4,195.11,0.05,12.04
ORD02699,2023-08-02,C0060,P0057,S01,1,37.36,0.3,2.06
ORD02700,2023-11-29,C0680,P0090,S08,1,176.91,0.0,4.93
ORD02701,2024-10-30,C0189,P0038,S02,2,36.37,0.05,11.28
ORD02702,2024-03-09,C0415,P0093,S02,1,261.18,0.2,14.19
ORD02703,2024-09-02,C0085,P0011,S01,5,25.45,0.25,12.88
ORD02704,2024-02-14,C0185,P0108,S01,3,166.32,0.05,10.58
ORD02705,2024-04-23,C0689,P0016,S01,5,209.82,0.15,10.17
ORD02706,2024-09-22,C0008,P0037,S02,1,76.58,0.05,13.1
ORD02707,2022-08-16,C0144,P0042,S01,2,113.88,0.0,0.8
ORD02708,2022-11-14,C0285,P0138,S02,3,229.8,0.05,7.13
ORD02709,2023-09-01,C0095,P0070,S01,3,343.36,0.0,5.75
ORD02710,2022-08-26,C0722,P0027,S01,1,155.96,0.1,12.55
ORD02711,2023-10-06,C0150,P0114,S01,2,238.55,0.1,2.84
ORD02712,2024-06-13,C0502,P0093,S03,1,248.57,0.15,0.0
ORD02713,2024-12-09,C0554,P0033,S01,1,24.03,0.2,9.06
ORD02714,2022-07-29,C0249,P0085,S01,2,90.26,0.2,12.43
ORD02715,2024-11-11,C0672,P0025,S01,1,529.68,0.05,10.64
ORD02716,2024-07-19,C0564,P0033,S01,1,17.92,0.05,12.58
ORD02717,2023-04-03,C0775,P0057,S01,5,33.7,0.1,10.46
ORD02718,2023-04-11,C0792,P0150,S01,1,76.3,0.0,13.19
ORD02719,2024-06-29,C0738,P0062,S02,2,93.09,0.0,1.69
ORD02720,2023-11-11,C0505,P0089,S05,2,238.73,0.0,0.0
ORD02721,2022-02-12,C0192,P0072,S03,2,76.13,0.2,0.0
ORD02722,2024-05-30,C0707,P0013,S01,4,565.8,0.05,14.42
ORD02723,2024-05-28,C0746,P0018,S01,1,559.94,0.05,9.47
ORD02724,2023-04-24,C0381,P0070,S02,1,240.57,0.0,3.73
ORD02725,2022-10-22,C0229,P0024,S02,2,452.92,0.0,4.47
ORD02726,2022-04-30,C0651,P0057,S01,1,35.71,0.05,5.9
ORD02727,2022-11-26,C0303,P0102,S01,1,141.65,0.2,0.16
ORD02728,2023-01-05,C0545,P0003,S01,1,717.45,0.15,14.64
ORD02729,2023-05-29,C0525,P0078,S01,1,24.19,0.0,5.36
ORD02730,2022-09-16,C0351,P0085,S01,4,83.44,0.1,7.81
ORD02731,2023-11-02,C0470,P0081,S01,5,237.52,0.25,13.2
ORD02732,2024-02-26,C0577,P0128,S06,1,246.97,0.0,0.0
ORD02733,2024-01-26,C0782,P0062,S01,2,81.89,0.1,2.08
ORD02734,2023-11-24,C0368,P0075,S01,1,265.06,0.0,3.75
ORD02735,2022-10-13,C0048,P0058,S01,4,44.15,0.0,9.95
ORD02736,2024-06-10,C0454,P0024,S01,1,375.39,0.3,6.23
ORD02737,2022-02-24,C0476,P0105,S02,3,246.44,0.25,11.78
ORD02738,2024-01-06,C0416,P0046,S02,1,154.08,0.2,12.3
ORD02739,2022-01-11,C0364,P0033,S05,5,26.11,0.0,0.0
ORD02740,2024-10-21,C0799,P0137,S08,1,142.89,0.0,6.87
ORD02741,2022-04-03,C0050,P0150,S01,1,70.69,0.0,11.28
ORD02742,2022-06-23,C0060,P0001,S03,1,364.7,0.1,0.0
ORD02743,2023-12-01,C0150,P0097,S01,1,134.53,0.15,8.94
ORD02744,2022-05-12,C0363,P0095,S08,1,290.23,0.15,6.53
ORD02745,2022-10-20,C0799,P0074,S01,3,295.48,0.0,5.18
ORD02746,2023-04-25,C0667,P0099,S03,1,9.2,0.15,0.0
ORD02747,2022-06-04,C0297,P0097,S02,1,123.36,0.0,6.28
ORD02748,2023-12-24,C0083,P0027,S04,5,162.36,0.05,0.0
ORD02749,2023-11-28,C0675,P0046,S02,4,130.53,0.05,13.73
ORD02750,2022-09-14,C0164,P0148,S03,3,177.82,0.1,0.0
ORD02751,2024-09-03,C0679,P0105,S01,2,298.84,0.0,2.52
ORD02752,2022-09-28,C0401,P0030,S02,2,40.43,0.25,1.01
ORD02753,2022-02-19,C0648,P0123,S02,1,107.9,0.0,13.93
ORD02754,2022-09-10,C0160,P0150,S01,1,79.86,0.2,1.79
ORD02755,2024-11-24,C0377,P0132,S02,4,68.27,0.0,5.23
ORD02756,2023-10-01,C0030,P0011,S08,1,26.58,0.2,9.32
ORD02757,2023-05-19,C0579,P0138,S08,1,229.96,0.0,1.66
ORD02758,2022-05-30,C0448,P0067,S01,2,31.85,0.05,14.91
ORD02759,2024-02-18,C0130,P0054,S08,3,212.48,0.05,0.81
ORD02760,2023-06-13,C0207,P0142,S06,1,61.13,0.0,0.0
ORD02761,2023-11-30,C0143,P0135,S01,1,190.71,0.0,5.88
ORD02762,2023-12-25,C0403,P0110,S01,1,32.4,0.2,5.12
ORD02763,2024-01-26,C0500,P0037,S01,1,87.58,0.25,10.13
ORD02764,2023-05-25,C0689,P0094,S02,4,163.38,0.0,12.92
ORD02765,2023-06-17,C0301,P0131,S03,1,150.55,0.0,0.0
ORD02766,2022-09-04,C0641,P0105,S01,1,178.96,0.05,11.67
ORD02767,2024-05-07,C0342,P0137,S07,1,146.86,0.1,0.0
ORD02768,2024-10-05,C0758,P0060,S01,1,126.37,0.05,7.25
ORD02769,2023-03-18,C0142,P0069,S01,2,34.68,0.0,11.32
ORD02770,2023-01-17,C0300,P0051,S07,1,232.6,0.3,0.0
ORD02771,2022-01-13,C0505,P0089,S05,1,259.65,0.2,0.0
ORD02772,2024-02-05,C0299,P0134,S04,1,131.08,0.0,0.0
ORD02773,2024-12-20,C0464,P0075,S03,3,249.0,0.25,0.0
ORD02774,2023-01-31,C0711,P0040,S01,2,95.92,0.15,10.6
ORD02775,2023-10-11,C0500,P0102,S02,2,165.55,0.0,0.1
ORD02776,2023-02-08,C0688,P0057,S01,3,28.56,0.3,3.52
ORD02777,2024-12-01,C0116,P0002,S01,1,1085.63,0.15,5.06
ORD02778,2022-11-07,C0738,P0013,S04,1,956.33,0.25,0.0
ORD02779,2022-09-17,C0792,P0065,S08,2,57.62,0.0,4.62
ORD02780,2023-03-12,C0692,P0116,S03,1,208.37,0.15,0.0
ORD02781,2022-12-07,C0620,P0139,S02,2,89.21,0.1,1.02
ORD02782,2023-02-28,C0656,P0086,S04,2,77.45,0.0,0.0
ORD02783,2022-09-30,C0430,P0095,S01,2,228.78,0.0,4.37
ORD02784,2023-01-20,C0782,P0095,S07,4,209.5,0.25,0.0
ORD02785,2024-02-06,C0080,P0001,S01,1,333.63,0.0,13.14
ORD02786,2024-08-31,C0733,P0136,S04,2,120.53,0.0,0.0
ORD02787,2022-04-10,C0752,P0135,S02,2,267.86,0.15,4.95
ORD02788,2022-03-15,C0063,P0018,S01,1,378.11,0.0,14.3
ORD02789,2024-04-10,C0349,P0131,S01,1,88.32,0.0,4.46
ORD02790,2024-12-05,C0282,P0027,S02,1,172.13,0.0,4.81
ORD02791,2023-10-17,C0202,P0013,S01,2,624.4,0.0,11.75
ORD02792,2023-10-13,C0113,P0115,S02,3,139.07,0.05,9.52
ORD02793,2022-03-15,C0159,P0010,S07,3,514.98,0.1,0.0
ORD02794,2024-12-15,C0496,P0053,S05,1,195.39,0.0,0.0
ORD02795,2024-11-22,C0530,P0109,S08,1,87.59,0.1,2.85
ORD02796,2024-02-29,C0754,P0149,S05,1,24.16,0.0,0.0
ORD02797,2024-04-27,C0737,P0011,S01,1,29.67,0.3,1.17
ORD02798,2023-03-01,C0366,P0066,S03,1,202.52,0.0,0.0
ORD02799,2023-11-02,C0559,P0039,S02,1,165.35,0.0,12.89
ORD02800,2023-05-22,C0168,P0131,S01,1,96.71,0.1,12.81
ORD02801,2022-07-13,C0344,P0124,S03,1,25.24,0.0,0.0
ORD02802,2024-05-26,C0005,P0054,S06,3,257.53,0.0,0.0
ORD02803,2024-11-21,C0474,P0041,S01,3,46.56,0.05,14.02
ORD02804,2023-03-31,C0654,P0018,S02,2,633.03,0.0,12.29
ORD02805,2023-10-18,C0380,P0133,S08,1,48.78,0.3,2.99
ORD02806,2022-01-16,C0484,P0145,S01,2,73.63,0.0,4.33
ORD02807,2024-08-31,C0124,P0030,S07,2,49.05,0.0,0.0
ORD02808,2024-03-09,C0009,P0016,S02,1,169.74,0.0,8.17
ORD02809,2023-07-25,C0692,P0076,S01,1,164.34,0.1,10.37
ORD02810,2022-04-17,C0709,P0124,S04,5,28.79,0.0,0.0
ORD02811,2024-08-30,C0727,P0094,S03,1,143.0,0.0,0.0
ORD02812,2024-07-21,C0622,P0011,S03,2,28.92,0.05,0.0
ORD02813,2023-04-26,C0017,P0069,S01,2,31.49,0.0,11.09
ORD02814,2024-01-17,C0640,P0118,S01,2,63.13,0.0,2.34
ORD02815,2022-06-30,C0250,P0067,S08,2,46.41,0.05,1.31
ORD02816,2024-01-12,C0688,P0123,S01,1,87.2,0.0,6.2
ORD02817,2022-08-23,C0039,P0085,S05,1,65.65,0.0,0.0
ORD02818,2022-11-07,C0517,P0008,S01,1,706.5,0.1,14.33
ORD02819,2023-02-21,C0520,P0074,S02,1,300.34,0.05,5.28
ORD02820,2022-07-02,C0291,P0028,S03,1,350.84,0.0,0.0
ORD02821,2023-06-01,C0424,P0130,S08,1,118.28,0.0,5.88
ORD02822,2024-04-14,C0798,P0038,S02,1,42.31,0.05,2.12
ORD02823,2023-08-18,C0706,P0009,S07,2,670.52,0.0,0.0
ORD02824,2022-06-26,C0018,P0097,S01,2,114.2,0.1,14.72
ORD02825,2023-11-24,C0508,P0037,S07,1,83.99,0.1,0.0
ORD02826,2023-03-21,C0014,P0052,S01,1,260.81,0.15,5.14
ORD02827,2023-04-26,C0534,P0114,S01,1,250.06,0.25,2.88
ORD02828,2022-12-22,C0344,P0060,S04,1,74.97,0.0,0.0
ORD02829,2023-01-04,C0637,P0013,S05,1,1011.65,0.0,0.0
ORD02830,2024-05-04,C0789,P0063,S02,1,299.71,0.25,13.31
ORD02831,2022-02-20,C0144,P0022,S08,2,151.84,0.05,12.12
ORD02832,2022-05-17,C0311,P0147,S05,4,128.07,0.3,0.0
ORD02833,2023-12-13,C0076,P0057,S08,3,27.24,0.0,4.71
ORD02834,2023-12-16,C0691,P0055,S05,1,187.49,0.2,0.0
ORD02835,2024-06-05,C0620,P0052,S02,2,201.97,0.3,2.23
ORD02836,2022-07-13,C0765,P0032,S01,2,56.58,0.1,12.22
ORD02837,2023-12-31,C0416,P0027,S06,1,182.61,0.1,0.0
ORD02838,2022-07-21,C0408,P0123,S07,1,72.57,0.05,0.0
ORD02839,2023-03-20,C0443,P0061,S02,4,92.38,0.1,3.56
ORD02840,2022-02-20,C0795,P0102,S05,1,160.26,0.25,0.0
ORD02841,2022-12-19,C0436,P0048,S02,1,164.57,0.2,9.01
ORD02842,2024-11-20,C0459,P0050,S03,1,64.42,0.0,0.0
ORD02843,2023-10-28,C0657,P0141,S03,4,250.67,0.05,0.0
ORD02844,2022-01-02,C0598,P0149,S01,1,24.19,0.05,3.06
ORD02845,2022-10-05,C0492,P0123,S02,1,92.68,0.3,12.01
ORD02846,2024-10-12,C0563,P0007,S06,4,51.17,0.0,0.0
ORD02847,2024-12-25,C0075,P0008,S08,4,621.07,0.0,13.26
ORD02848,2024-06-21,C0338,P0100,S02,2,32.28,0.1,10.26
ORD02849,2022-10-12,C0406,P0091,S02,1,27.38,0.05,10.35
ORD02850,2022-06-14,C0539,P0079,S02,1,93.52,0.1,0.84
ORD02851,2022-03-31,C0269,P0048,S01,2,161.42,0.0,3.61
ORD02852,2024-07-04,C0358,P0126,S03,5,116.05,0.1,0.0
ORD02853,2023-02-06,C0749,P0027,S07,1,145.03,0.0,0.0
ORD02854,2024-11-04,C0506,P0010,S01,2,524.93,0.3,4.47
ORD02855,2023-12-07,C0166,P0047,S01,1,68.72,0.1,13.66
ORD02856,2022-02-02,C0014,P0011,S05,1,19.86,0.0,0.0
ORD02857,2022-12-20,C0143,P0109,S01,3,68.89,0.05,1.85
ORD02858,2023-05-05,C0026,P0074,S04,1,205.1,0.2,0.0
ORD02859,2023-07-22,C0418,P0095,S04,4,280.5,0.0,0.0
ORD02860,2024-02-19,C0214,P0127,S02,1,184.14,0.25,14.49
ORD02861,2023-03-25,C0288,P0017,S02,1,240.71,0.05,11.12
ORD02862,2024-05-07,C0204,P0132,S04,4,69.73,0.05,0.0
ORD02863,2023-08-31,C0678,P0059,S08,1,22.79,0.05,8.31
ORD02864,2023-03-19,C0307,P0101,S02,1,14.79,0.0,2.93
ORD02865,2024-08-01,C0483,P0135,S01,2,212.34,0.1,13.75
ORD02866,2023-05-15,C0790,P0105,S06,2,231.0,0.1,0.0
ORD02867,2023-05-31,C0612,P0111,S04,3,79.62,0.0,0.0
ORD02868,2023-09-18,C0370,P0016,S08,1,211.87,0.0,5.08
ORD02869,2023-07-06,C0751,P0043,S06,1,19.69,0.0,0.0
ORD02870,2022-12-19,C0581,P0051,S01,1,318.06,0.0,8.96
ORD02871,2023-10-07,C0683,P0089,S03,2,314.48,0.0,0.0
ORD02872,2022-02-28,C0344,P0036,S03,1,165.63,0.0,0.0
ORD02873,2022-01-10,C0024,P0088,S04,5,155.57,0.0,0.0
ORD02874,2023-03-06,C0143,P0017,S08,2,289.11,0.15,3.4
ORD02875,2023-11-09,C0115,P0026,S01,2,863.17,0.1,13.79
ORD02876,2022-12-08,C0472,P0048,S06,1,143.69,0.05,0.0
ORD02877,2023-12-06,C0537,P0014,S02,1,188.35,0.0,14.42
ORD02878,2023-12-18,C0083,P0088,S01,3,177.37,0.3,7.34
ORD02879,2022-06-15,C0097,P0083,S01,2,88.92,0.25,13.64
ORD02880,2023-12-06,C0774,P0081,S04,2,257.52,0.1,0.0
ORD02881,2024-05-05,C0557,P0048,S06,1,175.95,0.0,0.0
ORD02882,2024-06-24,C0144,P0025,S06,2,524.76,0.2,0.0
ORD02883,2022-12-08,C0104,P0066,S01,1,141.57,0.05,6.51
ORD02884,2024-12-12,C0402,P0114,S01,2,282.33,0.25,5.45
ORD02885,2024-05-18,C0618,P0022,S06,1,166.81,0.15,0.0
ORD02886,2023-11-20,C0763,P0112,S02,1,64.86,0.0,9.35
ORD02887,2023-11-07,C0147,P0139,S08,1,123.62,0.1,12.08
ORD02888,2024-05-07,C0178,P0026,S08,1,910.95,0.15,5.93
ORD02889,2024-12-23,C0040,P0136,S01,1,68.77,0.25,6.03
ORD02890,2022-04-28,C0411,P0063,S01,1,263.18,0.1,6.76
ORD02891,2022-12-26,C0110,P0061,S01,1,132.23,0.0,5.35
ORD02892,2024-01-30,C0190,P0120,S03,1,169.64,0.15,0.0
ORD02893,2023-08-23,C0644,P0074,S01,4,187.22,0.05,11.24
ORD02894,2023-05-25,C0231,P0096,S08,1,147.77,0.0,3.06
ORD02895,2022-11-18,C0496,P0150,S02,2,72.55,0.0,11.23
ORD02896,2022-02-02,C0118,P0150,S08,4,82.61,0.1,3.24
ORD02897,2023-11-27,C0219,P0116,S07,2,322.6,0.2,0.0
ORD02898,2024-10-28,C0161,P0040,S01,2,146.11,0.0,14.36
ORD02899,2024-06-25,C0446,P0118,S05,1,55.16,0.0,0.0
ORD02900,2022-10-08,C0500,P0116,S01,2,245.17,0.0,13.47
ORD02901,2022-06-15,C0058,P0051,S01,1,280.88,0.0,10.61
ORD02902,2022-12-30,C0761,P0097,S06,1,127.95,0.05,0.0
ORD02903,2022-04-24,C0516,P0081,S02,3,238.47,0.0,1.85
ORD02904,2022-04-08,C0280,P0053,S02,2,218.32,0.1,0.01
ORD02905,2022-10-27,C0555,P0109,S02,1,49.34,0.2,14.66
ORD02906,2022-09-28,C0050,P0019,S07,1,348.09,0.0,0.0
ORD02907,2023-07-30,C0559,P0026,S01,1,825.1,0.0,12.59
ORD02908,2022-12-13,C0178,P0061,S01,2,117.92,0.0,2.3
ORD02909,2024-04-21,C0244,P0003,S02,2,798.5,0.1,9.0
ORD02910,2024-05-27,C0044,P0012,S01,1,1056.33,0.0,11.55
ORD02911,2024-07-24,C0276,P0062,S03,4,105.96,0.0,0.0
ORD02912,2024-12-27,C0107,P0083,S01,1,102.67,0.05,5.12
ORD02913,2022-06-14,C0371,P0078,S01,1,28.84,0.1,1.03
ORD02914,2023-12-06,C0615,P0030,S01,1,66.53,0.0,1.79
ORD02915,2024-06-18,C0705,P0030,S05,2,47.4,0.05,0.0
ORD02916,2023-05-08,C0110,P0103,S01,1,112.14,0.2,8.96
ORD02917,2024-06-21,C0382,P0007,S02,1,59.82,0.0,7.1
ORD02918,2024-12-10,C0048,P0074,S01,1,285.73,0.1,5.1
ORD02919,2022-05-21,C0391,P0101,S01,1,17.86,0.15,1.32
ORD02920,2022-01-02,C0074,P0029,S06,1,665.74,0.0,0.0
ORD02921,2023-09-03,C0384,P0027,S01,2,240.6,0.0,2.73
ORD02922,2024-05-13,C0269,P0107,S02,3,115.03,0.0,2.48
ORD02923,2024-02-12,C0397,P0145,S03,4,96.38,0.25,0.0
ORD02924,2023-03-20,C0799,P0144,S08,1,91.74,0.0,9.53
ORD02925,2023-03-27,C0412,P0059,S05,2,14.82,0.0,0.0
ORD02926,2023-12-07,C0765,P0047,S08,3,75.87,0.15,0.62
ORD02927,2022-12-10,C0393,P0015,S01,1,160.22,0.0,8.4
ORD02928,2023-06-26,C0593,P0038,S01,2,40.44,0.0,10.0
ORD02929,2024-11-17,C0128,P0123,S02,1,90.67,0.05,14.3
ORD02930,2024-07-03,C0668,P0103,S01,3,106.45,0.0,13.95
ORD02931,2024-07-06,C0672,P0134,S01,2,101.74,0.2,3.88
ORD02932,2024-07-08,C0324,P0015,S01,3,129.52,0.0,10.89
ORD02933,2022-09-12,C0420,P0140,S05,5,210.84,0.0,0.0
ORD02934,2022-07-14,C0679,P0137,S01,4,131.84,0.3,7.99
ORD02935,2024-06-05,C0648,P0055,S06,3,179.72,0.2,0.0
ORD02936,2023-10-04,C0097,P0063,S08,1,252.22,0.0,2.49
ORD02937,2024-04-28,C0624,P0079,S02,1,97.77,0.1,9.26
ORD02938,2022-05-26,C0539,P0055,S07,2,223.93,0.1,0.0
ORD02939,2022-04-20,C0715,P0043,S01,3,17.52,0.1,13.84
ORD02940,2022-01-27,C0506,P0110,S01,3,31.71,0.1,8.88
ORD02941,2022-08-24,C0432,P0050,S08,3,46.17,0.0,10.0
ORD02942,2024-12-15,C0038,P0149,S05,1,21.65,0.1,0.0
ORD02943,2022-04-26,C0616,P0042,S02,1,153.32,0.05,7.35
ORD02944,2023-11-13,C0712,P0088,S02,5,187.09,0.2,5.02
ORD02945,2022-09-11,C0751,P0072,S01,2,61.95,0.0,2.96
ORD02946,2023-12-02,C0072,P0070,S06,2,335.56,0.0,0.0
ORD02947,2024-03-20,C0367,P0067,S01,3,36.12,0.15,1.27
ORD02948,2023-05-31,C0322,P0025,S02,3,420.77,0.1,9.87
ORD02949,2024-08-21,C0678,P0134,S05,3,96.06,0.1,0.0
ORD02950,2023-09-19,C0552,P0149,S02,2,17.25,0.25,8.37
ORD02951,2022-12-27,C0496,P0118,S03,4,52.23,0.0,0.0
ORD02952,2022-07-10,C0066,P0131,S01,1,155.72,0.3,13.84
ORD02953,2024-08-21,C0464,P0110,S01,2,27.25,0.0,4.92
ORD02954,2023-01-05,C0662,P0044,S01,3,298.56,0.0,0.55
ORD02955,2024-12-11,C0063,P0059,S02,4,18.04,0.0,5.04
ORD02956,2023-04-26,C0015,P0079,S01,2,133.91,0.1,0.18
ORD02957,2023-09-27,C0304,P0044,S05,2,268.33,0.2,0.0
ORD02958,2022-11-15,C0162,P0008,S04,1,949.41,0.2,0.0
ORD02959,2024-01-24,C0450,P0079,S02,2,104.81,0.25,1.28
ORD02960,2024-11-20,C0345,P0017,S02,1,383.86,0.1,7.77
ORD02961,2023-08-07,C0360,P0127,S01,2,251.06,0.15,3.55
ORD02962,2023-01-30,C0319,P0082,S06,1,177.9,0.2,0.0
ORD02963,2022-07-11,C0521,P0015,S08,1,172.42,0.2,1.12
ORD02964,2022-05-25,C0326,P0052,S02,2,166.92,0.0,12.56
ORD02965,2022-12-26,C0248,P0045,S02,2,65.16,0.05,2.92
ORD02966,2024-05-17,C0584,P0043,S01,1,15.36,0.0,11.53
ORD02967,2023-05-28,C0641,P0017,S06,3,213.85,0.0,0.0
ORD02968,2023-09-18,C0302,P0039,S01,1,206.35,0.0,1.79
ORD02969,2023-01-20,C0207,P0049,S06,2,112.03,0.05,0.0
ORD02970,2023-06-12,C0105,P0095,S08,2,158.59,0.0,12.51
ORD02971,2024-11-05,C0295,P0093,S01,1,165.55,0.1,0.68
ORD02972,2022-10-01,C0022,P0088,S02,1,176.56,0.2,12.66
ORD02973,2022-02-14,C0168,P0089,S08,3,215.46,0.1,6.33
ORD02974,2024-12-07,C0624,P0096,S01,5,101.89,0.05,6.74
ORD02975,2022-01-17,C0620,P0110,S07,1,28.54,0.0,0.0
ORD02976,2024-08-21,C0265,P0012,S02,3,962.99,0.05,4.99
ORD02977,2022-01-10,C0281,P0088,S01,2,162.36,0.05,1.6
ORD02978,2024-05-30,C0626,P0138,S03,1,185.05,0.05,0.0
ORD02979,2022-08-07,C0444,P0006,S03,1,116.7,0.0,0.0
ORD02980,2022-06-15,C0537,P0056,S01,5,307.5,0.15,14.49
ORD02981,2024-07-06,C0492,P0101,S06,1,18.78,0.15,0.0
ORD02982,2022-01-01,C0556,P0020,S05,1,348.75,0.0,0.0
ORD02983,2022-07-16,C0268,P0075,S03,2,216.06,0.0,0.0
ORD02984,2024-01-24,C0590,P0112,S02,1,57.17,0.3,4.28
ORD02985,2023-07-24,C0662,P0005,S01,1,169.14,0.2,6.83
ORD02986,2023-04-15,C0047,P0080,S01,2,37.62,0.25,11.37
ORD02987,2022-12-31,C0074,P0112,S02,2,43.74,0.1,4.77
ORD02988,2023-11-10,C0308,P0032,S08,3,67.64,0.0,0.84
ORD02989,2023-05-08,C0439,P0126,S05,3,123.85,0.2,0.0
ORD02990,2023-09-09,C0645,P0019,S02,3,524.13,0.05,9.16
ORD02991,2023-08-12,C0573,P0105,S07,2,266.78,0.0,0.0
ORD02992,2024-11-14,C0738,P0005,S06,1,131.54,0.0,0.0
ORD02993,2022-10-17,C0387,P0148,S03,1,131.63,0.2,0.0
ORD02994,2023-03-03,C0659,P0076,S08,3,255.84,0.0,8.39
ORD02995,2024-09-29,C0386,P0135,S05,1,271.56,0.0,0.0
ORD02996,2023-11-02,C0199,P0014,S05,1,156.3,0.0,0.0
ORD02997,2023-07-31,C0413,P0067,S02,2,31.29,0.15,14.46
ORD02998,2023-05-16,C0074,P0138,S04,1,186.35,0.0,0.0
ORD02999,2024-06-19,C0489,P0023,S05,2,302.79,0.0,0.0
ORD03000,2024-07-03,C0473,P0092,S02,1,150.52,0.1,10.25
ORD03001,2022-10-06,C0456,P0101,S02,2,18.43,0.05,8.63
ORD03002,2023-11-16,C0195,P0091,S02,1,29.87,0.0,8.73
ORD03003,2023-05-07,C0430,P0120,S03,1,182.63,0.0,0.0
ORD03004,2022-11-04,C0432,P0123,S02,1,88.94,0.1,13.2
ORD03005,2023-12-20,C0078,P0023,S01,1,310.95,0.0,13.49
ORD03006,2023-03-02,C0034,P0015,S03,1,194.58,0.2,0.0
ORD03007,2024-02-03,C0154,P0130,S01,1,113.81,0.0,4.65
ORD03008,2023-05-16,C0671,P0086,S04,1,78.34,0.0,0.0
ORD03009,2022-03-17,C0585,P0008,S05,1,1036.94,0.15,0.0
ORD03010,2023-09-23,C0432,P0093,S01,2,254.08,0.15,10.15
ORD03011,2024-10-24,C0322,P0103,S08,1,81.75,0.0,2.76
ORD03012,2023-10-14,C0284,P0115,S02,1,212.19,0.15,7.11
ORD03013,2024-08-21,C0523,P0024,S03,2,292.75,0.05,0.0
ORD03014,2022-01-01,C0751,P0119,S03,1,273.78,0.1,0.0
ORD03015,2024-02-25,C0726,P0038,S03,2,23.41,0.15,0.0
ORD03016,2024-01-26,C0018,P0096,S02,2,127.85,0.0,7.03
ORD03017,2022-12-03,C0004,P0060,S05,2,75.09,0.0,0.0
ORD03018,2022-02-05,C0697,P0124,S01,2,47.6,0.0,3.14
ORD03019,2022-11-15,C0364,P0015,S01,4,138.36,0.05,3.05
ORD03020,2024-02-10,C0315,P0125,S02,1,81.16,0.1,6.38
ORD03021,2022-07-04,C0348,P0129,S01,1,7.95,0.2,0.32
ORD03022,2022-09-20,C0621,P0084,S01,1,16.55,0.25,6.69
ORD03023,2022-12-07,C0517,P0058,S02,1,72.53,0.0,13.28
ORD03024,2022-06-18,C0424,P0105,S01,3,191.53,0.05,8.08
ORD03025,2023-09-12,C0209,P0024,S08,1,446.47,0.1,5.82
ORD03026,2022-01-18,C0383,P0132,S01,4,81.83,0.3,2.01
ORD03027,2023-10-14,C0358,P0021,S01,2,745.81,0.05,11.27
ORD03028,2024-01-17,C0501,P0031,S03,1,224.28,0.2,0.0
ORD03029,2024-12-06,C0175,P0020,S08,2,315.02,0.0,5.45
ORD03030,2022-08-15,C0777,P0089,S03,1,323.65,0.0,0.0
ORD03031,2022-07-18,C0546,P0080,S05,2,32.66,0.05,0.0
ORD03032,2024-02-28,C0721,P0033,S03,3,21.33,0.0,0.0
ORD03033,2022-11-18,C0589,P0095,S02,3,249.06,0.3,11.48
ORD03034,2022-07-28,C0322,P0132,S01,4,86.1,0.0,3.07
ORD03035,2022-06-28,C0091,P0103,S01,1,111.1,0.2,11.08
ORD03036,2023-12-31,C0065,P0014,S01,1,151.57,0.0,5.81
ORD03037,2023-09-22,C0452,P0116,S02,2,214.91,0.0,4.57
ORD03038,2024-04-14,C0311,P0141,S04,1,358.24,0.05,0.0
ORD03039,2024-06-04,C0334,P0079,S08,1,115.35,0.15,10.77
ORD03040,2023-01-12,C0145,P0026,S02,2,973.1,0.25,5.66
ORD03041,2023-07-01,C0427,P0015,S01,1,214.91,0.1,6.52
ORD03042,2022-07-30,C0712,P0027,S05,5,243.34,0.0,0.0
ORD03043,2022-07-11,C0652,P0135,S01,2,214.79,0.0,14.22
ORD03044,2022-09-10,C0428,P0037,S06,4,74.66,0.0,0.0
ORD03045,2022-06-21,C0365,P0128,S08,1,219.1,0.1,11.34
ORD03046,2023-07-09,C0764,P0023,S01,1,265.18,0.0,9.12
ORD03047,2023-12-22,C0565,P0034,S03,1,261.25,0.0,0.0
ORD03048,2022-10-26,C0274,P0119,S03,2,294.03,0.15,0.0
ORD03049,2022-06-30,C0735,P0048,S06,1,125.05,0.3,0.0
ORD03050,2024-11-22,C0045,P0098,S01,1,90.22,0.15,4.5
ORD03051,2023-01-08,C0368,P0108,S06,4,213.22,0.0,0.0
ORD03052,2023-11-30,C0024,P0149,S01,1,15.87,0.05,5.32
ORD03053,2024-10-31,C0705,P0101,S01,1,13.56,0.25,0.86
ORD03054,2023-11-06,C0442,P0091,S06,1,41.16,0.1,0.0
ORD03055,2024-12-23,C0454,P0131,S05,1,151.97,0.05,0.0
ORD03056,2023-05-02,C0675,P0100,S08,1,27.95,0.0,8.97
ORD03057,2023-02-01,C0287,P0003,S02,2,770.56,0.1,6.29
ORD03058,2022-02-01,C0213,P0005,S01,3,176.08,0.15,6.16
ORD03059,2024-12-03,C0748,P0083,S01,1,98.4,0.15,0.11
ORD03060,2023-08-17,C0266,P0032,S02,2,59.79,0.0,9.92
ORD03061,2024-01-11,C0132,P0113,S03,2,188.01,0.2,0.0
ORD03062,2024-04-17,C0578,P0015,S01,1,165.48,0.1,14.69
ORD03063,2024-03-17,C0262,P0143,S07,3,137.35,0.05,0.0
ORD03064,2024-12-18,C0340,P0106,S02,2,75.43,0.1,13.65
ORD03065,2022-12-08,C0680,P0137,S01,4,171.26,0.05,8.73
ORD03066,2022-12-04,C0779,P0001,S05,2,429.8,0.0,0.0
ORD03067,2024-02-04,C0523,P0112,S02,1,62.4,0.15,6.85
ORD03068,2024-05-15,C0655,P0105,S02,1,255.1,0.25,5.79
ORD03069,2023-07-25,C0225,P0142,S02,1,98.43,0.0,10.46
ORD03070,2024-08-30,C0237,P0021,S02,1,430.98,0.25,12.94
ORD03071,2023-11-07,C0516,P0041,S05,1,39.3,0.05,0.0
ORD03072,2022-11-17,C0779,P0083,S01,2,71.39,0.0,8.25
ORD03073,2024-10-06,C0230,P0086,S01,1,91.47,0.15,13.17
ORD03074,2024-06-11,C0627,P0029,S02,2,460.73,0.05,12.4
ORD03075,2023-02-28,C0189,P0130,S01,1,153.76,0.15,0.82
ORD03076,2022-03-19,C0590,P0084,S02,2,30.43,0.0,7.69
ORD03077,2023-07-30,C0288,P0135,S05,3,233.52,0.0,0.0
ORD03078,2022-12-09,C0567,P0106,S01,2,73.88,0.15,12.87
ORD03079,2024-06-11,C0085,P0013,S06,4,694.77,0.3,0.0
ORD03080,2023-07-17,C0202,P0053,S08,2,216.07,0.0,1.94
ORD03081,2023-11-15,C0766,P0113,S01,3,231.49,0.05,11.7
ORD03082,2024-09-22,C0335,P0089,S01,1,248.96,0.0,3.41
ORD03083,2023-05-17,C0042,P0101,S03,1,11.43,0.2,0.0
ORD03084,2022-10-10,C0645,P0013,S01,1,708.7,0.25,14.1
ORD03085,2022-05-09,C0728,P0040,S02,5,115.88,0.05,14.82
ORD03086,2022-11-11,C0756,P0094,S01,5,160.95,0.2,2.69
ORD03087,2024-07-18,C0563,P0082,S01,4,224.19,0.0,6.91
ORD03088,2024-05-03,C0408,P0095,S02,2,250.3,0.0,14.76
ORD03089,2024-03-20,C0625,P0144,S05,1,64.24,0.05,0.0
ORD03090,2023-12-05,C0714,P0145,S03,1,63.54,0.05,0.0
ORD03091,2024-07-23,C0071,P0095,S01,2,251.8,0.0,4.23
ORD03092,2022-12-05,C0440,P0026,S08,2,598.82,0.0,0.59
ORD03093,2023-05-16,C0679,P0087,S03,1,146.22,0.05,0.0
ORD03094,2023-12-19,C0597,P0082,S07,1,210.94,0.0,0.0
ORD03095,2023-06-24,C0654,P0054,S06,1,196.61,0.15,0.0
ORD03096,2022-07-28,C0578,P0106,S01,1,73.8,0.0,9.09
ORD03097,2022-04-21,C0306,P0062,S07,1,77.8,0.0,0.0
ORD03098,2024-08-07,C0680,P0014,S01,1,146.72,0.0,11.75
ORD03099,2023-06-01,C0785,P0059,S01,5,12.67,0.0,11.43
ORD03100,2023-06-22,C0137,P0124,S01,4,45.49,0.05,6.49
ORD03101,2024-10-21,C0107,P0066,S01,1,160.81,0.3,7.15
ORD03102,2024-09-26,C0547,P0101,S01,2,13.46,0.05,13.31
ORD03103,2023-10-06,C0550,P0038,S02,1,41.19,0.1,5.04
ORD03104,2023-12-06,C0500,P0078,S02,2,28.29,0.1,13.9
ORD03105,2024-04-04,C0792,P0136,S08,2,123.98,0.0,7.63
ORD03106,2023-02-01,C0219,P0062,S05,2,79.06,0.3,0.0
ORD03107,2023-09-11,C0019,P0077,S02,1,190.22,0.2,14.38
ORD03108,2024-06-29,C0261,P0025,S05,1,339.52,0.1,0.0
ORD03109,2022-09-12,C0586,P0082,S01,1,188.84,0.15,4.24
ORD03110,2024-04-04,C0027,P0119,S01,3,219.41,0.0,6.07
ORD03111,2022-06-09,C0675,P0008,S06,3,1083.77,0.05,0.0
ORD03112,2024-07-31,C0589,P0070,S01,2,202.26,0.15,8.68
ORD03113,2022-12-31,C0322,P0081,S04,1,181.71,0.15,0.0
ORD03114,2024-01-18,C0681,P0061,S02,3,89.33,0.1,6.59
ORD03115,2024-06-30,C0362,P0064,S08,3,106.03,0.05,3.88
ORD03116,2023-05-07,C0721,P0092,S02,1,181.16,0.05,1.3
ORD03117,2024-07-19,C0552,P0137,S01,3,131.88,0.3,14.5
ORD03118,2022-01-15,C0049,P0049,S03,4,202.89,0.0,0.0
ORD03119,2023-04-10,C0322,P0058,S02,3,54.14,0.1,8.56
ORD03120,2023-07-03,C0201,P0006,S05,3,196.63,0.2,0.0
ORD03121,2022-01-23,C0690,P0117,S05,3,158.38,0.15,0.0
ORD03122,2022-11-11,C0526,P0007,S01,3,76.71,0.0,14.23
ORD03123,2024-04-30,C0606,P0121,S08,2,171.53,0.15,2.42
ORD03124,2024-12-07,C0107,P0150,S01,1,107.83,0.0,8.06
ORD03125,2022-12-07,C0331,P0043,S07,3,10.62,0.0,0.0
ORD03126,2022-08-10,C0582,P0140,S06,1,234.7,0.0,0.0
ORD03127,2023-09-19,C0463,P0082,S08,2,174.09,0.0,10.39
ORD03128,2023-01-06,C0287,P0082,S01,1,206.25,0.05,14.93
ORD03129,2024-12-26,C0088,P0088,S01,4,159.11,0.0,8.07
ORD03130,2022-10-23,C0664,P0142,S03,1,77.62,0.1,0.0
ORD03131,2024-05-28,C0550,P0026,S05,1,703.38,0.05,0.0
ORD03132,2022-06-14,C0170,P0035,S01,1,217.86,0.1,14.66
ORD03133,2023-05-15,C0274,P0083,S08,4,120.01,0.0,7.47
ORD03134,2024-06-26,C0399,P0054,S01,1,272.29,0.05,3.41
ORD03135,2024-09-16,C0243,P0140,S05,1,284.78,0.15,0.0
ORD03136,2024-02-04,C0670,P0108,S02,3,243.42,0.1,7.73
ORD03137,2024-10-18,C0559,P0073,S02,2,9.48,0.1,9.17
ORD03138,2023-09-06,C0589,P0100,S01,1,32.91,0.2,11.58
ORD03139,2022-11-28,C0671,P0077,S01,1,175.1,0.1,5.77
ORD03140,2024-08-14,C0411,P0022,S01,2,127.1,0.1,6.48
ORD03141,2022-02-11,C0583,P0065,S01,2,99.15,0.15,7.26
ORD03142,2023-04-15,C0678,P0087,S08,2,248.37,0.1,8.65
ORD03143,2022-04-19,C0756,P0018,S07,2,452.85,0.0,0.0
ORD03144,2022-10-19,C0012,P0119,S02,1,304.92,0.3,3.57
ORD03145,2023-05-21,C0653,P0064,S08,2,87.0,0.15,7.57
ORD03146,2022-10-15,C0586,P0109,S05,3,59.08,0.1,0.0
ORD03147,2024-11-10,C0527,P0071,S01,3,152.75,0.25,9.72
ORD03148,2023-04-20,C0559,P0095,S01,2,222.58,0.0,6.68
ORD03149,2022-06-19,C0460,P0093,S01,3,282.55,0.2,8.57
ORD03150,2024-09-10,C0387,P0065,S03,3,103.49,0.15,0.0
ORD03151,2022-09-08,C0753,P0042,S01,1,111.21,0.2,8.54
ORD03152,2022-07-01,C0251,P0140,S01,2,341.52,0.0,8.75
ORD03153,2024-09-14,C0226,P0004,S01,3,651.38,0.1,5.58
ORD03154,2022-07-24,C0084,P0127,S07,2,173.9,0.0,0.0
ORD03155,2023-12-09,C0059,P0116,S07,1,242.47,0.0,0.0
ORD03156,2024-02-22,C0402,P0024,S01,3,330.47,0.15,13.01
ORD03157,2023-10-19,C0395,P0115,S03,1,153.08,0.1,0.0
ORD03158,2024-04-06,C0063,P0112,S01,1,65.68,0.0,14.37
ORD03159,2024-07-20,C0082,P0060,S03,1,81.17,0.0,0.0
ORD03160,2023-04-12,C0595,P0068,S05,2,207.7,0.15,0.0
ORD03161,2024-07-13,C0271,P0128,S08,1,307.59,0.15,14.5
ORD03162,2023-09-11,C0045,P0137,S03,2,145.21,0.3,0.0
ORD03163,2024-03-03,C0297,P0088,S01,1,162.99,0.1,7.89
ORD03164,2022-08-04,C0590,P0124,S02,1,40.76,0.05,4.1
ORD03165,2023-12-21,C0154,P0119,S02,3,293.08,0.0,0.77
ORD03166,2023-03-07,C0275,P0087,S08,2,149.85,0.15,5.79
ORD03167,2022-01-22,C0702,P0067,S02,3,40.9,0.15,4.73
ORD03168,2024-04-15,C0136,P0133,S08,3,38.96,0.05,4.81
ORD03169,2024-07-23,C0480,P0096,S01,2,115.71,0.1,4.64
ORD03170,2024-04-12,C0509,P0058,S02,1,78.57,0.15,6.17
ORD03171,2024-06-28,C0057,P0022,S08,3,135.78,0.3,8.65
ORD03172,2022-09-10,C0177,P0108,S01,3,282.89,0.05,3.62
ORD03173,2022-12-10,C0238,P0042,S01,4,160.49,0.0,10.74
ORD03174,2022-10-21,C0259,P0059,S01,1,19.58,0.05,1.33
ORD03175,2024-02-13,C0725,P0067,S01,4,50.1,0.0,0.96
ORD03176,2023-12-06,C0350,P0049,S02,4,168.02,0.0,11.09
ORD03177,2022-10-15,C0140,P0024,S02,1,289.43,0.15,12.62
ORD03178,2022-04-10,C0272,P0098,S01,4,88.0,0.1,12.66
ORD03179,2023-08-12,C0252,P0088,S01,5,179.16,0.1,3.26
ORD03180,2024-12-01,C0171,P0066,S02,5,120.9,0.25,14.3
ORD03181,2024-12-20,C0254,P0083,S08,1,71.63,0.3,2.99
ORD03182,2022-09-28,C0492,P0008,S03,5,744.93,0.05,0.0
ORD03183,2024-12-21,C0558,P0115,S02,2,196.48,0.0,8.17
ORD03184,2022-09-24,C0077,P0064,S08,1,80.43,0.2,4.35
ORD03185,2023-10-30,C0214,P0107,S08,3,100.47,0.1,3.2
ORD03186,2024-08-24,C0164,P0124,S08,2,34.4,0.0,10.56
ORD03187,2022-06-06,C0318,P0041,S03,3,32.69,0.0,0.0
ORD03188,2022-08-20,C0402,P0148,S01,1,133.79,0.0,5.86
ORD03189,2024-11-03,C0020,P0002,S01,2,1175.56,0.0,14.32
ORD03190,2024-09-25,C0154,P0021,S08,1,695.84,0.0,3.62
ORD03191,2022-01-08,C0370,P0126,S01,4,90.88,0.0,4.75
ORD03192,2023-07-19,C0675,P0036,S07,1,197.38,0.2,0.0
ORD03193,2023-07-06,C0478,P0034,S01,2,271.74,0.15,11.67
ORD03194,2023-12-30,C0459,P0147,S01,1,215.78,0.0,12.67
ORD03195,2024-03-26,C0786,P0137,S01,2,137.25,0.25,10.31
ORD03196,2023-01-22,C0382,P0147,S02,1,155.16,0.25,0.91
ORD03197,2023-03-19,C0437,P0003,S01,1,786.8,0.0,0.15
ORD03198,2022-11-11,C0498,P0103,S01,2,88.14,0.05,4.94
ORD03199,2024-07-31,C0046,P0094,S05,2,182.31,0.05,0.0
ORD03200,2023-12-19,C0048,P0034,S01,2,316.26,0.05,4.56
ORD03201,2023-12-24,C0722,P0059,S01,2,21.94,0.2,4.41
ORD03202,2023-07-05,C0773,P0051,S02,1,267.13,0.0,10.91
ORD03203,2022-07-31,C0331,P0096,S06,1,161.12,0.2,0.0
ORD03204,2024-06-27,C0020,P0043,S08,1,20.03,0.2,3.38
ORD03205,2024-07-30,C0318,P0029,S08,1,624.77,0.2,9.15
ORD03206,2023-05-03,C0395,P0041,S01,2,50.22,0.05,2.35
ORD03207,2022-12-31,C0482,P0148,S05,1,169.32,0.25,0.0
ORD03208,2024-08-02,C0305,P0067,S01,1,47.01,0.1,4.12
ORD03209,2023-12-03,C0532,P0119,S02,2,250.88,0.2,5.01
ORD03210,2024-01-12,C0416,P0087,S05,3,219.97,0.0,0.0
ORD03211,2024-11-27,C0161,P0012,S03,2,1148.16,0.15,0.0
ORD03212,2023-04-09,C0663,P0137,S01,1,157.19,0.0,9.48
ORD03213,2023-08-11,C0430,P0017,S04,1,299.14,0.05,0.0
ORD03214,2022-09-19,C0416,P0043,S02,3,10.97,0.1,3.49
ORD03215,2022-10-11,C0609,P0067,S01,1,44.84,0.05,4.65
ORD03216,2023-04-18,C0736,P0022,S08,4,112.42,0.1,7.56
ORD03217,2023-11-12,C0112,P0062,S08,1,72.37,0.05,3.87
ORD03218,2023-01-09,C0265,P0017,S02,3,288.92,0.05,2.0
ORD03219,2022-05-15,C0626,P0033,S05,1,30.31,0.0,0.0
ORD03220,2023-07-13,C0168,P0079,S01,2,130.38,0.0,10.61
ORD03221,2022-12-07,C0760,P0042,S01,2,108.19,0.0,11.64
ORD03222,2023-10-27,C0147,P0052,S03,1,265.4,0.0,0.0
ORD03223,2022-04-24,C0417,P0117,S01,3,269.09,0.0,1.71
ORD03224,2022-10-26,C0256,P0126,S06,2,136.34,0.0,0.0
ORD03225,2023-08-05,C0128,P0064,S02,1,127.58,0.0,8.66
ORD03226,2023-07-22,C0758,P0055,S05,2,188.66,0.0,0.0
ORD03227,2023-12-12,C0572,P0121,S04,1,225.13,0.0,0.0
ORD03228,2024-11-12,C0253,P0057,S01,1,30.97,0.0,0.52
ORD03229,2023-03-03,C0434,P0059,S01,3,19.94,0.0,1.22
ORD03230,2024-02-06,C0162,P0118,S01,1,55.44,0.0,4.39
ORD03231,2022-05-29,C0255,P0033,S06,1,24.55,0.2,0.0
ORD03232,2023-10-27,C0056,P0128,S06,5,189.13,0.0,0.0
ORD03233,2022-04-18,C0664,P0039,S06,2,220.62,0.25,0.0
ORD03234,2024-03-16,C0608,P0021,S03,1,693.94,0.0,0.0
ORD03235,2022-06-29,C0523,P0060,S06,1,76.03,0.05,0.0
ORD03236,2024-11-24,C0256,P0024,S06,2,265.58,0.2,0.0
ORD03237,2022-02-13,C0747,P0058,S04,2,46.91,0.0,0.0
ORD03238,2024-08-21,C0775,P0128,S01,1,304.73,0.0,7.92
ORD03239,2024-03-14,C0178,P0060,S08,2,94.56,0.0,1.6
ORD03240,2023-07-23,C0441,P0005,S01,1,170.99,0.2,13.02
ORD03241,2022-06-02,C0673,P0138,S02,4,243.93,0.05,9.39
ORD03242,2023-10-10,C0470,P0001,S02,1,264.72,0.0,1.69
ORD03243,2022-11-12,C0676,P0144,S02,3,64.19,0.1,3.86
ORD03244,2024-05-10,C0080,P0118,S01,2,44.51,0.1,3.9
ORD03245,2024-05-15,C0044,P0130,S05,2,137.58,0.0,0.0
ORD03246,2022-11-01,C0538,P0132,S02,1,86.69,0.1,9.16
ORD03247,2022-03-20,C0673,P0101,S01,4,17.54,0.1,10.66
ORD03248,2022-08-22,C0485,P0131,S05,2,92.36,0.0,0.0
ORD03249,2023-12-25,C0359,P0012,S03,2,1059.05,0.0,0.0
ORD03250,2022-11-25,C0537,P0046,S01,1,163.65,0.0,9.59
ORD03251,2024-09-26,C0742,P0001,S03,2,325.42,0.1,0.0
ORD03252,2023-08-18,C0470,P0050,S01,1,75.34,0.0,3.95
ORD03253,2024-11-22,C0547,P0008,S01,3,709.18,0.1,13.96
ORD03254,2024-12-01,C0644,P0150,S08,1,58.45,0.1,10.45
ORD03255,2023-02-23,C0267,P0021,S02,1,668.2,0.0,12.55
ORD03256,2024-06-09,C0741,P0132,S02,1,88.03,0.2,14.63
ORD03257,2023-11-23,C0087,P0026,S02,1,542.59,0.0,12.33
ORD03258,2022-07-03,C0215,P0113,S03,1,289.9,0.15,0.0
ORD03259,2022-10-03,C0439,P0089,S01,3,277.09,0.0,1.93
ORD03260,2022-07-23,C0493,P0143,S01,3,158.31,0.2,14.74
ORD03261,2022-08-09,C0493,P0141,S04,1,345.91,0.0,0.0
ORD03262,2023-06-22,C0384,P0036,S08,1,222.58,0.0,0.6
ORD03263,2023-08-29,C0520,P0009,S08,2,524.85,0.1,12.4
ORD03264,2024-10-12,C0243,P0118,S02,1,65.17,0.0,6.89
ORD03265,2022-07-19,C0208,P0004,S05,3,411.67,0.0,0.0
ORD03266,2022-05-02,C0082,P0149,S01,1,19.16,0.1,7.04
ORD03267,2023-07-24,C0580,P0146,S08,1,20.33,0.3,9.62
ORD03268,2022-11-09,C0710,P0128,S01,1,216.83,0.1,7.88
ORD03269,2024-02-13,C0159,P0087,S02,1,152.06,0.05,14.59
ORD03270,2022-01-09,C0039,P0064,S01,4,96.03,0.0,7.17
ORD03271,2024-02-02,C0463,P0120,S07,5,142.04,0.0,0.0
ORD03272,2024-01-07,C0532,P0095,S03,1,246.5,0.0,0.0
ORD03273,2024-11-23,C0791,P0043,S07,4,16.88,0.0,0.0
ORD03274,2022-05-23,C0045,P0111,S05,3,98.4,0.2,0.0
ORD03275,2024-09-26,C0790,P0076,S01,2,178.65,0.0,4.74
ORD03276,2024-05-02,C0486,P0036,S02,1,176.69,0.1,9.83
ORD03277,2023-08-01,C0016,P0040,S01,3,91.24,0.0,8.97
ORD03278,2022-11-02,C0403,P0140,S01,1,341.82,0.2,13.36
ORD03279,2023-04-26,C0376,P0077,S01,4,214.0,0.2,6.89
ORD03280,2024-04-17,C0026,P0022,S01,4,103.1,0.15,10.06
ORD03281,2024-10-23,C0105,P0032,S06,3,64.15,0.1,0.0
ORD03282,2024-09-22,C0686,P0142,S05,1,63.76,0.3,0.0
ORD03283,2023-03-28,C0096,P0072,S01,1,58.16,0.0,12.58
ORD03284,2022-08-01,C0088,P0088,S04,1,227.54,0.0,0.0
ORD03285,2022-08-26,C0318,P0001,S01,1,303.08,0.0,8.26
ORD03286,2022-01-03,C0049,P0071,S06,4,178.39,0.05,0.0
ORD03287,2024-10-27,C0071,P0055,S01,1,129.27,0.2,13.67
ORD03288,2023-12-26,C0279,P0100,S01,1,43.09,0.15,11.4
ORD03289,2024-07-26,C0615,P0121,S01,1,165.32,0.15,12.66
ORD03290,2022-02-25,C0272,P0116,S01,2,239.34,0.1,5.14
ORD03291,2024-12-11,C0253,P0059,S03,2,18.87,0.0,0.0
ORD03292,2023-08-15,C0308,P0104,S01,3,109.61,0.0,11.35
ORD03293,2022-12-10,C0360,P0116,S01,1,262.06,0.1,2.8
ORD03294,2022-04-04,C0248,P0102,S01,3,147.32,0.0,2.76
ORD03295,2024-12-29,C0303,P0086,S02,1,69.51,0.0,8.82
ORD03296,2024-03-22,C0022,P0074,S01,1,283.64,0.3,0.26
ORD03297,2024-03-30,C0575,P0077,S02,2,158.14,0.1,8.59
ORD03298,2024-11-28,C0259,P0131,S02,1,146.96,0.2,4.9
ORD03299,2023-05-20,C0026,P0028,S08,4,446.31,0.05,8.95
ORD03300,2024-08-17,C0456,P0019,S02,5,356.45,0.2,0.4
ORD03301,2024-09-11,C0610,P0080,S01,1,43.71,0.3,9.38
ORD03302,2022-03-17,C0114,P0027,S08,1,207.36,0.0,11.13
ORD03303,2022-03-16,C0175,P0007,S08,1,71.22,0.0,3.09
ORD03304,2024-01-01,C0459,P0109,S01,1,63.11,0.1,1.89
ORD03305,2024-11-28,C0748,P0145,S02,2,65.32,0.0,10.14
ORD03306,2022-11-28,C0492,P0028,S05,1,604.83,0.0,0.0
ORD03307,2023-04-25,C0776,P0001,S01,2,467.49,0.15,9.43
ORD03308,2023-01-04,C0357,P0104,S01,1,118.27,0.0,1.58
ORD03309,2024-07-23,C0222,P0117,S08,3,275.64,0.15,8.68
ORD03310,2022-11-13,C0735,P0127,S05,4,251.67,0.0,0.0
ORD03311,2023-12-16,C0338,P0097,S08,1,178.66,0.1,10.55
ORD03312,2022-07-09,C0248,P0021,S01,1,708.52,0.0,0.84
ORD03313,2024-03-10,C0441,P0009,S01,1,664.71,0.1,12.76
ORD03314,2023-10-17,C0122,P0033,S07,1,20.64,0.0,0.0
ORD03315,2022-02-20,C0628,P0143,S01,4,157.42,0.15,4.71
ORD03316,2024-03-16,C0607,P0054,S02,2,329.56,0.0,0.5
ORD03317,2023-11-03,C0237,P0002,S03,1,949.18,0.1,0.0
ORD03318,2024-03-20,C0155,P0150,S02,1,65.93,0.2,10.68
ORD03319,2022-04-23,C0399,P0045,S08,1,62.01,0.1,3.53
ORD03320,2022-04-24,C0435,P0084,S01,1,23.36,0.1,13.72
ORD03321,2023-01-30,C0790,P0065,S05,2,68.84,0.0,0.0
ORD03322,2022-01-03,C0525,P0143,S01,3,112.1,0.05,11.38
ORD03323,2024-04-09,C0691,P0051,S08,1,276.62,0.0,13.68
ORD03324,2023-06-22,C0693,P0127,S07,5,181.91,0.25,0.0
ORD03325,2024-05-08,C0130,P0036,S08,3,252.81,0.05,3.49
ORD03326,2022-02-12,C0539,P0021,S05,1,458.15,0.0,0.0
ORD03327,2024-09-11,C0030,P0058,S01,1,67.44,0.15,8.91
ORD03328,2024-06-12,C0519,P0109,S01,4,80.8,0.1,4.64
ORD03329,2022-05-16,C0445,P0119,S01,3,246.62,0.0,6.08
ORD03330,2023-12-05,C0153,P0137,S07,2,196.64,0.05,0.0
ORD03331,2022-12-25,C0473,P0062,S03,2,70.8,0.1,0.0
ORD03332,2022-12-05,C0190,P0081,S08,1,214.79,0.0,5.32
ORD03333,2024-06-09,C0077,P0030,S01,5,55.35,0.0,3.78
ORD03334,2024-05-22,C0026,P0134,S01,1,126.23,0.0,3.99
ORD03335,2023-11-15,C0609,P0090,S04,3,172.0,0.0,0.0
ORD03336,2022-12-08,C0491,P0136,S08,1,71.93,0.25,9.85
ORD03337,2022-07-20,C0731,P0005,S05,5,196.4,0.3,0.0
ORD03338,2024-08-16,C0183,P0106,S07,5,59.57,0.0,0.0
ORD03339,2022-02-16,C0332,P0049,S02,1,205.26,0.15,6.79
ORD03340,2022-12-25,C0674,P0089,S03,2,324.86,0.05,0.0
ORD03341,2022-05-19,C0261,P0038,S05,1,36.67,0.0,0.0
ORD03342,2022-05-12,C0401,P0056,S08,1,230.21,0.0,2.82
ORD03343,2024-12-16,C0403,P0091,S08,1,34.26,0.05,1.4
ORD03344,2022-07-31,C0299,P0143,S05,1,112.07,0.0,0.0
ORD03345,2022-01-30,C0408,P0093,S08,1,163.72,0.25,6.34
ORD03346,2022-10-27,C0644,P0043,S01,2,18.17,0.0,2.12
ORD03347,2024-08-13,C0114,P0044,S01,1,199.04,0.15,9.65
ORD03348,2024-12-10,C0652,P0044,S02,2,210.01,0.3,1.46
ORD03349,2023-08-19,C0189,P0039,S01,1,155.39,0.0,13.86
ORD03350,2023-08-28,C0260,P0121,S06,1,278.15,0.1,0.0
ORD03351,2022-11-25,C0781,P0111,S07,2,78.64,0.0,0.0
ORD03352,2022-11-18,C0362,P0084,S01,2,25.75,0.0,8.06
ORD03353,2022-09-21,C0213,P0045,S04,1,86.7,0.05,0.0
ORD03354,2024-07-14,C0330,P0062,S01,2,90.89,0.05,9.43
ORD03355,2023-01-25,C0656,P0037,S01,5,77.37,0.0,0.59
ORD03356,2023-02-24,C0786,P0112,S03,3,49.31,0.1,0.0
ORD03357,2024-03-22,C0437,P0109,S03,3,86.78,0.05,0.0
ORD03358,2023-09-18,C0002,P0053,S01,1,279.88,0.0,12.49
ORD03359,2022-02-08,C0401,P0112,S01,1,66.48,0.0,2.45
ORD03360,2023-08-12,C0566,P0085,S01,1,103.76,0.1,10.11
ORD03361,2024-09-30,C0595,P0037,S08,3,118.3,0.0,14.78
ORD03362,2022-01-08,C0099,P0076,S01,1,233.98,0.2,3.65
ORD03363,2024-05-01,C0126,P0050,S01,1,68.13,0.0,1.61
ORD03364,2022-11-24,C0137,P0042,S04,5,169.53,0.25,0.0
ORD03365,2023-10-27,C0198,P0141,S08,2,345.63,0.1,5.74
ORD03366,2023-04-27,C0758,P0070,S01,2,304.54,0.15,6.45
ORD03367,2022-12-24,C0611,P0051,S02,3,265.64,0.0,4.66
ORD03368,2023-11-07,C0328,P0084,S02,1,27.33,0.0,14.04
ORD03369,2022-12-29,C0085,P0057,S08,1,38.89,0.1,2.62
ORD03370,2023-05-03,C0547,P0092,S07,2,253.41,0.15,0.0
ORD03371,2024-08-22,C0443,P0140,S01,4,318.67,0.2,3.79
ORD03372,2022-09-26,C0377,P0057,S08,1,22.11,0.1,4.02
ORD03373,2024-01-17,C0047,P0047,S01,3,116.91,0.1,9.5
ORD03374,2024-06-26,C0614,P0127,S03,3,266.87,0.0,0.0
ORD03375,2023-04-03,C0777,P0079,S01,1,89.58,0.0,10.79
ORD03376,2023-05-28,C0090,P0027,S08,1,138.5,0.1,5.63
ORD03377,2022-12-10,C0207,P0053,S02,2,289.57,0.15,2.19
ORD03378,2022-05-05,C0201,P0132,S01,1,81.55,0.15,3.53
ORD03379,2024-11-23,C0008,P0059,S04,4,20.1,0.0,0.0
ORD03380,2024-09-08,C0478,P0033,S01,4,22.44,0.0,8.94
ORD03381,2023-03-28,C0767,P0125,S02,2,52.17,0.0,0.25
ORD03382,2022-10-26,C0630,P0144,S02,2,112.95,0.0,4.04
ORD03383,2024-08-15,C0053,P0063,S05,4,285.04,0.0,0.0
ORD03384,2022-01-09,C0602,P0128,S01,2,323.72,0.1,3.17
ORD03385,2023-10-03,C0318,P0065,S01,3,71.69,0.0,9.94
ORD03386,2022-12-15,C0395,P0035,S03,4,356.37,0.0,0.0
ORD03387,2023-04-21,C0364,P0116,S08,1,314.51,0.0,7.54
ORD03388,2023-06-15,C0668,P0149,S08,1,23.83,0.1,2.04
ORD03389,2022-04-21,C0440,P0147,S02,3,229.02,0.05,14.47
ORD03390,2024-10-14,C0074,P0142,S02,2,59.87,0.3,4.49
ORD03391,2022-03-21,C0059,P0054,S08,2,191.07,0.0,4.08
ORD03392,2024-08-12,C0097,P0100,S07,2,42.98,0.2,0.0
ORD03393,2022-01-06,C0224,P0137,S02,1,139.02,0.0,1.33
ORD03394,2024-10-23,C0242,P0004,S08,1,515.49,0.1,14.72
ORD03395,2023-11-28,C0342,P0142,S04,1,82.25,0.0,0.0
ORD03396,2024-03-15,C0470,P0041,S01,2,37.68,0.15,2.5
ORD03397,2022-09-01,C0160,P0116,S01,2,325.58,0.0,12.31
ORD03398,2022-09-20,C0499,P0124,S01,1,31.41,0.1,1.05
ORD03399,2024-01-02,C0712,P0089,S02,5,182.51,0.25,1.81
ORD03400,2022-11-01,C0117,P0106,S02,1,79.18,0.05,13.93
ORD03401,2023-09-26,C0578,P0093,S01,1,217.75,0.0,12.64
ORD03402,2022-11-24,C0256,P0145,S08,2,82.34,0.3,10.63
ORD03403,2022-10-30,C0429,P0004,S01,1,656.39,0.05,2.61
ORD03404,2022-11-12,C0555,P0039,S03,2,179.55,0.1,0.0
ORD03405,2024-01-17,C0430,P0073,S03,1,7.87,0.1,0.0
ORD03406,2023-06-10,C0349,P0083,S03,1,71.51,0.3,0.0
ORD03407,2024-05-27,C0499,P0128,S05,2,224.59,0.1,0.0
ORD03408,2023-03-20,C0500,P0036,S02,5,236.56,0.1,14.94
ORD03409,2022-05-07,C0037,P0106,S01,1,74.12,0.15,12.24
ORD03410,2023-05-16,C0739,P0097,S04,3,145.19,0.0,0.0
ORD03411,2022-02-05,C0154,P0048,S01,1,179.21,0.25,8.93
ORD03412,2022-02-17,C0792,P0118,S03,1,71.93,0.25,0.0
ORD03413,2024-08-04,C0349,P0018,S04,1,474.73,0.0,0.0
ORD03414,2023-03-04,C0469,P0009,S02,1,612.71,0.0,9.45
ORD03415,2022-08-23,C0565,P0019,S03,2,394.05,0.15,0.0
ORD03416,2022-11-19,C0665,P0097,S03,1,117.62,0.2,0.0
ORD03417,2023-04-05,C0164,P0022,S01,1,104.58,0.2,0.25
ORD03418,2024-11-12,C0456,P0119,S05,1,315.16,0.15,0.0
ORD03419,2023-10-09,C0332,P0144,S02,2,74.8,0.2,3.17
ORD03420,2022-12-08,C0064,P0038,S02,1,37.9,0.1,4.8
ORD03421,2024-11-27,C0082,P0007,S08,1,64.37,0.3,2.44
ORD03422,2023-06-14,C0375,P0108,S02,1,279.66,0.15,12.77
ORD03423,2023-07-09,C0582,P0004,S02,2,704.1,0.0,6.1
ORD03424,2023-06-28,C0351,P0066,S01,1,183.34,0.05,2.16
ORD03425,2024-08-19,C0268,P0138,S01,1,139.34,0.1,0.3
ORD03426,2023-07-13,C0480,P0123,S02,3,99.7,0.3,6.83
ORD03427,2022-06-26,C0513,P0132,S03,5,68.51,0.0,0.0
ORD03428,2023-09-20,C0063,P0134,S05,1,68.89,0.15,0.0
ORD03429,2024-02-13,C0028,P0113,S01,1,252.41,0.05,10.77
ORD03430,2024-11-22,C0343,P0009,S02,2,554.04,0.05,10.98
ORD03431,2022-06-02,C0388,P0103,S01,1,77.73,0.2,12.2
ORD03432,2024-01-24,C0478,P0037,S03,1,95.85,0.0,0.0
ORD03433,2022-12-23,C0137,P0068,S03,1,187.78,0.3,0.0
ORD03434,2023-07-08,C0019,P0103,S01,2,77.95,0.3,9.42
ORD03435,2023-06-20,C0451,P0134,S01,2,120.83,0.05,6.23
ORD03436,2024-11-19,C0498,P0103,S07,1,79.23,0.0,0.0
ORD03437,2024-09-09,C0742,P0027,S08,1,243.03,0.0,10.04
ORD03438,2023-08-07,C0562,P0109,S03,2,67.32,0.1,0.0
ORD03439,2024-07-16,C0423,P0076,S01,1,207.7,0.3,3.06
ORD03440,2022-07-07,C0001,P0147,S01,1,190.05,0.2,5.38
ORD03441,2024-10-13,C0029,P0093,S05,1,286.5,0.0,0.0
ORD03442,2023-12-14,C0485,P0145,S01,3,84.19,0.1,7.29
ORD03443,2022-12-26,C0691,P0004,S01,4,596.36,0.05,13.75
ORD03444,2024-08-27,C0691,P0118,S04,2,68.8,0.25,0.0
ORD03445,2024-05-14,C0767,P0116,S01,3,241.4,0.0,10.78
ORD03446,2022-11-06,C0686,P0067,S03,1,47.52,0.0,0.0
ORD03447,2023-08-06,C0452,P0055,S01,4,171.86,0.15,2.88
ORD03448,2024-01-21,C0245,P0049,S02,3,154.8,0.1,3.69
ORD03449,2024-07-05,C0762,P0030,S04,1,67.11,0.25,0.0
ORD03450,2024-12-21,C0786,P0128,S01,3,220.52,0.0,14.28
ORD03451,2024-12-02,C0529,P0101,S02,1,14.78,0.1,9.47
ORD03452,2023-11-23,C0291,P0044,S05,2,266.72,0.05,0.0
ORD03453,2023-06-28,C0633,P0145,S03,1,65.3,0.0,0.0
ORD03454,2023-10-12,C0755,P0113,S03,1,244.56,0.0,0.0
ORD03455,2024-11-27,C0548,P0019,S01,2,310.49,0.2,9.34
ORD03456,2023-10-21,C0079,P0043,S01,3,14.8,0.05,11.67
ORD03457,2024-12-25,C0160,P0011,S01,3,23.77,0.0,2.47
ORD03458,2023-12-10,C0679,P0127,S08,1,220.32,0.2,13.9
ORD03459,2023-08-31,C0589,P0042,S02,4,163.14,0.05,6.28
ORD03460,2023-08-01,C0624,P0066,S05,1,159.0,0.0,0.0
ORD03461,2022-01-11,C0254,P0150,S08,5,61.59,0.05,14.77
ORD03462,2023-06-01,C0083,P0047,S01,1,102.51,0.0,4.28
ORD03463,2023-11-20,C0353,P0070,S06,2,296.58,0.2,0.0
ORD03464,2024-05-17,C0635,P0110,S08,2,20.5,0.1,14.49
ORD03465,2024-12-10,C0339,P0121,S01,1,183.72,0.0,9.72
ORD03466,2022-05-22,C0119,P0002,S08,4,758.37,0.0,10.76
ORD03467,2023-03-13,C0708,P0001,S01,2,425.01,0.0,10.1
ORD03468,2024-07-18,C0716,P0017,S03,1,317.02,0.2,0.0
ORD03469,2024-11-22,C0157,P0029,S06,3,707.14,0.05,0.0
ORD03470,2023-08-27,C0433,P0063,S05,2,174.04,0.05,0.0
ORD03471,2024-04-03,C0719,P0034,S08,3,241.82,0.0,3.72
ORD03472,2024-08-11,C0344,P0108,S03,2,283.53,0.2,0.0
ORD03473,2023-04-21,C0135,P0009,S05,1,534.69,0.25,0.0
ORD03474,2023-05-10,C0451,P0055,S08,1,198.06,0.2,10.27
ORD03475,2024-10-04,C0651,P0106,S03,1,61.64,0.05,0.0
ORD03476,2023-12-23,C0108,P0017,S01,1,246.91,0.05,4.22
ORD03477,2022-01-30,C0571,P0048,S08,2,142.48,0.15,3.51
ORD03478,2024-03-20,C0714,P0082,S07,1,125.24,0.2,0.0
ORD03479,2023-11-10,C0238,P0097,S02,1,188.04,0.2,14.48
ORD03480,2022-06-13,C0170,P0008,S03,2,741.68,0.05,0.0
ORD03481,2023-11-25,C0679,P0044,S02,2,233.19,0.05,0.11
ORD03482,2023-07-13,C0780,P0135,S01,2,299.69,0.2,12.38
ORD03483,2023-11-04,C0082,P0063,S04,3,184.23,0.0,0.0
ORD03484,2024-07-31,C0215,P0043,S05,4,12.02,0.0,0.0
ORD03485,2024-12-07,C0130,P0076,S05,4,247.65,0.15,0.0
ORD03486,2024-03-08,C0720,P0139,S04,1,115.13,0.05,0.0
ORD03487,2024-12-19,C0030,P0097,S05,1,108.09,0.05,0.0
ORD03488,2024-09-16,C0276,P0058,S02,1,65.12,0.15,4.63
ORD03489,2024-04-12,C0234,P0138,S06,1,185.29,0.1,0.0
ORD03490,2024-01-25,C0436,P0088,S01,5,215.07,0.0,12.16
ORD03491,2024-07-16,C0058,P0010,S01,1,632.94,0.05,14.21
ORD03492,2024-08-20,C0795,P0033,S02,2,22.45,0.1,11.58
ORD03493,2022-09-17,C0459,P0089,S08,1,250.92,0.15,13.46
ORD03494,2023-06-06,C0340,P0040,S01,1,161.76,0.05,1.31
ORD03495,2024-07-27,C0107,P0076,S01,1,267.0,0.1,12.38
ORD03496,2022-05-22,C0432,P0150,S03,3,98.89,0.0,0.0
ORD03497,2024-07-31,C0352,P0101,S02,1,11.74,0.3,12.08
ORD03498,2023-07-25,C0765,P0068,S04,1,280.55,0.0,0.0
ORD03499,2022-11-30,C0361,P0085,S02,4,80.22,0.05,14.28
ORD03500,2022-01-22,C0166,P0109,S01,2,49.81,0.25,2.25
ORD03501,2024-05-13,C0423,P0125,S01,2,71.02,0.0,8.64
ORD03502,2022-05-02,C0231,P0013,S07,1,865.06,0.05,0.0
ORD03503,2022-08-29,C0511,P0130,S01,3,103.09,0.0,14.41
ORD03504,2023-04-04,C0563,P0109,S03,1,49.58,0.2,0.0
ORD03505,2022-06-05,C0120,P0005,S02,1,121.02,0.05,0.21
ORD03506,2023-02-09,C0022,P0118,S01,2,60.26,0.05,13.98
ORD03507,2024-11-13,C0327,P0019,S08,1,459.31,0.05,12.34
ORD03508,2024-01-24,C0684,P0149,S07,1,13.91,0.05,0.0
ORD03509,2023-12-04,C0377,P0095,S01,1,226.89,0.2,6.89
ORD03510,2024-03-03,C0454,P0022,S01,2,140.6,0.2,1.08
ORD03511,2022-11-25,C0757,P0034,S07,4,302.27,0.0,0.0
ORD03512,2024-12-20,C0168,P0129,S05,1,7.65,0.1,0.0
ORD03513,2023-01-14,C0504,P0096,S01,1,167.67,0.0,7.28
ORD03514,2023-02-23,C0485,P0035,S03,3,214.42,0.2,0.0
ORD03515,2024-08-06,C0749,P0132,S05,1,74.08,0.3,0.0
ORD03516,2024-01-13,C0177,P0062,S05,1,64.63,0.0,0.0
ORD03517,2023-08-09,C0597,P0045,S01,3,96.32,0.0,9.2
ORD03518,2022-02-15,C0181,P0024,S05,1,277.41,0.1,0.0
ORD03519,2022-03-21,C0363,P0043,S02,1,19.79,0.1,7.78
ORD03520,2022-02-25,C0623,P0123,S08,1,69.03,0.2,9.4
ORD03521,2023-10-28,C0089,P0003,S03,2,589.15,0.3,0.0
ORD03522,2022-08-22,C0759,P0078,S08,5,31.43,0.0,12.27
ORD03523,2024-08-26,C0616,P0055,S05,2,224.93,0.1,0.0
ORD03524,2024-08-03,C0090,P0107,S01,1,120.47,0.2,6.82
ORD03525,2022-11-05,C0635,P0043,S01,2,17.77,0.0,1.99
ORD03526,2022-03-22,C0574,P0079,S01,2,108.95,0.3,8.19
ORD03527,2024-12-17,C0389,P0149,S04,1,14.88,0.0,0.0
ORD03528,2023-01-21,C0111,P0147,S04,3,166.84,0.0,0.0
ORD03529,2022-11-12,C0197,P0056,S01,5,321.91,0.15,12.84
ORD03530,2023-02-28,C0240,P0039,S05,4,146.99,0.1,0.0
ORD03531,2024-09-28,C0729,P0077,S07,5,163.96,0.25,0.0
ORD03532,2022-06-24,C0708,P0056,S02,2,223.74,0.1,13.12
ORD03533,2024-11-02,C0298,P0123,S01,3,72.37,0.0,10.8
ORD03534,2022-11-22,C0279,P0064,S08,1,78.8,0.0,9.35
ORD03535,2022-06-06,C0487,P0133,S05,1,35.62,0.2,0.0
ORD03536,2024-10-12,C0367,P0040,S05,2,152.1,0.0,0.0
ORD03537,2023-03-04,C0201,P0007,S04,5,53.34,0.05,0.0
ORD03538,2022-06-07,C0324,P0015,S05,2,196.37,0.05,0.0
ORD03539,2023-02-26,C0473,P0103,S01,1,77.89,0.1,10.7
ORD03540,2024-03-23,C0733,P0063,S01,3,293.13,0.0,1.9
ORD03541,2024-08-02,C0111,P0127,S05,1,288.39,0.2,0.0
ORD03542,2022-02-24,C0281,P0017,S04,2,313.11,0.0,0.0
ORD03543,2023-01-09,C0032,P0056,S05,1,201.2,0.2,0.0
ORD03544,2024-10-02,C0711,P0139,S02,1,102.35,0.2,2.41
ORD03545,2022-12-17,C0615,P0086,S05,3,108.73,0.05,0.0
ORD03546,2022-10-19,C0555,P0084,S06,1,27.28,0.0,0.0
ORD03547,2023-11-23,C0324,P0092,S08,1,153.9,0.1,7.59
ORD03548,2024-11-29,C0439,P0061,S02,2,136.97,0.0,14.04
ORD03549,2024-09-28,C0651,P0145,S01,5,85.98,0.05,14.25
ORD03550,2022-03-08,C0422,P0061,S01,1,116.84,0.0,5.91
ORD03551,2023-07-15,C0729,P0123,S01,1,115.31,0.05,7.39
ORD03552,2022-06-30,C0234,P0103,S01,1,91.84,0.2,7.35
ORD03553,2024-06-24,C0125,P0010,S01,2,823.39,0.0,12.48
ORD03554,2022-07-31,C0260,P0069,S05,1,24.91,0.0,0.0
ORD03555,2022-05-21,C0391,P0138,S01,1,180.77,0.25,7.38
ORD03556,2022-06-05,C0410,P0043,S05,1,16.02,0.0,0.0
ORD03557,2023-11-27,C0389,P0070,S08,4,234.84,0.0,11.91
ORD03558,2023-05-21,C0798,P0066,S08,5,155.94,0.05,5.01
ORD03559,2022-02-25,C0648,P0070,S04,1,211.47,0.0,0.0
ORD03560,2023-12-27,C0030,P0109,S01,5,58.12,0.2,14.24
ORD03561,2022-07-09,C0659,P0106,S08,1,66.06,0.15,2.53
ORD03562,2023-03-02,C0238,P0136,S02,2,93.59,0.2,4.61
ORD03563,2024-07-12,C0199,P0150,S01,3,59.0,0.1,4.85
ORD03564,2022-06-24,C0034,P0093,S02,1,224.27,0.05,8.28
ORD03565,2022-02-09,C0644,P0136,S01,1,87.27,0.2,6.71
ORD03566,2022-03-11,C0177,P0108,S06,4,280.45,0.0,0.0
ORD03567,2023-11-18,C0313,P0032,S06,2,49.2,0.0,0.0
ORD03568,2024-03-03,C0301,P0085,S01,1,78.42,0.15,3.65
ORD03569,2023-12-26,C0487,P0034,S01,2,263.51,0.3,11.39
ORD03570,2022-08-18,C0664,P0018,S08,1,409.62,0.0,10.64
ORD03571,2023-10-16,C0321,P0060,S04,3,67.36,0.15,0.0
ORD03572,2024-05-15,C0621,P0132,S02,1,64.27,0.3,11.64
ORD03573,2022-04-05,C0014,P0114,S02,5,207.83,0.0,8.46
ORD03574,2023-11-23,C0756,P0020,S05,1,230.6,0.0,0.0
ORD03575,2023-09-10,C0716,P0024,S08,1,408.18,0.1,0.78
ORD03576,2023-05-18,C0793,P0090,S01,5,168.24,0.2,2.97
ORD03577,2024-09-16,C0484,P0137,S05,3,186.2,0.1,0.0
ORD03578,2024-02-14,C0729,P0117,S02,3,208.73,0.0,10.84
ORD03579,2024-12-04,C0075,P0072,S08,4,54.21,0.05,13.59
ORD03580,2022-09-05,C0123,P0107,S01,4,91.95,0.0,2.68
ORD03581,2024-10-30,C0469,P0148,S02,1,145.45,0.15,1.23
ORD03582,2024-09-29,C0560,P0133,S07,3,31.66,0.3,0.0
ORD03583,2023-01-14,C0300,P0124,S03,3,46.66,0.15,0.0
ORD03584,2024-07-27,C0574,P0121,S03,1,300.79,0.0,0.0
ORD03585,2023-05-12,C0161,P0025,S01,2,404.16,0.15,13.85
ORD03586,2022-12-01,C0495,P0104,S03,2,151.93,0.1,0.0
ORD03587,2024-04-11,C0152,P0005,S02,1,133.52,0.15,10.54
ORD03588,2023-02-21,C0585,P0056,S03,1,289.6,0.0,0.0
ORD03589,2023-09-22,C0137,P0136,S08,3,125.62,0.0,3.98
ORD03590,2022-01-29,C0010,P0121,S06,2,256.34,0.2,0.0
ORD03591,2022-02-13,C0500,P0063,S02,1,170.06,0.1,1.7
ORD03592,2023-04-06,C0771,P0128,S05,2,169.0,0.2,0.0
ORD03593,2024-11-20,C0278,P0130,S03,2,195.15,0.1,0.0
ORD03594,2022-12-27,C0061,P0089,S07,3,301.89,0.1,0.0
ORD03595,2024-03-19,C0438,P0035,S02,1,325.28,0.0,7.65
ORD03596,2024-11-10,C0458,P0027,S08,1,172.38,0.05,2.27
ORD03597,2023-12-18,C0199,P0011,S01,3,24.94,0.15,5.64
ORD03598,2022-05-05,C0407,P0046,S03,5,221.62,0.0,0.0
ORD03599,2023-06-08,C0454,P0096,S01,1,147.22,0.25,1.16
ORD03600,2023-04-11,C0528,P0111,S01,2,60.25,0.0,1.53
ORD03601,2024-01-24,C0726,P0088,S03,1,173.38,0.1,0.0
ORD03602,2022-02-20,C0215,P0092,S02,4,260.98,0.05,9.56
ORD03603,2023-03-04,C0445,P0127,S01,5,278.82,0.0,7.0
ORD03604,2024-12-27,C0164,P0103,S05,3,85.33,0.0,0.0
ORD03605,2023-03-25,C0191,P0046,S01,2,143.57,0.0,13.14
ORD03606,2022-04-19,C0320,P0150,S01,1,98.46,0.25,2.52
ORD03607,2022-03-11,C0012,P0115,S01,1,184.02,0.2,7.31
ORD03608,2024-11-19,C0376,P0072,S02,3,66.03,0.0,14.19
ORD03609,2024-01-08,C0641,P0141,S08,1,288.34,0.0,8.1
ORD03610,2022-07-26,C0771,P0096,S08,2,102.83,0.05,0.94
ORD03611,2024-05-12,C0554,P0099,S01,5,10.28,0.1,0.49
ORD03612,2023-08-29,C0315,P0092,S01,3,236.41,0.0,10.85
ORD03613,2024-01-23,C0228,P0139,S02,2,82.6,0.05,12.54
ORD03614,2022-03-03,C0645,P0038,S06,1,25.79,0.3,0.0
ORD03615,2024-05-27,C0632,P0093,S01,2,190.8,0.0,3.73
ORD03616,2022-03-19,C0629,P0117,S08,1,211.6,0.25,3.82
ORD03617,2024-11-26,C0083,P0055,S04,1,171.49,0.0,0.0
ORD03618,2024-11-10,C0691,P0149,S02,1,18.91,0.0,14.8
ORD03619,2022-06-15,C0131,P0008,S01,1,593.0,0.05,2.13
ORD03620,2024-12-09,C0413,P0010,S03,1,484.69,0.0,0.0
ORD03621,2024-05-05,C0582,P0077,S03,2,238.7,0.0,0.0
ORD03622,2022-01-02,C0190,P0086,S01,3,69.36,0.0,12.55
ORD03623,2022-11-09,C0580,P0091,S05,1,39.4,0.1,0.0
ORD03624,2023-08-28,C0234,P0107,S03,1,122.38,0.0,0.0
ORD03625,2023-08-15,C0577,P0143,S01,3,150.21,0.0,2.56
ORD03626,2024-01-12,C0204,P0095,S01,1,178.83,0.05,4.78
ORD03627,2022-03-06,C0017,P0024,S04,2,374.97,0.25,0.0
ORD03628,2023-02-22,C0227,P0097,S04,5,123.92,0.0,0.0
ORD03629,2024-08-02,C0175,P0048,S08,1,114.38,0.25,14.55
ORD03630,2024-07-14,C0613,P0055,S08,1,120.55,0.0,12.04
ORD03631,2022-07-16,C0618,P0009,S01,2,679.42,0.05,4.46
ORD03632,2022-11-12,C0774,P0078,S02,3,20.3,0.2,2.18
ORD03633,2024-11-18,C0646,P0093,S08,1,245.4,0.3,9.64
ORD03634,2022-02-17,C0100,P0127,S08,1,275.99,0.25,14.06
ORD03635,2024-01-20,C0111,P0144,S01,1,100.61,0.05,2.34
ORD03636,2024-05-07,C0308,P0148,S01,1,122.42,0.0,12.63
ORD03637,2023-10-29,C0031,P0147,S04,1,143.65,0.0,0.0
ORD03638,2022-06-29,C0556,P0114,S05,1,168.93,0.05,0.0
ORD03639,2022-07-05,C0515,P0139,S01,1,121.03,0.0,6.04
ORD03640,2023-06-25,C0521,P0104,S01,1,186.94,0.0,9.75
ORD03641,2022-11-20,C0154,P0015,S01,2,133.81,0.1,14.22
ORD03642,2024-03-09,C0272,P0043,S08,1,12.98,0.2,5.06
ORD03643,2024-01-04,C0610,P0104,S01,5,138.62,0.0,0.77
ORD03644,2022-07-29,C0033,P0100,S06,2,35.76,0.0,0.0
ORD03645,2024-12-03,C0339,P0054,S07,1,194.81,0.0,0.0
ORD03646,2024-05-24,C0602,P0077,S06,1,207.29,0.05,0.0
ORD03647,2024-06-22,C0753,P0111,S08,1,78.45,0.15,11.59
ORD03648,2022-06-17,C0182,P0048,S01,1,179.86,0.3,2.3
ORD03649,2023-12-21,C0728,P0105,S02,4,237.33,0.0,5.6
ORD03650,2022-04-01,C0126,P0078,S01,2,20.57,0.0,11.98
ORD03651,2024-02-03,C0426,P0140,S05,2,313.38,0.0,0.0
ORD03652,2022-02-23,C0494,P0087,S01,2,168.51,0.0,5.5
ORD03653,2022-03-05,C0363,P0076,S07,1,157.19,0.05,0.0
ORD03654,2024-02-07,C0766,P0099,S08,3,13.84,0.1,1.82
ORD03655,2022-08-26,C0641,P0103,S05,1,122.19,0.2,0.0
ORD03656,2023-11-20,C0688,P0025,S06,3,516.15,0.0,0.0
ORD03657,2022-06-16,C0079,P0127,S02,2,217.94,0.1,8.68
ORD03658,2022-10-30,C0725,P0053,S01,3,337.76,0.3,8.31
ORD03659,2024-01-19,C0615,P0026,S02,1,594.19,0.1,5.68
ORD03660,2023-07-27,C0139,P0042,S01,4,175.21,0.2,9.66
ORD03661,2023-06-28,C0219,P0014,S02,2,229.12,0.25,13.0
ORD03662,2024-08-22,C0570,P0134,S01,1,124.88,0.05,13.8
ORD03663,2022-01-15,C0070,P0028,S04,4,366.96,0.3,0.0
ORD03664,2024-05-29,C0173,P0024,S01,2,363.93,0.0,11.11
ORD03665,2022-05-10,C0684,P0032,S05,3,61.99,0.15,0.0
ORD03666,2023-03-30,C0333,P0047,S02,4,99.01,0.05,2.5
ORD03667,2024-10-11,C0061,P0035,S02,1,327.14,0.0,10.8
ORD03668,2023-11-30,C0674,P0143,S04,2,106.8,0.3,0.0
ORD03669,2024-01-06,C0092,P0042,S01,3,140.71,0.2,2.61
ORD03670,2024-05-14,C0415,P0032,S05,3,47.86,0.25,0.0
ORD03671,2022-01-28,C0044,P0105,S07,2,180.29,0.1,0.0
ORD03672,2023-06-10,C0242,P0142,S01,2,71.23,0.0,8.25
ORD03673,2023-12-23,C0012,P0104,S03,3,158.9,0.15,0.0
ORD03674,2024-10-24,C0709,P0034,S08,1,298.69,0.0,12.54
ORD03675,2023-12-15,C0499,P0011,S01,2,23.67,0.0,1.81
ORD03676,2023-09-17,C0298,P0005,S03,1,190.93,0.2,0.0
ORD03677,2023-01-02,C0691,P0049,S05,2,124.05,0.05,0.0
ORD03678,2023-12-09,C0401,P0025,S08,5,569.89,0.05,12.64
ORD03679,2024-03-31,C0689,P0076,S05,4,209.42,0.0,0.0
ORD03680,2022-01-30,C0133,P0100,S03,1,46.73,0.0,0.0
ORD03681,2024-03-03,C0409,P0139,S02,3,79.98,0.0,4.55
ORD03682,2024-12-05,C0562,P0103,S03,2,101.66,0.15,0.0
ORD03683,2024-04-25,C0128,P0012,S02,1,834.39,0.2,13.93
ORD03684,2023-08-28,C0373,P0017,S06,1,214.53,0.0,0.0
ORD03685,2022-10-30,C0184,P0071,S08,1,228.3,0.0,8.86
ORD03686,2022-01-02,C0635,P0134,S01,1,109.64,0.0,3.83
ORD03687,2023-01-04,C0348,P0015,S05,1,165.06,0.0,0.0
ORD03688,2023-04-12,C0193,P0023,S05,2,345.96,0.0,0.0
ORD03689,2024-04-27,C0296,P0059,S04,1,14.8,0.0,0.0
ORD03690,2022-09-11,C0151,P0022,S08,2,169.74,0.25,8.44
ORD03691,2022-06-03,C0552,P0008,S08,1,960.62,0.0,10.7
ORD03692,2024-09-13,C0155,P0140,S04,1,225.92,0.15,0.0
ORD03693,2022-10-29,C0504,P0056,S03,2,274.63,0.1,0.0
ORD03694,2024-11-24,C0669,P0028,S01,1,607.68,0.1,6.48
ORD03695,2024-02-24,C0167,P0080,S08,1,49.27,0.05,6.78
ORD03696,2023-11-12,C0463,P0122,S08,3,198.23,0.2,5.84
ORD03697,2022-09-19,C0515,P0077,S02,2,284.2,0.0,4.8
ORD03698,2022-11-02,C0766,P0076,S01,2,257.96,0.0,13.22
ORD03699,2022-08-28,C0540,P0120,S04,3,141.54,0.1,0.0
ORD03700,2023-11-10,C0258,P0064,S01,1,77.61,0.15,10.87
ORD03701,2023-01-18,C0163,P0121,S01,1,203.69,0.0,11.74
ORD03702,2024-06-10,C0726,P0097,S01,1,146.2,0.05,7.28
ORD03703,2024-10-11,C0458,P0129,S01,2,8.98,0.0,5.74
ORD03704,2024-08-25,C0701,P0019,S06,1,400.81,0.25,0.0
ORD03705,2024-01-08,C0381,P0027,S05,2,181.87,0.0,0.0
ORD03706,2022-07-15,C0493,P0009,S06,2,526.68,0.25,0.0
ORD03707,2023-06-24,C0016,P0032,S06,1,54.21,0.25,0.0
ORD03708,2023-12-30,C0314,P0098,S02,1,149.52,0.0,5.43
ORD03709,2023-02-24,C0100,P0123,S06,2,95.97,0.0,0.0
ORD03710,2024-07-12,C0631,P0111,S02,1,95.96,0.15,4.04
ORD03711,2023-09-12,C0615,P0078,S03,1,22.67,0.15,0.0
ORD03712,2023-12-30,C0642,P0106,S01,2,95.96,0.05,10.85
ORD03713,2024-09-02,C0728,P0014,S08,3,219.41,0.0,9.72
ORD03714,2024-01-21,C0512,P0040,S03,1,90.39,0.05,0.0
ORD03715,2023-03-08,C0172,P0042,S01,4,154.74,0.0,7.64
ORD03716,2024-06-18,C0212,P0116,S04,5,256.29,0.15,0.0
ORD03717,2024-12-11,C0569,P0102,S02,1,167.16,0.15,1.22
ORD03718,2024-10-13,C0019,P0118,S01,1,46.62,0.2,14.26
ORD03719,2023-12-25,C0689,P0001,S08,1,340.9,0.15,7.0
ORD03720,2022-11-28,C0159,P0141,S01,5,196.96,0.15,0.56
ORD03721,2022-09-18,C0516,P0055,S02,5,196.38,0.0,8.07
ORD03722,2022-10-01,C0614,P0056,S01,3,264.64,0.25,3.65
ORD03723,2024-01-08,C0584,P0111,S01,3,100.01,0.25,2.52
ORD03724,2024-03-24,C0557,P0070,S02,1,226.24,0.0,6.91
ORD03725,2023-06-01,C0211,P0068,S08,2,198.74,0.15,3.71
ORD03726,2022-07-07,C0674,P0134,S01,3,109.17,0.05,9.76
ORD03727,2022-07-20,C0186,P0067,S01,4,54.31,0.15,6.27
ORD03728,2024-08-15,C0486,P0023,S05,1,207.61,0.1,0.0
ORD03729,2023-06-01,C0098,P0136,S01,1,82.25,0.0,14.7
ORD03730,2023-12-18,C0641,P0142,S05,2,80.64,0.0,0.0
ORD03731,2024-10-20,C0107,P0051,S01,3,313.13,0.0,0.11
ORD03732,2024-03-17,C0182,P0128,S02,1,248.94,0.05,0.56
ORD03733,2024-09-02,C0215,P0146,S02,2,16.7,0.0,13.81
ORD03734,2023-09-25,C0610,P0066,S01,1,203.81,0.15,8.11
ORD03735,2023-09-02,C0134,P0126,S01,2,121.68,0.0,14.18
ORD03736,2022-08-24,C0034,P0008,S01,1,914.51,0.1,0.97
ORD03737,2023-11-16,C0316,P0001,S01,2,353.93,0.05,3.6
ORD03738,2023-05-30,C0777,P0041,S01,5,39.03,0.1,6.83
ORD03739,2022-06-28,C0404,P0135,S01,4,283.02,0.15,5.35
ORD03740,2022-02-07,C0092,P0147,S01,4,138.65,0.0,7.56
ORD03741,2022-02-24,C0391,P0147,S02,1,212.66,0.05,9.96
ORD03742,2024-03-18,C0780,P0047,S01,1,83.29,0.0,14.03
ORD03743,2022-12-22,C0397,P0131,S03,1,154.12,0.0,0.0
ORD03744,2024-08-18,C0371,P0094,S08,1,132.64,0.0,0.59
ORD03745,2024-09-28,C0119,P0031,S04,1,202.12,0.1,0.0
ORD03746,2024-04-27,C0521,P0109,S01,2,84.0,0.1,14.52
ORD03747,2024-12-08,C0206,P0122,S08,2,319.01,0.3,9.01
ORD03748,2024-04-21,C0053,P0128,S01,1,250.78,0.05,0.42
ORD03749,2023-12-20,C0754,P0068,S01,1,192.99,0.15,6.89
ORD03750,2022-06-10,C0282,P0062,S07,4,88.1,0.2,0.0
ORD03751,2022-09-23,C0248,P0094,S02,1,168.34,0.1,11.14
ORD03752,2023-07-13,C0626,P0135,S02,4,231.63,0.1,8.47
ORD03753,2023-06-14,C0243,P0007,S02,3,47.44,0.0,6.2
ORD03754,2024-09-14,C0236,P0096,S02,1,166.31,0.05,10.4
ORD03755,2022-09-05,C0311,P0098,S08,2,163.89,0.1,4.17
ORD03756,2022-03-01,C0215,P0118,S01,3,57.75,0.0,4.94
ORD03757,2023-12-22,C0224,P0099,S01,5,12.33,0.0,12.85
ORD03758,2022-03-02,C0756,P0012,S07,1,1028.94,0.05,0.0
ORD03759,2024-12-27,C0443,P0149,S01,4,24.93,0.25,3.05
ORD03760,2024-08-14,C0273,P0110,S04,5,33.62,0.3,0.0
ORD03761,2022-03-18,C0498,P0035,S01,3,198.83,0.1,13.33
ORD03762,2023-06-26,C0055,P0038,S05,3,29.42,0.0,0.0
ORD03763,2022-05-23,C0022,P0023,S01,1,250.97,0.0,7.68
ORD03764,2024-12-28,C0118,P0084,S02,5,29.97,0.0,0.72
ORD03765,2024-08-03,C0208,P0121,S02,5,209.63,0.2,12.85
ORD03766,2022-02-14,C0258,P0068,S01,1,214.67,0.2,2.99
ORD03767,2024-01-31,C0541,P0122,S03,3,243.83,0.0,0.0
ORD03768,2023-12-06,C0420,P0047,S01,3,86.05,0.0,13.73
ORD03769,2024-08-21,C0062,P0121,S02,2,269.46,0.25,7.58
ORD03770,2023-01-09,C0098,P0103,S07,2,122.34,0.0,0.0
ORD03771,2024-10-04,C0613,P0094,S03,2,158.91,0.0,0.0
ORD03772,2022-07-29,C0255,P0054,S02,4,184.3,0.05,3.93
ORD03773,2023-11-16,C0798,P0130,S08,1,142.36,0.0,2.35
ORD03774,2024-01-15,C0438,P0008,S01,1,1057.11,0.3,11.5
ORD03775,2024-12-16,C0698,P0138,S03,1,172.48,0.15,0.0
ORD03776,2022-01-22,C0788,P0133,S02,1,41.42,0.25,10.82
ORD03777,2023-11-04,C0299,P0002,S07,2,1155.49,0.05,0.0
ORD03778,2024-11-18,C0194,P0003,S01,1,866.17,0.2,7.73
ORD03779,2024-11-02,C0263,P0100,S01,4,42.05,0.05,8.43
ORD03780,2024-11-29,C0274,P0129,S08,5,7.89,0.2,1.72
ORD03781,2023-03-18,C0641,P0048,S01,2,115.31,0.0,7.94
ORD03782,2023-12-02,C0128,P0014,S05,1,178.67,0.2,0.0
ORD03783,2024-04-03,C0022,P0057,S08,3,21.22,0.0,10.84
ORD03784,2023-05-19,C0362,P0103,S01,1,65.89,0.0,8.93
ORD03785,2024-06-20,C0362,P0031,S01,3,179.73,0.0,14.53
ORD03786,2023-01-04,C0168,P0054,S01,1,253.08,0.3,0.95
ORD03787,2024-01-02,C0335,P0143,S01,1,149.31,0.0,12.62
ORD03788,2024-12-24,C0777,P0010,S08,3,887.41,0.25,6.46
ORD03789,2022-04-24,C0710,P0032,S01,1,47.28,0.3,13.6
ORD03790,2023-12-11,C0726,P0074,S02,4,187.93,0.0,9.23
ORD03791,2023-02-23,C0767,P0135,S01,3,253.04,0.0,0.62
ORD03792,2023-11-02,C0384,P0027,S07,2,178.27,0.05,0.0
ORD03793,2022-10-10,C0135,P0071,S03,3,188.56,0.0,0.0
ORD03794,2023-12-05,C0374,P0093,S03,2,243.84,0.15,0.0
ORD03795,2024-12-13,C0345,P0021,S08,2,750.76,0.0,4.02
ORD03796,2024-11-17,C0746,P0109,S05,3,83.29,0.0,0.0
ORD03797,2023-09-14,C0465,P0129,S02,2,5.49,0.0,8.07
ORD03798,2023-08-26,C0600,P0073,S05,4,5.28,0.2,0.0
ORD03799,2023-08-14,C0043,P0075,S01,1,258.81,0.05,11.5
ORD03800,2024-01-10,C0616,P0091,S04,3,43.0,0.0,0.0
ORD03801,2023-11-13,C0064,P0020,S02,2,341.38,0.1,9.71
ORD03802,2024-07-03,C0308,P0085,S02,3,119.96,0.1,10.71
ORD03803,2024-10-06,C0185,P0148,S02,4,185.27,0.0,7.76
ORD03804,2023-05-24,C0631,P0121,S01,1,175.29,0.15,7.92
ORD03805,2023-11-09,C0561,P0073,S06,2,5.53,0.15,0.0
ORD03806,2022-08-05,C0203,P0034,S04,1,286.55,0.05,0.0
ORD03807,2024-09-27,C0373,P0085,S03,1,91.53,0.0,0.0
ORD03808,2022-12-12,C0458,P0111,S01,2,93.33,0.0,0.15
ORD03809,2023-09-09,C0795,P0040,S08,1,103.84,0.1,7.37
ORD03810,2024-03-24,C0290,P0017,S06,4,379.76,0.1,0.0
ORD03811,2023-02-18,C0653,P0128,S06,1,228.02,0.0,0.0
ORD03812,2024-01-17,C0297,P0062,S02,2,77.6,0.0,10.72
ORD03813,2023-03-16,C0717,P0124,S08,3,38.83,0.05,4.48
ORD03814,2023-12-31,C0762,P0078,S03,1,24.89,0.05,0.0
ORD03815,2022-04-15,C0486,P0021,S01,4,480.66,0.1,14.49
ORD03816,2022-07-11,C0468,P0149,S03,1,15.4,0.1,0.0
ORD03817,2024-05-10,C0531,P0148,S08,2,134.27,0.1,0.39
ORD03818,2022-03-10,C0202,P0142,S03,1,62.66,0.0,0.0
ORD03819,2023-02-24,C0416,P0042,S01,1,169.51,0.15,3.02
ORD03820,2024-06-06,C0190,P0011,S08,2,21.21,0.2,7.12
ORD03821,2024-07-05,C0574,P0017,S02,1,204.14,0.0,1.27
ORD03822,2024-07-10,C0792,P0106,S02,1,89.97,0.15,11.57
ORD03823,2023-04-22,C0191,P0024,S01,2,446.9,0.05,12.82
ORD03824,2023-08-22,C0746,P0039,S06,1,219.57,0.2,0.0
ORD03825,2023-06-12,C0199,P0144,S05,3,64.37,0.15,0.0
ORD03826,2024-06-08,C0609,P0114,S05,1,272.74,0.0,0.0
ORD03827,2024-08-29,C0280,P0078,S03,1,32.13,0.0,0.0
ORD03828,2024-07-02,C0264,P0079,S02,2,125.8,0.3,7.63
ORD03829,2023-11-17,C0339,P0084,S06,1,19.49,0.1,0.0
ORD03830,2024-02-08,C0400,P0100,S02,5,43.65,0.05,10.91
ORD03831,2022-10-26,C0273,P0035,S02,1,359.03,0.0,2.34
ORD03832,2022-04-18,C0236,P0054,S02,2,211.34,0.0,3.18
ORD03833,2022-05-12,C0504,P0106,S08,2,89.25,0.3,2.8
ORD03834,2023-11-01,C0053,P0063,S08,3,172.25,0.0,14.98
ORD03835,2024-07-09,C0472,P0096,S02,2,100.52,0.0,12.53
ORD03836,2023-12-24,C0406,P0034,S03,1,247.71,0.05,0.0
ORD03837,2023-06-25,C0230,P0107,S01,1,146.29,0.05,8.32
ORD03838,2023-12-29,C0260,P0065,S01,1,105.52,0.0,13.89
ORD03839,2024-11-10,C0467,P0065,S05,3,58.07,0.0,0.0
ORD03840,2023-05-27,C0095,P0148,S03,2,106.92,0.1,0.0
ORD03841,2024-04-17,C0242,P0026,S01,4,630.03,0.05,10.04
ORD03842,2023-02-24,C0688,P0126,S03,2,155.63,0.15,0.0
ORD03843,2022-09-21,C0099,P0141,S01,1,267.57,0.3,9.1
ORD03844,2024-11-01,C0755,P0020,S06,1,227.65,0.0,0.0
ORD03845,2024-12-18,C0671,P0118,S05,4,68.95,0.1,0.0
ORD03846,2024-04-12,C0342,P0006,S06,1,202.33,0.15,0.0
ORD03847,2023-12-21,C0098,P0110,S08,3,23.23,0.0,7.42
ORD03848,2022-04-02,C0643,P0002,S02,2,667.43,0.15,8.39
ORD03849,2024-01-21,C0439,P0011,S01,2,28.91,0.0,2.17
ORD03850,2022-10-14,C0602,P0141,S02,1,264.47,0.25,5.01
ORD03851,2024-07-30,C0245,P0115,S08,1,185.13,0.0,8.78
ORD03852,2022-06-19,C0289,P0114,S01,1,159.57,0.05,11.42
ORD03853,2024-04-22,C0180,P0012,S01,1,1045.71,0.25,5.49
ORD03854,2023-12-30,C0429,P0006,S05,1,112.11,0.0,0.0
ORD03855,2023-11-24,C0143,P0117,S07,2,267.23,0.05,0.0
ORD03856,2022-10-22,C0116,P0081,S01,4,317.71,0.0,3.6
ORD03857,2024-06-13,C0437,P0011,S03,1,25.64,0.3,0.0
ORD03858,2022-06-20,C0393,P0024,S02,2,283.36,0.0,8.65
ORD03859,2023-01-20,C0779,P0059,S04,1,14.34,0.1,0.0
ORD03860,2024-01-29,C0752,P0073,S03,1,6.58,0.0,0.0
ORD03861,2024-05-07,C0453,P0015,S03,1,202.96,0.2,0.0
ORD03862,2024-12-17,C0278,P0038,S01,2,34.24,0.05,5.8
ORD03863,2024-12-18,C0757,P0085,S01,1,87.89,0.15,8.43
ORD03864,2023-09-16,C0331,P0017,S05,2,203.38,0.0,0.0
ORD03865,2023-10-10,C0195,P0057,S01,3,22.32,0.15,13.22
ORD03866,2022-01-14,C0717,P0095,S01,1,162.1,0.2,10.6
ORD03867,2022-01-06,C0289,P0139,S01,3,135.71,0.0,4.06
ORD03868,2022-10-28,C0011,P0119,S06,2,234.14,0.05,0.0
ORD03869,2023-11-30,C0566,P0044,S07,3,270.98,0.0,0.0
ORD03870,2024-08-21,C0384,P0139,S02,1,133.11,0.0,14.13
ORD03871,2024-06-29,C0619,P0091,S01,5,45.02,0.0,1.3
ORD03872,2023-05-05,C0059,P0018,S04,2,556.77,0.2,0.0
ORD03873,2023-01-23,C0500,P0019,S03,5,392.19,0.0,0.0
ORD03874,2024-10-20,C0741,P0066,S01,1,154.37,0.15,0.74
ORD03875,2023-12-28,C0585,P0086,S01,3,77.69,0.05,11.86
ORD03876,2022-01-14,C0185,P0101,S07,1,14.06,0.2,0.0
ORD03877,2023-10-19,C0461,P0047,S01,2,81.14,0.0,5.76
ORD03878,2022-05-13,C0525,P0112,S07,1,62.08,0.0,0.0
ORD03879,2023-03-28,C0602,P0001,S03,2,418.65,0.2,0.0
ORD03880,2022-04-11,C0140,P0051,S02,1,236.75,0.0,1.76
ORD03881,2022-02-19,C0473,P0135,S02,1,226.92,0.05,13.81
ORD03882,2022-04-12,C0138,P0119,S04,2,268.14,0.2,0.0
ORD03883,2022-07-25,C0438,P0086,S03,3,98.56,0.1,0.0
ORD03884,2024-04-01,C0503,P0008,S02,2,874.32,0.3,5.49
ORD03885,2024-01-12,C0703,P0145,S01,2,101.79,0.0,7.85
ORD03886,2022-03-17,C0210,P0031,S02,1,132.94,0.25,1.94
ORD03887,2024-12-22,C0361,P0045,S01,1,79.79,0.0,14.05
ORD03888,2024-12-11,C0194,P0122,S02,1,225.0,0.0,13.04
ORD03889,2022-08-20,C0269,P0128,S02,4,287.16,0.0,3.72
ORD03890,2024-07-12,C0629,P0096,S08,2,101.56,0.25,1.53
ORD03891,2023-09-21,C0382,P0061,S02,2,130.76,0.05,3.0
ORD03892,2022-09-12,C0792,P0038,S01,1,30.3,0.0,7.53
ORD03893,2022-09-10,C0115,P0126,S03,2,142.78,0.3,0.0
ORD03894,2023-01-23,C0695,P0062,S01,2,61.58,0.0,6.1
ORD03895,2024-09-06,C0329,P0011,S03,2,28.59,0.05,0.0
ORD03896,2024-09-04,C0338,P0061,S06,1,117.21,0.1,0.0
ORD03897,2022-04-20,C0795,P0071,S02,1,265.9,0.05,2.58
ORD03898,2022-09-11,C0162,P0143,S02,3,172.7,0.1,10.39
ORD03899,2022-09-08,C0170,P0147,S06,1,182.17,0.0,0.0
ORD03900,2024-06-21,C0442,P0131,S01,4,137.69,0.15,6.18
ORD03901,2023-07-22,C0383,P0113,S06,2,204.77,0.0,0.0
ORD03902,2022-06-11,C0076,P0053,S08,2,296.18,0.0,7.87
ORD03903,2023-10-16,C0515,P0064,S08,1,114.61,0.1,5.07
ORD03904,2024-10-10,C0471,P0037,S01,2,114.11,0.05,8.81
ORD03905,2023-01-21,C0462,P0096,S03,5,106.01,0.0,0.0
ORD03906,2023-06-10,C0103,P0148,S02,1,141.46,0.2,11.35
ORD03907,2024-12-02,C0017,P0084,S02,3,27.8,0.0,7.42
ORD03908,2023-07-13,C0062,P0028,S05,1,616.09,0.0,0.0
ORD03909,2024-08-28,C0358,P0050,S01,2,48.91,0.0,6.16
ORD03910,2022-01-03,C0073,P0135,S02,4,336.79,0.1,13.44
ORD03911,2022-08-21,C0781,P0040,S06,2,143.72,0.0,0.0
ORD03912,2023-10-20,C0515,P0079,S07,1,129.8,0.0,0.0
ORD03913,2024-10-19,C0307,P0049,S02,1,117.26,0.1,12.97
ORD03914,2024-04-23,C0394,P0042,S01,3,127.69,0.0,2.67
ORD03915,2023-10-25,C0004,P0042,S08,5,120.3,0.2,6.27
ORD03916,2023-12-01,C0638,P0100,S05,1,30.2,0.1,0.0
ORD03917,2023-08-06,C0769,P0022,S02,2,124.75,0.0,2.02
ORD03918,2024-02-28,C0640,P0016,S08,3,158.57,0.0,8.58
ORD03919,2022-04-14,C0585,P0064,S02,5,101.47,0.0,5.2
ORD03920,2024-01-03,C0346,P0049,S01,1,183.06,0.15,13.4
ORD03921,2022-12-05,C0500,P0028,S01,1,573.12,0.05,4.98
ORD03922,2023-11-23,C0542,P0022,S05,4,162.42,0.0,0.0
ORD03923,2023-01-28,C0446,P0051,S02,2,215.73,0.0,1.95
ORD03924,2024-11-26,C0337,P0018,S08,2,453.98,0.2,12.12
ORD03925,2022-08-27,C0683,P0026,S02,1,628.13,0.0,0.95
ORD03926,2022-12-30,C0607,P0078,S01,1,20.24,0.1,12.88
ORD03927,2022-07-30,C0585,P0041,S03,2,43.15,0.05,0.0
ORD03928,2023-08-18,C0770,P0002,S01,3,762.79,0.3,8.33
ORD03929,2023-01-24,C0173,P0073,S02,1,7.37,0.25,9.83
ORD03930,2022-11-29,C0111,P0008,S02,4,685.26,0.0,12.97
ORD03931,2024-11-02,C0447,P0079,S03,2,93.07,0.3,0.0
ORD03932,2024-03-11,C0557,P0077,S01,2,248.23,0.05,0.24
ORD03933,2022-09-13,C0469,P0099,S07,1,11.78,0.1,0.0
ORD03934,2023-10-04,C0737,P0039,S01,2,178.37,0.2,8.15
ORD03935,2022-07-21,C0323,P0133,S07,1,28.61,0.0,0.0
ORD03936,2024-12-28,C0297,P0061,S01,1,135.2,0.15,3.27
ORD03937,2023-05-31,C0489,P0101,S06,2,16.1,0.3,0.0
ORD03938,2022-11-20,C0321,P0036,S01,3,275.81,0.15,8.43
ORD03939,2023-06-03,C0435,P0138,S02,1,232.78,0.05,9.93
ORD03940,2024-02-28,C0634,P0035,S08,1,250.28,0.3,12.13
ORD03941,2024-08-20,C0718,P0139,S07,3,93.35,0.05,0.0
ORD03942,2022-10-02,C0666,P0115,S01,3,190.82,0.2,11.18
ORD03943,2022-04-17,C0716,P0056,S01,3,243.07,0.2,4.54
ORD03944,2022-10-24,C0141,P0119,S01,1,248.45,0.0,12.27
ORD03945,2022-05-13,C0607,P0137,S04,2,191.48,0.05,0.0
ORD03946,2022-12-13,C0591,P0131,S01,1,125.77,0.0,9.92
ORD03947,2022-12-07,C0563,P0118,S04,2,72.54,0.05,0.0
ORD03948,2022-03-23,C0361,P0060,S08,1,72.08,0.1,3.48
ORD03949,2022-06-11,C0593,P0095,S01,3,250.19,0.15,12.36
ORD03950,2023-01-19,C0327,P0049,S01,2,194.12,0.15,6.23
ORD03951,2023-12-10,C0672,P0121,S01,1,171.24,0.0,6.57
ORD03952,2023-09-02,C0625,P0148,S03,4,121.25,0.0,0.0
ORD03953,2023-12-11,C0427,P0130,S05,1,128.79,0.15,0.0
ORD03954,2023-05-02,C0334,P0003,S08,1,817.96,0.1,1.13
ORD03955,2023-06-11,C0285,P0092,S05,1,247.31,0.0,0.0
ORD03956,2023-11-13,C0194,P0051,S05,2,263.88,0.1,0.0
ORD03957,2023-12-20,C0424,P0149,S01,2,21.3,0.0,1.34
ORD03958,2022-07-23,C0510,P0106,S01,1,67.6,0.0,1.35
ORD03959,2024-05-28,C0752,P0092,S03,4,264.65,0.0,0.0
ORD03960,2022-03-04,C0244,P0126,S02,4,149.24,0.0,6.89
ORD03961,2023-05-01,C0719,P0108,S02,2,178.9,0.2,14.0
ORD03962,2022-12-20,C0115,P0140,S01,1,249.92,0.0,2.41
ORD03963,2024-12-13,C0769,P0146,S01,4,16.64,0.0,14.16
ORD03964,2022-09-03,C0452,P0042,S05,4,98.88,0.05,0.0
ORD03965,2023-03-22,C0621,P0079,S06,1,88.31,0.3,0.0
ORD03966,2024-12-31,C0247,P0042,S01,1,183.88,0.15,2.57
ORD03967,2023-06-16,C0028,P0007,S01,4,48.46,0.0,8.55
ORD03968,2022-02-08,C0305,P0107,S02,1,147.83,0.0,7.16
ORD03969,2022-09-22,C0312,P0040,S01,1,168.81,0.05,10.19
ORD03970,2024-07-05,C0269,P0133,S08,1,28.64,0.1,14.89
ORD03971,2024-08-21,C0189,P0050,S05,1,53.99,0.1,0.0
ORD03972,2022-01-23,C0022,P0033,S01,2,20.66,0.1,8.37
ORD03973,2023-06-08,C0315,P0053,S01,1,234.97,0.05,1.3
ORD03974,2022-02-12,C0002,P0102,S01,2,125.68,0.0,6.74
ORD03975,2022-09-07,C0342,P0094,S08,1,197.04,0.0,8.58
ORD03976,2024-01-02,C0134,P0119,S04,1,335.4,0.15,0.0
ORD03977,2024-07-18,C0754,P0122,S02,1,221.53,0.0,4.21
ORD03978,2024-10-21,C0132,P0020,S05,2,222.5,0.0,0.0
ORD03979,2022-11-26,C0488,P0130,S01,1,116.88,0.0,4.28
ORD03980,2023-06-02,C0420,P0129,S08,3,9.05,0.0,13.59
ORD03981,2023-04-03,C0569,P0138,S07,1,262.67,0.3,0.0
ORD03982,2022-03-24,C0357,P0028,S07,3,409.76,0.05,0.0
ORD03983,2023-10-29,C0738,P0101,S01,1,17.96,0.0,4.92
ORD03984,2024-07-06,C0324,P0145,S01,4,64.41,0.0,13.05
ORD03985,2024-07-23,C0757,P0014,S02,2,227.19,0.15,2.47
ORD03986,2023-02-08,C0191,P0072,S01,4,58.49,0.0,4.31
ORD03987,2023-12-15,C0690,P0057,S01,1,34.97,0.15,6.8
ORD03988,2022-03-15,C0726,P0133,S03,1,51.28,0.05,0.0
ORD03989,2022-12-04,C0109,P0035,S05,1,197.96,0.0,0.0
ORD03990,2023-09-28,C0128,P0018,S05,1,456.96,0.0,0.0
ORD03991,2024-06-27,C0551,P0126,S04,4,123.55,0.0,0.0
ORD03992,2023-09-29,C0496,P0105,S01,1,259.69,0.3,4.74
ORD03993,2024-10-16,C0577,P0067,S02,1,51.59,0.0,13.12
ORD03994,2024-10-25,C0237,P0004,S01,1,731.19,0.15,12.08
ORD03995,2022-03-01,C0316,P0035,S06,2,336.38,0.15,0.0
ORD03996,2023-06-10,C0773,P0016,S01,3,187.81,0.0,12.39
ORD03997,2024-06-24,C0605,P0129,S03,1,6.69,0.2,0.0
ORD03998,2022-11-26,C0290,P0006,S07,1,146.2,0.25,0.0
ORD03999,2023-01-28,C0437,P0131,S05,1,108.14,0.0,0.0
ORD04000,2024-01-02,C0100,P0096,S02,1,140.66,0.05,4.28
ORD04001,2024-08-30,C0278,P0063,S01,3,306.3,0.0,4.69
ORD04002,2022-11-13,C0700,P0098,S02,1,93.35,0.2,7.9
ORD04003,2023-11-09,C0323,P0036,S01,2,166.73,0.0,1.66
ORD04004,2022-09-10,C0265,P0087,S01,1,172.35,0.1,6.97
ORD04005,2022-02-26,C0105,P0126,S01,1,119.71,0.1,12.0
ORD04006,2022-12-28,C0272,P0080,S01,3,43.81,0.15,6.39
ORD04007,2024-06-15,C0767,P0063,S05,3,212.25,0.1,0.0
ORD04008,2022-10-06,C0123,P0109,S01,1,61.53,0.3,11.61
ORD04009,2023-09-30,C0424,P0037,S05,1,65.1,0.0,0.0
ORD04010,2023-11-06,C0782,P0113,S05,4,183.72,0.05,0.0
ORD04011,2022-11-12,C0738,P0033,S03,1,28.32,0.05,0.0
ORD04012,2022-10-01,C0380,P0143,S03,3,142.5,0.05,0.0
ORD04013,2023-11-14,C0521,P0044,S02,1,199.14,0.25,3.53
ORD04014,2024-10-12,C0734,P0128,S04,1,313.33,0.1,0.0
ORD04015,2024-01-09,C0135,P0076,S02,1,256.83,0.15,10.65
ORD04016,2024-10-05,C0293,P0065,S05,1,83.23,0.0,0.0
ORD04017,2023-05-18,C0290,P0110,S06,1,27.56,0.0,0.0
ORD04018,2024-12-25,C0400,P0035,S01,1,358.07,0.3,14.49
ORD04019,2024-07-25,C0213,P0094,S02,2,133.25,0.15,12.17
ORD04020,2023-12-22,C0669,P0075,S06,1,164.29,0.0,0.0
ORD04021,2022-09-06,C0025,P0066,S02,3,128.83,0.0,10.14
ORD04022,2023-12-27,C0045,P0112,S01,1,47.69,0.1,13.97
ORD04023,2023-04-01,C0480,P0065,S01,2,62.32,0.0,7.67
ORD04024,2022-10-06,C0724,P0027,S02,1,249.45,0.1,13.56
ORD04025,2022-04-27,C0061,P0096,S03,1,112.47,0.1,0.0
ORD04026,2023-09-01,C0544,P0131,S01,1,111.98,0.0,9.29
ORD04027,2024-01-03,C0438,P0063,S01,3,186.14,0.1,14.52
ORD04028,2023-06-26,C0345,P0068,S08,1,289.93,0.1,2.5
ORD04029,2023-12-27,C0468,P0091,S05,4,29.75,0.0,0.0
ORD04030,2022-10-22,C0542,P0028,S01,3,364.02,0.25,13.64
ORD04031,2022-11-27,C0404,P0054,S07,4,206.16,0.05,0.0
ORD04032,2022-07-29,C0728,P0070,S01,2,266.46,0.3,6.73
ORD04033,2024-03-08,C0102,P0094,S01,2,172.63,0.0,1.08
ORD04034,2022-02-02,C0725,P0035,S07,1,227.88,0.15,0.0
ORD04035,2022-11-28,C0696,P0075,S03,2,258.49,0.0,0.0
ORD04036,2022-10-04,C0503,P0108,S02,1,272.64,0.0,11.72
ORD04037,2023-03-07,C0223,P0068,S08,1,160.01,0.1,4.91
ORD04038,2024-07-24,C0733,P0035,S02,5,297.66,0.1,4.13
ORD04039,2023-01-19,C0123,P0089,S01,1,319.07,0.0,9.51
ORD04040,2022-05-19,C0714,P0065,S02,5,61.41,0.1,13.64
ORD04041,2023-12-05,C0070,P0128,S02,1,317.26,0.0,1.17
ORD04042,2022-02-23,C0574,P0002,S03,1,922.11,0.1,0.0
ORD04043,2023-03-31,C0371,P0146,S01,2,14.01,0.2,5.89
ORD04044,2024-08-14,C0108,P0059,S08,2,14.63,0.3,8.67
ORD04045,2023-09-30,C0786,P0014,S01,2,269.72,0.1,7.55
ORD04046,2022-02-24,C0558,P0106,S05,1,55.49,0.0,0.0
ORD04047,2022-11-05,C0671,P0144,S03,1,96.54,0.0,0.0
ORD04048,2022-09-06,C0356,P0072,S01,2,55.02,0.1,12.84
ORD04049,2023-10-25,C0135,P0010,S01,1,647.58,0.0,2.89
ORD04050,2024-11-22,C0118,P0090,S02,1,110.75,0.1,11.53
ORD04051,2023-02-09,C0565,P0004,S02,1,487.78,0.05,11.51
ORD04052,2024-08-10,C0752,P0044,S01,4,211.44,0.25,4.83
ORD04053,2022-04-07,C0434,P0140,S02,1,271.07,0.15,14.15
ORD04054,2024-09-19,C0347,P0139,S08,1,136.5,0.0,3.1
ORD04055,2022-07-18,C0304,P0012,S03,4,839.17,0.0,0.0
ORD04056,2023-05-24,C0694,P0075,S02,1,158.15,0.05,7.65
ORD04057,2023-11-26,C0295,P0032,S05,1,52.01,0.0,0.0
ORD04058,2022-10-27,C0268,P0099,S04,4,16.05,0.1,0.0
ORD04059,2023-08-10,C0460,P0097,S01,1,192.89,0.1,5.75
ORD04060,2024-05-09,C0546,P0093,S01,1,217.06,0.0,13.44
ORD04061,2022-06-26,C0469,P0112,S03,5,60.56,0.0,0.0
ORD04062,2022-07-07,C0669,P0061,S03,2,78.45,0.2,0.0
ORD04063,2023-03-20,C0075,P0014,S08,1,185.43,0.0,6.33
ORD04064,2022-08-13,C0365,P0069,S04,2,22.0,0.3,0.0
ORD04065,2024-06-17,C0451,P0070,S01,1,227.95,0.1,0.57
ORD04066,2023-02-16,C0522,P0018,S06,1,548.57,0.15,0.0
ORD04067,2022-11-22,C0351,P0054,S05,1,217.28,0.0,0.0
ORD04068,2022-05-29,C0005,P0064,S01,3,75.55,0.05,3.46
ORD04069,2024-11-02,C0602,P0090,S01,1,163.84,0.15,12.77
ORD04070,2023-01-07,C0390,P0100,S01,2,35.45,0.15,6.24
ORD04071,2023-11-15,C0218,P0138,S02,2,263.02,0.1,3.01
ORD04072,2023-02-25,C0075,P0069,S06,5,21.76,0.2,0.0
ORD04073,2024-04-10,C0129,P0049,S03,1,137.58,0.15,0.0
ORD04074,2023-07-01,C0738,P0114,S06,3,183.58,0.0,0.0
ORD04075,2024-05-22,C0279,P0128,S08,1,227.36,0.0,13.66
ORD04076,2023-05-06,C0033,P0114,S08,3,248.26,0.15,6.18
ORD04077,2023-08-05,C0449,P0144,S01,2,114.36,0.2,0.73
ORD04078,2024-02-21,C0448,P0118,S01,1,47.24,0.0,8.49
ORD04079,2023-10-28,C0514,P0096,S02,1,154.1,0.0,0.59
ORD04080,2024-10-19,C0175,P0071,S02,1,207.83,0.0,9.74
ORD04081,2022-05-11,C0513,P0129,S02,1,8.59,0.15,9.57
ORD04082,2022-12-19,C0140,P0042,S01,1,127.68,0.2,1.4
ORD04083,2024-12-09,C0126,P0041,S01,3,37.95,0.0,1.93
ORD04084,2022-09-09,C0678,P0036,S04,1,296.92,0.0,0.0
ORD04085,2024-11-13,C0430,P0090,S02,3,135.44,0.0,4.76
ORD04086,2023-06-29,C0666,P0119,S04,1,297.89,0.0,0.0
ORD04087,2024-05-05,C0591,P0060,S01,1,96.43,0.1,4.65
ORD04088,2023-09-28,C0504,P0103,S08,3,111.92,0.25,13.01
ORD04089,2024-02-28,C0493,P0065,S08,1,93.37,0.0,0.7
ORD04090,2022-01-18,C0657,P0088,S01,1,191.47,0.0,11.45
ORD04091,2022-05-25,C0295,P0016,S03,2,140.22,0.05,0.0
ORD04092,2022-10-03,C0500,P0129,S08,1,6.33,0.0,13.24
ORD04093,2023-07-19,C0442,P0002,S01,2,629.76,0.0,11.29
ORD04094,2022-03-25,C0610,P0044,S06,1,255.37,0.1,0.0
ORD04095,2024-12-13,C0036,P0071,S01,3,213.95,0.0,0.11
ORD04096,2024-06-03,C0252,P0010,S01,3,811.71,0.0,5.4
ORD04097,2022-04-24,C0714,P0140,S01,2,284.25,0.2,10.16
ORD04098,2022-06-11,C0521,P0029,S01,1,639.2,0.0,14.34
ORD04099,2024-10-24,C0536,P0088,S02,1,187.41,0.1,6.0
ORD04100,2023-12-30,C0107,P0101,S01,1,18.63,0.05,9.63
ORD04101,2023-12-11,C0217,P0134,S01,4,87.25,0.3,1.9
ORD04102,2022-07-02,C0358,P0085,S08,5,112.57,0.25,5.43
ORD04103,2023-12-29,C0448,P0138,S04,1,222.52,0.1,0.0
ORD04104,2022-10-16,C0048,P0100,S04,2,35.17,0.15,0.0
ORD04105,2024-06-04,C0618,P0109,S01,1,56.36,0.15,9.03
ORD04106,2022-12-11,C0701,P0101,S08,1,10.46,0.05,6.2
ORD04107,2024-07-26,C0579,P0124,S05,2,37.51,0.3,0.0
ORD04108,2022-01-09,C0079,P0127,S03,1,224.72,0.15,0.0
ORD04109,2023-01-20,C0163,P0117,S01,1,266.31,0.15,12.42
ORD04110,2024-01-19,C0043,P0147,S03,4,206.1,0.15,0.0
ORD04111,2024-02-23,C0741,P0079,S01,2,74.99,0.0,2.91
ORD04112,2022-07-12,C0418,P0109,S01,3,71.21,0.1,14.02
ORD04113,2023-12-24,C0295,P0040,S01,1,155.84,0.0,12.64
ORD04114,2022-01-30,C0322,P0127,S01,3,205.07,0.15,6.44
ORD04115,2023-08-05,C0164,P0071,S01,4,217.29,0.05,2.36
ORD04116,2023-12-11,C0378,P0072,S01,5,43.07,0.1,14.2
ORD04117,2024-11-21,C0656,P0150,S08,2,69.85,0.15,3.6
ORD04118,2022-02-20,C0005,P0070,S01,3,207.31,0.0,13.93
ORD04119,2022-01-25,C0686,P0025,S03,1,460.5,0.0,0.0
ORD04120,2024-09-28,C0502,P0057,S02,1,33.63,0.05,13.67
ORD04121,2022-05-13,C0366,P0114,S02,1,208.84,0.0,9.32
ORD04122,2022-08-07,C0185,P0025,S08,1,310.72,0.0,2.8
ORD04123,2023-05-21,C0763,P0148,S07,2,176.65,0.0,0.0
ORD04124,2022-05-22,C0213,P0026,S07,3,873.97,0.0,0.0
ORD04125,2023-05-27,C0162,P0112,S02,3,45.94,0.05,5.65
ORD04126,2023-11-08,C0458,P0074,S02,1,238.4,0.2,0.0
ORD04127,2022-03-30,C0706,P0029,S03,1,474.07,0.05,0.0
ORD04128,2023-05-12,C0323,P0093,S02,4,177.99,0.25,3.76
ORD04129,2023-01-06,C0432,P0023,S08,1,339.18,0.0,4.2
ORD04130,2023-10-29,C0004,P0012,S05,3,742.13,0.0,0.0
ORD04131,2024-03-14,C0216,P0065,S06,2,84.4,0.1,0.0
ORD04132,2024-05-06,C0151,P0065,S01,3,103.61,0.25,3.62
ORD04133,2022-01-16,C0645,P0119,S01,4,187.12,0.3,5.35
ORD04134,2023-05-05,C0521,P0119,S01,2,294.88,0.25,8.26
ORD04135,2022-08-06,C0193,P0056,S02,1,315.85,0.0,14.39
ORD04136,2022-10-15,C0661,P0109,S08,4,82.46,0.2,9.06
ORD04137,2023-08-04,C0424,P0142,S01,1,75.7,0.1,0.6
ORD04138,2023-05-10,C0654,P0108,S01,1,283.03,0.0,5.75
ORD04139,2024-02-15,C0542,P0106,S01,3,58.79,0.0,10.0
ORD04140,2023-02-16,C0321,P0120,S02,1,135.03,0.3,8.79
ORD04141,2024-11-20,C0406,P0128,S03,1,259.59,0.15,0.0
ORD04142,2024-04-16,C0013,P0106,S01,4,72.75,0.25,12.54
ORD04143,2022-11-11,C0755,P0102,S01,1,156.21,0.0,6.73
ORD04144,2022-01-18,C0131,P0048,S01,2,154.55,0.0,9.95
ORD04145,2023-02-10,C0236,P0034,S02,1,319.29,0.0,5.92
ORD04146,2023-08-07,C0315,P0110,S01,1,29.72,0.2,2.26
ORD04147,2022-11-14,C0147,P0144,S01,2,114.26,0.0,5.75
ORD04148,2022-11-01,C0621,P0049,S01,2,181.37,0.0,0.31
ORD04149,2023-09-18,C0571,P0035,S01,1,224.13,0.05,7.31
ORD04150,2023-11-04,C0559,P0014,S02,4,259.19,0.1,7.91
ORD04151,2024-04-05,C0052,P0007,S08,1,81.53,0.0,7.26
ORD04152,2023-09-14,C0387,P0101,S03,2,14.39,0.0,0.0
ORD04153,2022-01-10,C0649,P0145,S01,2,64.78,0.05,12.04
ORD04154,2023-12-31,C0543,P0005,S01,2,131.27,0.0,13.49
ORD04155,2024-05-24,C0189,P0123,S02,2,119.05,0.2,14.15
ORD04156,2022-10-20,C0500,P0041,S01,4,40.29,0.15,10.16
ORD04157,2022-12-06,C0746,P0015,S04,1,212.25,0.0,0.0
ORD04158,2023-05-09,C0441,P0065,S02,1,64.55,0.0,9.01
ORD04159,2023-09-03,C0090,P0099,S02,5,9.04,0.2,7.46
ORD04160,2024-03-21,C0396,P0141,S05,2,214.67,0.1,0.0
ORD04161,2022-12-13,C0619,P0065,S07,1,67.31,0.0,0.0
ORD04162,2024-01-08,C0637,P0110,S05,1,24.89,0.0,0.0
ORD04163,2023-09-06,C0554,P0144,S01,2,85.91,0.2,9.35
ORD04164,2023-05-23,C0405,P0032,S03,1,39.0,0.05,0.0
ORD04165,2023-02-21,C0617,P0127,S08,1,234.72,0.3,2.74
ORD04166,2022-01-05,C0164,P0041,S08,1,41.64,0.0,9.56
ORD04167,2022-07-16,C0185,P0094,S01,2,168.29,0.0,11.07
ORD04168,2022-07-23,C0075,P0056,S08,1,235.86,0.2,11.48
ORD04169,2022-12-30,C0047,P0125,S01,1,66.42,0.1,7.26
ORD04170,2024-05-23,C0116,P0009,S01,1,628.61,0.0,0.28
ORD04171,2023-05-17,C0498,P0117,S03,1,252.55,0.1,0.0
ORD04172,2022-01-29,C0707,P0002,S01,2,971.32,0.3,4.65
ORD04173,2022-12-23,C0543,P0080,S01,5,28.1,0.15,1.36
ORD04174,2024-11-11,C0117,P0124,S02,1,46.18,0.0,10.34
ORD04175,2024-10-06,C0117,P0030,S02,2,40.66,0.2,5.35
ORD04176,2024-07-15,C0145,P0124,S02,1,38.57,0.0,12.53
ORD04177,2023-06-06,C0673,P0061,S08,2,81.33,0.0,3.55
ORD04178,2023-02-18,C0657,P0146,S01,3,19.94,0.0,0.14
ORD04179,2022-01-26,C0183,P0055,S01,1,140.12,0.0,14.39
ORD04180,2023-12-19,C0394,P0116,S01,1,266.93,0.2,3.93
ORD04181,2022-12-02,C0102,P0029,S02,2,411.7,0.15,0.42
ORD04182,2022-12-06,C0172,P0056,S07,1,220.76,0.0,0.0
ORD04183,2022-06-20,C0114,P0130,S01,1,184.1,0.25,6.24
ORD04184,2022-01-15,C0342,P0025,S01,1,499.44,0.0,13.77
ORD04185,2022-12-13,C0799,P0060,S01,1,90.95,0.1,2.87
ORD04186,2023-09-05,C0214,P0087,S03,1,211.74,0.25,0.0
ORD04187,2022-01-25,C0080,P0051,S03,1,347.77,0.0,0.0
ORD04188,2023-12-03,C0328,P0083,S01,1,116.98,0.0,0.99
ORD04189,2023-08-20,C0458,P0126,S01,3,140.18,0.05,8.58
ORD04190,2024-06-12,C0051,P0126,S05,2,157.15,0.15,0.0
ORD04191,2024-03-15,C0042,P0076,S01,2,159.4,0.0,8.01
ORD04192,2022-01-16,C0453,P0042,S01,2,178.51,0.3,6.15
ORD04193,2022-10-09,C0027,P0145,S01,2,84.28,0.25,1.06
ORD04194,2022-09-25,C0093,P0028,S05,1,424.05,0.0,0.0
ORD04195,2022-02-26,C0393,P0051,S02,1,245.86,0.1,14.18
ORD04196,2022-03-22,C0311,P0046,S01,1,164.56,0.0,6.91
ORD04197,2022-07-01,C0279,P0101,S02,4,16.04,0.2,2.43
ORD04198,2022-07-03,C0058,P0066,S02,2,155.94,0.0,11.08
ORD04199,2023-09-02,C0253,P0021,S02,2,720.49,0.0,9.39
ORD04200,2023-11-18,C0712,P0128,S02,1,272.38,0.25,1.89
ORD04201,2023-11-24,C0409,P0145,S05,1,109.26,0.0,0.0
ORD04202,2022-11-10,C0433,P0116,S01,1,191.29,0.2,11.62
ORD04203,2022-03-24,C0682,P0040,S01,1,109.52,0.15,14.0
ORD04204,2023-09-18,C0451,P0042,S02,1,164.01,0.2,11.31
ORD04205,2022-11-01,C0652,P0091,S03,2,32.16,0.05,0.0
ORD04206,2024-12-09,C0242,P0122,S02,2,246.78,0.0,9.27
ORD04207,2023-01-25,C0718,P0087,S02,2,245.19,0.0,1.56
ORD04208,2023-06-07,C0590,P0063,S02,2,306.41,0.0,13.35
ORD04209,2024-12-18,C0294,P0099,S02,1,10.95,0.1,12.34
ORD04210,2023-05-24,C0327,P0060,S05,1,97.68,0.1,0.0
ORD04211,2022-06-08,C0427,P0142,S04,1,74.19,0.15,0.0
ORD04212,2022-11-15,C0232,P0086,S06,3,85.21,0.2,0.0
ORD04213,2024-04-21,C0277,P0063,S05,1,249.29,0.1,0.0
ORD04214,2022-09-30,C0707,P0102,S01,4,210.08,0.3,6.16
ORD04215,2024-05-01,C0541,P0044,S03,1,280.87,0.0,0.0
ORD04216,2024-01-17,C0283,P0073,S01,1,8.15,0.15,10.67
ORD04217,2023-09-20,C0151,P0075,S01,1,145.65,0.0,12.9
ORD04218,2023-06-27,C0341,P0146,S02,1,15.58,0.15,3.94
ORD04219,2022-06-15,C0736,P0137,S01,3,126.03,0.15,7.25
ORD04220,2024-02-15,C0376,P0029,S01,2,705.12,0.0,5.68
ORD04221,2024-04-15,C0658,P0126,S03,4,144.69,0.1,0.0
ORD04222,2023-08-14,C0453,P0129,S01,1,5.69,0.0,7.14
ORD04223,2024-12-17,C0784,P0096,S03,3,188.22,0.0,0.0
ORD04224,2022-01-05,C0123,P0081,S01,5,288.92,0.1,3.16
ORD04225,2024-12-19,C0492,P0072,S07,1,61.25,0.1,0.0
ORD04226,2023-04-26,C0572,P0120,S01,1,130.03,0.0,6.14
ORD04227,2022-06-06,C0094,P0129,S01,1,8.99,0.0,11.57
ORD04228,2024-12-31,C0173,P0099,S01,2,10.61,0.3,13.83
ORD04229,2024-05-01,C0755,P0108,S05,1,229.4,0.15,0.0
ORD04230,2024-04-26,C0317,P0115,S03,4,168.76,0.0,0.0
ORD04231,2022-05-11,C0613,P0126,S08,2,125.13,0.0,9.08
ORD04232,2022-01-19,C0449,P0069,S01,2,27.53,0.0,7.3
ORD04233,2022-12-04,C0745,P0036,S08,1,232.2,0.0,2.65
ORD04234,2024-09-11,C0426,P0139,S05,5,128.44,0.05,0.0
ORD04235,2022-05-04,C0271,P0021,S05,2,600.38,0.0,0.0
ORD04236,2024-02-01,C0634,P0119,S02,1,195.58,0.1,11.49
ORD04237,2024-07-16,C0168,P0067,S01,1,57.38,0.0,14.21
ORD04238,2022-06-23,C0140,P0070,S01,1,258.06,0.05,2.03
ORD04239,2024-09-27,C0434,P0137,S01,5,152.34,0.1,1.69
ORD04240,2022-12-14,C0758,P0083,S03,3,125.01,0.0,0.0
ORD04241,2024-06-13,C0720,P0126,S05,2,100.01,0.1,0.0
ORD04242,2022-02-28,C0490,P0128,S03,2,207.68,0.1,0.0
ORD04243,2024-12-30,C0400,P0054,S02,1,240.55,0.0,5.75
ORD04244,2022-07-24,C0620,P0056,S01,2,312.17,0.0,6.84
ORD04245,2023-04-30,C0760,P0112,S01,1,40.18,0.0,4.01
ORD04246,2024-02-24,C0633,P0004,S02,1,575.84,0.1,2.21
ORD04247,2024-03-15,C0335,P0125,S06,3,74.26,0.0,0.0
ORD04248,2022-07-01,C0399,P0034,S01,1,281.97,0.0,10.72
ORD04249,2024-12-14,C0285,P0034,S01,1,345.57,0.05,13.68
ORD04250,2023-04-25,C0247,P0096,S01,3,184.08,0.1,3.67
ORD04251,2023-11-09,C0741,P0115,S07,4,140.12,0.25,0.0
ORD04252,2023-10-23,C0498,P0058,S07,1,52.89,0.2,0.0
ORD04253,2023-12-24,C0339,P0040,S01,1,160.73,0.0,14.58
ORD04254,2023-08-18,C0085,P0014,S04,3,256.69,0.15,0.0
ORD04255,2022-11-20,C0637,P0045,S01,2,58.77,0.2,14.21
ORD04256,2024-05-26,C0215,P0042,S05,1,137.03,0.0,0.0
ORD04257,2022-04-19,C0681,P0058,S02,1,41.71,0.05,6.64
ORD04258,2022-05-01,C0351,P0023,S03,1,202.76,0.0,0.0
ORD04259,2022-10-21,C0482,P0082,S07,1,184.76,0.1,0.0
ORD04260,2023-11-29,C0692,P0052,S08,4,199.53,0.0,7.1
ORD04261,2023-05-23,C0428,P0073,S01,1,7.76,0.05,13.03
ORD04262,2022-12-10,C0524,P0016,S02,1,200.61,0.15,6.51
ORD04263,2023-02-23,C0079,P0105,S01,2,311.47,0.05,13.58
ORD04264,2023-01-22,C0184,P0134,S04,4,75.98,0.3,0.0
ORD04265,2023-01-22,C0043,P0130,S01,2,151.34,0.1,4.27
ORD04266,2024-09-12,C0050,P0099,S08,1,9.14,0.2,10.03
ORD04267,2023-04-19,C0299,P0096,S01,2,176.53,0.0,2.44
ORD04268,2024-05-30,C0694,P0047,S01,2,111.06,0.0,12.8
ORD04269,2023-04-01,C0554,P0142,S01,1,95.91,0.25,3.98
ORD04270,2024-04-30,C0511,P0106,S08,3,94.56,0.05,4.81
ORD04271,2024-05-02,C0387,P0117,S01,1,237.77,0.0,0.76
ORD04272,2022-04-30,C0114,P0130,S03,3,105.62,0.1,0.0
ORD04273,2023-02-18,C0111,P0029,S08,1,645.55,0.1,6.67
ORD04274,2023-10-08,C0051,P0061,S02,2,96.68,0.0,2.86
ORD04275,2023-05-26,C0211,P0022,S02,2,155.8,0.0,0.01
ORD04276,2024-12-01,C0476,P0008,S01,1,983.36,0.0,1.19
ORD04277,2024-05-15,C0289,P0113,S05,1,213.67,0.3,0.0
ORD04278,2023-09-01,C0489,P0130,S02,1,137.69,0.25,7.27
ORD04279,2023-06-07,C0714,P0117,S07,4,209.09,0.05,0.0
ORD04280,2022-04-22,C0055,P0073,S02,1,6.42,0.05,14.46
ORD04281,2022-12-12,C0162,P0009,S01,3,626.25,0.3,0.35
ORD04282,2024-11-04,C0474,P0117,S05,1,220.02,0.05,0.0
ORD04283,2023-06-26,C0618,P0144,S07,2,110.99,0.2,0.0
ORD04284,2023-11-15,C0768,P0018,S05,2,439.95,0.0,0.0
ORD04285,2024-06-04,C0148,P0083,S01,2,72.99,0.0,11.38
ORD04286,2022-12-14,C0756,P0040,S02,1,137.24,0.0,8.55
ORD04287,2023-06-08,C0071,P0003,S02,1,501.16,0.05,2.11
ORD04288,2023-12-11,C0702,P0032,S01,1,57.46,0.0,3.12
ORD04289,2023-04-13,C0777,P0037,S03,1,91.02,0.0,0.0
ORD04290,2022-02-27,C0683,P0080,S01,1,39.14,0.15,4.25
ORD04291,2024-10-11,C0044,P0109,S04,1,89.31,0.0,0.0
ORD04292,2023-09-03,C0602,P0125,S03,3,84.37,0.15,0.0
ORD04293,2023-12-18,C0500,P0046,S01,2,217.53,0.15,1.17
ORD04294,2024-03-29,C0347,P0129,S08,5,5.74,0.1,7.39
ORD04295,2024-11-06,C0761,P0092,S02,2,161.0,0.0,14.67
ORD04296,2023-05-06,C0398,P0062,S01,2,63.92,0.0,7.31
ORD04297,2024-01-29,C0120,P0106,S07,1,68.87,0.0,0.0
ORD04298,2023-11-16,C0192,P0049,S01,4,172.35,0.25,1.94
ORD04299,2024-11-12,C0622,P0102,S02,2,175.37,0.0,4.12
ORD04300,2023-10-01,C0594,P0100,S02,1,44.61,0.05,0.61
ORD04301,2024-11-05,C0758,P0105,S01,2,326.9,0.25,12.49
ORD04302,2022-04-30,C0643,P0127,S01,2,204.24,0.0,11.84
ORD04303,2023-01-11,C0577,P0089,S05,1,178.44,0.0,0.0
ORD04304,2022-10-02,C0601,P0104,S08,3,191.31,0.0,7.9
ORD04305,2024-03-10,C0772,P0028,S03,2,431.87,0.05,0.0
ORD04306,2024-05-20,C0537,P0005,S02,1,142.68,0.2,1.0
ORD04307,2022-01-10,C0178,P0039,S01,1,257.63,0.0,0.59
ORD04308,2024-08-21,C0503,P0091,S02,1,42.93,0.15,6.64
ORD04309,2022-12-07,C0317,P0134,S06,1,128.35,0.0,0.0
ORD04310,2022-03-14,C0481,P0041,S01,1,33.4,0.0,7.98
ORD04311,2024-12-08,C0312,P0114,S07,5,228.82,0.0,0.0
ORD04312,2023-10-28,C0350,P0059,S06,1,20.68,0.1,0.0
ORD04313,2022-11-06,C0554,P0063,S01,3,172.45,0.2,2.91
ORD04314,2023-11-06,C0143,P0106,S04,2,61.75,0.0,0.0
ORD04315,2022-07-12,C0515,P0042,S05,1,165.66,0.15,0.0
ORD04316,2024-05-18,C0402,P0059,S04,4,14.74,0.0,0.0
ORD04317,2022-12-25,C0163,P0064,S02,3,110.23,0.1,3.23
ORD04318,2023-07-28,C0206,P0050,S08,1,70.42,0.0,14.13
ORD04319,2022-12-21,C0032,P0072,S06,1,61.91,0.0,0.0
ORD04320,2022-11-15,C0130,P0088,S06,1,166.63,0.1,0.0
ORD04321,2024-04-29,C0597,P0026,S03,1,622.33,0.2,0.0
ORD04322,2023-05-27,C0514,P0104,S02,1,105.73,0.15,4.03
ORD04323,2024-03-26,C0638,P0073,S01,2,7.94,0.0,8.0
ORD04324,2023-12-30,C0244,P0130,S02,4,189.96,0.25,5.94
ORD04325,2022-06-01,C0602,P0071,S02,1,248.49,0.0,7.34
ORD04326,2022-07-02,C0419,P0022,S07,1,141.81,0.2,0.0
ORD04327,2022-10-09,C0138,P0043,S05,3,13.07,0.0,0.0
ORD04328,2023-11-03,C0683,P0145,S06,4,82.83,0.3,0.0
ORD04329,2023-09-17,C0595,P0068,S05,1,225.51,0.2,0.0
ORD04330,2023-10-18,C0405,P0105,S01,4,293.0,0.25,14.11
ORD04331,2024-06-13,C0017,P0088,S05,5,163.96,0.25,0.0
ORD04332,2022-07-05,C0738,P0089,S02,1,180.2,0.0,7.44
ORD04333,2023-01-21,C0120,P0004,S03,1,588.62,0.0,0.0
ORD04334,2024-07-30,C0109,P0099,S03,1,10.12,0.0,0.0
ORD04335,2024-10-06,C0140,P0113,S01,1,309.03,0.25,14.77
ORD04336,2022-11-20,C0633,P0148,S02,3,187.22,0.05,2.96
ORD04337,2023-03-27,C0205,P0005,S03,1,193.28,0.15,0.0
ORD04338,2024-10-27,C0371,P0097,S02,1,171.29,0.1,6.81
ORD04339,2022-01-06,C0503,P0084,S06,3,24.05,0.2,0.0
ORD04340,2024-04-15,C0326,P0009,S01,3,701.77,0.0,7.2
ORD04341,2023-05-15,C0744,P0065,S03,2,77.43,0.15,0.0
ORD04342,2023-12-01,C0563,P0109,S04,1,69.3,0.3,0.0
ORD04343,2024-05-28,C0165,P0015,S01,5,189.52,0.0,2.84
ORD04344,2022-12-27,C0131,P0108,S01,5,271.61,0.15,10.11
ORD04345,2023-11-03,C0015,P0079,S06,3,114.72,0.0,0.0
ORD04346,2022-01-27,C0594,P0019,S04,5,310.58,0.25,0.0
ORD04347,2024-07-12,C0328,P0130,S01,1,158.11,0.15,1.81
ORD04348,2024-10-13,C0772,P0103,S03,3,68.62,0.1,0.0
ORD04349,2023-07-20,C0589,P0028,S02,4,501.65,0.0,6.04
ORD04350,2022-05-19,C0112,P0037,S01,1,95.87,0.0,1.34
ORD04351,2023-06-03,C0368,P0045,S03,1,74.58,0.3,0.0
ORD04352,2022-03-27,C0616,P0091,S01,2,31.07,0.1,14.81
ORD04353,2022-12-07,C0065,P0073,S06,1,7.52,0.05,0.0
ORD04354,2022-10-13,C0727,P0139,S02,1,119.95,0.05,4.88
ORD04355,2024-05-31,C0170,P0100,S06,2,26.66,0.25,0.0
ORD04356,2023-09-27,C0578,P0055,S03,5,224.59,0.1,0.0
ORD04357,2024-12-29,C0686,P0075,S04,1,175.71,0.05,0.0
ORD04358,2024-11-11,C0165,P0062,S04,2,77.57,0.0,0.0
ORD04359,2023-01-05,C0249,P0098,S02,4,136.96,0.05,0.37
ORD04360,2023-12-15,C0082,P0144,S03,1,107.32,0.0,0.0
ORD04361,2022-08-04,C0522,P0121,S02,1,236.55,0.2,4.17
ORD04362,2024-10-07,C0722,P0035,S05,3,199.15,0.1,0.0
ORD04363,2023-04-12,C0544,P0040,S08,5,101.21,0.0,13.43
ORD04364,2024-06-15,C0516,P0092,S03,4,228.99,0.0,0.0
ORD04365,2022-01-27,C0388,P0004,S02,2,482.11,0.0,0.98
ORD04366,2022-12-14,C0679,P0121,S08,1,259.05,0.0,8.59
ORD04367,2024-08-11,C0289,P0104,S03,1,138.83,0.25,0.0
ORD04368,2024-01-15,C0324,P0080,S01,1,34.78,0.0,3.25
ORD04369,2024-11-27,C0143,P0083,S05,2,108.63,0.25,0.0
ORD04370,2024-12-02,C0781,P0027,S08,3,255.95,0.0,2.64
ORD04371,2024-06-05,C0238,P0064,S02,1,111.8,0.0,6.36
ORD04372,2024-05-26,C0507,P0108,S08,2,209.44,0.0,3.81
ORD04373,2024-12-25,C0208,P0140,S02,1,334.02,0.0,7.28
ORD04374,2023-04-03,C0720,P0083,S01,3,100.81,0.0,4.57
ORD04375,2024-05-27,C0765,P0077,S05,1,176.68,0.0,0.0
ORD04376,2022-11-05,C0142,P0093,S01,1,161.13,0.0,10.71
ORD04377,2022-06-07,C0740,P0087,S02,2,169.29,0.3,10.35
ORD04378,2022-10-01,C0557,P0138,S01,2,188.06,0.2,6.24
ORD04379,2022-10-25,C0113,P0097,S04,2,148.74,0.0,0.0
ORD04380,2022-11-26,C0648,P0131,S02,4,112.07,0.3,1.51
ORD04381,2023-05-29,C0221,P0047,S03,1,81.61,0.1,0.0
ORD04382,2023-12-07,C0481,P0072,S03,1,67.53,0.2,0.0
ORD04383,2023-01-15,C0585,P0025,S08,1,484.33,0.0,4.29
ORD04384,2022-11-14,C0288,P0147,S01,3,171.53,0.3,2.9
ORD04385,2023-04-02,C0783,P0001,S08,1,295.59,0.0,0.35
ORD04386,2024-01-09,C0285,P0095,S01,2,276.41,0.0,3.16
ORD04387,2024-12-21,C0088,P0062,S01,1,67.47,0.2,4.19
ORD04388,2023-12-12,C0208,P0008,S08,1,630.21,0.0,9.59
ORD04389,2024-08-30,C0628,P0078,S01,5,19.3,0.1,2.01
ORD04390,2024-02-18,C0437,P0026,S06,2,816.34,0.15,0.0
ORD04391,2022-10-13,C0799,P0038,S05,1,29.64,0.05,0.0
ORD04392,2022-12-20,C0550,P0105,S01,1,293.22,0.1,8.36
ORD04393,2023-09-03,C0702,P0013,S04,3,670.31,0.25,0.0
ORD04394,2022-12-25,C0175,P0148,S07,2,160.01,0.0,0.0
ORD04395,2023-08-16,C0403,P0055,S01,1,130.84,0.0,8.05
ORD04396,2023-08-25,C0481,P0027,S01,1,189.46,0.2,4.02
ORD04397,2024-11-18,C0213,P0061,S05,1,121.77,0.1,0.0
ORD04398,2024-11-21,C0684,P0073,S02,2,8.94,0.1,14.98
ORD04399,2023-05-06,C0697,P0057,S01,4,32.49,0.0,6.07
ORD04400,2022-07-20,C0788,P0061,S02,1,94.43,0.15,3.86
ORD04401,2022-10-22,C0326,P0093,S01,1,215.36,0.0,5.51
ORD04402,2023-11-10,C0156,P0097,S01,2,191.34,0.0,5.52
ORD04403,2024-11-13,C0082,P0110,S01,2,25.03,0.15,5.75
ORD04404,2022-05-04,C0007,P0100,S01,2,43.45,0.1,9.76
ORD04405,2024-06-24,C0205,P0086,S02,2,103.48,0.0,5.01
ORD04406,2023-07-23,C0427,P0007,S02,1,77.0,0.05,0.58
ORD04407,2024-05-31,C0700,P0046,S01,4,235.41,0.15,7.69
ORD04408,2023-02-04,C0015,P0066,S02,3,147.17,0.1,7.46
ORD04409,2022-12-18,C0025,P0096,S01,2,158.81,0.0,0.19
ORD04410,2023-12-10,C0436,P0008,S02,1,1017.54,0.05,6.7
ORD04411,2023-06-06,C0366,P0082,S01,3,161.95,0.0,2.07
ORD04412,2022-12-06,C0183,P0149,S01,3,19.32,0.0,7.44
ORD04413,2022-05-28,C0049,P0047,S02,3,87.11,0.1,10.18
ORD04414,2022-10-12,C0402,P0113,S02,1,252.11,0.2,14.42
ORD04415,2022-12-07,C0336,P0012,S05,1,979.5,0.0,0.0
ORD04416,2022-10-06,C0238,P0017,S07,1,353.05,0.0,0.0
ORD04417,2022-12-12,C0499,P0044,S01,1,195.61,0.0,5.96
ORD04418,2023-05-06,C0289,P0130,S01,3,133.07,0.25,8.54
ORD04419,2023-04-21,C0364,P0101,S01,2,17.78,0.1,1.18
ORD04420,2022-11-13,C0776,P0144,S02,2,65.51,0.0,12.75
ORD04421,2022-02-23,C0099,P0066,S01,1,128.76,0.0,10.03
ORD04422,2022-09-20,C0528,P0012,S01,1,946.67,0.3,12.49
ORD04423,2024-11-12,C0343,P0028,S03,3,376.38,0.0,0.0
ORD04424,2024-08-13,C0061,P0027,S03,1,151.16,0.0,0.0
ORD04425,2024-08-21,C0582,P0060,S01,1,100.02,0.0,14.2
ORD04426,2022-01-21,C0366,P0066,S02,2,148.84,0.05,4.9
ORD04427,2024-12-21,C0773,P0125,S01,1,74.04,0.0,13.96
ORD04428,2024-02-14,C0454,P0002,S01,1,1095.93,0.15,14.93
ORD04429,2024-08-20,C0007,P0038,S03,2,23.04,0.0,0.0
ORD04430,2024-11-24,C0655,P0129,S01,3,5.77,0.0,9.14
ORD04431,2024-12-28,C0641,P0150,S01,1,100.44,0.1,4.28
ORD04432,2024-01-18,C0141,P0005,S02,3,130.5,0.0,11.8
ORD04433,2024-06-22,C0429,P0111,S03,4,62.35,0.25,0.0
ORD04434,2022-07-22,C0482,P0103,S02,1,85.79,0.0,7.59
ORD04435,2022-05-18,C0500,P0063,S02,1,246.2,0.1,10.93
ORD04436,2024-11-21,C0012,P0057,S01,2,27.63,0.3,9.19
ORD04437,2023-05-08,C0759,P0035,S04,3,290.26,0.0,0.0
ORD04438,2023-12-10,C0480,P0144,S07,1,92.44,0.2,0.0
ORD04439,2022-07-10,C0738,P0126,S01,5,136.07,0.0,3.89
ORD04440,2024-09-29,C0475,P0116,S01,3,183.75,0.3,1.79
ORD04441,2024-05-04,C0618,P0018,S01,3,415.52,0.0,7.5
ORD04442,2023-11-20,C0239,P0116,S03,1,302.65,0.25,0.0
ORD04443,2023-05-29,C0211,P0121,S08,1,260.61,0.25,11.84
ORD04444,2024-11-28,C0301,P0006,S06,2,141.51,0.05,0.0
ORD04445,2023-10-05,C0220,P0072,S01,3,57.51,0.25,5.91
ORD04446,2024-11-02,C0070,P0117,S04,1,185.37,0.25,0.0
ORD04447,2022-07-26,C0474,P0130,S01,1,107.24,0.0,8.86
ORD04448,2022-05-24,C0551,P0068,S07,1,300.74,0.1,0.0
ORD04449,2024-05-09,C0149,P0029,S02,3,447.43,0.1,0.7
ORD04450,2022-05-17,C0789,P0037,S03,1,106.81,0.2,0.0
ORD04451,2024-12-29,C0265,P0043,S03,2,12.92,0.0,0.0
ORD04452,2024-04-08,C0300,P0136,S01,2,115.95,0.1,10.56
ORD04453,2023-11-17,C0477,P0050,S05,1,73.46,0.15,0.0
ORD04454,2023-03-16,C0209,P0107,S01,1,113.41,0.1,9.93
ORD04455,2024-10-08,C0446,P0032,S05,3,52.15,0.0,0.0
ORD04456,2022-07-15,C0003,P0079,S01,2,114.54,0.0,6.74
ORD04457,2024-06-29,C0153,P0012,S01,3,740.45,0.0,7.62
ORD04458,2024-05-15,C0456,P0011,S05,2,29.38,0.0,0.0
ORD04459,2022-11-27,C0516,P0144,S04,1,107.34,0.15,0.0
ORD04460,2022-11-12,C0761,P0053,S01,5,307.99,0.15,9.96
ORD04461,2022-11-02,C0118,P0096,S05,2,108.55,0.1,0.0
ORD04462,2024-01-21,C0574,P0119,S05,4,290.53,0.3,0.0
ORD04463,2023-10-23,C0364,P0037,S03,2,90.8,0.15,0.0
ORD04464,2024-10-11,C0332,P0143,S01,1,180.58,0.15,13.8
ORD04465,2022-08-07,C0718,P0058,S01,1,43.46,0.25,12.31
ORD04466,2023-12-19,C0048,P0016,S01,1,128.86,0.0,5.51
ORD04467,2024-08-10,C0796,P0123,S08,1,97.05,0.3,2.22
ORD04468,2024-07-06,C0106,P0120,S02,1,180.65,0.3,0.13
ORD04469,2022-01-19,C0183,P0076,S08,1,165.5,0.1,8.71
ORD04470,2022-07-26,C0473,P0105,S02,4,294.27,0.0,13.75
ORD04471,2024-06-16,C0320,P0090,S01,1,155.46,0.1,10.08
ORD04472,2023-10-15,C0280,P0108,S07,1,202.27,0.05,0.0
ORD04473,2023-08-03,C0525,P0120,S01,2,107.09,0.1,1.8
ORD04474,2024-06-11,C0711,P0101,S08,1,14.79,0.15,10.13
ORD04475,2023-12-20,C0403,P0048,S08,1,143.08,0.0,10.96
ORD04476,2024-08-23,C0159,P0035,S05,2,279.21,0.2,0.0
ORD04477,2024-06-03,C0416,P0112,S08,1,37.09,0.0,2.88
ORD04478,2023-01-02,C0709,P0030,S07,5,64.6,0.0,0.0
ORD04479,2023-11-17,C0513,P0043,S05,4,17.49,0.05,0.0
ORD04480,2022-01-25,C0246,P0018,S08,2,628.44,0.3,1.76
ORD04481,2024-07-16,C0229,P0030,S02,3,69.65,0.2,3.14
ORD04482,2024-02-28,C0382,P0086,S01,1,66.76,0.0,14.96
ORD04483,2024-06-21,C0682,P0090,S02,1,118.57,0.0,10.02
ORD04484,2022-11-17,C0037,P0096,S03,2,114.29,0.2,0.0
ORD04485,2023-07-01,C0791,P0033,S01,4,25.07,0.1,13.56
ORD04486,2024-06-07,C0575,P0082,S02,1,159.36,0.0,10.05
ORD04487,2023-10-05,C0393,P0009,S03,1,461.54,0.0,0.0
ORD04488,2024-01-20,C0712,P0115,S08,1,197.0,0.1,5.05
ORD04489,2023-05-28,C0069,P0056,S06,1,215.18,0.2,0.0
ORD04490,2023-11-16,C0686,P0006,S01,5,137.79,0.05,2.68
ORD04491,2022-11-23,C0427,P0069,S05,1,33.26,0.1,0.0
ORD04492,2022-06-07,C0789,P0111,S01,1,81.0,0.0,3.68
ORD04493,2024-07-09,C0098,P0131,S08,1,118.3,0.0,4.81
ORD04494,2022-08-10,C0075,P0114,S03,2,267.12,0.0,0.0
ORD04495,2023-05-30,C0568,P0078,S04,4,34.22,0.1,0.0
ORD04496,2023-05-27,C0534,P0004,S07,1,550.14,0.05,0.0
ORD04497,2022-01-25,C0043,P0131,S02,1,150.17,0.0,8.49
ORD04498,2022-02-21,C0567,P0009,S06,1,450.4,0.15,0.0
ORD04499,2022-04-09,C0350,P0057,S08,2,34.08,0.2,7.7
ORD04500,2022-05-21,C0583,P0107,S01,1,131.77,0.0,13.35
ORD04501,2022-06-03,C0441,P0075,S08,3,195.49,0.15,13.52
ORD04502,2022-10-23,C0723,P0039,S04,2,227.96,0.1,0.0
ORD04503,2023-01-25,C0053,P0041,S02,3,39.5,0.1,9.05
ORD04504,2023-06-24,C0614,P0083,S01,1,87.31,0.0,14.75
ORD04505,2022-11-01,C0081,P0058,S05,1,66.83,0.05,0.0
ORD04506,2023-12-26,C0778,P0031,S02,1,124.86,0.2,4.9
ORD04507,2024-11-15,C0024,P0055,S01,2,186.14,0.0,0.84
ORD04508,2022-04-28,C0584,P0129,S04,1,5.34,0.1,0.0
ORD04509,2024-03-25,C0542,P0011,S02,4,27.95,0.15,4.99
ORD04510,2023-10-24,C0788,P0034,S01,1,260.18,0.05,3.94
ORD04511,2024-09-28,C0191,P0025,S02,4,345.59,0.1,10.34
ORD04512,2024-01-14,C0558,P0083,S02,2,99.02,0.0,3.0
ORD04513,2023-02-14,C0038,P0080,S02,1,33.72,0.1,8.88
ORD04514,2024-08-28,C0579,P0091,S02,2,28.54,0.1,2.21
ORD04515,2022-02-01,C0382,P0099,S02,1,9.35,0.0,12.18
ORD04516,2024-07-27,C0143,P0042,S01,2,166.96,0.0,11.3
ORD04517,2022-12-23,C0261,P0060,S01,1,109.75,0.15,10.04
ORD04518,2022-03-09,C0527,P0035,S01,3,271.4,0.05,9.63
ORD04519,2022-02-24,C0304,P0145,S02,4,60.4,0.0,9.32
ORD04520,2023-08-10,C0796,P0058,S02,1,71.05,0.0,7.51
ORD04521,2022-05-30,C0191,P0056,S08,2,239.5,0.0,4.16
ORD04522,2024-12-18,C0480,P0110,S07,2,29.66,0.2,0.0
ORD04523,2023-06-11,C0770,P0035,S01,4,308.94,0.0,13.06
ORD04524,2022-05-06,C0236,P0142,S02,1,68.45,0.05,11.55
ORD04525,2022-12-22,C0658,P0022,S02,1,146.15,0.05,13.24
ORD04526,2023-12-10,C0765,P0049,S08,1,161.19,0.0,7.76
ORD04527,2022-09-23,C0369,P0033,S07,1,25.04,0.05,0.0
ORD04528,2023-01-07,C0371,P0065,S02,1,97.42,0.0,14.47
ORD04529,2024-12-03,C0192,P0089,S01,4,185.22,0.0,0.8
ORD04530,2023-09-25,C0233,P0009,S05,1,733.7,0.0,0.0
ORD04531,2024-12-30,C0305,P0130,S01,3,151.15,0.15,9.22
ORD04532,2023-08-08,C0253,P0144,S02,2,88.74,0.1,1.4
ORD04533,2022-12-30,C0134,P0062,S03,1,95.29,0.3,0.0
ORD04534,2023-10-12,C0430,P0021,S05,2,676.29,0.05,0.0
ORD04535,2023-08-17,C0661,P0114,S02,2,203.88,0.0,4.59
ORD04536,2024-11-24,C0735,P0056,S02,4,319.35,0.2,1.09
ORD04537,2022-05-13,C0344,P0144,S05,1,111.34,0.3,0.0
ORD04538,2022-04-16,C0472,P0072,S01,1,51.79,0.05,8.89
ORD04539,2023-12-25,C0638,P0145,S07,2,108.73,0.1,0.0
ORD04540,2024-09-07,C0139,P0040,S01,2,143.1,0.1,6.22
ORD04541,2022-12-31,C0684,P0105,S02,1,290.2,0.0,5.16
ORD04542,2022-06-25,C0601,P0083,S01,1,84.31,0.1,14.95
ORD04543,2024-03-25,C0680,P0004,S02,1,663.23,0.0,9.67
ORD04544,2023-12-25,C0188,P0124,S01,2,33.11,0.05,0.74
ORD04545,2024-03-18,C0635,P0033,S01,2,16.8,0.2,8.31
ORD04546,2023-12-09,C0601,P0032,S02,2,62.16,0.0,8.06
ORD04547,2023-06-09,C0336,P0061,S01,1,138.86,0.0,0.5
ORD04548,2024-07-05,C0455,P0128,S01,4,225.4,0.15,3.56
ORD04549,2022-09-24,C0545,P0086,S07,1,93.31,0.0,0.0
ORD04550,2022-05-23,C0614,P0113,S01,1,193.7,0.25,14.31
ORD04551,2022-06-03,C0523,P0047,S01,3,76.55,0.0,13.83
ORD04552,2022-03-14,C0404,P0068,S02,2,218.99,0.05,14.78
ORD04553,2023-07-14,C0471,P0024,S01,4,366.15,0.0,13.96
ORD04554,2023-04-17,C0513,P0109,S04,1,47.85,0.3,0.0
ORD04555,2022-04-14,C0776,P0090,S01,4,159.17,0.2,13.55
ORD04556,2024-01-13,C0746,P0115,S05,1,141.06,0.0,0.0
ORD04557,2022-01-22,C0778,P0144,S01,1,66.85,0.05,6.37
ORD04558,2024-12-06,C0473,P0077,S06,1,281.69,0.15,0.0
ORD04559,2022-05-28,C0091,P0097,S01,2,155.76,0.15,7.91
ORD04560,2023-04-30,C0405,P0147,S01,5,136.08,0.05,0.01
ORD04561,2023-06-08,C0598,P0010,S01,2,807.76,0.2,1.31
ORD04562,2024-04-01,C0064,P0005,S04,1,169.44,0.0,0.0
ORD04563,2022-04-21,C0399,P0020,S01,1,357.62,0.05,3.13
ORD04564,2024-10-23,C0759,P0053,S04,3,296.09,0.2,0.0
ORD04565,2022-12-01,C0595,P0082,S05,1,131.94,0.05,0.0
ORD04566,2022-05-06,C0530,P0077,S03,2,235.61,0.0,0.0
ORD04567,2022-07-16,C0188,P0141,S08,4,216.25,0.0,11.04
ORD04568,2022-09-18,C0795,P0056,S04,1,230.15,0.3,0.0
ORD04569,2023-02-04,C0431,P0068,S01,1,224.44,0.05,8.99
ORD04570,2023-08-12,C0494,P0128,S01,1,195.01,0.1,11.12
ORD04571,2022-05-19,C0718,P0045,S03,1,68.26,0.15,0.0
ORD04572,2023-12-25,C0485,P0022,S02,5,155.12,0.0,2.37
ORD04573,2022-11-17,C0371,P0095,S07,2,247.29,0.0,0.0
ORD04574,2024-06-14,C0787,P0039,S01,3,150.59,0.15,6.38
ORD04575,2024-06-17,C0107,P0128,S02,4,206.81,0.0,11.23
ORD04576,2024-04-19,C0421,P0041,S02,1,33.81,0.15,13.23
ORD04577,2023-06-29,C0329,P0093,S01,2,272.19,0.2,2.95
ORD04578,2023-05-18,C0126,P0003,S08,4,748.13,0.15,1.32
ORD04579,2024-09-10,C0360,P0080,S05,2,35.45,0.0,0.0
ORD04580,2023-10-18,C0002,P0028,S03,2,559.59,0.2,0.0
ORD04581,2024-05-11,C0267,P0126,S01,1,137.57,0.1,9.37
ORD04582,2024-07-03,C0438,P0141,S02,3,236.81,0.15,5.67
ORD04583,2023-08-29,C0249,P0085,S08,1,69.34,0.2,10.79
ORD04584,2024-06-25,C0419,P0147,S08,1,176.39,0.05,10.63
ORD04585,2022-10-30,C0175,P0111,S02,2,72.89,0.0,4.87
ORD04586,2022-01-02,C0298,P0125,S01,4,62.11,0.05,0.39
ORD04587,2022-04-13,C0119,P0043,S03,1,13.78,0.25,0.0
ORD04588,2022-01-08,C0770,P0034,S02,2,322.59,0.2,13.46
ORD04589,2024-05-24,C0277,P0020,S02,2,286.66,0.05,6.83
ORD04590,2024-04-19,C0546,P0147,S05,4,123.82,0.1,0.0
ORD04591,2022-07-10,C0497,P0077,S08,1,274.08,0.05,0.2
ORD04592,2024-12-18,C0462,P0135,S06,2,344.64,0.1,0.0
ORD04593,2023-12-11,C0464,P0093,S01,1,216.71,0.1,5.13
ORD04594,2024-03-10,C0249,P0112,S06,1,64.32,0.0,0.0
ORD04595,2023-05-29,C0285,P0124,S01,2,25.5,0.0,8.72
ORD04596,2024-11-21,C0393,P0095,S08,1,227.86,0.2,3.29
ORD04597,2024-11-29,C0505,P0096,S03,2,137.17,0.2,0.0
ORD04598,2023-03-29,C0609,P0048,S01,3,165.47,0.25,10.91
ORD04599,2023-10-25,C0294,P0082,S02,1,123.09,0.0,14.05
ORD04600,2023-10-22,C0034,P0073,S01,2,5.71,0.1,3.5
ORD04601,2023-07-22,C0298,P0048,S02,3,128.4,0.15,0.57
ORD04602,2024-08-19,C0193,P0035,S03,1,209.84,0.2,0.0
ORD04603,2024-04-12,C0381,P0052,S07,1,290.43,0.15,0.0
ORD04604,2024-08-25,C0687,P0150,S02,2,73.78,0.3,1.73
ORD04605,2022-11-17,C0609,P0031,S02,1,131.85,0.05,10.79
ORD04606,2024-05-20,C0467,P0121,S01,2,282.99,0.05,3.85
ORD04607,2024-02-28,C0512,P0146,S04,5,11.16,0.05,0.0
ORD04608,2023-08-22,C0678,P0094,S01,2,134.05,0.1,0.85
ORD04609,2022-11-18,C0703,P0007,S01,4,48.06,0.1,6.47
ORD04610,2023-01-08,C0415,P0038,S02,1,27.36,0.0,7.74
ORD04611,2023-08-17,C0341,P0005,S03,2,131.91,0.15,0.0
ORD04612,2024-05-21,C0470,P0018,S02,1,642.98,0.1,13.59
ORD04613,2024-06-24,C0567,P0081,S01,4,257.18,0.15,5.32
ORD04614,2024-07-31,C0688,P0130,S02,1,137.22,0.0,6.18
ORD04615,2022-01-05,C0347,P0101,S03,1,16.56,0.05,0.0
ORD04616,2024-01-30,C0759,P0117,S04,1,223.14,0.0,0.0
ORD04617,2024-07-07,C0548,P0033,S01,1,29.24,0.0,14.16
ORD04618,2023-01-11,C0342,P0134,S01,2,89.64,0.2,8.41
ORD04619,2022-11-15,C0175,P0147,S01,1,130.96,0.0,3.01
ORD04620,2023-05-10,C0706,P0110,S01,1,25.72,0.3,3.09
ORD04621,2024-02-01,C0418,P0009,S03,2,711.56,0.05,0.0
ORD04622,2024-11-22,C0454,P0109,S01,2,54.58,0.05,6.83
ORD04623,2024-04-27,C0487,P0103,S02,5,99.74,0.0,10.38
ORD04624,2023-12-30,C0753,P0063,S08,3,219.64,0.0,13.04
ORD04625,2022-01-07,C0493,P0114,S08,1,241.39,0.3,6.59
ORD04626,2023-08-25,C0705,P0085,S06,2,67.25,0.1,0.0
ORD04627,2024-10-25,C0644,P0007,S02,1,62.69,0.0,12.31
ORD04628,2024-07-05,C0497,P0088,S02,3,197.06,0.15,12.48
ORD04629,2022-11-02,C0157,P0006,S01,1,155.63,0.15,1.78
ORD04630,2022-06-25,C0753,P0120,S08,3,108.31,0.1,4.55
ORD04631,2022-08-28,C0536,P0004,S04,1,644.14,0.1,0.0
ORD04632,2022-08-23,C0645,P0094,S02,1,192.25,0.0,4.44
ORD04633,2023-08-06,C0452,P0071,S04,1,220.78,0.0,0.0
ORD04634,2023-10-01,C0035,P0078,S08,2,25.06,0.0,6.16
ORD04635,2024-09-05,C0638,P0147,S04,4,146.1,0.0,0.0
ORD04636,2023-11-12,C0757,P0090,S04,4,106.0,0.2,0.0
ORD04637,2024-03-17,C0414,P0056,S01,1,212.77,0.0,0.83
ORD04638,2024-01-14,C0762,P0131,S01,1,98.97,0.15,0.14
ORD04639,2023-04-28,C0659,P0076,S04,1,226.13,0.1,0.0
ORD04640,2024-04-13,C0688,P0064,S03,3,93.12,0.15,0.0
ORD04641,2023-06-17,C0019,P0141,S01,5,356.54,0.25,2.91
ORD04642,2024-05-04,C0324,P0043,S01,1,13.82,0.1,5.37
ORD04643,2023-03-08,C0605,P0004,S02,1,394.8,0.0,12.59
ORD04644,2022-07-30,C0236,P0005,S07,2,110.06,0.0,0.0
ORD04645,2022-07-16,C0391,P0026,S01,1,955.89,0.05,13.38
ORD04646,2022-11-11,C0115,P0060,S01,1,98.72,0.05,8.15
ORD04647,2022-09-18,C0464,P0129,S02,3,8.38,0.0,5.81
ORD04648,2023-12-28,C0317,P0150,S02,1,91.29,0.1,0.67
ORD04649,2024-11-01,C0123,P0116,S02,1,178.93,0.0,6.86
ORD04650,2023-11-21,C0435,P0025,S01,1,452.17,0.0,13.32
ORD04651,2022-06-18,C0459,P0065,S01,1,63.15,0.0,12.34
ORD04652,2023-06-27,C0379,P0027,S01,1,161.17,0.3,5.91
ORD04653,2022-10-21,C0757,P0107,S03,2,106.39,0.0,0.0
ORD04654,2022-06-26,C0118,P0147,S06,4,164.86,0.2,0.0
ORD04655,2022-04-02,C0497,P0130,S06,1,115.6,0.1,0.0
ORD04656,2023-01-29,C0334,P0101,S05,1,14.51,0.0,0.0
ORD04657,2024-09-22,C0319,P0031,S02,3,208.8,0.2,6.62
ORD04658,2024-06-10,C0361,P0049,S01,1,157.46,0.0,12.73
ORD04659,2024-02-29,C0147,P0051,S06,1,312.49,0.0,0.0
ORD04660,2022-06-30,C0126,P0066,S07,1,156.33,0.0,0.0
ORD04661,2022-01-19,C0280,P0091,S08,4,33.12,0.1,13.27
ORD04662,2023-11-26,C0555,P0103,S02,1,98.05,0.25,3.32
ORD04663,2024-12-12,C0450,P0004,S01,1,489.06,0.0,12.05
ORD04664,2023-02-25,C0673,P0048,S03,1,107.49,0.25,0.0
ORD04665,2023-05-24,C0163,P0121,S02,1,303.07,0.2,1.96
ORD04666,2022-09-14,C0450,P0110,S01,4,32.3,0.0,5.92
ORD04667,2024-11-03,C0595,P0032,S03,1,53.07,0.0,0.0
ORD04668,2024-07-03,C0771,P0118,S01,2,71.72,0.3,6.19
ORD04669,2023-08-16,C0075,P0050,S01,1,58.68,0.1,0.74
ORD04670,2024-10-10,C0419,P0104,S02,2,101.31,0.1,3.67
ORD04671,2023-11-08,C0450,P0109,S03,1,77.53,0.0,0.0
ORD04672,2023-01-27,C0731,P0032,S05,1,40.58,0.0,0.0
ORD04673,2024-07-10,C0250,P0088,S01,4,138.94,0.1,6.16
ORD04674,2024-12-29,C0105,P0052,S04,3,242.93,0.1,0.0
ORD04675,2022-07-16,C0408,P0027,S02,2,223.72,0.0,2.68
ORD04676,2023-05-27,C0060,P0138,S07,4,148.4,0.0,0.0
ORD04677,2024-12-18,C0199,P0094,S01,1,207.66,0.15,3.91
ORD04678,2023-05-09,C0097,P0140,S02,1,338.96,0.2,12.95
ORD04679,2023-10-13,C0023,P0022,S04,3,164.91,0.0,0.0
ORD04680,2023-12-25,C0039,P0102,S08,1,145.08,0.3,12.33
ORD04681,2022-12-24,C0507,P0080,S03,2,44.53,0.0,0.0
ORD04682,2023-11-21,C0714,P0141,S01,5,291.28,0.05,5.06
ORD04683,2023-05-17,C0129,P0107,S01,2,102.28,0.0,1.83
ORD04684,2022-02-06,C0066,P0135,S01,5,270.72,0.05,8.78
ORD04685,2023-12-26,C0544,P0109,S02,4,63.41,0.0,7.13
ORD04686,2024-12-28,C0096,P0142,S05,2,69.47,0.2,0.0
ORD04687,2022-12-02,C0454,P0011,S08,1,31.43,0.0,13.52
ORD04688,2024-12-12,C0085,P0117,S08,3,181.31,0.1,5.72
ORD04689,2022-11-14,C0350,P0014,S06,2,161.76,0.0,0.0
ORD04690,2024-09-14,C0668,P0046,S08,1,205.79,0.05,10.93
ORD04691,2024-07-08,C0543,P0137,S03,1,191.67,0.0,0.0
ORD04692,2023-11-08,C0611,P0040,S05,1,110.67,0.0,0.0
ORD04693,2024-07-17,C0790,P0045,S01,1,100.15,0.0,0.95
ORD04694,2023-05-25,C0502,P0076,S05,1,222.92,0.0,0.0
ORD04695,2022-06-24,C0319,P0103,S02,1,67.35,0.05,13.41
ORD04696,2022-04-28,C0178,P0147,S05,1,179.27,0.05,0.0
ORD04697,2024-03-29,C0248,P0134,S02,1,110.69,0.3,12.47
ORD04698,2024-01-19,C0345,P0072,S02,2,47.68,0.0,0.58
ORD04699,2022-08-25,C0098,P0038,S03,1,40.88,0.0,0.0
ORD04700,2024-10-21,C0215,P0050,S01,3,50.62,0.0,1.93
ORD04701,2024-05-11,C0019,P0068,S01,1,225.17,0.05,8.97
ORD04702,2023-03-04,C0446,P0002,S01,1,635.96,0.3,4.12
ORD04703,2023-03-01,C0762,P0100,S01,3,25.26,0.0,6.31
ORD04704,2023-04-10,C0097,P0098,S01,4,156.34,0.3,14.74
ORD04705,2023-01-25,C0487,P0017,S01,1,321.23,0.1,2.42
ORD04706,2023-08-28,C0048,P0065,S01,1,105.74,0.1,7.74
ORD04707,2024-01-12,C0613,P0019,S07,1,324.82,0.2,0.0
ORD04708,2023-11-13,C0239,P0113,S03,1,336.06,0.05,0.0
ORD04709,2023-04-08,C0090,P0095,S02,1,256.97,0.0,10.98
ORD04710,2023-06-25,C0154,P0008,S05,3,933.03,0.3,0.0
ORD04711,2024-02-10,C0056,P0026,S02,1,606.4,0.05,3.17
ORD04712,2022-12-12,C0198,P0043,S02,1,17.14,0.05,3.3
ORD04713,2022-06-16,C0045,P0149,S02,1,19.31,0.0,11.73
ORD04714,2022-11-06,C0699,P0127,S03,2,276.17,0.2,0.0
ORD04715,2023-12-14,C0324,P0032,S02,4,51.76,0.05,11.88
ORD04716,2024-12-09,C0411,P0030,S06,2,64.55,0.0,0.0
ORD04717,2022-08-21,C0167,P0067,S05,1,49.47,0.0,0.0
ORD04718,2024-10-22,C0313,P0094,S08,1,134.6,0.0,4.11
ORD04719,2023-02-22,C0732,P0121,S01,2,204.17,0.25,1.75
ORD04720,2024-04-19,C0318,P0083,S08,1,84.06,0.0,3.14
ORD04721,2023-12-22,C0197,P0002,S01,4,878.15,0.1,13.63
ORD04722,2022-07-02,C0107,P0100,S01,4,26.88,0.0,10.8
ORD04723,2022-09-15,C0227,P0137,S07,2,168.41,0.05,0.0
ORD04724,2022-06-29,C0251,P0008,S08,1,613.73,0.0,13.84
ORD04725,2024-05-14,C0066,P0008,S03,2,859.78,0.2,0.0
ORD04726,2023-10-12,C0800,P0034,S02,1,247.43,0.2,11.35
ORD04727,2024-06-15,C0298,P0039,S01,1,166.64,0.0,10.4
ORD04728,2022-12-20,C0126,P0018,S01,5,356.79,0.0,12.59
ORD04729,2024-06-12,C0150,P0136,S01,5,92.83,0.0,9.55
ORD04730,2023-08-25,C0082,P0019,S02,2,342.54,0.05,10.16
ORD04731,2023-12-14,C0629,P0087,S01,1,245.49,0.1,7.1
ORD04732,2024-03-11,C0772,P0017,S02,1,317.62,0.0,6.84
ORD04733,2023-04-24,C0771,P0111,S07,2,108.18,0.0,0.0
ORD04734,2024-05-30,C0662,P0083,S06,1,97.98,0.1,0.0
ORD04735,2023-03-13,C0230,P0027,S03,1,239.89,0.05,0.0
ORD04736,2024-05-27,C0464,P0083,S05,1,116.79,0.1,0.0
ORD04737,2024-12-15,C0281,P0004,S01,2,540.18,0.1,3.45
ORD04738,2023-07-24,C0314,P0126,S06,1,117.57,0.0,0.0
ORD04739,2023-04-02,C0255,P0121,S02,2,278.85,0.0,3.41
ORD04740,2024-05-23,C0160,P0093,S06,1,221.56,0.0,0.0
ORD04741,2023-10-17,C0578,P0002,S01,1,1078.34,0.25,5.3
ORD04742,2022-08-25,C0571,P0102,S03,1,199.92,0.1,0.0
ORD04743,2024-01-05,C0336,P0006,S05,2,131.12,0.0,0.0
ORD04744,2023-12-19,C0157,P0147,S02,2,132.54,0.05,11.92
ORD04745,2022-11-10,C0051,P0130,S02,1,110.78,0.2,4.07
ORD04746,2022-12-19,C0651,P0110,S01,2,33.31,0.2,5.2
ORD04747,2024-02-20,C0526,P0125,S03,4,90.09,0.0,0.0
ORD04748,2022-04-21,C0092,P0052,S05,1,289.51,0.1,0.0
ORD04749,2022-08-30,C0341,P0150,S03,4,71.3,0.0,0.0
ORD04750,2022-11-25,C0190,P0021,S01,1,415.37,0.0,10.58
ORD04751,2023-12-06,C0127,P0110,S02,2,26.37,0.1,1.51
ORD04752,2023-06-19,C0179,P0072,S02,2,69.22,0.0,0.47
ORD04753,2023-02-17,C0239,P0126,S04,3,154.2,0.0,0.0
ORD04754,2022-07-27,C0740,P0080,S01,2,29.37,0.0,1.91
ORD04755,2024-06-18,C0268,P0124,S01,2,28.98,0.05,14.4
ORD04756,2023-08-12,C0679,P0013,S01,2,889.09,0.1,12.02
ORD04757,2023-11-07,C0785,P0001,S03,1,338.37,0.2,0.0
ORD04758,2024-10-03,C0405,P0058,S01,3,54.19,0.05,3.52
ORD04759,2024-07-31,C0153,P0117,S01,2,227.35,0.0,8.28
ORD04760,2022-05-27,C0088,P0039,S01,1,213.18,0.1,3.86
ORD04761,2022-05-31,C0052,P0054,S01,1,328.06,0.0,2.55
ORD04762,2022-04-01,C0415,P0067,S08,1,58.32,0.05,0.22
ORD04763,2022-08-01,C0747,P0036,S01,1,228.72,0.0,5.0
ORD04764,2023-05-26,C0721,P0083,S07,1,94.96,0.25,0.0
ORD04765,2023-09-16,C0255,P0027,S02,5,206.1,0.3,6.53
ORD04766,2023-02-25,C0127,P0044,S01,5,245.71,0.05,10.99
ORD04767,2023-01-16,C0529,P0014,S01,5,233.77,0.1,12.5
ORD04768,2024-07-03,C0640,P0028,S01,4,415.27,0.2,9.14
ORD04769,2023-09-10,C0573,P0140,S05,3,292.03,0.05,0.0
ORD04770,2023-02-09,C0666,P0072,S02,2,56.16,0.0,7.29
ORD04771,2022-09-10,C0457,P0054,S01,1,225.56,0.0,2.13
ORD04772,2022-12-13,C0321,P0094,S01,1,133.1,0.05,1.58
ORD04773,2022-02-01,C0365,P0060,S01,4,107.72,0.05,9.91
ORD04774,2022-07-27,C0029,P0131,S04,3,157.09,0.1,0.0
ORD04775,2023-10-22,C0747,P0035,S08,1,315.36,0.05,0.78
ORD04776,2024-11-21,C0225,P0091,S02,5,48.59,0.05,12.94
ORD04777,2023-08-27,C0222,P0061,S05,1,110.18,0.0,0.0
ORD04778,2024-04-21,C0063,P0127,S03,2,246.87,0.05,0.0
ORD04779,2023-04-23,C0071,P0147,S05,2,228.87,0.3,0.0
ORD04780,2023-11-12,C0027,P0057,S03,1,31.04,0.15,0.0
ORD04781,2023-01-25,C0236,P0015,S02,2,226.71,0.3,1.25
ORD04782,2023-03-17,C0029,P0055,S02,3,138.99,0.1,6.61
ORD04783,2024-01-30,C0489,P0012,S01,1,971.05,0.0,12.24
ORD04784,2023-07-08,C0131,P0077,S01,2,289.31,0.25,5.83
ORD04785,2023-05-15,C0063,P0083,S05,4,70.07,0.2,0.0
ORD04786,2022-02-19,C0394,P0057,S06,4,36.21,0.1,0.0
ORD04787,2022-09-03,C0163,P0116,S08,2,265.51,0.0,2.98
ORD04788,2023-12-09,C0240,P0006,S01,5,155.71,0.0,11.13
ORD04789,2022-07-22,C0553,P0107,S07,4,140.88,0.15,0.0
ORD04790,2023-07-23,C0721,P0084,S02,5,23.44,0.1,4.58
ORD04791,2024-07-04,C0035,P0048,S08,1,196.12,0.25,9.95
ORD04792,2023-10-30,C0010,P0072,S03,1,57.65,0.0,0.0
ORD04793,2023-05-13,C0074,P0007,S01,1,55.23,0.1,10.97
ORD04794,2023-12-16,C0054,P0138,S02,1,169.15,0.1,2.58
ORD04795,2024-01-06,C0006,P0066,S08,1,160.25,0.2,4.35
ORD04796,2022-03-18,C0261,P0106,S06,1,81.47,0.05,0.0
ORD04797,2024-12-18,C0750,P0076,S08,3,158.8,0.0,9.82
ORD04798,2024-01-10,C0565,P0073,S03,1,6.25,0.0,0.0
ORD04799,2024-05-20,C0433,P0114,S01,5,158.36,0.05,1.9
ORD04800,2022-06-12,C0115,P0130,S01,4,188.98,0.15,13.01
ORD04801,2024-02-26,C0062,P0096,S03,1,119.46,0.1,0.0
ORD04802,2022-02-16,C0347,P0028,S08,1,579.85,0.2,9.13
ORD04803,2023-06-10,C0701,P0111,S01,4,112.38,0.05,5.6
ORD04804,2022-07-27,C0796,P0059,S06,2,20.44,0.0,0.0
ORD04805,2024-07-28,C0167,P0015,S02,5,130.74,0.0,5.94
ORD04806,2024-11-10,C0285,P0075,S02,1,262.63,0.0,8.08
ORD04807,2023-01-04,C0087,P0079,S08,2,91.64,0.0,1.8
ORD04808,2022-09-18,C0786,P0072,S02,2,69.07,0.2,9.67
ORD04809,2022-11-18,C0767,P0118,S05,5,53.21,0.0,0.0
ORD04810,2023-09-19,C0589,P0002,S04,1,1161.0,0.2,0.0
ORD04811,2022-11-13,C0574,P0075,S05,3,141.83,0.05,0.0
ORD04812,2024-09-06,C0429,P0123,S06,3,82.81,0.05,0.0
ORD04813,2023-02-26,C0330,P0012,S01,3,1166.83,0.0,4.81
ORD04814,2024-07-19,C0552,P0033,S03,1,20.13,0.05,0.0
ORD04815,2024-07-26,C0772,P0103,S01,2,95.52,0.1,12.36
ORD04816,2022-12-02,C0130,P0065,S01,2,63.07,0.1,14.15
ORD04817,2022-08-20,C0509,P0149,S06,3,23.83,0.05,0.0
ORD04818,2023-12-29,C0327,P0115,S03,1,145.85,0.0,0.0
ORD04819,2024-05-01,C0285,P0078,S05,1,29.9,0.05,0.0
ORD04820,2022-08-16,C0462,P0091,S06,1,36.26,0.25,0.0
ORD04821,2024-01-08,C0263,P0073,S03,1,6.79,0.2,0.0
ORD04822,2023-10-19,C0136,P0083,S02,5,115.67,0.0,14.44
ORD04823,2023-07-06,C0727,P0087,S04,1,160.08,0.25,0.0
ORD04824,2024-04-19,C0707,P0087,S01,1,198.97,0.15,7.21
ORD04825,2023-11-15,C0350,P0145,S08,3,78.59,0.1,5.45
ORD04826,2022-11-25,C0134,P0121,S02,2,165.83,0.15,10.28
ORD04827,2024-08-30,C0689,P0084,S02,2,22.5,0.0,2.92
ORD04828,2022-11-19,C0413,P0110,S01,1,32.64,0.05,12.04
ORD04829,2024-06-10,C0271,P0079,S02,2,104.9,0.15,4.48
ORD04830,2023-08-08,C0048,P0093,S01,1,237.23,0.2,4.32
ORD04831,2022-07-30,C0490,P0058,S02,3,50.36,0.1,10.96
ORD04832,2023-06-09,C0109,P0126,S02,1,88.7,0.3,1.42
ORD04833,2022-08-17,C0596,P0110,S01,3,18.73,0.1,2.29
ORD04834,2022-12-22,C0353,P0046,S01,1,138.82,0.0,14.94
ORD04835,2024-12-21,C0146,P0131,S01,1,105.97,0.0,2.24
ORD04836,2024-12-08,C0773,P0056,S06,1,220.14,0.15,0.0
ORD04837,2022-02-07,C0307,P0123,S01,3,120.56,0.05,7.8
ORD04838,2022-12-26,C0639,P0072,S01,2,55.97,0.0,13.1
ORD04839,2023-12-23,C0121,P0031,S03,1,163.76,0.2,0.0
ORD04840,2022-03-22,C0556,P0028,S01,1,441.76,0.1,3.11
ORD04841,2022-07-13,C0605,P0092,S01,5,189.1,0.1,4.75
ORD04842,2024-06-05,C0158,P0065,S01,4,93.6,0.0,4.34
ORD04843,2023-01-22,C0739,P0054,S02,4,268.09,0.1,0.99
ORD04844,2024-12-21,C0249,P0099,S02,1,10.31,0.0,6.11
ORD04845,2023-10-27,C0010,P0063,S06,2,302.61,0.2,0.0
ORD04846,2024-04-01,C0338,P0012,S02,1,850.25,0.05,9.96
ORD04847,2022-10-26,C0692,P0079,S05,2,89.44,0.1,0.0
ORD04848,2022-10-22,C0736,P0143,S02,2,110.53,0.1,0.88
ORD04849,2024-12-14,C0609,P0069,S01,1,23.26,0.05,2.36
ORD04850,2024-06-12,C0500,P0130,S02,1,117.81,0.05,11.41
ORD04851,2022-06-20,C0454,P0005,S02,4,108.46,0.15,8.37
ORD04852,2024-02-20,C0103,P0073,S05,1,6.69,0.0,0.0
ORD04853,2024-11-18,C0293,P0005,S01,1,156.88,0.2,8.44
ORD04854,2022-05-22,C0256,P0072,S05,1,53.99,0.0,0.0
ORD04855,2023-01-04,C0542,P0113,S08,1,231.03,0.0,11.0
ORD04856,2024-01-03,C0597,P0021,S01,1,722.12,0.0,2.89
ORD04857,2022-06-12,C0737,P0030,S01,1,39.67,0.0,13.47
ORD04858,2024-09-04,C0742,P0012,S04,1,834.33,0.1,0.0
ORD04859,2024-08-02,C0095,P0049,S08,1,163.54,0.05,5.39
ORD04860,2023-04-23,C0723,P0027,S08,5,150.67,0.2,8.84
ORD04861,2024-06-30,C0242,P0055,S06,1,175.43,0.1,0.0
ORD04862,2022-04-01,C0101,P0002,S04,4,734.13,0.1,0.0
ORD04863,2024-04-27,C0632,P0142,S07,4,73.71,0.0,0.0
ORD04864,2023-06-19,C0426,P0001,S01,2,429.61,0.0,8.86
ORD04865,2022-04-19,C0088,P0081,S08,1,183.95,0.0,8.22
ORD04866,2024-08-22,C0729,P0143,S07,5,163.1,0.0,0.0
ORD04867,2023-09-13,C0324,P0022,S05,4,166.7,0.15,0.0
ORD04868,2023-11-03,C0060,P0105,S06,1,280.31,0.05,0.0
ORD04869,2024-06-14,C0263,P0084,S08,3,18.3,0.0,10.65
ORD04870,2022-11-03,C0009,P0090,S06,1,153.01,0.0,0.0
ORD04871,2023-06-24,C0425,P0129,S05,3,5.34,0.15,0.0
ORD04872,2023-11-23,C0757,P0028,S02,1,465.66,0.05,4.99
ORD04873,2022-08-26,C0100,P0143,S02,1,160.06,0.1,3.24
ORD04874,2022-06-04,C0363,P0085,S08,1,97.86,0.0,13.7
ORD04875,2023-06-22,C0094,P0075,S08,4,241.33,0.0,13.82
ORD04876,2024-04-08,C0543,P0005,S02,2,203.45,0.2,0.16
ORD04877,2022-05-13,C0233,P0032,S02,2,57.47,0.05,6.19
ORD04878,2022-12-29,C0633,P0065,S08,1,103.3,0.0,3.78
ORD04879,2023-06-06,C0682,P0145,S02,1,111.15,0.2,9.21
ORD04880,2022-01-12,C0676,P0098,S02,1,148.31,0.0,1.28
ORD04881,2024-05-28,C0226,P0068,S02,2,183.82,0.0,11.38
ORD04882,2024-08-15,C0700,P0027,S01,1,137.73,0.2,12.25
ORD04883,2022-06-21,C0507,P0008,S02,1,571.15,0.2,9.86
ORD04884,2024-07-25,C0728,P0029,S05,4,518.39,0.0,0.0
ORD04885,2023-05-28,C0377,P0073,S02,1,7.75,0.05,10.44
ORD04886,2024-06-06,C0705,P0034,S01,2,243.8,0.15,1.62
ORD04887,2022-12-29,C0307,P0060,S03,1,70.31,0.0,0.0
ORD04888,2022-11-06,C0464,P0041,S08,2,42.02,0.1,7.81
ORD04889,2024-12-31,C0475,P0109,S08,1,80.24,0.1,7.65
ORD04890,2024-12-08,C0175,P0027,S04,1,187.63,0.1,0.0
ORD04891,2022-03-01,C0351,P0043,S05,3,14.33,0.0,0.0
ORD04892,2023-03-19,C0573,P0004,S02,1,401.31,0.05,5.03
ORD04893,2022-12-11,C0736,P0102,S01,1,238.6,0.25,13.1
ORD04894,2023-11-22,C0326,P0028,S01,1,440.0,0.0,8.82
ORD04895,2022-06-07,C0156,P0106,S08,1,91.86,0.2,6.62
ORD04896,2023-12-13,C0765,P0102,S01,3,127.6,0.0,1.12
ORD04897,2024-01-07,C0526,P0097,S02,4,152.69,0.2,14.54
ORD04898,2022-10-31,C0369,P0071,S01,2,248.4,0.25,1.06
ORD04899,2022-02-10,C0019,P0069,S03,2,21.32,0.25,0.0
ORD04900,2022-01-10,C0553,P0083,S01,1,114.93,0.3,12.62
ORD04901,2022-01-12,C0231,P0016,S05,1,195.53,0.1,0.0
ORD04902,2024-04-28,C0624,P0137,S04,5,164.33,0.05,0.0
ORD04903,2022-03-20,C0700,P0145,S01,1,59.86,0.15,12.43
ORD04904,2023-08-06,C0651,P0014,S06,1,247.3,0.1,0.0
ORD04905,2023-05-12,C0016,P0121,S01,2,196.02,0.1,10.63
ORD04906,2022-11-24,C0270,P0109,S02,5,57.06,0.0,0.6
ORD04907,2022-04-08,C0122,P0013,S07,2,642.84,0.3,0.0
ORD04908,2024-10-02,C0215,P0124,S08,2,29.05,0.0,5.07
ORD04909,2023-08-03,C0025,P0079,S02,2,100.36,0.05,7.63
ORD04910,2022-01-06,C0323,P0089,S01,1,249.78,0.1,4.06
ORD04911,2024-01-09,C0058,P0095,S01,1,155.3,0.0,9.08
ORD04912,2022-06-15,C0567,P0113,S02,2,247.9,0.3,4.48
ORD04913,2023-12-09,C0126,P0093,S01,3,268.76,0.15,11.2
ORD04914,2023-07-02,C0368,P0007,S05,3,78.61,0.0,0.0
ORD04915,2022-01-07,C0282,P0011,S05,1,28.77,0.0,0.0
ORD04916,2023-03-12,C0485,P0040,S02,2,98.65,0.15,10.44
ORD04917,2024-02-23,C0272,P0150,S02,2,68.02,0.2,6.62
ORD04918,2023-02-20,C0691,P0039,S02,3,142.73,0.1,12.38
ORD04919,2024-01-22,C0047,P0106,S02,1,57.54,0.2,13.55
ORD04920,2022-09-10,C0625,P0053,S06,2,329.78,0.0,0.0
ORD04921,2023-10-03,C0582,P0018,S01,1,491.77,0.1,11.17
ORD04922,2023-01-24,C0438,P0054,S01,2,274.91,0.0,12.05
ORD04923,2023-07-28,C0566,P0108,S05,1,207.4,0.15,0.0
ORD04924,2023-08-25,C0669,P0060,S08,1,113.99,0.05,6.94
ORD04925,2023-04-13,C0132,P0012,S01,1,1178.41,0.2,7.3
ORD04926,2023-03-07,C0709,P0057,S02,2,29.7,0.0,11.78
ORD04927,2024-03-02,C0333,P0038,S01,2,39.68,0.1,8.32
ORD04928,2024-10-12,C0025,P0002,S05,1,720.89,0.2,0.0
ORD04929,2024-05-28,C0042,P0120,S06,2,153.15,0.0,0.0
ORD04930,2022-11-25,C0752,P0123,S02,1,122.47,0.05,11.29
ORD04931,2024-01-01,C0199,P0125,S02,3,83.0,0.15,0.49
ORD04932,2022-10-29,C0578,P0012,S02,1,903.0,0.15,9.7
ORD04933,2022-12-14,C0052,P0128,S03,1,297.41,0.0,0.0
ORD04934,2024-03-22,C0577,P0001,S02,2,258.78,0.15,12.79
ORD04935,2024-04-06,C0518,P0045,S03,1,80.36,0.05,0.0
ORD04936,2024-03-04,C0794,P0097,S07,1,122.7,0.15,0.0
ORD04937,2024-12-08,C0499,P0041,S03,1,35.19,0.2,0.0
ORD04938,2024-01-27,C0387,P0069,S01,4,22.87,0.05,7.96
ORD04939,2022-06-03,C0161,P0035,S03,1,197.43,0.1,0.0
ORD04940,2024-06-25,C0043,P0032,S03,2,41.83,0.0,0.0
ORD04941,2022-01-09,C0743,P0089,S01,4,303.56,0.3,1.99
ORD04942,2024-12-29,C0427,P0066,S08,1,130.8,0.0,6.8
ORD04943,2022-10-05,C0103,P0047,S01,2,93.76,0.05,11.45
ORD04944,2022-03-02,C0766,P0109,S05,1,67.28,0.0,0.0
ORD04945,2023-09-14,C0544,P0007,S02,2,75.86,0.2,9.28
ORD04946,2023-03-10,C0658,P0045,S05,2,58.92,0.2,0.0
ORD04947,2024-06-17,C0753,P0108,S07,2,169.69,0.05,0.0
ORD04948,2022-06-14,C0499,P0082,S02,2,172.63,0.0,5.95
ORD04949,2024-06-19,C0291,P0020,S06,5,327.0,0.0,0.0
ORD04950,2023-07-08,C0740,P0071,S01,1,232.68,0.0,5.82
ORD04951,2022-11-22,C0361,P0010,S03,2,535.0,0.05,0.0
ORD04952,2022-10-04,C0015,P0080,S08,1,31.49,0.0,8.63
ORD04953,2024-04-01,C0783,P0004,S01,1,544.86,0.0,7.72
ORD04954,2024-03-01,C0524,P0125,S04,3,54.94,0.0,0.0
ORD04955,2022-09-14,C0680,P0088,S07,1,202.68,0.0,0.0
ORD04956,2024-05-14,C0625,P0045,S01,2,95.34,0.3,3.87
ORD04957,2022-11-28,C0484,P0108,S03,1,215.57,0.1,0.0
ORD04958,2022-07-22,C0107,P0067,S01,1,58.6,0.15,5.0
ORD04959,2024-12-12,C0631,P0061,S01,1,121.13,0.05,1.35
ORD04960,2024-12-10,C0367,P0040,S03,1,137.24,0.1,0.0
ORD04961,2024-05-12,C0442,P0106,S08,1,55.81,0.0,14.39
ORD04962,2024-02-03,C0054,P0142,S03,1,86.37,0.05,0.0
ORD04963,2022-11-26,C0238,P0124,S03,1,43.07,0.0,0.0
ORD04964,2022-11-01,C0293,P0106,S07,2,85.05,0.0,0.0
ORD04965,2024-06-07,C0581,P0010,S08,1,713.73,0.0,6.75
ORD04966,2022-08-06,C0682,P0092,S03,1,251.3,0.0,0.0
ORD04967,2023-05-25,C0486,P0025,S07,3,564.92,0.2,0.0
ORD04968,2022-11-17,C0663,P0002,S01,3,903.09,0.0,13.97
ORD04969,2024-11-03,C0703,P0118,S08,1,60.86,0.05,8.08
ORD04970,2023-02-11,C0407,P0106,S02,3,73.17,0.0,3.14
ORD04971,2022-08-06,C0061,P0115,S03,2,125.37,0.05,0.0
ORD04972,2024-10-10,C0001,P0065,S03,1,70.43,0.3,0.0
ORD04973,2024-04-13,C0470,P0038,S08,4,33.19,0.0,5.7
ORD04974,2024-04-27,C0690,P0111,S04,1,83.8,0.2,0.0
ORD04975,2023-01-30,C0689,P0126,S06,1,162.92,0.3,0.0
ORD04976,2022-01-31,C0718,P0096,S03,1,130.04,0.15,0.0
ORD04977,2024-10-17,C0506,P0144,S08,2,87.03,0.15,2.0
ORD04978,2022-05-02,C0690,P0018,S01,1,359.41,0.3,11.63
ORD04979,2024-12-20,C0782,P0043,S01,3,16.0,0.0,11.41
ORD04980,2024-10-10,C0302,P0072,S03,1,47.67,0.0,0.0
ORD04981,2022-10-25,C0354,P0080,S04,2,39.78,0.25,0.0
ORD04982,2022-04-21,C0466,P0121,S01,2,195.24,0.15,3.42
ORD04983,2024-09-11,C0217,P0131,S04,1,84.56,0.1,0.0
ORD04984,2022-01-21,C0023,P0020,S01,2,217.24,0.1,4.64
ORD04985,2024-11-06,C0254,P0146,S01,2,12.13,0.0,14.79
ORD04986,2022-09-21,C0365,P0109,S02,5,61.19,0.05,1.95
ORD04987,2023-01-04,C0002,P0019,S01,1,336.73,0.1,8.82
ORD04988,2022-07-01,C0762,P0136,S01,1,69.54,0.3,12.94
ORD04989,2024-02-15,C0667,P0030,S01,3,68.68,0.0,3.7
ORD04990,2023-06-28,C0709,P0120,S01,3,151.4,0.05,0.33
ORD04991,2023-03-20,C0606,P0062,S01,2,88.73,0.0,6.21
ORD04992,2024-07-10,C0334,P0069,S03,2,22.67,0.0,0.0
ORD04993,2022-09-10,C0076,P0042,S03,3,117.34,0.0,0.0
ORD04994,2024-11-12,C0269,P0066,S05,5,172.58,0.05,0.0
ORD04995,2024-07-22,C0379,P0015,S07,1,170.95,0.1,0.0
ORD04996,2022-09-24,C0190,P0056,S02,1,209.94,0.0,10.34
ORD04997,2023-02-19,C0464,P0086,S01,5,100.49,0.05,12.88
ORD04998,2024-12-11,C0042,P0126,S02,2,94.79,0.15,11.78
ORD04999,2023-05-10,C0511,P0133,S02,1,43.47,0.15,1.73
ORD05000,2023-01-26,C0200,P0112,S02,3,56.97,0.2,6.62
