UsageID,UsageDate,RepID,Drug,TherapyArea,Topic,QueryType,AnswerQuality,TimeToAnswerSec,TimeSavedMinutes,UsedInHCPInteraction,UserSatisfaction,HCPID
MSL-000001,2025-07-01,REP-002,CardioPlus-25mg,Oncology,Patient Selection Criteria,Pre-Meeting Prep,Partially Answered,23.5,15.8,1,2,HCP-0357
MSL-000002,2025-07-01,REP-002,DrugBeta-50mg,Oncology,Long-term Outcomes,Pre-Meeting Prep,Fully Answered,2.2,8.5,1,4,HCP-0155
MSL-000003,2025-07-01,REP-002,NeuroX-75mg,Oncology,Subgroup Analysis,Post-Call Follow-up,Fully Answered,12.3,9.8,0,5,
MSL-000004,2025-07-01,REP-004,DrugBeta-50mg,Cardiology,Drug Interactions,Pre-Meeting Prep,Partially Answered,16.3,12.8,0,2,
MSL-000005,2025-07-01,REP-004,DrugGamma-200mg,Cardiology,Dosing Guidelines,Live During HCP Call,Partially Answered,7.3,16.1,1,3,HCP-0387
MSL-000006,2025-07-01,REP-004,CardioPlus-25mg,Cardiology,Adverse Events / Safety,Post-Call Follow-up,Fully Answered,8.6,13.7,0,5,
MSL-000007,2025-07-01,REP-004,NeuroX-75mg,Cardiology,Adverse Events / Safety,Pre-Meeting Prep,Partially Answered,14.6,24.6,1,3,HCP-0270
MSL-000008,2025-07-01,REP-008,DrugGamma-200mg,Immunology,Drug Interactions,Pre-Meeting Prep,No Answer Found,16.5,0,0,3,
MSL-000009,2025-07-01,REP-008,DrugAlpha-100mg,Immunology,Dosing Guidelines,Post-Call Follow-up,Fully Answered,4.7,12.9,0,4,
MSL-000010,2025-07-01,REP-008,DrugAlpha-100mg,Immunology,Biomarker Data,Live During HCP Call,Fully Answered,4.0,2,0,5,
MSL-000011,2025-07-01,REP-008,DrugGamma-200mg,Immunology,Pharmacokinetics,Pre-Meeting Prep,Fully Answered,10.0,11.9,0,5,
MSL-000012,2025-07-01,REP-009,DrugGamma-200mg,Cardiology,Adverse Events / Safety,Pre-Meeting Prep,Redirected to Medical,34.9,0,0,3,
MSL-000013,2025-07-01,REP-009,CardioPlus-25mg,Cardiology,Pharmacokinetics,Live During HCP Call,Fully Answered,5.6,6.2,1,4,HCP-0288
MSL-000014,2025-07-01,REP-009,DrugAlpha-100mg,Cardiology,Pharmacokinetics,Live During HCP Call,Fully Answered,9.6,17.7,1,5,HCP-0041
MSL-000015,2025-07-01,REP-009,CardioPlus-25mg,Cardiology,Guidelines / Protocols,Post-Call Follow-up,Partially Answered,17.3,13.9,0,3,
MSL-000016,2025-07-01,REP-009,DrugBeta-50mg,Cardiology,Competitor Comparison,Self-Study,Fully Answered,6.0,16.9,0,4,
MSL-000017,2025-07-01,REP-009,DrugAlpha-100mg,Cardiology,Long-term Outcomes,Self-Study,Fully Answered,10.8,14.6,0,5,
MSL-000018,2025-07-01,REP-009,CardioPlus-25mg,Cardiology,Real-World Evidence,Self-Study,Redirected to Medical,24.1,0,0,3,
MSL-000019,2025-07-01,REP-010,DrugGamma-200mg,Immunology,Biomarker Data,Live During HCP Call,Fully Answered,13.5,11.4,0,5,
MSL-000020,2025-07-01,REP-010,CardioPlus-25mg,Immunology,Off-label Evidence Request,Self-Study,Partially Answered,13.5,12.9,0,3,
MSL-000021,2025-07-01,REP-010,CardioPlus-25mg,Immunology,Subgroup Analysis,Post-Call Follow-up,Fully Answered,2.4,18.5,0,5,
MSL-000022,2025-07-01,REP-015,DrugGamma-200mg,Oncology,Drug Interactions,Pre-Meeting Prep,Redirected to Medical,17.5,0,0,1,
MSL-000023,2025-07-01,REP-015,DrugGamma-200mg,Oncology,Adverse Events / Safety,Live During HCP Call,Fully Answered,13.3,13.9,0,5,
MSL-000024,2025-07-01,REP-017,DrugAlpha-100mg,Immunology,Guidelines / Protocols,Pre-Meeting Prep,Redirected to Medical,25.0,0,0,2,
MSL-000025,2025-07-01,REP-017,DrugAlpha-100mg,Immunology,Guidelines / Protocols,Pre-Meeting Prep,Redirected to Medical,16.2,0,0,1,
MSL-000026,2025-07-01,REP-017,NeuroX-75mg,Immunology,Clinical Trial Data,Live During HCP Call,Fully Answered,7.3,15.9,1,5,HCP-0325
MSL-000027,2025-07-01,REP-017,CardioPlus-25mg,Immunology,Pharmacokinetics,Live During HCP Call,No Answer Found,37.3,0,0,2,
MSL-000028,2025-07-01,REP-017,CardioPlus-25mg,Immunology,Biomarker Data,Post-Call Follow-up,Partially Answered,8.8,12.3,0,4,
MSL-000029,2025-07-01,REP-017,NeuroX-75mg,Immunology,Guidelines / Protocols,Live During HCP Call,Partially Answered,20.0,15.5,0,4,
MSL-000030,2025-07-01,REP-021,NeuroX-75mg,Rare Disease,Guidelines / Protocols,Post-Call Follow-up,Fully Answered,7.4,4.6,0,5,
MSL-000031,2025-07-01,REP-021,NeuroX-75mg,Rare Disease,Adverse Events / Safety,Post-Call Follow-up,No Answer Found,27.8,0,0,3,
MSL-000032,2025-07-01,REP-021,CardioPlus-25mg,Rare Disease,Off-label Evidence Request,Pre-Meeting Prep,Fully Answered,6.5,15.6,0,5,
MSL-000033,2025-07-01,REP-021,DrugGamma-200mg,Rare Disease,Patient Selection Criteria,Self-Study,Fully Answered,15.8,12.4,0,5,
MSL-000034,2025-07-01,REP-021,NeuroX-75mg,Rare Disease,Real-World Evidence,Pre-Meeting Prep,Fully Answered,8.8,15.5,1,4,HCP-0306
MSL-000035,2025-07-02,REP-002,CardioPlus-25mg,Oncology,Off-label Evidence Request,Pre-Meeting Prep,Fully Answered,6.8,18.0,1,5,HCP-0191
MSL-000036,2025-07-02,REP-002,DrugAlpha-100mg,Oncology,Combination Therapy,Self-Study,Fully Answered,8.2,14.2,0,4,
MSL-000037,2025-07-02,REP-002,DrugBeta-50mg,Oncology,Subgroup Analysis,Live During HCP Call,Redirected to Medical,26.4,0,0,1,
MSL-000038,2025-07-02,REP-004,DrugBeta-50mg,Cardiology,Drug Interactions,Live During HCP Call,Partially Answered,16.2,15.4,1,4,HCP-0305
MSL-000039,2025-07-02,REP-004,DrugGamma-200mg,Cardiology,Drug Interactions,Self-Study,Partially Answered,15.4,4.1,0,4,
MSL-000040,2025-07-02,REP-004,DrugBeta-50mg,Cardiology,Clinical Trial Data,Pre-Meeting Prep,Fully Answered,7.8,15.7,0,5,
MSL-000041,2025-07-02,REP-004,DrugAlpha-100mg,Cardiology,Off-label Evidence Request,Self-Study,Redirected to Medical,27.0,0,0,2,
MSL-000042,2025-07-02,REP-004,DrugBeta-50mg,Cardiology,Adverse Events / Safety,Post-Call Follow-up,Fully Answered,10.8,15.7,0,5,
MSL-000043,2025-07-02,REP-004,DrugAlpha-100mg,Cardiology,Subgroup Analysis,Live During HCP Call,Fully Answered,5.1,15.7,1,4,HCP-0376
MSL-000044,2025-07-02,REP-008,DrugBeta-50mg,Immunology,Real-World Evidence,Pre-Meeting Prep,No Answer Found,29.8,0,0,2,
MSL-000045,2025-07-02,REP-008,DrugAlpha-100mg,Immunology,Patient Selection Criteria,Self-Study,Fully Answered,1,3.1,0,5,
MSL-000046,2025-07-02,REP-009,CardioPlus-25mg,Cardiology,Clinical Trial Data,Pre-Meeting Prep,Fully Answered,9.6,16.3,1,5,HCP-0036
MSL-000047,2025-07-02,REP-009,CardioPlus-25mg,Cardiology,Off-label Evidence Request,Pre-Meeting Prep,Fully Answered,10.7,12.8,1,5,HCP-0466
MSL-000048,2025-07-02,REP-009,CardioPlus-25mg,Cardiology,Pharmacokinetics,Self-Study,Fully Answered,4.2,18.1,0,5,
MSL-000049,2025-07-02,REP-010,NeuroX-75mg,Immunology,Biomarker Data,Post-Call Follow-up,Fully Answered,9.4,3.6,0,5,
MSL-000050,2025-07-02,REP-010,NeuroX-75mg,Immunology,Drug Interactions,Post-Call Follow-up,Redirected to Medical,22.9,0,0,3,
MSL-000051,2025-07-02,REP-015,NeuroX-75mg,Oncology,Pharmacokinetics,Live During HCP Call,Partially Answered,14.7,14.8,1,3,HCP-0467
MSL-000052,2025-07-02,REP-015,NeuroX-75mg,Oncology,Off-label Evidence Request,Live During HCP Call,Fully Answered,11.2,15.0,1,4,HCP-0424
MSL-000053,2025-07-02,REP-015,DrugGamma-200mg,Oncology,Combination Therapy,Self-Study,Fully Answered,8.5,11.5,0,5,
MSL-000054,2025-07-02,REP-016,DrugAlpha-100mg,Neurology,Dosing Guidelines,Live During HCP Call,Fully Answered,9.8,14.4,0,5,
MSL-000055,2025-07-02,REP-016,NeuroX-75mg,Neurology,Mechanism of Action,Pre-Meeting Prep,Fully Answered,10.9,10.8,0,5,
MSL-000056,2025-07-02,REP-016,CardioPlus-25mg,Neurology,Patient Selection Criteria,Self-Study,Fully Answered,7.4,10.8,0,5,
MSL-000057,2025-07-02,REP-017,DrugGamma-200mg,Immunology,Biomarker Data,Self-Study,Partially Answered,15.8,12.5,0,2,
MSL-000058,2025-07-02,REP-021,DrugBeta-50mg,Rare Disease,Clinical Trial Data,Live During HCP Call,Redirected to Medical,23.0,0,0,1,
MSL-000059,2025-07-02,REP-021,NeuroX-75mg,Rare Disease,Real-World Evidence,Self-Study,Fully Answered,6.6,9.3,0,5,
MSL-000060,2025-07-02,REP-021,DrugBeta-50mg,Rare Disease,Off-label Evidence Request,Live During HCP Call,Fully Answered,9.3,12.5,0,5,
MSL-000061,2025-07-03,REP-002,DrugBeta-50mg,Oncology,Real-World Evidence,Self-Study,Fully Answered,7.0,19.9,0,5,
MSL-000062,2025-07-03,REP-002,DrugBeta-50mg,Oncology,Clinical Trial Data,Post-Call Follow-up,Fully Answered,3.4,14.1,0,5,
MSL-000063,2025-07-03,REP-002,DrugGamma-200mg,Oncology,Off-label Evidence Request,Post-Call Follow-up,No Answer Found,13.8,0,0,3,
MSL-000064,2025-07-03,REP-002,DrugBeta-50mg,Oncology,Subgroup Analysis,Self-Study,No Answer Found,20.5,0,0,1,
MSL-000065,2025-07-03,REP-004,CardioPlus-25mg,Cardiology,Off-label Evidence Request,Live During HCP Call,Partially Answered,24.5,8.9,1,3,HCP-0224
MSL-000066,2025-07-03,REP-004,DrugAlpha-100mg,Cardiology,Mechanism of Action,Live During HCP Call,Fully Answered,3.6,20.6,1,5,HCP-0090
MSL-000067,2025-07-03,REP-004,DrugGamma-200mg,Cardiology,Mechanism of Action,Pre-Meeting Prep,Fully Answered,8.5,17.5,1,4,HCP-0125
MSL-000068,2025-07-03,REP-004,DrugGamma-200mg,Cardiology,Adverse Events / Safety,Self-Study,Fully Answered,8.3,11.1,0,4,
MSL-000069,2025-07-03,REP-008,DrugBeta-50mg,Immunology,Drug Interactions,Post-Call Follow-up,Fully Answered,7.3,12.9,0,5,
MSL-000070,2025-07-03,REP-008,DrugBeta-50mg,Immunology,Off-label Evidence Request,Post-Call Follow-up,Fully Answered,6.1,2.8,0,4,
MSL-000071,2025-07-03,REP-008,DrugBeta-50mg,Immunology,Mechanism of Action,Post-Call Follow-up,Fully Answered,14.4,22.5,0,4,
MSL-000072,2025-07-03,REP-008,DrugGamma-200mg,Immunology,Subgroup Analysis,Pre-Meeting Prep,Fully Answered,8.2,10.1,0,5,
MSL-000073,2025-07-03,REP-009,DrugBeta-50mg,Cardiology,Patient Selection Criteria,Live During HCP Call,Fully Answered,10.5,8.1,1,5,HCP-0277
MSL-000074,2025-07-03,REP-010,NeuroX-75mg,Immunology,Biomarker Data,Live During HCP Call,Fully Answered,9.0,9.1,1,5,HCP-0241
MSL-000075,2025-07-03,REP-010,CardioPlus-25mg,Immunology,Competitor Comparison,Self-Study,Fully Answered,5.6,18.4,0,5,
MSL-000076,2025-07-03,REP-010,CardioPlus-25mg,Immunology,Drug Interactions,Pre-Meeting Prep,Fully Answered,10.3,16.1,1,4,HCP-0463
MSL-000077,2025-07-03,REP-015,DrugGamma-200mg,Oncology,Competitor Comparison,Post-Call Follow-up,Fully Answered,4.2,12.0,0,5,
MSL-000078,2025-07-03,REP-015,NeuroX-75mg,Oncology,Drug Interactions,Live During HCP Call,Redirected to Medical,28.1,0,0,1,
MSL-000079,2025-07-03,REP-015,DrugBeta-50mg,Oncology,Long-term Outcomes,Live During HCP Call,Fully Answered,13.5,20.2,1,5,HCP-0490
MSL-000080,2025-07-03,REP-016,NeuroX-75mg,Neurology,Mechanism of Action,Self-Study,Fully Answered,11.8,19.0,0,4,
MSL-000081,2025-07-03,REP-016,DrugGamma-200mg,Neurology,Dosing Guidelines,Pre-Meeting Prep,No Answer Found,34.0,0,0,2,
MSL-000082,2025-07-03,REP-016,DrugAlpha-100mg,Neurology,Pharmacokinetics,Pre-Meeting Prep,Fully Answered,1,10.2,1,5,HCP-0140
MSL-000083,2025-07-03,REP-016,DrugGamma-200mg,Neurology,Mechanism of Action,Self-Study,Fully Answered,6.9,15.6,0,5,
MSL-000084,2025-07-03,REP-016,DrugGamma-200mg,Neurology,Patient Selection Criteria,Post-Call Follow-up,Fully Answered,1,8.8,0,5,
MSL-000085,2025-07-03,REP-016,DrugAlpha-100mg,Neurology,Pharmacokinetics,Self-Study,Fully Answered,8.2,14.9,0,5,
MSL-000086,2025-07-03,REP-016,DrugAlpha-100mg,Neurology,Subgroup Analysis,Pre-Meeting Prep,Partially Answered,11.9,25.2,0,2,
MSL-000087,2025-07-03,REP-017,NeuroX-75mg,Immunology,Long-term Outcomes,Post-Call Follow-up,Fully Answered,4.4,15.3,0,5,
MSL-000088,2025-07-03,REP-017,DrugAlpha-100mg,Immunology,Off-label Evidence Request,Live During HCP Call,Fully Answered,6.7,5.5,1,5,HCP-0072
MSL-000089,2025-07-03,REP-021,DrugAlpha-100mg,Rare Disease,Adverse Events / Safety,Pre-Meeting Prep,Fully Answered,9.5,5.4,1,5,HCP-0019
MSL-000090,2025-07-03,REP-021,DrugAlpha-100mg,Rare Disease,Combination Therapy,Live During HCP Call,Fully Answered,7.2,15.3,0,5,
MSL-000091,2025-07-03,REP-021,DrugBeta-50mg,Rare Disease,Biomarker Data,Pre-Meeting Prep,Fully Answered,8.1,7.2,0,5,
MSL-000092,2025-07-04,REP-002,NeuroX-75mg,Oncology,Real-World Evidence,Pre-Meeting Prep,Fully Answered,10.3,13.0,1,4,HCP-0269
MSL-000093,2025-07-04,REP-002,DrugGamma-200mg,Oncology,Biomarker Data,Self-Study,No Answer Found,13.9,0,0,1,
MSL-000094,2025-07-04,REP-002,DrugBeta-50mg,Oncology,Mechanism of Action,Pre-Meeting Prep,Fully Answered,7.0,14.6,1,5,HCP-0088
MSL-000095,2025-07-04,REP-002,DrugAlpha-100mg,Oncology,Pharmacokinetics,Post-Call Follow-up,Fully Answered,12.0,16.6,0,4,
MSL-000096,2025-07-04,REP-002,DrugBeta-50mg,Oncology,Biomarker Data,Pre-Meeting Prep,Fully Answered,9.3,2.1,0,4,
MSL-000097,2025-07-04,REP-002,NeuroX-75mg,Oncology,Biomarker Data,Pre-Meeting Prep,Fully Answered,1.8,11.6,1,4,HCP-0327
MSL-000098,2025-07-04,REP-004,CardioPlus-25mg,Cardiology,Subgroup Analysis,Pre-Meeting Prep,Redirected to Medical,29.0,0,0,2,
MSL-000099,2025-07-04,REP-004,DrugAlpha-100mg,Cardiology,Guidelines / Protocols,Pre-Meeting Prep,Partially Answered,8.9,20.5,1,4,HCP-0120
MSL-000100,2025-07-04,REP-004,NeuroX-75mg,Cardiology,Adverse Events / Safety,Pre-Meeting Prep,Fully Answered,9.6,4.5,1,5,HCP-0046
MSL-000101,2025-07-04,REP-008,DrugAlpha-100mg,Immunology,Patient Selection Criteria,Pre-Meeting Prep,Fully Answered,7.1,11.2,1,5,HCP-0454
MSL-000102,2025-07-04,REP-008,CardioPlus-25mg,Immunology,Competitor Comparison,Self-Study,No Answer Found,29.9,0,0,1,
MSL-000103,2025-07-04,REP-008,DrugAlpha-100mg,Immunology,Pharmacokinetics,Post-Call Follow-up,Fully Answered,7.5,3.1,0,5,
MSL-000104,2025-07-04,REP-008,DrugBeta-50mg,Immunology,Off-label Evidence Request,Post-Call Follow-up,Fully Answered,11.3,3.8,0,5,
MSL-000105,2025-07-04,REP-008,DrugAlpha-100mg,Immunology,Competitor Comparison,Live During HCP Call,Fully Answered,2.0,20.7,1,5,HCP-0327
MSL-000106,2025-07-04,REP-009,DrugGamma-200mg,Cardiology,Drug Interactions,Live During HCP Call,Partially Answered,18.8,18.6,0,4,
MSL-000107,2025-07-04,REP-015,CardioPlus-25mg,Oncology,Subgroup Analysis,Live During HCP Call,Fully Answered,8.4,9.7,0,5,
MSL-000108,2025-07-04,REP-015,DrugGamma-200mg,Oncology,Clinical Trial Data,Post-Call Follow-up,Fully Answered,4.5,14.7,0,5,
MSL-000109,2025-07-04,REP-015,DrugGamma-200mg,Oncology,Long-term Outcomes,Pre-Meeting Prep,Partially Answered,17.3,18.4,1,3,HCP-0448
MSL-000110,2025-07-04,REP-016,NeuroX-75mg,Neurology,Drug Interactions,Pre-Meeting Prep,Fully Answered,9.9,14.6,0,5,
MSL-000111,2025-07-04,REP-016,DrugGamma-200mg,Neurology,Biomarker Data,Live During HCP Call,Redirected to Medical,18.9,0,0,3,
MSL-000112,2025-07-04,REP-016,DrugAlpha-100mg,Neurology,Drug Interactions,Post-Call Follow-up,No Answer Found,42.7,0,0,1,
MSL-000113,2025-07-04,REP-016,NeuroX-75mg,Neurology,Real-World Evidence,Self-Study,Redirected to Medical,26.2,0,0,3,
MSL-000114,2025-07-04,REP-017,NeuroX-75mg,Immunology,Dosing Guidelines,Post-Call Follow-up,Fully Answered,4.7,5.7,0,5,
MSL-000115,2025-07-04,REP-017,CardioPlus-25mg,Immunology,Biomarker Data,Self-Study,Partially Answered,19.5,12.5,0,3,
MSL-000116,2025-07-04,REP-017,DrugAlpha-100mg,Immunology,Combination Therapy,Pre-Meeting Prep,Partially Answered,12.5,7.8,1,4,HCP-0320
MSL-000117,2025-07-04,REP-017,DrugAlpha-100mg,Immunology,Subgroup Analysis,Pre-Meeting Prep,Partially Answered,16.8,13.1,1,3,HCP-0118
MSL-000118,2025-07-04,REP-021,DrugGamma-200mg,Rare Disease,Patient Selection Criteria,Post-Call Follow-up,Redirected to Medical,32.5,0,0,2,
MSL-000119,2025-07-04,REP-021,NeuroX-75mg,Rare Disease,Drug Interactions,Pre-Meeting Prep,Fully Answered,19.7,9.6,1,5,HCP-0040
MSL-000120,2025-07-04,REP-021,DrugAlpha-100mg,Rare Disease,Drug Interactions,Self-Study,Fully Answered,12.0,18.0,0,4,
MSL-000121,2025-07-07,REP-002,NeuroX-75mg,Oncology,Adverse Events / Safety,Pre-Meeting Prep,Fully Answered,6.4,13.0,1,5,HCP-0485
MSL-000122,2025-07-07,REP-002,CardioPlus-25mg,Oncology,Subgroup Analysis,Post-Call Follow-up,Fully Answered,9.4,11.2,0,5,
MSL-000123,2025-07-07,REP-004,NeuroX-75mg,Cardiology,Adverse Events / Safety,Self-Study,Fully Answered,9.7,7.5,0,5,
MSL-000124,2025-07-07,REP-004,NeuroX-75mg,Cardiology,Guidelines / Protocols,Live During HCP Call,Fully Answered,5.7,12.4,1,5,HCP-0197
MSL-000125,2025-07-07,REP-004,DrugAlpha-100mg,Cardiology,Real-World Evidence,Pre-Meeting Prep,Fully Answered,9.0,10.9,1,4,HCP-0430
MSL-000126,2025-07-07,REP-004,DrugBeta-50mg,Cardiology,Mechanism of Action,Live During HCP Call,Partially Answered,12.0,7.0,1,4,HCP-0315
MSL-000127,2025-07-07,REP-008,NeuroX-75mg,Immunology,Adverse Events / Safety,Self-Study,Partially Answered,11.0,5.8,0,3,
MSL-000128,2025-07-07,REP-009,CardioPlus-25mg,Cardiology,Subgroup Analysis,Pre-Meeting Prep,Fully Answered,9.1,19.9,0,5,
MSL-000129,2025-07-07,REP-009,DrugBeta-50mg,Cardiology,Drug Interactions,Self-Study,Fully Answered,8.9,13.7,0,4,
MSL-000130,2025-07-07,REP-009,CardioPlus-25mg,Cardiology,Adverse Events / Safety,Post-Call Follow-up,Fully Answered,9.2,20.1,0,4,
MSL-000131,2025-07-07,REP-010,NeuroX-75mg,Immunology,Competitor Comparison,Live During HCP Call,Fully Answered,4.3,9.8,1,4,HCP-0225
MSL-000132,2025-07-07,REP-010,DrugAlpha-100mg,Immunology,Adverse Events / Safety,Self-Study,Fully Answered,8.2,18.9,0,5,
MSL-000133,2025-07-07,REP-010,NeuroX-75mg,Immunology,Off-label Evidence Request,Live During HCP Call,No Answer Found,24.9,0,0,2,
MSL-000134,2025-07-07,REP-016,DrugGamma-200mg,Neurology,Off-label Evidence Request,Pre-Meeting Prep,Fully Answered,7.6,7.1,1,5,HCP-0254
MSL-000135,2025-07-07,REP-016,DrugAlpha-100mg,Neurology,Real-World Evidence,Pre-Meeting Prep,Partially Answered,14.4,11.6,1,3,HCP-0144
MSL-000136,2025-07-07,REP-016,NeuroX-75mg,Neurology,Pharmacokinetics,Live During HCP Call,Fully Answered,10.3,2,1,5,HCP-0149
MSL-000137,2025-07-07,REP-017,NeuroX-75mg,Immunology,Subgroup Analysis,Live During HCP Call,Redirected to Medical,24.7,0,0,1,
MSL-000138,2025-07-07,REP-017,DrugGamma-200mg,Immunology,Adverse Events / Safety,Live During HCP Call,Fully Answered,9.5,22.5,1,5,HCP-0412
MSL-000139,2025-07-07,REP-017,DrugGamma-200mg,Immunology,Subgroup Analysis,Post-Call Follow-up,Fully Answered,7.2,12.9,0,4,
MSL-000140,2025-07-07,REP-021,DrugGamma-200mg,Rare Disease,Biomarker Data,Self-Study,Fully Answered,6.6,14.9,0,5,
MSL-000141,2025-07-07,REP-021,NeuroX-75mg,Rare Disease,Off-label Evidence Request,Pre-Meeting Prep,Fully Answered,9.3,8.6,1,5,HCP-0408
MSL-000142,2025-07-07,REP-021,DrugBeta-50mg,Rare Disease,Pharmacokinetics,Pre-Meeting Prep,Fully Answered,2.6,9.9,1,5,HCP-0198
MSL-000143,2025-07-07,REP-021,DrugGamma-200mg,Rare Disease,Pharmacokinetics,Pre-Meeting Prep,Partially Answered,20.5,5.7,1,4,HCP-0278
MSL-000144,2025-07-07,REP-021,DrugAlpha-100mg,Rare Disease,Competitor Comparison,Post-Call Follow-up,Fully Answered,10.2,15.9,0,5,
MSL-000145,2025-07-07,REP-021,NeuroX-75mg,Rare Disease,Competitor Comparison,Post-Call Follow-up,Fully Answered,7.9,15.2,0,5,
MSL-000146,2025-07-08,REP-002,DrugGamma-200mg,Oncology,Biomarker Data,Post-Call Follow-up,No Answer Found,31.2,0,0,2,
MSL-000147,2025-07-08,REP-002,NeuroX-75mg,Oncology,Pharmacokinetics,Pre-Meeting Prep,Fully Answered,1,12.0,1,4,HCP-0397
MSL-000148,2025-07-08,REP-002,NeuroX-75mg,Oncology,Real-World Evidence,Live During HCP Call,Fully Answered,6.1,5.0,1,4,HCP-0426
MSL-000149,2025-07-08,REP-002,DrugAlpha-100mg,Oncology,Drug Interactions,Post-Call Follow-up,Fully Answered,1.8,11.5,0,5,
MSL-000150,2025-07-08,REP-002,CardioPlus-25mg,Oncology,Subgroup Analysis,Live During HCP Call,Redirected to Medical,29.8,0,0,1,
MSL-000151,2025-07-08,REP-004,DrugAlpha-100mg,Cardiology,Clinical Trial Data,Pre-Meeting Prep,Fully Answered,11.3,3.3,1,5,HCP-0181
MSL-000152,2025-07-08,REP-004,DrugAlpha-100mg,Cardiology,Off-label Evidence Request,Live During HCP Call,Fully Answered,1,22.0,1,4,HCP-0139
MSL-000153,2025-07-08,REP-004,DrugGamma-200mg,Cardiology,Clinical Trial Data,Live During HCP Call,No Answer Found,26.0,0,0,2,
MSL-000154,2025-07-08,REP-008,DrugBeta-50mg,Immunology,Dosing Guidelines,Self-Study,Fully Answered,7.2,13.5,0,4,
MSL-000155,2025-07-08,REP-008,DrugAlpha-100mg,Immunology,Clinical Trial Data,Live During HCP Call,Fully Answered,13.7,15.8,1,5,HCP-0041
MSL-000156,2025-07-08,REP-008,DrugAlpha-100mg,Immunology,Mechanism of Action,Post-Call Follow-up,Redirected to Medical,24.9,0,0,2,
MSL-000157,2025-07-08,REP-008,DrugAlpha-100mg,Immunology,Clinical Trial Data,Pre-Meeting Prep,Fully Answered,1.4,21.8,0,5,
MSL-000158,2025-07-08,REP-009,DrugAlpha-100mg,Cardiology,Pharmacokinetics,Live During HCP Call,Fully Answered,3.7,14.0,0,4,
MSL-000159,2025-07-08,REP-009,DrugAlpha-100mg,Cardiology,Clinical Trial Data,Post-Call Follow-up,Fully Answered,10.5,11.7,0,5,
MSL-000160,2025-07-08,REP-009,NeuroX-75mg,Cardiology,Pharmacokinetics,Pre-Meeting Prep,Redirected to Medical,28.8,0,0,2,
MSL-000161,2025-07-08,REP-009,CardioPlus-25mg,Cardiology,Real-World Evidence,Post-Call Follow-up,Partially Answered,17.2,14.7,0,4,
MSL-000162,2025-07-08,REP-015,DrugGamma-200mg,Oncology,Patient Selection Criteria,Pre-Meeting Prep,Fully Answered,8.6,10.1,1,5,HCP-0069
MSL-000163,2025-07-08,REP-015,DrugBeta-50mg,Oncology,Mechanism of Action,Post-Call Follow-up,Fully Answered,7.3,9.6,0,4,
MSL-000164,2025-07-08,REP-015,DrugGamma-200mg,Oncology,Long-term Outcomes,Pre-Meeting Prep,Fully Answered,6.0,8.3,1,4,HCP-0257
MSL-000165,2025-07-08,REP-015,CardioPlus-25mg,Oncology,Drug Interactions,Post-Call Follow-up,Partially Answered,11.9,13.3,0,4,
MSL-000166,2025-07-08,REP-015,DrugBeta-50mg,Oncology,Patient Selection Criteria,Live During HCP Call,Fully Answered,8.5,16.0,1,5,HCP-0101
MSL-000167,2025-07-08,REP-016,DrugBeta-50mg,Neurology,Biomarker Data,Post-Call Follow-up,No Answer Found,41.7,0,0,3,
MSL-000168,2025-07-08,REP-016,DrugBeta-50mg,Neurology,Long-term Outcomes,Post-Call Follow-up,Partially Answered,5.0,6.5,0,4,
MSL-000169,2025-07-08,REP-016,DrugAlpha-100mg,Neurology,Biomarker Data,Post-Call Follow-up,Partially Answered,4.1,6.6,0,2,
MSL-000170,2025-07-08,REP-016,DrugBeta-50mg,Neurology,Drug Interactions,Pre-Meeting Prep,Partially Answered,9.5,20.5,0,4,
MSL-000171,2025-07-08,REP-016,NeuroX-75mg,Neurology,Combination Therapy,Pre-Meeting Prep,Fully Answered,5.4,16.4,0,4,
MSL-000172,2025-07-08,REP-016,DrugGamma-200mg,Neurology,Real-World Evidence,Post-Call Follow-up,Fully Answered,12.5,3.4,0,4,
MSL-000173,2025-07-08,REP-016,DrugBeta-50mg,Neurology,Patient Selection Criteria,Post-Call Follow-up,Fully Answered,3.3,19.9,0,5,
MSL-000174,2025-07-08,REP-017,DrugGamma-200mg,Immunology,Long-term Outcomes,Self-Study,Partially Answered,11.1,2,0,3,
MSL-000175,2025-07-08,REP-017,DrugAlpha-100mg,Immunology,Guidelines / Protocols,Live During HCP Call,Fully Answered,1,11.7,1,4,HCP-0140
MSL-000176,2025-07-08,REP-017,DrugAlpha-100mg,Immunology,Combination Therapy,Pre-Meeting Prep,Partially Answered,14.1,19.5,0,3,
MSL-000177,2025-07-08,REP-017,DrugBeta-50mg,Immunology,Dosing Guidelines,Pre-Meeting Prep,Partially Answered,7.0,4.0,1,3,HCP-0481
MSL-000178,2025-07-08,REP-017,DrugBeta-50mg,Immunology,Subgroup Analysis,Pre-Meeting Prep,Fully Answered,12.2,12.4,0,4,
MSL-000179,2025-07-08,REP-021,DrugAlpha-100mg,Rare Disease,Long-term Outcomes,Pre-Meeting Prep,Fully Answered,7.5,12.4,1,5,HCP-0173
MSL-000180,2025-07-09,REP-002,DrugAlpha-100mg,Oncology,Clinical Trial Data,Pre-Meeting Prep,Redirected to Medical,23.7,0,0,1,
MSL-000181,2025-07-09,REP-002,NeuroX-75mg,Oncology,Patient Selection Criteria,Pre-Meeting Prep,Fully Answered,14.1,19.8,1,4,HCP-0490
MSL-000182,2025-07-09,REP-002,CardioPlus-25mg,Oncology,Off-label Evidence Request,Live During HCP Call,Fully Answered,9.2,10.5,1,5,HCP-0368
MSL-000183,2025-07-09,REP-002,CardioPlus-25mg,Oncology,Dosing Guidelines,Self-Study,Partially Answered,13.9,7.4,0,3,
MSL-000184,2025-07-09,REP-002,DrugAlpha-100mg,Oncology,Real-World Evidence,Live During HCP Call,Fully Answered,2.2,11.6,1,4,HCP-0436
MSL-000185,2025-07-09,REP-002,DrugAlpha-100mg,Oncology,Real-World Evidence,Pre-Meeting Prep,Fully Answered,10.3,6.5,1,5,HCP-0098
MSL-000186,2025-07-09,REP-004,NeuroX-75mg,Cardiology,Combination Therapy,Pre-Meeting Prep,Redirected to Medical,11.7,0,0,3,
MSL-000187,2025-07-09,REP-004,DrugGamma-200mg,Cardiology,Off-label Evidence Request,Pre-Meeting Prep,No Answer Found,17.5,0,0,1,
MSL-000188,2025-07-09,REP-004,NeuroX-75mg,Cardiology,Competitor Comparison,Post-Call Follow-up,Fully Answered,11.9,7.9,0,5,
MSL-000189,2025-07-09,REP-004,NeuroX-75mg,Cardiology,Off-label Evidence Request,Pre-Meeting Prep,Fully Answered,8.1,7.6,1,5,HCP-0155
MSL-000190,2025-07-09,REP-004,CardioPlus-25mg,Cardiology,Off-label Evidence Request,Pre-Meeting Prep,Fully Answered,5.3,9.5,1,5,HCP-0166
MSL-000191,2025-07-09,REP-004,DrugBeta-50mg,Cardiology,Off-label Evidence Request,Post-Call Follow-up,Fully Answered,9.4,15.5,0,5,
MSL-000192,2025-07-09,REP-008,DrugBeta-50mg,Immunology,Dosing Guidelines,Pre-Meeting Prep,Redirected to Medical,30.0,0,0,2,
MSL-000193,2025-07-09,REP-008,NeuroX-75mg,Immunology,Competitor Comparison,Pre-Meeting Prep,Redirected to Medical,39.2,0,0,2,
MSL-000194,2025-07-09,REP-009,DrugAlpha-100mg,Cardiology,Guidelines / Protocols,Live During HCP Call,Fully Answered,8.4,6.6,1,5,HCP-0475
MSL-000195,2025-07-09,REP-009,NeuroX-75mg,Cardiology,Dosing Guidelines,Self-Study,Fully Answered,12.7,13.7,0,5,
MSL-000196,2025-07-09,REP-009,DrugBeta-50mg,Cardiology,Real-World Evidence,Self-Study,Partially Answered,13.4,12.7,0,2,
MSL-000197,2025-07-09,REP-010,CardioPlus-25mg,Immunology,Drug Interactions,Pre-Meeting Prep,Partially Answered,12.4,15.2,1,3,HCP-0442
MSL-000198,2025-07-09,REP-010,CardioPlus-25mg,Immunology,Pharmacokinetics,Post-Call Follow-up,Partially Answered,15.5,8.9,0,3,
MSL-000199,2025-07-09,REP-010,CardioPlus-25mg,Immunology,Dosing Guidelines,Self-Study,No Answer Found,22.9,0,0,3,
MSL-000200,2025-07-09,REP-010,DrugBeta-50mg,Immunology,Pharmacokinetics,Pre-Meeting Prep,Fully Answered,8.0,5.9,0,5,
MSL-000201,2025-07-09,REP-015,DrugGamma-200mg,Oncology,Subgroup Analysis,Post-Call Follow-up,Fully Answered,9.8,13.4,0,5,
MSL-000202,2025-07-09,REP-015,DrugGamma-200mg,Oncology,Pharmacokinetics,Live During HCP Call,Fully Answered,15.4,14.4,1,5,HCP-0060
MSL-000203,2025-07-09,REP-016,CardioPlus-25mg,Neurology,Drug Interactions,Post-Call Follow-up,Partially Answered,18.6,14.5,0,3,
MSL-000204,2025-07-09,REP-016,DrugGamma-200mg,Neurology,Competitor Comparison,Post-Call Follow-up,Fully Answered,6.0,4.3,0,5,
MSL-000205,2025-07-09,REP-017,DrugBeta-50mg,Immunology,Long-term Outcomes,Pre-Meeting Prep,Fully Answered,6.1,13.6,1,5,HCP-0036
MSL-000206,2025-07-09,REP-017,DrugGamma-200mg,Immunology,Adverse Events / Safety,Live During HCP Call,Fully Answered,10.2,6.0,1,5,HCP-0043
MSL-000207,2025-07-09,REP-017,DrugAlpha-100mg,Immunology,Adverse Events / Safety,Post-Call Follow-up,Partially Answered,17.1,7.8,0,4,
MSL-000208,2025-07-09,REP-017,NeuroX-75mg,Immunology,Patient Selection Criteria,Self-Study,Fully Answered,8.2,2,0,5,
MSL-000209,2025-07-09,REP-017,CardioPlus-25mg,Immunology,Patient Selection Criteria,Live During HCP Call,Fully Answered,8.2,13.2,1,5,HCP-0328
MSL-000210,2025-07-09,REP-021,CardioPlus-25mg,Rare Disease,Competitor Comparison,Post-Call Follow-up,Partially Answered,22.9,20.6,0,4,
MSL-000211,2025-07-10,REP-002,DrugBeta-50mg,Oncology,Combination Therapy,Pre-Meeting Prep,Partially Answered,18.1,12.7,1,2,HCP-0038
MSL-000212,2025-07-10,REP-002,DrugBeta-50mg,Oncology,Dosing Guidelines,Live During HCP Call,Partially Answered,12.6,9.3,0,4,
MSL-000213,2025-07-10,REP-002,DrugBeta-50mg,Oncology,Dosing Guidelines,Live During HCP Call,Fully Answered,8.7,2,1,5,HCP-0199
MSL-000214,2025-07-10,REP-002,DrugGamma-200mg,Oncology,Off-label Evidence Request,Self-Study,Fully Answered,1,17.0,0,5,
MSL-000215,2025-07-10,REP-002,DrugBeta-50mg,Oncology,Dosing Guidelines,Self-Study,Fully Answered,5.8,8.4,0,5,
MSL-000216,2025-07-10,REP-002,DrugGamma-200mg,Oncology,Mechanism of Action,Self-Study,Partially Answered,13.5,8.1,0,2,
MSL-000217,2025-07-10,REP-008,DrugAlpha-100mg,Immunology,Dosing Guidelines,Self-Study,No Answer Found,13.3,0,0,1,
MSL-000218,2025-07-10,REP-008,NeuroX-75mg,Immunology,Long-term Outcomes,Pre-Meeting Prep,Fully Answered,2.2,11.6,1,5,HCP-0441
MSL-000219,2025-07-10,REP-008,CardioPlus-25mg,Immunology,Drug Interactions,Pre-Meeting Prep,Fully Answered,6.8,14.1,0,5,
MSL-000220,2025-07-10,REP-008,DrugGamma-200mg,Immunology,Subgroup Analysis,Self-Study,Fully Answered,11.7,19.3,0,4,
MSL-000221,2025-07-10,REP-008,DrugBeta-50mg,Immunology,Drug Interactions,Self-Study,Redirected to Medical,30.1,0,0,3,
MSL-000222,2025-07-10,REP-009,DrugAlpha-100mg,Cardiology,Pharmacokinetics,Live During HCP Call,Fully Answered,3.5,8.1,0,5,
MSL-000223,2025-07-10,REP-009,NeuroX-75mg,Cardiology,Subgroup Analysis,Pre-Meeting Prep,Fully Answered,8.6,8.1,0,4,
MSL-000224,2025-07-10,REP-009,CardioPlus-25mg,Cardiology,Dosing Guidelines,Live During HCP Call,Fully Answered,11.8,12.0,1,5,HCP-0450
MSL-000225,2025-07-10,REP-010,NeuroX-75mg,Immunology,Clinical Trial Data,Post-Call Follow-up,Fully Answered,1,11.5,0,5,
MSL-000226,2025-07-10,REP-015,CardioPlus-25mg,Oncology,Adverse Events / Safety,Pre-Meeting Prep,Partially Answered,18.6,13.5,1,4,HCP-0232
MSL-000227,2025-07-10,REP-015,DrugGamma-200mg,Oncology,Competitor Comparison,Live During HCP Call,Fully Answered,11.7,15.9,0,5,
MSL-000228,2025-07-10,REP-015,NeuroX-75mg,Oncology,Mechanism of Action,Pre-Meeting Prep,Fully Answered,8.5,11.6,1,5,HCP-0124
MSL-000229,2025-07-10,REP-016,DrugGamma-200mg,Neurology,Mechanism of Action,Pre-Meeting Prep,Fully Answered,6.5,16.4,1,4,HCP-0008
MSL-000230,2025-07-10,REP-016,NeuroX-75mg,Neurology,Real-World Evidence,Pre-Meeting Prep,Fully Answered,7.3,14.0,0,5,
MSL-000231,2025-07-10,REP-016,DrugAlpha-100mg,Neurology,Real-World Evidence,Self-Study,No Answer Found,24.5,0,0,2,
MSL-000232,2025-07-10,REP-016,CardioPlus-25mg,Neurology,Drug Interactions,Post-Call Follow-up,Partially Answered,15.1,11.2,0,3,
MSL-000233,2025-07-10,REP-017,DrugAlpha-100mg,Immunology,Guidelines / Protocols,Pre-Meeting Prep,Fully Answered,5.9,8.8,0,5,
MSL-000234,2025-07-10,REP-017,DrugGamma-200mg,Immunology,Patient Selection Criteria,Live During HCP Call,Fully Answered,7.8,16.1,1,5,HCP-0268
MSL-000235,2025-07-10,REP-017,CardioPlus-25mg,Immunology,Combination Therapy,Pre-Meeting Prep,Fully Answered,10.6,12.3,0,4,
MSL-000236,2025-07-11,REP-002,DrugBeta-50mg,Oncology,Combination Therapy,Post-Call Follow-up,Partially Answered,10.8,17.4,0,4,
MSL-000237,2025-07-11,REP-002,DrugBeta-50mg,Oncology,Competitor Comparison,Post-Call Follow-up,Partially Answered,12.0,4.0,0,2,
MSL-000238,2025-07-11,REP-002,NeuroX-75mg,Oncology,Patient Selection Criteria,Pre-Meeting Prep,Fully Answered,8.3,7.8,1,5,HCP-0188
MSL-000239,2025-07-11,REP-002,DrugGamma-200mg,Oncology,Real-World Evidence,Live During HCP Call,Fully Answered,6.7,5.0,1,5,HCP-0316
MSL-000240,2025-07-11,REP-004,NeuroX-75mg,Cardiology,Clinical Trial Data,Post-Call Follow-up,Fully Answered,13.2,14.4,0,5,
MSL-000241,2025-07-11,REP-004,DrugAlpha-100mg,Cardiology,Guidelines / Protocols,Self-Study,Partially Answered,19.2,5.9,0,4,
MSL-000242,2025-07-11,REP-004,DrugGamma-200mg,Cardiology,Guidelines / Protocols,Pre-Meeting Prep,Partially Answered,14.9,11.6,1,3,HCP-0462
MSL-000243,2025-07-11,REP-008,NeuroX-75mg,Immunology,Long-term Outcomes,Live During HCP Call,Fully Answered,6.6,15.6,1,5,HCP-0132
MSL-000244,2025-07-11,REP-008,DrugBeta-50mg,Immunology,Mechanism of Action,Self-Study,Fully Answered,5.4,5.4,0,4,
MSL-000245,2025-07-11,REP-008,DrugGamma-200mg,Immunology,Mechanism of Action,Pre-Meeting Prep,Fully Answered,7.8,15.8,1,4,HCP-0372
MSL-000246,2025-07-11,REP-009,DrugAlpha-100mg,Cardiology,Mechanism of Action,Pre-Meeting Prep,Fully Answered,11.0,13.1,1,5,HCP-0020
MSL-000247,2025-07-11,REP-009,DrugBeta-50mg,Cardiology,Competitor Comparison,Pre-Meeting Prep,No Answer Found,18.8,0,0,1,
MSL-000248,2025-07-11,REP-009,NeuroX-75mg,Cardiology,Off-label Evidence Request,Live During HCP Call,Fully Answered,10.6,5.6,0,5,
MSL-000249,2025-07-11,REP-010,DrugBeta-50mg,Immunology,Guidelines / Protocols,Self-Study,No Answer Found,25.3,0,0,2,
MSL-000250,2025-07-11,REP-010,DrugGamma-200mg,Immunology,Competitor Comparison,Live During HCP Call,Fully Answered,1.7,20.7,1,4,HCP-0426
MSL-000251,2025-07-11,REP-015,DrugAlpha-100mg,Oncology,Drug Interactions,Pre-Meeting Prep,Fully Answered,2.7,13.0,1,4,HCP-0146
MSL-000252,2025-07-11,REP-015,CardioPlus-25mg,Oncology,Mechanism of Action,Live During HCP Call,Partially Answered,11.4,16.3,1,3,HCP-0192
MSL-000253,2025-07-11,REP-015,NeuroX-75mg,Oncology,Mechanism of Action,Post-Call Follow-up,Fully Answered,7.9,5.2,0,5,
MSL-000254,2025-07-11,REP-015,DrugBeta-50mg,Oncology,Guidelines / Protocols,Post-Call Follow-up,No Answer Found,24.3,0,0,3,
MSL-000255,2025-07-11,REP-015,DrugGamma-200mg,Oncology,Combination Therapy,Pre-Meeting Prep,Partially Answered,6.9,7.0,1,3,HCP-0472
MSL-000256,2025-07-11,REP-017,DrugAlpha-100mg,Immunology,Biomarker Data,Pre-Meeting Prep,No Answer Found,34.5,0,0,3,
MSL-000257,2025-07-11,REP-017,NeuroX-75mg,Immunology,Clinical Trial Data,Post-Call Follow-up,No Answer Found,28.4,0,0,3,
MSL-000258,2025-07-11,REP-017,CardioPlus-25mg,Immunology,Combination Therapy,Pre-Meeting Prep,Partially Answered,17.3,17.2,1,3,HCP-0401
MSL-000259,2025-07-11,REP-021,CardioPlus-25mg,Rare Disease,Combination Therapy,Self-Study,Redirected to Medical,12.4,0,0,1,
MSL-000260,2025-07-11,REP-021,DrugGamma-200mg,Rare Disease,Combination Therapy,Self-Study,Redirected to Medical,20.7,0,0,2,
MSL-000261,2025-07-11,REP-021,NeuroX-75mg,Rare Disease,Mechanism of Action,Live During HCP Call,Fully Answered,6.0,20.5,1,4,HCP-0244
MSL-000262,2025-07-11,REP-021,DrugAlpha-100mg,Rare Disease,Long-term Outcomes,Pre-Meeting Prep,No Answer Found,32.4,0,0,1,
MSL-000263,2025-07-11,REP-021,DrugBeta-50mg,Rare Disease,Biomarker Data,Pre-Meeting Prep,Fully Answered,4.5,21.7,1,5,HCP-0299
MSL-000264,2025-07-14,REP-002,NeuroX-75mg,Oncology,Adverse Events / Safety,Post-Call Follow-up,Fully Answered,4.3,12.2,0,5,
MSL-000265,2025-07-14,REP-002,CardioPlus-25mg,Oncology,Real-World Evidence,Live During HCP Call,Partially Answered,14.3,8.3,1,2,HCP-0306
MSL-000266,2025-07-14,REP-004,CardioPlus-25mg,Cardiology,Off-label Evidence Request,Self-Study,Fully Answered,7.9,16.2,0,5,
MSL-000267,2025-07-14,REP-004,DrugGamma-200mg,Cardiology,Clinical Trial Data,Live During HCP Call,Fully Answered,5.1,12.0,1,5,HCP-0114
MSL-000268,2025-07-14,REP-004,DrugGamma-200mg,Cardiology,Clinical Trial Data,Self-Study,Fully Answered,12.6,13.4,0,5,
MSL-000269,2025-07-14,REP-004,DrugGamma-200mg,Cardiology,Off-label Evidence Request,Post-Call Follow-up,Partially Answered,24.0,8.2,0,3,
MSL-000270,2025-07-14,REP-008,NeuroX-75mg,Immunology,Competitor Comparison,Live During HCP Call,Fully Answered,9.6,25.4,1,4,HCP-0339
MSL-000271,2025-07-14,REP-008,DrugBeta-50mg,Immunology,Long-term Outcomes,Post-Call Follow-up,Fully Answered,7.2,10.7,0,5,
MSL-000272,2025-07-14,REP-008,DrugBeta-50mg,Immunology,Adverse Events / Safety,Pre-Meeting Prep,Fully Answered,8.8,10.5,1,5,HCP-0395
MSL-000273,2025-07-14,REP-008,CardioPlus-25mg,Immunology,Patient Selection Criteria,Live During HCP Call,Fully Answered,9.0,16.7,1,5,HCP-0479
MSL-000274,2025-07-14,REP-009,DrugAlpha-100mg,Cardiology,Combination Therapy,Pre-Meeting Prep,Fully Answered,9.4,21.3,1,5,HCP-0373
MSL-000275,2025-07-14,REP-009,DrugAlpha-100mg,Cardiology,Pharmacokinetics,Self-Study,Fully Answered,4.7,11.4,0,5,
MSL-000276,2025-07-14,REP-010,NeuroX-75mg,Immunology,Real-World Evidence,Pre-Meeting Prep,Fully Answered,5.8,10.4,0,5,
MSL-000277,2025-07-14,REP-010,CardioPlus-25mg,Immunology,Mechanism of Action,Post-Call Follow-up,No Answer Found,34.0,0,0,3,
MSL-000278,2025-07-14,REP-010,DrugGamma-200mg,Immunology,Adverse Events / Safety,Post-Call Follow-up,Fully Answered,3.7,15.7,0,4,
MSL-000279,2025-07-14,REP-010,DrugGamma-200mg,Immunology,Adverse Events / Safety,Live During HCP Call,Partially Answered,18.6,11.3,1,3,HCP-0397
MSL-000280,2025-07-14,REP-010,NeuroX-75mg,Immunology,Drug Interactions,Pre-Meeting Prep,Fully Answered,12.2,10.6,1,4,HCP-0174
MSL-000281,2025-07-14,REP-010,CardioPlus-25mg,Immunology,Subgroup Analysis,Live During HCP Call,Fully Answered,7.1,22.3,1,5,HCP-0092
MSL-000282,2025-07-14,REP-015,DrugAlpha-100mg,Oncology,Combination Therapy,Live During HCP Call,No Answer Found,19.2,0,0,1,
MSL-000283,2025-07-14,REP-015,DrugAlpha-100mg,Oncology,Clinical Trial Data,Pre-Meeting Prep,Fully Answered,4.6,2,1,5,HCP-0170
MSL-000284,2025-07-14,REP-016,NeuroX-75mg,Neurology,Real-World Evidence,Post-Call Follow-up,Fully Answered,8.3,16.0,0,4,
MSL-000285,2025-07-14,REP-016,CardioPlus-25mg,Neurology,Clinical Trial Data,Self-Study,Fully Answered,5.1,14.5,0,5,
MSL-000286,2025-07-14,REP-016,CardioPlus-25mg,Neurology,Clinical Trial Data,Live During HCP Call,Partially Answered,8.2,11.6,1,4,HCP-0353
MSL-000287,2025-07-14,REP-017,CardioPlus-25mg,Immunology,Dosing Guidelines,Self-Study,Fully Answered,6.3,6.7,0,4,
MSL-000288,2025-07-14,REP-017,DrugGamma-200mg,Immunology,Adverse Events / Safety,Live During HCP Call,Fully Answered,3.6,8.3,1,5,HCP-0439
MSL-000289,2025-07-14,REP-017,CardioPlus-25mg,Immunology,Combination Therapy,Post-Call Follow-up,Redirected to Medical,25.6,0,0,2,
MSL-000290,2025-07-14,REP-017,DrugAlpha-100mg,Immunology,Pharmacokinetics,Live During HCP Call,Partially Answered,7.3,19.0,1,4,HCP-0287
MSL-000291,2025-07-14,REP-017,DrugGamma-200mg,Immunology,Combination Therapy,Post-Call Follow-up,Partially Answered,35.8,13.6,0,3,
MSL-000292,2025-07-14,REP-021,CardioPlus-25mg,Rare Disease,Drug Interactions,Pre-Meeting Prep,Fully Answered,10.7,18.2,0,5,
MSL-000293,2025-07-15,REP-002,CardioPlus-25mg,Oncology,Subgroup Analysis,Pre-Meeting Prep,Redirected to Medical,14.1,0,0,2,
MSL-000294,2025-07-15,REP-002,NeuroX-75mg,Oncology,Pharmacokinetics,Post-Call Follow-up,Redirected to Medical,15.8,0,0,3,
MSL-000295,2025-07-15,REP-002,DrugAlpha-100mg,Oncology,Pharmacokinetics,Live During HCP Call,Fully Answered,2.4,10.4,1,5,HCP-0209
MSL-000296,2025-07-15,REP-004,DrugGamma-200mg,Cardiology,Competitor Comparison,Post-Call Follow-up,Partially Answered,13.4,13.6,0,3,
MSL-000297,2025-07-15,REP-004,DrugAlpha-100mg,Cardiology,Subgroup Analysis,Pre-Meeting Prep,Fully Answered,11.0,8.7,1,5,HCP-0252
MSL-000298,2025-07-15,REP-004,CardioPlus-25mg,Cardiology,Real-World Evidence,Post-Call Follow-up,No Answer Found,31.2,0,0,1,
MSL-000299,2025-07-15,REP-008,NeuroX-75mg,Immunology,Real-World Evidence,Live During HCP Call,Fully Answered,12.9,17.9,1,5,HCP-0478
MSL-000300,2025-07-15,REP-008,CardioPlus-25mg,Immunology,Real-World Evidence,Pre-Meeting Prep,Partially Answered,17.5,7.5,1,3,HCP-0450
MSL-000301,2025-07-15,REP-008,DrugGamma-200mg,Immunology,Adverse Events / Safety,Pre-Meeting Prep,Fully Answered,9.6,12.5,1,5,HCP-0298
MSL-000302,2025-07-15,REP-008,DrugBeta-50mg,Immunology,Competitor Comparison,Self-Study,Fully Answered,10.5,13.2,0,5,
MSL-000303,2025-07-15,REP-008,DrugAlpha-100mg,Immunology,Pharmacokinetics,Live During HCP Call,Fully Answered,9.6,12.1,0,4,
MSL-000304,2025-07-15,REP-009,DrugGamma-200mg,Cardiology,Real-World Evidence,Live During HCP Call,Fully Answered,4.9,15.5,1,5,HCP-0286
MSL-000305,2025-07-15,REP-009,DrugAlpha-100mg,Cardiology,Biomarker Data,Post-Call Follow-up,Fully Answered,7.1,16.3,0,5,
MSL-000306,2025-07-15,REP-009,NeuroX-75mg,Cardiology,Real-World Evidence,Pre-Meeting Prep,Fully Answered,9.3,3.3,1,5,HCP-0033
MSL-000307,2025-07-15,REP-009,CardioPlus-25mg,Cardiology,Biomarker Data,Self-Study,Fully Answered,7.0,15.2,0,5,
MSL-000308,2025-07-15,REP-010,CardioPlus-25mg,Immunology,Off-label Evidence Request,Pre-Meeting Prep,Fully Answered,4.7,7.9,1,5,HCP-0374
MSL-000309,2025-07-15,REP-010,CardioPlus-25mg,Immunology,Combination Therapy,Live During HCP Call,Fully Answered,6.9,10.9,1,5,HCP-0160
MSL-000310,2025-07-15,REP-010,DrugAlpha-100mg,Immunology,Drug Interactions,Live During HCP Call,Fully Answered,4.5,21.4,1,5,HCP-0500
MSL-000311,2025-07-15,REP-010,NeuroX-75mg,Immunology,Competitor Comparison,Self-Study,No Answer Found,25.9,0,0,1,
MSL-000312,2025-07-15,REP-015,NeuroX-75mg,Oncology,Mechanism of Action,Live During HCP Call,Fully Answered,11.3,9.4,1,5,HCP-0019
MSL-000313,2025-07-15,REP-015,DrugBeta-50mg,Oncology,Drug Interactions,Self-Study,Fully Answered,6.7,15.6,0,4,
MSL-000314,2025-07-15,REP-016,DrugAlpha-100mg,Neurology,Dosing Guidelines,Post-Call Follow-up,Fully Answered,6.1,12.7,0,5,
MSL-000315,2025-07-15,REP-016,DrugAlpha-100mg,Neurology,Clinical Trial Data,Pre-Meeting Prep,Partially Answered,14.1,15.4,1,4,HCP-0084
MSL-000316,2025-07-15,REP-016,CardioPlus-25mg,Neurology,Biomarker Data,Self-Study,Fully Answered,3.5,12.8,0,5,
MSL-000317,2025-07-15,REP-017,DrugGamma-200mg,Immunology,Patient Selection Criteria,Live During HCP Call,Partially Answered,8.4,8.5,1,2,HCP-0259
MSL-000318,2025-07-15,REP-017,DrugGamma-200mg,Immunology,Off-label Evidence Request,Live During HCP Call,Partially Answered,16.0,10.2,1,4,HCP-0295
MSL-000319,2025-07-15,REP-017,NeuroX-75mg,Immunology,Long-term Outcomes,Self-Study,Fully Answered,11.0,8.8,0,4,
MSL-000320,2025-07-15,REP-017,DrugAlpha-100mg,Immunology,Drug Interactions,Post-Call Follow-up,Fully Answered,5.3,13.0,0,5,
MSL-000321,2025-07-15,REP-021,CardioPlus-25mg,Rare Disease,Guidelines / Protocols,Self-Study,Redirected to Medical,26.1,0,0,2,
MSL-000322,2025-07-15,REP-021,DrugGamma-200mg,Rare Disease,Drug Interactions,Pre-Meeting Prep,Fully Answered,6.7,19.7,1,4,HCP-0453
MSL-000323,2025-07-15,REP-021,DrugGamma-200mg,Rare Disease,Pharmacokinetics,Self-Study,No Answer Found,33.3,0,0,2,
MSL-000324,2025-07-15,REP-021,NeuroX-75mg,Rare Disease,Drug Interactions,Post-Call Follow-up,Fully Answered,13.1,8.0,0,5,
MSL-000325,2025-07-15,REP-021,NeuroX-75mg,Rare Disease,Subgroup Analysis,Self-Study,Fully Answered,3.4,8.9,0,4,
MSL-000326,2025-07-16,REP-002,NeuroX-75mg,Oncology,Long-term Outcomes,Pre-Meeting Prep,Redirected to Medical,26.2,0,0,2,
MSL-000327,2025-07-16,REP-002,CardioPlus-25mg,Oncology,Biomarker Data,Pre-Meeting Prep,Redirected to Medical,21.8,0,0,1,
MSL-000328,2025-07-16,REP-002,DrugBeta-50mg,Oncology,Competitor Comparison,Post-Call Follow-up,Fully Answered,11.2,17.4,0,5,
MSL-000329,2025-07-16,REP-004,NeuroX-75mg,Cardiology,Drug Interactions,Post-Call Follow-up,Partially Answered,23.2,13.6,0,3,
MSL-000330,2025-07-16,REP-004,DrugGamma-200mg,Cardiology,Pharmacokinetics,Pre-Meeting Prep,Fully Answered,6.9,17.6,1,5,HCP-0490
MSL-000331,2025-07-16,REP-004,DrugGamma-200mg,Cardiology,Pharmacokinetics,Post-Call Follow-up,Fully Answered,14.0,5.8,0,4,
MSL-000332,2025-07-16,REP-004,CardioPlus-25mg,Cardiology,Competitor Comparison,Live During HCP Call,Redirected to Medical,19.8,0,0,1,
MSL-000333,2025-07-16,REP-008,DrugGamma-200mg,Immunology,Long-term Outcomes,Pre-Meeting Prep,Fully Answered,5.6,4.3,1,5,HCP-0109
MSL-000334,2025-07-16,REP-008,DrugGamma-200mg,Immunology,Patient Selection Criteria,Self-Study,Fully Answered,11.4,10.2,0,5,
MSL-000335,2025-07-16,REP-008,DrugBeta-50mg,Immunology,Patient Selection Criteria,Self-Study,Fully Answered,6.5,7.9,0,5,
MSL-000336,2025-07-16,REP-009,DrugAlpha-100mg,Cardiology,Pharmacokinetics,Live During HCP Call,Fully Answered,6.3,14.9,1,5,HCP-0185
MSL-000337,2025-07-16,REP-009,DrugGamma-200mg,Cardiology,Guidelines / Protocols,Live During HCP Call,Fully Answered,4.7,15.7,0,5,
MSL-000338,2025-07-16,REP-009,DrugAlpha-100mg,Cardiology,Biomarker Data,Pre-Meeting Prep,No Answer Found,14.2,0,0,2,
MSL-000339,2025-07-16,REP-009,NeuroX-75mg,Cardiology,Off-label Evidence Request,Pre-Meeting Prep,Fully Answered,7.5,14.7,0,5,
MSL-000340,2025-07-16,REP-009,DrugBeta-50mg,Cardiology,Dosing Guidelines,Pre-Meeting Prep,Fully Answered,12.8,15.2,1,5,HCP-0098
MSL-000341,2025-07-16,REP-009,CardioPlus-25mg,Cardiology,Patient Selection Criteria,Self-Study,Partially Answered,9.5,2,0,4,
MSL-000342,2025-07-16,REP-009,DrugGamma-200mg,Cardiology,Combination Therapy,Live During HCP Call,Redirected to Medical,42.0,0,0,1,
MSL-000343,2025-07-16,REP-009,CardioPlus-25mg,Cardiology,Guidelines / Protocols,Self-Study,Fully Answered,5.9,18.6,0,5,
MSL-000344,2025-07-16,REP-010,DrugBeta-50mg,Immunology,Dosing Guidelines,Pre-Meeting Prep,Fully Answered,7.9,14.7,1,5,HCP-0499
MSL-000345,2025-07-16,REP-010,CardioPlus-25mg,Immunology,Long-term Outcomes,Live During HCP Call,Redirected to Medical,16.1,0,0,2,
MSL-000346,2025-07-16,REP-010,CardioPlus-25mg,Immunology,Drug Interactions,Self-Study,No Answer Found,12.1,0,0,1,
MSL-000347,2025-07-16,REP-015,DrugBeta-50mg,Oncology,Mechanism of Action,Self-Study,No Answer Found,41.7,0,0,1,
MSL-000348,2025-07-16,REP-015,NeuroX-75mg,Oncology,Off-label Evidence Request,Pre-Meeting Prep,Fully Answered,11.3,6.4,1,4,HCP-0368
MSL-000349,2025-07-16,REP-015,DrugBeta-50mg,Oncology,Real-World Evidence,Pre-Meeting Prep,Fully Answered,17.0,17.4,0,5,
MSL-000350,2025-07-16,REP-016,DrugAlpha-100mg,Neurology,Pharmacokinetics,Self-Study,Fully Answered,7.9,21.7,0,4,
MSL-000351,2025-07-16,REP-016,DrugAlpha-100mg,Neurology,Pharmacokinetics,Pre-Meeting Prep,Fully Answered,4.3,15.5,1,4,HCP-0365
MSL-000352,2025-07-16,REP-017,CardioPlus-25mg,Immunology,Real-World Evidence,Pre-Meeting Prep,Fully Answered,4.9,9.3,0,5,
MSL-000353,2025-07-16,REP-017,DrugBeta-50mg,Immunology,Long-term Outcomes,Pre-Meeting Prep,No Answer Found,29.0,0,0,1,
MSL-000354,2025-07-16,REP-017,NeuroX-75mg,Immunology,Adverse Events / Safety,Pre-Meeting Prep,Fully Answered,6.0,19.2,1,4,HCP-0446
MSL-000355,2025-07-16,REP-017,CardioPlus-25mg,Immunology,Guidelines / Protocols,Pre-Meeting Prep,Fully Answered,8.7,13.4,1,4,HCP-0203
MSL-000356,2025-07-16,REP-017,DrugBeta-50mg,Immunology,Clinical Trial Data,Post-Call Follow-up,Fully Answered,8.5,5.0,0,5,
MSL-000357,2025-07-16,REP-017,DrugBeta-50mg,Immunology,Mechanism of Action,Pre-Meeting Prep,Fully Answered,9.7,16.1,1,4,HCP-0092
MSL-000358,2025-07-16,REP-021,CardioPlus-25mg,Rare Disease,Competitor Comparison,Self-Study,Fully Answered,8.2,20.6,0,5,
MSL-000359,2025-07-16,REP-021,DrugAlpha-100mg,Rare Disease,Long-term Outcomes,Pre-Meeting Prep,Partially Answered,17.5,6.6,1,3,HCP-0109
MSL-000360,2025-07-17,REP-002,DrugAlpha-100mg,Oncology,Dosing Guidelines,Self-Study,Fully Answered,9.2,16.4,0,4,
MSL-000361,2025-07-17,REP-002,CardioPlus-25mg,Oncology,Drug Interactions,Live During HCP Call,Fully Answered,4.3,16.6,1,5,HCP-0336
MSL-000362,2025-07-17,REP-002,NeuroX-75mg,Oncology,Long-term Outcomes,Self-Study,Fully Answered,7.2,15.6,0,5,
MSL-000363,2025-07-17,REP-004,DrugBeta-50mg,Cardiology,Dosing Guidelines,Self-Study,No Answer Found,23.3,0,0,2,
MSL-000364,2025-07-17,REP-004,DrugBeta-50mg,Cardiology,Subgroup Analysis,Post-Call Follow-up,Partially Answered,14.5,8.7,0,4,
MSL-000365,2025-07-17,REP-004,DrugGamma-200mg,Cardiology,Biomarker Data,Live During HCP Call,No Answer Found,7.2,0,0,3,
MSL-000366,2025-07-17,REP-004,CardioPlus-25mg,Cardiology,Mechanism of Action,Pre-Meeting Prep,Fully Answered,3.9,4.4,1,5,HCP-0495
MSL-000367,2025-07-17,REP-004,DrugBeta-50mg,Cardiology,Off-label Evidence Request,Pre-Meeting Prep,Partially Answered,19.9,2,0,2,
MSL-000368,2025-07-17,REP-004,DrugAlpha-100mg,Cardiology,Mechanism of Action,Self-Study,Partially Answered,23.0,13.0,0,3,
MSL-000369,2025-07-17,REP-004,DrugAlpha-100mg,Cardiology,Subgroup Analysis,Post-Call Follow-up,Partially Answered,9.6,7.2,0,3,
MSL-000370,2025-07-17,REP-008,CardioPlus-25mg,Immunology,Guidelines / Protocols,Pre-Meeting Prep,Fully Answered,3.6,4.4,1,4,HCP-0115
MSL-000371,2025-07-17,REP-008,DrugAlpha-100mg,Immunology,Pharmacokinetics,Pre-Meeting Prep,Fully Answered,2.6,7.9,0,5,
MSL-000372,2025-07-17,REP-008,DrugAlpha-100mg,Immunology,Clinical Trial Data,Self-Study,Fully Answered,13.8,16.9,0,5,
MSL-000373,2025-07-17,REP-008,DrugAlpha-100mg,Immunology,Patient Selection Criteria,Live During HCP Call,Fully Answered,9.4,7.8,1,5,HCP-0144
MSL-000374,2025-07-17,REP-008,DrugAlpha-100mg,Immunology,Biomarker Data,Self-Study,Fully Answered,6.5,12.3,0,5,
MSL-000375,2025-07-17,REP-008,DrugBeta-50mg,Immunology,Drug Interactions,Post-Call Follow-up,Redirected to Medical,20.6,0,0,2,
MSL-000376,2025-07-17,REP-009,DrugBeta-50mg,Cardiology,Long-term Outcomes,Post-Call Follow-up,Redirected to Medical,34.8,0,0,1,
MSL-000377,2025-07-17,REP-009,NeuroX-75mg,Cardiology,Combination Therapy,Pre-Meeting Prep,Fully Answered,14.0,11.2,1,5,HCP-0209
MSL-000378,2025-07-17,REP-009,CardioPlus-25mg,Cardiology,Clinical Trial Data,Post-Call Follow-up,Fully Answered,11.3,4.7,0,5,
MSL-000379,2025-07-17,REP-009,DrugAlpha-100mg,Cardiology,Guidelines / Protocols,Pre-Meeting Prep,Fully Answered,6.5,2,1,4,HCP-0094
MSL-000380,2025-07-17,REP-009,CardioPlus-25mg,Cardiology,Mechanism of Action,Post-Call Follow-up,No Answer Found,22.9,0,0,2,
MSL-000381,2025-07-17,REP-010,DrugGamma-200mg,Immunology,Drug Interactions,Live During HCP Call,Fully Answered,10.0,18.3,1,5,HCP-0466
MSL-000382,2025-07-17,REP-015,DrugAlpha-100mg,Oncology,Biomarker Data,Live During HCP Call,Partially Answered,19.4,8.3,1,2,HCP-0267
MSL-000383,2025-07-17,REP-015,NeuroX-75mg,Oncology,Patient Selection Criteria,Pre-Meeting Prep,Fully Answered,1,17.8,1,5,HCP-0153
MSL-000384,2025-07-17,REP-015,CardioPlus-25mg,Oncology,Pharmacokinetics,Pre-Meeting Prep,Fully Answered,4.7,2.6,1,5,HCP-0257
MSL-000385,2025-07-17,REP-015,DrugBeta-50mg,Oncology,Biomarker Data,Self-Study,Fully Answered,12.2,11.4,0,5,
MSL-000386,2025-07-17,REP-015,CardioPlus-25mg,Oncology,Subgroup Analysis,Pre-Meeting Prep,Fully Answered,6.4,9.2,0,5,
MSL-000387,2025-07-17,REP-016,DrugAlpha-100mg,Neurology,Patient Selection Criteria,Pre-Meeting Prep,Partially Answered,12.8,17.1,1,2,HCP-0493
MSL-000388,2025-07-17,REP-016,DrugAlpha-100mg,Neurology,Guidelines / Protocols,Post-Call Follow-up,Partially Answered,6.3,19.3,0,3,
MSL-000389,2025-07-17,REP-016,DrugGamma-200mg,Neurology,Dosing Guidelines,Post-Call Follow-up,Fully Answered,5.7,2,0,5,
MSL-000390,2025-07-17,REP-016,DrugGamma-200mg,Neurology,Real-World Evidence,Self-Study,No Answer Found,24.2,0,0,2,
MSL-000391,2025-07-17,REP-016,CardioPlus-25mg,Neurology,Subgroup Analysis,Post-Call Follow-up,Fully Answered,5.3,4.5,0,5,
MSL-000392,2025-07-17,REP-016,DrugGamma-200mg,Neurology,Real-World Evidence,Self-Study,Fully Answered,9.4,7.9,0,5,
MSL-000393,2025-07-17,REP-016,DrugGamma-200mg,Neurology,Real-World Evidence,Pre-Meeting Prep,Fully Answered,1.1,6.7,1,5,HCP-0313
MSL-000394,2025-07-17,REP-017,DrugBeta-50mg,Immunology,Dosing Guidelines,Self-Study,No Answer Found,29.4,0,0,1,
MSL-000395,2025-07-17,REP-017,DrugBeta-50mg,Immunology,Patient Selection Criteria,Post-Call Follow-up,Fully Answered,2.7,12.0,0,4,
MSL-000396,2025-07-17,REP-017,NeuroX-75mg,Immunology,Subgroup Analysis,Pre-Meeting Prep,Fully Answered,11.0,17.6,1,4,HCP-0241
MSL-000397,2025-07-17,REP-017,DrugGamma-200mg,Immunology,Mechanism of Action,Pre-Meeting Prep,Fully Answered,7.8,4.4,1,4,HCP-0120
MSL-000398,2025-07-17,REP-017,DrugAlpha-100mg,Immunology,Pharmacokinetics,Pre-Meeting Prep,Fully Answered,2.8,12.9,1,5,HCP-0100
MSL-000399,2025-07-17,REP-021,DrugBeta-50mg,Rare Disease,Long-term Outcomes,Self-Study,Partially Answered,11.6,10.4,0,3,
MSL-000400,2025-07-17,REP-021,DrugBeta-50mg,Rare Disease,Dosing Guidelines,Post-Call Follow-up,Redirected to Medical,37.9,0,0,2,
MSL-000401,2025-07-17,REP-021,DrugBeta-50mg,Rare Disease,Guidelines / Protocols,Self-Study,Partially Answered,11.8,13.7,0,4,
MSL-000402,2025-07-17,REP-021,DrugAlpha-100mg,Rare Disease,Biomarker Data,Post-Call Follow-up,Fully Answered,8.1,4.4,0,5,
MSL-000403,2025-07-18,REP-002,DrugBeta-50mg,Oncology,Off-label Evidence Request,Pre-Meeting Prep,Fully Answered,5.3,12.5,0,4,
MSL-000404,2025-07-18,REP-002,DrugGamma-200mg,Oncology,Drug Interactions,Live During HCP Call,Fully Answered,12.3,12.1,1,5,HCP-0057
MSL-000405,2025-07-18,REP-002,DrugBeta-50mg,Oncology,Combination Therapy,Self-Study,Partially Answered,12.3,11.6,0,2,
MSL-000406,2025-07-18,REP-004,CardioPlus-25mg,Cardiology,Combination Therapy,Post-Call Follow-up,Fully Answered,11.2,11.9,0,4,
MSL-000407,2025-07-18,REP-004,DrugGamma-200mg,Cardiology,Guidelines / Protocols,Pre-Meeting Prep,Partially Answered,22.3,8.9,1,3,HCP-0469
MSL-000408,2025-07-18,REP-008,DrugAlpha-100mg,Immunology,Drug Interactions,Self-Study,Fully Answered,6.8,8.3,0,5,
MSL-000409,2025-07-18,REP-008,DrugBeta-50mg,Immunology,Biomarker Data,Live During HCP Call,No Answer Found,26.7,0,0,1,
MSL-000410,2025-07-18,REP-008,DrugAlpha-100mg,Immunology,Drug Interactions,Post-Call Follow-up,Fully Answered,9.6,20.4,0,5,
MSL-000411,2025-07-18,REP-008,DrugGamma-200mg,Immunology,Subgroup Analysis,Pre-Meeting Prep,Partially Answered,22.7,8.5,1,3,HCP-0215
MSL-000412,2025-07-18,REP-009,NeuroX-75mg,Cardiology,Drug Interactions,Live During HCP Call,Fully Answered,6.0,12.4,1,5,HCP-0297
MSL-000413,2025-07-18,REP-009,CardioPlus-25mg,Cardiology,Biomarker Data,Live During HCP Call,Partially Answered,21.4,5.7,1,3,HCP-0047
MSL-000414,2025-07-18,REP-009,NeuroX-75mg,Cardiology,Combination Therapy,Self-Study,Fully Answered,9.0,18.5,0,5,
MSL-000415,2025-07-18,REP-009,CardioPlus-25mg,Cardiology,Pharmacokinetics,Pre-Meeting Prep,Partially Answered,19.4,24.5,0,3,
MSL-000416,2025-07-18,REP-010,CardioPlus-25mg,Immunology,Subgroup Analysis,Post-Call Follow-up,Fully Answered,8.4,17.4,0,5,
MSL-000417,2025-07-18,REP-010,DrugGamma-200mg,Immunology,Mechanism of Action,Pre-Meeting Prep,Fully Answered,9.2,5.5,1,4,HCP-0381
MSL-000418,2025-07-18,REP-010,NeuroX-75mg,Immunology,Dosing Guidelines,Live During HCP Call,No Answer Found,18.4,0,0,2,
MSL-000419,2025-07-18,REP-015,CardioPlus-25mg,Oncology,Clinical Trial Data,Pre-Meeting Prep,Fully Answered,5.6,21.1,0,5,
MSL-000420,2025-07-18,REP-015,DrugGamma-200mg,Oncology,Pharmacokinetics,Live During HCP Call,Fully Answered,4.0,6.7,1,5,HCP-0402
MSL-000421,2025-07-18,REP-015,CardioPlus-25mg,Oncology,Competitor Comparison,Self-Study,Fully Answered,6.1,17.2,0,4,
MSL-000422,2025-07-18,REP-015,NeuroX-75mg,Oncology,Long-term Outcomes,Pre-Meeting Prep,Partially Answered,12.0,19.7,1,4,HCP-0175
MSL-000423,2025-07-18,REP-015,DrugGamma-200mg,Oncology,Drug Interactions,Post-Call Follow-up,Fully Answered,7.8,14.1,0,4,
MSL-000424,2025-07-18,REP-015,DrugGamma-200mg,Oncology,Dosing Guidelines,Post-Call Follow-up,Partially Answered,5.5,2,0,4,
MSL-000425,2025-07-18,REP-016,CardioPlus-25mg,Neurology,Real-World Evidence,Pre-Meeting Prep,Fully Answered,10.2,9.9,1,5,HCP-0374
MSL-000426,2025-07-18,REP-017,DrugBeta-50mg,Immunology,Patient Selection Criteria,Post-Call Follow-up,Partially Answered,25.7,13.7,0,4,
MSL-000427,2025-07-18,REP-017,DrugAlpha-100mg,Immunology,Off-label Evidence Request,Post-Call Follow-up,Fully Answered,10.2,21.1,0,5,
MSL-000428,2025-07-18,REP-017,CardioPlus-25mg,Immunology,Adverse Events / Safety,Pre-Meeting Prep,No Answer Found,11.8,0,0,2,
MSL-000429,2025-07-18,REP-017,NeuroX-75mg,Immunology,Subgroup Analysis,Post-Call Follow-up,Fully Answered,7.6,16.1,0,5,
MSL-000430,2025-07-18,REP-017,DrugAlpha-100mg,Immunology,Pharmacokinetics,Live During HCP Call,Fully Answered,8.7,22.5,1,5,HCP-0398
MSL-000431,2025-07-18,REP-021,NeuroX-75mg,Rare Disease,Drug Interactions,Live During HCP Call,Fully Answered,6.4,10.2,1,5,HCP-0244
MSL-000432,2025-07-18,REP-021,NeuroX-75mg,Rare Disease,Off-label Evidence Request,Self-Study,Fully Answered,6.5,12.7,0,4,
MSL-000433,2025-07-21,REP-002,DrugBeta-50mg,Oncology,Clinical Trial Data,Post-Call Follow-up,Fully Answered,5.6,11.4,0,5,
MSL-000434,2025-07-21,REP-002,NeuroX-75mg,Oncology,Clinical Trial Data,Pre-Meeting Prep,Partially Answered,14.0,6.5,1,3,HCP-0273
MSL-000435,2025-07-21,REP-002,DrugAlpha-100mg,Oncology,Patient Selection Criteria,Live During HCP Call,Partially Answered,14.7,16.7,1,4,HCP-0240
MSL-000436,2025-07-21,REP-002,DrugGamma-200mg,Oncology,Biomarker Data,Pre-Meeting Prep,Fully Answered,6.4,14.7,0,5,
MSL-000437,2025-07-21,REP-004,CardioPlus-25mg,Cardiology,Combination Therapy,Live During HCP Call,Fully Answered,12.7,9.8,1,5,HCP-0157
MSL-000438,2025-07-21,REP-008,NeuroX-75mg,Immunology,Adverse Events / Safety,Self-Study,Redirected to Medical,33.7,0,0,1,
MSL-000439,2025-07-21,REP-008,DrugBeta-50mg,Immunology,Patient Selection Criteria,Live During HCP Call,No Answer Found,19.0,0,0,3,
MSL-000440,2025-07-21,REP-008,DrugBeta-50mg,Immunology,Subgroup Analysis,Post-Call Follow-up,Fully Answered,11.0,12.4,0,5,
MSL-000441,2025-07-21,REP-008,DrugGamma-200mg,Immunology,Clinical Trial Data,Self-Study,Partially Answered,3.2,22.5,0,3,
MSL-000442,2025-07-21,REP-009,DrugBeta-50mg,Cardiology,Clinical Trial Data,Pre-Meeting Prep,Redirected to Medical,17.3,0,0,2,
MSL-000443,2025-07-21,REP-009,NeuroX-75mg,Cardiology,Competitor Comparison,Pre-Meeting Prep,Redirected to Medical,27.6,0,0,2,
MSL-000444,2025-07-21,REP-009,CardioPlus-25mg,Cardiology,Clinical Trial Data,Live During HCP Call,Fully Answered,8.3,2.7,0,5,
MSL-000445,2025-07-21,REP-009,NeuroX-75mg,Cardiology,Off-label Evidence Request,Live During HCP Call,Partially Answered,17.1,5.4,1,4,HCP-0002
MSL-000446,2025-07-21,REP-010,NeuroX-75mg,Immunology,Long-term Outcomes,Pre-Meeting Prep,Redirected to Medical,32.3,0,0,2,
MSL-000447,2025-07-21,REP-015,DrugAlpha-100mg,Oncology,Drug Interactions,Self-Study,Fully Answered,9.8,14.8,0,5,
MSL-000448,2025-07-21,REP-015,DrugBeta-50mg,Oncology,Dosing Guidelines,Post-Call Follow-up,Fully Answered,7.5,18.7,0,4,
MSL-000449,2025-07-21,REP-015,DrugAlpha-100mg,Oncology,Drug Interactions,Pre-Meeting Prep,Fully Answered,6.2,8.4,1,5,HCP-0132
MSL-000450,2025-07-21,REP-015,DrugBeta-50mg,Oncology,Long-term Outcomes,Live During HCP Call,Fully Answered,8.9,9.0,1,5,HCP-0212
MSL-000451,2025-07-21,REP-015,CardioPlus-25mg,Oncology,Patient Selection Criteria,Self-Study,Fully Answered,9.5,15.8,0,5,
MSL-000452,2025-07-21,REP-015,CardioPlus-25mg,Oncology,Long-term Outcomes,Live During HCP Call,No Answer Found,31.5,0,0,1,
MSL-000453,2025-07-21,REP-017,DrugAlpha-100mg,Immunology,Biomarker Data,Live During HCP Call,Fully Answered,11.1,14.7,1,4,HCP-0201
MSL-000454,2025-07-21,REP-017,CardioPlus-25mg,Immunology,Drug Interactions,Self-Study,Fully Answered,11.2,12.4,0,5,
MSL-000455,2025-07-21,REP-017,DrugAlpha-100mg,Immunology,Clinical Trial Data,Post-Call Follow-up,Redirected to Medical,21.8,0,0,2,
MSL-000456,2025-07-21,REP-021,DrugGamma-200mg,Rare Disease,Drug Interactions,Live During HCP Call,Partially Answered,20.7,11.8,1,4,HCP-0335
MSL-000457,2025-07-21,REP-021,DrugAlpha-100mg,Rare Disease,Mechanism of Action,Post-Call Follow-up,No Answer Found,30.5,0,0,3,
MSL-000458,2025-07-21,REP-021,CardioPlus-25mg,Rare Disease,Mechanism of Action,Pre-Meeting Prep,Fully Answered,7.2,18.5,1,5,HCP-0191
MSL-000459,2025-07-21,REP-021,DrugBeta-50mg,Rare Disease,Off-label Evidence Request,Pre-Meeting Prep,Fully Answered,11.5,14.4,0,5,
MSL-000460,2025-07-22,REP-002,DrugAlpha-100mg,Oncology,Biomarker Data,Post-Call Follow-up,Fully Answered,9.0,6.4,0,5,
MSL-000461,2025-07-22,REP-002,CardioPlus-25mg,Oncology,Dosing Guidelines,Pre-Meeting Prep,Partially Answered,8.4,17.2,0,3,
MSL-000462,2025-07-22,REP-002,CardioPlus-25mg,Oncology,Mechanism of Action,Post-Call Follow-up,No Answer Found,12.3,0,0,1,
MSL-000463,2025-07-22,REP-004,DrugAlpha-100mg,Cardiology,Mechanism of Action,Post-Call Follow-up,Partially Answered,21.1,17.2,0,4,
MSL-000464,2025-07-22,REP-004,CardioPlus-25mg,Cardiology,Clinical Trial Data,Live During HCP Call,Fully Answered,9.0,6.4,1,5,HCP-0379
MSL-000465,2025-07-22,REP-004,DrugAlpha-100mg,Cardiology,Drug Interactions,Post-Call Follow-up,Fully Answered,7.8,10.5,0,5,
MSL-000466,2025-07-22,REP-004,DrugBeta-50mg,Cardiology,Off-label Evidence Request,Pre-Meeting Prep,Fully Answered,7.9,14.9,1,5,HCP-0334
MSL-000467,2025-07-22,REP-004,CardioPlus-25mg,Cardiology,Biomarker Data,Self-Study,Fully Answered,9.6,7.4,0,4,
MSL-000468,2025-07-22,REP-008,NeuroX-75mg,Immunology,Off-label Evidence Request,Pre-Meeting Prep,No Answer Found,32.7,0,0,1,
MSL-000469,2025-07-22,REP-008,NeuroX-75mg,Immunology,Dosing Guidelines,Self-Study,Partially Answered,16.9,10.1,0,3,
MSL-000470,2025-07-22,REP-008,DrugGamma-200mg,Immunology,Drug Interactions,Self-Study,Fully Answered,9.9,2.6,0,5,
MSL-000471,2025-07-22,REP-008,NeuroX-75mg,Immunology,Dosing Guidelines,Self-Study,Partially Answered,15.2,12.6,0,3,
MSL-000472,2025-07-22,REP-008,DrugGamma-200mg,Immunology,Drug Interactions,Post-Call Follow-up,Partially Answered,6.5,20.6,0,4,
MSL-000473,2025-07-22,REP-009,CardioPlus-25mg,Cardiology,Subgroup Analysis,Pre-Meeting Prep,Fully Answered,8.7,7.8,1,4,HCP-0236
MSL-000474,2025-07-22,REP-009,DrugAlpha-100mg,Cardiology,Off-label Evidence Request,Live During HCP Call,Redirected to Medical,16.4,0,0,2,
MSL-000475,2025-07-22,REP-009,DrugAlpha-100mg,Cardiology,Real-World Evidence,Pre-Meeting Prep,No Answer Found,20.7,0,0,3,
MSL-000476,2025-07-22,REP-009,DrugGamma-200mg,Cardiology,Dosing Guidelines,Self-Study,Partially Answered,17.9,13.0,0,2,
MSL-000477,2025-07-22,REP-009,CardioPlus-25mg,Cardiology,Biomarker Data,Pre-Meeting Prep,Fully Answered,5.3,17.3,0,4,
MSL-000478,2025-07-22,REP-009,NeuroX-75mg,Cardiology,Real-World Evidence,Pre-Meeting Prep,Partially Answered,15.4,13.8,1,4,HCP-0410
MSL-000479,2025-07-22,REP-010,NeuroX-75mg,Immunology,Competitor Comparison,Pre-Meeting Prep,Fully Answered,9.8,17.1,0,5,
MSL-000480,2025-07-22,REP-010,DrugAlpha-100mg,Immunology,Mechanism of Action,Post-Call Follow-up,Fully Answered,9.2,13.9,0,5,
MSL-000481,2025-07-22,REP-010,DrugBeta-50mg,Immunology,Biomarker Data,Post-Call Follow-up,Redirected to Medical,6.9,0,0,2,
MSL-000482,2025-07-22,REP-010,DrugAlpha-100mg,Immunology,Real-World Evidence,Pre-Meeting Prep,Fully Answered,6.9,5.6,1,5,HCP-0221
MSL-000483,2025-07-22,REP-016,NeuroX-75mg,Neurology,Combination Therapy,Live During HCP Call,Redirected to Medical,24.0,0,0,1,
MSL-000484,2025-07-22,REP-016,DrugAlpha-100mg,Neurology,Clinical Trial Data,Live During HCP Call,Fully Answered,10.4,18.8,1,5,HCP-0299
MSL-000485,2025-07-22,REP-016,CardioPlus-25mg,Neurology,Mechanism of Action,Post-Call Follow-up,Fully Answered,9.0,6.0,0,4,
MSL-000486,2025-07-22,REP-017,NeuroX-75mg,Immunology,Dosing Guidelines,Self-Study,Partially Answered,17.7,5.8,0,3,
MSL-000487,2025-07-22,REP-017,DrugGamma-200mg,Immunology,Adverse Events / Safety,Post-Call Follow-up,Partially Answered,14.2,13.5,0,3,
MSL-000488,2025-07-22,REP-021,NeuroX-75mg,Rare Disease,Patient Selection Criteria,Pre-Meeting Prep,Fully Answered,2.4,16.7,1,4,HCP-0266
MSL-000489,2025-07-22,REP-021,DrugBeta-50mg,Rare Disease,Pharmacokinetics,Post-Call Follow-up,Partially Answered,15.9,14.3,0,4,
MSL-000490,2025-07-22,REP-021,CardioPlus-25mg,Rare Disease,Real-World Evidence,Self-Study,Fully Answered,10.7,15.3,0,4,
MSL-000491,2025-07-22,REP-021,DrugBeta-50mg,Rare Disease,Patient Selection Criteria,Live During HCP Call,Fully Answered,7.9,13.2,1,5,HCP-0062
MSL-000492,2025-07-23,REP-002,DrugAlpha-100mg,Oncology,Dosing Guidelines,Post-Call Follow-up,Fully Answered,9.0,13.8,0,5,
MSL-000493,2025-07-23,REP-002,CardioPlus-25mg,Oncology,Drug Interactions,Live During HCP Call,Fully Answered,8.7,12.4,1,5,HCP-0343
MSL-000494,2025-07-23,REP-002,DrugBeta-50mg,Oncology,Dosing Guidelines,Live During HCP Call,No Answer Found,26.1,0,0,3,
MSL-000495,2025-07-23,REP-004,DrugBeta-50mg,Cardiology,Off-label Evidence Request,Live During HCP Call,Fully Answered,8.4,19.4,1,4,HCP-0222
MSL-000496,2025-07-23,REP-004,DrugGamma-200mg,Cardiology,Long-term Outcomes,Self-Study,Fully Answered,8.5,10.0,0,4,
MSL-000497,2025-07-23,REP-004,NeuroX-75mg,Cardiology,Pharmacokinetics,Live During HCP Call,Partially Answered,20.1,11.0,0,4,
MSL-000498,2025-07-23,REP-004,CardioPlus-25mg,Cardiology,Competitor Comparison,Live During HCP Call,Partially Answered,19.9,12.7,1,4,HCP-0495
MSL-000499,2025-07-23,REP-008,DrugAlpha-100mg,Immunology,Guidelines / Protocols,Live During HCP Call,Fully Answered,8.4,5.7,0,5,
MSL-000500,2025-07-23,REP-008,NeuroX-75mg,Immunology,Dosing Guidelines,Pre-Meeting Prep,No Answer Found,31.2,0,0,2,
MSL-000501,2025-07-23,REP-008,DrugAlpha-100mg,Immunology,Dosing Guidelines,Self-Study,Partially Answered,8.8,11.8,0,4,
MSL-000502,2025-07-23,REP-009,DrugAlpha-100mg,Cardiology,Pharmacokinetics,Live During HCP Call,Fully Answered,3.0,8.6,1,4,HCP-0379
MSL-000503,2025-07-23,REP-009,DrugAlpha-100mg,Cardiology,Pharmacokinetics,Pre-Meeting Prep,Partially Answered,14.4,11.1,1,3,HCP-0064
MSL-000504,2025-07-23,REP-009,DrugBeta-50mg,Cardiology,Long-term Outcomes,Self-Study,Redirected to Medical,21.4,0,0,2,
MSL-000505,2025-07-23,REP-009,DrugBeta-50mg,Cardiology,Long-term Outcomes,Self-Study,Partially Answered,12.4,20.6,0,3,
MSL-000506,2025-07-23,REP-010,DrugGamma-200mg,Immunology,Patient Selection Criteria,Self-Study,Partially Answered,13.8,2,0,3,
MSL-000507,2025-07-23,REP-010,CardioPlus-25mg,Immunology,Adverse Events / Safety,Live During HCP Call,Fully Answered,8.1,14.4,1,5,HCP-0355
MSL-000508,2025-07-23,REP-010,DrugAlpha-100mg,Immunology,Dosing Guidelines,Post-Call Follow-up,Fully Answered,13.1,2.1,0,5,
MSL-000509,2025-07-23,REP-010,CardioPlus-25mg,Immunology,Combination Therapy,Pre-Meeting Prep,Partially Answered,12.5,8.1,1,3,HCP-0167
MSL-000510,2025-07-23,REP-010,CardioPlus-25mg,Immunology,Mechanism of Action,Self-Study,Fully Answered,3.8,21.0,0,5,
MSL-000511,2025-07-23,REP-010,DrugBeta-50mg,Immunology,Patient Selection Criteria,Pre-Meeting Prep,Fully Answered,3.5,10.3,0,4,
MSL-000512,2025-07-23,REP-015,DrugBeta-50mg,Oncology,Subgroup Analysis,Pre-Meeting Prep,Fully Answered,9.7,18.3,1,4,HCP-0344
MSL-000513,2025-07-23,REP-015,DrugGamma-200mg,Oncology,Biomarker Data,Live During HCP Call,Fully Answered,11.8,6.8,1,4,HCP-0068
MSL-000514,2025-07-23,REP-015,DrugAlpha-100mg,Oncology,Drug Interactions,Live During HCP Call,Fully Answered,5.5,17.5,0,5,
MSL-000515,2025-07-23,REP-016,DrugGamma-200mg,Neurology,Adverse Events / Safety,Live During HCP Call,Fully Answered,7.6,12.4,0,5,
MSL-000516,2025-07-23,REP-017,CardioPlus-25mg,Immunology,Mechanism of Action,Post-Call Follow-up,Partially Answered,19.1,20.4,0,3,
MSL-000517,2025-07-23,REP-017,DrugGamma-200mg,Immunology,Competitor Comparison,Live During HCP Call,Fully Answered,11.9,20.1,1,4,HCP-0379
MSL-000518,2025-07-23,REP-017,DrugBeta-50mg,Immunology,Long-term Outcomes,Self-Study,Fully Answered,7.0,8.8,0,5,
MSL-000519,2025-07-23,REP-021,NeuroX-75mg,Rare Disease,Competitor Comparison,Pre-Meeting Prep,Fully Answered,6.1,14.8,0,5,
MSL-000520,2025-07-23,REP-021,DrugAlpha-100mg,Rare Disease,Drug Interactions,Post-Call Follow-up,Fully Answered,5.8,6.5,0,5,
MSL-000521,2025-07-23,REP-021,CardioPlus-25mg,Rare Disease,Mechanism of Action,Self-Study,Partially Answered,5.7,7.2,0,4,
MSL-000522,2025-07-23,REP-021,NeuroX-75mg,Rare Disease,Subgroup Analysis,Self-Study,Redirected to Medical,13.4,0,0,1,
MSL-000523,2025-07-24,REP-002,DrugAlpha-100mg,Oncology,Subgroup Analysis,Self-Study,Partially Answered,16.8,8.6,0,3,
MSL-000524,2025-07-24,REP-002,DrugGamma-200mg,Oncology,Pharmacokinetics,Pre-Meeting Prep,Fully Answered,5.1,11.7,1,5,HCP-0198
MSL-000525,2025-07-24,REP-002,DrugAlpha-100mg,Oncology,Adverse Events / Safety,Self-Study,Fully Answered,10.1,11.5,0,4,
MSL-000526,2025-07-24,REP-004,CardioPlus-25mg,Cardiology,Patient Selection Criteria,Live During HCP Call,Fully Answered,8.9,12.1,0,4,
MSL-000527,2025-07-24,REP-004,CardioPlus-25mg,Cardiology,Drug Interactions,Self-Study,Partially Answered,22.1,7.8,0,3,
MSL-000528,2025-07-24,REP-004,CardioPlus-25mg,Cardiology,Patient Selection Criteria,Post-Call Follow-up,Fully Answered,10.1,8.2,0,4,
MSL-000529,2025-07-24,REP-004,DrugGamma-200mg,Cardiology,Patient Selection Criteria,Pre-Meeting Prep,Partially Answered,8.8,17.6,1,3,HCP-0276
MSL-000530,2025-07-24,REP-004,DrugAlpha-100mg,Cardiology,Competitor Comparison,Post-Call Follow-up,Fully Answered,11.4,2.0,0,5,
MSL-000531,2025-07-24,REP-008,CardioPlus-25mg,Immunology,Subgroup Analysis,Pre-Meeting Prep,Partially Answered,10.6,12.8,1,4,HCP-0435
MSL-000532,2025-07-24,REP-008,DrugGamma-200mg,Immunology,Drug Interactions,Live During HCP Call,Fully Answered,5.6,27.6,1,4,HCP-0193
MSL-000533,2025-07-24,REP-008,CardioPlus-25mg,Immunology,Adverse Events / Safety,Post-Call Follow-up,Fully Answered,10.8,9.5,0,5,
MSL-000534,2025-07-24,REP-008,DrugGamma-200mg,Immunology,Real-World Evidence,Post-Call Follow-up,Fully Answered,9.8,10.8,0,5,
MSL-000535,2025-07-24,REP-008,DrugBeta-50mg,Immunology,Patient Selection Criteria,Pre-Meeting Prep,Partially Answered,21.6,14.2,1,3,HCP-0186
MSL-000536,2025-07-24,REP-008,DrugAlpha-100mg,Immunology,Adverse Events / Safety,Post-Call Follow-up,No Answer Found,24.8,0,0,1,
MSL-000537,2025-07-24,REP-009,NeuroX-75mg,Cardiology,Dosing Guidelines,Live During HCP Call,Partially Answered,21.6,14.1,1,4,HCP-0157
MSL-000538,2025-07-24,REP-009,DrugAlpha-100mg,Cardiology,Patient Selection Criteria,Live During HCP Call,Fully Answered,7.2,3.7,1,5,HCP-0222
MSL-000539,2025-07-24,REP-009,DrugAlpha-100mg,Cardiology,Clinical Trial Data,Self-Study,Fully Answered,7.3,11.0,0,5,
MSL-000540,2025-07-24,REP-009,DrugBeta-50mg,Cardiology,Adverse Events / Safety,Live During HCP Call,Partially Answered,15.2,14.3,1,3,HCP-0247
MSL-000541,2025-07-24,REP-010,CardioPlus-25mg,Immunology,Guidelines / Protocols,Pre-Meeting Prep,Fully Answered,9.1,13.5,1,5,HCP-0024
MSL-000542,2025-07-24,REP-010,DrugAlpha-100mg,Immunology,Mechanism of Action,Live During HCP Call,No Answer Found,22.6,0,0,2,
MSL-000543,2025-07-24,REP-010,CardioPlus-25mg,Immunology,Patient Selection Criteria,Self-Study,Partially Answered,12.6,6.0,0,3,
MSL-000544,2025-07-24,REP-010,CardioPlus-25mg,Immunology,Biomarker Data,Pre-Meeting Prep,No Answer Found,32.4,0,0,3,
MSL-000545,2025-07-24,REP-010,DrugGamma-200mg,Immunology,Real-World Evidence,Pre-Meeting Prep,Fully Answered,9.6,15.7,1,5,HCP-0399
MSL-000546,2025-07-24,REP-016,DrugGamma-200mg,Neurology,Long-term Outcomes,Pre-Meeting Prep,Fully Answered,7.5,14.2,1,4,HCP-0426
MSL-000547,2025-07-24,REP-016,NeuroX-75mg,Neurology,Guidelines / Protocols,Self-Study,Fully Answered,7.1,13.6,0,5,
MSL-000548,2025-07-24,REP-016,DrugBeta-50mg,Neurology,Adverse Events / Safety,Post-Call Follow-up,Fully Answered,12.6,19.3,0,5,
MSL-000549,2025-07-24,REP-017,NeuroX-75mg,Immunology,Pharmacokinetics,Pre-Meeting Prep,Fully Answered,8.8,11.1,1,5,HCP-0101
MSL-000550,2025-07-24,REP-017,DrugAlpha-100mg,Immunology,Pharmacokinetics,Pre-Meeting Prep,Fully Answered,8.6,20.1,0,5,
MSL-000551,2025-07-24,REP-017,DrugBeta-50mg,Immunology,Dosing Guidelines,Live During HCP Call,Redirected to Medical,25.8,0,0,3,
MSL-000552,2025-07-24,REP-017,DrugGamma-200mg,Immunology,Pharmacokinetics,Pre-Meeting Prep,Fully Answered,6.3,8.5,0,5,
MSL-000553,2025-07-24,REP-017,DrugGamma-200mg,Immunology,Long-term Outcomes,Live During HCP Call,Fully Answered,14.2,18.2,0,4,
MSL-000554,2025-07-24,REP-021,DrugAlpha-100mg,Rare Disease,Subgroup Analysis,Post-Call Follow-up,Partially Answered,20.7,12.3,0,3,
MSL-000555,2025-07-24,REP-021,CardioPlus-25mg,Rare Disease,Long-term Outcomes,Pre-Meeting Prep,Partially Answered,16.7,6.2,1,2,HCP-0368
MSL-000556,2025-07-25,REP-002,DrugBeta-50mg,Oncology,Competitor Comparison,Live During HCP Call,Fully Answered,9.5,12.9,0,5,
MSL-000557,2025-07-25,REP-002,CardioPlus-25mg,Oncology,Competitor Comparison,Live During HCP Call,Partially Answered,12.8,6.1,1,3,HCP-0336
MSL-000558,2025-07-25,REP-002,DrugAlpha-100mg,Oncology,Long-term Outcomes,Live During HCP Call,Fully Answered,6.1,11.5,1,5,HCP-0488
MSL-000559,2025-07-25,REP-002,DrugAlpha-100mg,Oncology,Dosing Guidelines,Live During HCP Call,Fully Answered,10.0,15.6,1,5,HCP-0089
MSL-000560,2025-07-25,REP-002,DrugGamma-200mg,Oncology,Dosing Guidelines,Self-Study,Fully Answered,7.0,9.9,0,5,
MSL-000561,2025-07-25,REP-004,NeuroX-75mg,Cardiology,Subgroup Analysis,Live During HCP Call,Fully Answered,8.9,12.4,0,5,
MSL-000562,2025-07-25,REP-004,DrugGamma-200mg,Cardiology,Long-term Outcomes,Pre-Meeting Prep,Fully Answered,8.2,15.2,0,5,
MSL-000563,2025-07-25,REP-004,NeuroX-75mg,Cardiology,Biomarker Data,Post-Call Follow-up,Partially Answered,20.0,13.8,0,4,
MSL-000564,2025-07-25,REP-008,CardioPlus-25mg,Immunology,Subgroup Analysis,Pre-Meeting Prep,Partially Answered,19.9,19.3,1,3,HCP-0278
MSL-000565,2025-07-25,REP-008,DrugBeta-50mg,Immunology,Mechanism of Action,Pre-Meeting Prep,Partially Answered,2.6,16.6,0,4,
MSL-000566,2025-07-25,REP-008,DrugAlpha-100mg,Immunology,Guidelines / Protocols,Pre-Meeting Prep,Fully Answered,4.0,13.9,1,5,HCP-0418
MSL-000567,2025-07-25,REP-009,NeuroX-75mg,Cardiology,Dosing Guidelines,Pre-Meeting Prep,Partially Answered,16.9,10.1,0,3,
MSL-000568,2025-07-25,REP-009,NeuroX-75mg,Cardiology,Mechanism of Action,Post-Call Follow-up,Fully Answered,10.8,5.2,0,5,
MSL-000569,2025-07-25,REP-010,NeuroX-75mg,Immunology,Long-term Outcomes,Self-Study,Fully Answered,7.0,11.8,0,5,
MSL-000570,2025-07-25,REP-010,CardioPlus-25mg,Immunology,Competitor Comparison,Live During HCP Call,Fully Answered,5.9,14.7,1,5,HCP-0220
MSL-000571,2025-07-25,REP-010,DrugAlpha-100mg,Immunology,Adverse Events / Safety,Self-Study,Fully Answered,9.7,16.6,0,5,
MSL-000572,2025-07-25,REP-010,DrugBeta-50mg,Immunology,Mechanism of Action,Self-Study,Fully Answered,6.3,23.1,0,4,
MSL-000573,2025-07-25,REP-010,CardioPlus-25mg,Immunology,Dosing Guidelines,Live During HCP Call,Fully Answered,9.9,15.2,1,4,HCP-0269
MSL-000574,2025-07-25,REP-010,NeuroX-75mg,Immunology,Patient Selection Criteria,Self-Study,Fully Answered,10.3,5.8,0,5,
MSL-000575,2025-07-25,REP-010,DrugBeta-50mg,Immunology,Long-term Outcomes,Pre-Meeting Prep,Fully Answered,9.6,11.4,1,5,HCP-0183
MSL-000576,2025-07-25,REP-015,NeuroX-75mg,Oncology,Patient Selection Criteria,Live During HCP Call,Fully Answered,10.8,3.3,0,5,
MSL-000577,2025-07-25,REP-015,CardioPlus-25mg,Oncology,Real-World Evidence,Post-Call Follow-up,Fully Answered,13.4,29.4,0,4,
MSL-000578,2025-07-25,REP-015,DrugAlpha-100mg,Oncology,Biomarker Data,Self-Study,Fully Answered,6.6,16.8,0,4,
MSL-000579,2025-07-25,REP-015,DrugAlpha-100mg,Oncology,Real-World Evidence,Self-Study,No Answer Found,25.7,0,0,2,
MSL-000580,2025-07-25,REP-016,DrugAlpha-100mg,Neurology,Drug Interactions,Pre-Meeting Prep,Fully Answered,10.6,13.2,1,5,HCP-0345
MSL-000581,2025-07-25,REP-016,NeuroX-75mg,Neurology,Combination Therapy,Pre-Meeting Prep,No Answer Found,40.3,0,0,2,
MSL-000582,2025-07-25,REP-016,CardioPlus-25mg,Neurology,Pharmacokinetics,Live During HCP Call,Redirected to Medical,25.0,0,0,1,
MSL-000583,2025-07-25,REP-016,DrugAlpha-100mg,Neurology,Clinical Trial Data,Pre-Meeting Prep,No Answer Found,17.3,0,0,2,
MSL-000584,2025-07-25,REP-017,DrugBeta-50mg,Immunology,Biomarker Data,Live During HCP Call,No Answer Found,27.2,0,0,1,
MSL-000585,2025-07-25,REP-017,DrugBeta-50mg,Immunology,Combination Therapy,Self-Study,Partially Answered,10.5,2,0,3,
MSL-000586,2025-07-25,REP-017,DrugAlpha-100mg,Immunology,Pharmacokinetics,Self-Study,Fully Answered,9.3,21.1,0,4,
MSL-000587,2025-07-25,REP-017,NeuroX-75mg,Immunology,Adverse Events / Safety,Pre-Meeting Prep,Fully Answered,6.9,10.5,0,4,
MSL-000588,2025-07-25,REP-017,DrugBeta-50mg,Immunology,Mechanism of Action,Live During HCP Call,Fully Answered,3.7,10.7,1,5,HCP-0283
MSL-000589,2025-07-25,REP-017,NeuroX-75mg,Immunology,Dosing Guidelines,Pre-Meeting Prep,Fully Answered,9.4,6.8,0,5,
MSL-000590,2025-07-25,REP-021,DrugAlpha-100mg,Rare Disease,Off-label Evidence Request,Post-Call Follow-up,Fully Answered,2.3,15.3,0,4,
MSL-000591,2025-07-25,REP-021,DrugAlpha-100mg,Rare Disease,Subgroup Analysis,Live During HCP Call,Partially Answered,15.8,18.8,1,4,HCP-0466
MSL-000592,2025-07-25,REP-021,CardioPlus-25mg,Rare Disease,Patient Selection Criteria,Pre-Meeting Prep,Fully Answered,5.2,12.5,0,4,
MSL-000593,2025-07-25,REP-021,DrugBeta-50mg,Rare Disease,Clinical Trial Data,Live During HCP Call,Fully Answered,13.9,13.1,1,4,HCP-0257
MSL-000594,2025-07-25,REP-021,CardioPlus-25mg,Rare Disease,Mechanism of Action,Live During HCP Call,Fully Answered,4.3,8.9,1,5,HCP-0407
MSL-000595,2025-07-25,REP-021,NeuroX-75mg,Rare Disease,Pharmacokinetics,Pre-Meeting Prep,Fully Answered,7.9,11.2,1,5,HCP-0078
MSL-000596,2025-07-25,REP-021,DrugAlpha-100mg,Rare Disease,Dosing Guidelines,Pre-Meeting Prep,No Answer Found,10.2,0,0,2,
MSL-000597,2025-07-28,REP-002,CardioPlus-25mg,Oncology,Mechanism of Action,Pre-Meeting Prep,Fully Answered,13.7,7.8,0,5,
MSL-000598,2025-07-28,REP-002,NeuroX-75mg,Oncology,Adverse Events / Safety,Post-Call Follow-up,Fully Answered,6.8,9.4,0,5,
MSL-000599,2025-07-28,REP-002,DrugGamma-200mg,Oncology,Guidelines / Protocols,Post-Call Follow-up,Partially Answered,15.2,22.4,0,3,
MSL-000600,2025-07-28,REP-002,NeuroX-75mg,Oncology,Combination Therapy,Pre-Meeting Prep,Partially Answered,2.6,17.2,1,2,HCP-0384
MSL-000601,2025-07-28,REP-002,CardioPlus-25mg,Oncology,Real-World Evidence,Post-Call Follow-up,Fully Answered,6.4,7.2,0,5,
MSL-000602,2025-07-28,REP-002,CardioPlus-25mg,Oncology,Adverse Events / Safety,Live During HCP Call,Fully Answered,5.4,9.1,0,5,
MSL-000603,2025-07-28,REP-004,NeuroX-75mg,Cardiology,Mechanism of Action,Self-Study,No Answer Found,23.7,0,0,1,
MSL-000604,2025-07-28,REP-004,DrugGamma-200mg,Cardiology,Off-label Evidence Request,Pre-Meeting Prep,Fully Answered,10.9,11.6,1,5,HCP-0046
MSL-000605,2025-07-28,REP-004,NeuroX-75mg,Cardiology,Off-label Evidence Request,Live During HCP Call,Fully Answered,7.1,10.5,1,5,HCP-0300
MSL-000606,2025-07-28,REP-004,DrugAlpha-100mg,Cardiology,Pharmacokinetics,Post-Call Follow-up,Fully Answered,9.5,14.2,0,4,
MSL-000607,2025-07-28,REP-008,CardioPlus-25mg,Immunology,Mechanism of Action,Self-Study,Fully Answered,9.4,14.1,0,5,
MSL-000608,2025-07-28,REP-008,DrugBeta-50mg,Immunology,Biomarker Data,Pre-Meeting Prep,Redirected to Medical,20.9,0,0,1,
MSL-000609,2025-07-28,REP-008,DrugBeta-50mg,Immunology,Drug Interactions,Pre-Meeting Prep,Fully Answered,7.8,14.8,0,5,
MSL-000610,2025-07-28,REP-008,DrugGamma-200mg,Immunology,Long-term Outcomes,Post-Call Follow-up,Fully Answered,6.6,11.7,0,4,
MSL-000611,2025-07-28,REP-009,CardioPlus-25mg,Cardiology,Guidelines / Protocols,Pre-Meeting Prep,Fully Answered,7.4,10.5,1,4,HCP-0379
MSL-000612,2025-07-28,REP-009,DrugBeta-50mg,Cardiology,Combination Therapy,Pre-Meeting Prep,Partially Answered,10.6,6.9,0,4,
MSL-000613,2025-07-28,REP-010,NeuroX-75mg,Immunology,Dosing Guidelines,Live During HCP Call,Fully Answered,7.7,13.1,0,4,
MSL-000614,2025-07-28,REP-010,DrugBeta-50mg,Immunology,Long-term Outcomes,Post-Call Follow-up,Fully Answered,7.5,10.4,0,5,
MSL-000615,2025-07-28,REP-010,CardioPlus-25mg,Immunology,Subgroup Analysis,Pre-Meeting Prep,Fully Answered,9.7,6.1,1,5,HCP-0032
MSL-000616,2025-07-28,REP-015,DrugAlpha-100mg,Oncology,Adverse Events / Safety,Pre-Meeting Prep,Fully Answered,7.8,21.6,0,5,
MSL-000617,2025-07-28,REP-016,DrugAlpha-100mg,Neurology,Competitor Comparison,Self-Study,Fully Answered,5.0,12.6,0,5,
MSL-000618,2025-07-28,REP-016,NeuroX-75mg,Neurology,Adverse Events / Safety,Pre-Meeting Prep,Fully Answered,6.8,9.6,0,5,
MSL-000619,2025-07-28,REP-016,DrugBeta-50mg,Neurology,Dosing Guidelines,Post-Call Follow-up,Partially Answered,13.2,19.9,0,4,
MSL-000620,2025-07-28,REP-016,DrugAlpha-100mg,Neurology,Real-World Evidence,Self-Study,Fully Answered,11.0,11.2,0,5,
MSL-000621,2025-07-28,REP-017,DrugGamma-200mg,Immunology,Competitor Comparison,Post-Call Follow-up,Fully Answered,5.3,20.0,0,5,
MSL-000622,2025-07-28,REP-017,DrugBeta-50mg,Immunology,Dosing Guidelines,Post-Call Follow-up,Redirected to Medical,38.0,0,0,3,
MSL-000623,2025-07-28,REP-021,DrugBeta-50mg,Rare Disease,Dosing Guidelines,Pre-Meeting Prep,Fully Answered,10.5,14.3,1,5,HCP-0372
MSL-000624,2025-07-28,REP-021,NeuroX-75mg,Rare Disease,Drug Interactions,Live During HCP Call,Fully Answered,11.4,21.3,0,5,
MSL-000625,2025-07-28,REP-021,CardioPlus-25mg,Rare Disease,Competitor Comparison,Self-Study,Partially Answered,16.3,18.3,0,4,
MSL-000626,2025-07-29,REP-002,DrugGamma-200mg,Oncology,Clinical Trial Data,Pre-Meeting Prep,Fully Answered,10.2,11.1,1,5,HCP-0493
MSL-000627,2025-07-29,REP-002,DrugAlpha-100mg,Oncology,Subgroup Analysis,Pre-Meeting Prep,Fully Answered,5.8,8.7,1,5,HCP-0296
MSL-000628,2025-07-29,REP-002,NeuroX-75mg,Oncology,Dosing Guidelines,Pre-Meeting Prep,Fully Answered,3.9,11.1,1,4,HCP-0442
MSL-000629,2025-07-29,REP-002,DrugAlpha-100mg,Oncology,Clinical Trial Data,Live During HCP Call,Partially Answered,23.7,13.4,0,3,
MSL-000630,2025-07-29,REP-002,DrugAlpha-100mg,Oncology,Competitor Comparison,Pre-Meeting Prep,Fully Answered,12.8,13.8,1,5,HCP-0477
MSL-000631,2025-07-29,REP-002,DrugBeta-50mg,Oncology,Pharmacokinetics,Pre-Meeting Prep,Fully Answered,9.7,10.4,1,5,HCP-0244
MSL-000632,2025-07-29,REP-004,DrugGamma-200mg,Cardiology,Pharmacokinetics,Live During HCP Call,Fully Answered,4.8,13.9,0,5,
MSL-000633,2025-07-29,REP-004,NeuroX-75mg,Cardiology,Off-label Evidence Request,Self-Study,Fully Answered,11.0,14.0,0,5,
MSL-000634,2025-07-29,REP-004,DrugAlpha-100mg,Cardiology,Guidelines / Protocols,Live During HCP Call,Fully Answered,6.3,6.9,0,5,
MSL-000635,2025-07-29,REP-008,DrugBeta-50mg,Immunology,Real-World Evidence,Pre-Meeting Prep,Fully Answered,3.2,3.6,1,4,HCP-0344
MSL-000636,2025-07-29,REP-008,DrugGamma-200mg,Immunology,Clinical Trial Data,Pre-Meeting Prep,Fully Answered,5.8,9.6,1,5,HCP-0356
MSL-000637,2025-07-29,REP-008,DrugGamma-200mg,Immunology,Combination Therapy,Pre-Meeting Prep,Fully Answered,8.3,12.7,1,4,HCP-0447
MSL-000638,2025-07-29,REP-009,NeuroX-75mg,Cardiology,Pharmacokinetics,Pre-Meeting Prep,Partially Answered,18.0,18.6,1,3,HCP-0145
MSL-000639,2025-07-29,REP-009,DrugAlpha-100mg,Cardiology,Mechanism of Action,Live During HCP Call,Partially Answered,9.0,13.3,1,3,HCP-0479
MSL-000640,2025-07-29,REP-009,NeuroX-75mg,Cardiology,Long-term Outcomes,Live During HCP Call,Fully Answered,6.9,14.5,1,4,HCP-0031
MSL-000641,2025-07-29,REP-009,DrugAlpha-100mg,Cardiology,Guidelines / Protocols,Pre-Meeting Prep,Fully Answered,12.8,7.9,1,5,HCP-0446
MSL-000642,2025-07-29,REP-010,DrugBeta-50mg,Immunology,Drug Interactions,Live During HCP Call,Partially Answered,14.8,11.2,1,4,HCP-0140
MSL-000643,2025-07-29,REP-010,NeuroX-75mg,Immunology,Dosing Guidelines,Self-Study,Fully Answered,9.6,10.2,0,5,
MSL-000644,2025-07-29,REP-010,DrugAlpha-100mg,Immunology,Clinical Trial Data,Post-Call Follow-up,Fully Answered,8.8,12.4,0,5,
MSL-000645,2025-07-29,REP-010,DrugAlpha-100mg,Immunology,Combination Therapy,Self-Study,Fully Answered,6.6,13.8,0,4,
MSL-000646,2025-07-29,REP-010,NeuroX-75mg,Immunology,Mechanism of Action,Self-Study,Partially Answered,15.9,19.3,0,2,
MSL-000647,2025-07-29,REP-015,DrugBeta-50mg,Oncology,Biomarker Data,Post-Call Follow-up,Redirected to Medical,27.8,0,0,3,
MSL-000648,2025-07-29,REP-015,DrugGamma-200mg,Oncology,Biomarker Data,Post-Call Follow-up,Partially Answered,13.0,5.0,0,3,
MSL-000649,2025-07-29,REP-015,DrugBeta-50mg,Oncology,Biomarker Data,Live During HCP Call,Partially Answered,7.6,8.3,0,4,
MSL-000650,2025-07-29,REP-016,NeuroX-75mg,Neurology,Patient Selection Criteria,Live During HCP Call,Fully Answered,3.6,11.6,1,4,HCP-0018
MSL-000651,2025-07-29,REP-017,NeuroX-75mg,Immunology,Pharmacokinetics,Self-Study,Fully Answered,9.6,2.8,0,5,
MSL-000652,2025-07-29,REP-021,DrugGamma-200mg,Rare Disease,Adverse Events / Safety,Self-Study,Fully Answered,7.1,11.4,0,4,
MSL-000653,2025-07-29,REP-021,NeuroX-75mg,Rare Disease,Real-World Evidence,Pre-Meeting Prep,Redirected to Medical,27.8,0,0,1,
MSL-000654,2025-07-29,REP-021,NeuroX-75mg,Rare Disease,Adverse Events / Safety,Self-Study,Fully Answered,5.1,14.5,0,4,
MSL-000655,2025-07-29,REP-021,NeuroX-75mg,Rare Disease,Long-term Outcomes,Live During HCP Call,Redirected to Medical,28.0,0,0,2,
MSL-000656,2025-07-29,REP-021,DrugBeta-50mg,Rare Disease,Guidelines / Protocols,Pre-Meeting Prep,Fully Answered,9.9,15.4,0,4,
MSL-000657,2025-07-30,REP-004,DrugAlpha-100mg,Cardiology,Patient Selection Criteria,Post-Call Follow-up,Partially Answered,17.8,2,0,3,
MSL-000658,2025-07-30,REP-004,NeuroX-75mg,Cardiology,Drug Interactions,Live During HCP Call,Partially Answered,16.8,21.5,0,4,
MSL-000659,2025-07-30,REP-004,DrugAlpha-100mg,Cardiology,Competitor Comparison,Pre-Meeting Prep,No Answer Found,12.8,0,0,2,
MSL-000660,2025-07-30,REP-008,NeuroX-75mg,Immunology,Off-label Evidence Request,Self-Study,Partially Answered,16.8,14.0,0,4,
MSL-000661,2025-07-30,REP-008,CardioPlus-25mg,Immunology,Dosing Guidelines,Pre-Meeting Prep,Fully Answered,4.4,6.7,0,5,
MSL-000662,2025-07-30,REP-008,NeuroX-75mg,Immunology,Subgroup Analysis,Self-Study,Fully Answered,7.5,10.0,0,5,
MSL-000663,2025-07-30,REP-008,DrugBeta-50mg,Immunology,Real-World Evidence,Live During HCP Call,Partially Answered,11.1,19.0,1,4,HCP-0160
MSL-000664,2025-07-30,REP-009,CardioPlus-25mg,Cardiology,Real-World Evidence,Post-Call Follow-up,Partially Answered,15.9,13.7,0,3,
MSL-000665,2025-07-30,REP-009,CardioPlus-25mg,Cardiology,Biomarker Data,Live During HCP Call,Fully Answered,5.5,12.7,1,5,HCP-0276
MSL-000666,2025-07-30,REP-009,DrugBeta-50mg,Cardiology,Mechanism of Action,Pre-Meeting Prep,Fully Answered,5.4,4.2,1,5,HCP-0103
MSL-000667,2025-07-30,REP-009,NeuroX-75mg,Cardiology,Off-label Evidence Request,Post-Call Follow-up,Fully Answered,7.1,13.6,0,4,
MSL-000668,2025-07-30,REP-009,NeuroX-75mg,Cardiology,Mechanism of Action,Post-Call Follow-up,Fully Answered,2.7,10.6,0,5,
MSL-000669,2025-07-30,REP-010,NeuroX-75mg,Immunology,Real-World Evidence,Live During HCP Call,Fully Answered,9.5,10.4,0,4,
MSL-000670,2025-07-30,REP-010,NeuroX-75mg,Immunology,Drug Interactions,Pre-Meeting Prep,No Answer Found,40.5,0,0,1,
MSL-000671,2025-07-30,REP-010,DrugAlpha-100mg,Immunology,Competitor Comparison,Pre-Meeting Prep,Fully Answered,4.4,12.4,0,5,
MSL-000672,2025-07-30,REP-015,DrugAlpha-100mg,Oncology,Long-term Outcomes,Pre-Meeting Prep,Partially Answered,18.6,9.5,1,3,HCP-0269
MSL-000673,2025-07-30,REP-015,DrugBeta-50mg,Oncology,Adverse Events / Safety,Live During HCP Call,Fully Answered,8.5,14.2,0,5,
MSL-000674,2025-07-30,REP-015,DrugAlpha-100mg,Oncology,Combination Therapy,Live During HCP Call,Fully Answered,5.6,14.7,0,4,
MSL-000675,2025-07-30,REP-016,NeuroX-75mg,Neurology,Biomarker Data,Self-Study,Partially Answered,9.2,17.4,0,2,
MSL-000676,2025-07-30,REP-016,DrugBeta-50mg,Neurology,Guidelines / Protocols,Self-Study,Fully Answered,5.2,10.6,0,4,
MSL-000677,2025-07-30,REP-017,DrugGamma-200mg,Immunology,Combination Therapy,Live During HCP Call,Redirected to Medical,25.5,0,0,3,
MSL-000678,2025-07-30,REP-017,DrugAlpha-100mg,Immunology,Adverse Events / Safety,Post-Call Follow-up,Fully Answered,13.3,9.5,0,5,
MSL-000679,2025-07-30,REP-017,CardioPlus-25mg,Immunology,Real-World Evidence,Pre-Meeting Prep,Redirected to Medical,10.3,0,0,1,
MSL-000680,2025-07-30,REP-017,NeuroX-75mg,Immunology,Clinical Trial Data,Live During HCP Call,Fully Answered,3.4,8.6,1,5,HCP-0447
MSL-000681,2025-07-30,REP-017,NeuroX-75mg,Immunology,Mechanism of Action,Live During HCP Call,Fully Answered,5.9,4.6,1,5,HCP-0150
MSL-000682,2025-07-30,REP-021,DrugGamma-200mg,Rare Disease,Real-World Evidence,Self-Study,Fully Answered,5.8,20.2,0,5,
MSL-000683,2025-07-30,REP-021,CardioPlus-25mg,Rare Disease,Guidelines / Protocols,Pre-Meeting Prep,Fully Answered,13.2,9.2,0,5,
MSL-000684,2025-07-30,REP-021,CardioPlus-25mg,Rare Disease,Dosing Guidelines,Pre-Meeting Prep,Fully Answered,6.3,15.8,0,4,
MSL-000685,2025-07-31,REP-002,DrugGamma-200mg,Oncology,Pharmacokinetics,Pre-Meeting Prep,Partially Answered,13.7,6.4,0,4,
MSL-000686,2025-07-31,REP-002,NeuroX-75mg,Oncology,Pharmacokinetics,Live During HCP Call,Fully Answered,9.4,6.5,0,5,
MSL-000687,2025-07-31,REP-004,DrugGamma-200mg,Cardiology,Pharmacokinetics,Live During HCP Call,Redirected to Medical,19.0,0,0,2,
MSL-000688,2025-07-31,REP-008,NeuroX-75mg,Immunology,Off-label Evidence Request,Live During HCP Call,Fully Answered,10.2,6.4,0,5,
MSL-000689,2025-07-31,REP-008,DrugGamma-200mg,Immunology,Off-label Evidence Request,Post-Call Follow-up,Fully Answered,6.2,9.7,0,5,
MSL-000690,2025-07-31,REP-009,DrugAlpha-100mg,Cardiology,Drug Interactions,Self-Study,Fully Answered,7.8,7.9,0,4,
MSL-000691,2025-07-31,REP-010,DrugBeta-50mg,Immunology,Drug Interactions,Pre-Meeting Prep,Fully Answered,4.0,12.5,1,5,HCP-0230
MSL-000692,2025-07-31,REP-010,CardioPlus-25mg,Immunology,Adverse Events / Safety,Live During HCP Call,Fully Answered,9.7,5.9,1,5,HCP-0029
MSL-000693,2025-07-31,REP-010,DrugAlpha-100mg,Immunology,Off-label Evidence Request,Live During HCP Call,Redirected to Medical,24.5,0,0,3,
MSL-000694,2025-07-31,REP-010,NeuroX-75mg,Immunology,Clinical Trial Data,Pre-Meeting Prep,No Answer Found,20.1,0,0,1,
MSL-000695,2025-07-31,REP-010,CardioPlus-25mg,Immunology,Dosing Guidelines,Post-Call Follow-up,Fully Answered,2.8,13.0,0,5,
MSL-000696,2025-07-31,REP-015,DrugAlpha-100mg,Oncology,Dosing Guidelines,Pre-Meeting Prep,Fully Answered,4.2,11.0,1,5,HCP-0340
MSL-000697,2025-07-31,REP-015,DrugBeta-50mg,Oncology,Subgroup Analysis,Live During HCP Call,Redirected to Medical,18.3,0,0,1,
MSL-000698,2025-07-31,REP-016,CardioPlus-25mg,Neurology,Pharmacokinetics,Pre-Meeting Prep,Fully Answered,6.0,9.5,1,4,HCP-0257
MSL-000699,2025-07-31,REP-017,DrugBeta-50mg,Immunology,Clinical Trial Data,Post-Call Follow-up,Fully Answered,12.6,11.8,0,4,
MSL-000700,2025-07-31,REP-017,CardioPlus-25mg,Immunology,Subgroup Analysis,Post-Call Follow-up,Fully Answered,7.0,2,0,5,
MSL-000701,2025-07-31,REP-017,NeuroX-75mg,Immunology,Biomarker Data,Pre-Meeting Prep,Fully Answered,9.1,16.0,1,5,HCP-0438
MSL-000702,2025-07-31,REP-017,DrugGamma-200mg,Immunology,Long-term Outcomes,Post-Call Follow-up,Partially Answered,11.2,8.7,0,3,
MSL-000703,2025-07-31,REP-021,CardioPlus-25mg,Rare Disease,Drug Interactions,Live During HCP Call,Fully Answered,10.5,4.4,1,5,HCP-0348
MSL-000704,2025-07-31,REP-021,CardioPlus-25mg,Rare Disease,Adverse Events / Safety,Live During HCP Call,Fully Answered,10.2,13.1,1,4,HCP-0005
MSL-000705,2025-07-31,REP-021,DrugBeta-50mg,Rare Disease,Mechanism of Action,Live During HCP Call,Fully Answered,11.8,10.0,1,4,HCP-0021
MSL-000706,2025-07-31,REP-021,DrugBeta-50mg,Rare Disease,Combination Therapy,Pre-Meeting Prep,Fully Answered,13.3,14.3,1,5,HCP-0025
MSL-000707,2025-07-31,REP-021,DrugGamma-200mg,Rare Disease,Off-label Evidence Request,Post-Call Follow-up,Fully Answered,4.9,3.7,0,5,
MSL-000708,2025-08-01,REP-002,DrugAlpha-100mg,Oncology,Adverse Events / Safety,Pre-Meeting Prep,Fully Answered,10.6,13.1,1,4,HCP-0311
MSL-000709,2025-08-01,REP-002,CardioPlus-25mg,Oncology,Competitor Comparison,Live During HCP Call,No Answer Found,28.2,0,0,1,
MSL-000710,2025-08-01,REP-002,DrugBeta-50mg,Oncology,Combination Therapy,Self-Study,Fully Answered,6.6,6.3,0,5,
MSL-000711,2025-08-01,REP-002,DrugBeta-50mg,Oncology,Clinical Trial Data,Pre-Meeting Prep,Partially Answered,16.4,7.1,1,3,HCP-0018
MSL-000712,2025-08-01,REP-004,DrugGamma-200mg,Cardiology,Long-term Outcomes,Pre-Meeting Prep,Partially Answered,10.2,9.6,0,3,
MSL-000713,2025-08-01,REP-004,NeuroX-75mg,Cardiology,Biomarker Data,Self-Study,Fully Answered,11.0,16.9,0,5,
MSL-000714,2025-08-01,REP-004,DrugGamma-200mg,Cardiology,Adverse Events / Safety,Post-Call Follow-up,Partially Answered,9.4,11.0,0,2,
MSL-000715,2025-08-01,REP-004,CardioPlus-25mg,Cardiology,Dosing Guidelines,Self-Study,Partially Answered,15.1,14.1,0,2,
MSL-000716,2025-08-01,REP-008,DrugGamma-200mg,Immunology,Adverse Events / Safety,Self-Study,Partially Answered,26.3,16.5,0,2,
MSL-000717,2025-08-01,REP-008,DrugBeta-50mg,Immunology,Competitor Comparison,Live During HCP Call,Fully Answered,4.8,16.1,1,5,HCP-0289
MSL-000718,2025-08-01,REP-009,NeuroX-75mg,Cardiology,Pharmacokinetics,Live During HCP Call,Fully Answered,9.1,14.4,1,5,HCP-0445
MSL-000719,2025-08-01,REP-009,NeuroX-75mg,Cardiology,Competitor Comparison,Pre-Meeting Prep,Fully Answered,6.0,17.3,1,5,HCP-0452
MSL-000720,2025-08-01,REP-009,NeuroX-75mg,Cardiology,Clinical Trial Data,Pre-Meeting Prep,Fully Answered,8.9,16.2,0,5,
MSL-000721,2025-08-01,REP-009,CardioPlus-25mg,Cardiology,Long-term Outcomes,Live During HCP Call,Redirected to Medical,30.7,0,0,2,
MSL-000722,2025-08-01,REP-010,CardioPlus-25mg,Immunology,Subgroup Analysis,Post-Call Follow-up,Fully Answered,6.8,5.9,0,5,
MSL-000723,2025-08-01,REP-010,CardioPlus-25mg,Immunology,Competitor Comparison,Post-Call Follow-up,No Answer Found,26.1,0,0,1,
MSL-000724,2025-08-01,REP-015,DrugAlpha-100mg,Oncology,Combination Therapy,Live During HCP Call,Partially Answered,16.7,6.5,0,3,
MSL-000725,2025-08-01,REP-015,CardioPlus-25mg,Oncology,Subgroup Analysis,Self-Study,Partially Answered,11.7,20.8,0,2,
MSL-000726,2025-08-01,REP-015,CardioPlus-25mg,Oncology,Pharmacokinetics,Pre-Meeting Prep,Fully Answered,5.4,12.9,1,5,HCP-0032
MSL-000727,2025-08-01,REP-015,CardioPlus-25mg,Oncology,Drug Interactions,Post-Call Follow-up,Fully Answered,6.4,16.2,0,5,
MSL-000728,2025-08-01,REP-015,DrugBeta-50mg,Oncology,Mechanism of Action,Self-Study,Partially Answered,11.0,5.9,0,4,
MSL-000729,2025-08-01,REP-016,DrugAlpha-100mg,Neurology,Real-World Evidence,Pre-Meeting Prep,Partially Answered,14.6,2,1,4,HCP-0394
MSL-000730,2025-08-01,REP-016,DrugAlpha-100mg,Neurology,Off-label Evidence Request,Self-Study,Fully Answered,8.0,6.0,0,5,
MSL-000731,2025-08-01,REP-021,DrugGamma-200mg,Rare Disease,Clinical Trial Data,Pre-Meeting Prep,Fully Answered,10.4,12.6,1,5,HCP-0178
MSL-000732,2025-08-01,REP-021,DrugBeta-50mg,Rare Disease,Drug Interactions,Live During HCP Call,Fully Answered,10.0,9.7,1,5,HCP-0060
MSL-000733,2025-08-01,REP-021,NeuroX-75mg,Rare Disease,Real-World Evidence,Live During HCP Call,Partially Answered,11.3,8.8,0,4,
MSL-000734,2025-08-04,REP-002,DrugAlpha-100mg,Oncology,Adverse Events / Safety,Self-Study,Fully Answered,3.7,12.2,0,5,
MSL-000735,2025-08-04,REP-002,DrugAlpha-100mg,Oncology,Patient Selection Criteria,Self-Study,No Answer Found,39.2,0,0,3,
MSL-000736,2025-08-04,REP-002,CardioPlus-25mg,Oncology,Clinical Trial Data,Pre-Meeting Prep,Fully Answered,3.6,8.1,1,5,HCP-0099
MSL-000737,2025-08-04,REP-002,NeuroX-75mg,Oncology,Dosing Guidelines,Self-Study,Fully Answered,1,17.4,0,4,
MSL-000738,2025-08-04,REP-004,CardioPlus-25mg,Cardiology,Guidelines / Protocols,Pre-Meeting Prep,Partially Answered,14.7,7.6,1,4,HCP-0282
MSL-000739,2025-08-04,REP-004,NeuroX-75mg,Cardiology,Patient Selection Criteria,Live During HCP Call,Redirected to Medical,23.2,0,0,2,
MSL-000740,2025-08-04,REP-008,NeuroX-75mg,Immunology,Subgroup Analysis,Self-Study,Redirected to Medical,15.1,0,0,2,
MSL-000741,2025-08-04,REP-008,DrugBeta-50mg,Immunology,Adverse Events / Safety,Pre-Meeting Prep,Fully Answered,9.0,4.6,1,4,HCP-0234
MSL-000742,2025-08-04,REP-009,DrugGamma-200mg,Cardiology,Biomarker Data,Pre-Meeting Prep,Fully Answered,6.5,14.4,1,4,HCP-0257
MSL-000743,2025-08-04,REP-009,DrugBeta-50mg,Cardiology,Biomarker Data,Pre-Meeting Prep,Partially Answered,12.8,8.3,1,3,HCP-0271
MSL-000744,2025-08-04,REP-009,DrugAlpha-100mg,Cardiology,Adverse Events / Safety,Self-Study,No Answer Found,16.5,0,0,2,
MSL-000745,2025-08-04,REP-010,DrugBeta-50mg,Immunology,Clinical Trial Data,Post-Call Follow-up,Fully Answered,2.6,7.0,0,4,
MSL-000746,2025-08-04,REP-010,DrugBeta-50mg,Immunology,Pharmacokinetics,Live During HCP Call,Fully Answered,6.2,9.9,1,5,HCP-0205
MSL-000747,2025-08-04,REP-010,CardioPlus-25mg,Immunology,Biomarker Data,Pre-Meeting Prep,Partially Answered,12.3,15.5,1,3,HCP-0091
MSL-000748,2025-08-04,REP-010,CardioPlus-25mg,Immunology,Clinical Trial Data,Live During HCP Call,Fully Answered,5.5,9.7,1,4,HCP-0450
MSL-000749,2025-08-04,REP-015,NeuroX-75mg,Oncology,Clinical Trial Data,Pre-Meeting Prep,No Answer Found,4.7,0,0,1,
MSL-000750,2025-08-04,REP-015,DrugAlpha-100mg,Oncology,Patient Selection Criteria,Pre-Meeting Prep,Fully Answered,10.1,2.2,1,5,HCP-0058
MSL-000751,2025-08-04,REP-015,DrugGamma-200mg,Oncology,Dosing Guidelines,Live During HCP Call,Fully Answered,5.7,15.2,1,5,HCP-0253
MSL-000752,2025-08-04,REP-016,DrugGamma-200mg,Neurology,Clinical Trial Data,Pre-Meeting Prep,Fully Answered,12.1,27.4,1,5,HCP-0478
MSL-000753,2025-08-04,REP-016,DrugAlpha-100mg,Neurology,Long-term Outcomes,Self-Study,Fully Answered,10.8,12.1,0,5,
MSL-000754,2025-08-04,REP-016,DrugGamma-200mg,Neurology,Real-World Evidence,Pre-Meeting Prep,No Answer Found,17.4,0,0,2,
MSL-000755,2025-08-04,REP-016,DrugGamma-200mg,Neurology,Subgroup Analysis,Live During HCP Call,Fully Answered,10.2,15.8,1,5,HCP-0392
MSL-000756,2025-08-04,REP-016,DrugGamma-200mg,Neurology,Competitor Comparison,Pre-Meeting Prep,Fully Answered,11.4,12.0,1,5,HCP-0040
MSL-000757,2025-08-04,REP-021,DrugAlpha-100mg,Rare Disease,Guidelines / Protocols,Live During HCP Call,Partially Answered,3.2,17.2,0,2,
MSL-000758,2025-08-04,REP-021,DrugBeta-50mg,Rare Disease,Drug Interactions,Self-Study,Fully Answered,4.9,11.1,0,4,
MSL-000759,2025-08-04,REP-021,DrugBeta-50mg,Rare Disease,Biomarker Data,Pre-Meeting Prep,Partially Answered,8.1,11.2,1,4,HCP-0311
MSL-000760,2025-08-04,REP-021,DrugBeta-50mg,Rare Disease,Drug Interactions,Self-Study,Fully Answered,5.8,22.0,0,4,
MSL-000761,2025-08-04,REP-021,NeuroX-75mg,Rare Disease,Guidelines / Protocols,Self-Study,Fully Answered,7.8,18.7,0,4,
MSL-000762,2025-08-05,REP-002,DrugGamma-200mg,Oncology,Pharmacokinetics,Pre-Meeting Prep,Fully Answered,6.7,10.3,0,4,
MSL-000763,2025-08-05,REP-002,NeuroX-75mg,Oncology,Real-World Evidence,Live During HCP Call,Fully Answered,9.0,16.8,0,5,
MSL-000764,2025-08-05,REP-002,DrugAlpha-100mg,Oncology,Adverse Events / Safety,Self-Study,Fully Answered,8.6,13.1,0,4,
MSL-000765,2025-08-05,REP-004,CardioPlus-25mg,Cardiology,Combination Therapy,Pre-Meeting Prep,Fully Answered,11.0,16.1,1,5,HCP-0054
MSL-000766,2025-08-05,REP-004,DrugBeta-50mg,Cardiology,Guidelines / Protocols,Post-Call Follow-up,Fully Answered,12.3,18.6,0,5,
MSL-000767,2025-08-05,REP-008,DrugAlpha-100mg,Immunology,Mechanism of Action,Self-Study,Fully Answered,9.9,12.4,0,5,
MSL-000768,2025-08-05,REP-008,CardioPlus-25mg,Immunology,Adverse Events / Safety,Pre-Meeting Prep,Fully Answered,9.5,14.3,1,5,HCP-0150
MSL-000769,2025-08-05,REP-008,DrugAlpha-100mg,Immunology,Biomarker Data,Post-Call Follow-up,Fully Answered,8.5,8.3,0,5,
MSL-000770,2025-08-05,REP-008,NeuroX-75mg,Immunology,Subgroup Analysis,Post-Call Follow-up,Fully Answered,6.9,8.8,0,5,
MSL-000771,2025-08-05,REP-008,CardioPlus-25mg,Immunology,Combination Therapy,Self-Study,Fully Answered,8.3,17.4,0,5,
MSL-000772,2025-08-05,REP-008,NeuroX-75mg,Immunology,Drug Interactions,Pre-Meeting Prep,Fully Answered,9.4,11.1,1,4,HCP-0500
MSL-000773,2025-08-05,REP-008,DrugAlpha-100mg,Immunology,Mechanism of Action,Live During HCP Call,Fully Answered,1,10.5,0,4,
MSL-000774,2025-08-05,REP-009,CardioPlus-25mg,Cardiology,Dosing Guidelines,Post-Call Follow-up,Partially Answered,15.8,15.8,0,3,
MSL-000775,2025-08-05,REP-010,DrugAlpha-100mg,Immunology,Clinical Trial Data,Live During HCP Call,Partially Answered,11.6,13.4,1,3,HCP-0159
MSL-000776,2025-08-05,REP-010,CardioPlus-25mg,Immunology,Pharmacokinetics,Self-Study,Fully Answered,5.9,19.8,0,5,
MSL-000777,2025-08-05,REP-010,DrugBeta-50mg,Immunology,Subgroup Analysis,Pre-Meeting Prep,Fully Answered,4.6,13.9,1,5,HCP-0417
MSL-000778,2025-08-05,REP-010,DrugAlpha-100mg,Immunology,Patient Selection Criteria,Live During HCP Call,Fully Answered,8.2,6.2,1,5,HCP-0403
MSL-000779,2025-08-05,REP-015,DrugGamma-200mg,Oncology,Long-term Outcomes,Pre-Meeting Prep,Fully Answered,9.5,14.9,1,5,HCP-0084
MSL-000780,2025-08-05,REP-015,DrugAlpha-100mg,Oncology,Off-label Evidence Request,Live During HCP Call,Fully Answered,8.4,8.8,1,4,HCP-0287
MSL-000781,2025-08-05,REP-015,DrugBeta-50mg,Oncology,Drug Interactions,Self-Study,Fully Answered,3.4,7.8,0,4,
MSL-000782,2025-08-05,REP-015,DrugBeta-50mg,Oncology,Long-term Outcomes,Post-Call Follow-up,No Answer Found,15.8,0,0,1,
MSL-000783,2025-08-05,REP-015,DrugBeta-50mg,Oncology,Pharmacokinetics,Self-Study,Redirected to Medical,29.0,0,0,3,
MSL-000784,2025-08-05,REP-015,DrugGamma-200mg,Oncology,Long-term Outcomes,Pre-Meeting Prep,Fully Answered,8.0,2,0,5,
MSL-000785,2025-08-05,REP-015,CardioPlus-25mg,Oncology,Guidelines / Protocols,Post-Call Follow-up,Fully Answered,11.5,14.2,0,5,
MSL-000786,2025-08-05,REP-016,CardioPlus-25mg,Neurology,Combination Therapy,Live During HCP Call,Fully Answered,3.1,13.7,0,4,
MSL-000787,2025-08-05,REP-016,DrugBeta-50mg,Neurology,Dosing Guidelines,Live During HCP Call,Fully Answered,8.3,11.6,1,5,HCP-0285
MSL-000788,2025-08-05,REP-016,NeuroX-75mg,Neurology,Long-term Outcomes,Pre-Meeting Prep,Partially Answered,17.2,12.8,1,4,HCP-0390
MSL-000789,2025-08-05,REP-016,DrugAlpha-100mg,Neurology,Competitor Comparison,Live During HCP Call,Partially Answered,23.4,5.3,1,2,HCP-0209
MSL-000790,2025-08-05,REP-016,NeuroX-75mg,Neurology,Guidelines / Protocols,Live During HCP Call,Fully Answered,4.7,10.7,0,5,
MSL-000791,2025-08-05,REP-021,DrugBeta-50mg,Rare Disease,Competitor Comparison,Pre-Meeting Prep,Fully Answered,9.7,2,1,4,HCP-0252
MSL-000792,2025-08-06,REP-002,DrugAlpha-100mg,Oncology,Subgroup Analysis,Pre-Meeting Prep,Fully Answered,7.6,7.1,0,4,
MSL-000793,2025-08-06,REP-002,NeuroX-75mg,Oncology,Dosing Guidelines,Post-Call Follow-up,Redirected to Medical,30.1,0,0,1,
MSL-000794,2025-08-06,REP-002,DrugAlpha-100mg,Oncology,Drug Interactions,Pre-Meeting Prep,Fully Answered,4.8,10.2,0,5,
MSL-000795,2025-08-06,REP-002,NeuroX-75mg,Oncology,Competitor Comparison,Post-Call Follow-up,Fully Answered,6.8,8.1,0,4,
MSL-000796,2025-08-06,REP-002,CardioPlus-25mg,Oncology,Clinical Trial Data,Pre-Meeting Prep,No Answer Found,19.5,0,0,3,
MSL-000797,2025-08-06,REP-002,DrugBeta-50mg,Oncology,Long-term Outcomes,Self-Study,No Answer Found,9.5,0,0,2,
MSL-000798,2025-08-06,REP-002,DrugAlpha-100mg,Oncology,Real-World Evidence,Live During HCP Call,Fully Answered,7.7,18.9,1,5,HCP-0413
MSL-000799,2025-08-06,REP-004,CardioPlus-25mg,Cardiology,Off-label Evidence Request,Self-Study,Redirected to Medical,17.5,0,0,1,
MSL-000800,2025-08-06,REP-004,DrugAlpha-100mg,Cardiology,Guidelines / Protocols,Live During HCP Call,Partially Answered,10.0,8.0,1,3,HCP-0296
MSL-000801,2025-08-06,REP-008,NeuroX-75mg,Immunology,Pharmacokinetics,Post-Call Follow-up,No Answer Found,24.5,0,0,2,
MSL-000802,2025-08-06,REP-009,DrugBeta-50mg,Cardiology,Combination Therapy,Post-Call Follow-up,Partially Answered,7.9,10.2,0,4,
MSL-000803,2025-08-06,REP-009,CardioPlus-25mg,Cardiology,Clinical Trial Data,Self-Study,Fully Answered,8.9,10.9,0,5,
MSL-000804,2025-08-06,REP-009,CardioPlus-25mg,Cardiology,Off-label Evidence Request,Live During HCP Call,Fully Answered,9.3,2,1,5,HCP-0299
MSL-000805,2025-08-06,REP-010,DrugAlpha-100mg,Immunology,Biomarker Data,Post-Call Follow-up,Fully Answered,11.0,8.8,0,5,
MSL-000806,2025-08-06,REP-010,DrugGamma-200mg,Immunology,Clinical Trial Data,Pre-Meeting Prep,Fully Answered,7.9,5.0,1,4,HCP-0307
MSL-000807,2025-08-06,REP-010,DrugGamma-200mg,Immunology,Competitor Comparison,Post-Call Follow-up,Fully Answered,8.8,8.8,0,5,
MSL-000808,2025-08-06,REP-015,NeuroX-75mg,Oncology,Adverse Events / Safety,Live During HCP Call,Partially Answered,16.8,12.9,1,2,HCP-0466
MSL-000809,2025-08-06,REP-015,NeuroX-75mg,Oncology,Real-World Evidence,Post-Call Follow-up,Fully Answered,4.9,3.8,0,4,
MSL-000810,2025-08-06,REP-015,DrugGamma-200mg,Oncology,Guidelines / Protocols,Self-Study,Fully Answered,8.1,10.8,0,5,
MSL-000811,2025-08-06,REP-016,DrugAlpha-100mg,Neurology,Guidelines / Protocols,Self-Study,No Answer Found,28.2,0,0,2,
MSL-000812,2025-08-06,REP-016,DrugBeta-50mg,Neurology,Subgroup Analysis,Post-Call Follow-up,Partially Answered,15.3,13.0,0,3,
MSL-000813,2025-08-06,REP-016,CardioPlus-25mg,Neurology,Mechanism of Action,Live During HCP Call,Partially Answered,15.0,12.6,1,4,HCP-0467
MSL-000814,2025-08-06,REP-017,DrugBeta-50mg,Immunology,Dosing Guidelines,Pre-Meeting Prep,Fully Answered,9.3,11.1,1,4,HCP-0068
MSL-000815,2025-08-06,REP-017,DrugAlpha-100mg,Immunology,Long-term Outcomes,Pre-Meeting Prep,Fully Answered,5.5,10.1,1,5,HCP-0339
MSL-000816,2025-08-06,REP-017,DrugBeta-50mg,Immunology,Long-term Outcomes,Post-Call Follow-up,Fully Answered,12.7,12.7,0,5,
MSL-000817,2025-08-06,REP-017,NeuroX-75mg,Immunology,Pharmacokinetics,Pre-Meeting Prep,Fully Answered,5.4,16.3,1,4,HCP-0212
MSL-000818,2025-08-06,REP-017,NeuroX-75mg,Immunology,Adverse Events / Safety,Post-Call Follow-up,Fully Answered,6.4,7.1,0,5,
MSL-000819,2025-08-06,REP-021,DrugAlpha-100mg,Rare Disease,Clinical Trial Data,Pre-Meeting Prep,Fully Answered,9.7,14.7,1,5,HCP-0321
MSL-000820,2025-08-06,REP-021,DrugAlpha-100mg,Rare Disease,Subgroup Analysis,Pre-Meeting Prep,Fully Answered,10.9,14.4,1,5,HCP-0033
MSL-000821,2025-08-06,REP-021,DrugBeta-50mg,Rare Disease,Patient Selection Criteria,Live During HCP Call,Partially Answered,16.5,5.1,1,4,HCP-0313
MSL-000822,2025-08-07,REP-002,DrugBeta-50mg,Oncology,Subgroup Analysis,Live During HCP Call,Fully Answered,10.8,11.5,1,5,HCP-0255
MSL-000823,2025-08-07,REP-002,NeuroX-75mg,Oncology,Off-label Evidence Request,Self-Study,Fully Answered,7.4,3.0,0,4,
MSL-000824,2025-08-07,REP-002,DrugBeta-50mg,Oncology,Biomarker Data,Post-Call Follow-up,Fully Answered,8.2,8.5,0,5,
MSL-000825,2025-08-07,REP-004,DrugGamma-200mg,Cardiology,Competitor Comparison,Pre-Meeting Prep,Fully Answered,7.9,3.0,1,5,HCP-0445
MSL-000826,2025-08-07,REP-004,DrugGamma-200mg,Cardiology,Clinical Trial Data,Post-Call Follow-up,Redirected to Medical,19.4,0,0,2,
MSL-000827,2025-08-07,REP-004,DrugAlpha-100mg,Cardiology,Biomarker Data,Post-Call Follow-up,Fully Answered,5.2,18.7,0,5,
MSL-000828,2025-08-07,REP-004,DrugGamma-200mg,Cardiology,Off-label Evidence Request,Pre-Meeting Prep,No Answer Found,29.1,0,0,3,
MSL-000829,2025-08-07,REP-008,DrugGamma-200mg,Immunology,Competitor Comparison,Live During HCP Call,Fully Answered,8.4,12.5,1,5,HCP-0488
MSL-000830,2025-08-07,REP-008,DrugGamma-200mg,Immunology,Dosing Guidelines,Self-Study,Fully Answered,5.5,12.4,0,5,
MSL-000831,2025-08-07,REP-008,CardioPlus-25mg,Immunology,Mechanism of Action,Post-Call Follow-up,Fully Answered,5.3,8.4,0,5,
MSL-000832,2025-08-07,REP-008,CardioPlus-25mg,Immunology,Patient Selection Criteria,Self-Study,Fully Answered,5.5,18.7,0,5,
MSL-000833,2025-08-07,REP-008,DrugGamma-200mg,Immunology,Adverse Events / Safety,Pre-Meeting Prep,Partially Answered,19.2,16.2,1,3,HCP-0444
MSL-000834,2025-08-07,REP-008,DrugGamma-200mg,Immunology,Adverse Events / Safety,Pre-Meeting Prep,Fully Answered,5.2,11.7,1,4,HCP-0028
MSL-000835,2025-08-07,REP-009,DrugAlpha-100mg,Cardiology,Combination Therapy,Post-Call Follow-up,Fully Answered,2.7,21.6,0,5,
MSL-000836,2025-08-07,REP-009,CardioPlus-25mg,Cardiology,Mechanism of Action,Pre-Meeting Prep,Fully Answered,10.5,2,0,5,
MSL-000837,2025-08-07,REP-009,CardioPlus-25mg,Cardiology,Biomarker Data,Pre-Meeting Prep,Fully Answered,7.6,11.0,1,5,HCP-0116
MSL-000838,2025-08-07,REP-009,DrugGamma-200mg,Cardiology,Guidelines / Protocols,Pre-Meeting Prep,No Answer Found,38.5,0,0,2,
MSL-000839,2025-08-07,REP-010,DrugAlpha-100mg,Immunology,Long-term Outcomes,Post-Call Follow-up,Fully Answered,6.7,17.1,0,4,
MSL-000840,2025-08-07,REP-010,DrugAlpha-100mg,Immunology,Biomarker Data,Pre-Meeting Prep,Partially Answered,18.9,15.9,0,3,
MSL-000841,2025-08-07,REP-010,DrugBeta-50mg,Immunology,Long-term Outcomes,Self-Study,Fully Answered,4.0,18.6,0,4,
MSL-000842,2025-08-07,REP-010,CardioPlus-25mg,Immunology,Drug Interactions,Live During HCP Call,Fully Answered,9.8,4.0,1,4,HCP-0431
MSL-000843,2025-08-07,REP-010,CardioPlus-25mg,Immunology,Long-term Outcomes,Post-Call Follow-up,Fully Answered,6.8,3.5,0,5,
MSL-000844,2025-08-07,REP-015,NeuroX-75mg,Oncology,Real-World Evidence,Pre-Meeting Prep,Partially Answered,13.0,11.1,1,3,HCP-0411
MSL-000845,2025-08-07,REP-015,DrugBeta-50mg,Oncology,Patient Selection Criteria,Live During HCP Call,Fully Answered,8.2,13.0,1,5,HCP-0335
MSL-000846,2025-08-07,REP-015,CardioPlus-25mg,Oncology,Clinical Trial Data,Post-Call Follow-up,No Answer Found,19.3,0,0,1,
MSL-000847,2025-08-07,REP-016,DrugBeta-50mg,Neurology,Adverse Events / Safety,Self-Study,Fully Answered,7.3,17.3,0,4,
MSL-000848,2025-08-07,REP-017,CardioPlus-25mg,Immunology,Biomarker Data,Self-Study,Fully Answered,2.7,6.9,0,5,
MSL-000849,2025-08-07,REP-017,NeuroX-75mg,Immunology,Guidelines / Protocols,Live During HCP Call,Fully Answered,8.1,8.4,1,5,HCP-0330
MSL-000850,2025-08-07,REP-017,DrugBeta-50mg,Immunology,Pharmacokinetics,Pre-Meeting Prep,Fully Answered,5.4,15.3,1,4,HCP-0480
MSL-000851,2025-08-07,REP-017,DrugBeta-50mg,Immunology,Competitor Comparison,Pre-Meeting Prep,Fully Answered,10.6,17.8,1,5,HCP-0266
MSL-000852,2025-08-07,REP-017,NeuroX-75mg,Immunology,Drug Interactions,Pre-Meeting Prep,Fully Answered,9.9,16.6,0,5,
MSL-000853,2025-08-08,REP-002,CardioPlus-25mg,Oncology,Adverse Events / Safety,Self-Study,Fully Answered,13.0,15.4,0,5,
MSL-000854,2025-08-08,REP-002,CardioPlus-25mg,Oncology,Combination Therapy,Pre-Meeting Prep,Fully Answered,6.7,17.7,0,5,
MSL-000855,2025-08-08,REP-002,DrugBeta-50mg,Oncology,Mechanism of Action,Post-Call Follow-up,No Answer Found,15.0,0,0,2,
MSL-000856,2025-08-08,REP-002,DrugAlpha-100mg,Oncology,Long-term Outcomes,Self-Study,Fully Answered,6.6,19.8,0,5,
MSL-000857,2025-08-08,REP-004,DrugGamma-200mg,Cardiology,Competitor Comparison,Post-Call Follow-up,Redirected to Medical,23.9,0,0,1,
MSL-000858,2025-08-08,REP-004,CardioPlus-25mg,Cardiology,Subgroup Analysis,Post-Call Follow-up,Partially Answered,14.7,5.3,0,3,
MSL-000859,2025-08-08,REP-004,DrugBeta-50mg,Cardiology,Long-term Outcomes,Post-Call Follow-up,Partially Answered,10.4,16.8,0,3,
MSL-000860,2025-08-08,REP-008,NeuroX-75mg,Immunology,Drug Interactions,Live During HCP Call,No Answer Found,29.3,0,0,2,
MSL-000861,2025-08-08,REP-008,CardioPlus-25mg,Immunology,Real-World Evidence,Live During HCP Call,No Answer Found,18.6,0,0,3,
MSL-000862,2025-08-08,REP-008,DrugAlpha-100mg,Immunology,Competitor Comparison,Live During HCP Call,Fully Answered,6.0,14.9,1,5,HCP-0257
MSL-000863,2025-08-08,REP-008,NeuroX-75mg,Immunology,Off-label Evidence Request,Pre-Meeting Prep,Redirected to Medical,28.5,0,0,3,
MSL-000864,2025-08-08,REP-008,NeuroX-75mg,Immunology,Combination Therapy,Pre-Meeting Prep,Partially Answered,19.0,12.0,1,3,HCP-0091
MSL-000865,2025-08-08,REP-009,DrugGamma-200mg,Cardiology,Dosing Guidelines,Post-Call Follow-up,No Answer Found,23.4,0,0,3,
MSL-000866,2025-08-08,REP-009,DrugGamma-200mg,Cardiology,Mechanism of Action,Live During HCP Call,Fully Answered,3.7,6.6,1,4,HCP-0073
MSL-000867,2025-08-08,REP-010,DrugGamma-200mg,Immunology,Competitor Comparison,Post-Call Follow-up,Fully Answered,11.3,15.6,0,5,
MSL-000868,2025-08-08,REP-010,DrugGamma-200mg,Immunology,Competitor Comparison,Pre-Meeting Prep,Partially Answered,13.1,2,1,3,HCP-0078
MSL-000869,2025-08-08,REP-010,DrugGamma-200mg,Immunology,Biomarker Data,Live During HCP Call,No Answer Found,29.5,0,0,1,
MSL-000870,2025-08-08,REP-010,DrugBeta-50mg,Immunology,Patient Selection Criteria,Live During HCP Call,Fully Answered,13.4,17.4,1,4,HCP-0467
MSL-000871,2025-08-08,REP-015,DrugAlpha-100mg,Oncology,Off-label Evidence Request,Live During HCP Call,Fully Answered,7.0,11.9,1,4,HCP-0143
MSL-000872,2025-08-08,REP-016,DrugGamma-200mg,Neurology,Adverse Events / Safety,Post-Call Follow-up,Partially Answered,13.6,11.9,0,2,
MSL-000873,2025-08-08,REP-016,CardioPlus-25mg,Neurology,Dosing Guidelines,Pre-Meeting Prep,Fully Answered,10.7,7.5,1,5,HCP-0454
MSL-000874,2025-08-08,REP-016,DrugAlpha-100mg,Neurology,Drug Interactions,Self-Study,Redirected to Medical,39.1,0,0,2,
MSL-000875,2025-08-08,REP-016,NeuroX-75mg,Neurology,Off-label Evidence Request,Live During HCP Call,Partially Answered,18.8,13.8,1,4,HCP-0402
MSL-000876,2025-08-08,REP-017,NeuroX-75mg,Immunology,Real-World Evidence,Self-Study,Fully Answered,9.7,6.1,0,4,
MSL-000877,2025-08-08,REP-017,DrugAlpha-100mg,Immunology,Patient Selection Criteria,Pre-Meeting Prep,Fully Answered,7.8,20.3,0,5,
MSL-000878,2025-08-08,REP-017,DrugAlpha-100mg,Immunology,Biomarker Data,Pre-Meeting Prep,Fully Answered,11.4,13.4,1,4,HCP-0406
MSL-000879,2025-08-08,REP-017,DrugAlpha-100mg,Immunology,Off-label Evidence Request,Self-Study,Fully Answered,11.2,16.7,0,5,
MSL-000880,2025-08-08,REP-017,CardioPlus-25mg,Immunology,Real-World Evidence,Pre-Meeting Prep,Fully Answered,12.0,6.5,1,5,HCP-0086
MSL-000881,2025-08-08,REP-021,DrugAlpha-100mg,Rare Disease,Patient Selection Criteria,Pre-Meeting Prep,Fully Answered,6.3,8.2,1,5,HCP-0421
MSL-000882,2025-08-08,REP-021,NeuroX-75mg,Rare Disease,Pharmacokinetics,Pre-Meeting Prep,Fully Answered,7.4,5.8,1,5,HCP-0341
MSL-000883,2025-08-08,REP-021,DrugAlpha-100mg,Rare Disease,Pharmacokinetics,Live During HCP Call,Partially Answered,14.9,14.9,1,2,HCP-0020
MSL-000884,2025-08-08,REP-021,DrugGamma-200mg,Rare Disease,Clinical Trial Data,Pre-Meeting Prep,Partially Answered,19.7,17.1,1,4,HCP-0417
MSL-000885,2025-08-08,REP-021,DrugAlpha-100mg,Rare Disease,Drug Interactions,Self-Study,Partially Answered,23.4,6.3,0,3,
MSL-000886,2025-08-11,REP-002,DrugGamma-200mg,Oncology,Competitor Comparison,Self-Study,Fully Answered,14.3,5.3,0,5,
MSL-000887,2025-08-11,REP-002,CardioPlus-25mg,Oncology,Mechanism of Action,Self-Study,Fully Answered,12.6,21.3,0,5,
MSL-000888,2025-08-11,REP-002,DrugGamma-200mg,Oncology,Long-term Outcomes,Pre-Meeting Prep,Partially Answered,3.2,16.5,0,4,
MSL-000889,2025-08-11,REP-004,NeuroX-75mg,Cardiology,Subgroup Analysis,Self-Study,Partially Answered,10.9,16.0,0,3,
MSL-000890,2025-08-11,REP-004,DrugBeta-50mg,Cardiology,Biomarker Data,Live During HCP Call,Fully Answered,4.9,11.0,1,5,HCP-0128
MSL-000891,2025-08-11,REP-004,DrugGamma-200mg,Cardiology,Patient Selection Criteria,Post-Call Follow-up,Partially Answered,26.3,7.8,0,4,
MSL-000892,2025-08-11,REP-008,CardioPlus-25mg,Immunology,Adverse Events / Safety,Pre-Meeting Prep,Fully Answered,5.4,16.6,1,5,HCP-0087
MSL-000893,2025-08-11,REP-008,CardioPlus-25mg,Immunology,Biomarker Data,Pre-Meeting Prep,No Answer Found,25.6,0,0,1,
MSL-000894,2025-08-11,REP-008,NeuroX-75mg,Immunology,Off-label Evidence Request,Pre-Meeting Prep,Fully Answered,5.2,18.4,1,5,HCP-0019
MSL-000895,2025-08-11,REP-008,CardioPlus-25mg,Immunology,Dosing Guidelines,Self-Study,Partially Answered,12.8,22.3,0,3,
MSL-000896,2025-08-11,REP-008,DrugGamma-200mg,Immunology,Subgroup Analysis,Self-Study,Fully Answered,15.5,14.4,0,5,
MSL-000897,2025-08-11,REP-008,DrugAlpha-100mg,Immunology,Clinical Trial Data,Pre-Meeting Prep,Fully Answered,11.0,5.1,0,4,
MSL-000898,2025-08-11,REP-009,NeuroX-75mg,Cardiology,Mechanism of Action,Live During HCP Call,Fully Answered,10.2,18.3,1,5,HCP-0153
MSL-000899,2025-08-11,REP-009,DrugBeta-50mg,Cardiology,Combination Therapy,Live During HCP Call,Fully Answered,8.4,16.6,1,5,HCP-0099
MSL-000900,2025-08-11,REP-009,DrugAlpha-100mg,Cardiology,Combination Therapy,Post-Call Follow-up,Fully Answered,11.4,2.8,0,5,
MSL-000901,2025-08-11,REP-009,DrugBeta-50mg,Cardiology,Competitor Comparison,Self-Study,Fully Answered,8.1,17.8,0,4,
MSL-000902,2025-08-11,REP-010,DrugBeta-50mg,Immunology,Mechanism of Action,Post-Call Follow-up,No Answer Found,32.3,0,0,3,
MSL-000903,2025-08-11,REP-010,DrugBeta-50mg,Immunology,Patient Selection Criteria,Post-Call Follow-up,Redirected to Medical,25.4,0,0,3,
MSL-000904,2025-08-11,REP-010,DrugAlpha-100mg,Immunology,Adverse Events / Safety,Post-Call Follow-up,Fully Answered,4.1,2.4,0,5,
MSL-000905,2025-08-11,REP-010,NeuroX-75mg,Immunology,Biomarker Data,Live During HCP Call,Fully Answered,7.0,15.4,0,4,
MSL-000906,2025-08-11,REP-015,NeuroX-75mg,Oncology,Drug Interactions,Pre-Meeting Prep,Fully Answered,3.7,18.1,0,4,
MSL-000907,2025-08-11,REP-015,CardioPlus-25mg,Oncology,Dosing Guidelines,Self-Study,Partially Answered,15.1,6.6,0,2,
MSL-000908,2025-08-11,REP-015,CardioPlus-25mg,Oncology,Adverse Events / Safety,Live During HCP Call,Fully Answered,10.0,19.7,1,5,HCP-0101
MSL-000909,2025-08-11,REP-015,NeuroX-75mg,Oncology,Competitor Comparison,Pre-Meeting Prep,Redirected to Medical,26.4,0,0,3,
MSL-000910,2025-08-11,REP-015,DrugBeta-50mg,Oncology,Guidelines / Protocols,Post-Call Follow-up,Fully Answered,8.6,17.4,0,5,
MSL-000911,2025-08-11,REP-015,DrugGamma-200mg,Oncology,Off-label Evidence Request,Post-Call Follow-up,No Answer Found,32.7,0,0,3,
MSL-000912,2025-08-11,REP-016,DrugGamma-200mg,Neurology,Guidelines / Protocols,Post-Call Follow-up,Fully Answered,6.1,10.9,0,5,
MSL-000913,2025-08-11,REP-016,NeuroX-75mg,Neurology,Drug Interactions,Post-Call Follow-up,Fully Answered,10.9,14.3,0,5,
MSL-000914,2025-08-11,REP-016,DrugAlpha-100mg,Neurology,Combination Therapy,Post-Call Follow-up,No Answer Found,25.1,0,0,2,
MSL-000915,2025-08-11,REP-016,DrugAlpha-100mg,Neurology,Off-label Evidence Request,Pre-Meeting Prep,Fully Answered,11.1,2.9,1,5,HCP-0146
MSL-000916,2025-08-11,REP-016,DrugBeta-50mg,Neurology,Patient Selection Criteria,Post-Call Follow-up,Fully Answered,6.5,12.2,0,5,
MSL-000917,2025-08-11,REP-017,DrugAlpha-100mg,Immunology,Real-World Evidence,Live During HCP Call,Partially Answered,7.1,15.6,1,3,HCP-0132
MSL-000918,2025-08-11,REP-017,NeuroX-75mg,Immunology,Biomarker Data,Pre-Meeting Prep,Partially Answered,19.9,8.3,1,2,HCP-0053
MSL-000919,2025-08-11,REP-021,NeuroX-75mg,Rare Disease,Long-term Outcomes,Self-Study,Partially Answered,11.5,10.9,0,4,
MSL-000920,2025-08-11,REP-021,NeuroX-75mg,Rare Disease,Patient Selection Criteria,Self-Study,Fully Answered,11.9,12.5,0,5,
MSL-000921,2025-08-12,REP-002,NeuroX-75mg,Oncology,Patient Selection Criteria,Self-Study,Fully Answered,4.9,4.0,0,4,
MSL-000922,2025-08-12,REP-002,DrugAlpha-100mg,Oncology,Mechanism of Action,Pre-Meeting Prep,Fully Answered,9.8,5.3,1,5,HCP-0165
MSL-000923,2025-08-12,REP-004,CardioPlus-25mg,Cardiology,Guidelines / Protocols,Live During HCP Call,Redirected to Medical,11.9,0,0,3,
MSL-000924,2025-08-12,REP-004,NeuroX-75mg,Cardiology,Real-World Evidence,Pre-Meeting Prep,Fully Answered,4.5,17.6,1,5,HCP-0343
MSL-000925,2025-08-12,REP-004,NeuroX-75mg,Cardiology,Patient Selection Criteria,Self-Study,Fully Answered,10.6,8.3,0,5,
MSL-000926,2025-08-12,REP-008,NeuroX-75mg,Immunology,Subgroup Analysis,Live During HCP Call,No Answer Found,26.9,0,0,3,
MSL-000927,2025-08-12,REP-008,NeuroX-75mg,Immunology,Guidelines / Protocols,Pre-Meeting Prep,Fully Answered,9.4,9.6,1,5,HCP-0039
MSL-000928,2025-08-12,REP-008,DrugBeta-50mg,Immunology,Guidelines / Protocols,Post-Call Follow-up,Redirected to Medical,31.3,0,0,1,
MSL-000929,2025-08-12,REP-009,CardioPlus-25mg,Cardiology,Guidelines / Protocols,Pre-Meeting Prep,Partially Answered,21.6,13.7,1,2,HCP-0497
MSL-000930,2025-08-12,REP-009,DrugGamma-200mg,Cardiology,Dosing Guidelines,Live During HCP Call,Fully Answered,3.8,21.6,1,5,HCP-0146
MSL-000931,2025-08-12,REP-010,NeuroX-75mg,Immunology,Combination Therapy,Self-Study,Redirected to Medical,30.7,0,0,2,
MSL-000932,2025-08-12,REP-010,CardioPlus-25mg,Immunology,Subgroup Analysis,Pre-Meeting Prep,Fully Answered,8.9,9.5,0,5,
MSL-000933,2025-08-12,REP-015,DrugAlpha-100mg,Oncology,Clinical Trial Data,Live During HCP Call,Fully Answered,6.1,10.0,1,5,HCP-0478
MSL-000934,2025-08-12,REP-015,DrugGamma-200mg,Oncology,Real-World Evidence,Self-Study,Fully Answered,10.7,2,0,5,
MSL-000935,2025-08-12,REP-015,DrugBeta-50mg,Oncology,Long-term Outcomes,Self-Study,Fully Answered,2.6,8.1,0,4,
MSL-000936,2025-08-12,REP-015,NeuroX-75mg,Oncology,Patient Selection Criteria,Pre-Meeting Prep,Fully Answered,7.3,21.1,1,5,HCP-0154
MSL-000937,2025-08-12,REP-015,DrugAlpha-100mg,Oncology,Dosing Guidelines,Live During HCP Call,Fully Answered,6.9,5.6,0,5,
MSL-000938,2025-08-12,REP-016,DrugGamma-200mg,Neurology,Long-term Outcomes,Self-Study,Fully Answered,8.3,9.7,0,4,
MSL-000939,2025-08-12,REP-016,NeuroX-75mg,Neurology,Subgroup Analysis,Post-Call Follow-up,Fully Answered,5.2,14.5,0,5,
MSL-000940,2025-08-12,REP-017,DrugGamma-200mg,Immunology,Pharmacokinetics,Self-Study,Partially Answered,19.3,11.1,0,4,
MSL-000941,2025-08-12,REP-017,DrugGamma-200mg,Immunology,Combination Therapy,Live During HCP Call,Fully Answered,9.4,10.7,1,5,HCP-0259
MSL-000942,2025-08-12,REP-017,NeuroX-75mg,Immunology,Clinical Trial Data,Pre-Meeting Prep,Fully Answered,13.4,2,0,5,
MSL-000943,2025-08-12,REP-017,NeuroX-75mg,Immunology,Biomarker Data,Live During HCP Call,Fully Answered,6.5,8.5,1,5,HCP-0177
MSL-000944,2025-08-12,REP-017,DrugAlpha-100mg,Immunology,Dosing Guidelines,Pre-Meeting Prep,Partially Answered,11.4,14.4,0,3,
MSL-000945,2025-08-12,REP-021,DrugGamma-200mg,Rare Disease,Guidelines / Protocols,Pre-Meeting Prep,Fully Answered,6.7,8.9,1,5,HCP-0465
MSL-000946,2025-08-12,REP-021,DrugBeta-50mg,Rare Disease,Mechanism of Action,Pre-Meeting Prep,Fully Answered,8.2,16.9,0,5,
MSL-000947,2025-08-12,REP-021,CardioPlus-25mg,Rare Disease,Clinical Trial Data,Live During HCP Call,Fully Answered,12.7,5.1,1,5,HCP-0174
MSL-000948,2025-08-12,REP-021,DrugAlpha-100mg,Rare Disease,Guidelines / Protocols,Pre-Meeting Prep,Fully Answered,6.2,5.1,1,5,HCP-0311
MSL-000949,2025-08-12,REP-021,CardioPlus-25mg,Rare Disease,Drug Interactions,Pre-Meeting Prep,Fully Answered,13.4,13.2,0,4,
MSL-000950,2025-08-12,REP-021,DrugGamma-200mg,Rare Disease,Drug Interactions,Self-Study,Partially Answered,8.9,15.5,0,2,
MSL-000951,2025-08-13,REP-002,DrugBeta-50mg,Oncology,Off-label Evidence Request,Live During HCP Call,Fully Answered,6.3,11.3,1,4,HCP-0284
MSL-000952,2025-08-13,REP-002,DrugAlpha-100mg,Oncology,Competitor Comparison,Live During HCP Call,Fully Answered,6.8,6.0,1,4,HCP-0100
MSL-000953,2025-08-13,REP-002,CardioPlus-25mg,Oncology,Adverse Events / Safety,Live During HCP Call,Partially Answered,20.1,2,0,3,
MSL-000954,2025-08-13,REP-004,NeuroX-75mg,Cardiology,Off-label Evidence Request,Pre-Meeting Prep,Fully Answered,6.6,18.4,1,4,HCP-0399
MSL-000955,2025-08-13,REP-004,DrugAlpha-100mg,Cardiology,Guidelines / Protocols,Pre-Meeting Prep,Fully Answered,6.1,13.3,1,5,HCP-0081
MSL-000956,2025-08-13,REP-009,DrugAlpha-100mg,Cardiology,Real-World Evidence,Pre-Meeting Prep,Fully Answered,6.4,21.5,1,5,HCP-0125
MSL-000957,2025-08-13,REP-009,DrugAlpha-100mg,Cardiology,Biomarker Data,Self-Study,Fully Answered,3.3,2,0,4,
MSL-000958,2025-08-13,REP-009,NeuroX-75mg,Cardiology,Subgroup Analysis,Post-Call Follow-up,Partially Answered,18.8,19.8,0,4,
MSL-000959,2025-08-13,REP-009,NeuroX-75mg,Cardiology,Real-World Evidence,Post-Call Follow-up,Fully Answered,7.4,5.0,0,5,
MSL-000960,2025-08-13,REP-010,DrugBeta-50mg,Immunology,Patient Selection Criteria,Pre-Meeting Prep,Partially Answered,14.7,9.7,0,3,
MSL-000961,2025-08-13,REP-010,DrugGamma-200mg,Immunology,Guidelines / Protocols,Post-Call Follow-up,No Answer Found,42.7,0,0,1,
MSL-000962,2025-08-13,REP-010,CardioPlus-25mg,Immunology,Drug Interactions,Self-Study,Partially Answered,17.3,14.0,0,4,
MSL-000963,2025-08-13,REP-010,DrugGamma-200mg,Immunology,Subgroup Analysis,Self-Study,Partially Answered,18.9,13.4,0,4,
MSL-000964,2025-08-13,REP-015,NeuroX-75mg,Oncology,Pharmacokinetics,Live During HCP Call,Fully Answered,4.3,8.5,0,5,
MSL-000965,2025-08-13,REP-015,DrugBeta-50mg,Oncology,Real-World Evidence,Pre-Meeting Prep,Partially Answered,9.6,16.0,0,3,
MSL-000966,2025-08-13,REP-015,DrugGamma-200mg,Oncology,Patient Selection Criteria,Pre-Meeting Prep,Fully Answered,5.9,9.0,0,5,
MSL-000967,2025-08-13,REP-016,DrugGamma-200mg,Neurology,Mechanism of Action,Live During HCP Call,Fully Answered,8.0,6.6,1,5,HCP-0468
MSL-000968,2025-08-13,REP-016,DrugBeta-50mg,Neurology,Dosing Guidelines,Live During HCP Call,Fully Answered,5.4,13.7,1,5,HCP-0319
MSL-000969,2025-08-13,REP-017,NeuroX-75mg,Immunology,Pharmacokinetics,Post-Call Follow-up,Fully Answered,2.6,8.1,0,4,
MSL-000970,2025-08-13,REP-017,CardioPlus-25mg,Immunology,Competitor Comparison,Post-Call Follow-up,No Answer Found,22.9,0,0,1,
MSL-000971,2025-08-13,REP-017,DrugAlpha-100mg,Immunology,Long-term Outcomes,Live During HCP Call,Fully Answered,7.6,2,0,5,
MSL-000972,2025-08-13,REP-017,DrugGamma-200mg,Immunology,Biomarker Data,Pre-Meeting Prep,Fully Answered,8.5,15.9,1,5,HCP-0085
MSL-000973,2025-08-13,REP-021,DrugGamma-200mg,Rare Disease,Adverse Events / Safety,Live During HCP Call,Fully Answered,8.0,3.8,1,5,HCP-0200
MSL-000974,2025-08-13,REP-021,DrugAlpha-100mg,Rare Disease,Dosing Guidelines,Pre-Meeting Prep,Partially Answered,5.3,9.3,1,4,HCP-0162
MSL-000975,2025-08-13,REP-021,DrugBeta-50mg,Rare Disease,Mechanism of Action,Pre-Meeting Prep,Fully Answered,9.5,11.3,1,5,HCP-0042
MSL-000976,2025-08-13,REP-021,DrugGamma-200mg,Rare Disease,Clinical Trial Data,Live During HCP Call,Fully Answered,11.8,12.2,1,5,HCP-0167
MSL-000977,2025-08-14,REP-002,CardioPlus-25mg,Oncology,Off-label Evidence Request,Post-Call Follow-up,Fully Answered,1.6,21.5,0,5,
MSL-000978,2025-08-14,REP-002,DrugGamma-200mg,Oncology,Mechanism of Action,Post-Call Follow-up,Fully Answered,7.5,10.7,0,5,
MSL-000979,2025-08-14,REP-002,CardioPlus-25mg,Oncology,Long-term Outcomes,Pre-Meeting Prep,Fully Answered,5.6,10.4,1,5,HCP-0131
MSL-000980,2025-08-14,REP-004,DrugBeta-50mg,Cardiology,Biomarker Data,Live During HCP Call,Partially Answered,13.8,19.3,1,3,HCP-0271
MSL-000981,2025-08-14,REP-004,DrugGamma-200mg,Cardiology,Long-term Outcomes,Self-Study,Fully Answered,10.4,8.9,0,5,
MSL-000982,2025-08-14,REP-004,NeuroX-75mg,Cardiology,Biomarker Data,Post-Call Follow-up,Fully Answered,9.1,10.5,0,4,
MSL-000983,2025-08-14,REP-008,NeuroX-75mg,Immunology,Subgroup Analysis,Pre-Meeting Prep,Partially Answered,18.3,14.2,0,4,
MSL-000984,2025-08-14,REP-008,DrugBeta-50mg,Immunology,Adverse Events / Safety,Pre-Meeting Prep,Fully Answered,3.9,13.8,1,5,HCP-0044
MSL-000985,2025-08-14,REP-008,DrugAlpha-100mg,Immunology,Real-World Evidence,Live During HCP Call,No Answer Found,17.1,0,0,2,
MSL-000986,2025-08-14,REP-008,NeuroX-75mg,Immunology,Guidelines / Protocols,Self-Study,Redirected to Medical,36.4,0,0,3,
MSL-000987,2025-08-14,REP-008,DrugBeta-50mg,Immunology,Mechanism of Action,Live During HCP Call,Fully Answered,7.0,12.8,1,5,HCP-0040
MSL-000988,2025-08-14,REP-008,NeuroX-75mg,Immunology,Adverse Events / Safety,Pre-Meeting Prep,Partially Answered,16.4,26.0,1,3,HCP-0026
MSL-000989,2025-08-14,REP-008,DrugAlpha-100mg,Immunology,Long-term Outcomes,Pre-Meeting Prep,Fully Answered,3.9,7.8,0,4,
MSL-000990,2025-08-14,REP-008,DrugBeta-50mg,Immunology,Drug Interactions,Live During HCP Call,Fully Answered,7.8,11.7,1,4,HCP-0482
MSL-000991,2025-08-14,REP-009,CardioPlus-25mg,Cardiology,Guidelines / Protocols,Pre-Meeting Prep,Fully Answered,1,17.2,1,5,HCP-0273
MSL-000992,2025-08-14,REP-009,DrugGamma-200mg,Cardiology,Mechanism of Action,Post-Call Follow-up,Fully Answered,5.6,2,0,4,
MSL-000993,2025-08-14,REP-009,CardioPlus-25mg,Cardiology,Pharmacokinetics,Post-Call Follow-up,Partially Answered,16.8,9.0,0,3,
MSL-000994,2025-08-14,REP-009,DrugAlpha-100mg,Cardiology,Pharmacokinetics,Live During HCP Call,Fully Answered,12.9,16.4,1,5,HCP-0103
MSL-000995,2025-08-14,REP-009,NeuroX-75mg,Cardiology,Patient Selection Criteria,Post-Call Follow-up,Fully Answered,8.0,12.1,0,5,
MSL-000996,2025-08-14,REP-010,CardioPlus-25mg,Immunology,Pharmacokinetics,Self-Study,Fully Answered,7.0,14.1,0,4,
MSL-000997,2025-08-14,REP-015,DrugAlpha-100mg,Oncology,Adverse Events / Safety,Live During HCP Call,Fully Answered,12.7,6.9,1,4,HCP-0257
MSL-000998,2025-08-14,REP-015,DrugAlpha-100mg,Oncology,Competitor Comparison,Post-Call Follow-up,Fully Answered,10.5,10.4,0,5,
MSL-000999,2025-08-14,REP-015,NeuroX-75mg,Oncology,Biomarker Data,Pre-Meeting Prep,Redirected to Medical,30.6,0,0,3,
MSL-001000,2025-08-14,REP-016,DrugBeta-50mg,Neurology,Patient Selection Criteria,Live During HCP Call,Partially Answered,16.7,6.7,0,3,
MSL-001001,2025-08-14,REP-016,CardioPlus-25mg,Neurology,Pharmacokinetics,Pre-Meeting Prep,Fully Answered,10.7,11.8,1,5,HCP-0431
MSL-001002,2025-08-14,REP-017,DrugBeta-50mg,Immunology,Competitor Comparison,Pre-Meeting Prep,Fully Answered,10.1,6.4,1,5,HCP-0077
MSL-001003,2025-08-14,REP-021,DrugAlpha-100mg,Rare Disease,Patient Selection Criteria,Pre-Meeting Prep,Fully Answered,6.6,15.5,1,5,HCP-0450
MSL-001004,2025-08-15,REP-002,NeuroX-75mg,Oncology,Off-label Evidence Request,Pre-Meeting Prep,Fully Answered,9.8,8.8,0,4,
MSL-001005,2025-08-15,REP-002,DrugGamma-200mg,Oncology,Patient Selection Criteria,Post-Call Follow-up,Fully Answered,4.0,12.9,0,4,
MSL-001006,2025-08-15,REP-002,DrugBeta-50mg,Oncology,Patient Selection Criteria,Pre-Meeting Prep,Partially Answered,13.4,6.7,0,3,
MSL-001007,2025-08-15,REP-002,NeuroX-75mg,Oncology,Biomarker Data,Self-Study,Partially Answered,14.7,2.9,0,3,
MSL-001008,2025-08-15,REP-002,DrugBeta-50mg,Oncology,Off-label Evidence Request,Pre-Meeting Prep,Redirected to Medical,25.2,0,0,1,
MSL-001009,2025-08-15,REP-002,DrugGamma-200mg,Oncology,Guidelines / Protocols,Pre-Meeting Prep,Fully Answered,5.9,9.6,0,5,
MSL-001010,2025-08-15,REP-002,NeuroX-75mg,Oncology,Long-term Outcomes,Pre-Meeting Prep,Fully Answered,9.0,13.2,1,5,HCP-0091
MSL-001011,2025-08-15,REP-002,CardioPlus-25mg,Oncology,Guidelines / Protocols,Live During HCP Call,Fully Answered,7.9,13.1,1,4,HCP-0005
MSL-001012,2025-08-15,REP-004,DrugAlpha-100mg,Cardiology,Patient Selection Criteria,Pre-Meeting Prep,Fully Answered,13.8,17.9,1,5,HCP-0143
MSL-001013,2025-08-15,REP-004,NeuroX-75mg,Cardiology,Adverse Events / Safety,Post-Call Follow-up,Fully Answered,3.9,4.3,0,5,
MSL-001014,2025-08-15,REP-004,NeuroX-75mg,Cardiology,Drug Interactions,Live During HCP Call,No Answer Found,27.7,0,0,3,
MSL-001015,2025-08-15,REP-008,DrugAlpha-100mg,Immunology,Biomarker Data,Live During HCP Call,Fully Answered,2.8,13.5,0,5,
MSL-001016,2025-08-15,REP-008,DrugAlpha-100mg,Immunology,Patient Selection Criteria,Pre-Meeting Prep,Fully Answered,8.2,17.0,1,5,HCP-0464
MSL-001017,2025-08-15,REP-008,DrugGamma-200mg,Immunology,Pharmacokinetics,Pre-Meeting Prep,No Answer Found,27.5,0,0,1,
MSL-001018,2025-08-15,REP-009,CardioPlus-25mg,Cardiology,Biomarker Data,Live During HCP Call,Partially Answered,13.1,6.8,1,3,HCP-0166
MSL-001019,2025-08-15,REP-009,DrugGamma-200mg,Cardiology,Clinical Trial Data,Live During HCP Call,Partially Answered,20.0,12.0,1,2,HCP-0236
MSL-001020,2025-08-15,REP-009,DrugBeta-50mg,Cardiology,Subgroup Analysis,Pre-Meeting Prep,Partially Answered,12.7,11.2,1,3,HCP-0292
MSL-001021,2025-08-15,REP-010,CardioPlus-25mg,Immunology,Biomarker Data,Post-Call Follow-up,No Answer Found,24.4,0,0,2,
MSL-001022,2025-08-15,REP-015,CardioPlus-25mg,Oncology,Clinical Trial Data,Self-Study,Partially Answered,4.5,11.1,0,3,
MSL-001023,2025-08-15,REP-015,NeuroX-75mg,Oncology,Biomarker Data,Post-Call Follow-up,Fully Answered,8.6,3.4,0,5,
MSL-001024,2025-08-15,REP-016,CardioPlus-25mg,Neurology,Pharmacokinetics,Self-Study,Fully Answered,10.0,6.9,0,5,
MSL-001025,2025-08-15,REP-016,DrugAlpha-100mg,Neurology,Real-World Evidence,Post-Call Follow-up,Partially Answered,22.3,6.2,0,3,
MSL-001026,2025-08-15,REP-017,DrugBeta-50mg,Immunology,Adverse Events / Safety,Self-Study,Partially Answered,17.3,12.9,0,3,
MSL-001027,2025-08-15,REP-017,DrugAlpha-100mg,Immunology,Adverse Events / Safety,Pre-Meeting Prep,Fully Answered,5.9,6.2,1,4,HCP-0296
MSL-001028,2025-08-15,REP-017,DrugBeta-50mg,Immunology,Long-term Outcomes,Pre-Meeting Prep,Fully Answered,6.8,11.0,0,5,
MSL-001029,2025-08-15,REP-021,DrugBeta-50mg,Rare Disease,Mechanism of Action,Pre-Meeting Prep,Fully Answered,12.3,12.9,0,4,
MSL-001030,2025-08-15,REP-021,DrugAlpha-100mg,Rare Disease,Real-World Evidence,Pre-Meeting Prep,Fully Answered,8.1,9.4,1,5,HCP-0300
MSL-001031,2025-08-15,REP-021,NeuroX-75mg,Rare Disease,Subgroup Analysis,Post-Call Follow-up,Fully Answered,6.0,13.3,0,4,
MSL-001032,2025-08-18,REP-002,DrugAlpha-100mg,Oncology,Competitor Comparison,Pre-Meeting Prep,Fully Answered,4.5,11.2,0,4,
MSL-001033,2025-08-18,REP-002,CardioPlus-25mg,Oncology,Competitor Comparison,Post-Call Follow-up,Partially Answered,14.9,24.8,0,2,
MSL-001034,2025-08-18,REP-002,DrugAlpha-100mg,Oncology,Biomarker Data,Pre-Meeting Prep,Fully Answered,6.7,3.5,0,5,
MSL-001035,2025-08-18,REP-002,CardioPlus-25mg,Oncology,Mechanism of Action,Self-Study,Fully Answered,10.8,13.4,0,4,
MSL-001036,2025-08-18,REP-002,DrugAlpha-100mg,Oncology,Biomarker Data,Self-Study,Partially Answered,10.0,12.6,0,3,
MSL-001037,2025-08-18,REP-002,CardioPlus-25mg,Oncology,Off-label Evidence Request,Post-Call Follow-up,Redirected to Medical,27.9,0,0,2,
MSL-001038,2025-08-18,REP-002,DrugBeta-50mg,Oncology,Subgroup Analysis,Pre-Meeting Prep,Fully Answered,5.8,7.4,0,4,
MSL-001039,2025-08-18,REP-004,DrugAlpha-100mg,Cardiology,Subgroup Analysis,Post-Call Follow-up,Fully Answered,6.0,9.2,0,5,
MSL-001040,2025-08-18,REP-008,NeuroX-75mg,Immunology,Combination Therapy,Pre-Meeting Prep,Fully Answered,11.9,4.1,1,4,HCP-0440
MSL-001041,2025-08-18,REP-008,DrugGamma-200mg,Immunology,Dosing Guidelines,Post-Call Follow-up,Fully Answered,10.0,14.2,0,4,
MSL-001042,2025-08-18,REP-008,DrugAlpha-100mg,Immunology,Subgroup Analysis,Pre-Meeting Prep,Partially Answered,25.9,19.3,1,4,HCP-0030
MSL-001043,2025-08-18,REP-009,DrugGamma-200mg,Cardiology,Off-label Evidence Request,Live During HCP Call,Fully Answered,6.1,13.2,0,4,
MSL-001044,2025-08-18,REP-009,NeuroX-75mg,Cardiology,Adverse Events / Safety,Post-Call Follow-up,No Answer Found,30.4,0,0,2,
MSL-001045,2025-08-18,REP-009,DrugBeta-50mg,Cardiology,Patient Selection Criteria,Post-Call Follow-up,Fully Answered,6.0,21.5,0,5,
MSL-001046,2025-08-18,REP-009,NeuroX-75mg,Cardiology,Patient Selection Criteria,Pre-Meeting Prep,No Answer Found,38.2,0,0,1,
MSL-001047,2025-08-18,REP-009,DrugAlpha-100mg,Cardiology,Dosing Guidelines,Post-Call Follow-up,Partially Answered,17.3,16.8,0,3,
MSL-001048,2025-08-18,REP-009,NeuroX-75mg,Cardiology,Competitor Comparison,Self-Study,Fully Answered,10.9,8.4,0,5,
MSL-001049,2025-08-18,REP-010,NeuroX-75mg,Immunology,Off-label Evidence Request,Live During HCP Call,Fully Answered,6.7,11.8,0,4,
MSL-001050,2025-08-18,REP-010,DrugBeta-50mg,Immunology,Adverse Events / Safety,Pre-Meeting Prep,Fully Answered,5.5,4.3,1,5,HCP-0458
MSL-001051,2025-08-18,REP-010,CardioPlus-25mg,Immunology,Biomarker Data,Pre-Meeting Prep,Fully Answered,7.4,14.6,1,5,HCP-0449
MSL-001052,2025-08-18,REP-015,DrugAlpha-100mg,Oncology,Subgroup Analysis,Pre-Meeting Prep,Partially Answered,18.8,9.6,0,4,
MSL-001053,2025-08-18,REP-015,NeuroX-75mg,Oncology,Competitor Comparison,Pre-Meeting Prep,Fully Answered,4.3,11.1,1,4,HCP-0040
MSL-001054,2025-08-18,REP-015,DrugBeta-50mg,Oncology,Subgroup Analysis,Pre-Meeting Prep,Redirected to Medical,36.0,0,0,1,
MSL-001055,2025-08-18,REP-015,DrugBeta-50mg,Oncology,Subgroup Analysis,Post-Call Follow-up,Partially Answered,7.3,5.6,0,4,
MSL-001056,2025-08-18,REP-016,DrugBeta-50mg,Neurology,Competitor Comparison,Post-Call Follow-up,Fully Answered,7.4,9.0,0,5,
MSL-001057,2025-08-18,REP-016,CardioPlus-25mg,Neurology,Guidelines / Protocols,Self-Study,Fully Answered,7.8,7.1,0,5,
MSL-001058,2025-08-18,REP-017,DrugGamma-200mg,Immunology,Adverse Events / Safety,Live During HCP Call,Fully Answered,5.2,10.3,0,5,
MSL-001059,2025-08-18,REP-017,DrugBeta-50mg,Immunology,Subgroup Analysis,Pre-Meeting Prep,Fully Answered,7.6,14.5,1,4,HCP-0234
MSL-001060,2025-08-18,REP-017,NeuroX-75mg,Immunology,Long-term Outcomes,Pre-Meeting Prep,Partially Answered,19.3,6.1,1,4,HCP-0359
MSL-001061,2025-08-18,REP-021,DrugAlpha-100mg,Rare Disease,Long-term Outcomes,Pre-Meeting Prep,Fully Answered,9.0,2.6,1,5,HCP-0317
MSL-001062,2025-08-18,REP-021,DrugAlpha-100mg,Rare Disease,Real-World Evidence,Live During HCP Call,Fully Answered,4.8,5.6,0,4,
MSL-001063,2025-08-18,REP-021,NeuroX-75mg,Rare Disease,Adverse Events / Safety,Post-Call Follow-up,Fully Answered,3.8,18.0,0,5,
MSL-001064,2025-08-18,REP-021,DrugAlpha-100mg,Rare Disease,Mechanism of Action,Pre-Meeting Prep,Fully Answered,4.3,16.9,1,5,HCP-0218
MSL-001065,2025-08-19,REP-002,DrugGamma-200mg,Oncology,Drug Interactions,Pre-Meeting Prep,Fully Answered,7.8,13.7,0,5,
MSL-001066,2025-08-19,REP-002,DrugGamma-200mg,Oncology,Clinical Trial Data,Live During HCP Call,Fully Answered,13.0,11.2,1,4,HCP-0314
MSL-001067,2025-08-19,REP-002,NeuroX-75mg,Oncology,Off-label Evidence Request,Self-Study,Fully Answered,8.7,8.5,0,5,
MSL-001068,2025-08-19,REP-004,CardioPlus-25mg,Cardiology,Biomarker Data,Live During HCP Call,Fully Answered,6.0,13.5,1,5,HCP-0396
MSL-001069,2025-08-19,REP-004,DrugGamma-200mg,Cardiology,Real-World Evidence,Self-Study,Redirected to Medical,26.5,0,0,3,
MSL-001070,2025-08-19,REP-004,DrugGamma-200mg,Cardiology,Real-World Evidence,Pre-Meeting Prep,Fully Answered,11.9,9.8,1,5,HCP-0311
MSL-001071,2025-08-19,REP-008,DrugGamma-200mg,Immunology,Subgroup Analysis,Post-Call Follow-up,Fully Answered,6.7,11.0,0,4,
MSL-001072,2025-08-19,REP-008,DrugAlpha-100mg,Immunology,Pharmacokinetics,Pre-Meeting Prep,Partially Answered,11.7,19.0,1,3,HCP-0383
MSL-001073,2025-08-19,REP-008,NeuroX-75mg,Immunology,Patient Selection Criteria,Pre-Meeting Prep,Fully Answered,4.7,12.9,1,5,HCP-0148
MSL-001074,2025-08-19,REP-008,NeuroX-75mg,Immunology,Real-World Evidence,Post-Call Follow-up,No Answer Found,27.2,0,0,1,
MSL-001075,2025-08-19,REP-008,DrugBeta-50mg,Immunology,Long-term Outcomes,Pre-Meeting Prep,Fully Answered,13.4,12.4,1,5,HCP-0162
MSL-001076,2025-08-19,REP-008,NeuroX-75mg,Immunology,Real-World Evidence,Live During HCP Call,Fully Answered,6.4,10.0,1,5,HCP-0094
MSL-001077,2025-08-19,REP-008,DrugAlpha-100mg,Immunology,Guidelines / Protocols,Pre-Meeting Prep,Fully Answered,11.1,11.2,0,5,
MSL-001078,2025-08-19,REP-009,DrugGamma-200mg,Cardiology,Off-label Evidence Request,Pre-Meeting Prep,Fully Answered,9.4,9.2,1,4,HCP-0017
MSL-001079,2025-08-19,REP-010,CardioPlus-25mg,Immunology,Adverse Events / Safety,Pre-Meeting Prep,Fully Answered,12.2,14.3,1,5,HCP-0237
MSL-001080,2025-08-19,REP-010,DrugGamma-200mg,Immunology,Drug Interactions,Post-Call Follow-up,Fully Answered,7.5,15.6,0,4,
MSL-001081,2025-08-19,REP-010,DrugBeta-50mg,Immunology,Drug Interactions,Pre-Meeting Prep,Partially Answered,11.0,16.0,1,3,HCP-0171
MSL-001082,2025-08-19,REP-015,DrugGamma-200mg,Oncology,Mechanism of Action,Self-Study,Fully Answered,8.0,14.1,0,5,
MSL-001083,2025-08-19,REP-015,DrugAlpha-100mg,Oncology,Dosing Guidelines,Live During HCP Call,Fully Answered,7.8,18.6,1,4,HCP-0423
MSL-001084,2025-08-19,REP-015,CardioPlus-25mg,Oncology,Guidelines / Protocols,Live During HCP Call,Fully Answered,11.5,12.1,0,5,
MSL-001085,2025-08-19,REP-015,CardioPlus-25mg,Oncology,Clinical Trial Data,Live During HCP Call,Fully Answered,3.0,6.8,1,4,HCP-0271
MSL-001086,2025-08-19,REP-015,NeuroX-75mg,Oncology,Subgroup Analysis,Live During HCP Call,Fully Answered,3.5,4.0,0,5,
MSL-001087,2025-08-19,REP-016,DrugAlpha-100mg,Neurology,Real-World Evidence,Pre-Meeting Prep,Redirected to Medical,16.0,0,0,3,
MSL-001088,2025-08-19,REP-017,DrugBeta-50mg,Immunology,Mechanism of Action,Self-Study,No Answer Found,17.9,0,0,3,
MSL-001089,2025-08-19,REP-017,NeuroX-75mg,Immunology,Pharmacokinetics,Live During HCP Call,Redirected to Medical,24.9,0,0,1,
MSL-001090,2025-08-19,REP-017,DrugAlpha-100mg,Immunology,Subgroup Analysis,Post-Call Follow-up,No Answer Found,18.4,0,0,1,
MSL-001091,2025-08-19,REP-021,CardioPlus-25mg,Rare Disease,Biomarker Data,Self-Study,Partially Answered,18.2,4.5,0,3,
MSL-001092,2025-08-19,REP-021,DrugBeta-50mg,Rare Disease,Long-term Outcomes,Pre-Meeting Prep,Fully Answered,12.6,18.1,1,5,HCP-0298
MSL-001093,2025-08-19,REP-021,DrugGamma-200mg,Rare Disease,Competitor Comparison,Live During HCP Call,Partially Answered,28.3,9.3,1,3,HCP-0157
MSL-001094,2025-08-19,REP-021,NeuroX-75mg,Rare Disease,Drug Interactions,Post-Call Follow-up,No Answer Found,24.6,0,0,1,
MSL-001095,2025-08-19,REP-021,CardioPlus-25mg,Rare Disease,Guidelines / Protocols,Self-Study,Fully Answered,7.0,12.7,0,4,
MSL-001096,2025-08-20,REP-002,CardioPlus-25mg,Oncology,Subgroup Analysis,Post-Call Follow-up,No Answer Found,35.0,0,0,1,
MSL-001097,2025-08-20,REP-002,DrugGamma-200mg,Oncology,Real-World Evidence,Live During HCP Call,Fully Answered,9.4,17.5,1,5,HCP-0242
MSL-001098,2025-08-20,REP-002,NeuroX-75mg,Oncology,Long-term Outcomes,Pre-Meeting Prep,Fully Answered,8.6,15.4,1,5,HCP-0185
MSL-001099,2025-08-20,REP-002,NeuroX-75mg,Oncology,Adverse Events / Safety,Pre-Meeting Prep,Fully Answered,13.6,13.7,1,5,HCP-0337
MSL-001100,2025-08-20,REP-002,DrugAlpha-100mg,Oncology,Long-term Outcomes,Post-Call Follow-up,Fully Answered,6.6,5.4,0,5,
MSL-001101,2025-08-20,REP-004,NeuroX-75mg,Cardiology,Patient Selection Criteria,Self-Study,Fully Answered,6.2,16.1,0,4,
MSL-001102,2025-08-20,REP-008,DrugGamma-200mg,Immunology,Pharmacokinetics,Self-Study,Partially Answered,15.2,10.2,0,3,
MSL-001103,2025-08-20,REP-008,CardioPlus-25mg,Immunology,Clinical Trial Data,Post-Call Follow-up,Fully Answered,5.8,15.9,0,5,
MSL-001104,2025-08-20,REP-008,DrugGamma-200mg,Immunology,Off-label Evidence Request,Pre-Meeting Prep,Fully Answered,6.2,14.1,1,5,HCP-0175
MSL-001105,2025-08-20,REP-008,DrugAlpha-100mg,Immunology,Guidelines / Protocols,Post-Call Follow-up,Redirected to Medical,18.2,0,0,1,
MSL-001106,2025-08-20,REP-009,DrugAlpha-100mg,Cardiology,Competitor Comparison,Self-Study,Fully Answered,8.6,12.4,0,4,
MSL-001107,2025-08-20,REP-009,CardioPlus-25mg,Cardiology,Adverse Events / Safety,Post-Call Follow-up,Fully Answered,10.1,16.2,0,5,
MSL-001108,2025-08-20,REP-009,CardioPlus-25mg,Cardiology,Competitor Comparison,Self-Study,No Answer Found,39.1,0,0,1,
MSL-001109,2025-08-20,REP-009,NeuroX-75mg,Cardiology,Mechanism of Action,Live During HCP Call,Fully Answered,12.5,9.4,1,4,HCP-0214
MSL-001110,2025-08-20,REP-009,NeuroX-75mg,Cardiology,Mechanism of Action,Post-Call Follow-up,Fully Answered,2.6,10.4,0,4,
MSL-001111,2025-08-20,REP-009,CardioPlus-25mg,Cardiology,Pharmacokinetics,Pre-Meeting Prep,Fully Answered,7.3,9.6,1,5,HCP-0274
MSL-001112,2025-08-20,REP-009,CardioPlus-25mg,Cardiology,Adverse Events / Safety,Self-Study,Fully Answered,9.8,8.8,0,4,
MSL-001113,2025-08-20,REP-010,DrugGamma-200mg,Immunology,Dosing Guidelines,Pre-Meeting Prep,Fully Answered,4.8,15.1,0,5,
MSL-001114,2025-08-20,REP-010,DrugBeta-50mg,Immunology,Subgroup Analysis,Pre-Meeting Prep,Fully Answered,7.6,2,1,5,HCP-0145
MSL-001115,2025-08-20,REP-010,DrugBeta-50mg,Immunology,Patient Selection Criteria,Post-Call Follow-up,Partially Answered,11.0,15.8,0,3,
MSL-001116,2025-08-20,REP-015,CardioPlus-25mg,Oncology,Pharmacokinetics,Post-Call Follow-up,Partially Answered,17.8,13.4,0,2,
MSL-001117,2025-08-20,REP-015,DrugAlpha-100mg,Oncology,Clinical Trial Data,Live During HCP Call,Fully Answered,6.7,12.2,0,5,
MSL-001118,2025-08-20,REP-015,CardioPlus-25mg,Oncology,Mechanism of Action,Live During HCP Call,Fully Answered,12.0,14.5,1,5,HCP-0026
MSL-001119,2025-08-20,REP-016,DrugGamma-200mg,Neurology,Competitor Comparison,Pre-Meeting Prep,Fully Answered,7.3,16.2,1,5,HCP-0415
MSL-001120,2025-08-20,REP-016,CardioPlus-25mg,Neurology,Drug Interactions,Pre-Meeting Prep,Fully Answered,2.9,8.3,1,4,HCP-0122
MSL-001121,2025-08-20,REP-016,DrugBeta-50mg,Neurology,Pharmacokinetics,Self-Study,Fully Answered,9.8,10.7,0,5,
MSL-001122,2025-08-20,REP-017,NeuroX-75mg,Immunology,Subgroup Analysis,Pre-Meeting Prep,No Answer Found,29.2,0,0,1,
MSL-001123,2025-08-20,REP-017,NeuroX-75mg,Immunology,Biomarker Data,Self-Study,Fully Answered,4.8,15.2,0,5,
MSL-001124,2025-08-20,REP-017,DrugBeta-50mg,Immunology,Adverse Events / Safety,Pre-Meeting Prep,Fully Answered,6.1,12.2,0,4,
MSL-001125,2025-08-20,REP-021,DrugAlpha-100mg,Rare Disease,Patient Selection Criteria,Live During HCP Call,No Answer Found,28.8,0,0,1,
MSL-001126,2025-08-20,REP-021,DrugBeta-50mg,Rare Disease,Patient Selection Criteria,Live During HCP Call,Redirected to Medical,10.6,0,0,2,
MSL-001127,2025-08-20,REP-021,DrugBeta-50mg,Rare Disease,Long-term Outcomes,Live During HCP Call,No Answer Found,5.9,0,0,1,
MSL-001128,2025-08-21,REP-002,DrugBeta-50mg,Oncology,Adverse Events / Safety,Pre-Meeting Prep,Fully Answered,6.1,14.0,1,4,HCP-0419
MSL-001129,2025-08-21,REP-002,DrugGamma-200mg,Oncology,Patient Selection Criteria,Pre-Meeting Prep,Fully Answered,6.4,16.4,0,4,
MSL-001130,2025-08-21,REP-002,NeuroX-75mg,Oncology,Off-label Evidence Request,Pre-Meeting Prep,Fully Answered,10.7,10.4,1,4,HCP-0101
MSL-001131,2025-08-21,REP-004,DrugAlpha-100mg,Cardiology,Competitor Comparison,Pre-Meeting Prep,Fully Answered,3.6,10.1,1,5,HCP-0457
MSL-001132,2025-08-21,REP-004,DrugAlpha-100mg,Cardiology,Pharmacokinetics,Live During HCP Call,Partially Answered,7.3,9.3,1,3,HCP-0415
MSL-001133,2025-08-21,REP-004,CardioPlus-25mg,Cardiology,Clinical Trial Data,Live During HCP Call,Redirected to Medical,24.7,0,0,3,
MSL-001134,2025-08-21,REP-008,DrugBeta-50mg,Immunology,Patient Selection Criteria,Live During HCP Call,Fully Answered,7.0,16.5,1,5,HCP-0298
MSL-001135,2025-08-21,REP-008,CardioPlus-25mg,Immunology,Subgroup Analysis,Pre-Meeting Prep,No Answer Found,29.1,0,0,3,
MSL-001136,2025-08-21,REP-008,DrugAlpha-100mg,Immunology,Competitor Comparison,Live During HCP Call,Fully Answered,8.0,9.0,1,5,HCP-0071
MSL-001137,2025-08-21,REP-009,NeuroX-75mg,Cardiology,Off-label Evidence Request,Pre-Meeting Prep,No Answer Found,34.1,0,0,1,
MSL-001138,2025-08-21,REP-010,DrugGamma-200mg,Immunology,Patient Selection Criteria,Post-Call Follow-up,Fully Answered,8.8,19.7,0,5,
MSL-001139,2025-08-21,REP-010,DrugAlpha-100mg,Immunology,Mechanism of Action,Post-Call Follow-up,Fully Answered,9.2,11.1,0,5,
MSL-001140,2025-08-21,REP-010,CardioPlus-25mg,Immunology,Long-term Outcomes,Live During HCP Call,No Answer Found,32.4,0,0,1,
MSL-001141,2025-08-21,REP-010,DrugAlpha-100mg,Immunology,Real-World Evidence,Pre-Meeting Prep,Partially Answered,15.7,10.6,1,3,HCP-0123
MSL-001142,2025-08-21,REP-010,CardioPlus-25mg,Immunology,Dosing Guidelines,Post-Call Follow-up,Fully Answered,7.3,18.5,0,4,
MSL-001143,2025-08-21,REP-010,CardioPlus-25mg,Immunology,Biomarker Data,Self-Study,Fully Answered,5.4,5.6,0,5,
MSL-001144,2025-08-21,REP-015,DrugGamma-200mg,Oncology,Drug Interactions,Pre-Meeting Prep,Fully Answered,10.6,18.8,1,4,HCP-0471
MSL-001145,2025-08-21,REP-015,DrugAlpha-100mg,Oncology,Off-label Evidence Request,Post-Call Follow-up,Fully Answered,8.4,9.8,0,5,
MSL-001146,2025-08-21,REP-015,CardioPlus-25mg,Oncology,Patient Selection Criteria,Self-Study,Partially Answered,19.7,19.3,0,3,
MSL-001147,2025-08-21,REP-015,DrugGamma-200mg,Oncology,Biomarker Data,Self-Study,Partially Answered,11.7,16.0,0,3,
MSL-001148,2025-08-21,REP-015,DrugGamma-200mg,Oncology,Guidelines / Protocols,Live During HCP Call,Fully Answered,9.6,12.9,1,4,HCP-0492
MSL-001149,2025-08-21,REP-015,DrugAlpha-100mg,Oncology,Long-term Outcomes,Pre-Meeting Prep,Fully Answered,10.3,17.9,1,5,HCP-0412
MSL-001150,2025-08-21,REP-015,DrugBeta-50mg,Oncology,Real-World Evidence,Self-Study,Fully Answered,7.7,11.7,0,5,
MSL-001151,2025-08-21,REP-016,DrugGamma-200mg,Neurology,Combination Therapy,Pre-Meeting Prep,Partially Answered,20.8,9.9,1,4,HCP-0229
MSL-001152,2025-08-21,REP-017,DrugBeta-50mg,Immunology,Off-label Evidence Request,Live During HCP Call,Fully Answered,7.6,7.1,1,5,HCP-0180
MSL-001153,2025-08-21,REP-017,NeuroX-75mg,Immunology,Biomarker Data,Post-Call Follow-up,Fully Answered,7.3,8.8,0,4,
MSL-001154,2025-08-21,REP-017,DrugBeta-50mg,Immunology,Patient Selection Criteria,Live During HCP Call,Fully Answered,11.8,4.6,1,4,HCP-0446
MSL-001155,2025-08-21,REP-017,DrugGamma-200mg,Immunology,Competitor Comparison,Pre-Meeting Prep,Fully Answered,7.1,10.2,1,5,HCP-0066
MSL-001156,2025-08-21,REP-021,DrugBeta-50mg,Rare Disease,Long-term Outcomes,Pre-Meeting Prep,Fully Answered,9.8,20.4,1,5,HCP-0335
MSL-001157,2025-08-21,REP-021,NeuroX-75mg,Rare Disease,Long-term Outcomes,Pre-Meeting Prep,Fully Answered,5.4,14.1,1,5,HCP-0137
MSL-001158,2025-08-22,REP-002,DrugAlpha-100mg,Oncology,Mechanism of Action,Self-Study,Redirected to Medical,32.4,0,0,1,
MSL-001159,2025-08-22,REP-002,CardioPlus-25mg,Oncology,Adverse Events / Safety,Pre-Meeting Prep,No Answer Found,13.3,0,0,1,
MSL-001160,2025-08-22,REP-004,NeuroX-75mg,Cardiology,Biomarker Data,Live During HCP Call,Fully Answered,12.0,9.9,1,5,HCP-0160
MSL-001161,2025-08-22,REP-004,CardioPlus-25mg,Cardiology,Biomarker Data,Live During HCP Call,Redirected to Medical,26.1,0,0,2,
MSL-001162,2025-08-22,REP-004,CardioPlus-25mg,Cardiology,Biomarker Data,Pre-Meeting Prep,Fully Answered,8.2,18.7,1,5,HCP-0210
MSL-001163,2025-08-22,REP-004,CardioPlus-25mg,Cardiology,Biomarker Data,Live During HCP Call,Fully Answered,5.0,14.9,1,5,HCP-0256
MSL-001164,2025-08-22,REP-004,DrugGamma-200mg,Cardiology,Patient Selection Criteria,Post-Call Follow-up,Fully Answered,9.4,9.6,0,4,
MSL-001165,2025-08-22,REP-004,DrugBeta-50mg,Cardiology,Mechanism of Action,Pre-Meeting Prep,Partially Answered,15.1,16.5,1,4,HCP-0061
MSL-001166,2025-08-22,REP-008,DrugAlpha-100mg,Immunology,Off-label Evidence Request,Post-Call Follow-up,Partially Answered,17.2,14.1,0,3,
MSL-001167,2025-08-22,REP-008,DrugGamma-200mg,Immunology,Adverse Events / Safety,Self-Study,Fully Answered,14.4,25.1,0,5,
MSL-001168,2025-08-22,REP-008,DrugBeta-50mg,Immunology,Adverse Events / Safety,Pre-Meeting Prep,No Answer Found,28.5,0,0,2,
MSL-001169,2025-08-22,REP-008,NeuroX-75mg,Immunology,Biomarker Data,Live During HCP Call,Redirected to Medical,23.7,0,0,3,
MSL-001170,2025-08-22,REP-010,DrugGamma-200mg,Immunology,Biomarker Data,Live During HCP Call,Fully Answered,3.9,11.4,0,5,
MSL-001171,2025-08-22,REP-010,DrugAlpha-100mg,Immunology,Real-World Evidence,Pre-Meeting Prep,Fully Answered,6.1,19.5,0,5,
MSL-001172,2025-08-22,REP-010,DrugAlpha-100mg,Immunology,Drug Interactions,Live During HCP Call,Partially Answered,8.9,10.6,1,3,HCP-0388
MSL-001173,2025-08-22,REP-010,NeuroX-75mg,Immunology,Long-term Outcomes,Self-Study,Fully Answered,12.5,7.5,0,4,
MSL-001174,2025-08-22,REP-010,CardioPlus-25mg,Immunology,Subgroup Analysis,Live During HCP Call,Fully Answered,4.9,6.3,1,5,HCP-0104
MSL-001175,2025-08-22,REP-010,NeuroX-75mg,Immunology,Combination Therapy,Pre-Meeting Prep,Fully Answered,2.3,11.3,1,5,HCP-0375
MSL-001176,2025-08-22,REP-015,DrugAlpha-100mg,Oncology,Adverse Events / Safety,Live During HCP Call,Fully Answered,11.4,7.7,0,5,
MSL-001177,2025-08-22,REP-016,CardioPlus-25mg,Neurology,Biomarker Data,Post-Call Follow-up,Fully Answered,9.9,9.3,0,5,
MSL-001178,2025-08-22,REP-016,DrugGamma-200mg,Neurology,Competitor Comparison,Live During HCP Call,Fully Answered,5.3,24.5,1,5,HCP-0409
MSL-001179,2025-08-22,REP-017,NeuroX-75mg,Immunology,Off-label Evidence Request,Post-Call Follow-up,Partially Answered,5.8,10.6,0,3,
MSL-001180,2025-08-22,REP-017,DrugAlpha-100mg,Immunology,Clinical Trial Data,Self-Study,Partially Answered,21.2,9.6,0,2,
MSL-001181,2025-08-22,REP-017,NeuroX-75mg,Immunology,Off-label Evidence Request,Pre-Meeting Prep,Fully Answered,9.9,12.2,1,5,HCP-0466
MSL-001182,2025-08-22,REP-017,DrugBeta-50mg,Immunology,Dosing Guidelines,Pre-Meeting Prep,Fully Answered,4.4,10.3,1,5,HCP-0150
MSL-001183,2025-08-22,REP-021,NeuroX-75mg,Rare Disease,Clinical Trial Data,Pre-Meeting Prep,Fully Answered,10.0,6.2,1,5,HCP-0402
MSL-001184,2025-08-22,REP-021,DrugAlpha-100mg,Rare Disease,Patient Selection Criteria,Self-Study,Fully Answered,5.5,6.7,0,4,
MSL-001185,2025-08-25,REP-002,DrugGamma-200mg,Oncology,Competitor Comparison,Self-Study,Partially Answered,18.7,15.4,0,3,
MSL-001186,2025-08-25,REP-002,NeuroX-75mg,Oncology,Pharmacokinetics,Post-Call Follow-up,Fully Answered,7.0,6.8,0,5,
MSL-001187,2025-08-25,REP-002,DrugAlpha-100mg,Oncology,Biomarker Data,Pre-Meeting Prep,Partially Answered,7.5,10.8,0,2,
MSL-001188,2025-08-25,REP-002,CardioPlus-25mg,Oncology,Dosing Guidelines,Self-Study,No Answer Found,27.6,0,0,1,
MSL-001189,2025-08-25,REP-004,DrugGamma-200mg,Cardiology,Guidelines / Protocols,Self-Study,No Answer Found,18.6,0,0,1,
MSL-001190,2025-08-25,REP-004,NeuroX-75mg,Cardiology,Real-World Evidence,Self-Study,Fully Answered,14.1,8.3,0,4,
MSL-001191,2025-08-25,REP-009,CardioPlus-25mg,Cardiology,Real-World Evidence,Post-Call Follow-up,Fully Answered,8.8,11.5,0,5,
MSL-001192,2025-08-25,REP-009,DrugAlpha-100mg,Cardiology,Combination Therapy,Pre-Meeting Prep,Fully Answered,5.8,12.0,1,5,HCP-0405
MSL-001193,2025-08-25,REP-009,NeuroX-75mg,Cardiology,Subgroup Analysis,Live During HCP Call,Fully Answered,9.3,16.9,1,5,HCP-0473
MSL-001194,2025-08-25,REP-010,DrugAlpha-100mg,Immunology,Biomarker Data,Self-Study,Fully Answered,8.9,14.5,0,5,
MSL-001195,2025-08-25,REP-010,NeuroX-75mg,Immunology,Clinical Trial Data,Live During HCP Call,Fully Answered,9.0,6.9,1,5,HCP-0317
MSL-001196,2025-08-25,REP-010,DrugGamma-200mg,Immunology,Real-World Evidence,Pre-Meeting Prep,Partially Answered,15.9,17.9,0,3,
MSL-001197,2025-08-25,REP-010,DrugGamma-200mg,Immunology,Pharmacokinetics,Live During HCP Call,No Answer Found,24.1,0,0,1,
MSL-001198,2025-08-25,REP-015,CardioPlus-25mg,Oncology,Pharmacokinetics,Self-Study,Fully Answered,8.1,13.5,0,4,
MSL-001199,2025-08-25,REP-015,DrugAlpha-100mg,Oncology,Real-World Evidence,Live During HCP Call,Fully Answered,6.5,18.2,1,5,HCP-0137
MSL-001200,2025-08-25,REP-017,DrugAlpha-100mg,Immunology,Off-label Evidence Request,Live During HCP Call,Partially Answered,7.1,10.4,1,3,HCP-0385
MSL-001201,2025-08-25,REP-021,DrugAlpha-100mg,Rare Disease,Competitor Comparison,Self-Study,No Answer Found,34.5,0,0,3,
MSL-001202,2025-08-25,REP-021,NeuroX-75mg,Rare Disease,Patient Selection Criteria,Live During HCP Call,Fully Answered,2.4,11.9,1,5,HCP-0194
MSL-001203,2025-08-25,REP-021,CardioPlus-25mg,Rare Disease,Competitor Comparison,Post-Call Follow-up,Fully Answered,12.8,23.8,0,5,
MSL-001204,2025-08-25,REP-021,DrugAlpha-100mg,Rare Disease,Guidelines / Protocols,Live During HCP Call,Partially Answered,10.8,9.6,0,2,
MSL-001205,2025-08-26,REP-002,DrugGamma-200mg,Oncology,Clinical Trial Data,Pre-Meeting Prep,Fully Answered,10.8,17.1,1,5,HCP-0169
MSL-001206,2025-08-26,REP-002,DrugAlpha-100mg,Oncology,Off-label Evidence Request,Pre-Meeting Prep,Partially Answered,17.4,9.0,0,2,
MSL-001207,2025-08-26,REP-002,DrugBeta-50mg,Oncology,Real-World Evidence,Post-Call Follow-up,Fully Answered,8.7,13.2,0,5,
MSL-001208,2025-08-26,REP-004,DrugAlpha-100mg,Cardiology,Clinical Trial Data,Pre-Meeting Prep,Partially Answered,19.2,11.3,0,3,
MSL-001209,2025-08-26,REP-004,NeuroX-75mg,Cardiology,Adverse Events / Safety,Pre-Meeting Prep,Fully Answered,4.8,19.3,1,4,HCP-0409
MSL-001210,2025-08-26,REP-004,CardioPlus-25mg,Cardiology,Off-label Evidence Request,Pre-Meeting Prep,Fully Answered,11.0,9.4,1,5,HCP-0410
MSL-001211,2025-08-26,REP-004,DrugBeta-50mg,Cardiology,Adverse Events / Safety,Self-Study,Fully Answered,14.1,10.4,0,5,
MSL-001212,2025-08-26,REP-004,DrugGamma-200mg,Cardiology,Clinical Trial Data,Pre-Meeting Prep,Fully Answered,8.0,14.2,0,4,
MSL-001213,2025-08-26,REP-008,DrugAlpha-100mg,Immunology,Guidelines / Protocols,Self-Study,Fully Answered,4.8,3.6,0,5,
MSL-001214,2025-08-26,REP-008,DrugAlpha-100mg,Immunology,Drug Interactions,Live During HCP Call,No Answer Found,21.8,0,0,1,
MSL-001215,2025-08-26,REP-008,DrugBeta-50mg,Immunology,Subgroup Analysis,Live During HCP Call,Partially Answered,13.8,8.4,0,4,
MSL-001216,2025-08-26,REP-008,CardioPlus-25mg,Immunology,Dosing Guidelines,Post-Call Follow-up,No Answer Found,19.6,0,0,1,
MSL-001217,2025-08-26,REP-009,CardioPlus-25mg,Cardiology,Adverse Events / Safety,Live During HCP Call,Fully Answered,15.1,5.5,1,4,HCP-0128
MSL-001218,2025-08-26,REP-009,DrugBeta-50mg,Cardiology,Patient Selection Criteria,Pre-Meeting Prep,Partially Answered,16.5,12.0,1,3,HCP-0498
MSL-001219,2025-08-26,REP-009,DrugGamma-200mg,Cardiology,Long-term Outcomes,Self-Study,Fully Answered,7.6,13.7,0,5,
MSL-001220,2025-08-26,REP-010,DrugAlpha-100mg,Immunology,Pharmacokinetics,Pre-Meeting Prep,Fully Answered,9.6,15.3,0,4,
MSL-001221,2025-08-26,REP-010,NeuroX-75mg,Immunology,Guidelines / Protocols,Post-Call Follow-up,Fully Answered,11.1,18.4,0,4,
MSL-001222,2025-08-26,REP-010,NeuroX-75mg,Immunology,Clinical Trial Data,Pre-Meeting Prep,Fully Answered,12.1,17.9,1,5,HCP-0476
MSL-001223,2025-08-26,REP-015,NeuroX-75mg,Oncology,Biomarker Data,Post-Call Follow-up,Fully Answered,11.7,9.5,0,5,
MSL-001224,2025-08-26,REP-015,NeuroX-75mg,Oncology,Off-label Evidence Request,Pre-Meeting Prep,Partially Answered,10.4,16.9,1,3,HCP-0403
MSL-001225,2025-08-26,REP-015,NeuroX-75mg,Oncology,Clinical Trial Data,Pre-Meeting Prep,Fully Answered,6.9,5.1,1,4,HCP-0497
MSL-001226,2025-08-26,REP-016,CardioPlus-25mg,Neurology,Off-label Evidence Request,Self-Study,Fully Answered,8.7,19.0,0,5,
MSL-001227,2025-08-26,REP-016,NeuroX-75mg,Neurology,Off-label Evidence Request,Self-Study,Fully Answered,5.5,9.6,0,5,
MSL-001228,2025-08-26,REP-017,DrugBeta-50mg,Immunology,Real-World Evidence,Self-Study,Fully Answered,7.4,13.7,0,5,
MSL-001229,2025-08-26,REP-017,DrugBeta-50mg,Immunology,Clinical Trial Data,Pre-Meeting Prep,Fully Answered,6.7,11.1,1,5,HCP-0434
MSL-001230,2025-08-26,REP-017,DrugBeta-50mg,Immunology,Dosing Guidelines,Self-Study,Partially Answered,15.0,9.3,0,3,
MSL-001231,2025-08-26,REP-017,CardioPlus-25mg,Immunology,Long-term Outcomes,Self-Study,Fully Answered,7.3,7.8,0,4,
MSL-001232,2025-08-26,REP-017,CardioPlus-25mg,Immunology,Subgroup Analysis,Live During HCP Call,Partially Answered,18.0,18.9,1,3,HCP-0063
MSL-001233,2025-08-26,REP-017,DrugGamma-200mg,Immunology,Guidelines / Protocols,Post-Call Follow-up,Fully Answered,7.5,17.5,0,4,
MSL-001234,2025-08-26,REP-017,CardioPlus-25mg,Immunology,Combination Therapy,Pre-Meeting Prep,Partially Answered,14.5,11.1,1,3,HCP-0152
MSL-001235,2025-08-26,REP-021,DrugBeta-50mg,Rare Disease,Adverse Events / Safety,Pre-Meeting Prep,Fully Answered,12.0,14.6,1,4,HCP-0415
MSL-001236,2025-08-26,REP-021,DrugBeta-50mg,Rare Disease,Adverse Events / Safety,Pre-Meeting Prep,Fully Answered,4.8,11.4,1,4,HCP-0151
MSL-001237,2025-08-26,REP-021,DrugGamma-200mg,Rare Disease,Subgroup Analysis,Live During HCP Call,Fully Answered,4.4,14.8,1,5,HCP-0500
MSL-001238,2025-08-27,REP-002,NeuroX-75mg,Oncology,Guidelines / Protocols,Self-Study,Fully Answered,8.5,18.8,0,5,
MSL-001239,2025-08-27,REP-002,NeuroX-75mg,Oncology,Biomarker Data,Live During HCP Call,Fully Answered,4.7,8.6,0,4,
MSL-001240,2025-08-27,REP-002,DrugBeta-50mg,Oncology,Subgroup Analysis,Self-Study,No Answer Found,35.2,0,0,1,
MSL-001241,2025-08-27,REP-002,NeuroX-75mg,Oncology,Drug Interactions,Live During HCP Call,Partially Answered,13.6,8.8,0,3,
MSL-001242,2025-08-27,REP-002,DrugGamma-200mg,Oncology,Patient Selection Criteria,Live During HCP Call,Redirected to Medical,26.5,0,0,1,
MSL-001243,2025-08-27,REP-004,NeuroX-75mg,Cardiology,Mechanism of Action,Self-Study,Fully Answered,8.3,12.3,0,5,
MSL-001244,2025-08-27,REP-004,DrugGamma-200mg,Cardiology,Subgroup Analysis,Post-Call Follow-up,Fully Answered,8.7,13.7,0,4,
MSL-001245,2025-08-27,REP-004,DrugAlpha-100mg,Cardiology,Drug Interactions,Self-Study,Partially Answered,22.7,13.9,0,4,
MSL-001246,2025-08-27,REP-004,DrugAlpha-100mg,Cardiology,Off-label Evidence Request,Pre-Meeting Prep,Fully Answered,12.2,6.2,0,5,
MSL-001247,2025-08-27,REP-008,DrugAlpha-100mg,Immunology,Clinical Trial Data,Pre-Meeting Prep,Fully Answered,7.2,17.5,1,5,HCP-0222
MSL-001248,2025-08-27,REP-008,DrugBeta-50mg,Immunology,Drug Interactions,Self-Study,Redirected to Medical,22.2,0,0,1,
MSL-001249,2025-08-27,REP-008,DrugAlpha-100mg,Immunology,Clinical Trial Data,Pre-Meeting Prep,Fully Answered,11.5,21.8,0,5,
MSL-001250,2025-08-27,REP-008,CardioPlus-25mg,Immunology,Long-term Outcomes,Live During HCP Call,Fully Answered,6.5,7.0,1,4,HCP-0411
MSL-001251,2025-08-27,REP-009,CardioPlus-25mg,Cardiology,Biomarker Data,Pre-Meeting Prep,Fully Answered,2.6,8.7,0,5,
MSL-001252,2025-08-27,REP-009,NeuroX-75mg,Cardiology,Mechanism of Action,Post-Call Follow-up,Redirected to Medical,22.3,0,0,2,
MSL-001253,2025-08-27,REP-009,DrugAlpha-100mg,Cardiology,Real-World Evidence,Post-Call Follow-up,Fully Answered,8.8,14.0,0,5,
MSL-001254,2025-08-27,REP-009,DrugGamma-200mg,Cardiology,Clinical Trial Data,Post-Call Follow-up,Fully Answered,12.4,8.0,0,5,
MSL-001255,2025-08-27,REP-009,DrugAlpha-100mg,Cardiology,Competitor Comparison,Post-Call Follow-up,Partially Answered,15.4,10.5,0,3,
MSL-001256,2025-08-27,REP-009,DrugGamma-200mg,Cardiology,Patient Selection Criteria,Live During HCP Call,Fully Answered,11.7,11.8,0,5,
MSL-001257,2025-08-27,REP-010,NeuroX-75mg,Immunology,Off-label Evidence Request,Live During HCP Call,Fully Answered,4.6,16.0,1,5,HCP-0260
MSL-001258,2025-08-27,REP-010,DrugAlpha-100mg,Immunology,Competitor Comparison,Pre-Meeting Prep,Partially Answered,15.7,4.0,1,4,HCP-0433
MSL-001259,2025-08-27,REP-010,CardioPlus-25mg,Immunology,Subgroup Analysis,Pre-Meeting Prep,Fully Answered,13.5,6.1,1,5,HCP-0377
MSL-001260,2025-08-27,REP-010,DrugGamma-200mg,Immunology,Long-term Outcomes,Post-Call Follow-up,Fully Answered,9.0,12.7,0,5,
MSL-001261,2025-08-27,REP-015,DrugBeta-50mg,Oncology,Real-World Evidence,Self-Study,Fully Answered,1.8,10.8,0,5,
MSL-001262,2025-08-27,REP-015,DrugAlpha-100mg,Oncology,Drug Interactions,Self-Study,Fully Answered,8.4,15.9,0,5,
MSL-001263,2025-08-27,REP-015,CardioPlus-25mg,Oncology,Long-term Outcomes,Live During HCP Call,No Answer Found,26.8,0,0,1,
MSL-001264,2025-08-27,REP-015,DrugAlpha-100mg,Oncology,Biomarker Data,Pre-Meeting Prep,Fully Answered,9.5,11.5,1,5,HCP-0249
MSL-001265,2025-08-27,REP-016,DrugGamma-200mg,Neurology,Combination Therapy,Pre-Meeting Prep,Fully Answered,8.7,14.5,1,4,HCP-0319
MSL-001266,2025-08-27,REP-016,NeuroX-75mg,Neurology,Long-term Outcomes,Pre-Meeting Prep,Redirected to Medical,18.2,0,0,2,
MSL-001267,2025-08-27,REP-016,DrugAlpha-100mg,Neurology,Real-World Evidence,Post-Call Follow-up,Fully Answered,5.8,11.5,0,5,
MSL-001268,2025-08-27,REP-016,DrugAlpha-100mg,Neurology,Adverse Events / Safety,Post-Call Follow-up,Fully Answered,7.0,11.1,0,4,
MSL-001269,2025-08-27,REP-016,DrugBeta-50mg,Neurology,Subgroup Analysis,Live During HCP Call,Partially Answered,18.1,16.4,0,3,
MSL-001270,2025-08-27,REP-017,DrugBeta-50mg,Immunology,Drug Interactions,Live During HCP Call,No Answer Found,33.6,0,0,2,
MSL-001271,2025-08-27,REP-017,NeuroX-75mg,Immunology,Dosing Guidelines,Live During HCP Call,Fully Answered,8.1,6.0,1,4,HCP-0245
MSL-001272,2025-08-27,REP-017,DrugGamma-200mg,Immunology,Competitor Comparison,Self-Study,No Answer Found,18.4,0,0,2,
MSL-001273,2025-08-27,REP-021,CardioPlus-25mg,Rare Disease,Patient Selection Criteria,Live During HCP Call,Fully Answered,6.6,4.3,1,5,HCP-0403
MSL-001274,2025-08-27,REP-021,DrugGamma-200mg,Rare Disease,Long-term Outcomes,Self-Study,Fully Answered,9.5,13.0,0,4,
MSL-001275,2025-08-27,REP-021,CardioPlus-25mg,Rare Disease,Subgroup Analysis,Post-Call Follow-up,Fully Answered,13.5,18.8,0,5,
MSL-001276,2025-08-27,REP-021,CardioPlus-25mg,Rare Disease,Drug Interactions,Post-Call Follow-up,Fully Answered,4.2,7.0,0,5,
MSL-001277,2025-08-28,REP-002,DrugBeta-50mg,Oncology,Patient Selection Criteria,Pre-Meeting Prep,Fully Answered,8.0,13.4,0,4,
MSL-001278,2025-08-28,REP-002,DrugAlpha-100mg,Oncology,Guidelines / Protocols,Post-Call Follow-up,Partially Answered,19.4,11.7,0,4,
MSL-001279,2025-08-28,REP-002,NeuroX-75mg,Oncology,Pharmacokinetics,Self-Study,Fully Answered,7.1,10.3,0,4,
MSL-001280,2025-08-28,REP-002,NeuroX-75mg,Oncology,Long-term Outcomes,Self-Study,Partially Answered,15.4,6.0,0,3,
MSL-001281,2025-08-28,REP-002,DrugBeta-50mg,Oncology,Drug Interactions,Pre-Meeting Prep,Partially Answered,13.2,9.4,1,4,HCP-0152
MSL-001282,2025-08-28,REP-002,DrugAlpha-100mg,Oncology,Drug Interactions,Pre-Meeting Prep,Fully Answered,12.6,15.9,0,4,
MSL-001283,2025-08-28,REP-002,DrugBeta-50mg,Oncology,Real-World Evidence,Post-Call Follow-up,Partially Answered,10.6,2,0,3,
MSL-001284,2025-08-28,REP-002,CardioPlus-25mg,Oncology,Subgroup Analysis,Pre-Meeting Prep,Fully Answered,7.1,2,1,4,HCP-0161
MSL-001285,2025-08-28,REP-004,DrugGamma-200mg,Cardiology,Combination Therapy,Pre-Meeting Prep,Partially Answered,11.4,6.1,1,3,HCP-0330
MSL-001286,2025-08-28,REP-004,DrugBeta-50mg,Cardiology,Adverse Events / Safety,Pre-Meeting Prep,Fully Answered,12.6,8.3,0,4,
MSL-001287,2025-08-28,REP-004,DrugGamma-200mg,Cardiology,Patient Selection Criteria,Live During HCP Call,Partially Answered,10.9,14.8,1,3,HCP-0393
MSL-001288,2025-08-28,REP-004,DrugGamma-200mg,Cardiology,Real-World Evidence,Post-Call Follow-up,Fully Answered,5.8,8.7,0,5,
MSL-001289,2025-08-28,REP-004,DrugAlpha-100mg,Cardiology,Patient Selection Criteria,Pre-Meeting Prep,Partially Answered,18.1,9.5,1,2,HCP-0142
MSL-001290,2025-08-28,REP-008,DrugAlpha-100mg,Immunology,Subgroup Analysis,Pre-Meeting Prep,Partially Answered,8.7,13.8,1,3,HCP-0059
MSL-001291,2025-08-28,REP-008,DrugGamma-200mg,Immunology,Mechanism of Action,Post-Call Follow-up,Fully Answered,11.9,15.3,0,5,
MSL-001292,2025-08-28,REP-008,DrugGamma-200mg,Immunology,Guidelines / Protocols,Pre-Meeting Prep,Fully Answered,9.4,7.9,0,5,
MSL-001293,2025-08-28,REP-009,DrugGamma-200mg,Cardiology,Combination Therapy,Pre-Meeting Prep,Fully Answered,8.8,22.7,1,5,HCP-0115
MSL-001294,2025-08-28,REP-009,DrugAlpha-100mg,Cardiology,Biomarker Data,Self-Study,No Answer Found,13.7,0,0,3,
MSL-001295,2025-08-28,REP-009,DrugBeta-50mg,Cardiology,Off-label Evidence Request,Post-Call Follow-up,Partially Answered,21.5,14.7,0,4,
MSL-001296,2025-08-28,REP-009,DrugAlpha-100mg,Cardiology,Competitor Comparison,Post-Call Follow-up,Fully Answered,8.1,10.1,0,4,
MSL-001297,2025-08-28,REP-009,CardioPlus-25mg,Cardiology,Drug Interactions,Pre-Meeting Prep,Fully Answered,14.3,12.6,1,5,HCP-0118
MSL-001298,2025-08-28,REP-009,DrugAlpha-100mg,Cardiology,Adverse Events / Safety,Live During HCP Call,Fully Answered,7.4,12.2,1,5,HCP-0011
MSL-001299,2025-08-28,REP-010,DrugBeta-50mg,Immunology,Mechanism of Action,Pre-Meeting Prep,Partially Answered,10.7,3.8,1,2,HCP-0470
MSL-001300,2025-08-28,REP-010,CardioPlus-25mg,Immunology,Patient Selection Criteria,Live During HCP Call,Fully Answered,7.4,21.4,1,5,HCP-0264
MSL-001301,2025-08-28,REP-010,DrugBeta-50mg,Immunology,Mechanism of Action,Pre-Meeting Prep,Fully Answered,3.4,4.3,0,5,
MSL-001302,2025-08-28,REP-010,DrugGamma-200mg,Immunology,Clinical Trial Data,Self-Study,No Answer Found,17.9,0,0,2,
MSL-001303,2025-08-28,REP-015,DrugAlpha-100mg,Oncology,Adverse Events / Safety,Pre-Meeting Prep,Partially Answered,15.1,9.9,1,3,HCP-0083
MSL-001304,2025-08-28,REP-016,DrugGamma-200mg,Neurology,Dosing Guidelines,Pre-Meeting Prep,Fully Answered,8.5,14.5,1,5,HCP-0195
MSL-001305,2025-08-28,REP-016,DrugAlpha-100mg,Neurology,Long-term Outcomes,Post-Call Follow-up,Fully Answered,7.2,11.4,0,5,
MSL-001306,2025-08-28,REP-016,DrugAlpha-100mg,Neurology,Guidelines / Protocols,Pre-Meeting Prep,Fully Answered,11.7,17.6,0,4,
MSL-001307,2025-08-28,REP-016,DrugGamma-200mg,Neurology,Clinical Trial Data,Pre-Meeting Prep,Partially Answered,23.5,18.9,1,4,HCP-0427
MSL-001308,2025-08-28,REP-017,NeuroX-75mg,Immunology,Off-label Evidence Request,Live During HCP Call,Fully Answered,2.8,9.5,0,5,
MSL-001309,2025-08-28,REP-017,DrugGamma-200mg,Immunology,Guidelines / Protocols,Post-Call Follow-up,Partially Answered,15.9,15.6,0,4,
MSL-001310,2025-08-28,REP-017,DrugBeta-50mg,Immunology,Clinical Trial Data,Post-Call Follow-up,Fully Answered,6.0,10.3,0,4,
MSL-001311,2025-08-28,REP-021,DrugGamma-200mg,Rare Disease,Mechanism of Action,Pre-Meeting Prep,Fully Answered,6.2,12.2,1,4,HCP-0002
MSL-001312,2025-08-29,REP-002,DrugAlpha-100mg,Oncology,Clinical Trial Data,Live During HCP Call,Partially Answered,16.1,22.0,1,3,HCP-0367
MSL-001313,2025-08-29,REP-002,NeuroX-75mg,Oncology,Off-label Evidence Request,Pre-Meeting Prep,Fully Answered,7.4,16.2,1,5,HCP-0162
MSL-001314,2025-08-29,REP-002,DrugAlpha-100mg,Oncology,Long-term Outcomes,Self-Study,Redirected to Medical,13.3,0,0,1,
MSL-001315,2025-08-29,REP-002,DrugBeta-50mg,Oncology,Mechanism of Action,Live During HCP Call,Fully Answered,14.0,8.1,1,4,HCP-0478
MSL-001316,2025-08-29,REP-004,CardioPlus-25mg,Cardiology,Drug Interactions,Pre-Meeting Prep,Fully Answered,4.2,6.1,1,5,HCP-0283
MSL-001317,2025-08-29,REP-004,DrugGamma-200mg,Cardiology,Clinical Trial Data,Pre-Meeting Prep,Fully Answered,8.3,13.9,1,5,HCP-0354
MSL-001318,2025-08-29,REP-004,NeuroX-75mg,Cardiology,Clinical Trial Data,Live During HCP Call,Fully Answered,9.1,5.6,0,5,
MSL-001319,2025-08-29,REP-008,DrugAlpha-100mg,Immunology,Off-label Evidence Request,Post-Call Follow-up,Fully Answered,7.2,6.9,0,5,
MSL-001320,2025-08-29,REP-008,DrugGamma-200mg,Immunology,Real-World Evidence,Post-Call Follow-up,Fully Answered,11.2,8.1,0,5,
MSL-001321,2025-08-29,REP-008,DrugBeta-50mg,Immunology,Combination Therapy,Post-Call Follow-up,Partially Answered,29.3,14.5,0,3,
MSL-001322,2025-08-29,REP-008,CardioPlus-25mg,Immunology,Long-term Outcomes,Post-Call Follow-up,Partially Answered,24.6,19.3,0,4,
MSL-001323,2025-08-29,REP-010,NeuroX-75mg,Immunology,Clinical Trial Data,Self-Study,Partially Answered,18.2,9.5,0,3,
MSL-001324,2025-08-29,REP-010,DrugBeta-50mg,Immunology,Mechanism of Action,Pre-Meeting Prep,Redirected to Medical,25.4,0,0,2,
MSL-001325,2025-08-29,REP-010,DrugAlpha-100mg,Immunology,Real-World Evidence,Post-Call Follow-up,Fully Answered,4.3,8.8,0,5,
MSL-001326,2025-08-29,REP-010,NeuroX-75mg,Immunology,Pharmacokinetics,Post-Call Follow-up,Fully Answered,9.1,14.2,0,5,
MSL-001327,2025-08-29,REP-010,NeuroX-75mg,Immunology,Clinical Trial Data,Pre-Meeting Prep,Partially Answered,20.8,9.1,1,3,HCP-0450
MSL-001328,2025-08-29,REP-010,DrugBeta-50mg,Immunology,Drug Interactions,Pre-Meeting Prep,Partially Answered,12.6,11.9,1,2,HCP-0475
MSL-001329,2025-08-29,REP-010,DrugBeta-50mg,Immunology,Subgroup Analysis,Post-Call Follow-up,Fully Answered,9.3,20.5,0,5,
MSL-001330,2025-08-29,REP-015,DrugBeta-50mg,Oncology,Guidelines / Protocols,Self-Study,Fully Answered,6.8,18.7,0,5,
MSL-001331,2025-08-29,REP-015,CardioPlus-25mg,Oncology,Subgroup Analysis,Self-Study,Fully Answered,12.2,12.7,0,5,
MSL-001332,2025-08-29,REP-016,DrugAlpha-100mg,Neurology,Adverse Events / Safety,Self-Study,Fully Answered,6.6,21.0,0,5,
MSL-001333,2025-08-29,REP-016,DrugGamma-200mg,Neurology,Drug Interactions,Pre-Meeting Prep,Fully Answered,7.3,13.9,1,5,HCP-0451
MSL-001334,2025-08-29,REP-016,DrugGamma-200mg,Neurology,Drug Interactions,Live During HCP Call,Fully Answered,12.2,3.2,0,5,
MSL-001335,2025-08-29,REP-016,DrugGamma-200mg,Neurology,Combination Therapy,Live During HCP Call,Partially Answered,14.1,12.7,1,3,HCP-0278
MSL-001336,2025-08-29,REP-017,NeuroX-75mg,Immunology,Combination Therapy,Post-Call Follow-up,Fully Answered,5.8,6.9,0,5,
MSL-001337,2025-08-29,REP-017,DrugAlpha-100mg,Immunology,Competitor Comparison,Pre-Meeting Prep,Fully Answered,8.5,15.6,0,5,
MSL-001338,2025-08-29,REP-017,CardioPlus-25mg,Immunology,Biomarker Data,Pre-Meeting Prep,Fully Answered,9.5,14.7,1,5,HCP-0007
MSL-001339,2025-08-29,REP-017,NeuroX-75mg,Immunology,Combination Therapy,Live During HCP Call,Fully Answered,5.1,11.5,1,5,HCP-0149
MSL-001340,2025-08-29,REP-021,NeuroX-75mg,Rare Disease,Real-World Evidence,Pre-Meeting Prep,No Answer Found,8.5,0,0,2,
MSL-001341,2025-08-29,REP-021,DrugBeta-50mg,Rare Disease,Adverse Events / Safety,Post-Call Follow-up,Fully Answered,1,15.9,0,5,
MSL-001342,2025-08-29,REP-021,CardioPlus-25mg,Rare Disease,Long-term Outcomes,Pre-Meeting Prep,Fully Answered,10.8,17.0,0,5,
MSL-001343,2025-09-01,REP-002,DrugAlpha-100mg,Oncology,Off-label Evidence Request,Post-Call Follow-up,Fully Answered,10.3,12.4,0,5,
MSL-001344,2025-09-01,REP-002,NeuroX-75mg,Oncology,Competitor Comparison,Self-Study,Fully Answered,8.8,3.5,0,5,
MSL-001345,2025-09-01,REP-002,CardioPlus-25mg,Oncology,Subgroup Analysis,Self-Study,No Answer Found,27.2,0,0,2,
MSL-001346,2025-09-01,REP-004,DrugGamma-200mg,Cardiology,Patient Selection Criteria,Pre-Meeting Prep,No Answer Found,29.9,0,0,2,
MSL-001347,2025-09-01,REP-004,CardioPlus-25mg,Cardiology,Mechanism of Action,Self-Study,Fully Answered,8.7,11.9,0,5,
MSL-001348,2025-09-01,REP-004,DrugAlpha-100mg,Cardiology,Patient Selection Criteria,Pre-Meeting Prep,Redirected to Medical,27.2,0,0,2,
MSL-001349,2025-09-01,REP-004,DrugGamma-200mg,Cardiology,Drug Interactions,Self-Study,Fully Answered,13.5,9.1,0,5,
MSL-001350,2025-09-01,REP-008,DrugAlpha-100mg,Immunology,Guidelines / Protocols,Live During HCP Call,Redirected to Medical,21.5,0,0,2,
MSL-001351,2025-09-01,REP-008,NeuroX-75mg,Immunology,Off-label Evidence Request,Pre-Meeting Prep,Fully Answered,9.1,7.4,1,5,HCP-0220
MSL-001352,2025-09-01,REP-008,DrugAlpha-100mg,Immunology,Subgroup Analysis,Live During HCP Call,Redirected to Medical,25.2,0,0,1,
MSL-001353,2025-09-01,REP-009,CardioPlus-25mg,Cardiology,Mechanism of Action,Post-Call Follow-up,Fully Answered,10.7,18.1,0,5,
MSL-001354,2025-09-01,REP-010,DrugGamma-200mg,Immunology,Real-World Evidence,Pre-Meeting Prep,Fully Answered,8.5,12.8,1,4,HCP-0380
MSL-001355,2025-09-01,REP-010,DrugBeta-50mg,Immunology,Off-label Evidence Request,Live During HCP Call,Fully Answered,10.0,12.6,0,5,
MSL-001356,2025-09-01,REP-010,DrugAlpha-100mg,Immunology,Off-label Evidence Request,Self-Study,Fully Answered,5.7,9.4,0,4,
MSL-001357,2025-09-01,REP-015,DrugAlpha-100mg,Oncology,Combination Therapy,Self-Study,Fully Answered,7.8,13.4,0,5,
MSL-001358,2025-09-01,REP-015,CardioPlus-25mg,Oncology,Long-term Outcomes,Post-Call Follow-up,Fully Answered,7.4,19.1,0,5,
MSL-001359,2025-09-01,REP-015,DrugGamma-200mg,Oncology,Biomarker Data,Pre-Meeting Prep,Fully Answered,10.8,6.3,1,4,HCP-0014
MSL-001360,2025-09-01,REP-015,CardioPlus-25mg,Oncology,Dosing Guidelines,Pre-Meeting Prep,Redirected to Medical,24.8,0,0,1,
MSL-001361,2025-09-01,REP-015,DrugBeta-50mg,Oncology,Pharmacokinetics,Self-Study,Fully Answered,6.7,2,0,4,
MSL-001362,2025-09-01,REP-016,DrugGamma-200mg,Neurology,Patient Selection Criteria,Live During HCP Call,Partially Answered,4.8,2.3,1,2,HCP-0168
MSL-001363,2025-09-01,REP-016,DrugGamma-200mg,Neurology,Subgroup Analysis,Self-Study,Fully Answered,10.0,10.6,0,5,
MSL-001364,2025-09-01,REP-016,NeuroX-75mg,Neurology,Dosing Guidelines,Pre-Meeting Prep,Fully Answered,10.0,18.7,0,5,
MSL-001365,2025-09-01,REP-016,DrugAlpha-100mg,Neurology,Competitor Comparison,Post-Call Follow-up,Fully Answered,6.2,20.0,0,5,
MSL-001366,2025-09-01,REP-017,DrugAlpha-100mg,Immunology,Combination Therapy,Pre-Meeting Prep,Partially Answered,15.9,14.1,0,3,
MSL-001367,2025-09-01,REP-017,CardioPlus-25mg,Immunology,Biomarker Data,Live During HCP Call,Fully Answered,9.0,5.6,1,5,HCP-0450
MSL-001368,2025-09-01,REP-021,DrugGamma-200mg,Rare Disease,Combination Therapy,Live During HCP Call,Fully Answered,7.3,5.6,1,4,HCP-0196
MSL-001369,2025-09-01,REP-021,DrugGamma-200mg,Rare Disease,Real-World Evidence,Pre-Meeting Prep,No Answer Found,23.7,0,0,1,
MSL-001370,2025-09-01,REP-021,CardioPlus-25mg,Rare Disease,Subgroup Analysis,Pre-Meeting Prep,Partially Answered,11.3,9.4,1,3,HCP-0395
MSL-001371,2025-09-02,REP-002,DrugAlpha-100mg,Oncology,Off-label Evidence Request,Self-Study,Fully Answered,6.5,13.7,0,5,
MSL-001372,2025-09-02,REP-002,DrugGamma-200mg,Oncology,Competitor Comparison,Pre-Meeting Prep,Fully Answered,8.9,12.2,0,5,
MSL-001373,2025-09-02,REP-002,DrugGamma-200mg,Oncology,Clinical Trial Data,Live During HCP Call,Fully Answered,9.2,11.0,1,5,HCP-0199
MSL-001374,2025-09-02,REP-004,NeuroX-75mg,Cardiology,Patient Selection Criteria,Live During HCP Call,Fully Answered,8.0,8.4,1,5,HCP-0220
MSL-001375,2025-09-02,REP-004,CardioPlus-25mg,Cardiology,Long-term Outcomes,Self-Study,Partially Answered,16.1,17.1,0,4,
MSL-001376,2025-09-02,REP-008,NeuroX-75mg,Immunology,Mechanism of Action,Live During HCP Call,Fully Answered,9.5,15.6,1,4,HCP-0138
MSL-001377,2025-09-02,REP-008,DrugBeta-50mg,Immunology,Real-World Evidence,Pre-Meeting Prep,No Answer Found,26.6,0,0,2,
MSL-001378,2025-09-02,REP-008,CardioPlus-25mg,Immunology,Patient Selection Criteria,Post-Call Follow-up,No Answer Found,40.3,0,0,2,
MSL-001379,2025-09-02,REP-009,DrugAlpha-100mg,Cardiology,Adverse Events / Safety,Self-Study,Fully Answered,6.8,17.8,0,5,
MSL-001380,2025-09-02,REP-009,CardioPlus-25mg,Cardiology,Subgroup Analysis,Live During HCP Call,Fully Answered,8.5,4.7,1,5,HCP-0174
MSL-001381,2025-09-02,REP-009,DrugAlpha-100mg,Cardiology,Competitor Comparison,Pre-Meeting Prep,Fully Answered,6.2,11.2,0,4,
MSL-001382,2025-09-02,REP-009,DrugAlpha-100mg,Cardiology,Dosing Guidelines,Live During HCP Call,Fully Answered,8.0,13.7,0,5,
MSL-001383,2025-09-02,REP-010,DrugBeta-50mg,Immunology,Clinical Trial Data,Post-Call Follow-up,Fully Answered,10.9,7.4,0,4,
MSL-001384,2025-09-02,REP-010,CardioPlus-25mg,Immunology,Real-World Evidence,Pre-Meeting Prep,Fully Answered,12.1,2,1,5,HCP-0267
MSL-001385,2025-09-02,REP-010,DrugBeta-50mg,Immunology,Drug Interactions,Post-Call Follow-up,Fully Answered,10.4,5.7,0,4,
MSL-001386,2025-09-02,REP-010,NeuroX-75mg,Immunology,Dosing Guidelines,Pre-Meeting Prep,Fully Answered,11.6,15.6,1,5,HCP-0038
MSL-001387,2025-09-02,REP-010,NeuroX-75mg,Immunology,Long-term Outcomes,Self-Study,Fully Answered,7.2,18.0,0,5,
MSL-001388,2025-09-02,REP-015,NeuroX-75mg,Oncology,Mechanism of Action,Live During HCP Call,Partially Answered,18.6,17.4,1,4,HCP-0230
MSL-001389,2025-09-02,REP-015,DrugGamma-200mg,Oncology,Guidelines / Protocols,Post-Call Follow-up,Fully Answered,10.6,17.6,0,5,
MSL-001390,2025-09-02,REP-015,DrugAlpha-100mg,Oncology,Drug Interactions,Pre-Meeting Prep,No Answer Found,25.4,0,0,2,
MSL-001391,2025-09-02,REP-015,CardioPlus-25mg,Oncology,Mechanism of Action,Self-Study,No Answer Found,27.6,0,0,3,
MSL-001392,2025-09-02,REP-016,CardioPlus-25mg,Neurology,Real-World Evidence,Pre-Meeting Prep,Partially Answered,7.4,16.4,1,2,HCP-0455
MSL-001393,2025-09-02,REP-016,NeuroX-75mg,Neurology,Competitor Comparison,Pre-Meeting Prep,Fully Answered,8.7,10.1,1,4,HCP-0096
MSL-001394,2025-09-02,REP-016,NeuroX-75mg,Neurology,Clinical Trial Data,Pre-Meeting Prep,No Answer Found,20.5,0,0,1,
MSL-001395,2025-09-02,REP-016,DrugAlpha-100mg,Neurology,Subgroup Analysis,Post-Call Follow-up,Fully Answered,6.2,19.6,0,5,
MSL-001396,2025-09-02,REP-016,DrugAlpha-100mg,Neurology,Subgroup Analysis,Self-Study,No Answer Found,25.7,0,0,2,
MSL-001397,2025-09-02,REP-017,NeuroX-75mg,Immunology,Subgroup Analysis,Post-Call Follow-up,Redirected to Medical,23.1,0,0,2,
MSL-001398,2025-09-02,REP-017,NeuroX-75mg,Immunology,Guidelines / Protocols,Pre-Meeting Prep,Fully Answered,2.8,11.4,0,5,
MSL-001399,2025-09-02,REP-017,DrugAlpha-100mg,Immunology,Off-label Evidence Request,Pre-Meeting Prep,Fully Answered,1.9,13.9,0,5,
MSL-001400,2025-09-02,REP-017,NeuroX-75mg,Immunology,Pharmacokinetics,Pre-Meeting Prep,Fully Answered,6.8,17.8,1,5,HCP-0459
MSL-001401,2025-09-02,REP-021,CardioPlus-25mg,Rare Disease,Drug Interactions,Self-Study,Fully Answered,6.5,12.5,0,4,
MSL-001402,2025-09-02,REP-021,DrugAlpha-100mg,Rare Disease,Long-term Outcomes,Self-Study,Fully Answered,6.4,12.0,0,5,
MSL-001403,2025-09-02,REP-021,NeuroX-75mg,Rare Disease,Patient Selection Criteria,Live During HCP Call,Fully Answered,7.9,14.8,1,5,HCP-0355
MSL-001404,2025-09-02,REP-021,CardioPlus-25mg,Rare Disease,Guidelines / Protocols,Post-Call Follow-up,Fully Answered,7.6,4.4,0,4,
MSL-001405,2025-09-03,REP-002,DrugAlpha-100mg,Oncology,Off-label Evidence Request,Live During HCP Call,Fully Answered,7.4,16.7,0,5,
MSL-001406,2025-09-03,REP-002,DrugAlpha-100mg,Oncology,Competitor Comparison,Pre-Meeting Prep,Partially Answered,18.9,6.2,1,3,HCP-0337
MSL-001407,2025-09-03,REP-002,NeuroX-75mg,Oncology,Off-label Evidence Request,Self-Study,Fully Answered,9.2,8.6,0,5,
MSL-001408,2025-09-03,REP-002,DrugAlpha-100mg,Oncology,Combination Therapy,Live During HCP Call,Fully Answered,6.7,9.3,1,5,HCP-0284
MSL-001409,2025-09-03,REP-004,DrugGamma-200mg,Cardiology,Combination Therapy,Post-Call Follow-up,Fully Answered,8.0,16.1,0,4,
MSL-001410,2025-09-03,REP-004,DrugGamma-200mg,Cardiology,Clinical Trial Data,Self-Study,Fully Answered,1,15.6,0,4,
MSL-001411,2025-09-03,REP-004,DrugGamma-200mg,Cardiology,Mechanism of Action,Post-Call Follow-up,Partially Answered,16.4,2.2,0,3,
MSL-001412,2025-09-03,REP-008,DrugGamma-200mg,Immunology,Biomarker Data,Pre-Meeting Prep,Partially Answered,15.3,13.0,1,3,HCP-0369
MSL-001413,2025-09-03,REP-008,DrugAlpha-100mg,Immunology,Guidelines / Protocols,Pre-Meeting Prep,Fully Answered,5.0,16.2,1,5,HCP-0225
MSL-001414,2025-09-03,REP-008,DrugAlpha-100mg,Immunology,Drug Interactions,Pre-Meeting Prep,Fully Answered,6.7,4.4,0,4,
MSL-001415,2025-09-03,REP-009,CardioPlus-25mg,Cardiology,Patient Selection Criteria,Pre-Meeting Prep,Partially Answered,3.6,7.3,1,4,HCP-0045
MSL-001416,2025-09-03,REP-009,DrugBeta-50mg,Cardiology,Pharmacokinetics,Self-Study,Partially Answered,19.5,9.5,0,4,
MSL-001417,2025-09-03,REP-009,DrugBeta-50mg,Cardiology,Long-term Outcomes,Self-Study,Partially Answered,9.8,12.7,0,2,
MSL-001418,2025-09-03,REP-009,NeuroX-75mg,Cardiology,Biomarker Data,Post-Call Follow-up,Fully Answered,6.5,21.9,0,4,
MSL-001419,2025-09-03,REP-015,DrugBeta-50mg,Oncology,Dosing Guidelines,Live During HCP Call,Fully Answered,10.4,4.2,1,5,HCP-0384
MSL-001420,2025-09-03,REP-015,DrugGamma-200mg,Oncology,Clinical Trial Data,Live During HCP Call,No Answer Found,21.1,0,0,3,
MSL-001421,2025-09-03,REP-016,DrugAlpha-100mg,Neurology,Clinical Trial Data,Pre-Meeting Prep,Fully Answered,9.3,9.5,0,5,
MSL-001422,2025-09-03,REP-017,DrugAlpha-100mg,Immunology,Mechanism of Action,Pre-Meeting Prep,Partially Answered,17.4,15.4,1,4,HCP-0017
MSL-001423,2025-09-03,REP-017,NeuroX-75mg,Immunology,Subgroup Analysis,Pre-Meeting Prep,Partially Answered,13.7,12.0,1,2,HCP-0270
MSL-001424,2025-09-03,REP-017,DrugAlpha-100mg,Immunology,Combination Therapy,Pre-Meeting Prep,Redirected to Medical,21.7,0,0,3,
MSL-001425,2025-09-03,REP-021,DrugBeta-50mg,Rare Disease,Adverse Events / Safety,Self-Study,Fully Answered,12.0,17.7,0,4,
MSL-001426,2025-09-03,REP-021,DrugBeta-50mg,Rare Disease,Guidelines / Protocols,Live During HCP Call,Fully Answered,4.6,23.6,0,5,
MSL-001427,2025-09-03,REP-021,NeuroX-75mg,Rare Disease,Long-term Outcomes,Pre-Meeting Prep,Fully Answered,7.0,8.5,1,5,HCP-0255
MSL-001428,2025-09-04,REP-002,CardioPlus-25mg,Oncology,Patient Selection Criteria,Live During HCP Call,Redirected to Medical,31.1,0,0,3,
MSL-001429,2025-09-04,REP-002,DrugBeta-50mg,Oncology,Subgroup Analysis,Live During HCP Call,Fully Answered,11.5,14.9,1,5,HCP-0208
MSL-001430,2025-09-04,REP-004,DrugAlpha-100mg,Cardiology,Patient Selection Criteria,Post-Call Follow-up,Fully Answered,7.7,8.5,0,4,
MSL-001431,2025-09-04,REP-004,DrugBeta-50mg,Cardiology,Clinical Trial Data,Self-Study,Fully Answered,8.8,2,0,5,
MSL-001432,2025-09-04,REP-004,NeuroX-75mg,Cardiology,Mechanism of Action,Pre-Meeting Prep,Fully Answered,8.3,5.3,0,5,
MSL-001433,2025-09-04,REP-008,CardioPlus-25mg,Immunology,Mechanism of Action,Live During HCP Call,Fully Answered,6.9,10.4,1,5,HCP-0258
MSL-001434,2025-09-04,REP-008,NeuroX-75mg,Immunology,Long-term Outcomes,Live During HCP Call,Fully Answered,3.8,10.7,1,4,HCP-0239
MSL-001435,2025-09-04,REP-008,DrugGamma-200mg,Immunology,Pharmacokinetics,Live During HCP Call,Fully Answered,5.2,15.4,0,5,
MSL-001436,2025-09-04,REP-009,DrugAlpha-100mg,Cardiology,Clinical Trial Data,Live During HCP Call,Fully Answered,5.7,12.3,1,5,HCP-0288
MSL-001437,2025-09-04,REP-009,DrugAlpha-100mg,Cardiology,Real-World Evidence,Self-Study,Fully Answered,12.0,11.6,0,4,
MSL-001438,2025-09-04,REP-009,DrugGamma-200mg,Cardiology,Combination Therapy,Live During HCP Call,Fully Answered,7.8,7.2,1,4,HCP-0472
MSL-001439,2025-09-04,REP-009,DrugBeta-50mg,Cardiology,Real-World Evidence,Live During HCP Call,Redirected to Medical,21.3,0,0,1,
MSL-001440,2025-09-04,REP-009,DrugAlpha-100mg,Cardiology,Drug Interactions,Post-Call Follow-up,Fully Answered,6.6,13.2,0,4,
MSL-001441,2025-09-04,REP-010,NeuroX-75mg,Immunology,Drug Interactions,Self-Study,Fully Answered,10.6,5.0,0,5,
MSL-001442,2025-09-04,REP-010,DrugBeta-50mg,Immunology,Dosing Guidelines,Self-Study,Fully Answered,12.2,11.5,0,5,
MSL-001443,2025-09-04,REP-010,DrugBeta-50mg,Immunology,Competitor Comparison,Post-Call Follow-up,Partially Answered,15.8,6.8,0,2,
MSL-001444,2025-09-04,REP-010,DrugBeta-50mg,Immunology,Biomarker Data,Pre-Meeting Prep,Fully Answered,11.2,4.6,1,5,HCP-0043
MSL-001445,2025-09-04,REP-010,CardioPlus-25mg,Immunology,Guidelines / Protocols,Pre-Meeting Prep,Fully Answered,7.8,17.8,1,5,HCP-0341
MSL-001446,2025-09-04,REP-010,DrugBeta-50mg,Immunology,Combination Therapy,Pre-Meeting Prep,Fully Answered,6.1,3.7,1,4,HCP-0025
MSL-001447,2025-09-04,REP-015,NeuroX-75mg,Oncology,Guidelines / Protocols,Pre-Meeting Prep,Partially Answered,19.8,14.8,1,4,HCP-0283
MSL-001448,2025-09-04,REP-015,DrugBeta-50mg,Oncology,Guidelines / Protocols,Pre-Meeting Prep,Fully Answered,10.9,19.1,1,5,HCP-0423
MSL-001449,2025-09-04,REP-015,DrugBeta-50mg,Oncology,Long-term Outcomes,Pre-Meeting Prep,Partially Answered,14.6,11.5,1,4,HCP-0089
MSL-001450,2025-09-04,REP-016,DrugBeta-50mg,Neurology,Off-label Evidence Request,Pre-Meeting Prep,Fully Answered,6.5,13.7,1,5,HCP-0492
MSL-001451,2025-09-04,REP-016,CardioPlus-25mg,Neurology,Guidelines / Protocols,Self-Study,Fully Answered,3.1,16.1,0,5,
MSL-001452,2025-09-04,REP-016,DrugBeta-50mg,Neurology,Combination Therapy,Self-Study,Fully Answered,12.6,16.9,0,5,
MSL-001453,2025-09-04,REP-017,DrugAlpha-100mg,Immunology,Competitor Comparison,Pre-Meeting Prep,No Answer Found,21.5,0,0,2,
MSL-001454,2025-09-04,REP-017,DrugBeta-50mg,Immunology,Guidelines / Protocols,Pre-Meeting Prep,Fully Answered,4.2,20.7,0,5,
MSL-001455,2025-09-04,REP-017,DrugBeta-50mg,Immunology,Patient Selection Criteria,Post-Call Follow-up,Fully Answered,4.8,4.5,0,5,
MSL-001456,2025-09-04,REP-017,DrugAlpha-100mg,Immunology,Long-term Outcomes,Self-Study,Fully Answered,10.0,8.5,0,5,
MSL-001457,2025-09-04,REP-017,DrugAlpha-100mg,Immunology,Pharmacokinetics,Self-Study,Fully Answered,1,6.0,0,4,
MSL-001458,2025-09-04,REP-017,CardioPlus-25mg,Immunology,Mechanism of Action,Pre-Meeting Prep,Fully Answered,9.5,15.6,1,4,HCP-0119
MSL-001459,2025-09-04,REP-017,CardioPlus-25mg,Immunology,Mechanism of Action,Pre-Meeting Prep,No Answer Found,31.7,0,0,2,
MSL-001460,2025-09-04,REP-017,CardioPlus-25mg,Immunology,Biomarker Data,Post-Call Follow-up,No Answer Found,22.8,0,0,2,
MSL-001461,2025-09-04,REP-021,DrugBeta-50mg,Rare Disease,Drug Interactions,Post-Call Follow-up,No Answer Found,39.0,0,0,1,
MSL-001462,2025-09-05,REP-002,DrugAlpha-100mg,Oncology,Clinical Trial Data,Pre-Meeting Prep,Fully Answered,6.0,13.0,0,5,
MSL-001463,2025-09-05,REP-002,DrugBeta-50mg,Oncology,Biomarker Data,Live During HCP Call,Partially Answered,7.1,9.3,1,2,HCP-0439
MSL-001464,2025-09-05,REP-002,NeuroX-75mg,Oncology,Competitor Comparison,Post-Call Follow-up,Fully Answered,10.8,16.3,0,5,
MSL-001465,2025-09-05,REP-002,DrugBeta-50mg,Oncology,Long-term Outcomes,Pre-Meeting Prep,Partially Answered,9.6,15.7,0,2,
MSL-001466,2025-09-05,REP-004,CardioPlus-25mg,Cardiology,Competitor Comparison,Live During HCP Call,Fully Answered,4.3,19.9,1,4,HCP-0427
MSL-001467,2025-09-05,REP-004,DrugAlpha-100mg,Cardiology,Clinical Trial Data,Pre-Meeting Prep,Partially Answered,13.3,14.6,0,3,
MSL-001468,2025-09-05,REP-004,DrugGamma-200mg,Cardiology,Combination Therapy,Post-Call Follow-up,Fully Answered,5.2,9.5,0,4,
MSL-001469,2025-09-05,REP-008,CardioPlus-25mg,Immunology,Competitor Comparison,Live During HCP Call,Fully Answered,4.0,5.0,1,5,HCP-0484
MSL-001470,2025-09-05,REP-008,NeuroX-75mg,Immunology,Mechanism of Action,Pre-Meeting Prep,Partially Answered,22.2,2,0,4,
MSL-001471,2025-09-05,REP-009,NeuroX-75mg,Cardiology,Real-World Evidence,Live During HCP Call,Fully Answered,10.5,10.0,1,5,HCP-0204
MSL-001472,2025-09-05,REP-009,NeuroX-75mg,Cardiology,Biomarker Data,Self-Study,No Answer Found,31.5,0,0,1,
MSL-001473,2025-09-05,REP-009,DrugBeta-50mg,Cardiology,Drug Interactions,Pre-Meeting Prep,Partially Answered,18.4,23.2,1,4,HCP-0140
MSL-001474,2025-09-05,REP-010,DrugBeta-50mg,Immunology,Off-label Evidence Request,Self-Study,Partially Answered,16.4,15.1,0,2,
MSL-001475,2025-09-05,REP-010,DrugBeta-50mg,Immunology,Subgroup Analysis,Self-Study,Fully Answered,9.5,10.0,0,5,
MSL-001476,2025-09-05,REP-010,DrugGamma-200mg,Immunology,Competitor Comparison,Self-Study,Fully Answered,7.0,2.5,0,5,
MSL-001477,2025-09-05,REP-015,CardioPlus-25mg,Oncology,Combination Therapy,Pre-Meeting Prep,Fully Answered,9.1,9.8,1,5,HCP-0036
MSL-001478,2025-09-05,REP-015,DrugBeta-50mg,Oncology,Clinical Trial Data,Pre-Meeting Prep,Fully Answered,5.1,13.9,1,5,HCP-0116
MSL-001479,2025-09-05,REP-015,DrugGamma-200mg,Oncology,Patient Selection Criteria,Live During HCP Call,Fully Answered,5.2,17.1,0,4,
MSL-001480,2025-09-05,REP-016,CardioPlus-25mg,Neurology,Pharmacokinetics,Self-Study,Fully Answered,12.2,19.9,0,4,
MSL-001481,2025-09-05,REP-016,DrugGamma-200mg,Neurology,Subgroup Analysis,Live During HCP Call,Partially Answered,16.0,10.3,0,4,
MSL-001482,2025-09-05,REP-016,NeuroX-75mg,Neurology,Patient Selection Criteria,Pre-Meeting Prep,Fully Answered,8.9,15.3,1,4,HCP-0264
MSL-001483,2025-09-05,REP-017,NeuroX-75mg,Immunology,Guidelines / Protocols,Live During HCP Call,Fully Answered,9.1,8.3,1,5,HCP-0366
MSL-001484,2025-09-05,REP-017,DrugAlpha-100mg,Immunology,Mechanism of Action,Self-Study,Partially Answered,10.9,16.4,0,3,
MSL-001485,2025-09-05,REP-017,CardioPlus-25mg,Immunology,Clinical Trial Data,Post-Call Follow-up,Fully Answered,9.0,7.2,0,4,
MSL-001486,2025-09-05,REP-017,CardioPlus-25mg,Immunology,Long-term Outcomes,Live During HCP Call,Fully Answered,1.4,14.9,1,5,HCP-0186
MSL-001487,2025-09-05,REP-021,DrugAlpha-100mg,Rare Disease,Dosing Guidelines,Self-Study,Fully Answered,11.8,3.8,0,5,
MSL-001488,2025-09-05,REP-021,CardioPlus-25mg,Rare Disease,Combination Therapy,Post-Call Follow-up,Fully Answered,9.5,9.8,0,5,
MSL-001489,2025-09-05,REP-021,DrugAlpha-100mg,Rare Disease,Mechanism of Action,Pre-Meeting Prep,Fully Answered,10.9,15.2,1,5,HCP-0074
MSL-001490,2025-09-05,REP-021,DrugAlpha-100mg,Rare Disease,Drug Interactions,Live During HCP Call,Partially Answered,16.0,17.6,1,4,HCP-0381
MSL-001491,2025-09-08,REP-002,DrugGamma-200mg,Oncology,Dosing Guidelines,Post-Call Follow-up,Fully Answered,9.3,14.4,0,5,
MSL-001492,2025-09-08,REP-002,NeuroX-75mg,Oncology,Subgroup Analysis,Pre-Meeting Prep,Redirected to Medical,27.9,0,0,3,
MSL-001493,2025-09-08,REP-002,DrugBeta-50mg,Oncology,Clinical Trial Data,Live During HCP Call,Fully Answered,8.7,16.4,1,5,HCP-0034
MSL-001494,2025-09-08,REP-004,CardioPlus-25mg,Cardiology,Pharmacokinetics,Pre-Meeting Prep,Fully Answered,3.7,17.4,1,4,HCP-0379
MSL-001495,2025-09-08,REP-004,DrugGamma-200mg,Cardiology,Off-label Evidence Request,Post-Call Follow-up,Fully Answered,8.6,5.7,0,5,
MSL-001496,2025-09-08,REP-004,DrugAlpha-100mg,Cardiology,Adverse Events / Safety,Pre-Meeting Prep,Fully Answered,3.3,12.8,1,5,HCP-0492
MSL-001497,2025-09-08,REP-004,CardioPlus-25mg,Cardiology,Drug Interactions,Self-Study,Fully Answered,9.1,10.7,0,5,
MSL-001498,2025-09-08,REP-008,DrugBeta-50mg,Immunology,Off-label Evidence Request,Self-Study,Fully Answered,7.9,7.4,0,5,
MSL-001499,2025-09-08,REP-008,DrugAlpha-100mg,Immunology,Pharmacokinetics,Live During HCP Call,Fully Answered,8.2,10.4,1,5,HCP-0200
MSL-001500,2025-09-08,REP-008,DrugAlpha-100mg,Immunology,Clinical Trial Data,Pre-Meeting Prep,No Answer Found,31.7,0,0,1,
MSL-001501,2025-09-08,REP-008,DrugGamma-200mg,Immunology,Clinical Trial Data,Pre-Meeting Prep,Fully Answered,7.9,10.7,1,4,HCP-0176
MSL-001502,2025-09-08,REP-009,DrugAlpha-100mg,Cardiology,Long-term Outcomes,Self-Study,Partially Answered,10.9,13.6,0,3,
MSL-001503,2025-09-08,REP-010,DrugGamma-200mg,Immunology,Mechanism of Action,Live During HCP Call,Fully Answered,4.6,15.0,1,4,HCP-0171
MSL-001504,2025-09-08,REP-010,DrugAlpha-100mg,Immunology,Clinical Trial Data,Live During HCP Call,Fully Answered,10.7,9.2,1,4,HCP-0197
MSL-001505,2025-09-08,REP-010,CardioPlus-25mg,Immunology,Dosing Guidelines,Pre-Meeting Prep,Fully Answered,6.4,17.8,1,5,HCP-0089
MSL-001506,2025-09-08,REP-015,DrugGamma-200mg,Oncology,Combination Therapy,Post-Call Follow-up,Fully Answered,10.7,12.2,0,5,
MSL-001507,2025-09-08,REP-016,DrugAlpha-100mg,Neurology,Long-term Outcomes,Pre-Meeting Prep,Partially Answered,13.5,17.3,1,3,HCP-0457
MSL-001508,2025-09-08,REP-016,NeuroX-75mg,Neurology,Real-World Evidence,Pre-Meeting Prep,Partially Answered,18.3,26.9,0,2,
MSL-001509,2025-09-08,REP-017,DrugBeta-50mg,Immunology,Dosing Guidelines,Live During HCP Call,Fully Answered,8.9,15.6,1,5,HCP-0265
MSL-001510,2025-09-08,REP-017,NeuroX-75mg,Immunology,Guidelines / Protocols,Post-Call Follow-up,Partially Answered,10.4,11.2,0,3,
MSL-001511,2025-09-08,REP-017,DrugGamma-200mg,Immunology,Biomarker Data,Self-Study,Fully Answered,3.0,16.1,0,5,
MSL-001512,2025-09-08,REP-017,DrugBeta-50mg,Immunology,Competitor Comparison,Self-Study,Redirected to Medical,30.7,0,0,1,
MSL-001513,2025-09-08,REP-017,DrugBeta-50mg,Immunology,Subgroup Analysis,Post-Call Follow-up,Fully Answered,10.7,9.2,0,5,
MSL-001514,2025-09-08,REP-021,DrugAlpha-100mg,Rare Disease,Real-World Evidence,Live During HCP Call,Fully Answered,9.9,17.5,1,5,HCP-0344
MSL-001515,2025-09-08,REP-021,DrugGamma-200mg,Rare Disease,Biomarker Data,Live During HCP Call,Fully Answered,8.8,16.9,1,5,HCP-0477
MSL-001516,2025-09-08,REP-021,DrugBeta-50mg,Rare Disease,Combination Therapy,Pre-Meeting Prep,No Answer Found,23.3,0,0,2,
MSL-001517,2025-09-09,REP-002,DrugAlpha-100mg,Oncology,Real-World Evidence,Pre-Meeting Prep,Fully Answered,6.4,14.4,1,5,HCP-0081
MSL-001518,2025-09-09,REP-002,CardioPlus-25mg,Oncology,Competitor Comparison,Self-Study,Redirected to Medical,26.1,0,0,3,
MSL-001519,2025-09-09,REP-002,DrugAlpha-100mg,Oncology,Off-label Evidence Request,Self-Study,Redirected to Medical,24.0,0,0,1,
MSL-001520,2025-09-09,REP-002,DrugGamma-200mg,Oncology,Guidelines / Protocols,Pre-Meeting Prep,Fully Answered,10.6,9.3,1,4,HCP-0230
MSL-001521,2025-09-09,REP-002,DrugBeta-50mg,Oncology,Pharmacokinetics,Live During HCP Call,Redirected to Medical,20.0,0,0,3,
MSL-001522,2025-09-09,REP-004,DrugAlpha-100mg,Cardiology,Clinical Trial Data,Self-Study,Fully Answered,9.1,2,0,5,
MSL-001523,2025-09-09,REP-004,DrugGamma-200mg,Cardiology,Real-World Evidence,Live During HCP Call,Partially Answered,18.1,20.8,1,3,HCP-0407
MSL-001524,2025-09-09,REP-008,DrugGamma-200mg,Immunology,Dosing Guidelines,Pre-Meeting Prep,Redirected to Medical,24.0,0,0,2,
MSL-001525,2025-09-09,REP-008,DrugBeta-50mg,Immunology,Clinical Trial Data,Live During HCP Call,Fully Answered,11.6,12.5,1,4,HCP-0278
MSL-001526,2025-09-09,REP-008,DrugBeta-50mg,Immunology,Guidelines / Protocols,Self-Study,Fully Answered,13.2,16.1,0,5,
MSL-001527,2025-09-09,REP-008,CardioPlus-25mg,Immunology,Dosing Guidelines,Self-Study,Partially Answered,9.2,18.5,0,3,
MSL-001528,2025-09-09,REP-008,NeuroX-75mg,Immunology,Pharmacokinetics,Post-Call Follow-up,Redirected to Medical,30.1,0,0,1,
MSL-001529,2025-09-09,REP-009,CardioPlus-25mg,Cardiology,Adverse Events / Safety,Self-Study,Fully Answered,9.0,6.3,0,5,
MSL-001530,2025-09-09,REP-009,CardioPlus-25mg,Cardiology,Patient Selection Criteria,Live During HCP Call,Fully Answered,11.0,14.2,1,4,HCP-0034
MSL-001531,2025-09-09,REP-009,DrugGamma-200mg,Cardiology,Adverse Events / Safety,Pre-Meeting Prep,No Answer Found,42.2,0,0,2,
MSL-001532,2025-09-09,REP-010,CardioPlus-25mg,Immunology,Biomarker Data,Post-Call Follow-up,No Answer Found,29.1,0,0,1,
MSL-001533,2025-09-09,REP-010,NeuroX-75mg,Immunology,Real-World Evidence,Post-Call Follow-up,Fully Answered,11.0,14.7,0,5,
MSL-001534,2025-09-09,REP-010,DrugGamma-200mg,Immunology,Real-World Evidence,Self-Study,Partially Answered,13.8,11.1,0,4,
MSL-001535,2025-09-09,REP-015,CardioPlus-25mg,Oncology,Mechanism of Action,Live During HCP Call,Fully Answered,9.5,6.5,0,4,
MSL-001536,2025-09-09,REP-015,NeuroX-75mg,Oncology,Patient Selection Criteria,Post-Call Follow-up,Fully Answered,12.2,13.8,0,5,
MSL-001537,2025-09-09,REP-016,DrugAlpha-100mg,Neurology,Off-label Evidence Request,Live During HCP Call,Fully Answered,6.6,11.6,0,4,
MSL-001538,2025-09-09,REP-016,NeuroX-75mg,Neurology,Competitor Comparison,Post-Call Follow-up,Fully Answered,1.2,10.2,0,5,
MSL-001539,2025-09-09,REP-016,NeuroX-75mg,Neurology,Pharmacokinetics,Pre-Meeting Prep,Partially Answered,16.5,17.8,1,3,HCP-0172
MSL-001540,2025-09-09,REP-017,CardioPlus-25mg,Immunology,Clinical Trial Data,Post-Call Follow-up,Fully Answered,7.5,9.3,0,5,
MSL-001541,2025-09-09,REP-017,DrugBeta-50mg,Immunology,Pharmacokinetics,Pre-Meeting Prep,Fully Answered,6.9,10.0,1,4,HCP-0310
MSL-001542,2025-09-09,REP-017,DrugBeta-50mg,Immunology,Subgroup Analysis,Self-Study,Partially Answered,11.0,5.0,0,4,
MSL-001543,2025-09-09,REP-017,DrugGamma-200mg,Immunology,Drug Interactions,Live During HCP Call,Fully Answered,9.8,7.1,1,5,HCP-0300
MSL-001544,2025-09-09,REP-017,DrugGamma-200mg,Immunology,Adverse Events / Safety,Post-Call Follow-up,Partially Answered,10.0,22.2,0,3,
MSL-001545,2025-09-09,REP-021,DrugBeta-50mg,Rare Disease,Patient Selection Criteria,Self-Study,Fully Answered,7.2,14.6,0,5,
MSL-001546,2025-09-09,REP-021,CardioPlus-25mg,Rare Disease,Combination Therapy,Pre-Meeting Prep,Partially Answered,8.7,13.1,0,4,
MSL-001547,2025-09-09,REP-021,DrugBeta-50mg,Rare Disease,Off-label Evidence Request,Live During HCP Call,Partially Answered,20.7,21.2,0,4,
MSL-001548,2025-09-09,REP-021,CardioPlus-25mg,Rare Disease,Dosing Guidelines,Live During HCP Call,Fully Answered,7.2,8.4,1,5,HCP-0230
MSL-001549,2025-09-09,REP-021,DrugBeta-50mg,Rare Disease,Biomarker Data,Live During HCP Call,Fully Answered,9.6,8.6,0,5,
MSL-001550,2025-09-09,REP-021,NeuroX-75mg,Rare Disease,Competitor Comparison,Pre-Meeting Prep,Fully Answered,8.6,5.8,1,5,HCP-0042
MSL-001551,2025-09-09,REP-021,CardioPlus-25mg,Rare Disease,Dosing Guidelines,Pre-Meeting Prep,Fully Answered,9.0,2,1,5,HCP-0133
MSL-001552,2025-09-09,REP-021,DrugGamma-200mg,Rare Disease,Real-World Evidence,Self-Study,Fully Answered,14.3,8.6,0,4,
MSL-001553,2025-09-10,REP-002,DrugBeta-50mg,Oncology,Guidelines / Protocols,Post-Call Follow-up,Fully Answered,7.2,2,0,5,
MSL-001554,2025-09-10,REP-002,DrugAlpha-100mg,Oncology,Long-term Outcomes,Live During HCP Call,Fully Answered,9.2,17.1,1,5,HCP-0338
MSL-001555,2025-09-10,REP-002,DrugBeta-50mg,Oncology,Subgroup Analysis,Pre-Meeting Prep,Fully Answered,12.7,11.8,1,4,HCP-0494
MSL-001556,2025-09-10,REP-002,CardioPlus-25mg,Oncology,Clinical Trial Data,Live During HCP Call,Fully Answered,9.1,10.0,1,5,HCP-0189
MSL-001557,2025-09-10,REP-002,NeuroX-75mg,Oncology,Clinical Trial Data,Live During HCP Call,Fully Answered,6.8,2.8,1,5,HCP-0120
MSL-001558,2025-09-10,REP-004,DrugBeta-50mg,Cardiology,Dosing Guidelines,Live During HCP Call,Fully Answered,12.9,4.5,1,5,HCP-0032
MSL-001559,2025-09-10,REP-004,DrugAlpha-100mg,Cardiology,Real-World Evidence,Live During HCP Call,Fully Answered,4.1,9.7,1,5,HCP-0203
MSL-001560,2025-09-10,REP-004,DrugAlpha-100mg,Cardiology,Real-World Evidence,Live During HCP Call,Fully Answered,12.0,18.9,1,5,HCP-0292
MSL-001561,2025-09-10,REP-004,CardioPlus-25mg,Cardiology,Off-label Evidence Request,Live During HCP Call,Partially Answered,7.7,5.9,0,3,
MSL-001562,2025-09-10,REP-008,DrugGamma-200mg,Immunology,Biomarker Data,Pre-Meeting Prep,Fully Answered,4.2,8.3,1,5,HCP-0075
MSL-001563,2025-09-10,REP-008,DrugAlpha-100mg,Immunology,Mechanism of Action,Post-Call Follow-up,Partially Answered,5.7,15.2,0,4,
MSL-001564,2025-09-10,REP-008,CardioPlus-25mg,Immunology,Competitor Comparison,Post-Call Follow-up,Fully Answered,13.0,11.6,0,4,
MSL-001565,2025-09-10,REP-008,DrugAlpha-100mg,Immunology,Mechanism of Action,Self-Study,Fully Answered,8.2,7.2,0,5,
MSL-001566,2025-09-10,REP-009,DrugGamma-200mg,Cardiology,Pharmacokinetics,Self-Study,Fully Answered,10.5,6.4,0,5,
MSL-001567,2025-09-10,REP-009,CardioPlus-25mg,Cardiology,Subgroup Analysis,Post-Call Follow-up,Fully Answered,14.2,13.8,0,5,
MSL-001568,2025-09-10,REP-009,CardioPlus-25mg,Cardiology,Patient Selection Criteria,Pre-Meeting Prep,Partially Answered,10.5,11.8,1,3,HCP-0464
MSL-001569,2025-09-10,REP-009,NeuroX-75mg,Cardiology,Adverse Events / Safety,Self-Study,Fully Answered,9.2,14.1,0,4,
MSL-001570,2025-09-10,REP-010,CardioPlus-25mg,Immunology,Patient Selection Criteria,Pre-Meeting Prep,Fully Answered,5.6,10.2,1,5,HCP-0125
MSL-001571,2025-09-10,REP-010,DrugGamma-200mg,Immunology,Patient Selection Criteria,Self-Study,Fully Answered,8.0,15.8,0,4,
MSL-001572,2025-09-10,REP-010,CardioPlus-25mg,Immunology,Biomarker Data,Live During HCP Call,Fully Answered,6.4,17.5,1,5,HCP-0302
MSL-001573,2025-09-10,REP-015,DrugGamma-200mg,Oncology,Off-label Evidence Request,Pre-Meeting Prep,Fully Answered,10.5,6.8,1,5,HCP-0042
MSL-001574,2025-09-10,REP-015,DrugGamma-200mg,Oncology,Competitor Comparison,Self-Study,Fully Answered,9.4,4.1,0,4,
MSL-001575,2025-09-10,REP-015,DrugBeta-50mg,Oncology,Long-term Outcomes,Live During HCP Call,Fully Answered,8.8,7.6,0,5,
MSL-001576,2025-09-10,REP-015,DrugAlpha-100mg,Oncology,Biomarker Data,Live During HCP Call,Fully Answered,5.7,8.0,1,4,HCP-0334
MSL-001577,2025-09-10,REP-016,NeuroX-75mg,Neurology,Subgroup Analysis,Pre-Meeting Prep,Partially Answered,15.5,22.8,1,4,HCP-0049
MSL-001578,2025-09-10,REP-016,DrugBeta-50mg,Neurology,Drug Interactions,Self-Study,Partially Answered,13.0,11.1,0,2,
MSL-001579,2025-09-10,REP-017,NeuroX-75mg,Immunology,Competitor Comparison,Self-Study,Redirected to Medical,23.9,0,0,1,
MSL-001580,2025-09-10,REP-017,NeuroX-75mg,Immunology,Drug Interactions,Live During HCP Call,Fully Answered,4.8,13.3,0,4,
MSL-001581,2025-09-10,REP-017,CardioPlus-25mg,Immunology,Guidelines / Protocols,Pre-Meeting Prep,Fully Answered,6.9,19.9,0,5,
MSL-001582,2025-09-10,REP-021,CardioPlus-25mg,Rare Disease,Subgroup Analysis,Pre-Meeting Prep,Redirected to Medical,11.7,0,0,1,
MSL-001583,2025-09-10,REP-021,NeuroX-75mg,Rare Disease,Subgroup Analysis,Self-Study,Fully Answered,10.7,17.7,0,5,
MSL-001584,2025-09-10,REP-021,NeuroX-75mg,Rare Disease,Adverse Events / Safety,Post-Call Follow-up,Fully Answered,9.3,10.9,0,5,
MSL-001585,2025-09-10,REP-021,DrugBeta-50mg,Rare Disease,Combination Therapy,Pre-Meeting Prep,Fully Answered,13.4,17.8,1,5,HCP-0443
MSL-001586,2025-09-11,REP-002,NeuroX-75mg,Oncology,Pharmacokinetics,Pre-Meeting Prep,Fully Answered,10.2,21.9,1,5,HCP-0276
MSL-001587,2025-09-11,REP-002,DrugGamma-200mg,Oncology,Real-World Evidence,Self-Study,Partially Answered,14.6,18.5,0,3,
MSL-001588,2025-09-11,REP-002,DrugGamma-200mg,Oncology,Mechanism of Action,Pre-Meeting Prep,Partially Answered,16.0,13.7,1,3,HCP-0048
MSL-001589,2025-09-11,REP-004,DrugGamma-200mg,Cardiology,Subgroup Analysis,Self-Study,Partially Answered,12.1,8.9,0,2,
MSL-001590,2025-09-11,REP-004,NeuroX-75mg,Cardiology,Long-term Outcomes,Self-Study,Fully Answered,6.4,14.9,0,5,
MSL-001591,2025-09-11,REP-008,DrugBeta-50mg,Immunology,Clinical Trial Data,Live During HCP Call,Fully Answered,6.8,14.7,1,5,HCP-0420
MSL-001592,2025-09-11,REP-008,CardioPlus-25mg,Immunology,Subgroup Analysis,Self-Study,Fully Answered,3.4,7.7,0,5,
MSL-001593,2025-09-11,REP-008,NeuroX-75mg,Immunology,Patient Selection Criteria,Live During HCP Call,Fully Answered,11.5,9.3,1,4,HCP-0002
MSL-001594,2025-09-11,REP-008,CardioPlus-25mg,Immunology,Adverse Events / Safety,Post-Call Follow-up,Fully Answered,8.3,5.5,0,5,
MSL-001595,2025-09-11,REP-009,DrugAlpha-100mg,Cardiology,Adverse Events / Safety,Live During HCP Call,Fully Answered,11.3,13.0,0,5,
MSL-001596,2025-09-11,REP-009,DrugGamma-200mg,Cardiology,Biomarker Data,Self-Study,Partially Answered,18.5,12.6,0,4,
MSL-001597,2025-09-11,REP-009,DrugGamma-200mg,Cardiology,Dosing Guidelines,Live During HCP Call,Fully Answered,7.3,11.3,1,5,HCP-0007
MSL-001598,2025-09-11,REP-009,CardioPlus-25mg,Cardiology,Subgroup Analysis,Post-Call Follow-up,Partially Answered,12.0,9.8,0,3,
MSL-001599,2025-09-11,REP-009,CardioPlus-25mg,Cardiology,Long-term Outcomes,Self-Study,Fully Answered,8.9,9.8,0,5,
MSL-001600,2025-09-11,REP-010,CardioPlus-25mg,Immunology,Biomarker Data,Pre-Meeting Prep,Fully Answered,1.5,10.6,1,4,HCP-0162
MSL-001601,2025-09-11,REP-010,DrugBeta-50mg,Immunology,Clinical Trial Data,Live During HCP Call,Redirected to Medical,18.7,0,0,1,
MSL-001602,2025-09-11,REP-015,DrugBeta-50mg,Oncology,Adverse Events / Safety,Post-Call Follow-up,Fully Answered,6.2,20.4,0,5,
MSL-001603,2025-09-11,REP-015,DrugBeta-50mg,Oncology,Guidelines / Protocols,Self-Study,Fully Answered,11.0,2.7,0,5,
MSL-001604,2025-09-11,REP-015,DrugAlpha-100mg,Oncology,Adverse Events / Safety,Live During HCP Call,Fully Answered,9.1,11.8,1,5,HCP-0031
MSL-001605,2025-09-11,REP-015,CardioPlus-25mg,Oncology,Subgroup Analysis,Self-Study,Fully Answered,6.9,16.2,0,4,
MSL-001606,2025-09-11,REP-016,DrugBeta-50mg,Neurology,Subgroup Analysis,Pre-Meeting Prep,Partially Answered,18.8,17.1,1,3,HCP-0144
MSL-001607,2025-09-11,REP-016,CardioPlus-25mg,Neurology,Real-World Evidence,Post-Call Follow-up,Fully Answered,10.9,5.4,0,4,
MSL-001608,2025-09-11,REP-016,CardioPlus-25mg,Neurology,Competitor Comparison,Live During HCP Call,Fully Answered,9.6,11.8,1,4,HCP-0169
MSL-001609,2025-09-11,REP-016,CardioPlus-25mg,Neurology,Pharmacokinetics,Post-Call Follow-up,Redirected to Medical,29.7,0,0,2,
MSL-001610,2025-09-11,REP-016,CardioPlus-25mg,Neurology,Patient Selection Criteria,Live During HCP Call,Fully Answered,2.9,10.2,1,5,HCP-0318
MSL-001611,2025-09-11,REP-016,CardioPlus-25mg,Neurology,Dosing Guidelines,Post-Call Follow-up,No Answer Found,34.6,0,0,1,
MSL-001612,2025-09-11,REP-017,DrugGamma-200mg,Immunology,Guidelines / Protocols,Live During HCP Call,Fully Answered,8.0,4.1,0,5,
MSL-001613,2025-09-11,REP-017,CardioPlus-25mg,Immunology,Patient Selection Criteria,Self-Study,Fully Answered,12.7,7.8,0,5,
MSL-001614,2025-09-11,REP-017,DrugAlpha-100mg,Immunology,Subgroup Analysis,Pre-Meeting Prep,Fully Answered,12.2,19.6,0,5,
MSL-001615,2025-09-11,REP-017,DrugAlpha-100mg,Immunology,Real-World Evidence,Post-Call Follow-up,Fully Answered,4.9,7.3,0,4,
MSL-001616,2025-09-11,REP-021,CardioPlus-25mg,Rare Disease,Dosing Guidelines,Live During HCP Call,Fully Answered,5.9,14.5,1,4,HCP-0283
MSL-001617,2025-09-11,REP-021,DrugGamma-200mg,Rare Disease,Long-term Outcomes,Pre-Meeting Prep,Redirected to Medical,23.0,0,0,1,
MSL-001618,2025-09-11,REP-021,CardioPlus-25mg,Rare Disease,Dosing Guidelines,Self-Study,Fully Answered,12.0,13.5,0,4,
MSL-001619,2025-09-11,REP-021,DrugAlpha-100mg,Rare Disease,Clinical Trial Data,Self-Study,Fully Answered,11.1,2,0,4,
MSL-001620,2025-09-11,REP-021,DrugBeta-50mg,Rare Disease,Guidelines / Protocols,Post-Call Follow-up,Fully Answered,11.4,11.6,0,5,
MSL-001621,2025-09-11,REP-021,DrugAlpha-100mg,Rare Disease,Mechanism of Action,Post-Call Follow-up,Fully Answered,8.4,8.3,0,5,
MSL-001622,2025-09-11,REP-021,DrugAlpha-100mg,Rare Disease,Mechanism of Action,Self-Study,No Answer Found,39.6,0,0,3,
MSL-001623,2025-09-11,REP-021,DrugBeta-50mg,Rare Disease,Drug Interactions,Pre-Meeting Prep,Redirected to Medical,24.1,0,0,3,
MSL-001624,2025-09-12,REP-002,DrugAlpha-100mg,Oncology,Real-World Evidence,Live During HCP Call,Fully Answered,10.1,21.2,1,5,HCP-0014
MSL-001625,2025-09-12,REP-004,DrugAlpha-100mg,Cardiology,Guidelines / Protocols,Post-Call Follow-up,Partially Answered,18.7,15.2,0,4,
MSL-001626,2025-09-12,REP-004,NeuroX-75mg,Cardiology,Adverse Events / Safety,Self-Study,Partially Answered,7.8,16.2,0,4,
MSL-001627,2025-09-12,REP-004,DrugGamma-200mg,Cardiology,Guidelines / Protocols,Self-Study,Fully Answered,5.2,9.4,0,4,
MSL-001628,2025-09-12,REP-008,CardioPlus-25mg,Immunology,Subgroup Analysis,Live During HCP Call,Fully Answered,10.4,21.3,1,5,HCP-0340
MSL-001629,2025-09-12,REP-008,DrugGamma-200mg,Immunology,Subgroup Analysis,Post-Call Follow-up,Fully Answered,6.5,18.9,0,5,
MSL-001630,2025-09-12,REP-008,CardioPlus-25mg,Immunology,Adverse Events / Safety,Pre-Meeting Prep,Fully Answered,8.7,13.6,1,5,HCP-0151
MSL-001631,2025-09-12,REP-008,NeuroX-75mg,Immunology,Dosing Guidelines,Pre-Meeting Prep,No Answer Found,28.6,0,0,2,
MSL-001632,2025-09-12,REP-009,DrugBeta-50mg,Cardiology,Long-term Outcomes,Pre-Meeting Prep,Fully Answered,7.5,9.0,0,5,
MSL-001633,2025-09-12,REP-009,DrugBeta-50mg,Cardiology,Real-World Evidence,Post-Call Follow-up,Partially Answered,9.7,6.8,0,3,
MSL-001634,2025-09-12,REP-009,CardioPlus-25mg,Cardiology,Real-World Evidence,Pre-Meeting Prep,Fully Answered,4.2,16.8,1,4,HCP-0435
MSL-001635,2025-09-12,REP-010,DrugGamma-200mg,Immunology,Subgroup Analysis,Self-Study,Fully Answered,2.5,10.1,0,4,
MSL-001636,2025-09-12,REP-010,DrugAlpha-100mg,Immunology,Drug Interactions,Post-Call Follow-up,Fully Answered,6.0,19.1,0,5,
MSL-001637,2025-09-12,REP-010,DrugBeta-50mg,Immunology,Drug Interactions,Live During HCP Call,Partially Answered,17.4,8.4,1,3,HCP-0293
MSL-001638,2025-09-12,REP-010,DrugAlpha-100mg,Immunology,Clinical Trial Data,Self-Study,Fully Answered,8.1,17.9,0,5,
MSL-001639,2025-09-12,REP-015,DrugBeta-50mg,Oncology,Pharmacokinetics,Pre-Meeting Prep,Fully Answered,11.2,3.4,0,5,
MSL-001640,2025-09-12,REP-015,DrugGamma-200mg,Oncology,Guidelines / Protocols,Self-Study,Fully Answered,5.5,14.3,0,5,
MSL-001641,2025-09-12,REP-015,DrugAlpha-100mg,Oncology,Competitor Comparison,Self-Study,Partially Answered,12.3,13.3,0,4,
MSL-001642,2025-09-12,REP-017,DrugAlpha-100mg,Immunology,Long-term Outcomes,Self-Study,Fully Answered,11.7,18.4,0,5,
MSL-001643,2025-09-12,REP-017,CardioPlus-25mg,Immunology,Long-term Outcomes,Post-Call Follow-up,Fully Answered,6.7,27.6,0,4,
MSL-001644,2025-09-12,REP-021,DrugAlpha-100mg,Rare Disease,Off-label Evidence Request,Pre-Meeting Prep,Fully Answered,6.6,14.3,1,5,HCP-0306
MSL-001645,2025-09-12,REP-021,CardioPlus-25mg,Rare Disease,Clinical Trial Data,Post-Call Follow-up,Partially Answered,9.8,11.8,0,4,
MSL-001646,2025-09-12,REP-021,DrugBeta-50mg,Rare Disease,Competitor Comparison,Post-Call Follow-up,Fully Answered,4.0,22.3,0,5,
MSL-001647,2025-09-15,REP-002,CardioPlus-25mg,Oncology,Clinical Trial Data,Pre-Meeting Prep,Fully Answered,11.5,13.2,1,4,HCP-0266
MSL-001648,2025-09-15,REP-002,CardioPlus-25mg,Oncology,Patient Selection Criteria,Pre-Meeting Prep,Fully Answered,9.3,11.1,1,4,HCP-0447
MSL-001649,2025-09-15,REP-002,NeuroX-75mg,Oncology,Off-label Evidence Request,Self-Study,Fully Answered,6.7,6.7,0,5,
MSL-001650,2025-09-15,REP-002,DrugAlpha-100mg,Oncology,Mechanism of Action,Post-Call Follow-up,Fully Answered,6.7,3.4,0,5,
MSL-001651,2025-09-15,REP-004,NeuroX-75mg,Cardiology,Biomarker Data,Self-Study,Redirected to Medical,25.1,0,0,1,
MSL-001652,2025-09-15,REP-004,DrugBeta-50mg,Cardiology,Clinical Trial Data,Live During HCP Call,Partially Answered,13.6,8.0,1,3,HCP-0095
MSL-001653,2025-09-15,REP-004,DrugAlpha-100mg,Cardiology,Patient Selection Criteria,Post-Call Follow-up,Fully Answered,6.3,5.8,0,4,
MSL-001654,2025-09-15,REP-008,DrugAlpha-100mg,Immunology,Pharmacokinetics,Pre-Meeting Prep,Fully Answered,7.4,10.1,1,5,HCP-0334
MSL-001655,2025-09-15,REP-008,CardioPlus-25mg,Immunology,Subgroup Analysis,Post-Call Follow-up,No Answer Found,32.7,0,0,2,
MSL-001656,2025-09-15,REP-008,DrugAlpha-100mg,Immunology,Real-World Evidence,Live During HCP Call,Redirected to Medical,17.0,0,0,2,
MSL-001657,2025-09-15,REP-008,DrugBeta-50mg,Immunology,Competitor Comparison,Post-Call Follow-up,No Answer Found,39.0,0,0,3,
MSL-001658,2025-09-15,REP-008,DrugBeta-50mg,Immunology,Clinical Trial Data,Self-Study,No Answer Found,28.6,0,0,1,
MSL-001659,2025-09-15,REP-009,CardioPlus-25mg,Cardiology,Real-World Evidence,Self-Study,Fully Answered,1.4,13.8,0,5,
MSL-001660,2025-09-15,REP-009,DrugGamma-200mg,Cardiology,Long-term Outcomes,Post-Call Follow-up,Fully Answered,8.0,8.8,0,4,
MSL-001661,2025-09-15,REP-009,NeuroX-75mg,Cardiology,Real-World Evidence,Post-Call Follow-up,Fully Answered,14.1,9.7,0,5,
MSL-001662,2025-09-15,REP-010,DrugBeta-50mg,Immunology,Off-label Evidence Request,Pre-Meeting Prep,No Answer Found,20.2,0,0,2,
MSL-001663,2025-09-15,REP-015,NeuroX-75mg,Oncology,Adverse Events / Safety,Post-Call Follow-up,Fully Answered,7.6,10.5,0,4,
MSL-001664,2025-09-15,REP-015,DrugBeta-50mg,Oncology,Competitor Comparison,Live During HCP Call,Fully Answered,9.5,17.5,1,5,HCP-0054
MSL-001665,2025-09-15,REP-015,DrugBeta-50mg,Oncology,Competitor Comparison,Self-Study,No Answer Found,11.7,0,0,3,
MSL-001666,2025-09-15,REP-015,DrugAlpha-100mg,Oncology,Drug Interactions,Live During HCP Call,Fully Answered,1.4,10.4,1,5,HCP-0195
MSL-001667,2025-09-15,REP-016,DrugGamma-200mg,Neurology,Guidelines / Protocols,Live During HCP Call,No Answer Found,29.4,0,0,2,
MSL-001668,2025-09-15,REP-016,DrugBeta-50mg,Neurology,Adverse Events / Safety,Post-Call Follow-up,Partially Answered,20.6,12.3,0,2,
MSL-001669,2025-09-15,REP-016,NeuroX-75mg,Neurology,Guidelines / Protocols,Pre-Meeting Prep,Fully Answered,8.7,12.4,0,5,
MSL-001670,2025-09-15,REP-016,CardioPlus-25mg,Neurology,Mechanism of Action,Pre-Meeting Prep,Fully Answered,6.0,3.4,1,4,HCP-0372
MSL-001671,2025-09-15,REP-016,CardioPlus-25mg,Neurology,Off-label Evidence Request,Live During HCP Call,Partially Answered,17.3,14.5,1,4,HCP-0246
MSL-001672,2025-09-15,REP-016,DrugGamma-200mg,Neurology,Biomarker Data,Post-Call Follow-up,Partially Answered,14.5,12.6,0,2,
MSL-001673,2025-09-15,REP-017,DrugBeta-50mg,Immunology,Long-term Outcomes,Pre-Meeting Prep,Partially Answered,18.4,13.8,1,4,HCP-0495
MSL-001674,2025-09-15,REP-017,CardioPlus-25mg,Immunology,Pharmacokinetics,Self-Study,No Answer Found,21.8,0,0,1,
MSL-001675,2025-09-15,REP-017,DrugAlpha-100mg,Immunology,Guidelines / Protocols,Post-Call Follow-up,Redirected to Medical,24.7,0,0,3,
MSL-001676,2025-09-15,REP-017,DrugBeta-50mg,Immunology,Subgroup Analysis,Post-Call Follow-up,Fully Answered,7.6,10.1,0,4,
MSL-001677,2025-09-15,REP-021,DrugAlpha-100mg,Rare Disease,Guidelines / Protocols,Live During HCP Call,Fully Answered,10.3,11.7,0,5,
MSL-001678,2025-09-15,REP-021,DrugGamma-200mg,Rare Disease,Off-label Evidence Request,Self-Study,Fully Answered,11.0,14.4,0,4,
MSL-001679,2025-09-15,REP-021,DrugGamma-200mg,Rare Disease,Off-label Evidence Request,Live During HCP Call,Fully Answered,12.0,21.2,1,4,HCP-0115
MSL-001680,2025-09-15,REP-021,DrugGamma-200mg,Rare Disease,Dosing Guidelines,Pre-Meeting Prep,Fully Answered,7.2,12.5,0,5,
MSL-001681,2025-09-16,REP-002,DrugAlpha-100mg,Oncology,Guidelines / Protocols,Post-Call Follow-up,Fully Answered,14.5,8.9,0,5,
MSL-001682,2025-09-16,REP-002,DrugAlpha-100mg,Oncology,Combination Therapy,Pre-Meeting Prep,Fully Answered,8.5,13.7,1,5,HCP-0440
MSL-001683,2025-09-16,REP-002,NeuroX-75mg,Oncology,Patient Selection Criteria,Self-Study,Partially Answered,13.5,5.4,0,3,
MSL-001684,2025-09-16,REP-002,CardioPlus-25mg,Oncology,Long-term Outcomes,Live During HCP Call,Redirected to Medical,21.6,0,0,2,
MSL-001685,2025-09-16,REP-004,DrugGamma-200mg,Cardiology,Guidelines / Protocols,Pre-Meeting Prep,Fully Answered,5.7,2,1,4,HCP-0145
MSL-001686,2025-09-16,REP-004,DrugAlpha-100mg,Cardiology,Clinical Trial Data,Pre-Meeting Prep,Fully Answered,7.4,10.2,1,4,HCP-0007
MSL-001687,2025-09-16,REP-004,CardioPlus-25mg,Cardiology,Off-label Evidence Request,Pre-Meeting Prep,Fully Answered,8.0,18.3,1,5,HCP-0095
MSL-001688,2025-09-16,REP-004,NeuroX-75mg,Cardiology,Drug Interactions,Live During HCP Call,Redirected to Medical,24.3,0,0,1,
MSL-001689,2025-09-16,REP-009,DrugBeta-50mg,Cardiology,Long-term Outcomes,Self-Study,Redirected to Medical,28.7,0,0,1,
MSL-001690,2025-09-16,REP-009,NeuroX-75mg,Cardiology,Patient Selection Criteria,Live During HCP Call,No Answer Found,28.4,0,0,1,
MSL-001691,2025-09-16,REP-010,DrugAlpha-100mg,Immunology,Patient Selection Criteria,Live During HCP Call,Redirected to Medical,14.8,0,0,2,
MSL-001692,2025-09-16,REP-010,DrugGamma-200mg,Immunology,Combination Therapy,Self-Study,Fully Answered,11.1,9.5,0,4,
MSL-001693,2025-09-16,REP-010,DrugBeta-50mg,Immunology,Combination Therapy,Post-Call Follow-up,Partially Answered,21.7,6.7,0,4,
MSL-001694,2025-09-16,REP-010,DrugBeta-50mg,Immunology,Subgroup Analysis,Pre-Meeting Prep,Fully Answered,6.2,10.5,0,5,
MSL-001695,2025-09-16,REP-015,NeuroX-75mg,Oncology,Competitor Comparison,Live During HCP Call,Partially Answered,24.5,5.9,0,3,
MSL-001696,2025-09-16,REP-015,DrugBeta-50mg,Oncology,Real-World Evidence,Post-Call Follow-up,Fully Answered,7.2,13.9,0,4,
MSL-001697,2025-09-16,REP-015,DrugGamma-200mg,Oncology,Combination Therapy,Live During HCP Call,Fully Answered,10.8,11.9,0,4,
MSL-001698,2025-09-16,REP-016,CardioPlus-25mg,Neurology,Pharmacokinetics,Pre-Meeting Prep,Redirected to Medical,10.0,0,0,1,
MSL-001699,2025-09-16,REP-016,DrugGamma-200mg,Neurology,Drug Interactions,Live During HCP Call,Fully Answered,13.7,9.5,0,5,
MSL-001700,2025-09-16,REP-016,NeuroX-75mg,Neurology,Dosing Guidelines,Post-Call Follow-up,Partially Answered,12.3,16.7,0,3,
MSL-001701,2025-09-16,REP-016,DrugGamma-200mg,Neurology,Pharmacokinetics,Live During HCP Call,Fully Answered,4.3,10.5,0,5,
MSL-001702,2025-09-16,REP-016,DrugGamma-200mg,Neurology,Subgroup Analysis,Live During HCP Call,Partially Answered,9.2,14.4,1,4,HCP-0044
MSL-001703,2025-09-16,REP-017,DrugAlpha-100mg,Immunology,Real-World Evidence,Self-Study,Fully Answered,6.1,16.5,0,4,
MSL-001704,2025-09-16,REP-017,DrugGamma-200mg,Immunology,Competitor Comparison,Self-Study,Fully Answered,16.1,15.9,0,5,
MSL-001705,2025-09-16,REP-017,DrugGamma-200mg,Immunology,Long-term Outcomes,Post-Call Follow-up,Fully Answered,6.9,14.7,0,5,
MSL-001706,2025-09-16,REP-017,CardioPlus-25mg,Immunology,Biomarker Data,Self-Study,Fully Answered,9.1,10.1,0,5,
MSL-001707,2025-09-16,REP-017,DrugAlpha-100mg,Immunology,Combination Therapy,Pre-Meeting Prep,Partially Answered,17.7,7.0,1,2,HCP-0026
MSL-001708,2025-09-16,REP-017,DrugAlpha-100mg,Immunology,Real-World Evidence,Live During HCP Call,Fully Answered,7.5,17.8,1,5,HCP-0389
MSL-001709,2025-09-16,REP-017,CardioPlus-25mg,Immunology,Dosing Guidelines,Pre-Meeting Prep,Partially Answered,12.0,15.9,0,3,
MSL-001710,2025-09-16,REP-021,DrugAlpha-100mg,Rare Disease,Guidelines / Protocols,Live During HCP Call,Fully Answered,8.5,13.1,1,5,HCP-0245
MSL-001711,2025-09-16,REP-021,DrugBeta-50mg,Rare Disease,Real-World Evidence,Post-Call Follow-up,Fully Answered,9.5,17.7,0,4,
MSL-001712,2025-09-17,REP-002,DrugAlpha-100mg,Oncology,Dosing Guidelines,Pre-Meeting Prep,Fully Answered,9.3,13.0,1,4,HCP-0003
MSL-001713,2025-09-17,REP-002,DrugAlpha-100mg,Oncology,Long-term Outcomes,Live During HCP Call,Fully Answered,11.5,21.9,1,5,HCP-0319
MSL-001714,2025-09-17,REP-002,DrugAlpha-100mg,Oncology,Drug Interactions,Self-Study,Fully Answered,9.5,23.7,0,5,
MSL-001715,2025-09-17,REP-004,CardioPlus-25mg,Cardiology,Subgroup Analysis,Pre-Meeting Prep,Fully Answered,10.5,7.5,0,4,
MSL-001716,2025-09-17,REP-004,DrugGamma-200mg,Cardiology,Guidelines / Protocols,Pre-Meeting Prep,Partially Answered,18.3,18.2,0,4,
MSL-001717,2025-09-17,REP-004,DrugGamma-200mg,Cardiology,Mechanism of Action,Self-Study,Partially Answered,14.8,2,0,4,
MSL-001718,2025-09-17,REP-008,DrugAlpha-100mg,Immunology,Dosing Guidelines,Live During HCP Call,Partially Answered,11.8,10.0,0,3,
MSL-001719,2025-09-17,REP-008,DrugBeta-50mg,Immunology,Guidelines / Protocols,Pre-Meeting Prep,Redirected to Medical,28.1,0,0,2,
MSL-001720,2025-09-17,REP-008,DrugBeta-50mg,Immunology,Drug Interactions,Live During HCP Call,Partially Answered,15.5,7.5,1,4,HCP-0009
MSL-001721,2025-09-17,REP-008,NeuroX-75mg,Immunology,Clinical Trial Data,Pre-Meeting Prep,Fully Answered,7.1,13.7,1,5,HCP-0124
MSL-001722,2025-09-17,REP-009,DrugAlpha-100mg,Cardiology,Patient Selection Criteria,Self-Study,Fully Answered,9.2,8.4,0,5,
MSL-001723,2025-09-17,REP-010,DrugAlpha-100mg,Immunology,Combination Therapy,Live During HCP Call,Fully Answered,6.4,13.8,0,5,
MSL-001724,2025-09-17,REP-010,DrugGamma-200mg,Immunology,Off-label Evidence Request,Pre-Meeting Prep,Partially Answered,18.4,14.0,0,3,
MSL-001725,2025-09-17,REP-010,NeuroX-75mg,Immunology,Long-term Outcomes,Pre-Meeting Prep,Fully Answered,6.7,7.9,1,5,HCP-0311
MSL-001726,2025-09-17,REP-010,NeuroX-75mg,Immunology,Pharmacokinetics,Live During HCP Call,No Answer Found,31.6,0,0,2,
MSL-001727,2025-09-17,REP-010,NeuroX-75mg,Immunology,Patient Selection Criteria,Post-Call Follow-up,Fully Answered,10.4,10.8,0,5,
MSL-001728,2025-09-17,REP-010,DrugAlpha-100mg,Immunology,Patient Selection Criteria,Live During HCP Call,Fully Answered,8.4,12.3,0,4,
MSL-001729,2025-09-17,REP-015,DrugBeta-50mg,Oncology,Biomarker Data,Live During HCP Call,No Answer Found,18.5,0,0,2,
MSL-001730,2025-09-17,REP-016,DrugBeta-50mg,Neurology,Mechanism of Action,Post-Call Follow-up,Fully Answered,5.1,13.0,0,5,
MSL-001731,2025-09-17,REP-017,NeuroX-75mg,Immunology,Pharmacokinetics,Live During HCP Call,Fully Answered,7.0,12.2,1,5,HCP-0061
MSL-001732,2025-09-17,REP-017,NeuroX-75mg,Immunology,Clinical Trial Data,Pre-Meeting Prep,Partially Answered,20.6,19.3,1,4,HCP-0395
MSL-001733,2025-09-17,REP-017,NeuroX-75mg,Immunology,Mechanism of Action,Pre-Meeting Prep,No Answer Found,36.1,0,0,2,
MSL-001734,2025-09-17,REP-017,DrugAlpha-100mg,Immunology,Patient Selection Criteria,Post-Call Follow-up,Fully Answered,8.1,4.6,0,4,
MSL-001735,2025-09-17,REP-017,DrugAlpha-100mg,Immunology,Mechanism of Action,Self-Study,Fully Answered,11.3,20.1,0,5,
MSL-001736,2025-09-17,REP-021,DrugBeta-50mg,Rare Disease,Long-term Outcomes,Post-Call Follow-up,Redirected to Medical,24.7,0,0,1,
MSL-001737,2025-09-17,REP-021,NeuroX-75mg,Rare Disease,Subgroup Analysis,Pre-Meeting Prep,Partially Answered,9.1,14.2,0,4,
MSL-001738,2025-09-17,REP-021,DrugBeta-50mg,Rare Disease,Real-World Evidence,Pre-Meeting Prep,Fully Answered,8.6,15.3,1,5,HCP-0107
MSL-001739,2025-09-18,REP-002,NeuroX-75mg,Oncology,Dosing Guidelines,Live During HCP Call,Fully Answered,2.0,10.1,1,5,HCP-0482
MSL-001740,2025-09-18,REP-002,DrugAlpha-100mg,Oncology,Biomarker Data,Pre-Meeting Prep,No Answer Found,17.6,0,0,2,
MSL-001741,2025-09-18,REP-002,DrugGamma-200mg,Oncology,Clinical Trial Data,Pre-Meeting Prep,Fully Answered,9.7,10.1,1,5,HCP-0329
MSL-001742,2025-09-18,REP-002,DrugGamma-200mg,Oncology,Subgroup Analysis,Pre-Meeting Prep,Fully Answered,13.9,12.3,1,5,HCP-0344
MSL-001743,2025-09-18,REP-008,DrugAlpha-100mg,Immunology,Long-term Outcomes,Post-Call Follow-up,Fully Answered,2.8,9.7,0,4,
MSL-001744,2025-09-18,REP-008,DrugBeta-50mg,Immunology,Subgroup Analysis,Pre-Meeting Prep,Fully Answered,8.3,12.4,1,5,HCP-0349
MSL-001745,2025-09-18,REP-008,DrugBeta-50mg,Immunology,Dosing Guidelines,Self-Study,Fully Answered,9.1,9.2,0,5,
MSL-001746,2025-09-18,REP-008,DrugGamma-200mg,Immunology,Clinical Trial Data,Live During HCP Call,Fully Answered,13.8,5.9,1,5,HCP-0142
MSL-001747,2025-09-18,REP-009,CardioPlus-25mg,Cardiology,Drug Interactions,Post-Call Follow-up,Fully Answered,6.1,8.4,0,5,
MSL-001748,2025-09-18,REP-010,DrugAlpha-100mg,Immunology,Drug Interactions,Post-Call Follow-up,Fully Answered,5.6,11.0,0,4,
MSL-001749,2025-09-18,REP-010,DrugBeta-50mg,Immunology,Adverse Events / Safety,Pre-Meeting Prep,Partially Answered,19.8,11.2,1,2,HCP-0425
MSL-001750,2025-09-18,REP-010,DrugAlpha-100mg,Immunology,Adverse Events / Safety,Pre-Meeting Prep,Redirected to Medical,28.5,0,0,1,
MSL-001751,2025-09-18,REP-010,DrugAlpha-100mg,Immunology,Off-label Evidence Request,Pre-Meeting Prep,Fully Answered,6.9,18.4,1,5,HCP-0444
MSL-001752,2025-09-18,REP-010,DrugBeta-50mg,Immunology,Pharmacokinetics,Live During HCP Call,Fully Answered,9.2,15.9,1,4,HCP-0098
MSL-001753,2025-09-18,REP-015,CardioPlus-25mg,Oncology,Combination Therapy,Pre-Meeting Prep,Fully Answered,2.1,6.6,1,5,HCP-0460
MSL-001754,2025-09-18,REP-015,CardioPlus-25mg,Oncology,Drug Interactions,Live During HCP Call,Fully Answered,4.7,13.0,1,5,HCP-0221
MSL-001755,2025-09-18,REP-015,NeuroX-75mg,Oncology,Biomarker Data,Post-Call Follow-up,Fully Answered,7.8,14.2,0,4,
MSL-001756,2025-09-18,REP-016,DrugBeta-50mg,Neurology,Biomarker Data,Live During HCP Call,Fully Answered,6.6,18.9,1,5,HCP-0079
MSL-001757,2025-09-18,REP-016,CardioPlus-25mg,Neurology,Clinical Trial Data,Live During HCP Call,Partially Answered,15.8,16.5,1,2,HCP-0221
MSL-001758,2025-09-18,REP-016,DrugBeta-50mg,Neurology,Biomarker Data,Live During HCP Call,Fully Answered,8.3,11.5,1,5,HCP-0177
MSL-001759,2025-09-18,REP-016,DrugAlpha-100mg,Neurology,Subgroup Analysis,Pre-Meeting Prep,Partially Answered,19.5,2,1,3,HCP-0065
MSL-001760,2025-09-18,REP-017,NeuroX-75mg,Immunology,Subgroup Analysis,Self-Study,Redirected to Medical,17.1,0,0,1,
MSL-001761,2025-09-18,REP-017,DrugAlpha-100mg,Immunology,Long-term Outcomes,Pre-Meeting Prep,Partially Answered,21.7,13.1,1,3,HCP-0180
MSL-001762,2025-09-18,REP-017,CardioPlus-25mg,Immunology,Subgroup Analysis,Self-Study,Partially Answered,22.3,8.9,0,2,
MSL-001763,2025-09-18,REP-017,DrugAlpha-100mg,Immunology,Combination Therapy,Self-Study,Fully Answered,7.3,11.5,0,5,
MSL-001764,2025-09-18,REP-021,DrugBeta-50mg,Rare Disease,Biomarker Data,Live During HCP Call,Fully Answered,6.1,13.6,0,4,
MSL-001765,2025-09-18,REP-021,NeuroX-75mg,Rare Disease,Off-label Evidence Request,Live During HCP Call,Redirected to Medical,19.4,0,0,3,
MSL-001766,2025-09-18,REP-021,DrugGamma-200mg,Rare Disease,Dosing Guidelines,Pre-Meeting Prep,Fully Answered,10.5,8.9,1,4,HCP-0376
MSL-001767,2025-09-19,REP-002,DrugGamma-200mg,Oncology,Adverse Events / Safety,Post-Call Follow-up,Partially Answered,9.9,13.5,0,3,
MSL-001768,2025-09-19,REP-004,CardioPlus-25mg,Cardiology,Biomarker Data,Pre-Meeting Prep,Fully Answered,5.6,15.3,1,5,HCP-0253
MSL-001769,2025-09-19,REP-004,DrugAlpha-100mg,Cardiology,Clinical Trial Data,Pre-Meeting Prep,No Answer Found,27.1,0,0,3,
MSL-001770,2025-09-19,REP-008,DrugAlpha-100mg,Immunology,Patient Selection Criteria,Self-Study,No Answer Found,20.9,0,0,3,
MSL-001771,2025-09-19,REP-008,DrugBeta-50mg,Immunology,Guidelines / Protocols,Pre-Meeting Prep,Fully Answered,12.7,5.0,0,5,
MSL-001772,2025-09-19,REP-008,CardioPlus-25mg,Immunology,Combination Therapy,Pre-Meeting Prep,Fully Answered,9.9,16.7,0,4,
MSL-001773,2025-09-19,REP-009,NeuroX-75mg,Cardiology,Biomarker Data,Post-Call Follow-up,No Answer Found,20.2,0,0,1,
MSL-001774,2025-09-19,REP-009,DrugBeta-50mg,Cardiology,Adverse Events / Safety,Self-Study,Redirected to Medical,42.2,0,0,2,
MSL-001775,2025-09-19,REP-009,CardioPlus-25mg,Cardiology,Off-label Evidence Request,Live During HCP Call,Fully Answered,6.5,12.6,0,5,
MSL-001776,2025-09-19,REP-009,DrugBeta-50mg,Cardiology,Long-term Outcomes,Live During HCP Call,Fully Answered,9.2,14.3,1,4,HCP-0269
MSL-001777,2025-09-19,REP-009,DrugAlpha-100mg,Cardiology,Clinical Trial Data,Live During HCP Call,Fully Answered,10.6,3.6,1,5,HCP-0459
MSL-001778,2025-09-19,REP-009,NeuroX-75mg,Cardiology,Dosing Guidelines,Self-Study,Fully Answered,5.6,10.4,0,5,
MSL-001779,2025-09-19,REP-010,DrugAlpha-100mg,Immunology,Long-term Outcomes,Post-Call Follow-up,Fully Answered,3.6,22.1,0,5,
MSL-001780,2025-09-19,REP-015,DrugAlpha-100mg,Oncology,Drug Interactions,Live During HCP Call,Fully Answered,7.6,11.8,1,5,HCP-0272
MSL-001781,2025-09-19,REP-015,DrugGamma-200mg,Oncology,Drug Interactions,Self-Study,Partially Answered,20.0,9.8,0,4,
MSL-001782,2025-09-19,REP-015,NeuroX-75mg,Oncology,Dosing Guidelines,Self-Study,Fully Answered,8.6,2.8,0,5,
MSL-001783,2025-09-19,REP-015,NeuroX-75mg,Oncology,Clinical Trial Data,Pre-Meeting Prep,Fully Answered,8.4,19.1,0,5,
MSL-001784,2025-09-19,REP-015,NeuroX-75mg,Oncology,Patient Selection Criteria,Pre-Meeting Prep,No Answer Found,25.6,0,0,2,
MSL-001785,2025-09-19,REP-015,CardioPlus-25mg,Oncology,Drug Interactions,Pre-Meeting Prep,Partially Answered,12.8,5.1,0,3,
MSL-001786,2025-09-19,REP-015,DrugBeta-50mg,Oncology,Off-label Evidence Request,Pre-Meeting Prep,Fully Answered,7.0,12.0,0,4,
MSL-001787,2025-09-19,REP-016,DrugBeta-50mg,Neurology,Subgroup Analysis,Live During HCP Call,Fully Answered,7.4,14.4,1,5,HCP-0161
MSL-001788,2025-09-19,REP-016,NeuroX-75mg,Neurology,Dosing Guidelines,Post-Call Follow-up,Partially Answered,12.1,8.8,0,4,
MSL-001789,2025-09-19,REP-016,NeuroX-75mg,Neurology,Clinical Trial Data,Pre-Meeting Prep,Partially Answered,13.6,12.6,1,3,HCP-0118
MSL-001790,2025-09-19,REP-016,DrugGamma-200mg,Neurology,Drug Interactions,Pre-Meeting Prep,Fully Answered,14.1,21.5,0,5,
MSL-001791,2025-09-19,REP-017,CardioPlus-25mg,Immunology,Combination Therapy,Pre-Meeting Prep,Partially Answered,7.6,8.0,1,4,HCP-0376
MSL-001792,2025-09-19,REP-017,DrugAlpha-100mg,Immunology,Mechanism of Action,Live During HCP Call,Fully Answered,4.5,12.0,1,5,HCP-0456
MSL-001793,2025-09-19,REP-017,CardioPlus-25mg,Immunology,Subgroup Analysis,Post-Call Follow-up,Fully Answered,6.5,6.2,0,5,
MSL-001794,2025-09-19,REP-017,DrugBeta-50mg,Immunology,Adverse Events / Safety,Pre-Meeting Prep,Fully Answered,4.6,6.2,0,5,
MSL-001795,2025-09-19,REP-021,DrugAlpha-100mg,Rare Disease,Long-term Outcomes,Live During HCP Call,Fully Answered,4.9,13.1,1,4,HCP-0492
MSL-001796,2025-09-19,REP-021,DrugAlpha-100mg,Rare Disease,Pharmacokinetics,Live During HCP Call,Fully Answered,4.3,11.1,1,4,HCP-0053
MSL-001797,2025-09-19,REP-021,DrugBeta-50mg,Rare Disease,Competitor Comparison,Pre-Meeting Prep,Fully Answered,1.0,11.7,1,5,HCP-0074
MSL-001798,2025-09-19,REP-021,CardioPlus-25mg,Rare Disease,Combination Therapy,Post-Call Follow-up,Fully Answered,6.5,11.7,0,5,
MSL-001799,2025-09-22,REP-002,CardioPlus-25mg,Oncology,Drug Interactions,Live During HCP Call,Fully Answered,7.1,8.9,0,5,
MSL-001800,2025-09-22,REP-002,DrugGamma-200mg,Oncology,Adverse Events / Safety,Self-Study,Fully Answered,6.4,5.9,0,5,
MSL-001801,2025-09-22,REP-002,DrugAlpha-100mg,Oncology,Guidelines / Protocols,Live During HCP Call,Fully Answered,4.3,8.2,1,5,HCP-0474
MSL-001802,2025-09-22,REP-004,NeuroX-75mg,Cardiology,Off-label Evidence Request,Pre-Meeting Prep,Fully Answered,12.5,15.9,1,5,HCP-0258
MSL-001803,2025-09-22,REP-004,DrugBeta-50mg,Cardiology,Clinical Trial Data,Post-Call Follow-up,Fully Answered,5.3,15.5,0,5,
MSL-001804,2025-09-22,REP-004,DrugBeta-50mg,Cardiology,Subgroup Analysis,Self-Study,Fully Answered,14.2,10.1,0,5,
MSL-001805,2025-09-22,REP-004,CardioPlus-25mg,Cardiology,Real-World Evidence,Pre-Meeting Prep,Partially Answered,21.5,12.0,1,4,HCP-0149
MSL-001806,2025-09-22,REP-008,NeuroX-75mg,Immunology,Adverse Events / Safety,Pre-Meeting Prep,Fully Answered,10.5,8.0,1,5,HCP-0022
MSL-001807,2025-09-22,REP-008,CardioPlus-25mg,Immunology,Subgroup Analysis,Live During HCP Call,Partially Answered,12.0,15.9,1,4,HCP-0410
MSL-001808,2025-09-22,REP-008,DrugGamma-200mg,Immunology,Adverse Events / Safety,Pre-Meeting Prep,Fully Answered,10.3,7.5,0,5,
MSL-001809,2025-09-22,REP-009,DrugAlpha-100mg,Cardiology,Biomarker Data,Pre-Meeting Prep,Fully Answered,6.7,14.6,1,5,HCP-0059
MSL-001810,2025-09-22,REP-009,DrugGamma-200mg,Cardiology,Real-World Evidence,Self-Study,Partially Answered,20.1,16.5,0,4,
MSL-001811,2025-09-22,REP-009,NeuroX-75mg,Cardiology,Combination Therapy,Pre-Meeting Prep,Partially Answered,20.7,6.2,1,3,HCP-0273
MSL-001812,2025-09-22,REP-009,DrugAlpha-100mg,Cardiology,Biomarker Data,Post-Call Follow-up,Fully Answered,4.4,8.5,0,5,
MSL-001813,2025-09-22,REP-009,CardioPlus-25mg,Cardiology,Real-World Evidence,Live During HCP Call,No Answer Found,20.7,0,0,3,
MSL-001814,2025-09-22,REP-009,NeuroX-75mg,Cardiology,Patient Selection Criteria,Pre-Meeting Prep,Fully Answered,10.1,8.2,1,5,HCP-0197
MSL-001815,2025-09-22,REP-010,DrugAlpha-100mg,Immunology,Real-World Evidence,Live During HCP Call,Partially Answered,14.6,13.0,1,3,HCP-0024
MSL-001816,2025-09-22,REP-010,DrugBeta-50mg,Immunology,Patient Selection Criteria,Post-Call Follow-up,No Answer Found,26.5,0,0,1,
MSL-001817,2025-09-22,REP-010,DrugGamma-200mg,Immunology,Dosing Guidelines,Pre-Meeting Prep,Fully Answered,11.6,17.1,1,5,HCP-0482
MSL-001818,2025-09-22,REP-015,DrugGamma-200mg,Oncology,Real-World Evidence,Pre-Meeting Prep,Redirected to Medical,38.6,0,0,2,
MSL-001819,2025-09-22,REP-015,DrugAlpha-100mg,Oncology,Long-term Outcomes,Live During HCP Call,Fully Answered,3.4,16.8,1,5,HCP-0031
MSL-001820,2025-09-22,REP-015,NeuroX-75mg,Oncology,Guidelines / Protocols,Live During HCP Call,Redirected to Medical,37.3,0,0,2,
MSL-001821,2025-09-22,REP-015,DrugAlpha-100mg,Oncology,Guidelines / Protocols,Self-Study,Fully Answered,4.0,13.4,0,5,
MSL-001822,2025-09-22,REP-016,DrugGamma-200mg,Neurology,Long-term Outcomes,Pre-Meeting Prep,Fully Answered,9.8,7.7,1,5,HCP-0229
MSL-001823,2025-09-22,REP-016,DrugAlpha-100mg,Neurology,Long-term Outcomes,Post-Call Follow-up,Partially Answered,12.3,15.0,0,4,
MSL-001824,2025-09-22,REP-016,NeuroX-75mg,Neurology,Competitor Comparison,Post-Call Follow-up,Partially Answered,9.4,9.4,0,4,
MSL-001825,2025-09-22,REP-017,CardioPlus-25mg,Immunology,Competitor Comparison,Live During HCP Call,Redirected to Medical,20.9,0,0,1,
MSL-001826,2025-09-22,REP-021,DrugBeta-50mg,Rare Disease,Pharmacokinetics,Live During HCP Call,Fully Answered,8.6,18.9,1,5,HCP-0262
MSL-001827,2025-09-22,REP-021,DrugGamma-200mg,Rare Disease,Pharmacokinetics,Self-Study,Fully Answered,4.8,13.8,0,5,
MSL-001828,2025-09-22,REP-021,DrugGamma-200mg,Rare Disease,Patient Selection Criteria,Pre-Meeting Prep,Partially Answered,11.9,14.8,1,3,HCP-0420
MSL-001829,2025-09-22,REP-021,CardioPlus-25mg,Rare Disease,Long-term Outcomes,Post-Call Follow-up,Fully Answered,4.1,17.2,0,5,
MSL-001830,2025-09-22,REP-021,CardioPlus-25mg,Rare Disease,Real-World Evidence,Live During HCP Call,Fully Answered,12.9,6.7,1,5,HCP-0191
MSL-001831,2025-09-23,REP-002,CardioPlus-25mg,Oncology,Patient Selection Criteria,Live During HCP Call,Redirected to Medical,15.6,0,0,1,
MSL-001832,2025-09-23,REP-002,NeuroX-75mg,Oncology,Off-label Evidence Request,Pre-Meeting Prep,Fully Answered,8.5,13.4,1,5,HCP-0048
MSL-001833,2025-09-23,REP-002,DrugAlpha-100mg,Oncology,Patient Selection Criteria,Pre-Meeting Prep,Fully Answered,13.5,14.2,1,5,HCP-0086
MSL-001834,2025-09-23,REP-002,DrugBeta-50mg,Oncology,Patient Selection Criteria,Self-Study,Fully Answered,8.0,4.3,0,5,
MSL-001835,2025-09-23,REP-004,DrugBeta-50mg,Cardiology,Real-World Evidence,Live During HCP Call,Fully Answered,10.5,12.5,1,5,HCP-0373
MSL-001836,2025-09-23,REP-004,DrugGamma-200mg,Cardiology,Combination Therapy,Live During HCP Call,Partially Answered,22.8,4.8,0,4,
MSL-001837,2025-09-23,REP-004,NeuroX-75mg,Cardiology,Drug Interactions,Self-Study,Partially Answered,16.9,11.5,0,4,
MSL-001838,2025-09-23,REP-008,CardioPlus-25mg,Immunology,Long-term Outcomes,Pre-Meeting Prep,Fully Answered,6.4,15.9,1,5,HCP-0344
MSL-001839,2025-09-23,REP-008,NeuroX-75mg,Immunology,Biomarker Data,Pre-Meeting Prep,Partially Answered,16.7,15.3,1,3,HCP-0004
MSL-001840,2025-09-23,REP-008,DrugAlpha-100mg,Immunology,Mechanism of Action,Pre-Meeting Prep,Fully Answered,6.4,10.8,1,4,HCP-0295
MSL-001841,2025-09-23,REP-009,DrugAlpha-100mg,Cardiology,Competitor Comparison,Self-Study,Fully Answered,6.2,11.5,0,5,
MSL-001842,2025-09-23,REP-009,CardioPlus-25mg,Cardiology,Competitor Comparison,Pre-Meeting Prep,Fully Answered,9.1,11.3,1,5,HCP-0290
MSL-001843,2025-09-23,REP-009,DrugGamma-200mg,Cardiology,Long-term Outcomes,Self-Study,Fully Answered,7.1,10.2,0,5,
MSL-001844,2025-09-23,REP-009,DrugBeta-50mg,Cardiology,Dosing Guidelines,Live During HCP Call,Fully Answered,9.6,17.6,1,5,HCP-0122
MSL-001845,2025-09-23,REP-009,DrugBeta-50mg,Cardiology,Off-label Evidence Request,Post-Call Follow-up,Fully Answered,9.9,13.8,0,4,
MSL-001846,2025-09-23,REP-009,DrugAlpha-100mg,Cardiology,Subgroup Analysis,Live During HCP Call,Fully Answered,5.3,20.1,1,4,HCP-0435
MSL-001847,2025-09-23,REP-009,DrugAlpha-100mg,Cardiology,Combination Therapy,Pre-Meeting Prep,Fully Answered,8.0,6.1,1,5,HCP-0425
MSL-001848,2025-09-23,REP-009,DrugAlpha-100mg,Cardiology,Mechanism of Action,Pre-Meeting Prep,Fully Answered,6.1,10.5,0,5,
MSL-001849,2025-09-23,REP-010,NeuroX-75mg,Immunology,Patient Selection Criteria,Post-Call Follow-up,Fully Answered,8.2,7.3,0,5,
MSL-001850,2025-09-23,REP-010,DrugGamma-200mg,Immunology,Drug Interactions,Self-Study,Partially Answered,17.2,13.6,0,3,
MSL-001851,2025-09-23,REP-010,DrugGamma-200mg,Immunology,Pharmacokinetics,Pre-Meeting Prep,Fully Answered,8.6,5.7,1,5,HCP-0420
MSL-001852,2025-09-23,REP-010,DrugGamma-200mg,Immunology,Competitor Comparison,Live During HCP Call,Partially Answered,21.8,13.1,1,3,HCP-0121
MSL-001853,2025-09-23,REP-010,DrugAlpha-100mg,Immunology,Dosing Guidelines,Pre-Meeting Prep,Fully Answered,11.4,5.6,0,5,
MSL-001854,2025-09-23,REP-015,DrugBeta-50mg,Oncology,Long-term Outcomes,Pre-Meeting Prep,Fully Answered,7.4,3.4,1,5,HCP-0246
MSL-001855,2025-09-23,REP-015,CardioPlus-25mg,Oncology,Clinical Trial Data,Live During HCP Call,No Answer Found,23.6,0,0,1,
MSL-001856,2025-09-23,REP-015,DrugAlpha-100mg,Oncology,Patient Selection Criteria,Pre-Meeting Prep,Fully Answered,7.3,14.2,1,4,HCP-0356
MSL-001857,2025-09-23,REP-015,DrugBeta-50mg,Oncology,Mechanism of Action,Live During HCP Call,Fully Answered,4.3,19.0,1,4,HCP-0264
MSL-001858,2025-09-23,REP-016,DrugGamma-200mg,Neurology,Pharmacokinetics,Self-Study,Fully Answered,6.2,8.9,0,4,
MSL-001859,2025-09-23,REP-016,CardioPlus-25mg,Neurology,Mechanism of Action,Self-Study,Fully Answered,6.0,12.9,0,4,
MSL-001860,2025-09-23,REP-016,DrugBeta-50mg,Neurology,Drug Interactions,Live During HCP Call,Fully Answered,7.5,12.0,1,4,HCP-0270
MSL-001861,2025-09-23,REP-016,DrugAlpha-100mg,Neurology,Guidelines / Protocols,Live During HCP Call,Fully Answered,10.5,10.3,1,5,HCP-0304
MSL-001862,2025-09-23,REP-016,NeuroX-75mg,Neurology,Off-label Evidence Request,Pre-Meeting Prep,Redirected to Medical,14.7,0,0,2,
MSL-001863,2025-09-23,REP-017,DrugBeta-50mg,Immunology,Long-term Outcomes,Live During HCP Call,Fully Answered,3.5,9.8,1,4,HCP-0281
MSL-001864,2025-09-23,REP-017,DrugGamma-200mg,Immunology,Clinical Trial Data,Live During HCP Call,Fully Answered,9.6,19.0,1,4,HCP-0436
MSL-001865,2025-09-23,REP-017,DrugBeta-50mg,Immunology,Real-World Evidence,Self-Study,Partially Answered,13.8,5.3,0,2,
MSL-001866,2025-09-23,REP-017,DrugGamma-200mg,Immunology,Competitor Comparison,Live During HCP Call,No Answer Found,11.2,0,0,2,
MSL-001867,2025-09-23,REP-017,DrugBeta-50mg,Immunology,Mechanism of Action,Pre-Meeting Prep,Partially Answered,11.3,11.7,0,3,
MSL-001868,2025-09-23,REP-021,NeuroX-75mg,Rare Disease,Long-term Outcomes,Pre-Meeting Prep,Fully Answered,12.1,11.9,0,5,
MSL-001869,2025-09-23,REP-021,DrugGamma-200mg,Rare Disease,Mechanism of Action,Pre-Meeting Prep,Fully Answered,12.9,20.4,1,4,HCP-0224
MSL-001870,2025-09-23,REP-021,NeuroX-75mg,Rare Disease,Real-World Evidence,Pre-Meeting Prep,Fully Answered,7.9,8.0,1,5,HCP-0376
MSL-001871,2025-09-24,REP-002,CardioPlus-25mg,Oncology,Competitor Comparison,Pre-Meeting Prep,Fully Answered,9.5,15.9,0,5,
MSL-001872,2025-09-24,REP-002,NeuroX-75mg,Oncology,Combination Therapy,Post-Call Follow-up,Fully Answered,8.6,14.6,0,5,
MSL-001873,2025-09-24,REP-002,NeuroX-75mg,Oncology,Long-term Outcomes,Self-Study,Partially Answered,18.0,18.5,0,3,
MSL-001874,2025-09-24,REP-002,DrugGamma-200mg,Oncology,Subgroup Analysis,Self-Study,Fully Answered,9.5,18.0,0,5,
MSL-001875,2025-09-24,REP-004,DrugBeta-50mg,Cardiology,Drug Interactions,Post-Call Follow-up,Fully Answered,3.4,12.7,0,5,
MSL-001876,2025-09-24,REP-004,DrugBeta-50mg,Cardiology,Off-label Evidence Request,Pre-Meeting Prep,Fully Answered,9.9,13.5,1,4,HCP-0271
MSL-001877,2025-09-24,REP-004,DrugGamma-200mg,Cardiology,Mechanism of Action,Self-Study,No Answer Found,17.5,0,0,1,
MSL-001878,2025-09-24,REP-004,DrugGamma-200mg,Cardiology,Adverse Events / Safety,Post-Call Follow-up,Fully Answered,1.7,7.3,0,5,
MSL-001879,2025-09-24,REP-004,DrugAlpha-100mg,Cardiology,Long-term Outcomes,Self-Study,Fully Answered,3.1,10.8,0,5,
MSL-001880,2025-09-24,REP-008,CardioPlus-25mg,Immunology,Subgroup Analysis,Pre-Meeting Prep,Partially Answered,12.9,6.1,1,2,HCP-0446
MSL-001881,2025-09-24,REP-008,DrugBeta-50mg,Immunology,Competitor Comparison,Live During HCP Call,Fully Answered,5.2,6.2,0,4,
MSL-001882,2025-09-24,REP-008,DrugAlpha-100mg,Immunology,Pharmacokinetics,Self-Study,Fully Answered,8.2,13.6,0,4,
MSL-001883,2025-09-24,REP-009,DrugAlpha-100mg,Cardiology,Competitor Comparison,Self-Study,Partially Answered,20.7,13.0,0,3,
MSL-001884,2025-09-24,REP-010,DrugAlpha-100mg,Immunology,Mechanism of Action,Post-Call Follow-up,Fully Answered,9.0,12.9,0,5,
MSL-001885,2025-09-24,REP-010,DrugBeta-50mg,Immunology,Pharmacokinetics,Pre-Meeting Prep,Partially Answered,15.6,15.3,1,3,HCP-0181
MSL-001886,2025-09-24,REP-015,DrugAlpha-100mg,Oncology,Combination Therapy,Self-Study,Fully Answered,2.8,9.2,0,4,
MSL-001887,2025-09-24,REP-015,DrugGamma-200mg,Oncology,Combination Therapy,Pre-Meeting Prep,Redirected to Medical,27.9,0,0,2,
MSL-001888,2025-09-24,REP-016,DrugGamma-200mg,Neurology,Combination Therapy,Self-Study,Fully Answered,8.9,11.7,0,5,
MSL-001889,2025-09-24,REP-016,DrugBeta-50mg,Neurology,Subgroup Analysis,Live During HCP Call,Fully Answered,10.2,20.1,1,5,HCP-0144
MSL-001890,2025-09-24,REP-016,NeuroX-75mg,Neurology,Guidelines / Protocols,Post-Call Follow-up,Fully Answered,5.6,11.4,0,5,
MSL-001891,2025-09-24,REP-016,DrugAlpha-100mg,Neurology,Clinical Trial Data,Post-Call Follow-up,Fully Answered,11.4,15.3,0,4,
MSL-001892,2025-09-24,REP-016,DrugGamma-200mg,Neurology,Clinical Trial Data,Post-Call Follow-up,Partially Answered,13.7,17.2,0,3,
MSL-001893,2025-09-24,REP-016,CardioPlus-25mg,Neurology,Subgroup Analysis,Post-Call Follow-up,Fully Answered,9.6,10.2,0,5,
MSL-001894,2025-09-24,REP-016,DrugAlpha-100mg,Neurology,Adverse Events / Safety,Self-Study,Redirected to Medical,29.6,0,0,2,
MSL-001895,2025-09-24,REP-017,NeuroX-75mg,Immunology,Dosing Guidelines,Self-Study,Partially Answered,13.3,20.2,0,3,
MSL-001896,2025-09-24,REP-021,DrugGamma-200mg,Rare Disease,Patient Selection Criteria,Pre-Meeting Prep,Partially Answered,16.6,10.0,0,2,
MSL-001897,2025-09-24,REP-021,DrugBeta-50mg,Rare Disease,Drug Interactions,Self-Study,Partially Answered,18.9,20.7,0,3,
MSL-001898,2025-09-24,REP-021,DrugBeta-50mg,Rare Disease,Off-label Evidence Request,Post-Call Follow-up,Fully Answered,9.1,13.8,0,5,
MSL-001899,2025-09-25,REP-002,NeuroX-75mg,Oncology,Dosing Guidelines,Self-Study,Fully Answered,10.0,16.9,0,5,
MSL-001900,2025-09-25,REP-002,NeuroX-75mg,Oncology,Clinical Trial Data,Self-Study,Fully Answered,9.3,15.0,0,5,
MSL-001901,2025-09-25,REP-002,DrugBeta-50mg,Oncology,Real-World Evidence,Pre-Meeting Prep,Fully Answered,10.5,10.7,1,4,HCP-0222
MSL-001902,2025-09-25,REP-004,DrugAlpha-100mg,Cardiology,Pharmacokinetics,Live During HCP Call,Fully Answered,7.0,10.3,1,5,HCP-0224
MSL-001903,2025-09-25,REP-004,NeuroX-75mg,Cardiology,Adverse Events / Safety,Pre-Meeting Prep,Partially Answered,17.5,12.8,1,2,HCP-0214
MSL-001904,2025-09-25,REP-008,DrugGamma-200mg,Immunology,Long-term Outcomes,Self-Study,Fully Answered,8.7,8.3,0,5,
MSL-001905,2025-09-25,REP-008,NeuroX-75mg,Immunology,Pharmacokinetics,Pre-Meeting Prep,Fully Answered,4.1,3.8,1,4,HCP-0212
MSL-001906,2025-09-25,REP-009,DrugGamma-200mg,Cardiology,Pharmacokinetics,Self-Study,Fully Answered,8.5,20.0,0,5,
MSL-001907,2025-09-25,REP-009,DrugBeta-50mg,Cardiology,Pharmacokinetics,Live During HCP Call,Fully Answered,9.8,13.4,1,5,HCP-0209
MSL-001908,2025-09-25,REP-009,DrugAlpha-100mg,Cardiology,Off-label Evidence Request,Pre-Meeting Prep,Partially Answered,16.0,16.4,0,3,
MSL-001909,2025-09-25,REP-009,CardioPlus-25mg,Cardiology,Adverse Events / Safety,Pre-Meeting Prep,Partially Answered,18.0,14.5,0,3,
MSL-001910,2025-09-25,REP-009,CardioPlus-25mg,Cardiology,Subgroup Analysis,Live During HCP Call,Fully Answered,8.0,16.6,0,5,
MSL-001911,2025-09-25,REP-010,DrugBeta-50mg,Immunology,Dosing Guidelines,Post-Call Follow-up,No Answer Found,40.9,0,0,2,
MSL-001912,2025-09-25,REP-010,DrugBeta-50mg,Immunology,Guidelines / Protocols,Live During HCP Call,Fully Answered,6.9,12.0,1,4,HCP-0130
MSL-001913,2025-09-25,REP-010,DrugBeta-50mg,Immunology,Guidelines / Protocols,Pre-Meeting Prep,Fully Answered,5.3,9.8,1,4,HCP-0467
MSL-001914,2025-09-25,REP-010,DrugGamma-200mg,Immunology,Patient Selection Criteria,Post-Call Follow-up,Fully Answered,7.4,10.9,0,4,
MSL-001915,2025-09-25,REP-015,CardioPlus-25mg,Oncology,Pharmacokinetics,Self-Study,Fully Answered,6.5,13.1,0,5,
MSL-001916,2025-09-25,REP-015,DrugAlpha-100mg,Oncology,Clinical Trial Data,Self-Study,Fully Answered,8.2,5.8,0,5,
MSL-001917,2025-09-25,REP-015,CardioPlus-25mg,Oncology,Adverse Events / Safety,Post-Call Follow-up,Partially Answered,14.1,12.8,0,2,
MSL-001918,2025-09-25,REP-015,CardioPlus-25mg,Oncology,Guidelines / Protocols,Post-Call Follow-up,Redirected to Medical,4.1,0,0,2,
MSL-001919,2025-09-25,REP-015,NeuroX-75mg,Oncology,Competitor Comparison,Pre-Meeting Prep,Fully Answered,7.9,14.7,1,5,HCP-0330
MSL-001920,2025-09-25,REP-015,DrugGamma-200mg,Oncology,Combination Therapy,Self-Study,Fully Answered,8.0,10.5,0,5,
MSL-001921,2025-09-25,REP-016,DrugAlpha-100mg,Neurology,Combination Therapy,Pre-Meeting Prep,Fully Answered,12.4,18.1,1,5,HCP-0079
MSL-001922,2025-09-25,REP-016,NeuroX-75mg,Neurology,Real-World Evidence,Live During HCP Call,Redirected to Medical,23.0,0,0,2,
MSL-001923,2025-09-25,REP-017,DrugGamma-200mg,Immunology,Adverse Events / Safety,Live During HCP Call,Fully Answered,7.4,11.9,1,5,HCP-0296
MSL-001924,2025-09-25,REP-017,DrugAlpha-100mg,Immunology,Off-label Evidence Request,Live During HCP Call,Fully Answered,10.1,2,1,4,HCP-0104
MSL-001925,2025-09-25,REP-017,NeuroX-75mg,Immunology,Off-label Evidence Request,Live During HCP Call,Fully Answered,8.9,14.0,1,5,HCP-0062
MSL-001926,2025-09-25,REP-021,NeuroX-75mg,Rare Disease,Subgroup Analysis,Pre-Meeting Prep,Fully Answered,5.2,5.7,1,4,HCP-0248
MSL-001927,2025-09-25,REP-021,CardioPlus-25mg,Rare Disease,Off-label Evidence Request,Post-Call Follow-up,Fully Answered,6.0,14.5,0,5,
MSL-001928,2025-09-25,REP-021,DrugGamma-200mg,Rare Disease,Adverse Events / Safety,Live During HCP Call,Fully Answered,8.6,10.0,1,5,HCP-0453
MSL-001929,2025-09-25,REP-021,DrugBeta-50mg,Rare Disease,Adverse Events / Safety,Pre-Meeting Prep,Fully Answered,9.8,7.0,1,4,HCP-0328
MSL-001930,2025-09-25,REP-021,DrugGamma-200mg,Rare Disease,Long-term Outcomes,Self-Study,Redirected to Medical,17.0,0,0,2,
MSL-001931,2025-09-26,REP-002,DrugGamma-200mg,Oncology,Dosing Guidelines,Post-Call Follow-up,Fully Answered,5.0,15.0,0,5,
MSL-001932,2025-09-26,REP-002,CardioPlus-25mg,Oncology,Dosing Guidelines,Live During HCP Call,Fully Answered,7.6,11.4,1,5,HCP-0205
MSL-001933,2025-09-26,REP-002,CardioPlus-25mg,Oncology,Off-label Evidence Request,Self-Study,Fully Answered,5.0,10.9,0,4,
MSL-001934,2025-09-26,REP-004,CardioPlus-25mg,Cardiology,Mechanism of Action,Pre-Meeting Prep,Fully Answered,10.0,15.0,1,4,HCP-0495
MSL-001935,2025-09-26,REP-004,DrugAlpha-100mg,Cardiology,Combination Therapy,Live During HCP Call,Partially Answered,16.3,5.4,0,3,
MSL-001936,2025-09-26,REP-004,DrugGamma-200mg,Cardiology,Long-term Outcomes,Live During HCP Call,Partially Answered,11.1,11.1,1,3,HCP-0318
MSL-001937,2025-09-26,REP-004,DrugGamma-200mg,Cardiology,Patient Selection Criteria,Live During HCP Call,Redirected to Medical,17.6,0,0,3,
MSL-001938,2025-09-26,REP-004,DrugAlpha-100mg,Cardiology,Combination Therapy,Live During HCP Call,Partially Answered,21.1,19.8,0,3,
MSL-001939,2025-09-26,REP-004,DrugGamma-200mg,Cardiology,Competitor Comparison,Live During HCP Call,Fully Answered,9.0,17.5,1,4,HCP-0271
MSL-001940,2025-09-26,REP-004,DrugBeta-50mg,Cardiology,Biomarker Data,Pre-Meeting Prep,Fully Answered,6.7,15.4,0,5,
MSL-001941,2025-09-26,REP-008,CardioPlus-25mg,Immunology,Dosing Guidelines,Self-Study,Fully Answered,5.1,5.8,0,5,
MSL-001942,2025-09-26,REP-008,DrugGamma-200mg,Immunology,Dosing Guidelines,Post-Call Follow-up,Fully Answered,10.8,13.8,0,5,
MSL-001943,2025-09-26,REP-008,DrugAlpha-100mg,Immunology,Pharmacokinetics,Self-Study,Fully Answered,4.5,9.8,0,5,
MSL-001944,2025-09-26,REP-008,DrugAlpha-100mg,Immunology,Mechanism of Action,Live During HCP Call,Fully Answered,11.0,10.3,1,4,HCP-0081
MSL-001945,2025-09-26,REP-008,DrugBeta-50mg,Immunology,Subgroup Analysis,Pre-Meeting Prep,Fully Answered,6.6,10.5,0,5,
MSL-001946,2025-09-26,REP-010,NeuroX-75mg,Immunology,Pharmacokinetics,Pre-Meeting Prep,Fully Answered,10.3,18.8,1,5,HCP-0192
MSL-001947,2025-09-26,REP-010,DrugGamma-200mg,Immunology,Subgroup Analysis,Self-Study,Redirected to Medical,15.7,0,0,2,
MSL-001948,2025-09-26,REP-010,DrugBeta-50mg,Immunology,Dosing Guidelines,Post-Call Follow-up,Fully Answered,13.4,13.1,0,5,
MSL-001949,2025-09-26,REP-010,CardioPlus-25mg,Immunology,Patient Selection Criteria,Pre-Meeting Prep,Fully Answered,8.4,10.2,1,5,HCP-0080
MSL-001950,2025-09-26,REP-015,DrugGamma-200mg,Oncology,Pharmacokinetics,Self-Study,Fully Answered,10.9,18.3,0,5,
MSL-001951,2025-09-26,REP-015,DrugGamma-200mg,Oncology,Subgroup Analysis,Self-Study,No Answer Found,33.4,0,0,2,
MSL-001952,2025-09-26,REP-015,NeuroX-75mg,Oncology,Biomarker Data,Pre-Meeting Prep,Fully Answered,5.6,7.2,1,4,HCP-0159
MSL-001953,2025-09-26,REP-015,CardioPlus-25mg,Oncology,Adverse Events / Safety,Self-Study,Fully Answered,10.6,7.5,0,5,
MSL-001954,2025-09-26,REP-016,DrugGamma-200mg,Neurology,Long-term Outcomes,Pre-Meeting Prep,Fully Answered,10.0,3.9,1,5,HCP-0165
MSL-001955,2025-09-26,REP-016,CardioPlus-25mg,Neurology,Real-World Evidence,Pre-Meeting Prep,Fully Answered,3.9,12.6,1,5,HCP-0451
MSL-001956,2025-09-26,REP-016,DrugGamma-200mg,Neurology,Mechanism of Action,Pre-Meeting Prep,Partially Answered,13.2,15.9,0,2,
MSL-001957,2025-09-26,REP-016,CardioPlus-25mg,Neurology,Patient Selection Criteria,Self-Study,Fully Answered,7.1,16.1,0,5,
MSL-001958,2025-09-26,REP-016,DrugAlpha-100mg,Neurology,Drug Interactions,Pre-Meeting Prep,Fully Answered,4.5,9.5,1,5,HCP-0455
MSL-001959,2025-09-26,REP-016,DrugBeta-50mg,Neurology,Off-label Evidence Request,Post-Call Follow-up,No Answer Found,32.1,0,0,2,
MSL-001960,2025-09-26,REP-016,DrugBeta-50mg,Neurology,Drug Interactions,Self-Study,Fully Answered,6.3,17.1,0,4,
MSL-001961,2025-09-26,REP-017,DrugGamma-200mg,Immunology,Off-label Evidence Request,Pre-Meeting Prep,Fully Answered,12.6,8.7,1,5,HCP-0281
MSL-001962,2025-09-26,REP-021,CardioPlus-25mg,Rare Disease,Biomarker Data,Post-Call Follow-up,Fully Answered,6.4,18.9,0,4,
MSL-001963,2025-09-26,REP-021,DrugGamma-200mg,Rare Disease,Adverse Events / Safety,Pre-Meeting Prep,Partially Answered,19.0,12.7,1,3,HCP-0144
MSL-001964,2025-09-26,REP-021,DrugBeta-50mg,Rare Disease,Adverse Events / Safety,Pre-Meeting Prep,Fully Answered,10.4,18.4,1,5,HCP-0427
MSL-001965,2025-09-26,REP-021,DrugAlpha-100mg,Rare Disease,Guidelines / Protocols,Self-Study,Fully Answered,7.8,14.6,0,4,
MSL-001966,2025-09-29,REP-002,DrugGamma-200mg,Oncology,Mechanism of Action,Pre-Meeting Prep,Fully Answered,2.8,10.3,1,5,HCP-0011
MSL-001967,2025-09-29,REP-004,DrugGamma-200mg,Cardiology,Competitor Comparison,Pre-Meeting Prep,Redirected to Medical,26.5,0,0,2,
MSL-001968,2025-09-29,REP-004,NeuroX-75mg,Cardiology,Mechanism of Action,Post-Call Follow-up,Fully Answered,5.7,9.4,0,5,
MSL-001969,2025-09-29,REP-004,DrugBeta-50mg,Cardiology,Patient Selection Criteria,Live During HCP Call,Fully Answered,6.6,12.2,1,5,HCP-0017
MSL-001970,2025-09-29,REP-008,NeuroX-75mg,Immunology,Drug Interactions,Pre-Meeting Prep,Fully Answered,10.2,12.4,0,4,
MSL-001971,2025-09-29,REP-008,NeuroX-75mg,Immunology,Patient Selection Criteria,Self-Study,Partially Answered,18.5,11.2,0,2,
MSL-001972,2025-09-29,REP-008,DrugBeta-50mg,Immunology,Competitor Comparison,Pre-Meeting Prep,Fully Answered,7.8,7.4,0,4,
MSL-001973,2025-09-29,REP-009,DrugAlpha-100mg,Cardiology,Patient Selection Criteria,Self-Study,Fully Answered,8.6,19.8,0,5,
MSL-001974,2025-09-29,REP-009,DrugBeta-50mg,Cardiology,Real-World Evidence,Self-Study,Partially Answered,10.4,8.8,0,4,
MSL-001975,2025-09-29,REP-009,NeuroX-75mg,Cardiology,Guidelines / Protocols,Self-Study,Fully Answered,7.8,13.1,0,5,
MSL-001976,2025-09-29,REP-009,DrugAlpha-100mg,Cardiology,Subgroup Analysis,Post-Call Follow-up,Partially Answered,12.9,14.8,0,3,
MSL-001977,2025-09-29,REP-009,CardioPlus-25mg,Cardiology,Long-term Outcomes,Live During HCP Call,Fully Answered,8.3,10.8,0,4,
MSL-001978,2025-09-29,REP-009,DrugBeta-50mg,Cardiology,Mechanism of Action,Pre-Meeting Prep,No Answer Found,8.4,0,0,2,
MSL-001979,2025-09-29,REP-010,DrugBeta-50mg,Immunology,Subgroup Analysis,Live During HCP Call,Fully Answered,4.8,12.0,1,4,HCP-0358
MSL-001980,2025-09-29,REP-010,DrugBeta-50mg,Immunology,Guidelines / Protocols,Pre-Meeting Prep,Fully Answered,8.5,14.5,1,4,HCP-0156
MSL-001981,2025-09-29,REP-010,DrugGamma-200mg,Immunology,Competitor Comparison,Self-Study,Redirected to Medical,17.1,0,0,1,
MSL-001982,2025-09-29,REP-010,DrugGamma-200mg,Immunology,Adverse Events / Safety,Pre-Meeting Prep,Partially Answered,15.6,16.8,0,3,
MSL-001983,2025-09-29,REP-015,CardioPlus-25mg,Oncology,Pharmacokinetics,Pre-Meeting Prep,Fully Answered,6.4,10.9,1,5,HCP-0167
MSL-001984,2025-09-29,REP-015,CardioPlus-25mg,Oncology,Pharmacokinetics,Post-Call Follow-up,Redirected to Medical,25.3,0,0,3,
MSL-001985,2025-09-29,REP-015,DrugBeta-50mg,Oncology,Real-World Evidence,Post-Call Follow-up,Fully Answered,7.1,19.7,0,5,
MSL-001986,2025-09-29,REP-015,DrugGamma-200mg,Oncology,Mechanism of Action,Pre-Meeting Prep,Fully Answered,5.5,11.0,1,4,HCP-0051
MSL-001987,2025-09-29,REP-015,CardioPlus-25mg,Oncology,Biomarker Data,Post-Call Follow-up,Redirected to Medical,12.9,0,0,3,
MSL-001988,2025-09-29,REP-016,DrugGamma-200mg,Neurology,Patient Selection Criteria,Post-Call Follow-up,Partially Answered,23.8,10.0,0,3,
MSL-001989,2025-09-29,REP-016,CardioPlus-25mg,Neurology,Long-term Outcomes,Pre-Meeting Prep,Fully Answered,7.3,23.7,0,4,
MSL-001990,2025-09-29,REP-016,DrugGamma-200mg,Neurology,Clinical Trial Data,Self-Study,Fully Answered,12.1,5.3,0,5,
MSL-001991,2025-09-29,REP-017,DrugAlpha-100mg,Immunology,Mechanism of Action,Pre-Meeting Prep,Redirected to Medical,18.3,0,0,1,
MSL-001992,2025-09-29,REP-017,DrugGamma-200mg,Immunology,Clinical Trial Data,Live During HCP Call,Fully Answered,8.2,14.8,1,5,HCP-0211
MSL-001993,2025-09-29,REP-017,DrugGamma-200mg,Immunology,Guidelines / Protocols,Pre-Meeting Prep,Fully Answered,6.6,27.0,1,5,HCP-0466
MSL-001994,2025-09-29,REP-021,DrugAlpha-100mg,Rare Disease,Off-label Evidence Request,Live During HCP Call,Fully Answered,6.0,5.3,0,5,
MSL-001995,2025-09-29,REP-021,DrugAlpha-100mg,Rare Disease,Real-World Evidence,Self-Study,Fully Answered,4.4,5.7,0,5,
MSL-001996,2025-09-29,REP-021,CardioPlus-25mg,Rare Disease,Long-term Outcomes,Pre-Meeting Prep,Fully Answered,5.1,11.6,1,5,HCP-0385
MSL-001997,2025-09-29,REP-021,DrugAlpha-100mg,Rare Disease,Subgroup Analysis,Live During HCP Call,No Answer Found,32.1,0,0,1,
MSL-001998,2025-09-30,REP-002,DrugAlpha-100mg,Oncology,Biomarker Data,Pre-Meeting Prep,Fully Answered,12.0,14.9,1,5,HCP-0283
MSL-001999,2025-09-30,REP-002,DrugAlpha-100mg,Oncology,Combination Therapy,Live During HCP Call,Partially Answered,10.5,11.8,1,3,HCP-0269
MSL-002000,2025-09-30,REP-002,DrugBeta-50mg,Oncology,Clinical Trial Data,Post-Call Follow-up,Fully Answered,3.7,14.7,0,5,
MSL-002001,2025-09-30,REP-002,DrugBeta-50mg,Oncology,Guidelines / Protocols,Post-Call Follow-up,Fully Answered,11.5,6.6,0,5,
MSL-002002,2025-09-30,REP-004,DrugAlpha-100mg,Cardiology,Long-term Outcomes,Post-Call Follow-up,Redirected to Medical,44.5,0,0,3,
MSL-002003,2025-09-30,REP-004,CardioPlus-25mg,Cardiology,Off-label Evidence Request,Post-Call Follow-up,Partially Answered,10.2,9.9,0,4,
MSL-002004,2025-09-30,REP-004,DrugAlpha-100mg,Cardiology,Dosing Guidelines,Self-Study,Fully Answered,4.9,9.0,0,5,
MSL-002005,2025-09-30,REP-004,CardioPlus-25mg,Cardiology,Real-World Evidence,Pre-Meeting Prep,Fully Answered,4.2,10.5,1,5,HCP-0429
MSL-002006,2025-09-30,REP-008,DrugBeta-50mg,Immunology,Dosing Guidelines,Pre-Meeting Prep,Fully Answered,8.2,4.1,1,4,HCP-0315
MSL-002007,2025-09-30,REP-008,NeuroX-75mg,Immunology,Real-World Evidence,Post-Call Follow-up,No Answer Found,20.4,0,0,3,
MSL-002008,2025-09-30,REP-008,CardioPlus-25mg,Immunology,Dosing Guidelines,Pre-Meeting Prep,Fully Answered,9.2,14.2,1,5,HCP-0033
MSL-002009,2025-09-30,REP-008,NeuroX-75mg,Immunology,Competitor Comparison,Self-Study,Partially Answered,12.7,20.9,0,4,
MSL-002010,2025-09-30,REP-009,DrugBeta-50mg,Cardiology,Off-label Evidence Request,Pre-Meeting Prep,Redirected to Medical,19.1,0,0,2,
MSL-002011,2025-09-30,REP-009,CardioPlus-25mg,Cardiology,Pharmacokinetics,Live During HCP Call,Fully Answered,6.2,16.3,0,4,
MSL-002012,2025-09-30,REP-010,DrugAlpha-100mg,Immunology,Mechanism of Action,Pre-Meeting Prep,Fully Answered,8.9,10.4,0,5,
MSL-002013,2025-09-30,REP-010,DrugAlpha-100mg,Immunology,Biomarker Data,Post-Call Follow-up,Redirected to Medical,22.2,0,0,2,
MSL-002014,2025-09-30,REP-010,DrugBeta-50mg,Immunology,Guidelines / Protocols,Pre-Meeting Prep,No Answer Found,30.2,0,0,2,
MSL-002015,2025-09-30,REP-015,CardioPlus-25mg,Oncology,Combination Therapy,Live During HCP Call,Fully Answered,6.2,13.1,0,5,
MSL-002016,2025-09-30,REP-016,NeuroX-75mg,Neurology,Pharmacokinetics,Live During HCP Call,Partially Answered,13.6,8.5,1,3,HCP-0233
MSL-002017,2025-09-30,REP-016,DrugGamma-200mg,Neurology,Dosing Guidelines,Pre-Meeting Prep,Fully Answered,2.8,6.1,1,5,HCP-0270
MSL-002018,2025-09-30,REP-016,CardioPlus-25mg,Neurology,Subgroup Analysis,Live During HCP Call,Partially Answered,11.4,6.4,0,4,
MSL-002019,2025-09-30,REP-017,DrugBeta-50mg,Immunology,Subgroup Analysis,Post-Call Follow-up,Fully Answered,4.5,11.6,0,5,
MSL-002020,2025-09-30,REP-017,DrugGamma-200mg,Immunology,Long-term Outcomes,Self-Study,Fully Answered,7.4,14.2,0,5,
MSL-002021,2025-09-30,REP-021,NeuroX-75mg,Rare Disease,Off-label Evidence Request,Pre-Meeting Prep,Fully Answered,10.7,12.7,1,5,HCP-0500
MSL-002022,2025-09-30,REP-021,DrugBeta-50mg,Rare Disease,Combination Therapy,Live During HCP Call,Fully Answered,11.4,13.1,1,4,HCP-0042
MSL-002023,2025-09-30,REP-021,DrugBeta-50mg,Rare Disease,Competitor Comparison,Self-Study,Redirected to Medical,27.5,0,0,1,
MSL-002024,2025-09-30,REP-021,DrugGamma-200mg,Rare Disease,Subgroup Analysis,Post-Call Follow-up,No Answer Found,34.0,0,0,2,
MSL-002025,2025-09-30,REP-021,CardioPlus-25mg,Rare Disease,Off-label Evidence Request,Self-Study,Fully Answered,7.5,6.3,0,5,
MSL-002026,2025-10-01,REP-002,DrugBeta-50mg,Oncology,Clinical Trial Data,Pre-Meeting Prep,Partially Answered,12.3,20.7,0,4,
MSL-002027,2025-10-01,REP-002,NeuroX-75mg,Oncology,Subgroup Analysis,Live During HCP Call,Fully Answered,7.3,10.3,1,4,HCP-0351
MSL-002028,2025-10-01,REP-002,DrugAlpha-100mg,Oncology,Guidelines / Protocols,Self-Study,Redirected to Medical,20.5,0,0,1,
MSL-002029,2025-10-01,REP-002,DrugBeta-50mg,Oncology,Patient Selection Criteria,Live During HCP Call,Fully Answered,7.8,18.6,1,5,HCP-0068
MSL-002030,2025-10-01,REP-002,NeuroX-75mg,Oncology,Off-label Evidence Request,Self-Study,Fully Answered,9.3,22.1,0,5,
MSL-002031,2025-10-01,REP-004,CardioPlus-25mg,Cardiology,Drug Interactions,Live During HCP Call,Fully Answered,9.6,9.3,1,5,HCP-0430
MSL-002032,2025-10-01,REP-004,CardioPlus-25mg,Cardiology,Clinical Trial Data,Live During HCP Call,Redirected to Medical,22.3,0,0,1,
MSL-002033,2025-10-01,REP-004,NeuroX-75mg,Cardiology,Guidelines / Protocols,Post-Call Follow-up,Redirected to Medical,22.2,0,0,2,
MSL-002034,2025-10-01,REP-004,DrugGamma-200mg,Cardiology,Drug Interactions,Pre-Meeting Prep,Fully Answered,10.4,17.8,0,4,
MSL-002035,2025-10-01,REP-008,CardioPlus-25mg,Immunology,Subgroup Analysis,Live During HCP Call,Fully Answered,8.6,18.1,1,5,HCP-0350
MSL-002036,2025-10-01,REP-008,CardioPlus-25mg,Immunology,Clinical Trial Data,Live During HCP Call,Fully Answered,8.5,6.0,0,5,
MSL-002037,2025-10-01,REP-009,DrugBeta-50mg,Cardiology,Mechanism of Action,Self-Study,No Answer Found,16.1,0,0,1,
MSL-002038,2025-10-01,REP-009,CardioPlus-25mg,Cardiology,Dosing Guidelines,Post-Call Follow-up,Fully Answered,11.3,10.3,0,5,
MSL-002039,2025-10-01,REP-010,NeuroX-75mg,Immunology,Combination Therapy,Pre-Meeting Prep,Fully Answered,6.7,10.5,0,5,
MSL-002040,2025-10-01,REP-010,DrugAlpha-100mg,Immunology,Off-label Evidence Request,Live During HCP Call,Fully Answered,6.7,7.4,0,5,
MSL-002041,2025-10-01,REP-015,DrugGamma-200mg,Oncology,Guidelines / Protocols,Pre-Meeting Prep,Fully Answered,8.0,22.0,0,5,
MSL-002042,2025-10-01,REP-015,CardioPlus-25mg,Oncology,Long-term Outcomes,Pre-Meeting Prep,Fully Answered,9.4,15.1,1,5,HCP-0027
MSL-002043,2025-10-01,REP-015,DrugBeta-50mg,Oncology,Dosing Guidelines,Pre-Meeting Prep,Fully Answered,9.5,13.7,1,4,HCP-0407
MSL-002044,2025-10-01,REP-015,DrugGamma-200mg,Oncology,Competitor Comparison,Pre-Meeting Prep,Partially Answered,10.6,8.7,1,4,HCP-0097
MSL-002045,2025-10-01,REP-015,CardioPlus-25mg,Oncology,Subgroup Analysis,Pre-Meeting Prep,No Answer Found,30.6,0,0,1,
MSL-002046,2025-10-01,REP-015,CardioPlus-25mg,Oncology,Guidelines / Protocols,Post-Call Follow-up,Partially Answered,12.2,13.1,0,3,
MSL-002047,2025-10-01,REP-017,CardioPlus-25mg,Immunology,Combination Therapy,Live During HCP Call,Fully Answered,4.5,8.1,1,5,HCP-0185
MSL-002048,2025-10-01,REP-017,DrugBeta-50mg,Immunology,Combination Therapy,Pre-Meeting Prep,Fully Answered,10.0,9.7,0,4,
MSL-002049,2025-10-01,REP-017,NeuroX-75mg,Immunology,Off-label Evidence Request,Self-Study,Fully Answered,9.4,3.9,0,5,
MSL-002050,2025-10-01,REP-017,NeuroX-75mg,Immunology,Dosing Guidelines,Self-Study,Fully Answered,10.4,9.8,0,4,
MSL-002051,2025-10-01,REP-017,DrugAlpha-100mg,Immunology,Mechanism of Action,Pre-Meeting Prep,Fully Answered,4.2,15.1,0,4,
MSL-002052,2025-10-01,REP-021,DrugGamma-200mg,Rare Disease,Pharmacokinetics,Self-Study,Fully Answered,5.6,11.4,0,5,
MSL-002053,2025-10-01,REP-021,DrugAlpha-100mg,Rare Disease,Adverse Events / Safety,Pre-Meeting Prep,No Answer Found,32.9,0,0,3,
MSL-002054,2025-10-01,REP-021,DrugGamma-200mg,Rare Disease,Real-World Evidence,Pre-Meeting Prep,Redirected to Medical,39.7,0,0,2,
MSL-002055,2025-10-01,REP-021,NeuroX-75mg,Rare Disease,Real-World Evidence,Pre-Meeting Prep,No Answer Found,28.3,0,0,2,
MSL-002056,2025-10-02,REP-002,CardioPlus-25mg,Oncology,Adverse Events / Safety,Pre-Meeting Prep,Fully Answered,7.5,13.0,0,5,
MSL-002057,2025-10-02,REP-002,DrugGamma-200mg,Oncology,Clinical Trial Data,Pre-Meeting Prep,No Answer Found,20.4,0,0,1,
MSL-002058,2025-10-02,REP-002,DrugBeta-50mg,Oncology,Off-label Evidence Request,Pre-Meeting Prep,Partially Answered,7.6,6.9,1,3,HCP-0087
MSL-002059,2025-10-02,REP-002,CardioPlus-25mg,Oncology,Long-term Outcomes,Pre-Meeting Prep,Fully Answered,13.2,12.8,0,5,
MSL-002060,2025-10-02,REP-002,NeuroX-75mg,Oncology,Mechanism of Action,Pre-Meeting Prep,Fully Answered,10.6,13.9,1,5,HCP-0142
MSL-002061,2025-10-02,REP-002,DrugAlpha-100mg,Oncology,Combination Therapy,Pre-Meeting Prep,No Answer Found,22.9,0,0,2,
MSL-002062,2025-10-02,REP-002,DrugGamma-200mg,Oncology,Real-World Evidence,Live During HCP Call,Fully Answered,6.4,10.3,1,4,HCP-0096
MSL-002063,2025-10-02,REP-004,DrugAlpha-100mg,Cardiology,Combination Therapy,Live During HCP Call,Fully Answered,5.9,3.8,1,5,HCP-0470
MSL-002064,2025-10-02,REP-004,CardioPlus-25mg,Cardiology,Competitor Comparison,Live During HCP Call,Fully Answered,5.4,14.4,1,4,HCP-0322
MSL-002065,2025-10-02,REP-004,DrugGamma-200mg,Cardiology,Clinical Trial Data,Live During HCP Call,Partially Answered,17.1,9.7,1,3,HCP-0277
MSL-002066,2025-10-02,REP-004,DrugAlpha-100mg,Cardiology,Patient Selection Criteria,Post-Call Follow-up,Fully Answered,11.3,15.8,0,5,
MSL-002067,2025-10-02,REP-004,NeuroX-75mg,Cardiology,Off-label Evidence Request,Post-Call Follow-up,Fully Answered,8.2,18.5,0,4,
MSL-002068,2025-10-02,REP-008,DrugGamma-200mg,Immunology,Clinical Trial Data,Pre-Meeting Prep,Partially Answered,18.0,18.4,1,3,HCP-0131
MSL-002069,2025-10-02,REP-008,CardioPlus-25mg,Immunology,Off-label Evidence Request,Pre-Meeting Prep,Fully Answered,3.4,12.1,1,5,HCP-0218
MSL-002070,2025-10-02,REP-008,DrugAlpha-100mg,Immunology,Off-label Evidence Request,Post-Call Follow-up,Fully Answered,5.2,17.2,0,5,
MSL-002071,2025-10-02,REP-009,CardioPlus-25mg,Cardiology,Adverse Events / Safety,Live During HCP Call,Partially Answered,19.0,13.6,1,4,HCP-0486
MSL-002072,2025-10-02,REP-009,CardioPlus-25mg,Cardiology,Long-term Outcomes,Post-Call Follow-up,Fully Answered,11.4,15.0,0,5,
MSL-002073,2025-10-02,REP-009,DrugGamma-200mg,Cardiology,Dosing Guidelines,Self-Study,Fully Answered,6.8,11.4,0,5,
MSL-002074,2025-10-02,REP-009,CardioPlus-25mg,Cardiology,Subgroup Analysis,Pre-Meeting Prep,Fully Answered,7.3,21.7,0,5,
MSL-002075,2025-10-02,REP-009,DrugGamma-200mg,Cardiology,Guidelines / Protocols,Post-Call Follow-up,Partially Answered,17.6,11.2,0,2,
MSL-002076,2025-10-02,REP-010,DrugGamma-200mg,Immunology,Dosing Guidelines,Pre-Meeting Prep,Fully Answered,13.2,4.2,1,5,HCP-0063
MSL-002077,2025-10-02,REP-010,NeuroX-75mg,Immunology,Competitor Comparison,Pre-Meeting Prep,Fully Answered,6.2,12.5,1,5,HCP-0124
MSL-002078,2025-10-02,REP-010,DrugAlpha-100mg,Immunology,Clinical Trial Data,Live During HCP Call,Fully Answered,13.2,13.3,0,5,
MSL-002079,2025-10-02,REP-010,DrugAlpha-100mg,Immunology,Adverse Events / Safety,Pre-Meeting Prep,Fully Answered,4.1,16.9,1,5,HCP-0257
MSL-002080,2025-10-02,REP-010,NeuroX-75mg,Immunology,Dosing Guidelines,Self-Study,Fully Answered,13.0,2,0,4,
MSL-002081,2025-10-02,REP-016,CardioPlus-25mg,Neurology,Competitor Comparison,Live During HCP Call,Fully Answered,9.0,7.0,0,5,
MSL-002082,2025-10-02,REP-016,DrugAlpha-100mg,Neurology,Adverse Events / Safety,Live During HCP Call,Fully Answered,9.2,17.7,1,5,HCP-0461
MSL-002083,2025-10-02,REP-016,CardioPlus-25mg,Neurology,Guidelines / Protocols,Pre-Meeting Prep,Redirected to Medical,39.9,0,0,1,
MSL-002084,2025-10-02,REP-017,NeuroX-75mg,Immunology,Biomarker Data,Post-Call Follow-up,Fully Answered,5.9,8.2,0,5,
MSL-002085,2025-10-02,REP-017,NeuroX-75mg,Immunology,Real-World Evidence,Live During HCP Call,Fully Answered,7.6,14.7,1,5,HCP-0118
MSL-002086,2025-10-02,REP-017,NeuroX-75mg,Immunology,Adverse Events / Safety,Pre-Meeting Prep,Partially Answered,4.4,10.0,1,2,HCP-0148
MSL-002087,2025-10-02,REP-017,DrugGamma-200mg,Immunology,Drug Interactions,Pre-Meeting Prep,Partially Answered,14.2,14.6,1,3,HCP-0056
MSL-002088,2025-10-02,REP-017,DrugGamma-200mg,Immunology,Dosing Guidelines,Self-Study,Redirected to Medical,35.0,0,0,1,
MSL-002089,2025-10-02,REP-021,NeuroX-75mg,Rare Disease,Mechanism of Action,Pre-Meeting Prep,Fully Answered,10.0,9.9,1,5,HCP-0300
MSL-002090,2025-10-02,REP-021,DrugAlpha-100mg,Rare Disease,Patient Selection Criteria,Pre-Meeting Prep,Fully Answered,8.9,14.7,1,5,HCP-0432
MSL-002091,2025-10-02,REP-021,NeuroX-75mg,Rare Disease,Long-term Outcomes,Pre-Meeting Prep,Fully Answered,7.6,7.1,1,5,HCP-0065
MSL-002092,2025-10-02,REP-021,DrugBeta-50mg,Rare Disease,Off-label Evidence Request,Pre-Meeting Prep,No Answer Found,28.5,0,0,2,
MSL-002093,2025-10-03,REP-002,DrugAlpha-100mg,Oncology,Adverse Events / Safety,Pre-Meeting Prep,Fully Answered,9.9,6.6,1,5,HCP-0340
MSL-002094,2025-10-03,REP-002,CardioPlus-25mg,Oncology,Mechanism of Action,Post-Call Follow-up,Fully Answered,9.5,16.6,0,4,
MSL-002095,2025-10-03,REP-002,NeuroX-75mg,Oncology,Long-term Outcomes,Pre-Meeting Prep,Fully Answered,9.9,16.3,1,5,HCP-0085
MSL-002096,2025-10-03,REP-002,DrugBeta-50mg,Oncology,Off-label Evidence Request,Post-Call Follow-up,No Answer Found,26.1,0,0,2,
MSL-002097,2025-10-03,REP-002,DrugBeta-50mg,Oncology,Patient Selection Criteria,Self-Study,Fully Answered,9.0,14.7,0,5,
MSL-002098,2025-10-03,REP-002,DrugAlpha-100mg,Oncology,Clinical Trial Data,Post-Call Follow-up,Redirected to Medical,28.6,0,0,1,
MSL-002099,2025-10-03,REP-002,DrugGamma-200mg,Oncology,Clinical Trial Data,Pre-Meeting Prep,Fully Answered,2.3,17.6,0,4,
MSL-002100,2025-10-03,REP-002,DrugGamma-200mg,Oncology,Subgroup Analysis,Pre-Meeting Prep,Redirected to Medical,30.9,0,0,1,
MSL-002101,2025-10-03,REP-004,NeuroX-75mg,Cardiology,Guidelines / Protocols,Pre-Meeting Prep,Fully Answered,8.3,15.0,1,5,HCP-0491
MSL-002102,2025-10-03,REP-004,DrugBeta-50mg,Cardiology,Mechanism of Action,Live During HCP Call,Fully Answered,6.4,7.0,1,5,HCP-0397
MSL-002103,2025-10-03,REP-004,DrugBeta-50mg,Cardiology,Clinical Trial Data,Post-Call Follow-up,Fully Answered,12.9,18.1,0,4,
MSL-002104,2025-10-03,REP-004,DrugAlpha-100mg,Cardiology,Mechanism of Action,Post-Call Follow-up,Fully Answered,6.8,7.8,0,4,
MSL-002105,2025-10-03,REP-008,DrugGamma-200mg,Immunology,Long-term Outcomes,Self-Study,Fully Answered,12.9,20.0,0,4,
MSL-002106,2025-10-03,REP-008,CardioPlus-25mg,Immunology,Clinical Trial Data,Pre-Meeting Prep,Partially Answered,19.4,7.8,0,3,
MSL-002107,2025-10-03,REP-008,DrugGamma-200mg,Immunology,Clinical Trial Data,Pre-Meeting Prep,Fully Answered,7.7,9.9,1,5,HCP-0438
MSL-002108,2025-10-03,REP-009,DrugBeta-50mg,Cardiology,Subgroup Analysis,Pre-Meeting Prep,Fully Answered,8.5,21.1,1,4,HCP-0424
MSL-002109,2025-10-03,REP-009,DrugBeta-50mg,Cardiology,Clinical Trial Data,Pre-Meeting Prep,No Answer Found,37.4,0,0,3,
MSL-002110,2025-10-03,REP-009,DrugGamma-200mg,Cardiology,Dosing Guidelines,Self-Study,Fully Answered,12.1,18.8,0,5,
MSL-002111,2025-10-03,REP-009,CardioPlus-25mg,Cardiology,Pharmacokinetics,Pre-Meeting Prep,Partially Answered,8.5,24.8,1,4,HCP-0131
MSL-002112,2025-10-03,REP-010,DrugBeta-50mg,Immunology,Pharmacokinetics,Post-Call Follow-up,Fully Answered,9.8,18.2,0,4,
MSL-002113,2025-10-03,REP-010,CardioPlus-25mg,Immunology,Clinical Trial Data,Live During HCP Call,Partially Answered,15.1,18.2,1,3,HCP-0402
MSL-002114,2025-10-03,REP-015,DrugBeta-50mg,Oncology,Pharmacokinetics,Pre-Meeting Prep,Redirected to Medical,15.1,0,0,1,
MSL-002115,2025-10-03,REP-015,DrugBeta-50mg,Oncology,Pharmacokinetics,Pre-Meeting Prep,Fully Answered,13.6,16.9,1,5,HCP-0043
MSL-002116,2025-10-03,REP-015,DrugAlpha-100mg,Oncology,Dosing Guidelines,Post-Call Follow-up,Fully Answered,3.0,11.3,0,5,
MSL-002117,2025-10-03,REP-015,CardioPlus-25mg,Oncology,Biomarker Data,Pre-Meeting Prep,Partially Answered,19.8,14.3,1,3,HCP-0480
MSL-002118,2025-10-03,REP-015,DrugGamma-200mg,Oncology,Adverse Events / Safety,Pre-Meeting Prep,Fully Answered,6.8,13.6,1,4,HCP-0439
MSL-002119,2025-10-03,REP-015,NeuroX-75mg,Oncology,Patient Selection Criteria,Live During HCP Call,Fully Answered,11.1,11.0,1,5,HCP-0011
MSL-002120,2025-10-03,REP-016,DrugGamma-200mg,Neurology,Clinical Trial Data,Pre-Meeting Prep,Fully Answered,8.2,13.1,1,5,HCP-0115
MSL-002121,2025-10-03,REP-016,DrugAlpha-100mg,Neurology,Combination Therapy,Post-Call Follow-up,Redirected to Medical,11.3,0,0,3,
MSL-002122,2025-10-03,REP-016,NeuroX-75mg,Neurology,Real-World Evidence,Self-Study,Fully Answered,11.5,12.3,0,5,
MSL-002123,2025-10-03,REP-017,CardioPlus-25mg,Immunology,Biomarker Data,Post-Call Follow-up,Fully Answered,4.4,7.6,0,4,
MSL-002124,2025-10-03,REP-021,DrugAlpha-100mg,Rare Disease,Subgroup Analysis,Live During HCP Call,Partially Answered,8.0,2.7,1,3,HCP-0072
MSL-002125,2025-10-06,REP-002,CardioPlus-25mg,Oncology,Competitor Comparison,Self-Study,Fully Answered,7.3,12.6,0,5,
MSL-002126,2025-10-06,REP-002,DrugBeta-50mg,Oncology,Real-World Evidence,Self-Study,Fully Answered,2.5,14.3,0,5,
MSL-002127,2025-10-06,REP-002,NeuroX-75mg,Oncology,Long-term Outcomes,Self-Study,No Answer Found,16.0,0,0,3,
MSL-002128,2025-10-06,REP-004,DrugBeta-50mg,Cardiology,Biomarker Data,Live During HCP Call,Fully Answered,6.6,12.6,1,5,HCP-0457
MSL-002129,2025-10-06,REP-004,NeuroX-75mg,Cardiology,Subgroup Analysis,Live During HCP Call,No Answer Found,31.5,0,0,1,
MSL-002130,2025-10-06,REP-004,NeuroX-75mg,Cardiology,Off-label Evidence Request,Pre-Meeting Prep,No Answer Found,19.4,0,0,1,
MSL-002131,2025-10-06,REP-004,NeuroX-75mg,Cardiology,Mechanism of Action,Live During HCP Call,Fully Answered,11.7,11.3,1,5,HCP-0395
MSL-002132,2025-10-06,REP-004,DrugBeta-50mg,Cardiology,Mechanism of Action,Pre-Meeting Prep,Fully Answered,7.5,12.2,1,4,HCP-0059
MSL-002133,2025-10-06,REP-004,DrugGamma-200mg,Cardiology,Biomarker Data,Live During HCP Call,No Answer Found,38.4,0,0,3,
MSL-002134,2025-10-06,REP-004,NeuroX-75mg,Cardiology,Off-label Evidence Request,Pre-Meeting Prep,Redirected to Medical,16.9,0,0,2,
MSL-002135,2025-10-06,REP-008,CardioPlus-25mg,Immunology,Off-label Evidence Request,Post-Call Follow-up,Fully Answered,5.9,14.3,0,5,
MSL-002136,2025-10-06,REP-008,NeuroX-75mg,Immunology,Clinical Trial Data,Post-Call Follow-up,No Answer Found,16.5,0,0,2,
MSL-002137,2025-10-06,REP-008,NeuroX-75mg,Immunology,Drug Interactions,Live During HCP Call,Fully Answered,13.9,12.0,1,5,HCP-0318
MSL-002138,2025-10-06,REP-009,DrugAlpha-100mg,Cardiology,Clinical Trial Data,Post-Call Follow-up,Fully Answered,9.1,13.3,0,5,
MSL-002139,2025-10-06,REP-010,NeuroX-75mg,Immunology,Subgroup Analysis,Pre-Meeting Prep,Fully Answered,7.3,10.6,1,4,HCP-0118
MSL-002140,2025-10-06,REP-010,DrugBeta-50mg,Immunology,Guidelines / Protocols,Post-Call Follow-up,Fully Answered,13.6,11.5,0,5,
MSL-002141,2025-10-06,REP-010,CardioPlus-25mg,Immunology,Patient Selection Criteria,Self-Study,Fully Answered,5.7,6.1,0,5,
MSL-002142,2025-10-06,REP-015,NeuroX-75mg,Oncology,Adverse Events / Safety,Self-Study,No Answer Found,19.0,0,0,3,
MSL-002143,2025-10-06,REP-015,NeuroX-75mg,Oncology,Subgroup Analysis,Pre-Meeting Prep,Redirected to Medical,15.5,0,0,1,
MSL-002144,2025-10-06,REP-015,DrugBeta-50mg,Oncology,Long-term Outcomes,Post-Call Follow-up,Fully Answered,8.6,12.2,0,4,
MSL-002145,2025-10-06,REP-016,DrugAlpha-100mg,Neurology,Clinical Trial Data,Self-Study,Fully Answered,7.4,6.6,0,5,
MSL-002146,2025-10-06,REP-016,DrugBeta-50mg,Neurology,Adverse Events / Safety,Pre-Meeting Prep,Fully Answered,9.8,6.2,1,5,HCP-0248
MSL-002147,2025-10-06,REP-016,DrugAlpha-100mg,Neurology,Combination Therapy,Pre-Meeting Prep,Fully Answered,7.5,13.9,1,5,HCP-0448
MSL-002148,2025-10-06,REP-016,DrugGamma-200mg,Neurology,Subgroup Analysis,Live During HCP Call,Fully Answered,8.0,18.0,1,5,HCP-0260
MSL-002149,2025-10-06,REP-017,DrugAlpha-100mg,Immunology,Mechanism of Action,Post-Call Follow-up,Fully Answered,10.6,13.7,0,5,
MSL-002150,2025-10-06,REP-017,DrugGamma-200mg,Immunology,Clinical Trial Data,Pre-Meeting Prep,Fully Answered,10.3,12.6,1,4,HCP-0016
MSL-002151,2025-10-06,REP-017,DrugBeta-50mg,Immunology,Clinical Trial Data,Post-Call Follow-up,Fully Answered,10.2,9.2,0,5,
MSL-002152,2025-10-06,REP-017,CardioPlus-25mg,Immunology,Mechanism of Action,Live During HCP Call,Redirected to Medical,14.1,0,0,2,
MSL-002153,2025-10-06,REP-021,NeuroX-75mg,Rare Disease,Off-label Evidence Request,Self-Study,Fully Answered,6.3,7.0,0,4,
MSL-002154,2025-10-06,REP-021,DrugAlpha-100mg,Rare Disease,Dosing Guidelines,Live During HCP Call,Fully Answered,5.3,13.8,1,5,HCP-0276
MSL-002155,2025-10-06,REP-021,DrugAlpha-100mg,Rare Disease,Competitor Comparison,Pre-Meeting Prep,Fully Answered,5.4,5.1,0,4,
MSL-002156,2025-10-06,REP-021,DrugGamma-200mg,Rare Disease,Combination Therapy,Post-Call Follow-up,Fully Answered,12.9,15.6,0,5,
MSL-002157,2025-10-07,REP-002,NeuroX-75mg,Oncology,Dosing Guidelines,Self-Study,Fully Answered,11.1,6.7,0,4,
MSL-002158,2025-10-07,REP-002,DrugBeta-50mg,Oncology,Combination Therapy,Self-Study,Fully Answered,9.3,10.7,0,4,
MSL-002159,2025-10-07,REP-002,DrugAlpha-100mg,Oncology,Patient Selection Criteria,Post-Call Follow-up,Fully Answered,6.6,10.6,0,5,
MSL-002160,2025-10-07,REP-002,CardioPlus-25mg,Oncology,Adverse Events / Safety,Self-Study,Fully Answered,10.2,16.3,0,5,
MSL-002161,2025-10-07,REP-004,NeuroX-75mg,Cardiology,Off-label Evidence Request,Post-Call Follow-up,Fully Answered,5.8,15.7,0,5,
MSL-002162,2025-10-07,REP-004,NeuroX-75mg,Cardiology,Competitor Comparison,Post-Call Follow-up,No Answer Found,15.1,0,0,3,
MSL-002163,2025-10-07,REP-004,CardioPlus-25mg,Cardiology,Clinical Trial Data,Post-Call Follow-up,Partially Answered,14.9,13.0,0,2,
MSL-002164,2025-10-07,REP-004,CardioPlus-25mg,Cardiology,Clinical Trial Data,Live During HCP Call,Fully Answered,11.8,6.7,0,5,
MSL-002165,2025-10-07,REP-008,DrugBeta-50mg,Immunology,Off-label Evidence Request,Post-Call Follow-up,Redirected to Medical,15.1,0,0,2,
MSL-002166,2025-10-07,REP-008,DrugAlpha-100mg,Immunology,Off-label Evidence Request,Live During HCP Call,Fully Answered,9.0,15.0,1,4,HCP-0409
MSL-002167,2025-10-07,REP-008,NeuroX-75mg,Immunology,Pharmacokinetics,Pre-Meeting Prep,Fully Answered,6.4,16.5,1,5,HCP-0064
MSL-002168,2025-10-07,REP-008,CardioPlus-25mg,Immunology,Pharmacokinetics,Pre-Meeting Prep,Fully Answered,9.5,11.1,1,5,HCP-0239
MSL-002169,2025-10-07,REP-008,CardioPlus-25mg,Immunology,Biomarker Data,Live During HCP Call,Fully Answered,9.5,23.6,1,5,HCP-0152
MSL-002170,2025-10-07,REP-009,DrugAlpha-100mg,Cardiology,Drug Interactions,Post-Call Follow-up,Fully Answered,9.5,14.3,0,5,
MSL-002171,2025-10-07,REP-009,NeuroX-75mg,Cardiology,Clinical Trial Data,Live During HCP Call,Fully Answered,12.0,18.1,1,4,HCP-0474
MSL-002172,2025-10-07,REP-010,DrugBeta-50mg,Immunology,Mechanism of Action,Self-Study,Fully Answered,8.7,22.0,0,4,
MSL-002173,2025-10-07,REP-010,CardioPlus-25mg,Immunology,Biomarker Data,Self-Study,Fully Answered,9.4,8.1,0,5,
MSL-002174,2025-10-07,REP-010,DrugGamma-200mg,Immunology,Subgroup Analysis,Self-Study,Fully Answered,7.4,8.4,0,5,
MSL-002175,2025-10-07,REP-010,DrugGamma-200mg,Immunology,Drug Interactions,Pre-Meeting Prep,Fully Answered,8.9,12.9,1,5,HCP-0084
MSL-002176,2025-10-07,REP-010,NeuroX-75mg,Immunology,Off-label Evidence Request,Post-Call Follow-up,No Answer Found,20.6,0,0,1,
MSL-002177,2025-10-07,REP-016,NeuroX-75mg,Neurology,Mechanism of Action,Post-Call Follow-up,Fully Answered,7.0,8.6,0,5,
MSL-002178,2025-10-07,REP-016,DrugAlpha-100mg,Neurology,Guidelines / Protocols,Live During HCP Call,Fully Answered,12.6,15.7,1,5,HCP-0035
MSL-002179,2025-10-07,REP-016,DrugBeta-50mg,Neurology,Patient Selection Criteria,Live During HCP Call,Fully Answered,5.6,6.1,1,5,HCP-0371
MSL-002180,2025-10-07,REP-016,NeuroX-75mg,Neurology,Dosing Guidelines,Pre-Meeting Prep,Fully Answered,9.8,14.1,1,4,HCP-0135
MSL-002181,2025-10-07,REP-016,DrugGamma-200mg,Neurology,Patient Selection Criteria,Pre-Meeting Prep,Fully Answered,11.7,7.2,1,5,HCP-0203
MSL-002182,2025-10-07,REP-017,DrugBeta-50mg,Immunology,Off-label Evidence Request,Post-Call Follow-up,Fully Answered,11.8,13.5,0,5,
MSL-002183,2025-10-07,REP-017,NeuroX-75mg,Immunology,Combination Therapy,Pre-Meeting Prep,Fully Answered,1,9.2,1,5,HCP-0327
MSL-002184,2025-10-07,REP-017,DrugBeta-50mg,Immunology,Dosing Guidelines,Post-Call Follow-up,No Answer Found,21.5,0,0,3,
MSL-002185,2025-10-07,REP-017,DrugBeta-50mg,Immunology,Subgroup Analysis,Pre-Meeting Prep,Fully Answered,8.6,9.9,1,4,HCP-0483
MSL-002186,2025-10-07,REP-017,DrugBeta-50mg,Immunology,Clinical Trial Data,Pre-Meeting Prep,Fully Answered,4.6,17.3,1,4,HCP-0182
MSL-002187,2025-10-07,REP-017,DrugAlpha-100mg,Immunology,Long-term Outcomes,Live During HCP Call,No Answer Found,31.2,0,0,1,
MSL-002188,2025-10-07,REP-017,DrugBeta-50mg,Immunology,Dosing Guidelines,Live During HCP Call,Fully Answered,7.1,11.3,1,4,HCP-0178
MSL-002189,2025-10-07,REP-021,CardioPlus-25mg,Rare Disease,Real-World Evidence,Pre-Meeting Prep,Fully Answered,11.6,2.1,1,5,HCP-0244
MSL-002190,2025-10-08,REP-004,DrugBeta-50mg,Cardiology,Adverse Events / Safety,Self-Study,Partially Answered,18.3,15.9,0,2,
MSL-002191,2025-10-08,REP-008,DrugGamma-200mg,Immunology,Patient Selection Criteria,Post-Call Follow-up,Fully Answered,4.8,11.3,0,5,
MSL-002192,2025-10-08,REP-008,DrugAlpha-100mg,Immunology,Biomarker Data,Post-Call Follow-up,Partially Answered,12.8,9.6,0,3,
MSL-002193,2025-10-08,REP-008,CardioPlus-25mg,Immunology,Competitor Comparison,Pre-Meeting Prep,Fully Answered,10.6,4.5,1,4,HCP-0479
MSL-002194,2025-10-08,REP-009,DrugGamma-200mg,Cardiology,Pharmacokinetics,Post-Call Follow-up,Partially Answered,11.3,2,0,4,
MSL-002195,2025-10-08,REP-009,DrugAlpha-100mg,Cardiology,Patient Selection Criteria,Pre-Meeting Prep,No Answer Found,26.4,0,0,1,
MSL-002196,2025-10-08,REP-010,DrugGamma-200mg,Immunology,Long-term Outcomes,Post-Call Follow-up,Redirected to Medical,28.9,0,0,2,
MSL-002197,2025-10-08,REP-010,DrugGamma-200mg,Immunology,Combination Therapy,Pre-Meeting Prep,Partially Answered,23.3,20.5,0,4,
MSL-002198,2025-10-08,REP-010,CardioPlus-25mg,Immunology,Drug Interactions,Live During HCP Call,Fully Answered,9.7,10.7,1,4,HCP-0360
MSL-002199,2025-10-08,REP-010,CardioPlus-25mg,Immunology,Dosing Guidelines,Post-Call Follow-up,Fully Answered,11.2,11.2,0,5,
MSL-002200,2025-10-08,REP-010,NeuroX-75mg,Immunology,Dosing Guidelines,Pre-Meeting Prep,Fully Answered,5.7,15.4,1,4,HCP-0135
MSL-002201,2025-10-08,REP-015,CardioPlus-25mg,Oncology,Patient Selection Criteria,Self-Study,Fully Answered,9.7,18.5,0,5,
MSL-002202,2025-10-08,REP-015,DrugAlpha-100mg,Oncology,Off-label Evidence Request,Live During HCP Call,Fully Answered,7.2,2.2,1,5,HCP-0417
MSL-002203,2025-10-08,REP-015,DrugGamma-200mg,Oncology,Dosing Guidelines,Self-Study,Fully Answered,12.2,7.7,0,5,
MSL-002204,2025-10-08,REP-015,DrugGamma-200mg,Oncology,Real-World Evidence,Pre-Meeting Prep,Partially Answered,12.1,15.9,1,3,HCP-0086
MSL-002205,2025-10-08,REP-015,DrugBeta-50mg,Oncology,Competitor Comparison,Post-Call Follow-up,Fully Answered,6.1,13.1,0,5,
MSL-002206,2025-10-08,REP-015,DrugBeta-50mg,Oncology,Competitor Comparison,Pre-Meeting Prep,Fully Answered,6.3,9.4,1,5,HCP-0302
MSL-002207,2025-10-08,REP-016,DrugAlpha-100mg,Neurology,Drug Interactions,Live During HCP Call,Partially Answered,13.7,16.0,1,4,HCP-0321
MSL-002208,2025-10-08,REP-016,DrugBeta-50mg,Neurology,Off-label Evidence Request,Pre-Meeting Prep,Fully Answered,8.0,3.0,1,5,HCP-0470
MSL-002209,2025-10-08,REP-016,DrugBeta-50mg,Neurology,Adverse Events / Safety,Pre-Meeting Prep,Redirected to Medical,30.5,0,0,1,
MSL-002210,2025-10-08,REP-016,DrugAlpha-100mg,Neurology,Clinical Trial Data,Post-Call Follow-up,No Answer Found,15.0,0,0,2,
MSL-002211,2025-10-08,REP-016,DrugGamma-200mg,Neurology,Combination Therapy,Live During HCP Call,Partially Answered,17.6,14.7,1,3,HCP-0135
MSL-002212,2025-10-08,REP-016,CardioPlus-25mg,Neurology,Combination Therapy,Post-Call Follow-up,Redirected to Medical,23.2,0,0,2,
MSL-002213,2025-10-08,REP-017,NeuroX-75mg,Immunology,Adverse Events / Safety,Self-Study,Fully Answered,13.6,16.2,0,4,
MSL-002214,2025-10-08,REP-017,DrugBeta-50mg,Immunology,Real-World Evidence,Pre-Meeting Prep,Fully Answered,4.7,17.9,1,4,HCP-0363
MSL-002215,2025-10-08,REP-017,DrugGamma-200mg,Immunology,Subgroup Analysis,Live During HCP Call,Fully Answered,9.3,18.4,1,4,HCP-0122
MSL-002216,2025-10-08,REP-021,NeuroX-75mg,Rare Disease,Competitor Comparison,Pre-Meeting Prep,Partially Answered,14.5,15.8,0,2,
MSL-002217,2025-10-09,REP-002,DrugBeta-50mg,Oncology,Guidelines / Protocols,Live During HCP Call,Fully Answered,7.6,6.0,0,4,
MSL-002218,2025-10-09,REP-002,DrugAlpha-100mg,Oncology,Biomarker Data,Self-Study,No Answer Found,10.3,0,0,2,
MSL-002219,2025-10-09,REP-002,DrugGamma-200mg,Oncology,Clinical Trial Data,Pre-Meeting Prep,Fully Answered,11.6,12.5,1,5,HCP-0344
MSL-002220,2025-10-09,REP-004,CardioPlus-25mg,Cardiology,Adverse Events / Safety,Live During HCP Call,Partially Answered,12.6,20.6,1,3,HCP-0239
MSL-002221,2025-10-09,REP-009,DrugGamma-200mg,Cardiology,Drug Interactions,Post-Call Follow-up,Fully Answered,12.0,6.8,0,4,
MSL-002222,2025-10-09,REP-009,CardioPlus-25mg,Cardiology,Clinical Trial Data,Self-Study,Fully Answered,10.3,13.0,0,5,
MSL-002223,2025-10-09,REP-009,DrugAlpha-100mg,Cardiology,Real-World Evidence,Live During HCP Call,Partially Answered,18.6,13.2,1,2,HCP-0044
MSL-002224,2025-10-09,REP-010,NeuroX-75mg,Immunology,Competitor Comparison,Live During HCP Call,Redirected to Medical,24.8,0,0,2,
MSL-002225,2025-10-09,REP-010,DrugBeta-50mg,Immunology,Real-World Evidence,Self-Study,Fully Answered,8.8,16.4,0,4,
MSL-002226,2025-10-09,REP-015,CardioPlus-25mg,Oncology,Real-World Evidence,Live During HCP Call,Fully Answered,8.4,9.1,1,5,HCP-0014
MSL-002227,2025-10-09,REP-015,DrugBeta-50mg,Oncology,Adverse Events / Safety,Pre-Meeting Prep,Fully Answered,8.4,10.2,1,5,HCP-0452
MSL-002228,2025-10-09,REP-017,DrugGamma-200mg,Immunology,Dosing Guidelines,Live During HCP Call,Partially Answered,11.3,18.2,1,2,HCP-0417
MSL-002229,2025-10-09,REP-017,NeuroX-75mg,Immunology,Adverse Events / Safety,Live During HCP Call,No Answer Found,29.4,0,0,1,
MSL-002230,2025-10-09,REP-021,CardioPlus-25mg,Rare Disease,Patient Selection Criteria,Post-Call Follow-up,Fully Answered,13.1,5.7,0,5,
MSL-002231,2025-10-09,REP-021,DrugGamma-200mg,Rare Disease,Patient Selection Criteria,Self-Study,Redirected to Medical,16.0,0,0,2,
MSL-002232,2025-10-09,REP-021,DrugBeta-50mg,Rare Disease,Patient Selection Criteria,Self-Study,Partially Answered,20.5,16.2,0,4,
MSL-002233,2025-10-09,REP-021,DrugBeta-50mg,Rare Disease,Adverse Events / Safety,Pre-Meeting Prep,Partially Answered,15.6,19.1,1,4,HCP-0016
MSL-002234,2025-10-10,REP-002,CardioPlus-25mg,Oncology,Combination Therapy,Self-Study,Fully Answered,10.4,17.4,0,4,
MSL-002235,2025-10-10,REP-002,DrugBeta-50mg,Oncology,Real-World Evidence,Self-Study,Fully Answered,8.7,13.6,0,5,
MSL-002236,2025-10-10,REP-002,NeuroX-75mg,Oncology,Drug Interactions,Pre-Meeting Prep,Partially Answered,18.9,12.2,1,3,HCP-0275
MSL-002237,2025-10-10,REP-004,DrugGamma-200mg,Cardiology,Mechanism of Action,Pre-Meeting Prep,Fully Answered,6.3,2,1,4,HCP-0184
MSL-002238,2025-10-10,REP-004,DrugBeta-50mg,Cardiology,Competitor Comparison,Live During HCP Call,Fully Answered,10.8,5.6,1,5,HCP-0373
MSL-002239,2025-10-10,REP-004,DrugGamma-200mg,Cardiology,Real-World Evidence,Live During HCP Call,Fully Answered,7.1,14.3,0,5,
MSL-002240,2025-10-10,REP-008,CardioPlus-25mg,Immunology,Combination Therapy,Pre-Meeting Prep,Fully Answered,7.3,15.0,1,5,HCP-0064
MSL-002241,2025-10-10,REP-008,DrugGamma-200mg,Immunology,Adverse Events / Safety,Pre-Meeting Prep,Fully Answered,8.3,6.2,1,5,HCP-0035
MSL-002242,2025-10-10,REP-008,DrugBeta-50mg,Immunology,Off-label Evidence Request,Live During HCP Call,Partially Answered,13.4,7.3,1,3,HCP-0388
MSL-002243,2025-10-10,REP-009,DrugBeta-50mg,Cardiology,Subgroup Analysis,Post-Call Follow-up,Fully Answered,6.9,11.5,0,5,
MSL-002244,2025-10-10,REP-009,CardioPlus-25mg,Cardiology,Real-World Evidence,Post-Call Follow-up,Fully Answered,8.3,8.9,0,4,
MSL-002245,2025-10-10,REP-009,DrugBeta-50mg,Cardiology,Adverse Events / Safety,Post-Call Follow-up,Fully Answered,11.0,2.3,0,4,
MSL-002246,2025-10-10,REP-009,CardioPlus-25mg,Cardiology,Real-World Evidence,Post-Call Follow-up,Fully Answered,4.0,8.2,0,5,
MSL-002247,2025-10-10,REP-009,DrugGamma-200mg,Cardiology,Adverse Events / Safety,Live During HCP Call,Partially Answered,24.3,6.4,1,3,HCP-0381
MSL-002248,2025-10-10,REP-009,DrugBeta-50mg,Cardiology,Guidelines / Protocols,Pre-Meeting Prep,Fully Answered,3.3,17.8,1,5,HCP-0458
MSL-002249,2025-10-10,REP-010,NeuroX-75mg,Immunology,Guidelines / Protocols,Post-Call Follow-up,Fully Answered,3.0,4.5,0,5,
MSL-002250,2025-10-10,REP-010,DrugGamma-200mg,Immunology,Competitor Comparison,Live During HCP Call,Fully Answered,11.4,22.9,1,4,HCP-0368
MSL-002251,2025-10-10,REP-010,DrugBeta-50mg,Immunology,Long-term Outcomes,Self-Study,No Answer Found,17.9,0,0,2,
MSL-002252,2025-10-10,REP-010,DrugGamma-200mg,Immunology,Patient Selection Criteria,Pre-Meeting Prep,Fully Answered,8.0,16.6,0,5,
MSL-002253,2025-10-10,REP-015,DrugGamma-200mg,Oncology,Pharmacokinetics,Pre-Meeting Prep,No Answer Found,18.3,0,0,2,
MSL-002254,2025-10-10,REP-015,DrugGamma-200mg,Oncology,Drug Interactions,Pre-Meeting Prep,Fully Answered,9.5,11.1,1,5,HCP-0271
MSL-002255,2025-10-10,REP-015,DrugGamma-200mg,Oncology,Patient Selection Criteria,Pre-Meeting Prep,Partially Answered,24.2,7.0,1,3,HCP-0045
MSL-002256,2025-10-10,REP-015,DrugAlpha-100mg,Oncology,Drug Interactions,Pre-Meeting Prep,Fully Answered,4.8,12.2,0,5,
MSL-002257,2025-10-10,REP-015,DrugAlpha-100mg,Oncology,Mechanism of Action,Live During HCP Call,Redirected to Medical,7.8,0,0,1,
MSL-002258,2025-10-10,REP-016,CardioPlus-25mg,Neurology,Clinical Trial Data,Pre-Meeting Prep,Fully Answered,7.3,11.2,1,5,HCP-0049
MSL-002259,2025-10-10,REP-016,DrugGamma-200mg,Neurology,Off-label Evidence Request,Self-Study,Fully Answered,9.4,5.9,0,4,
MSL-002260,2025-10-10,REP-016,CardioPlus-25mg,Neurology,Mechanism of Action,Pre-Meeting Prep,Fully Answered,12.9,10.4,1,5,HCP-0306
MSL-002261,2025-10-10,REP-016,CardioPlus-25mg,Neurology,Clinical Trial Data,Pre-Meeting Prep,Fully Answered,11.8,7.0,1,4,HCP-0300
MSL-002262,2025-10-10,REP-016,CardioPlus-25mg,Neurology,Drug Interactions,Self-Study,Fully Answered,5.7,16.5,0,5,
MSL-002263,2025-10-10,REP-017,NeuroX-75mg,Immunology,Patient Selection Criteria,Post-Call Follow-up,Fully Answered,11.8,9.6,0,5,
MSL-002264,2025-10-10,REP-017,NeuroX-75mg,Immunology,Pharmacokinetics,Self-Study,Fully Answered,5.1,10.9,0,5,
MSL-002265,2025-10-10,REP-017,DrugAlpha-100mg,Immunology,Biomarker Data,Self-Study,Fully Answered,15.4,8.6,0,5,
MSL-002266,2025-10-10,REP-021,DrugGamma-200mg,Rare Disease,Adverse Events / Safety,Live During HCP Call,Fully Answered,7.8,7.2,1,4,HCP-0448
MSL-002267,2025-10-13,REP-002,DrugGamma-200mg,Oncology,Competitor Comparison,Pre-Meeting Prep,Fully Answered,14.0,18.1,0,5,
MSL-002268,2025-10-13,REP-002,DrugGamma-200mg,Oncology,Real-World Evidence,Pre-Meeting Prep,Fully Answered,10.3,18.9,1,5,HCP-0466
MSL-002269,2025-10-13,REP-004,DrugBeta-50mg,Cardiology,Guidelines / Protocols,Post-Call Follow-up,Fully Answered,6.6,5.7,0,5,
MSL-002270,2025-10-13,REP-004,DrugBeta-50mg,Cardiology,Adverse Events / Safety,Pre-Meeting Prep,Fully Answered,6.6,17.6,1,5,HCP-0225
MSL-002271,2025-10-13,REP-008,DrugBeta-50mg,Immunology,Adverse Events / Safety,Self-Study,Fully Answered,7.0,6.7,0,5,
MSL-002272,2025-10-13,REP-008,DrugGamma-200mg,Immunology,Combination Therapy,Pre-Meeting Prep,No Answer Found,33.7,0,0,3,
MSL-002273,2025-10-13,REP-008,NeuroX-75mg,Immunology,Patient Selection Criteria,Self-Study,No Answer Found,16.3,0,0,3,
MSL-002274,2025-10-13,REP-009,NeuroX-75mg,Cardiology,Subgroup Analysis,Live During HCP Call,Fully Answered,2.5,12.6,1,5,HCP-0182
MSL-002275,2025-10-13,REP-009,CardioPlus-25mg,Cardiology,Combination Therapy,Self-Study,Redirected to Medical,28.1,0,0,1,
MSL-002276,2025-10-13,REP-009,NeuroX-75mg,Cardiology,Off-label Evidence Request,Live During HCP Call,Partially Answered,12.4,8.8,0,3,
MSL-002277,2025-10-13,REP-009,DrugGamma-200mg,Cardiology,Clinical Trial Data,Live During HCP Call,Fully Answered,5.2,3.4,1,5,HCP-0329
MSL-002278,2025-10-13,REP-009,CardioPlus-25mg,Cardiology,Subgroup Analysis,Post-Call Follow-up,Partially Answered,16.9,10.3,0,3,
MSL-002279,2025-10-13,REP-009,DrugGamma-200mg,Cardiology,Clinical Trial Data,Pre-Meeting Prep,Fully Answered,8.2,7.3,1,5,HCP-0145
MSL-002280,2025-10-13,REP-010,CardioPlus-25mg,Immunology,Off-label Evidence Request,Pre-Meeting Prep,Fully Answered,2.3,12.4,1,5,HCP-0112
MSL-002281,2025-10-13,REP-010,DrugGamma-200mg,Immunology,Clinical Trial Data,Pre-Meeting Prep,Partially Answered,10.5,5.5,1,3,HCP-0126
MSL-002282,2025-10-13,REP-010,CardioPlus-25mg,Immunology,Drug Interactions,Pre-Meeting Prep,Partially Answered,20.2,11.9,1,3,HCP-0266
MSL-002283,2025-10-13,REP-010,CardioPlus-25mg,Immunology,Adverse Events / Safety,Live During HCP Call,Partially Answered,12.4,13.8,1,3,HCP-0123
MSL-002284,2025-10-13,REP-015,DrugBeta-50mg,Oncology,Real-World Evidence,Self-Study,Fully Answered,9.6,23.3,0,5,
MSL-002285,2025-10-13,REP-015,CardioPlus-25mg,Oncology,Adverse Events / Safety,Live During HCP Call,Partially Answered,18.1,2,1,4,HCP-0168
MSL-002286,2025-10-13,REP-015,DrugBeta-50mg,Oncology,Combination Therapy,Live During HCP Call,Fully Answered,12.0,5.4,1,5,HCP-0395
MSL-002287,2025-10-13,REP-016,DrugGamma-200mg,Neurology,Competitor Comparison,Live During HCP Call,Fully Answered,8.9,10.7,0,5,
MSL-002288,2025-10-13,REP-016,NeuroX-75mg,Neurology,Long-term Outcomes,Live During HCP Call,Partially Answered,15.8,14.2,1,4,HCP-0126
MSL-002289,2025-10-13,REP-016,NeuroX-75mg,Neurology,Biomarker Data,Post-Call Follow-up,No Answer Found,23.9,0,0,2,
MSL-002290,2025-10-13,REP-017,DrugAlpha-100mg,Immunology,Combination Therapy,Self-Study,Fully Answered,7.0,22.3,0,5,
MSL-002291,2025-10-13,REP-017,DrugAlpha-100mg,Immunology,Guidelines / Protocols,Post-Call Follow-up,Fully Answered,5.8,9.6,0,5,
MSL-002292,2025-10-13,REP-017,CardioPlus-25mg,Immunology,Off-label Evidence Request,Post-Call Follow-up,Partially Answered,12.9,14.4,0,3,
MSL-002293,2025-10-13,REP-017,NeuroX-75mg,Immunology,Adverse Events / Safety,Post-Call Follow-up,No Answer Found,19.5,0,0,2,
MSL-002294,2025-10-13,REP-021,CardioPlus-25mg,Rare Disease,Long-term Outcomes,Post-Call Follow-up,Partially Answered,20.6,4.4,0,3,
MSL-002295,2025-10-13,REP-021,DrugGamma-200mg,Rare Disease,Pharmacokinetics,Pre-Meeting Prep,Fully Answered,11.8,16.6,1,4,HCP-0206
MSL-002296,2025-10-13,REP-021,CardioPlus-25mg,Rare Disease,Competitor Comparison,Pre-Meeting Prep,Redirected to Medical,26.9,0,0,1,
MSL-002297,2025-10-14,REP-002,NeuroX-75mg,Oncology,Subgroup Analysis,Post-Call Follow-up,Fully Answered,11.0,6.0,0,4,
MSL-002298,2025-10-14,REP-002,DrugAlpha-100mg,Oncology,Drug Interactions,Live During HCP Call,Fully Answered,10.1,6.1,0,5,
MSL-002299,2025-10-14,REP-002,NeuroX-75mg,Oncology,Combination Therapy,Self-Study,No Answer Found,20.9,0,0,1,
MSL-002300,2025-10-14,REP-002,DrugGamma-200mg,Oncology,Drug Interactions,Live During HCP Call,Fully Answered,12.4,18.6,0,5,
MSL-002301,2025-10-14,REP-004,DrugBeta-50mg,Cardiology,Dosing Guidelines,Live During HCP Call,Fully Answered,15.2,12.9,1,5,HCP-0390
MSL-002302,2025-10-14,REP-004,NeuroX-75mg,Cardiology,Subgroup Analysis,Pre-Meeting Prep,Partially Answered,15.0,13.3,1,3,HCP-0159
MSL-002303,2025-10-14,REP-004,CardioPlus-25mg,Cardiology,Pharmacokinetics,Self-Study,Fully Answered,18.1,12.4,0,5,
MSL-002304,2025-10-14,REP-008,DrugGamma-200mg,Immunology,Off-label Evidence Request,Self-Study,Fully Answered,8.4,8.6,0,5,
MSL-002305,2025-10-14,REP-008,CardioPlus-25mg,Immunology,Real-World Evidence,Post-Call Follow-up,Fully Answered,10.3,12.7,0,5,
MSL-002306,2025-10-14,REP-008,DrugBeta-50mg,Immunology,Drug Interactions,Pre-Meeting Prep,Fully Answered,4.2,21.2,1,5,HCP-0118
MSL-002307,2025-10-14,REP-009,DrugAlpha-100mg,Cardiology,Mechanism of Action,Pre-Meeting Prep,No Answer Found,6.5,0,0,1,
MSL-002308,2025-10-14,REP-009,CardioPlus-25mg,Cardiology,Long-term Outcomes,Pre-Meeting Prep,No Answer Found,29.2,0,0,2,
MSL-002309,2025-10-14,REP-009,NeuroX-75mg,Cardiology,Guidelines / Protocols,Self-Study,Fully Answered,11.4,5.9,0,5,
MSL-002310,2025-10-14,REP-015,NeuroX-75mg,Oncology,Off-label Evidence Request,Pre-Meeting Prep,Partially Answered,23.6,8.5,0,3,
MSL-002311,2025-10-14,REP-015,DrugAlpha-100mg,Oncology,Off-label Evidence Request,Self-Study,Fully Answered,8.4,12.5,0,5,
MSL-002312,2025-10-14,REP-015,CardioPlus-25mg,Oncology,Dosing Guidelines,Live During HCP Call,Fully Answered,7.1,5.6,1,4,HCP-0111
MSL-002313,2025-10-14,REP-015,DrugAlpha-100mg,Oncology,Guidelines / Protocols,Post-Call Follow-up,Partially Answered,11.3,15.4,0,3,
MSL-002314,2025-10-14,REP-016,CardioPlus-25mg,Neurology,Drug Interactions,Post-Call Follow-up,Fully Answered,6.9,2,0,5,
MSL-002315,2025-10-14,REP-016,CardioPlus-25mg,Neurology,Clinical Trial Data,Pre-Meeting Prep,Fully Answered,9.7,8.2,1,5,HCP-0102
MSL-002316,2025-10-14,REP-016,DrugGamma-200mg,Neurology,Real-World Evidence,Post-Call Follow-up,Fully Answered,4.7,13.9,0,4,
MSL-002317,2025-10-14,REP-017,DrugGamma-200mg,Immunology,Adverse Events / Safety,Pre-Meeting Prep,Fully Answered,9.8,23.3,1,4,HCP-0418
MSL-002318,2025-10-14,REP-017,DrugBeta-50mg,Immunology,Combination Therapy,Self-Study,Fully Answered,10.7,15.1,0,5,
MSL-002319,2025-10-14,REP-017,DrugAlpha-100mg,Immunology,Competitor Comparison,Pre-Meeting Prep,Redirected to Medical,33.7,0,0,2,
MSL-002320,2025-10-14,REP-017,CardioPlus-25mg,Immunology,Real-World Evidence,Post-Call Follow-up,Fully Answered,7.0,4.8,0,4,
MSL-002321,2025-10-14,REP-021,DrugGamma-200mg,Rare Disease,Subgroup Analysis,Post-Call Follow-up,Fully Answered,6.0,9.3,0,5,
MSL-002322,2025-10-14,REP-021,DrugBeta-50mg,Rare Disease,Combination Therapy,Live During HCP Call,Fully Answered,7.7,10.9,1,5,HCP-0462
MSL-002323,2025-10-14,REP-021,DrugGamma-200mg,Rare Disease,Subgroup Analysis,Post-Call Follow-up,No Answer Found,14.0,0,0,3,
MSL-002324,2025-10-14,REP-021,DrugBeta-50mg,Rare Disease,Guidelines / Protocols,Post-Call Follow-up,No Answer Found,20.9,0,0,1,
MSL-002325,2025-10-14,REP-021,NeuroX-75mg,Rare Disease,Combination Therapy,Pre-Meeting Prep,Redirected to Medical,28.4,0,0,2,
MSL-002326,2025-10-15,REP-002,CardioPlus-25mg,Oncology,Real-World Evidence,Pre-Meeting Prep,Fully Answered,7.4,15.0,0,5,
MSL-002327,2025-10-15,REP-002,CardioPlus-25mg,Oncology,Guidelines / Protocols,Pre-Meeting Prep,Fully Answered,12.0,19.1,1,5,HCP-0187
MSL-002328,2025-10-15,REP-002,CardioPlus-25mg,Oncology,Clinical Trial Data,Post-Call Follow-up,Fully Answered,7.9,16.3,0,5,
MSL-002329,2025-10-15,REP-002,NeuroX-75mg,Oncology,Long-term Outcomes,Pre-Meeting Prep,Fully Answered,8.3,14.7,0,5,
MSL-002330,2025-10-15,REP-004,DrugGamma-200mg,Cardiology,Patient Selection Criteria,Live During HCP Call,Fully Answered,7.4,4.5,1,5,HCP-0161
MSL-002331,2025-10-15,REP-004,DrugGamma-200mg,Cardiology,Biomarker Data,Pre-Meeting Prep,Fully Answered,11.5,19.1,1,5,HCP-0056
MSL-002332,2025-10-15,REP-004,CardioPlus-25mg,Cardiology,Subgroup Analysis,Live During HCP Call,Partially Answered,27.0,9.2,1,3,HCP-0464
MSL-002333,2025-10-15,REP-004,DrugAlpha-100mg,Cardiology,Dosing Guidelines,Live During HCP Call,Fully Answered,8.7,20.8,1,4,HCP-0036
MSL-002334,2025-10-15,REP-004,DrugBeta-50mg,Cardiology,Competitor Comparison,Pre-Meeting Prep,Partially Answered,17.1,13.0,1,3,HCP-0067
MSL-002335,2025-10-15,REP-004,DrugGamma-200mg,Cardiology,Adverse Events / Safety,Live During HCP Call,Fully Answered,5.8,15.8,1,5,HCP-0319
MSL-002336,2025-10-15,REP-008,CardioPlus-25mg,Immunology,Off-label Evidence Request,Pre-Meeting Prep,Partially Answered,23.4,10.2,1,4,HCP-0072
MSL-002337,2025-10-15,REP-008,DrugAlpha-100mg,Immunology,Drug Interactions,Pre-Meeting Prep,Partially Answered,16.2,3.8,1,3,HCP-0002
MSL-002338,2025-10-15,REP-009,DrugGamma-200mg,Cardiology,Biomarker Data,Pre-Meeting Prep,Partially Answered,15.8,8.4,1,4,HCP-0133
MSL-002339,2025-10-15,REP-009,DrugGamma-200mg,Cardiology,Pharmacokinetics,Pre-Meeting Prep,No Answer Found,28.7,0,0,2,
MSL-002340,2025-10-15,REP-009,CardioPlus-25mg,Cardiology,Competitor Comparison,Pre-Meeting Prep,Fully Answered,7.4,9.6,0,5,
MSL-002341,2025-10-15,REP-009,CardioPlus-25mg,Cardiology,Competitor Comparison,Pre-Meeting Prep,Fully Answered,13.7,8.7,1,5,HCP-0310
MSL-002342,2025-10-15,REP-010,DrugGamma-200mg,Immunology,Dosing Guidelines,Post-Call Follow-up,Fully Answered,2.6,19.8,0,5,
MSL-002343,2025-10-15,REP-010,NeuroX-75mg,Immunology,Mechanism of Action,Live During HCP Call,Fully Answered,4.5,12.2,1,5,HCP-0486
MSL-002344,2025-10-15,REP-010,CardioPlus-25mg,Immunology,Clinical Trial Data,Self-Study,Fully Answered,12.4,9.4,0,5,
MSL-002345,2025-10-15,REP-015,NeuroX-75mg,Oncology,Patient Selection Criteria,Pre-Meeting Prep,Redirected to Medical,22.4,0,0,1,
MSL-002346,2025-10-15,REP-015,DrugBeta-50mg,Oncology,Clinical Trial Data,Live During HCP Call,Fully Answered,5.8,14.5,0,5,
MSL-002347,2025-10-15,REP-015,DrugAlpha-100mg,Oncology,Drug Interactions,Live During HCP Call,Fully Answered,4.7,13.5,1,5,HCP-0126
MSL-002348,2025-10-15,REP-016,DrugBeta-50mg,Neurology,Combination Therapy,Self-Study,Fully Answered,12.2,16.6,0,5,
MSL-002349,2025-10-15,REP-016,DrugGamma-200mg,Neurology,Adverse Events / Safety,Pre-Meeting Prep,Fully Answered,8.5,11.4,1,5,HCP-0028
MSL-002350,2025-10-15,REP-016,CardioPlus-25mg,Neurology,Real-World Evidence,Live During HCP Call,Partially Answered,10.3,14.6,1,4,HCP-0273
MSL-002351,2025-10-15,REP-016,CardioPlus-25mg,Neurology,Patient Selection Criteria,Post-Call Follow-up,No Answer Found,32.2,0,0,1,
MSL-002352,2025-10-15,REP-016,DrugGamma-200mg,Neurology,Dosing Guidelines,Live During HCP Call,Fully Answered,10.2,13.3,1,4,HCP-0405
MSL-002353,2025-10-15,REP-016,DrugAlpha-100mg,Neurology,Patient Selection Criteria,Self-Study,Fully Answered,8.7,6.6,0,5,
MSL-002354,2025-10-15,REP-017,DrugBeta-50mg,Immunology,Off-label Evidence Request,Self-Study,Redirected to Medical,13.2,0,0,2,
MSL-002355,2025-10-15,REP-017,DrugBeta-50mg,Immunology,Combination Therapy,Self-Study,Redirected to Medical,18.2,0,0,3,
MSL-002356,2025-10-15,REP-021,DrugAlpha-100mg,Rare Disease,Off-label Evidence Request,Post-Call Follow-up,Fully Answered,3.1,10.4,0,4,
MSL-002357,2025-10-15,REP-021,DrugGamma-200mg,Rare Disease,Drug Interactions,Live During HCP Call,Fully Answered,9.5,10.0,1,5,HCP-0408
MSL-002358,2025-10-15,REP-021,DrugGamma-200mg,Rare Disease,Clinical Trial Data,Pre-Meeting Prep,Partially Answered,5.9,12.4,1,2,HCP-0074
MSL-002359,2025-10-15,REP-021,DrugAlpha-100mg,Rare Disease,Long-term Outcomes,Self-Study,Partially Answered,18.3,11.8,0,3,
MSL-002360,2025-10-15,REP-021,DrugGamma-200mg,Rare Disease,Real-World Evidence,Pre-Meeting Prep,Partially Answered,11.5,19.1,1,4,HCP-0119
MSL-002361,2025-10-16,REP-002,DrugAlpha-100mg,Oncology,Drug Interactions,Self-Study,Fully Answered,4.5,2,0,5,
MSL-002362,2025-10-16,REP-002,CardioPlus-25mg,Oncology,Pharmacokinetics,Live During HCP Call,Fully Answered,11.7,10.2,0,5,
MSL-002363,2025-10-16,REP-004,CardioPlus-25mg,Cardiology,Off-label Evidence Request,Self-Study,Partially Answered,3.4,25.8,0,3,
MSL-002364,2025-10-16,REP-004,DrugBeta-50mg,Cardiology,Pharmacokinetics,Self-Study,Fully Answered,4.6,24.1,0,4,
MSL-002365,2025-10-16,REP-004,NeuroX-75mg,Cardiology,Real-World Evidence,Live During HCP Call,Partially Answered,12.9,13.0,1,3,HCP-0500
MSL-002366,2025-10-16,REP-004,DrugGamma-200mg,Cardiology,Guidelines / Protocols,Post-Call Follow-up,Redirected to Medical,28.7,0,0,1,
MSL-002367,2025-10-16,REP-004,DrugGamma-200mg,Cardiology,Biomarker Data,Post-Call Follow-up,Fully Answered,9.1,26.9,0,5,
MSL-002368,2025-10-16,REP-008,CardioPlus-25mg,Immunology,Real-World Evidence,Pre-Meeting Prep,Fully Answered,6.6,10.0,1,4,HCP-0178
MSL-002369,2025-10-16,REP-008,DrugGamma-200mg,Immunology,Off-label Evidence Request,Self-Study,Fully Answered,4.7,6.1,0,4,
MSL-002370,2025-10-16,REP-008,NeuroX-75mg,Immunology,Competitor Comparison,Pre-Meeting Prep,No Answer Found,27.2,0,0,2,
MSL-002371,2025-10-16,REP-008,DrugAlpha-100mg,Immunology,Pharmacokinetics,Post-Call Follow-up,Partially Answered,10.3,13.1,0,4,
MSL-002372,2025-10-16,REP-008,DrugAlpha-100mg,Immunology,Real-World Evidence,Self-Study,Fully Answered,11.4,3.5,0,5,
MSL-002373,2025-10-16,REP-009,DrugBeta-50mg,Cardiology,Patient Selection Criteria,Live During HCP Call,Fully Answered,6.8,4.8,1,5,HCP-0477
MSL-002374,2025-10-16,REP-009,NeuroX-75mg,Cardiology,Competitor Comparison,Pre-Meeting Prep,Partially Answered,16.2,16.0,1,4,HCP-0469
MSL-002375,2025-10-16,REP-010,DrugAlpha-100mg,Immunology,Biomarker Data,Pre-Meeting Prep,Fully Answered,8.8,22.0,1,5,HCP-0345
MSL-002376,2025-10-16,REP-010,DrugAlpha-100mg,Immunology,Mechanism of Action,Pre-Meeting Prep,Fully Answered,12.1,11.8,1,4,HCP-0465
MSL-002377,2025-10-16,REP-015,DrugBeta-50mg,Oncology,Clinical Trial Data,Self-Study,No Answer Found,24.2,0,0,3,
MSL-002378,2025-10-16,REP-015,CardioPlus-25mg,Oncology,Patient Selection Criteria,Pre-Meeting Prep,No Answer Found,32.0,0,0,2,
MSL-002379,2025-10-16,REP-016,NeuroX-75mg,Neurology,Subgroup Analysis,Live During HCP Call,No Answer Found,34.2,0,0,1,
MSL-002380,2025-10-16,REP-016,DrugAlpha-100mg,Neurology,Mechanism of Action,Live During HCP Call,Redirected to Medical,24.0,0,0,2,
MSL-002381,2025-10-16,REP-017,DrugGamma-200mg,Immunology,Guidelines / Protocols,Pre-Meeting Prep,Partially Answered,17.8,13.3,1,3,HCP-0294
MSL-002382,2025-10-16,REP-017,DrugAlpha-100mg,Immunology,Long-term Outcomes,Self-Study,Redirected to Medical,11.9,0,0,1,
MSL-002383,2025-10-16,REP-017,DrugAlpha-100mg,Immunology,Drug Interactions,Self-Study,Fully Answered,9.0,11.8,0,5,
MSL-002384,2025-10-16,REP-017,DrugAlpha-100mg,Immunology,Long-term Outcomes,Pre-Meeting Prep,Redirected to Medical,24.7,0,0,1,
MSL-002385,2025-10-16,REP-021,CardioPlus-25mg,Rare Disease,Pharmacokinetics,Self-Study,Partially Answered,9.0,9.8,0,3,
MSL-002386,2025-10-16,REP-021,NeuroX-75mg,Rare Disease,Clinical Trial Data,Live During HCP Call,Fully Answered,6.9,20.1,0,5,
MSL-002387,2025-10-16,REP-021,CardioPlus-25mg,Rare Disease,Biomarker Data,Pre-Meeting Prep,Fully Answered,9.7,15.9,1,5,HCP-0316
MSL-002388,2025-10-17,REP-002,DrugBeta-50mg,Oncology,Adverse Events / Safety,Live During HCP Call,Fully Answered,6.9,2.4,0,5,
MSL-002389,2025-10-17,REP-004,DrugBeta-50mg,Cardiology,Drug Interactions,Self-Study,Fully Answered,8.1,11.9,0,5,
MSL-002390,2025-10-17,REP-004,DrugGamma-200mg,Cardiology,Adverse Events / Safety,Live During HCP Call,Fully Answered,7.3,9.8,1,4,HCP-0409
MSL-002391,2025-10-17,REP-004,DrugGamma-200mg,Cardiology,Adverse Events / Safety,Live During HCP Call,Fully Answered,2.2,20.3,0,5,
MSL-002392,2025-10-17,REP-004,DrugBeta-50mg,Cardiology,Biomarker Data,Post-Call Follow-up,Fully Answered,10.8,2,0,5,
MSL-002393,2025-10-17,REP-008,CardioPlus-25mg,Immunology,Subgroup Analysis,Self-Study,Fully Answered,3.5,5.6,0,5,
MSL-002394,2025-10-17,REP-008,CardioPlus-25mg,Immunology,Biomarker Data,Self-Study,Fully Answered,14.2,16.6,0,5,
MSL-002395,2025-10-17,REP-008,NeuroX-75mg,Immunology,Long-term Outcomes,Self-Study,Redirected to Medical,33.9,0,0,3,
MSL-002396,2025-10-17,REP-010,NeuroX-75mg,Immunology,Competitor Comparison,Self-Study,Partially Answered,12.6,12.7,0,3,
MSL-002397,2025-10-17,REP-010,NeuroX-75mg,Immunology,Competitor Comparison,Live During HCP Call,Fully Answered,7.1,14.6,1,5,HCP-0420
MSL-002398,2025-10-17,REP-010,DrugAlpha-100mg,Immunology,Long-term Outcomes,Pre-Meeting Prep,Fully Answered,5.7,19.6,1,5,HCP-0016
MSL-002399,2025-10-17,REP-015,DrugGamma-200mg,Oncology,Dosing Guidelines,Live During HCP Call,Fully Answered,8.2,15.0,1,5,HCP-0081
MSL-002400,2025-10-17,REP-015,DrugGamma-200mg,Oncology,Long-term Outcomes,Live During HCP Call,Fully Answered,10.6,23.8,0,4,
MSL-002401,2025-10-17,REP-016,DrugAlpha-100mg,Neurology,Biomarker Data,Pre-Meeting Prep,Partially Answered,10.0,20.1,1,3,HCP-0305
MSL-002402,2025-10-17,REP-016,DrugBeta-50mg,Neurology,Adverse Events / Safety,Self-Study,Fully Answered,11.1,8.3,0,4,
MSL-002403,2025-10-17,REP-016,DrugBeta-50mg,Neurology,Guidelines / Protocols,Live During HCP Call,Partially Answered,17.0,2.2,1,3,HCP-0408
MSL-002404,2025-10-17,REP-016,NeuroX-75mg,Neurology,Clinical Trial Data,Live During HCP Call,No Answer Found,25.1,0,0,1,
MSL-002405,2025-10-17,REP-016,DrugAlpha-100mg,Neurology,Combination Therapy,Live During HCP Call,Redirected to Medical,16.4,0,0,2,
MSL-002406,2025-10-17,REP-017,NeuroX-75mg,Immunology,Patient Selection Criteria,Post-Call Follow-up,Partially Answered,13.3,6.7,0,3,
MSL-002407,2025-10-17,REP-017,CardioPlus-25mg,Immunology,Combination Therapy,Live During HCP Call,Fully Answered,10.8,14.5,1,4,HCP-0280
MSL-002408,2025-10-17,REP-017,DrugAlpha-100mg,Immunology,Real-World Evidence,Self-Study,Fully Answered,6.7,11.1,0,5,
MSL-002409,2025-10-17,REP-017,DrugBeta-50mg,Immunology,Pharmacokinetics,Self-Study,Fully Answered,5.2,9.4,0,5,
MSL-002410,2025-10-17,REP-021,NeuroX-75mg,Rare Disease,Long-term Outcomes,Self-Study,Redirected to Medical,31.5,0,0,2,
MSL-002411,2025-10-17,REP-021,NeuroX-75mg,Rare Disease,Guidelines / Protocols,Live During HCP Call,Fully Answered,8.6,14.7,0,4,
MSL-002412,2025-10-17,REP-021,DrugAlpha-100mg,Rare Disease,Adverse Events / Safety,Pre-Meeting Prep,Fully Answered,7.2,8.6,1,4,HCP-0185
MSL-002413,2025-10-17,REP-021,CardioPlus-25mg,Rare Disease,Subgroup Analysis,Live During HCP Call,Fully Answered,4.4,2,1,5,HCP-0484
MSL-002414,2025-10-20,REP-002,CardioPlus-25mg,Oncology,Adverse Events / Safety,Post-Call Follow-up,Fully Answered,11.0,6.3,0,4,
MSL-002415,2025-10-20,REP-002,NeuroX-75mg,Oncology,Clinical Trial Data,Pre-Meeting Prep,Fully Answered,7.2,15.3,0,5,
MSL-002416,2025-10-20,REP-002,DrugBeta-50mg,Oncology,Drug Interactions,Self-Study,Partially Answered,14.6,15.8,0,3,
MSL-002417,2025-10-20,REP-002,DrugGamma-200mg,Oncology,Guidelines / Protocols,Post-Call Follow-up,Fully Answered,10.0,14.7,0,5,
MSL-002418,2025-10-20,REP-002,DrugBeta-50mg,Oncology,Off-label Evidence Request,Pre-Meeting Prep,Partially Answered,18.0,15.8,1,3,HCP-0171
MSL-002419,2025-10-20,REP-002,DrugBeta-50mg,Oncology,Dosing Guidelines,Live During HCP Call,Fully Answered,11.9,7.4,1,5,HCP-0462
MSL-002420,2025-10-20,REP-004,DrugAlpha-100mg,Cardiology,Mechanism of Action,Pre-Meeting Prep,Fully Answered,9.0,21.6,1,5,HCP-0139
MSL-002421,2025-10-20,REP-008,DrugGamma-200mg,Immunology,Biomarker Data,Pre-Meeting Prep,Fully Answered,6.8,11.2,0,5,
MSL-002422,2025-10-20,REP-008,NeuroX-75mg,Immunology,Real-World Evidence,Live During HCP Call,No Answer Found,30.7,0,0,2,
MSL-002423,2025-10-20,REP-008,NeuroX-75mg,Immunology,Off-label Evidence Request,Post-Call Follow-up,Fully Answered,6.1,11.0,0,4,
MSL-002424,2025-10-20,REP-008,NeuroX-75mg,Immunology,Subgroup Analysis,Live During HCP Call,Fully Answered,10.7,8.9,0,5,
MSL-002425,2025-10-20,REP-008,DrugAlpha-100mg,Immunology,Adverse Events / Safety,Pre-Meeting Prep,Fully Answered,9.8,2,1,5,HCP-0174
MSL-002426,2025-10-20,REP-009,CardioPlus-25mg,Cardiology,Dosing Guidelines,Self-Study,Partially Answered,15.1,10.0,0,3,
MSL-002427,2025-10-20,REP-009,NeuroX-75mg,Cardiology,Biomarker Data,Pre-Meeting Prep,Fully Answered,8.4,12.4,0,5,
MSL-002428,2025-10-20,REP-009,DrugAlpha-100mg,Cardiology,Clinical Trial Data,Live During HCP Call,Fully Answered,5.1,11.1,1,5,HCP-0460
MSL-002429,2025-10-20,REP-009,DrugAlpha-100mg,Cardiology,Mechanism of Action,Self-Study,Fully Answered,11.7,15.9,0,5,
MSL-002430,2025-10-20,REP-009,DrugBeta-50mg,Cardiology,Adverse Events / Safety,Pre-Meeting Prep,Fully Answered,9.7,15.8,0,5,
MSL-002431,2025-10-20,REP-010,CardioPlus-25mg,Immunology,Real-World Evidence,Self-Study,Fully Answered,6.8,8.4,0,5,
MSL-002432,2025-10-20,REP-010,CardioPlus-25mg,Immunology,Biomarker Data,Pre-Meeting Prep,Fully Answered,10.7,10.2,1,4,HCP-0261
MSL-002433,2025-10-20,REP-010,DrugAlpha-100mg,Immunology,Dosing Guidelines,Live During HCP Call,Redirected to Medical,21.8,0,0,2,
MSL-002434,2025-10-20,REP-015,DrugBeta-50mg,Oncology,Competitor Comparison,Pre-Meeting Prep,Fully Answered,6.0,9.8,1,4,HCP-0062
MSL-002435,2025-10-20,REP-015,DrugBeta-50mg,Oncology,Biomarker Data,Live During HCP Call,Partially Answered,25.8,14.3,0,4,
MSL-002436,2025-10-20,REP-015,DrugBeta-50mg,Oncology,Long-term Outcomes,Pre-Meeting Prep,Fully Answered,4.0,15.2,1,5,HCP-0215
MSL-002437,2025-10-20,REP-015,DrugGamma-200mg,Oncology,Clinical Trial Data,Self-Study,Fully Answered,12.1,6.4,0,5,
MSL-002438,2025-10-20,REP-015,DrugGamma-200mg,Oncology,Guidelines / Protocols,Pre-Meeting Prep,Fully Answered,4.4,8.4,1,5,HCP-0272
MSL-002439,2025-10-20,REP-015,DrugBeta-50mg,Oncology,Guidelines / Protocols,Post-Call Follow-up,Fully Answered,7.2,14.6,0,5,
MSL-002440,2025-10-20,REP-016,DrugAlpha-100mg,Neurology,Off-label Evidence Request,Live During HCP Call,Fully Answered,5.8,8.2,1,4,HCP-0238
MSL-002441,2025-10-20,REP-016,NeuroX-75mg,Neurology,Competitor Comparison,Live During HCP Call,Fully Answered,5.7,14.0,1,5,HCP-0259
MSL-002442,2025-10-20,REP-016,NeuroX-75mg,Neurology,Real-World Evidence,Pre-Meeting Prep,No Answer Found,23.0,0,0,2,
MSL-002443,2025-10-20,REP-016,DrugAlpha-100mg,Neurology,Real-World Evidence,Pre-Meeting Prep,Fully Answered,11.4,11.4,0,5,
MSL-002444,2025-10-20,REP-016,CardioPlus-25mg,Neurology,Subgroup Analysis,Post-Call Follow-up,Fully Answered,4.5,4.6,0,4,
MSL-002445,2025-10-20,REP-016,NeuroX-75mg,Neurology,Subgroup Analysis,Pre-Meeting Prep,Fully Answered,12.1,10.5,0,4,
MSL-002446,2025-10-20,REP-017,CardioPlus-25mg,Immunology,Competitor Comparison,Post-Call Follow-up,Fully Answered,7.6,18.1,0,5,
MSL-002447,2025-10-20,REP-021,DrugGamma-200mg,Rare Disease,Real-World Evidence,Post-Call Follow-up,Redirected to Medical,22.8,0,0,1,
MSL-002448,2025-10-20,REP-021,DrugBeta-50mg,Rare Disease,Pharmacokinetics,Live During HCP Call,Fully Answered,9.4,10.3,0,4,
MSL-002449,2025-10-20,REP-021,DrugBeta-50mg,Rare Disease,Dosing Guidelines,Pre-Meeting Prep,Fully Answered,5.9,12.4,1,4,HCP-0430
MSL-002450,2025-10-21,REP-002,DrugBeta-50mg,Oncology,Pharmacokinetics,Live During HCP Call,No Answer Found,15.3,0,0,2,
MSL-002451,2025-10-21,REP-002,DrugGamma-200mg,Oncology,Combination Therapy,Self-Study,Fully Answered,6.0,13.3,0,4,
MSL-002452,2025-10-21,REP-002,DrugBeta-50mg,Oncology,Real-World Evidence,Self-Study,Partially Answered,6.4,10.3,0,2,
MSL-002453,2025-10-21,REP-004,DrugAlpha-100mg,Cardiology,Long-term Outcomes,Post-Call Follow-up,Redirected to Medical,32.7,0,0,1,
MSL-002454,2025-10-21,REP-004,DrugAlpha-100mg,Cardiology,Mechanism of Action,Live During HCP Call,Fully Answered,8.6,8.2,0,5,
MSL-002455,2025-10-21,REP-004,NeuroX-75mg,Cardiology,Mechanism of Action,Pre-Meeting Prep,Fully Answered,11.1,10.2,1,4,HCP-0364
MSL-002456,2025-10-21,REP-004,NeuroX-75mg,Cardiology,Guidelines / Protocols,Live During HCP Call,Fully Answered,4.1,19.1,0,5,
MSL-002457,2025-10-21,REP-004,DrugBeta-50mg,Cardiology,Combination Therapy,Self-Study,Fully Answered,9.9,13.9,0,5,
MSL-002458,2025-10-21,REP-004,NeuroX-75mg,Cardiology,Adverse Events / Safety,Pre-Meeting Prep,Partially Answered,5.2,9.9,1,3,HCP-0345
MSL-002459,2025-10-21,REP-008,DrugAlpha-100mg,Immunology,Subgroup Analysis,Pre-Meeting Prep,Fully Answered,9.7,12.0,1,4,HCP-0332
MSL-002460,2025-10-21,REP-008,DrugBeta-50mg,Immunology,Drug Interactions,Post-Call Follow-up,Partially Answered,11.5,16.1,0,4,
MSL-002461,2025-10-21,REP-008,DrugGamma-200mg,Immunology,Adverse Events / Safety,Live During HCP Call,Fully Answered,10.1,15.2,1,5,HCP-0151
MSL-002462,2025-10-21,REP-009,DrugBeta-50mg,Cardiology,Adverse Events / Safety,Live During HCP Call,Fully Answered,10.8,15.3,1,4,HCP-0036
MSL-002463,2025-10-21,REP-009,DrugBeta-50mg,Cardiology,Subgroup Analysis,Live During HCP Call,No Answer Found,31.5,0,0,2,
MSL-002464,2025-10-21,REP-009,DrugAlpha-100mg,Cardiology,Dosing Guidelines,Self-Study,Redirected to Medical,27.3,0,0,1,
MSL-002465,2025-10-21,REP-009,CardioPlus-25mg,Cardiology,Biomarker Data,Self-Study,Fully Answered,8.9,28.1,0,5,
MSL-002466,2025-10-21,REP-010,NeuroX-75mg,Immunology,Patient Selection Criteria,Post-Call Follow-up,Fully Answered,9.0,12.9,0,5,
MSL-002467,2025-10-21,REP-010,DrugGamma-200mg,Immunology,Guidelines / Protocols,Self-Study,Fully Answered,8.1,14.5,0,5,
MSL-002468,2025-10-21,REP-010,DrugBeta-50mg,Immunology,Clinical Trial Data,Pre-Meeting Prep,Fully Answered,5.6,5.8,1,4,HCP-0148
MSL-002469,2025-10-21,REP-010,DrugAlpha-100mg,Immunology,Drug Interactions,Pre-Meeting Prep,Fully Answered,8.3,3.4,1,5,HCP-0003
MSL-002470,2025-10-21,REP-015,DrugBeta-50mg,Oncology,Drug Interactions,Self-Study,Fully Answered,12.9,15.1,0,5,
MSL-002471,2025-10-21,REP-015,DrugBeta-50mg,Oncology,Clinical Trial Data,Live During HCP Call,Partially Answered,19.1,15.4,1,3,HCP-0027
MSL-002472,2025-10-21,REP-015,CardioPlus-25mg,Oncology,Subgroup Analysis,Post-Call Follow-up,Fully Answered,7.2,21.1,0,5,
MSL-002473,2025-10-21,REP-015,DrugAlpha-100mg,Oncology,Clinical Trial Data,Pre-Meeting Prep,Fully Answered,11.1,20.2,1,4,HCP-0218
MSL-002474,2025-10-21,REP-015,DrugBeta-50mg,Oncology,Patient Selection Criteria,Self-Study,Fully Answered,6.9,12.1,0,5,
MSL-002475,2025-10-21,REP-015,DrugBeta-50mg,Oncology,Off-label Evidence Request,Live During HCP Call,Fully Answered,10.4,10.3,1,5,HCP-0136
MSL-002476,2025-10-21,REP-016,NeuroX-75mg,Neurology,Competitor Comparison,Pre-Meeting Prep,Partially Answered,12.7,12.1,1,4,HCP-0197
MSL-002477,2025-10-21,REP-016,CardioPlus-25mg,Neurology,Mechanism of Action,Live During HCP Call,Fully Answered,4.4,14.8,1,5,HCP-0234
MSL-002478,2025-10-21,REP-016,DrugBeta-50mg,Neurology,Off-label Evidence Request,Pre-Meeting Prep,Fully Answered,9.3,9.0,1,5,HCP-0177
MSL-002479,2025-10-21,REP-016,DrugAlpha-100mg,Neurology,Mechanism of Action,Post-Call Follow-up,Fully Answered,10.1,7.0,0,5,
MSL-002480,2025-10-21,REP-017,DrugGamma-200mg,Immunology,Adverse Events / Safety,Pre-Meeting Prep,Fully Answered,4.4,21.9,0,5,
MSL-002481,2025-10-21,REP-017,CardioPlus-25mg,Immunology,Real-World Evidence,Post-Call Follow-up,No Answer Found,31.6,0,0,1,
MSL-002482,2025-10-21,REP-021,CardioPlus-25mg,Rare Disease,Subgroup Analysis,Live During HCP Call,Fully Answered,10.3,5.9,1,4,HCP-0291
MSL-002483,2025-10-21,REP-021,CardioPlus-25mg,Rare Disease,Pharmacokinetics,Live During HCP Call,Fully Answered,7.8,9.7,1,5,HCP-0120
MSL-002484,2025-10-21,REP-021,DrugAlpha-100mg,Rare Disease,Biomarker Data,Live During HCP Call,Fully Answered,8.5,9.7,1,5,HCP-0165
MSL-002485,2025-10-21,REP-021,NeuroX-75mg,Rare Disease,Clinical Trial Data,Live During HCP Call,Fully Answered,7.4,17.6,1,4,HCP-0201
MSL-002486,2025-10-21,REP-021,DrugAlpha-100mg,Rare Disease,Combination Therapy,Post-Call Follow-up,Fully Answered,15.3,12.7,0,4,
MSL-002487,2025-10-21,REP-021,DrugBeta-50mg,Rare Disease,Pharmacokinetics,Pre-Meeting Prep,Fully Answered,9.1,19.2,1,5,HCP-0104
MSL-002488,2025-10-21,REP-021,CardioPlus-25mg,Rare Disease,Adverse Events / Safety,Post-Call Follow-up,No Answer Found,22.5,0,0,2,
MSL-002489,2025-10-22,REP-002,CardioPlus-25mg,Oncology,Drug Interactions,Self-Study,Fully Answered,10.6,17.1,0,5,
MSL-002490,2025-10-22,REP-002,DrugGamma-200mg,Oncology,Pharmacokinetics,Pre-Meeting Prep,Fully Answered,12.0,5.8,1,5,HCP-0479
MSL-002491,2025-10-22,REP-002,CardioPlus-25mg,Oncology,Long-term Outcomes,Pre-Meeting Prep,Partially Answered,8.2,12.1,1,3,HCP-0273
MSL-002492,2025-10-22,REP-004,NeuroX-75mg,Cardiology,Competitor Comparison,Post-Call Follow-up,Fully Answered,10.1,9.6,0,5,
MSL-002493,2025-10-22,REP-008,DrugAlpha-100mg,Immunology,Biomarker Data,Live During HCP Call,Fully Answered,10.7,5.7,1,5,HCP-0089
MSL-002494,2025-10-22,REP-008,NeuroX-75mg,Immunology,Off-label Evidence Request,Live During HCP Call,Fully Answered,9.6,10.4,1,5,HCP-0304
MSL-002495,2025-10-22,REP-008,NeuroX-75mg,Immunology,Off-label Evidence Request,Pre-Meeting Prep,Fully Answered,4.7,13.7,1,4,HCP-0405
MSL-002496,2025-10-22,REP-009,DrugBeta-50mg,Cardiology,Guidelines / Protocols,Live During HCP Call,Fully Answered,5.2,15.4,1,5,HCP-0300
MSL-002497,2025-10-22,REP-010,DrugGamma-200mg,Immunology,Off-label Evidence Request,Post-Call Follow-up,No Answer Found,32.7,0,0,2,
MSL-002498,2025-10-22,REP-010,CardioPlus-25mg,Immunology,Real-World Evidence,Live During HCP Call,Fully Answered,10.2,10.0,1,5,HCP-0160
MSL-002499,2025-10-22,REP-010,DrugGamma-200mg,Immunology,Dosing Guidelines,Pre-Meeting Prep,Fully Answered,10.8,13.2,1,5,HCP-0161
MSL-002500,2025-10-22,REP-015,CardioPlus-25mg,Oncology,Real-World Evidence,Post-Call Follow-up,Partially Answered,18.4,9.0,0,3,
MSL-002501,2025-10-22,REP-015,DrugBeta-50mg,Oncology,Adverse Events / Safety,Self-Study,Partially Answered,14.4,10.0,0,4,
MSL-002502,2025-10-22,REP-016,DrugBeta-50mg,Neurology,Competitor Comparison,Pre-Meeting Prep,Redirected to Medical,27.2,0,0,1,
MSL-002503,2025-10-22,REP-016,DrugAlpha-100mg,Neurology,Long-term Outcomes,Live During HCP Call,Partially Answered,16.3,2,1,3,HCP-0061
MSL-002504,2025-10-22,REP-016,CardioPlus-25mg,Neurology,Mechanism of Action,Live During HCP Call,No Answer Found,24.5,0,0,3,
MSL-002505,2025-10-22,REP-017,CardioPlus-25mg,Immunology,Off-label Evidence Request,Pre-Meeting Prep,Fully Answered,6.6,12.6,1,4,HCP-0289
MSL-002506,2025-10-22,REP-017,DrugGamma-200mg,Immunology,Off-label Evidence Request,Self-Study,Fully Answered,7.1,15.9,0,5,
MSL-002507,2025-10-22,REP-017,DrugGamma-200mg,Immunology,Guidelines / Protocols,Live During HCP Call,Fully Answered,9.6,7.2,1,5,HCP-0479
MSL-002508,2025-10-22,REP-017,CardioPlus-25mg,Immunology,Mechanism of Action,Live During HCP Call,Partially Answered,16.1,14.9,1,4,HCP-0158
MSL-002509,2025-10-22,REP-021,DrugAlpha-100mg,Rare Disease,Off-label Evidence Request,Pre-Meeting Prep,Fully Answered,11.8,11.0,0,4,
MSL-002510,2025-10-22,REP-021,NeuroX-75mg,Rare Disease,Guidelines / Protocols,Live During HCP Call,Fully Answered,2.0,17.8,1,5,HCP-0236
MSL-002511,2025-10-22,REP-021,CardioPlus-25mg,Rare Disease,Patient Selection Criteria,Self-Study,Partially Answered,17.8,12.3,0,4,
MSL-002512,2025-10-22,REP-021,DrugAlpha-100mg,Rare Disease,Subgroup Analysis,Self-Study,No Answer Found,26.0,0,0,2,
MSL-002513,2025-10-23,REP-002,DrugAlpha-100mg,Oncology,Adverse Events / Safety,Live During HCP Call,Fully Answered,8.2,11.1,0,5,
MSL-002514,2025-10-23,REP-002,DrugAlpha-100mg,Oncology,Dosing Guidelines,Self-Study,Partially Answered,15.6,13.0,0,3,
MSL-002515,2025-10-23,REP-002,DrugBeta-50mg,Oncology,Combination Therapy,Live During HCP Call,Fully Answered,8.5,9.9,1,5,HCP-0496
MSL-002516,2025-10-23,REP-008,DrugBeta-50mg,Immunology,Competitor Comparison,Pre-Meeting Prep,Redirected to Medical,32.2,0,0,1,
MSL-002517,2025-10-23,REP-008,NeuroX-75mg,Immunology,Drug Interactions,Post-Call Follow-up,Partially Answered,21.5,17.2,0,3,
MSL-002518,2025-10-23,REP-008,DrugGamma-200mg,Immunology,Real-World Evidence,Live During HCP Call,Fully Answered,7.2,10.0,0,4,
MSL-002519,2025-10-23,REP-008,DrugGamma-200mg,Immunology,Combination Therapy,Live During HCP Call,Fully Answered,7.0,18.1,1,5,HCP-0392
MSL-002520,2025-10-23,REP-008,CardioPlus-25mg,Immunology,Combination Therapy,Live During HCP Call,Fully Answered,6.9,11.2,1,5,HCP-0424
MSL-002521,2025-10-23,REP-008,DrugAlpha-100mg,Immunology,Clinical Trial Data,Live During HCP Call,Fully Answered,7.0,17.3,1,5,HCP-0272
MSL-002522,2025-10-23,REP-008,DrugBeta-50mg,Immunology,Clinical Trial Data,Pre-Meeting Prep,Fully Answered,9.9,17.3,1,5,HCP-0500
MSL-002523,2025-10-23,REP-009,CardioPlus-25mg,Cardiology,Clinical Trial Data,Live During HCP Call,Fully Answered,6.9,12.4,1,4,HCP-0019
MSL-002524,2025-10-23,REP-009,DrugGamma-200mg,Cardiology,Guidelines / Protocols,Pre-Meeting Prep,Fully Answered,12.2,13.7,1,5,HCP-0155
MSL-002525,2025-10-23,REP-009,DrugGamma-200mg,Cardiology,Guidelines / Protocols,Self-Study,Partially Answered,17.3,2,0,4,
MSL-002526,2025-10-23,REP-009,DrugBeta-50mg,Cardiology,Guidelines / Protocols,Pre-Meeting Prep,Fully Answered,9.9,9.7,1,4,HCP-0087
MSL-002527,2025-10-23,REP-010,CardioPlus-25mg,Immunology,Mechanism of Action,Pre-Meeting Prep,Fully Answered,1.6,6.4,1,5,HCP-0081
MSL-002528,2025-10-23,REP-010,NeuroX-75mg,Immunology,Clinical Trial Data,Pre-Meeting Prep,Fully Answered,5.8,9.2,1,5,HCP-0095
MSL-002529,2025-10-23,REP-010,DrugBeta-50mg,Immunology,Combination Therapy,Post-Call Follow-up,No Answer Found,25.1,0,0,2,
MSL-002530,2025-10-23,REP-015,DrugGamma-200mg,Oncology,Dosing Guidelines,Pre-Meeting Prep,Fully Answered,7.4,10.6,1,5,HCP-0106
MSL-002531,2025-10-23,REP-016,CardioPlus-25mg,Neurology,Pharmacokinetics,Post-Call Follow-up,Fully Answered,4.3,9.3,0,5,
MSL-002532,2025-10-23,REP-016,DrugBeta-50mg,Neurology,Dosing Guidelines,Pre-Meeting Prep,Fully Answered,7.6,17.5,1,5,HCP-0137
MSL-002533,2025-10-23,REP-016,DrugGamma-200mg,Neurology,Mechanism of Action,Pre-Meeting Prep,Fully Answered,6.3,21.9,1,5,HCP-0118
MSL-002534,2025-10-23,REP-016,DrugAlpha-100mg,Neurology,Biomarker Data,Self-Study,Fully Answered,6.9,8.6,0,5,
MSL-002535,2025-10-23,REP-017,CardioPlus-25mg,Immunology,Long-term Outcomes,Post-Call Follow-up,Partially Answered,8.5,18.0,0,2,
MSL-002536,2025-10-23,REP-021,DrugAlpha-100mg,Rare Disease,Dosing Guidelines,Post-Call Follow-up,Fully Answered,13.8,9.6,0,5,
MSL-002537,2025-10-23,REP-021,NeuroX-75mg,Rare Disease,Drug Interactions,Pre-Meeting Prep,Fully Answered,5.9,13.6,1,5,HCP-0111
MSL-002538,2025-10-23,REP-021,DrugBeta-50mg,Rare Disease,Combination Therapy,Pre-Meeting Prep,Fully Answered,8.9,13.5,1,4,HCP-0130
MSL-002539,2025-10-23,REP-021,CardioPlus-25mg,Rare Disease,Long-term Outcomes,Live During HCP Call,Fully Answered,10.1,12.5,1,5,HCP-0029
MSL-002540,2025-10-23,REP-021,DrugAlpha-100mg,Rare Disease,Clinical Trial Data,Live During HCP Call,Fully Answered,3.1,17.6,1,5,HCP-0043
MSL-002541,2025-10-24,REP-002,CardioPlus-25mg,Oncology,Long-term Outcomes,Post-Call Follow-up,Fully Answered,8.9,4.7,0,4,
MSL-002542,2025-10-24,REP-002,CardioPlus-25mg,Oncology,Real-World Evidence,Pre-Meeting Prep,Fully Answered,9.6,12.7,1,4,HCP-0105
MSL-002543,2025-10-24,REP-002,DrugAlpha-100mg,Oncology,Off-label Evidence Request,Pre-Meeting Prep,Redirected to Medical,34.4,0,0,2,
MSL-002544,2025-10-24,REP-002,CardioPlus-25mg,Oncology,Subgroup Analysis,Self-Study,Fully Answered,13.0,4.3,0,5,
MSL-002545,2025-10-24,REP-002,NeuroX-75mg,Oncology,Clinical Trial Data,Live During HCP Call,Partially Answered,21.1,7.9,1,3,HCP-0119
MSL-002546,2025-10-24,REP-002,DrugGamma-200mg,Oncology,Biomarker Data,Post-Call Follow-up,Fully Answered,8.1,12.5,0,5,
MSL-002547,2025-10-24,REP-004,NeuroX-75mg,Cardiology,Drug Interactions,Live During HCP Call,Redirected to Medical,14.0,0,0,1,
MSL-002548,2025-10-24,REP-004,DrugBeta-50mg,Cardiology,Off-label Evidence Request,Pre-Meeting Prep,No Answer Found,27.3,0,0,1,
MSL-002549,2025-10-24,REP-004,DrugBeta-50mg,Cardiology,Clinical Trial Data,Post-Call Follow-up,Redirected to Medical,26.1,0,0,1,
MSL-002550,2025-10-24,REP-004,DrugAlpha-100mg,Cardiology,Off-label Evidence Request,Self-Study,Redirected to Medical,33.3,0,0,2,
MSL-002551,2025-10-24,REP-008,DrugAlpha-100mg,Immunology,Off-label Evidence Request,Pre-Meeting Prep,Fully Answered,5.3,13.5,1,5,HCP-0276
MSL-002552,2025-10-24,REP-009,DrugAlpha-100mg,Cardiology,Patient Selection Criteria,Self-Study,Fully Answered,11.5,14.3,0,4,
MSL-002553,2025-10-24,REP-009,DrugAlpha-100mg,Cardiology,Subgroup Analysis,Post-Call Follow-up,Partially Answered,15.8,7.2,0,4,
MSL-002554,2025-10-24,REP-009,NeuroX-75mg,Cardiology,Competitor Comparison,Pre-Meeting Prep,Partially Answered,13.3,19.4,1,4,HCP-0407
MSL-002555,2025-10-24,REP-010,NeuroX-75mg,Immunology,Mechanism of Action,Pre-Meeting Prep,Fully Answered,8.4,19.5,0,5,
MSL-002556,2025-10-24,REP-010,DrugBeta-50mg,Immunology,Subgroup Analysis,Self-Study,Fully Answered,4.9,22.2,0,5,
MSL-002557,2025-10-24,REP-010,DrugBeta-50mg,Immunology,Patient Selection Criteria,Live During HCP Call,Fully Answered,8.9,11.8,1,5,HCP-0282
MSL-002558,2025-10-24,REP-010,DrugBeta-50mg,Immunology,Biomarker Data,Post-Call Follow-up,Fully Answered,1.9,9.7,0,5,
MSL-002559,2025-10-24,REP-010,CardioPlus-25mg,Immunology,Subgroup Analysis,Pre-Meeting Prep,No Answer Found,23.5,0,0,1,
MSL-002560,2025-10-24,REP-010,DrugGamma-200mg,Immunology,Combination Therapy,Live During HCP Call,Partially Answered,24.9,12.5,1,2,HCP-0429
MSL-002561,2025-10-24,REP-015,CardioPlus-25mg,Oncology,Mechanism of Action,Live During HCP Call,Fully Answered,9.1,17.9,0,5,
MSL-002562,2025-10-24,REP-015,DrugGamma-200mg,Oncology,Biomarker Data,Pre-Meeting Prep,Fully Answered,7.9,24.4,0,5,
MSL-002563,2025-10-24,REP-016,DrugAlpha-100mg,Neurology,Dosing Guidelines,Post-Call Follow-up,Fully Answered,5.9,13.9,0,4,
MSL-002564,2025-10-24,REP-016,DrugGamma-200mg,Neurology,Dosing Guidelines,Pre-Meeting Prep,Fully Answered,3.5,19.2,0,5,
MSL-002565,2025-10-24,REP-016,DrugAlpha-100mg,Neurology,Pharmacokinetics,Pre-Meeting Prep,Redirected to Medical,10.7,0,0,1,
MSL-002566,2025-10-24,REP-017,NeuroX-75mg,Immunology,Adverse Events / Safety,Live During HCP Call,Partially Answered,21.3,12.9,1,4,HCP-0330
MSL-002567,2025-10-24,REP-017,DrugAlpha-100mg,Immunology,Pharmacokinetics,Post-Call Follow-up,No Answer Found,16.1,0,0,3,
MSL-002568,2025-10-24,REP-021,NeuroX-75mg,Rare Disease,Mechanism of Action,Pre-Meeting Prep,Fully Answered,11.0,6.4,1,4,HCP-0366
MSL-002569,2025-10-24,REP-021,CardioPlus-25mg,Rare Disease,Competitor Comparison,Pre-Meeting Prep,Fully Answered,3.3,12.8,1,5,HCP-0064
MSL-002570,2025-10-24,REP-021,DrugBeta-50mg,Rare Disease,Mechanism of Action,Live During HCP Call,Fully Answered,6.5,14.1,1,5,HCP-0008
MSL-002571,2025-10-24,REP-021,NeuroX-75mg,Rare Disease,Mechanism of Action,Live During HCP Call,Partially Answered,19.9,2,1,4,HCP-0282
MSL-002572,2025-10-24,REP-021,DrugAlpha-100mg,Rare Disease,Drug Interactions,Post-Call Follow-up,Redirected to Medical,27.9,0,0,1,
MSL-002573,2025-10-24,REP-021,DrugBeta-50mg,Rare Disease,Adverse Events / Safety,Live During HCP Call,Fully Answered,7.0,14.5,1,5,HCP-0080
MSL-002574,2025-10-24,REP-021,CardioPlus-25mg,Rare Disease,Mechanism of Action,Post-Call Follow-up,Fully Answered,13.0,12.8,0,5,
MSL-002575,2025-10-27,REP-002,DrugGamma-200mg,Oncology,Mechanism of Action,Post-Call Follow-up,Partially Answered,24.5,9.9,0,3,
MSL-002576,2025-10-27,REP-002,CardioPlus-25mg,Oncology,Adverse Events / Safety,Self-Study,Fully Answered,3.3,6.6,0,5,
MSL-002577,2025-10-27,REP-002,NeuroX-75mg,Oncology,Dosing Guidelines,Pre-Meeting Prep,Partially Answered,8.4,13.9,1,3,HCP-0161
MSL-002578,2025-10-27,REP-004,DrugBeta-50mg,Cardiology,Dosing Guidelines,Pre-Meeting Prep,Redirected to Medical,13.6,0,0,2,
MSL-002579,2025-10-27,REP-004,NeuroX-75mg,Cardiology,Combination Therapy,Self-Study,Fully Answered,8.4,8.7,0,5,
MSL-002580,2025-10-27,REP-004,DrugGamma-200mg,Cardiology,Patient Selection Criteria,Post-Call Follow-up,Fully Answered,7.5,12.6,0,4,
MSL-002581,2025-10-27,REP-004,CardioPlus-25mg,Cardiology,Subgroup Analysis,Pre-Meeting Prep,Redirected to Medical,31.0,0,0,1,
MSL-002582,2025-10-27,REP-004,DrugGamma-200mg,Cardiology,Patient Selection Criteria,Pre-Meeting Prep,Redirected to Medical,35.3,0,0,1,
MSL-002583,2025-10-27,REP-008,NeuroX-75mg,Immunology,Clinical Trial Data,Live During HCP Call,Redirected to Medical,16.2,0,0,1,
MSL-002584,2025-10-27,REP-008,DrugBeta-50mg,Immunology,Competitor Comparison,Live During HCP Call,Fully Answered,5.5,11.2,1,5,HCP-0218
MSL-002585,2025-10-27,REP-008,DrugAlpha-100mg,Immunology,Biomarker Data,Self-Study,Fully Answered,8.6,6.6,0,4,
MSL-002586,2025-10-27,REP-009,NeuroX-75mg,Cardiology,Drug Interactions,Pre-Meeting Prep,Fully Answered,5.4,2.9,1,4,HCP-0313
MSL-002587,2025-10-27,REP-009,DrugGamma-200mg,Cardiology,Off-label Evidence Request,Live During HCP Call,Fully Answered,7.0,5.5,0,5,
MSL-002588,2025-10-27,REP-009,CardioPlus-25mg,Cardiology,Subgroup Analysis,Live During HCP Call,Partially Answered,11.2,12.5,1,3,HCP-0022
MSL-002589,2025-10-27,REP-009,DrugGamma-200mg,Cardiology,Subgroup Analysis,Pre-Meeting Prep,Fully Answered,11.8,3.3,0,5,
MSL-002590,2025-10-27,REP-009,CardioPlus-25mg,Cardiology,Guidelines / Protocols,Live During HCP Call,Fully Answered,1,13.1,1,5,HCP-0103
MSL-002591,2025-10-27,REP-010,NeuroX-75mg,Immunology,Guidelines / Protocols,Pre-Meeting Prep,Fully Answered,9.7,11.8,1,4,HCP-0266
MSL-002592,2025-10-27,REP-010,NeuroX-75mg,Immunology,Pharmacokinetics,Live During HCP Call,Partially Answered,13.4,14.5,1,4,HCP-0403
MSL-002593,2025-10-27,REP-010,NeuroX-75mg,Immunology,Adverse Events / Safety,Pre-Meeting Prep,Fully Answered,2.1,21.3,1,5,HCP-0149
MSL-002594,2025-10-27,REP-015,DrugGamma-200mg,Oncology,Competitor Comparison,Post-Call Follow-up,Fully Answered,8.4,13.8,0,5,
MSL-002595,2025-10-27,REP-015,NeuroX-75mg,Oncology,Adverse Events / Safety,Pre-Meeting Prep,Partially Answered,9.8,15.8,1,2,HCP-0208
MSL-002596,2025-10-27,REP-015,CardioPlus-25mg,Oncology,Adverse Events / Safety,Pre-Meeting Prep,Partially Answered,18.4,18.5,1,2,HCP-0230
MSL-002597,2025-10-27,REP-015,DrugBeta-50mg,Oncology,Dosing Guidelines,Pre-Meeting Prep,Partially Answered,16.4,11.1,1,4,HCP-0102
MSL-002598,2025-10-27,REP-015,DrugBeta-50mg,Oncology,Combination Therapy,Live During HCP Call,Partially Answered,12.2,11.2,1,3,HCP-0117
MSL-002599,2025-10-27,REP-015,NeuroX-75mg,Oncology,Dosing Guidelines,Self-Study,Partially Answered,17.5,10.6,0,3,
MSL-002600,2025-10-27,REP-015,CardioPlus-25mg,Oncology,Long-term Outcomes,Pre-Meeting Prep,Fully Answered,9.5,18.8,1,4,HCP-0107
MSL-002601,2025-10-27,REP-016,NeuroX-75mg,Neurology,Subgroup Analysis,Self-Study,No Answer Found,22.9,0,0,1,
MSL-002602,2025-10-27,REP-016,DrugGamma-200mg,Neurology,Off-label Evidence Request,Post-Call Follow-up,Partially Answered,21.0,12.5,0,3,
MSL-002603,2025-10-27,REP-016,DrugBeta-50mg,Neurology,Adverse Events / Safety,Self-Study,Fully Answered,10.7,9.4,0,5,
MSL-002604,2025-10-27,REP-017,CardioPlus-25mg,Immunology,Dosing Guidelines,Live During HCP Call,Partially Answered,17.4,17.2,1,3,HCP-0264
MSL-002605,2025-10-27,REP-021,DrugBeta-50mg,Rare Disease,Off-label Evidence Request,Live During HCP Call,Fully Answered,8.3,13.7,1,5,HCP-0054
MSL-002606,2025-10-27,REP-021,CardioPlus-25mg,Rare Disease,Patient Selection Criteria,Post-Call Follow-up,Fully Answered,8.0,5.6,0,5,
MSL-002607,2025-10-27,REP-021,DrugGamma-200mg,Rare Disease,Long-term Outcomes,Live During HCP Call,No Answer Found,22.4,0,0,2,
MSL-002608,2025-10-28,REP-002,NeuroX-75mg,Oncology,Guidelines / Protocols,Post-Call Follow-up,Partially Answered,15.5,15.0,0,4,
MSL-002609,2025-10-28,REP-002,DrugBeta-50mg,Oncology,Biomarker Data,Post-Call Follow-up,Fully Answered,10.6,22.9,0,5,
MSL-002610,2025-10-28,REP-002,CardioPlus-25mg,Oncology,Off-label Evidence Request,Live During HCP Call,Fully Answered,8.2,15.6,0,5,
MSL-002611,2025-10-28,REP-002,DrugBeta-50mg,Oncology,Patient Selection Criteria,Post-Call Follow-up,No Answer Found,18.8,0,0,2,
MSL-002612,2025-10-28,REP-004,CardioPlus-25mg,Cardiology,Biomarker Data,Self-Study,No Answer Found,26.8,0,0,1,
MSL-002613,2025-10-28,REP-004,DrugGamma-200mg,Cardiology,Drug Interactions,Pre-Meeting Prep,Fully Answered,9.3,7.4,1,4,HCP-0396
MSL-002614,2025-10-28,REP-004,DrugBeta-50mg,Cardiology,Patient Selection Criteria,Pre-Meeting Prep,Fully Answered,9.0,9.6,1,5,HCP-0375
MSL-002615,2025-10-28,REP-004,DrugAlpha-100mg,Cardiology,Off-label Evidence Request,Self-Study,Fully Answered,11.3,15.8,0,5,
MSL-002616,2025-10-28,REP-004,CardioPlus-25mg,Cardiology,Real-World Evidence,Live During HCP Call,Fully Answered,4.5,22.3,1,5,HCP-0154
MSL-002617,2025-10-28,REP-004,CardioPlus-25mg,Cardiology,Biomarker Data,Self-Study,Fully Answered,7.7,11.4,0,4,
MSL-002618,2025-10-28,REP-004,DrugGamma-200mg,Cardiology,Biomarker Data,Live During HCP Call,Partially Answered,5.1,9.6,1,3,HCP-0432
MSL-002619,2025-10-28,REP-008,DrugGamma-200mg,Immunology,Drug Interactions,Pre-Meeting Prep,Fully Answered,5.4,12.5,1,5,HCP-0259
MSL-002620,2025-10-28,REP-008,DrugGamma-200mg,Immunology,Competitor Comparison,Self-Study,Fully Answered,5.2,10.1,0,5,
MSL-002621,2025-10-28,REP-009,DrugBeta-50mg,Cardiology,Subgroup Analysis,Post-Call Follow-up,No Answer Found,10.8,0,0,1,
MSL-002622,2025-10-28,REP-009,NeuroX-75mg,Cardiology,Clinical Trial Data,Pre-Meeting Prep,Partially Answered,13.7,7.5,0,3,
MSL-002623,2025-10-28,REP-009,DrugAlpha-100mg,Cardiology,Dosing Guidelines,Pre-Meeting Prep,Fully Answered,6.2,7.5,1,5,HCP-0055
MSL-002624,2025-10-28,REP-010,DrugAlpha-100mg,Immunology,Patient Selection Criteria,Self-Study,Fully Answered,8.4,13.4,0,5,
MSL-002625,2025-10-28,REP-010,DrugBeta-50mg,Immunology,Competitor Comparison,Pre-Meeting Prep,Fully Answered,9.5,12.2,1,4,HCP-0103
MSL-002626,2025-10-28,REP-010,DrugAlpha-100mg,Immunology,Guidelines / Protocols,Self-Study,Fully Answered,6.6,15.9,0,5,
MSL-002627,2025-10-28,REP-016,DrugAlpha-100mg,Neurology,Adverse Events / Safety,Self-Study,Fully Answered,13.1,12.9,0,5,
MSL-002628,2025-10-28,REP-016,DrugAlpha-100mg,Neurology,Drug Interactions,Post-Call Follow-up,Fully Answered,7.5,17.3,0,5,
MSL-002629,2025-10-28,REP-016,DrugGamma-200mg,Neurology,Off-label Evidence Request,Self-Study,Fully Answered,10.0,13.7,0,4,
MSL-002630,2025-10-28,REP-017,DrugGamma-200mg,Immunology,Real-World Evidence,Self-Study,Partially Answered,21.0,16.6,0,4,
MSL-002631,2025-10-28,REP-017,NeuroX-75mg,Immunology,Guidelines / Protocols,Post-Call Follow-up,Partially Answered,9.5,9.8,0,3,
MSL-002632,2025-10-28,REP-017,DrugGamma-200mg,Immunology,Adverse Events / Safety,Self-Study,Partially Answered,11.5,15.4,0,4,
MSL-002633,2025-10-28,REP-017,CardioPlus-25mg,Immunology,Guidelines / Protocols,Pre-Meeting Prep,Fully Answered,14.6,13.0,1,5,HCP-0298
MSL-002634,2025-10-28,REP-017,NeuroX-75mg,Immunology,Drug Interactions,Post-Call Follow-up,Fully Answered,7.0,21.2,0,5,
MSL-002635,2025-10-28,REP-017,CardioPlus-25mg,Immunology,Real-World Evidence,Post-Call Follow-up,Fully Answered,13.5,12.1,0,5,
MSL-002636,2025-10-28,REP-017,CardioPlus-25mg,Immunology,Long-term Outcomes,Live During HCP Call,Fully Answered,7.0,22.7,1,5,HCP-0187
MSL-002637,2025-10-28,REP-017,CardioPlus-25mg,Immunology,Patient Selection Criteria,Self-Study,Fully Answered,5.3,11.8,0,5,
MSL-002638,2025-10-28,REP-021,CardioPlus-25mg,Rare Disease,Long-term Outcomes,Pre-Meeting Prep,Fully Answered,14.6,8.9,1,4,HCP-0421
MSL-002639,2025-10-28,REP-021,CardioPlus-25mg,Rare Disease,Patient Selection Criteria,Live During HCP Call,Partially Answered,13.5,15.0,1,3,HCP-0005
MSL-002640,2025-10-28,REP-021,CardioPlus-25mg,Rare Disease,Real-World Evidence,Pre-Meeting Prep,Redirected to Medical,2.8,0,0,1,
MSL-002641,2025-10-29,REP-002,CardioPlus-25mg,Oncology,Pharmacokinetics,Pre-Meeting Prep,Partially Answered,18.9,7.2,1,4,HCP-0138
MSL-002642,2025-10-29,REP-002,DrugGamma-200mg,Oncology,Long-term Outcomes,Live During HCP Call,No Answer Found,10.6,0,0,2,
MSL-002643,2025-10-29,REP-002,DrugGamma-200mg,Oncology,Long-term Outcomes,Live During HCP Call,Redirected to Medical,29.2,0,0,1,
MSL-002644,2025-10-29,REP-004,DrugAlpha-100mg,Cardiology,Combination Therapy,Pre-Meeting Prep,Fully Answered,6.6,14.6,1,4,HCP-0377
MSL-002645,2025-10-29,REP-008,DrugAlpha-100mg,Immunology,Combination Therapy,Pre-Meeting Prep,Fully Answered,7.3,5.4,1,4,HCP-0054
MSL-002646,2025-10-29,REP-009,NeuroX-75mg,Cardiology,Guidelines / Protocols,Self-Study,Fully Answered,14.0,8.7,0,5,
MSL-002647,2025-10-29,REP-009,NeuroX-75mg,Cardiology,Off-label Evidence Request,Self-Study,Fully Answered,13.2,13.6,0,5,
MSL-002648,2025-10-29,REP-009,DrugBeta-50mg,Cardiology,Long-term Outcomes,Live During HCP Call,Fully Answered,9.7,9.9,1,4,HCP-0146
MSL-002649,2025-10-29,REP-009,NeuroX-75mg,Cardiology,Drug Interactions,Live During HCP Call,Partially Answered,16.2,7.5,1,2,HCP-0263
MSL-002650,2025-10-29,REP-009,DrugBeta-50mg,Cardiology,Off-label Evidence Request,Post-Call Follow-up,Fully Answered,5.2,10.8,0,5,
MSL-002651,2025-10-29,REP-015,CardioPlus-25mg,Oncology,Real-World Evidence,Self-Study,No Answer Found,20.5,0,0,2,
MSL-002652,2025-10-29,REP-015,DrugBeta-50mg,Oncology,Mechanism of Action,Live During HCP Call,Partially Answered,17.1,15.9,1,3,HCP-0258
MSL-002653,2025-10-29,REP-015,NeuroX-75mg,Oncology,Dosing Guidelines,Live During HCP Call,Redirected to Medical,21.8,0,0,1,
MSL-002654,2025-10-29,REP-015,NeuroX-75mg,Oncology,Biomarker Data,Self-Study,Fully Answered,12.1,13.7,0,5,
MSL-002655,2025-10-29,REP-016,DrugBeta-50mg,Neurology,Guidelines / Protocols,Pre-Meeting Prep,Fully Answered,5.4,16.6,0,5,
MSL-002656,2025-10-29,REP-016,CardioPlus-25mg,Neurology,Patient Selection Criteria,Pre-Meeting Prep,Partially Answered,14.6,20.2,1,3,HCP-0458
MSL-002657,2025-10-29,REP-016,DrugGamma-200mg,Neurology,Pharmacokinetics,Post-Call Follow-up,Partially Answered,6.7,15.0,0,4,
MSL-002658,2025-10-29,REP-016,NeuroX-75mg,Neurology,Real-World Evidence,Pre-Meeting Prep,Partially Answered,11.3,13.7,0,2,
MSL-002659,2025-10-29,REP-016,NeuroX-75mg,Neurology,Dosing Guidelines,Pre-Meeting Prep,Fully Answered,1,3.6,1,5,HCP-0020
MSL-002660,2025-10-29,REP-017,DrugGamma-200mg,Immunology,Subgroup Analysis,Live During HCP Call,Fully Answered,7.9,6.9,1,5,HCP-0150
MSL-002661,2025-10-29,REP-017,DrugBeta-50mg,Immunology,Off-label Evidence Request,Post-Call Follow-up,Partially Answered,19.2,11.0,0,3,
MSL-002662,2025-10-29,REP-017,DrugGamma-200mg,Immunology,Clinical Trial Data,Self-Study,Fully Answered,12.3,11.8,0,4,
MSL-002663,2025-10-29,REP-017,CardioPlus-25mg,Immunology,Adverse Events / Safety,Live During HCP Call,Fully Answered,6.8,16.9,0,5,
MSL-002664,2025-10-29,REP-021,NeuroX-75mg,Rare Disease,Off-label Evidence Request,Pre-Meeting Prep,Fully Answered,9.6,17.4,1,5,HCP-0065
MSL-002665,2025-10-29,REP-021,DrugGamma-200mg,Rare Disease,Adverse Events / Safety,Live During HCP Call,Partially Answered,14.1,10.2,1,3,HCP-0331
MSL-002666,2025-10-29,REP-021,DrugAlpha-100mg,Rare Disease,Guidelines / Protocols,Pre-Meeting Prep,Partially Answered,12.5,12.9,0,3,
MSL-002667,2025-10-29,REP-021,DrugAlpha-100mg,Rare Disease,Mechanism of Action,Self-Study,Fully Answered,6.9,5.1,0,5,
MSL-002668,2025-10-30,REP-002,CardioPlus-25mg,Oncology,Dosing Guidelines,Live During HCP Call,Fully Answered,9.2,10.5,1,4,HCP-0034
MSL-002669,2025-10-30,REP-002,CardioPlus-25mg,Oncology,Adverse Events / Safety,Pre-Meeting Prep,Fully Answered,5.2,7.3,1,5,HCP-0113
MSL-002670,2025-10-30,REP-002,CardioPlus-25mg,Oncology,Clinical Trial Data,Pre-Meeting Prep,Fully Answered,6.5,3.4,1,5,HCP-0232
MSL-002671,2025-10-30,REP-002,CardioPlus-25mg,Oncology,Biomarker Data,Pre-Meeting Prep,Fully Answered,12.4,11.0,0,4,
MSL-002672,2025-10-30,REP-002,CardioPlus-25mg,Oncology,Long-term Outcomes,Self-Study,Fully Answered,6.7,15.6,0,5,
MSL-002673,2025-10-30,REP-002,NeuroX-75mg,Oncology,Combination Therapy,Live During HCP Call,Fully Answered,8.4,15.1,1,5,HCP-0136
MSL-002674,2025-10-30,REP-002,DrugBeta-50mg,Oncology,Long-term Outcomes,Self-Study,Partially Answered,7.8,10.5,0,3,
MSL-002675,2025-10-30,REP-002,DrugAlpha-100mg,Oncology,Subgroup Analysis,Pre-Meeting Prep,Partially Answered,14.6,10.4,0,4,
MSL-002676,2025-10-30,REP-004,CardioPlus-25mg,Cardiology,Competitor Comparison,Live During HCP Call,Fully Answered,13.2,7.4,0,5,
MSL-002677,2025-10-30,REP-008,CardioPlus-25mg,Immunology,Guidelines / Protocols,Pre-Meeting Prep,Fully Answered,3.0,14.0,1,4,HCP-0445
MSL-002678,2025-10-30,REP-008,DrugBeta-50mg,Immunology,Patient Selection Criteria,Live During HCP Call,Redirected to Medical,15.9,0,0,3,
MSL-002679,2025-10-30,REP-008,DrugBeta-50mg,Immunology,Biomarker Data,Post-Call Follow-up,Fully Answered,5.1,13.5,0,5,
MSL-002680,2025-10-30,REP-008,CardioPlus-25mg,Immunology,Competitor Comparison,Live During HCP Call,No Answer Found,15.9,0,0,3,
MSL-002681,2025-10-30,REP-009,DrugGamma-200mg,Cardiology,Biomarker Data,Live During HCP Call,Fully Answered,13.0,7.0,1,5,HCP-0183
MSL-002682,2025-10-30,REP-009,DrugBeta-50mg,Cardiology,Drug Interactions,Self-Study,No Answer Found,22.8,0,0,3,
MSL-002683,2025-10-30,REP-010,NeuroX-75mg,Immunology,Competitor Comparison,Post-Call Follow-up,Fully Answered,10.4,17.2,0,5,
MSL-002684,2025-10-30,REP-010,DrugBeta-50mg,Immunology,Real-World Evidence,Pre-Meeting Prep,Fully Answered,8.3,15.5,1,5,HCP-0419
MSL-002685,2025-10-30,REP-010,DrugAlpha-100mg,Immunology,Drug Interactions,Live During HCP Call,Fully Answered,10.1,8.5,1,5,HCP-0439
MSL-002686,2025-10-30,REP-015,DrugBeta-50mg,Oncology,Long-term Outcomes,Pre-Meeting Prep,Fully Answered,9.6,11.7,1,5,HCP-0270
MSL-002687,2025-10-30,REP-015,NeuroX-75mg,Oncology,Clinical Trial Data,Pre-Meeting Prep,No Answer Found,27.0,0,0,2,
MSL-002688,2025-10-30,REP-016,DrugGamma-200mg,Neurology,Mechanism of Action,Post-Call Follow-up,No Answer Found,26.8,0,0,2,
MSL-002689,2025-10-30,REP-017,DrugAlpha-100mg,Immunology,Combination Therapy,Live During HCP Call,Fully Answered,13.2,18.4,1,5,HCP-0443
MSL-002690,2025-10-30,REP-017,CardioPlus-25mg,Immunology,Clinical Trial Data,Pre-Meeting Prep,Fully Answered,8.3,13.5,1,5,HCP-0291
MSL-002691,2025-10-30,REP-017,DrugBeta-50mg,Immunology,Mechanism of Action,Post-Call Follow-up,Fully Answered,8.9,12.4,0,5,
MSL-002692,2025-10-30,REP-017,DrugBeta-50mg,Immunology,Long-term Outcomes,Self-Study,Partially Answered,19.0,9.8,0,3,
MSL-002693,2025-10-30,REP-017,DrugBeta-50mg,Immunology,Dosing Guidelines,Self-Study,Fully Answered,4.4,19.0,0,5,
MSL-002694,2025-10-30,REP-017,CardioPlus-25mg,Immunology,Pharmacokinetics,Live During HCP Call,Fully Answered,10.0,21.1,0,5,
MSL-002695,2025-10-30,REP-017,DrugBeta-50mg,Immunology,Biomarker Data,Pre-Meeting Prep,Fully Answered,8.9,12.9,1,5,HCP-0201
MSL-002696,2025-10-30,REP-021,DrugAlpha-100mg,Rare Disease,Guidelines / Protocols,Self-Study,Fully Answered,11.9,17.1,0,5,
MSL-002697,2025-10-30,REP-021,DrugGamma-200mg,Rare Disease,Drug Interactions,Self-Study,Redirected to Medical,32.5,0,0,2,
MSL-002698,2025-10-31,REP-002,DrugAlpha-100mg,Oncology,Pharmacokinetics,Pre-Meeting Prep,Partially Answered,15.1,9.8,0,3,
MSL-002699,2025-10-31,REP-002,NeuroX-75mg,Oncology,Drug Interactions,Pre-Meeting Prep,Fully Answered,13.4,9.7,1,5,HCP-0492
MSL-002700,2025-10-31,REP-002,NeuroX-75mg,Oncology,Off-label Evidence Request,Pre-Meeting Prep,Fully Answered,4.3,9.7,0,4,
MSL-002701,2025-10-31,REP-004,CardioPlus-25mg,Cardiology,Clinical Trial Data,Self-Study,Fully Answered,11.3,13.0,0,5,
MSL-002702,2025-10-31,REP-004,DrugAlpha-100mg,Cardiology,Dosing Guidelines,Live During HCP Call,No Answer Found,33.4,0,0,2,
MSL-002703,2025-10-31,REP-008,DrugBeta-50mg,Immunology,Long-term Outcomes,Pre-Meeting Prep,Fully Answered,6.7,5.3,1,5,HCP-0097
MSL-002704,2025-10-31,REP-008,DrugAlpha-100mg,Immunology,Guidelines / Protocols,Self-Study,Fully Answered,7.2,10.2,0,5,
MSL-002705,2025-10-31,REP-008,DrugGamma-200mg,Immunology,Competitor Comparison,Self-Study,Fully Answered,11.9,9.6,0,4,
MSL-002706,2025-10-31,REP-008,DrugAlpha-100mg,Immunology,Competitor Comparison,Live During HCP Call,Fully Answered,13.3,21.8,1,5,HCP-0466
MSL-002707,2025-10-31,REP-009,NeuroX-75mg,Cardiology,Patient Selection Criteria,Post-Call Follow-up,Fully Answered,8.0,14.4,0,5,
MSL-002708,2025-10-31,REP-009,DrugBeta-50mg,Cardiology,Adverse Events / Safety,Post-Call Follow-up,Fully Answered,7.2,15.5,0,5,
MSL-002709,2025-10-31,REP-010,DrugBeta-50mg,Immunology,Pharmacokinetics,Pre-Meeting Prep,Fully Answered,9.9,12.0,1,5,HCP-0381
MSL-002710,2025-10-31,REP-010,DrugAlpha-100mg,Immunology,Combination Therapy,Live During HCP Call,Fully Answered,10.5,21.5,1,5,HCP-0069
MSL-002711,2025-10-31,REP-010,DrugGamma-200mg,Immunology,Dosing Guidelines,Post-Call Follow-up,Fully Answered,10.1,9.1,0,5,
MSL-002712,2025-10-31,REP-015,DrugGamma-200mg,Oncology,Guidelines / Protocols,Self-Study,Partially Answered,8.1,12.9,0,4,
MSL-002713,2025-10-31,REP-015,DrugGamma-200mg,Oncology,Off-label Evidence Request,Post-Call Follow-up,Fully Answered,4.6,19.9,0,5,
MSL-002714,2025-10-31,REP-015,NeuroX-75mg,Oncology,Adverse Events / Safety,Post-Call Follow-up,Partially Answered,15.1,4.0,0,4,
MSL-002715,2025-10-31,REP-016,DrugAlpha-100mg,Neurology,Combination Therapy,Self-Study,Fully Answered,11.6,2,0,4,
MSL-002716,2025-10-31,REP-016,DrugAlpha-100mg,Neurology,Mechanism of Action,Pre-Meeting Prep,Fully Answered,6.2,18.6,0,4,
MSL-002717,2025-10-31,REP-017,CardioPlus-25mg,Immunology,Pharmacokinetics,Pre-Meeting Prep,Partially Answered,18.4,14.3,0,4,
MSL-002718,2025-10-31,REP-017,DrugGamma-200mg,Immunology,Long-term Outcomes,Pre-Meeting Prep,Partially Answered,15.9,9.6,1,3,HCP-0272
MSL-002719,2025-10-31,REP-017,DrugAlpha-100mg,Immunology,Dosing Guidelines,Pre-Meeting Prep,Fully Answered,13.2,9.4,1,4,HCP-0338
MSL-002720,2025-10-31,REP-017,DrugGamma-200mg,Immunology,Patient Selection Criteria,Live During HCP Call,Fully Answered,12.8,19.3,1,5,HCP-0049
MSL-002721,2025-10-31,REP-021,DrugBeta-50mg,Rare Disease,Drug Interactions,Pre-Meeting Prep,Fully Answered,8.3,3.6,1,5,HCP-0245
MSL-002722,2025-10-31,REP-021,DrugBeta-50mg,Rare Disease,Competitor Comparison,Self-Study,No Answer Found,20.5,0,0,2,
MSL-002723,2025-10-31,REP-021,NeuroX-75mg,Rare Disease,Mechanism of Action,Pre-Meeting Prep,Fully Answered,9.7,13.9,1,5,HCP-0410
MSL-002724,2025-10-31,REP-021,DrugAlpha-100mg,Rare Disease,Subgroup Analysis,Live During HCP Call,Fully Answered,12.0,11.3,1,5,HCP-0458
MSL-002725,2025-11-03,REP-002,DrugGamma-200mg,Oncology,Adverse Events / Safety,Post-Call Follow-up,Partially Answered,12.4,16.7,0,3,
MSL-002726,2025-11-03,REP-002,DrugAlpha-100mg,Oncology,Dosing Guidelines,Pre-Meeting Prep,Fully Answered,5.9,19.7,0,5,
MSL-002727,2025-11-03,REP-004,DrugBeta-50mg,Cardiology,Combination Therapy,Post-Call Follow-up,Fully Answered,12.8,5.5,0,5,
MSL-002728,2025-11-03,REP-004,CardioPlus-25mg,Cardiology,Long-term Outcomes,Live During HCP Call,Fully Answered,12.2,8.2,0,5,
MSL-002729,2025-11-03,REP-004,DrugGamma-200mg,Cardiology,Drug Interactions,Self-Study,Fully Answered,6.8,17.6,0,5,
MSL-002730,2025-11-03,REP-004,CardioPlus-25mg,Cardiology,Real-World Evidence,Pre-Meeting Prep,Fully Answered,10.4,19.3,1,5,HCP-0057
MSL-002731,2025-11-03,REP-004,DrugBeta-50mg,Cardiology,Off-label Evidence Request,Self-Study,Fully Answered,11.5,17.5,0,5,
MSL-002732,2025-11-03,REP-004,NeuroX-75mg,Cardiology,Subgroup Analysis,Post-Call Follow-up,Partially Answered,13.3,10.9,0,3,
MSL-002733,2025-11-03,REP-008,DrugBeta-50mg,Immunology,Adverse Events / Safety,Pre-Meeting Prep,Partially Answered,16.3,12.9,1,3,HCP-0276
MSL-002734,2025-11-03,REP-008,DrugBeta-50mg,Immunology,Drug Interactions,Pre-Meeting Prep,Fully Answered,13.1,2,1,4,HCP-0061
MSL-002735,2025-11-03,REP-008,DrugBeta-50mg,Immunology,Competitor Comparison,Self-Study,Fully Answered,8.1,18.4,0,5,
MSL-002736,2025-11-03,REP-008,CardioPlus-25mg,Immunology,Combination Therapy,Pre-Meeting Prep,Fully Answered,8.7,2.7,0,4,
MSL-002737,2025-11-03,REP-008,NeuroX-75mg,Immunology,Long-term Outcomes,Live During HCP Call,Fully Answered,7.0,14.9,1,5,HCP-0497
MSL-002738,2025-11-03,REP-009,DrugBeta-50mg,Cardiology,Dosing Guidelines,Post-Call Follow-up,Fully Answered,8.3,3.9,0,5,
MSL-002739,2025-11-03,REP-009,NeuroX-75mg,Cardiology,Subgroup Analysis,Self-Study,Partially Answered,12.1,7.5,0,3,
MSL-002740,2025-11-03,REP-009,DrugGamma-200mg,Cardiology,Dosing Guidelines,Self-Study,Fully Answered,9.4,20.6,0,5,
MSL-002741,2025-11-03,REP-009,DrugBeta-50mg,Cardiology,Mechanism of Action,Self-Study,Fully Answered,12.0,22.2,0,4,
MSL-002742,2025-11-03,REP-009,DrugGamma-200mg,Cardiology,Patient Selection Criteria,Live During HCP Call,Fully Answered,11.0,10.7,1,5,HCP-0207
MSL-002743,2025-11-03,REP-010,DrugBeta-50mg,Immunology,Guidelines / Protocols,Live During HCP Call,Fully Answered,9.5,6.7,1,5,HCP-0135
MSL-002744,2025-11-03,REP-010,NeuroX-75mg,Immunology,Guidelines / Protocols,Pre-Meeting Prep,Fully Answered,8.4,13.4,1,4,HCP-0050
MSL-002745,2025-11-03,REP-010,CardioPlus-25mg,Immunology,Long-term Outcomes,Live During HCP Call,Redirected to Medical,18.6,0,0,1,
MSL-002746,2025-11-03,REP-010,NeuroX-75mg,Immunology,Off-label Evidence Request,Pre-Meeting Prep,Fully Answered,6.9,7.7,1,5,HCP-0322
MSL-002747,2025-11-03,REP-010,DrugBeta-50mg,Immunology,Pharmacokinetics,Post-Call Follow-up,Fully Answered,13.2,14.8,0,4,
MSL-002748,2025-11-03,REP-015,NeuroX-75mg,Oncology,Biomarker Data,Live During HCP Call,Fully Answered,3.4,4.9,1,4,HCP-0499
MSL-002749,2025-11-03,REP-015,NeuroX-75mg,Oncology,Real-World Evidence,Pre-Meeting Prep,Fully Answered,4.9,9.8,1,5,HCP-0187
MSL-002750,2025-11-03,REP-015,CardioPlus-25mg,Oncology,Mechanism of Action,Self-Study,No Answer Found,30.5,0,0,2,
MSL-002751,2025-11-03,REP-015,CardioPlus-25mg,Oncology,Guidelines / Protocols,Self-Study,Fully Answered,9.5,5.2,0,5,
MSL-002752,2025-11-03,REP-016,DrugGamma-200mg,Neurology,Clinical Trial Data,Live During HCP Call,Fully Answered,5.5,11.1,0,5,
MSL-002753,2025-11-03,REP-016,CardioPlus-25mg,Neurology,Real-World Evidence,Self-Study,Fully Answered,5.0,21.8,0,4,
MSL-002754,2025-11-03,REP-016,DrugAlpha-100mg,Neurology,Guidelines / Protocols,Post-Call Follow-up,Fully Answered,6.3,14.6,0,5,
MSL-002755,2025-11-03,REP-016,CardioPlus-25mg,Neurology,Competitor Comparison,Pre-Meeting Prep,Fully Answered,5.5,16.5,1,5,HCP-0353
MSL-002756,2025-11-03,REP-021,DrugGamma-200mg,Rare Disease,Patient Selection Criteria,Live During HCP Call,Fully Answered,8.3,6.7,1,4,HCP-0320
MSL-002757,2025-11-03,REP-021,NeuroX-75mg,Rare Disease,Off-label Evidence Request,Pre-Meeting Prep,Fully Answered,6.8,5.8,1,4,HCP-0320
MSL-002758,2025-11-03,REP-021,DrugAlpha-100mg,Rare Disease,Pharmacokinetics,Live During HCP Call,Fully Answered,14.5,11.9,0,5,
MSL-002759,2025-11-04,REP-002,CardioPlus-25mg,Oncology,Guidelines / Protocols,Live During HCP Call,Redirected to Medical,32.2,0,0,3,
MSL-002760,2025-11-04,REP-002,NeuroX-75mg,Oncology,Dosing Guidelines,Post-Call Follow-up,Fully Answered,8.7,21.2,0,5,
MSL-002761,2025-11-04,REP-002,DrugGamma-200mg,Oncology,Long-term Outcomes,Self-Study,Redirected to Medical,23.2,0,0,2,
MSL-002762,2025-11-04,REP-004,CardioPlus-25mg,Cardiology,Long-term Outcomes,Post-Call Follow-up,Fully Answered,8.0,8.7,0,4,
MSL-002763,2025-11-04,REP-004,DrugBeta-50mg,Cardiology,Real-World Evidence,Self-Study,Fully Answered,8.5,5.9,0,5,
MSL-002764,2025-11-04,REP-004,CardioPlus-25mg,Cardiology,Drug Interactions,Pre-Meeting Prep,Redirected to Medical,27.3,0,0,2,
MSL-002765,2025-11-04,REP-008,DrugAlpha-100mg,Immunology,Real-World Evidence,Post-Call Follow-up,Fully Answered,1,12.9,0,5,
MSL-002766,2025-11-04,REP-008,NeuroX-75mg,Immunology,Dosing Guidelines,Post-Call Follow-up,Redirected to Medical,28.8,0,0,2,
MSL-002767,2025-11-04,REP-008,DrugAlpha-100mg,Immunology,Drug Interactions,Pre-Meeting Prep,Fully Answered,11.4,13.1,0,5,
MSL-002768,2025-11-04,REP-009,NeuroX-75mg,Cardiology,Pharmacokinetics,Post-Call Follow-up,Fully Answered,12.0,13.1,0,4,
MSL-002769,2025-11-04,REP-009,DrugGamma-200mg,Cardiology,Biomarker Data,Self-Study,Partially Answered,14.5,11.1,0,4,
MSL-002770,2025-11-04,REP-009,DrugGamma-200mg,Cardiology,Long-term Outcomes,Post-Call Follow-up,Fully Answered,4.0,6.8,0,4,
MSL-002771,2025-11-04,REP-009,NeuroX-75mg,Cardiology,Pharmacokinetics,Pre-Meeting Prep,Partially Answered,15.3,21.2,1,3,HCP-0473
MSL-002772,2025-11-04,REP-010,DrugBeta-50mg,Immunology,Competitor Comparison,Live During HCP Call,Fully Answered,8.3,16.3,0,5,
MSL-002773,2025-11-04,REP-010,CardioPlus-25mg,Immunology,Adverse Events / Safety,Pre-Meeting Prep,Redirected to Medical,28.7,0,0,1,
MSL-002774,2025-11-04,REP-010,DrugAlpha-100mg,Immunology,Clinical Trial Data,Pre-Meeting Prep,Partially Answered,17.4,12.5,1,3,HCP-0445
MSL-002775,2025-11-04,REP-015,DrugAlpha-100mg,Oncology,Real-World Evidence,Pre-Meeting Prep,No Answer Found,21.9,0,0,3,
MSL-002776,2025-11-04,REP-016,DrugGamma-200mg,Neurology,Clinical Trial Data,Post-Call Follow-up,Fully Answered,7.8,11.4,0,5,
MSL-002777,2025-11-04,REP-016,CardioPlus-25mg,Neurology,Biomarker Data,Pre-Meeting Prep,Fully Answered,8.7,4.2,1,4,HCP-0309
MSL-002778,2025-11-04,REP-016,NeuroX-75mg,Neurology,Mechanism of Action,Self-Study,Redirected to Medical,23.3,0,0,3,
MSL-002779,2025-11-04,REP-017,NeuroX-75mg,Immunology,Off-label Evidence Request,Pre-Meeting Prep,Fully Answered,7.6,12.4,1,5,HCP-0091
MSL-002780,2025-11-04,REP-017,DrugAlpha-100mg,Immunology,Drug Interactions,Self-Study,Fully Answered,9.0,26.1,0,5,
MSL-002781,2025-11-04,REP-017,DrugGamma-200mg,Immunology,Drug Interactions,Self-Study,Partially Answered,16.1,14.9,0,3,
MSL-002782,2025-11-04,REP-017,DrugAlpha-100mg,Immunology,Adverse Events / Safety,Self-Study,No Answer Found,1.0,0,0,2,
MSL-002783,2025-11-04,REP-021,NeuroX-75mg,Rare Disease,Drug Interactions,Post-Call Follow-up,Partially Answered,9.7,19.3,0,4,
MSL-002784,2025-11-04,REP-021,DrugBeta-50mg,Rare Disease,Pharmacokinetics,Post-Call Follow-up,Fully Answered,10.3,17.1,0,4,
MSL-002785,2025-11-04,REP-021,NeuroX-75mg,Rare Disease,Patient Selection Criteria,Self-Study,Fully Answered,6.8,2,0,4,
MSL-002786,2025-11-04,REP-021,CardioPlus-25mg,Rare Disease,Combination Therapy,Post-Call Follow-up,Fully Answered,10.0,9.9,0,4,
MSL-002787,2025-11-04,REP-021,DrugAlpha-100mg,Rare Disease,Drug Interactions,Self-Study,Partially Answered,11.1,10.4,0,3,
MSL-002788,2025-11-05,REP-002,CardioPlus-25mg,Oncology,Guidelines / Protocols,Pre-Meeting Prep,Partially Answered,18.4,10.4,1,3,HCP-0139
MSL-002789,2025-11-05,REP-002,CardioPlus-25mg,Oncology,Biomarker Data,Pre-Meeting Prep,Fully Answered,4.1,11.7,1,5,HCP-0346
MSL-002790,2025-11-05,REP-002,DrugAlpha-100mg,Oncology,Clinical Trial Data,Pre-Meeting Prep,Partially Answered,14.6,7.3,1,3,HCP-0084
MSL-002791,2025-11-05,REP-002,DrugAlpha-100mg,Oncology,Subgroup Analysis,Self-Study,Fully Answered,9.2,16.1,0,4,
MSL-002792,2025-11-05,REP-002,NeuroX-75mg,Oncology,Combination Therapy,Post-Call Follow-up,Fully Answered,6.7,18.1,0,5,
MSL-002793,2025-11-05,REP-002,CardioPlus-25mg,Oncology,Patient Selection Criteria,Post-Call Follow-up,Partially Answered,20.8,12.7,0,2,
MSL-002794,2025-11-05,REP-002,CardioPlus-25mg,Oncology,Drug Interactions,Pre-Meeting Prep,Partially Answered,18.3,11.7,1,2,HCP-0361
MSL-002795,2025-11-05,REP-004,CardioPlus-25mg,Cardiology,Clinical Trial Data,Self-Study,Fully Answered,6.3,14.0,0,5,
MSL-002796,2025-11-05,REP-004,DrugGamma-200mg,Cardiology,Long-term Outcomes,Self-Study,Fully Answered,9.9,9.1,0,5,
MSL-002797,2025-11-05,REP-008,CardioPlus-25mg,Immunology,Clinical Trial Data,Pre-Meeting Prep,Fully Answered,14.3,8.1,1,4,HCP-0451
MSL-002798,2025-11-05,REP-008,NeuroX-75mg,Immunology,Clinical Trial Data,Post-Call Follow-up,Fully Answered,10.6,15.1,0,5,
MSL-002799,2025-11-05,REP-009,NeuroX-75mg,Cardiology,Patient Selection Criteria,Pre-Meeting Prep,Fully Answered,9.7,5.8,0,5,
MSL-002800,2025-11-05,REP-009,NeuroX-75mg,Cardiology,Guidelines / Protocols,Self-Study,Fully Answered,8.1,9.3,0,5,
MSL-002801,2025-11-05,REP-009,DrugBeta-50mg,Cardiology,Patient Selection Criteria,Live During HCP Call,Fully Answered,5.4,11.1,0,5,
MSL-002802,2025-11-05,REP-009,CardioPlus-25mg,Cardiology,Patient Selection Criteria,Post-Call Follow-up,Fully Answered,5.5,16.2,0,5,
MSL-002803,2025-11-05,REP-015,NeuroX-75mg,Oncology,Mechanism of Action,Self-Study,Fully Answered,3.9,7.3,0,4,
MSL-002804,2025-11-05,REP-015,NeuroX-75mg,Oncology,Long-term Outcomes,Self-Study,Partially Answered,18.4,7.2,0,4,
MSL-002805,2025-11-05,REP-015,DrugBeta-50mg,Oncology,Drug Interactions,Pre-Meeting Prep,Redirected to Medical,35.3,0,0,3,
MSL-002806,2025-11-05,REP-015,DrugGamma-200mg,Oncology,Subgroup Analysis,Pre-Meeting Prep,Fully Answered,9.0,3.7,1,5,HCP-0115
MSL-002807,2025-11-05,REP-016,DrugAlpha-100mg,Neurology,Off-label Evidence Request,Live During HCP Call,Redirected to Medical,28.3,0,0,2,
MSL-002808,2025-11-05,REP-016,NeuroX-75mg,Neurology,Combination Therapy,Post-Call Follow-up,Fully Answered,7.2,10.5,0,4,
MSL-002809,2025-11-05,REP-016,CardioPlus-25mg,Neurology,Adverse Events / Safety,Post-Call Follow-up,Fully Answered,4.7,14.5,0,4,
MSL-002810,2025-11-05,REP-017,CardioPlus-25mg,Immunology,Competitor Comparison,Pre-Meeting Prep,Fully Answered,1.8,12.2,1,4,HCP-0080
MSL-002811,2025-11-05,REP-017,DrugAlpha-100mg,Immunology,Real-World Evidence,Self-Study,No Answer Found,35.4,0,0,1,
MSL-002812,2025-11-05,REP-017,DrugBeta-50mg,Immunology,Pharmacokinetics,Pre-Meeting Prep,Fully Answered,8.9,10.3,1,5,HCP-0079
MSL-002813,2025-11-05,REP-017,CardioPlus-25mg,Immunology,Mechanism of Action,Live During HCP Call,Fully Answered,8.5,2.0,1,5,HCP-0007
MSL-002814,2025-11-05,REP-021,CardioPlus-25mg,Rare Disease,Pharmacokinetics,Pre-Meeting Prep,Fully Answered,4.4,7.6,1,5,HCP-0415
MSL-002815,2025-11-05,REP-021,CardioPlus-25mg,Rare Disease,Biomarker Data,Self-Study,Fully Answered,8.2,7.3,0,5,
MSL-002816,2025-11-05,REP-021,NeuroX-75mg,Rare Disease,Real-World Evidence,Pre-Meeting Prep,Partially Answered,1,7.0,1,3,HCP-0270
MSL-002817,2025-11-06,REP-002,DrugGamma-200mg,Oncology,Dosing Guidelines,Pre-Meeting Prep,No Answer Found,12.0,0,0,2,
MSL-002818,2025-11-06,REP-004,CardioPlus-25mg,Cardiology,Dosing Guidelines,Self-Study,No Answer Found,20.8,0,0,3,
MSL-002819,2025-11-06,REP-004,NeuroX-75mg,Cardiology,Pharmacokinetics,Self-Study,Fully Answered,8.1,11.2,0,5,
MSL-002820,2025-11-06,REP-004,DrugBeta-50mg,Cardiology,Biomarker Data,Pre-Meeting Prep,Fully Answered,10.4,14.2,1,5,HCP-0278
MSL-002821,2025-11-06,REP-008,DrugBeta-50mg,Immunology,Biomarker Data,Live During HCP Call,Fully Answered,10.1,5.7,1,5,HCP-0393
MSL-002822,2025-11-06,REP-008,DrugGamma-200mg,Immunology,Patient Selection Criteria,Pre-Meeting Prep,Fully Answered,6.7,11.4,0,5,
MSL-002823,2025-11-06,REP-009,DrugBeta-50mg,Cardiology,Off-label Evidence Request,Pre-Meeting Prep,No Answer Found,24.9,0,0,2,
MSL-002824,2025-11-06,REP-010,DrugBeta-50mg,Immunology,Real-World Evidence,Pre-Meeting Prep,Fully Answered,6.2,17.8,1,5,HCP-0426
MSL-002825,2025-11-06,REP-010,CardioPlus-25mg,Immunology,Dosing Guidelines,Pre-Meeting Prep,Fully Answered,12.7,17.3,1,5,HCP-0291
MSL-002826,2025-11-06,REP-015,DrugBeta-50mg,Oncology,Biomarker Data,Pre-Meeting Prep,Fully Answered,5.2,14.4,1,5,HCP-0435
MSL-002827,2025-11-06,REP-015,DrugAlpha-100mg,Oncology,Competitor Comparison,Post-Call Follow-up,Fully Answered,11.4,16.5,0,4,
MSL-002828,2025-11-06,REP-015,DrugBeta-50mg,Oncology,Off-label Evidence Request,Self-Study,Fully Answered,3.9,15.8,0,5,
MSL-002829,2025-11-06,REP-015,CardioPlus-25mg,Oncology,Biomarker Data,Post-Call Follow-up,Fully Answered,7.1,19.6,0,5,
MSL-002830,2025-11-06,REP-016,NeuroX-75mg,Neurology,Mechanism of Action,Post-Call Follow-up,Partially Answered,22.3,10.7,0,3,
MSL-002831,2025-11-06,REP-016,DrugAlpha-100mg,Neurology,Patient Selection Criteria,Live During HCP Call,Fully Answered,5.3,15.3,1,5,HCP-0045
MSL-002832,2025-11-06,REP-016,DrugGamma-200mg,Neurology,Pharmacokinetics,Pre-Meeting Prep,Partially Answered,7.9,9.1,1,4,HCP-0075
MSL-002833,2025-11-06,REP-017,CardioPlus-25mg,Immunology,Subgroup Analysis,Pre-Meeting Prep,Partially Answered,16.6,18.0,1,4,HCP-0355
MSL-002834,2025-11-06,REP-017,DrugBeta-50mg,Immunology,Off-label Evidence Request,Self-Study,Partially Answered,16.4,4.3,0,3,
MSL-002835,2025-11-06,REP-017,CardioPlus-25mg,Immunology,Combination Therapy,Live During HCP Call,Fully Answered,5.3,12.8,0,4,
MSL-002836,2025-11-06,REP-017,DrugAlpha-100mg,Immunology,Long-term Outcomes,Live During HCP Call,No Answer Found,23.2,0,0,1,
MSL-002837,2025-11-06,REP-017,DrugGamma-200mg,Immunology,Clinical Trial Data,Post-Call Follow-up,Redirected to Medical,30.8,0,0,2,
MSL-002838,2025-11-06,REP-017,DrugBeta-50mg,Immunology,Mechanism of Action,Pre-Meeting Prep,No Answer Found,19.1,0,0,2,
MSL-002839,2025-11-06,REP-017,DrugBeta-50mg,Immunology,Pharmacokinetics,Pre-Meeting Prep,Fully Answered,2.9,9.5,1,5,HCP-0323
MSL-002840,2025-11-06,REP-021,CardioPlus-25mg,Rare Disease,Clinical Trial Data,Live During HCP Call,Fully Answered,4.6,2,1,4,HCP-0067
MSL-002841,2025-11-06,REP-021,DrugAlpha-100mg,Rare Disease,Adverse Events / Safety,Pre-Meeting Prep,Partially Answered,19.3,15.8,1,4,HCP-0364
MSL-002842,2025-11-06,REP-021,DrugAlpha-100mg,Rare Disease,Clinical Trial Data,Live During HCP Call,Fully Answered,9.6,17.7,0,5,
MSL-002843,2025-11-07,REP-002,NeuroX-75mg,Oncology,Dosing Guidelines,Pre-Meeting Prep,Fully Answered,2.9,7.8,1,4,HCP-0003
MSL-002844,2025-11-07,REP-002,DrugAlpha-100mg,Oncology,Guidelines / Protocols,Post-Call Follow-up,Fully Answered,13.3,9.1,0,4,
MSL-002845,2025-11-07,REP-002,DrugAlpha-100mg,Oncology,Clinical Trial Data,Post-Call Follow-up,Fully Answered,8.1,14.7,0,5,
MSL-002846,2025-11-07,REP-002,DrugBeta-50mg,Oncology,Biomarker Data,Live During HCP Call,Fully Answered,7.5,3.3,1,4,HCP-0440
MSL-002847,2025-11-07,REP-002,DrugAlpha-100mg,Oncology,Clinical Trial Data,Post-Call Follow-up,Partially Answered,14.2,6.1,0,2,
MSL-002848,2025-11-07,REP-002,DrugGamma-200mg,Oncology,Long-term Outcomes,Pre-Meeting Prep,Fully Answered,9.2,16.4,1,5,HCP-0002
MSL-002849,2025-11-07,REP-002,DrugBeta-50mg,Oncology,Patient Selection Criteria,Pre-Meeting Prep,Partially Answered,17.4,4.6,1,3,HCP-0285
MSL-002850,2025-11-07,REP-008,DrugGamma-200mg,Immunology,Adverse Events / Safety,Post-Call Follow-up,Fully Answered,11.5,9.6,0,5,
MSL-002851,2025-11-07,REP-008,CardioPlus-25mg,Immunology,Dosing Guidelines,Self-Study,Fully Answered,9.5,14.4,0,5,
MSL-002852,2025-11-07,REP-008,DrugAlpha-100mg,Immunology,Adverse Events / Safety,Pre-Meeting Prep,Fully Answered,4.7,12.5,0,5,
MSL-002853,2025-11-07,REP-009,DrugBeta-50mg,Cardiology,Clinical Trial Data,Post-Call Follow-up,Fully Answered,10.1,10.2,0,5,
MSL-002854,2025-11-07,REP-009,NeuroX-75mg,Cardiology,Guidelines / Protocols,Post-Call Follow-up,Fully Answered,5.8,15.7,0,4,
MSL-002855,2025-11-07,REP-009,CardioPlus-25mg,Cardiology,Competitor Comparison,Self-Study,Fully Answered,4.9,11.8,0,4,
MSL-002856,2025-11-07,REP-010,DrugBeta-50mg,Immunology,Clinical Trial Data,Pre-Meeting Prep,Fully Answered,11.9,13.7,0,5,
MSL-002857,2025-11-07,REP-010,CardioPlus-25mg,Immunology,Patient Selection Criteria,Pre-Meeting Prep,Fully Answered,10.9,7.9,1,5,HCP-0432
MSL-002858,2025-11-07,REP-015,DrugAlpha-100mg,Oncology,Guidelines / Protocols,Self-Study,Partially Answered,20.3,2.4,0,4,
MSL-002859,2025-11-07,REP-015,DrugBeta-50mg,Oncology,Combination Therapy,Live During HCP Call,Fully Answered,1.7,14.0,1,5,HCP-0331
MSL-002860,2025-11-07,REP-015,CardioPlus-25mg,Oncology,Real-World Evidence,Pre-Meeting Prep,Fully Answered,6.8,10.6,1,5,HCP-0080
MSL-002861,2025-11-07,REP-015,DrugGamma-200mg,Oncology,Clinical Trial Data,Pre-Meeting Prep,Fully Answered,4.3,13.7,1,5,HCP-0395
MSL-002862,2025-11-07,REP-016,DrugAlpha-100mg,Neurology,Pharmacokinetics,Self-Study,No Answer Found,29.6,0,0,3,
MSL-002863,2025-11-07,REP-016,DrugBeta-50mg,Neurology,Subgroup Analysis,Self-Study,Fully Answered,9.4,10.8,0,4,
MSL-002864,2025-11-07,REP-016,DrugGamma-200mg,Neurology,Clinical Trial Data,Post-Call Follow-up,Partially Answered,18.9,8.3,0,4,
MSL-002865,2025-11-07,REP-016,DrugAlpha-100mg,Neurology,Biomarker Data,Pre-Meeting Prep,Fully Answered,12.3,15.7,1,5,HCP-0122
MSL-002866,2025-11-07,REP-016,DrugGamma-200mg,Neurology,Off-label Evidence Request,Live During HCP Call,Redirected to Medical,20.0,0,0,1,
MSL-002867,2025-11-07,REP-016,CardioPlus-25mg,Neurology,Combination Therapy,Post-Call Follow-up,No Answer Found,28.9,0,0,1,
MSL-002868,2025-11-07,REP-016,DrugAlpha-100mg,Neurology,Real-World Evidence,Pre-Meeting Prep,Partially Answered,12.0,6.3,1,3,HCP-0160
MSL-002869,2025-11-07,REP-017,DrugBeta-50mg,Immunology,Real-World Evidence,Post-Call Follow-up,No Answer Found,39.3,0,0,1,
MSL-002870,2025-11-07,REP-017,CardioPlus-25mg,Immunology,Real-World Evidence,Pre-Meeting Prep,Fully Answered,7.1,13.7,1,5,HCP-0332
MSL-002871,2025-11-07,REP-021,NeuroX-75mg,Rare Disease,Dosing Guidelines,Pre-Meeting Prep,Partially Answered,8.0,20.4,1,2,HCP-0257
MSL-002872,2025-11-07,REP-021,CardioPlus-25mg,Rare Disease,Combination Therapy,Pre-Meeting Prep,Fully Answered,5.2,17.7,0,5,
MSL-002873,2025-11-10,REP-002,DrugAlpha-100mg,Oncology,Mechanism of Action,Pre-Meeting Prep,Fully Answered,8.4,7.2,1,4,HCP-0257
MSL-002874,2025-11-10,REP-002,CardioPlus-25mg,Oncology,Adverse Events / Safety,Live During HCP Call,Partially Answered,12.2,9.3,1,4,HCP-0177
MSL-002875,2025-11-10,REP-002,DrugBeta-50mg,Oncology,Biomarker Data,Post-Call Follow-up,Fully Answered,5.7,14.3,0,5,
MSL-002876,2025-11-10,REP-002,DrugAlpha-100mg,Oncology,Real-World Evidence,Self-Study,Fully Answered,8.2,21.3,0,5,
MSL-002877,2025-11-10,REP-002,DrugBeta-50mg,Oncology,Pharmacokinetics,Post-Call Follow-up,Partially Answered,16.3,14.8,0,3,
MSL-002878,2025-11-10,REP-002,DrugGamma-200mg,Oncology,Real-World Evidence,Live During HCP Call,Partially Answered,14.8,13.7,0,4,
MSL-002879,2025-11-10,REP-002,DrugGamma-200mg,Oncology,Competitor Comparison,Pre-Meeting Prep,Fully Answered,7.3,17.4,0,4,
MSL-002880,2025-11-10,REP-004,DrugBeta-50mg,Cardiology,Mechanism of Action,Pre-Meeting Prep,Fully Answered,8.2,9.2,1,4,HCP-0024
MSL-002881,2025-11-10,REP-008,DrugGamma-200mg,Immunology,Off-label Evidence Request,Post-Call Follow-up,Fully Answered,9.6,8.0,0,5,
MSL-002882,2025-11-10,REP-009,CardioPlus-25mg,Cardiology,Off-label Evidence Request,Self-Study,Fully Answered,15.3,9.1,0,5,
MSL-002883,2025-11-10,REP-009,DrugAlpha-100mg,Cardiology,Dosing Guidelines,Post-Call Follow-up,Partially Answered,17.9,6.4,0,3,
MSL-002884,2025-11-10,REP-009,DrugGamma-200mg,Cardiology,Mechanism of Action,Pre-Meeting Prep,Redirected to Medical,43.3,0,0,1,
MSL-002885,2025-11-10,REP-009,DrugBeta-50mg,Cardiology,Drug Interactions,Self-Study,Fully Answered,6.8,10.2,0,5,
MSL-002886,2025-11-10,REP-009,CardioPlus-25mg,Cardiology,Adverse Events / Safety,Pre-Meeting Prep,Partially Answered,13.5,12.1,0,2,
MSL-002887,2025-11-10,REP-009,CardioPlus-25mg,Cardiology,Mechanism of Action,Pre-Meeting Prep,Fully Answered,6.6,10.4,1,5,HCP-0354
MSL-002888,2025-11-10,REP-009,DrugGamma-200mg,Cardiology,Long-term Outcomes,Pre-Meeting Prep,Fully Answered,5.6,14.1,1,5,HCP-0284
MSL-002889,2025-11-10,REP-009,NeuroX-75mg,Cardiology,Real-World Evidence,Self-Study,Fully Answered,10.4,4.9,0,5,
MSL-002890,2025-11-10,REP-010,NeuroX-75mg,Immunology,Off-label Evidence Request,Self-Study,Redirected to Medical,37.0,0,0,1,
MSL-002891,2025-11-10,REP-010,DrugGamma-200mg,Immunology,Adverse Events / Safety,Self-Study,Partially Answered,11.7,11.2,0,4,
MSL-002892,2025-11-10,REP-010,DrugAlpha-100mg,Immunology,Guidelines / Protocols,Pre-Meeting Prep,Fully Answered,6.2,10.9,1,5,HCP-0235
MSL-002893,2025-11-10,REP-010,DrugGamma-200mg,Immunology,Real-World Evidence,Pre-Meeting Prep,Partially Answered,11.3,15.0,1,4,HCP-0108
MSL-002894,2025-11-10,REP-010,DrugBeta-50mg,Immunology,Pharmacokinetics,Post-Call Follow-up,Fully Answered,4.7,18.2,0,5,
MSL-002895,2025-11-10,REP-010,DrugAlpha-100mg,Immunology,Clinical Trial Data,Post-Call Follow-up,Fully Answered,7.2,10.1,0,4,
MSL-002896,2025-11-10,REP-015,DrugAlpha-100mg,Oncology,Subgroup Analysis,Self-Study,Fully Answered,11.7,11.4,0,5,
MSL-002897,2025-11-10,REP-015,DrugAlpha-100mg,Oncology,Patient Selection Criteria,Post-Call Follow-up,Fully Answered,15.3,13.8,0,5,
MSL-002898,2025-11-10,REP-015,DrugGamma-200mg,Oncology,Subgroup Analysis,Pre-Meeting Prep,Fully Answered,8.8,3.0,1,5,HCP-0230
MSL-002899,2025-11-10,REP-015,DrugBeta-50mg,Oncology,Adverse Events / Safety,Self-Study,Fully Answered,10.2,18.8,0,5,
MSL-002900,2025-11-10,REP-015,NeuroX-75mg,Oncology,Subgroup Analysis,Post-Call Follow-up,No Answer Found,23.9,0,0,3,
MSL-002901,2025-11-10,REP-017,DrugBeta-50mg,Immunology,Adverse Events / Safety,Pre-Meeting Prep,Fully Answered,6.5,11.2,1,5,HCP-0275
MSL-002902,2025-11-10,REP-017,NeuroX-75mg,Immunology,Clinical Trial Data,Pre-Meeting Prep,Fully Answered,7.1,15.7,1,4,HCP-0135
MSL-002903,2025-11-10,REP-017,NeuroX-75mg,Immunology,Dosing Guidelines,Self-Study,Redirected to Medical,19.2,0,0,1,
MSL-002904,2025-11-10,REP-017,DrugBeta-50mg,Immunology,Long-term Outcomes,Pre-Meeting Prep,Partially Answered,24.8,10.6,1,2,HCP-0447
MSL-002905,2025-11-10,REP-021,DrugBeta-50mg,Rare Disease,Competitor Comparison,Pre-Meeting Prep,Partially Answered,21.0,13.3,1,4,HCP-0034
MSL-002906,2025-11-10,REP-021,DrugBeta-50mg,Rare Disease,Drug Interactions,Live During HCP Call,Fully Answered,11.1,12.4,0,5,
MSL-002907,2025-11-10,REP-021,DrugAlpha-100mg,Rare Disease,Pharmacokinetics,Pre-Meeting Prep,No Answer Found,25.8,0,0,1,
MSL-002908,2025-11-10,REP-021,DrugGamma-200mg,Rare Disease,Mechanism of Action,Pre-Meeting Prep,Fully Answered,4.7,9.6,1,5,HCP-0263
MSL-002909,2025-11-11,REP-004,DrugBeta-50mg,Cardiology,Off-label Evidence Request,Live During HCP Call,Fully Answered,5.7,14.2,1,5,HCP-0019
MSL-002910,2025-11-11,REP-008,DrugBeta-50mg,Immunology,Adverse Events / Safety,Post-Call Follow-up,Fully Answered,11.1,11.8,0,4,
MSL-002911,2025-11-11,REP-008,NeuroX-75mg,Immunology,Subgroup Analysis,Live During HCP Call,Fully Answered,7.1,15.2,1,5,HCP-0397
MSL-002912,2025-11-11,REP-008,CardioPlus-25mg,Immunology,Off-label Evidence Request,Pre-Meeting Prep,Fully Answered,5.6,5.8,1,5,HCP-0201
MSL-002913,2025-11-11,REP-008,NeuroX-75mg,Immunology,Drug Interactions,Live During HCP Call,Partially Answered,17.9,6.9,1,3,HCP-0134
MSL-002914,2025-11-11,REP-009,CardioPlus-25mg,Cardiology,Biomarker Data,Live During HCP Call,Fully Answered,9.0,20.4,1,4,HCP-0163
MSL-002915,2025-11-11,REP-009,DrugAlpha-100mg,Cardiology,Competitor Comparison,Post-Call Follow-up,Fully Answered,11.4,6.9,0,4,
MSL-002916,2025-11-11,REP-009,DrugAlpha-100mg,Cardiology,Adverse Events / Safety,Self-Study,Fully Answered,6.2,8.5,0,4,
MSL-002917,2025-11-11,REP-009,NeuroX-75mg,Cardiology,Long-term Outcomes,Live During HCP Call,Fully Answered,3.8,10.1,1,4,HCP-0280
MSL-002918,2025-11-11,REP-009,NeuroX-75mg,Cardiology,Competitor Comparison,Post-Call Follow-up,Fully Answered,13.0,12.4,0,5,
MSL-002919,2025-11-11,REP-009,DrugGamma-200mg,Cardiology,Drug Interactions,Live During HCP Call,Fully Answered,12.2,14.3,1,4,HCP-0228
MSL-002920,2025-11-11,REP-010,DrugBeta-50mg,Immunology,Guidelines / Protocols,Post-Call Follow-up,Fully Answered,10.9,14.9,0,5,
MSL-002921,2025-11-11,REP-010,DrugAlpha-100mg,Immunology,Clinical Trial Data,Pre-Meeting Prep,Partially Answered,11.0,17.0,1,4,HCP-0473
MSL-002922,2025-11-11,REP-015,NeuroX-75mg,Oncology,Competitor Comparison,Live During HCP Call,Fully Answered,11.1,20.3,1,5,HCP-0326
MSL-002923,2025-11-11,REP-015,DrugBeta-50mg,Oncology,Biomarker Data,Pre-Meeting Prep,Fully Answered,1.6,9.0,1,4,HCP-0446
MSL-002924,2025-11-11,REP-015,DrugGamma-200mg,Oncology,Combination Therapy,Post-Call Follow-up,Partially Answered,19.3,13.9,0,2,
MSL-002925,2025-11-11,REP-015,NeuroX-75mg,Oncology,Drug Interactions,Pre-Meeting Prep,Fully Answered,13.0,25.2,0,5,
MSL-002926,2025-11-11,REP-015,DrugAlpha-100mg,Oncology,Clinical Trial Data,Post-Call Follow-up,Fully Answered,7.4,15.4,0,5,
MSL-002927,2025-11-11,REP-015,CardioPlus-25mg,Oncology,Pharmacokinetics,Pre-Meeting Prep,Redirected to Medical,19.1,0,0,2,
MSL-002928,2025-11-11,REP-016,DrugGamma-200mg,Neurology,Subgroup Analysis,Self-Study,Fully Answered,3.4,16.9,0,5,
MSL-002929,2025-11-11,REP-016,DrugAlpha-100mg,Neurology,Dosing Guidelines,Pre-Meeting Prep,Partially Answered,16.0,18.8,1,2,HCP-0002
MSL-002930,2025-11-11,REP-016,DrugGamma-200mg,Neurology,Mechanism of Action,Self-Study,Fully Answered,7.0,7.7,0,5,
MSL-002931,2025-11-11,REP-017,CardioPlus-25mg,Immunology,Patient Selection Criteria,Pre-Meeting Prep,Partially Answered,25.5,13.4,0,3,
MSL-002932,2025-11-11,REP-017,CardioPlus-25mg,Immunology,Adverse Events / Safety,Post-Call Follow-up,Fully Answered,4.7,9.0,0,5,
MSL-002933,2025-11-11,REP-017,CardioPlus-25mg,Immunology,Real-World Evidence,Post-Call Follow-up,Partially Answered,9.4,3.6,0,3,
MSL-002934,2025-11-11,REP-017,DrugGamma-200mg,Immunology,Long-term Outcomes,Live During HCP Call,Fully Answered,5.3,16.2,1,4,HCP-0439
MSL-002935,2025-11-11,REP-021,DrugAlpha-100mg,Rare Disease,Adverse Events / Safety,Pre-Meeting Prep,Fully Answered,7.3,11.7,1,4,HCP-0362
MSL-002936,2025-11-11,REP-021,DrugBeta-50mg,Rare Disease,Patient Selection Criteria,Self-Study,Fully Answered,8.9,10.8,0,4,
MSL-002937,2025-11-11,REP-021,DrugAlpha-100mg,Rare Disease,Subgroup Analysis,Live During HCP Call,Partially Answered,11.6,14.4,1,3,HCP-0311
MSL-002938,2025-11-12,REP-002,DrugGamma-200mg,Oncology,Off-label Evidence Request,Live During HCP Call,Fully Answered,9.3,20.1,0,5,
MSL-002939,2025-11-12,REP-002,DrugAlpha-100mg,Oncology,Clinical Trial Data,Self-Study,Fully Answered,6.8,9.6,0,4,
MSL-002940,2025-11-12,REP-002,NeuroX-75mg,Oncology,Mechanism of Action,Pre-Meeting Prep,Partially Answered,20.9,9.7,1,3,HCP-0305
MSL-002941,2025-11-12,REP-002,CardioPlus-25mg,Oncology,Competitor Comparison,Live During HCP Call,Fully Answered,13.7,11.3,1,4,HCP-0184
MSL-002942,2025-11-12,REP-002,DrugAlpha-100mg,Oncology,Drug Interactions,Live During HCP Call,Partially Answered,10.5,23.6,1,3,HCP-0334
MSL-002943,2025-11-12,REP-002,DrugAlpha-100mg,Oncology,Long-term Outcomes,Pre-Meeting Prep,Redirected to Medical,25.7,0,0,2,
MSL-002944,2025-11-12,REP-004,DrugGamma-200mg,Cardiology,Drug Interactions,Post-Call Follow-up,Fully Answered,3.7,13.1,0,5,
MSL-002945,2025-11-12,REP-008,NeuroX-75mg,Immunology,Subgroup Analysis,Pre-Meeting Prep,Fully Answered,9.5,12.4,0,5,
MSL-002946,2025-11-12,REP-008,DrugAlpha-100mg,Immunology,Dosing Guidelines,Self-Study,Fully Answered,5.6,14.8,0,4,
MSL-002947,2025-11-12,REP-009,DrugBeta-50mg,Cardiology,Pharmacokinetics,Live During HCP Call,Fully Answered,10.5,13.1,0,4,
MSL-002948,2025-11-12,REP-009,DrugAlpha-100mg,Cardiology,Guidelines / Protocols,Pre-Meeting Prep,Fully Answered,12.3,12.0,1,5,HCP-0288
MSL-002949,2025-11-12,REP-009,DrugBeta-50mg,Cardiology,Combination Therapy,Pre-Meeting Prep,Partially Answered,13.1,19.4,0,4,
MSL-002950,2025-11-12,REP-009,CardioPlus-25mg,Cardiology,Combination Therapy,Pre-Meeting Prep,Redirected to Medical,38.3,0,0,1,
MSL-002951,2025-11-12,REP-009,NeuroX-75mg,Cardiology,Biomarker Data,Live During HCP Call,Fully Answered,8.3,7.2,0,5,
MSL-002952,2025-11-12,REP-009,DrugGamma-200mg,Cardiology,Real-World Evidence,Self-Study,Partially Answered,17.6,19.4,0,3,
MSL-002953,2025-11-12,REP-009,DrugAlpha-100mg,Cardiology,Patient Selection Criteria,Pre-Meeting Prep,Fully Answered,2.7,11.5,0,5,
MSL-002954,2025-11-12,REP-010,CardioPlus-25mg,Immunology,Long-term Outcomes,Pre-Meeting Prep,Fully Answered,10.9,8.6,1,5,HCP-0228
MSL-002955,2025-11-12,REP-010,CardioPlus-25mg,Immunology,Pharmacokinetics,Pre-Meeting Prep,Partially Answered,10.4,10.1,0,3,
MSL-002956,2025-11-12,REP-010,DrugGamma-200mg,Immunology,Subgroup Analysis,Live During HCP Call,Fully Answered,5.9,2,1,4,HCP-0159
MSL-002957,2025-11-12,REP-010,CardioPlus-25mg,Immunology,Clinical Trial Data,Post-Call Follow-up,Fully Answered,6.0,4.6,0,4,
MSL-002958,2025-11-12,REP-010,DrugGamma-200mg,Immunology,Guidelines / Protocols,Self-Study,Fully Answered,11.7,16.2,0,4,
MSL-002959,2025-11-12,REP-010,DrugGamma-200mg,Immunology,Patient Selection Criteria,Self-Study,Fully Answered,8.8,10.8,0,5,
MSL-002960,2025-11-12,REP-015,DrugBeta-50mg,Oncology,Long-term Outcomes,Pre-Meeting Prep,Fully Answered,11.7,10.9,0,5,
MSL-002961,2025-11-12,REP-015,DrugBeta-50mg,Oncology,Mechanism of Action,Live During HCP Call,Fully Answered,8.4,16.0,0,5,
MSL-002962,2025-11-12,REP-015,NeuroX-75mg,Oncology,Dosing Guidelines,Pre-Meeting Prep,Partially Answered,10.8,8.7,1,3,HCP-0484
MSL-002963,2025-11-12,REP-015,DrugBeta-50mg,Oncology,Adverse Events / Safety,Self-Study,Redirected to Medical,30.0,0,0,1,
MSL-002964,2025-11-12,REP-015,DrugBeta-50mg,Oncology,Combination Therapy,Pre-Meeting Prep,Fully Answered,8.4,11.9,1,5,HCP-0288
MSL-002965,2025-11-12,REP-016,NeuroX-75mg,Neurology,Biomarker Data,Pre-Meeting Prep,Fully Answered,11.3,19.6,0,5,
MSL-002966,2025-11-12,REP-016,CardioPlus-25mg,Neurology,Real-World Evidence,Self-Study,Fully Answered,7.2,12.4,0,5,
MSL-002967,2025-11-12,REP-017,NeuroX-75mg,Immunology,Real-World Evidence,Post-Call Follow-up,No Answer Found,26.6,0,0,2,
MSL-002968,2025-11-12,REP-017,CardioPlus-25mg,Immunology,Competitor Comparison,Post-Call Follow-up,Fully Answered,12.9,10.7,0,5,
MSL-002969,2025-11-12,REP-021,DrugAlpha-100mg,Rare Disease,Clinical Trial Data,Self-Study,Fully Answered,9.7,5.0,0,5,
MSL-002970,2025-11-12,REP-021,DrugAlpha-100mg,Rare Disease,Off-label Evidence Request,Live During HCP Call,Fully Answered,7.6,10.6,0,5,
MSL-002971,2025-11-13,REP-002,NeuroX-75mg,Oncology,Adverse Events / Safety,Live During HCP Call,Partially Answered,11.9,9.6,1,3,HCP-0063
MSL-002972,2025-11-13,REP-002,DrugBeta-50mg,Oncology,Off-label Evidence Request,Live During HCP Call,Partially Answered,16.0,15.6,1,3,HCP-0080
MSL-002973,2025-11-13,REP-002,DrugGamma-200mg,Oncology,Drug Interactions,Pre-Meeting Prep,Fully Answered,8.2,12.0,1,5,HCP-0460
MSL-002974,2025-11-13,REP-004,DrugAlpha-100mg,Cardiology,Patient Selection Criteria,Pre-Meeting Prep,Redirected to Medical,12.1,0,0,3,
MSL-002975,2025-11-13,REP-004,DrugGamma-200mg,Cardiology,Combination Therapy,Pre-Meeting Prep,Fully Answered,5.8,21.0,1,5,HCP-0299
MSL-002976,2025-11-13,REP-008,CardioPlus-25mg,Immunology,Pharmacokinetics,Pre-Meeting Prep,No Answer Found,27.0,0,0,3,
MSL-002977,2025-11-13,REP-008,NeuroX-75mg,Immunology,Long-term Outcomes,Live During HCP Call,Fully Answered,9.5,15.7,1,5,HCP-0348
MSL-002978,2025-11-13,REP-008,DrugBeta-50mg,Immunology,Off-label Evidence Request,Live During HCP Call,Fully Answered,3.4,11.3,1,5,HCP-0130
MSL-002979,2025-11-13,REP-009,NeuroX-75mg,Cardiology,Real-World Evidence,Live During HCP Call,Fully Answered,9.7,5.0,0,5,
MSL-002980,2025-11-13,REP-009,DrugBeta-50mg,Cardiology,Pharmacokinetics,Pre-Meeting Prep,Partially Answered,14.3,17.5,0,3,
MSL-002981,2025-11-13,REP-009,CardioPlus-25mg,Cardiology,Guidelines / Protocols,Pre-Meeting Prep,Redirected to Medical,19.2,0,0,2,
MSL-002982,2025-11-13,REP-009,DrugAlpha-100mg,Cardiology,Drug Interactions,Self-Study,No Answer Found,26.4,0,0,3,
MSL-002983,2025-11-13,REP-009,DrugBeta-50mg,Cardiology,Guidelines / Protocols,Self-Study,Fully Answered,9.2,14.6,0,4,
MSL-002984,2025-11-13,REP-010,NeuroX-75mg,Immunology,Combination Therapy,Post-Call Follow-up,Fully Answered,12.6,7.6,0,4,
MSL-002985,2025-11-13,REP-015,NeuroX-75mg,Oncology,Off-label Evidence Request,Live During HCP Call,Fully Answered,6.4,18.1,1,5,HCP-0150
MSL-002986,2025-11-13,REP-015,NeuroX-75mg,Oncology,Guidelines / Protocols,Pre-Meeting Prep,Fully Answered,9.1,12.2,0,5,
MSL-002987,2025-11-13,REP-015,DrugAlpha-100mg,Oncology,Dosing Guidelines,Pre-Meeting Prep,Fully Answered,7.8,9.2,1,5,HCP-0377
MSL-002988,2025-11-13,REP-016,DrugGamma-200mg,Neurology,Long-term Outcomes,Live During HCP Call,Fully Answered,4.8,5.8,0,4,
MSL-002989,2025-11-13,REP-016,DrugBeta-50mg,Neurology,Biomarker Data,Pre-Meeting Prep,Partially Answered,6.5,9.3,1,3,HCP-0464
MSL-002990,2025-11-13,REP-016,NeuroX-75mg,Neurology,Subgroup Analysis,Self-Study,Fully Answered,5.1,16.9,0,5,
MSL-002991,2025-11-13,REP-021,DrugGamma-200mg,Rare Disease,Off-label Evidence Request,Pre-Meeting Prep,Partially Answered,9.1,12.4,1,3,HCP-0057
MSL-002992,2025-11-13,REP-021,DrugAlpha-100mg,Rare Disease,Pharmacokinetics,Post-Call Follow-up,Fully Answered,14.2,13.6,0,5,
MSL-002993,2025-11-13,REP-021,DrugGamma-200mg,Rare Disease,Guidelines / Protocols,Self-Study,Fully Answered,13.9,20.0,0,5,
MSL-002994,2025-11-14,REP-002,DrugGamma-200mg,Oncology,Combination Therapy,Live During HCP Call,Redirected to Medical,31.2,0,0,2,
MSL-002995,2025-11-14,REP-002,DrugAlpha-100mg,Oncology,Pharmacokinetics,Post-Call Follow-up,Fully Answered,7.9,11.4,0,5,
MSL-002996,2025-11-14,REP-004,DrugBeta-50mg,Cardiology,Long-term Outcomes,Live During HCP Call,Partially Answered,7.8,14.1,1,3,HCP-0056
MSL-002997,2025-11-14,REP-004,DrugBeta-50mg,Cardiology,Biomarker Data,Post-Call Follow-up,Fully Answered,8.3,7.4,0,5,
MSL-002998,2025-11-14,REP-004,DrugAlpha-100mg,Cardiology,Clinical Trial Data,Self-Study,Fully Answered,9.7,15.5,0,5,
MSL-002999,2025-11-14,REP-008,DrugBeta-50mg,Immunology,Combination Therapy,Post-Call Follow-up,Fully Answered,5.3,13.3,0,4,
MSL-003000,2025-11-14,REP-008,DrugGamma-200mg,Immunology,Adverse Events / Safety,Live During HCP Call,No Answer Found,16.6,0,0,1,
MSL-003001,2025-11-14,REP-008,NeuroX-75mg,Immunology,Off-label Evidence Request,Self-Study,Fully Answered,5.9,6.7,0,5,
MSL-003002,2025-11-14,REP-008,DrugAlpha-100mg,Immunology,Clinical Trial Data,Self-Study,No Answer Found,23.3,0,0,1,
MSL-003003,2025-11-14,REP-008,NeuroX-75mg,Immunology,Clinical Trial Data,Self-Study,No Answer Found,20.2,0,0,2,
MSL-003004,2025-11-14,REP-009,DrugGamma-200mg,Cardiology,Adverse Events / Safety,Pre-Meeting Prep,No Answer Found,19.9,0,0,2,
MSL-003005,2025-11-14,REP-009,NeuroX-75mg,Cardiology,Patient Selection Criteria,Live During HCP Call,Fully Answered,12.1,15.3,1,4,HCP-0450
MSL-003006,2025-11-14,REP-010,DrugGamma-200mg,Immunology,Guidelines / Protocols,Pre-Meeting Prep,Fully Answered,8.6,10.2,0,5,
MSL-003007,2025-11-14,REP-015,DrugBeta-50mg,Oncology,Drug Interactions,Pre-Meeting Prep,Fully Answered,6.1,2,1,4,HCP-0024
MSL-003008,2025-11-14,REP-015,CardioPlus-25mg,Oncology,Real-World Evidence,Pre-Meeting Prep,Fully Answered,6.8,18.0,1,5,HCP-0400
MSL-003009,2025-11-14,REP-015,DrugGamma-200mg,Oncology,Clinical Trial Data,Post-Call Follow-up,Fully Answered,6.3,18.3,0,5,
MSL-003010,2025-11-14,REP-015,CardioPlus-25mg,Oncology,Guidelines / Protocols,Live During HCP Call,Fully Answered,8.6,13.8,1,4,HCP-0236
MSL-003011,2025-11-14,REP-015,CardioPlus-25mg,Oncology,Subgroup Analysis,Post-Call Follow-up,Fully Answered,6.2,12.5,0,5,
MSL-003012,2025-11-14,REP-015,DrugAlpha-100mg,Oncology,Patient Selection Criteria,Pre-Meeting Prep,Fully Answered,8.8,7.6,1,4,HCP-0266
MSL-003013,2025-11-14,REP-015,DrugBeta-50mg,Oncology,Clinical Trial Data,Pre-Meeting Prep,No Answer Found,13.9,0,0,2,
MSL-003014,2025-11-14,REP-015,CardioPlus-25mg,Oncology,Real-World Evidence,Self-Study,Redirected to Medical,24.0,0,0,1,
MSL-003015,2025-11-14,REP-016,CardioPlus-25mg,Neurology,Competitor Comparison,Post-Call Follow-up,Fully Answered,7.6,7.6,0,4,
MSL-003016,2025-11-14,REP-017,CardioPlus-25mg,Immunology,Real-World Evidence,Post-Call Follow-up,Fully Answered,5.6,11.6,0,5,
MSL-003017,2025-11-14,REP-017,CardioPlus-25mg,Immunology,Subgroup Analysis,Live During HCP Call,Fully Answered,6.2,18.2,1,4,HCP-0494
MSL-003018,2025-11-14,REP-017,DrugGamma-200mg,Immunology,Guidelines / Protocols,Pre-Meeting Prep,Redirected to Medical,16.9,0,0,2,
MSL-003019,2025-11-17,REP-004,DrugBeta-50mg,Cardiology,Subgroup Analysis,Self-Study,Fully Answered,3.4,17.0,0,4,
MSL-003020,2025-11-17,REP-004,CardioPlus-25mg,Cardiology,Off-label Evidence Request,Pre-Meeting Prep,No Answer Found,6.0,0,0,1,
MSL-003021,2025-11-17,REP-004,DrugGamma-200mg,Cardiology,Biomarker Data,Live During HCP Call,Fully Answered,6.5,18.2,1,5,HCP-0310
MSL-003022,2025-11-17,REP-004,NeuroX-75mg,Cardiology,Clinical Trial Data,Pre-Meeting Prep,Fully Answered,9.9,14.1,1,4,HCP-0199
MSL-003023,2025-11-17,REP-004,DrugBeta-50mg,Cardiology,Dosing Guidelines,Live During HCP Call,Fully Answered,6.9,19.6,1,4,HCP-0190
MSL-003024,2025-11-17,REP-008,CardioPlus-25mg,Immunology,Clinical Trial Data,Pre-Meeting Prep,Fully Answered,12.8,8.4,0,4,
MSL-003025,2025-11-17,REP-008,CardioPlus-25mg,Immunology,Patient Selection Criteria,Pre-Meeting Prep,Fully Answered,7.5,12.4,1,5,HCP-0022
MSL-003026,2025-11-17,REP-009,NeuroX-75mg,Cardiology,Adverse Events / Safety,Pre-Meeting Prep,Partially Answered,15.1,13.6,1,4,HCP-0034
MSL-003027,2025-11-17,REP-009,DrugBeta-50mg,Cardiology,Combination Therapy,Pre-Meeting Prep,Redirected to Medical,15.0,0,0,1,
MSL-003028,2025-11-17,REP-009,DrugGamma-200mg,Cardiology,Dosing Guidelines,Post-Call Follow-up,Fully Answered,9.0,18.4,0,5,
MSL-003029,2025-11-17,REP-009,NeuroX-75mg,Cardiology,Patient Selection Criteria,Post-Call Follow-up,Partially Answered,23.0,16.6,0,4,
MSL-003030,2025-11-17,REP-010,CardioPlus-25mg,Immunology,Competitor Comparison,Live During HCP Call,Redirected to Medical,19.9,0,0,3,
MSL-003031,2025-11-17,REP-010,DrugGamma-200mg,Immunology,Competitor Comparison,Live During HCP Call,Fully Answered,8.4,13.6,1,4,HCP-0018
MSL-003032,2025-11-17,REP-010,CardioPlus-25mg,Immunology,Patient Selection Criteria,Post-Call Follow-up,Fully Answered,7.4,10.1,0,4,
MSL-003033,2025-11-17,REP-010,CardioPlus-25mg,Immunology,Drug Interactions,Live During HCP Call,Partially Answered,12.1,14.9,1,3,HCP-0320
MSL-003034,2025-11-17,REP-015,DrugGamma-200mg,Oncology,Drug Interactions,Pre-Meeting Prep,Fully Answered,9.1,13.2,1,4,HCP-0466
MSL-003035,2025-11-17,REP-015,CardioPlus-25mg,Oncology,Mechanism of Action,Pre-Meeting Prep,Fully Answered,5.9,14.5,1,5,HCP-0124
MSL-003036,2025-11-17,REP-016,CardioPlus-25mg,Neurology,Patient Selection Criteria,Live During HCP Call,Fully Answered,6.3,9.7,0,5,
MSL-003037,2025-11-17,REP-016,CardioPlus-25mg,Neurology,Guidelines / Protocols,Live During HCP Call,Partially Answered,14.3,12.9,0,4,
MSL-003038,2025-11-17,REP-017,DrugAlpha-100mg,Immunology,Subgroup Analysis,Pre-Meeting Prep,Fully Answered,3.6,4.9,0,5,
MSL-003039,2025-11-17,REP-017,DrugBeta-50mg,Immunology,Adverse Events / Safety,Pre-Meeting Prep,Fully Answered,1.6,8.8,1,5,HCP-0396
MSL-003040,2025-11-17,REP-017,DrugAlpha-100mg,Immunology,Subgroup Analysis,Pre-Meeting Prep,Fully Answered,7.1,13.7,1,5,HCP-0397
MSL-003041,2025-11-17,REP-021,DrugAlpha-100mg,Rare Disease,Drug Interactions,Self-Study,Fully Answered,9.0,14.5,0,5,
MSL-003042,2025-11-17,REP-021,DrugBeta-50mg,Rare Disease,Dosing Guidelines,Self-Study,Fully Answered,6.6,25.1,0,4,
MSL-003043,2025-11-17,REP-021,NeuroX-75mg,Rare Disease,Dosing Guidelines,Pre-Meeting Prep,Fully Answered,4.4,6.9,0,5,
MSL-003044,2025-11-18,REP-002,CardioPlus-25mg,Oncology,Biomarker Data,Pre-Meeting Prep,Partially Answered,17.6,7.0,1,3,HCP-0381
MSL-003045,2025-11-18,REP-002,NeuroX-75mg,Oncology,Long-term Outcomes,Live During HCP Call,No Answer Found,33.0,0,0,2,
MSL-003046,2025-11-18,REP-002,DrugBeta-50mg,Oncology,Real-World Evidence,Pre-Meeting Prep,Fully Answered,4.6,3.6,1,4,HCP-0031
MSL-003047,2025-11-18,REP-004,CardioPlus-25mg,Cardiology,Real-World Evidence,Live During HCP Call,Partially Answered,13.7,9.8,1,3,HCP-0015
MSL-003048,2025-11-18,REP-004,DrugBeta-50mg,Cardiology,Guidelines / Protocols,Pre-Meeting Prep,Fully Answered,9.0,23.5,1,5,HCP-0370
MSL-003049,2025-11-18,REP-004,CardioPlus-25mg,Cardiology,Off-label Evidence Request,Pre-Meeting Prep,Redirected to Medical,14.1,0,0,1,
MSL-003050,2025-11-18,REP-004,DrugBeta-50mg,Cardiology,Off-label Evidence Request,Self-Study,No Answer Found,18.7,0,0,1,
MSL-003051,2025-11-18,REP-008,DrugAlpha-100mg,Immunology,Real-World Evidence,Post-Call Follow-up,Partially Answered,12.0,14.5,0,4,
MSL-003052,2025-11-18,REP-009,DrugAlpha-100mg,Cardiology,Competitor Comparison,Pre-Meeting Prep,Fully Answered,7.1,8.5,1,5,HCP-0453
MSL-003053,2025-11-18,REP-009,DrugAlpha-100mg,Cardiology,Patient Selection Criteria,Live During HCP Call,Redirected to Medical,12.8,0,0,2,
MSL-003054,2025-11-18,REP-009,DrugBeta-50mg,Cardiology,Off-label Evidence Request,Pre-Meeting Prep,Fully Answered,6.6,9.7,1,5,HCP-0105
MSL-003055,2025-11-18,REP-010,NeuroX-75mg,Immunology,Guidelines / Protocols,Pre-Meeting Prep,Fully Answered,3.9,20.5,1,4,HCP-0135
MSL-003056,2025-11-18,REP-010,DrugGamma-200mg,Immunology,Drug Interactions,Self-Study,Fully Answered,8.3,17.4,0,5,
MSL-003057,2025-11-18,REP-015,DrugAlpha-100mg,Oncology,Clinical Trial Data,Post-Call Follow-up,Fully Answered,7.1,8.9,0,5,
MSL-003058,2025-11-18,REP-015,NeuroX-75mg,Oncology,Pharmacokinetics,Live During HCP Call,Fully Answered,9.4,13.2,1,5,HCP-0371
MSL-003059,2025-11-18,REP-015,CardioPlus-25mg,Oncology,Adverse Events / Safety,Self-Study,Fully Answered,10.0,24.8,0,5,
MSL-003060,2025-11-18,REP-015,DrugBeta-50mg,Oncology,Pharmacokinetics,Self-Study,Fully Answered,4.4,14.3,0,5,
MSL-003061,2025-11-18,REP-016,DrugGamma-200mg,Neurology,Mechanism of Action,Live During HCP Call,Partially Answered,20.0,11.5,0,4,
MSL-003062,2025-11-18,REP-016,NeuroX-75mg,Neurology,Mechanism of Action,Live During HCP Call,Fully Answered,10.2,13.2,0,5,
MSL-003063,2025-11-18,REP-016,DrugGamma-200mg,Neurology,Dosing Guidelines,Post-Call Follow-up,No Answer Found,35.6,0,0,1,
MSL-003064,2025-11-18,REP-016,DrugGamma-200mg,Neurology,Patient Selection Criteria,Pre-Meeting Prep,Fully Answered,10.0,15.3,0,4,
MSL-003065,2025-11-18,REP-016,DrugGamma-200mg,Neurology,Competitor Comparison,Pre-Meeting Prep,Fully Answered,9.6,11.5,0,5,
MSL-003066,2025-11-18,REP-016,CardioPlus-25mg,Neurology,Real-World Evidence,Pre-Meeting Prep,Fully Answered,9.6,6.0,1,5,HCP-0037
MSL-003067,2025-11-18,REP-016,DrugBeta-50mg,Neurology,Off-label Evidence Request,Post-Call Follow-up,Fully Answered,7.2,12.8,0,4,
MSL-003068,2025-11-18,REP-017,DrugBeta-50mg,Immunology,Subgroup Analysis,Live During HCP Call,Fully Answered,8.1,8.8,1,5,HCP-0342
MSL-003069,2025-11-18,REP-017,CardioPlus-25mg,Immunology,Mechanism of Action,Post-Call Follow-up,Fully Answered,12.1,7.6,0,4,
MSL-003070,2025-11-18,REP-017,DrugBeta-50mg,Immunology,Biomarker Data,Post-Call Follow-up,Fully Answered,7.7,11.0,0,5,
MSL-003071,2025-11-18,REP-017,DrugBeta-50mg,Immunology,Competitor Comparison,Live During HCP Call,Fully Answered,1,2,1,5,HCP-0466
MSL-003072,2025-11-18,REP-017,NeuroX-75mg,Immunology,Pharmacokinetics,Post-Call Follow-up,Fully Answered,6.8,7.5,0,5,
MSL-003073,2025-11-18,REP-017,CardioPlus-25mg,Immunology,Off-label Evidence Request,Live During HCP Call,No Answer Found,38.3,0,0,2,
MSL-003074,2025-11-18,REP-021,DrugBeta-50mg,Rare Disease,Clinical Trial Data,Live During HCP Call,Redirected to Medical,24.2,0,0,2,
MSL-003075,2025-11-18,REP-021,DrugGamma-200mg,Rare Disease,Pharmacokinetics,Live During HCP Call,Redirected to Medical,30.6,0,0,2,
MSL-003076,2025-11-18,REP-021,DrugAlpha-100mg,Rare Disease,Competitor Comparison,Self-Study,Partially Answered,5.3,18.2,0,3,
MSL-003077,2025-11-19,REP-002,DrugBeta-50mg,Oncology,Subgroup Analysis,Pre-Meeting Prep,Partially Answered,14.4,4.4,1,4,HCP-0146
MSL-003078,2025-11-19,REP-002,DrugAlpha-100mg,Oncology,Combination Therapy,Pre-Meeting Prep,Fully Answered,2.8,15.1,1,5,HCP-0460
MSL-003079,2025-11-19,REP-002,CardioPlus-25mg,Oncology,Pharmacokinetics,Pre-Meeting Prep,Partially Answered,19.3,14.7,0,2,
MSL-003080,2025-11-19,REP-002,CardioPlus-25mg,Oncology,Drug Interactions,Pre-Meeting Prep,Fully Answered,9.7,2.5,0,4,
MSL-003081,2025-11-19,REP-004,DrugBeta-50mg,Cardiology,Real-World Evidence,Self-Study,Fully Answered,7.1,9.5,0,5,
MSL-003082,2025-11-19,REP-008,DrugBeta-50mg,Immunology,Drug Interactions,Live During HCP Call,Fully Answered,9.2,9.5,0,5,
MSL-003083,2025-11-19,REP-008,DrugAlpha-100mg,Immunology,Competitor Comparison,Post-Call Follow-up,Fully Answered,4.2,16.0,0,5,
MSL-003084,2025-11-19,REP-008,DrugBeta-50mg,Immunology,Clinical Trial Data,Pre-Meeting Prep,Redirected to Medical,30.6,0,0,1,
MSL-003085,2025-11-19,REP-008,DrugAlpha-100mg,Immunology,Mechanism of Action,Self-Study,Fully Answered,5.9,21.8,0,5,
MSL-003086,2025-11-19,REP-009,NeuroX-75mg,Cardiology,Guidelines / Protocols,Live During HCP Call,Partially Answered,12.4,2.9,1,2,HCP-0156
MSL-003087,2025-11-19,REP-009,NeuroX-75mg,Cardiology,Biomarker Data,Live During HCP Call,Fully Answered,4.4,21.0,1,4,HCP-0223
MSL-003088,2025-11-19,REP-009,DrugGamma-200mg,Cardiology,Real-World Evidence,Self-Study,No Answer Found,27.3,0,0,2,
MSL-003089,2025-11-19,REP-010,DrugAlpha-100mg,Immunology,Adverse Events / Safety,Live During HCP Call,Fully Answered,10.3,10.7,1,5,HCP-0130
MSL-003090,2025-11-19,REP-010,NeuroX-75mg,Immunology,Drug Interactions,Pre-Meeting Prep,Fully Answered,9.8,5.8,1,5,HCP-0315
MSL-003091,2025-11-19,REP-010,DrugGamma-200mg,Immunology,Long-term Outcomes,Pre-Meeting Prep,Fully Answered,11.4,5.0,1,4,HCP-0004
MSL-003092,2025-11-19,REP-015,CardioPlus-25mg,Oncology,Drug Interactions,Live During HCP Call,Fully Answered,7.3,9.6,0,5,
MSL-003093,2025-11-19,REP-015,NeuroX-75mg,Oncology,Adverse Events / Safety,Pre-Meeting Prep,Fully Answered,3.0,6.7,0,4,
MSL-003094,2025-11-19,REP-015,CardioPlus-25mg,Oncology,Long-term Outcomes,Live During HCP Call,Redirected to Medical,11.2,0,0,1,
MSL-003095,2025-11-19,REP-016,DrugAlpha-100mg,Neurology,Competitor Comparison,Pre-Meeting Prep,Fully Answered,3.0,17.7,1,5,HCP-0041
MSL-003096,2025-11-19,REP-021,DrugBeta-50mg,Rare Disease,Biomarker Data,Self-Study,Fully Answered,9.9,9.8,0,4,
MSL-003097,2025-11-19,REP-021,DrugGamma-200mg,Rare Disease,Competitor Comparison,Pre-Meeting Prep,Fully Answered,5.9,5.6,1,5,HCP-0440
MSL-003098,2025-11-19,REP-021,DrugGamma-200mg,Rare Disease,Patient Selection Criteria,Self-Study,No Answer Found,17.4,0,0,1,
MSL-003099,2025-11-19,REP-021,CardioPlus-25mg,Rare Disease,Off-label Evidence Request,Post-Call Follow-up,Fully Answered,7.4,16.2,0,5,
MSL-003100,2025-11-20,REP-002,NeuroX-75mg,Oncology,Drug Interactions,Live During HCP Call,Fully Answered,5.5,15.5,1,5,HCP-0456
MSL-003101,2025-11-20,REP-002,DrugBeta-50mg,Oncology,Long-term Outcomes,Live During HCP Call,Fully Answered,5.8,15.0,0,5,
MSL-003102,2025-11-20,REP-002,DrugAlpha-100mg,Oncology,Clinical Trial Data,Self-Study,Fully Answered,6.6,8.9,0,4,
MSL-003103,2025-11-20,REP-004,DrugBeta-50mg,Cardiology,Combination Therapy,Pre-Meeting Prep,Fully Answered,5.6,12.1,1,5,HCP-0492
MSL-003104,2025-11-20,REP-004,DrugAlpha-100mg,Cardiology,Competitor Comparison,Self-Study,Fully Answered,9.9,14.9,0,5,
MSL-003105,2025-11-20,REP-004,DrugBeta-50mg,Cardiology,Guidelines / Protocols,Pre-Meeting Prep,Partially Answered,4.9,10.7,0,3,
MSL-003106,2025-11-20,REP-004,DrugGamma-200mg,Cardiology,Competitor Comparison,Live During HCP Call,Fully Answered,5.2,14.7,1,5,HCP-0120
MSL-003107,2025-11-20,REP-004,DrugBeta-50mg,Cardiology,Patient Selection Criteria,Live During HCP Call,Fully Answered,6.4,12.8,1,5,HCP-0433
MSL-003108,2025-11-20,REP-004,DrugAlpha-100mg,Cardiology,Guidelines / Protocols,Self-Study,Fully Answered,8.5,19.3,0,5,
MSL-003109,2025-11-20,REP-008,DrugAlpha-100mg,Immunology,Biomarker Data,Post-Call Follow-up,Fully Answered,8.5,13.2,0,5,
MSL-003110,2025-11-20,REP-008,NeuroX-75mg,Immunology,Off-label Evidence Request,Live During HCP Call,No Answer Found,20.2,0,0,2,
MSL-003111,2025-11-20,REP-008,DrugGamma-200mg,Immunology,Real-World Evidence,Pre-Meeting Prep,Fully Answered,6.9,18.8,1,4,HCP-0184
MSL-003112,2025-11-20,REP-009,DrugGamma-200mg,Cardiology,Clinical Trial Data,Pre-Meeting Prep,Fully Answered,10.4,16.7,1,4,HCP-0031
MSL-003113,2025-11-20,REP-009,NeuroX-75mg,Cardiology,Mechanism of Action,Live During HCP Call,Fully Answered,8.4,6.3,1,4,HCP-0379
MSL-003114,2025-11-20,REP-009,DrugAlpha-100mg,Cardiology,Guidelines / Protocols,Post-Call Follow-up,Partially Answered,13.2,7.2,0,3,
MSL-003115,2025-11-20,REP-015,DrugBeta-50mg,Oncology,Clinical Trial Data,Self-Study,Fully Answered,10.4,16.4,0,5,
MSL-003116,2025-11-20,REP-015,DrugGamma-200mg,Oncology,Subgroup Analysis,Live During HCP Call,No Answer Found,21.0,0,0,1,
MSL-003117,2025-11-20,REP-015,CardioPlus-25mg,Oncology,Patient Selection Criteria,Self-Study,Fully Answered,12.4,21.2,0,5,
MSL-003118,2025-11-20,REP-015,DrugBeta-50mg,Oncology,Long-term Outcomes,Pre-Meeting Prep,No Answer Found,29.2,0,0,1,
MSL-003119,2025-11-20,REP-016,DrugGamma-200mg,Neurology,Clinical Trial Data,Live During HCP Call,No Answer Found,16.0,0,0,1,
MSL-003120,2025-11-20,REP-016,DrugBeta-50mg,Neurology,Guidelines / Protocols,Pre-Meeting Prep,Partially Answered,13.3,12.5,1,3,HCP-0024
MSL-003121,2025-11-20,REP-016,DrugAlpha-100mg,Neurology,Dosing Guidelines,Pre-Meeting Prep,Fully Answered,10.0,9.2,1,4,HCP-0252
MSL-003122,2025-11-20,REP-016,CardioPlus-25mg,Neurology,Clinical Trial Data,Pre-Meeting Prep,Fully Answered,9.4,16.5,1,5,HCP-0256
MSL-003123,2025-11-20,REP-016,NeuroX-75mg,Neurology,Off-label Evidence Request,Pre-Meeting Prep,Fully Answered,3.2,12.3,1,5,HCP-0429
MSL-003124,2025-11-20,REP-017,NeuroX-75mg,Immunology,Mechanism of Action,Live During HCP Call,Fully Answered,9.1,10.7,0,5,
MSL-003125,2025-11-20,REP-017,DrugBeta-50mg,Immunology,Competitor Comparison,Live During HCP Call,Fully Answered,8.7,13.9,1,4,HCP-0345
MSL-003126,2025-11-20,REP-017,DrugAlpha-100mg,Immunology,Competitor Comparison,Pre-Meeting Prep,Fully Answered,12.0,15.4,0,5,
MSL-003127,2025-11-20,REP-017,CardioPlus-25mg,Immunology,Long-term Outcomes,Pre-Meeting Prep,No Answer Found,26.6,0,0,1,
MSL-003128,2025-11-20,REP-017,NeuroX-75mg,Immunology,Subgroup Analysis,Self-Study,Fully Answered,5.9,14.4,0,5,
MSL-003129,2025-11-20,REP-017,CardioPlus-25mg,Immunology,Long-term Outcomes,Pre-Meeting Prep,Fully Answered,5.3,6.9,0,4,
MSL-003130,2025-11-20,REP-017,CardioPlus-25mg,Immunology,Clinical Trial Data,Pre-Meeting Prep,Redirected to Medical,10.5,0,0,2,
MSL-003131,2025-11-20,REP-017,CardioPlus-25mg,Immunology,Competitor Comparison,Post-Call Follow-up,Fully Answered,10.3,11.7,0,5,
MSL-003132,2025-11-20,REP-021,DrugGamma-200mg,Rare Disease,Combination Therapy,Pre-Meeting Prep,No Answer Found,16.6,0,0,2,
MSL-003133,2025-11-20,REP-021,NeuroX-75mg,Rare Disease,Biomarker Data,Self-Study,Redirected to Medical,42.7,0,0,1,
MSL-003134,2025-11-20,REP-021,NeuroX-75mg,Rare Disease,Off-label Evidence Request,Post-Call Follow-up,Fully Answered,10.0,7.5,0,5,
MSL-003135,2025-11-20,REP-021,DrugAlpha-100mg,Rare Disease,Clinical Trial Data,Pre-Meeting Prep,Partially Answered,15.8,13.7,0,3,
MSL-003136,2025-11-20,REP-021,DrugAlpha-100mg,Rare Disease,Adverse Events / Safety,Pre-Meeting Prep,Partially Answered,13.3,15.0,0,3,
MSL-003137,2025-11-20,REP-021,DrugAlpha-100mg,Rare Disease,Patient Selection Criteria,Pre-Meeting Prep,Partially Answered,23.6,5.7,0,4,
MSL-003138,2025-11-20,REP-021,NeuroX-75mg,Rare Disease,Drug Interactions,Live During HCP Call,Fully Answered,6.1,2,1,4,HCP-0498
MSL-003139,2025-11-21,REP-002,DrugAlpha-100mg,Oncology,Mechanism of Action,Post-Call Follow-up,Fully Answered,8.7,9.5,0,5,
MSL-003140,2025-11-21,REP-002,DrugBeta-50mg,Oncology,Patient Selection Criteria,Live During HCP Call,Partially Answered,14.7,2,1,3,HCP-0053
MSL-003141,2025-11-21,REP-002,DrugGamma-200mg,Oncology,Long-term Outcomes,Live During HCP Call,Fully Answered,9.7,13.0,1,5,HCP-0044
MSL-003142,2025-11-21,REP-004,DrugGamma-200mg,Cardiology,Competitor Comparison,Post-Call Follow-up,Fully Answered,7.5,9.4,0,5,
MSL-003143,2025-11-21,REP-008,NeuroX-75mg,Immunology,Patient Selection Criteria,Post-Call Follow-up,Partially Answered,13.7,13.7,0,4,
MSL-003144,2025-11-21,REP-008,DrugBeta-50mg,Immunology,Subgroup Analysis,Pre-Meeting Prep,Fully Answered,6.6,19.9,1,4,HCP-0414
MSL-003145,2025-11-21,REP-008,DrugGamma-200mg,Immunology,Off-label Evidence Request,Pre-Meeting Prep,Fully Answered,6.7,20.2,0,4,
MSL-003146,2025-11-21,REP-008,DrugGamma-200mg,Immunology,Mechanism of Action,Self-Study,Redirected to Medical,19.9,0,0,1,
MSL-003147,2025-11-21,REP-009,CardioPlus-25mg,Cardiology,Biomarker Data,Self-Study,Fully Answered,9.4,18.3,0,5,
MSL-003148,2025-11-21,REP-009,DrugGamma-200mg,Cardiology,Guidelines / Protocols,Pre-Meeting Prep,Fully Answered,8.6,11.8,1,4,HCP-0294
MSL-003149,2025-11-21,REP-009,DrugGamma-200mg,Cardiology,Guidelines / Protocols,Pre-Meeting Prep,Partially Answered,26.8,9.2,1,4,HCP-0424
MSL-003150,2025-11-21,REP-010,DrugBeta-50mg,Immunology,Real-World Evidence,Self-Study,Redirected to Medical,31.5,0,0,2,
MSL-003151,2025-11-21,REP-010,NeuroX-75mg,Immunology,Patient Selection Criteria,Self-Study,Partially Answered,11.2,13.7,0,3,
MSL-003152,2025-11-21,REP-015,DrugGamma-200mg,Oncology,Real-World Evidence,Pre-Meeting Prep,Partially Answered,17.4,15.7,1,4,HCP-0145
MSL-003153,2025-11-21,REP-016,DrugGamma-200mg,Neurology,Guidelines / Protocols,Pre-Meeting Prep,Fully Answered,10.7,14.8,1,5,HCP-0462
MSL-003154,2025-11-21,REP-016,DrugBeta-50mg,Neurology,Clinical Trial Data,Self-Study,Fully Answered,8.9,5.5,0,5,
MSL-003155,2025-11-21,REP-016,NeuroX-75mg,Neurology,Long-term Outcomes,Live During HCP Call,Partially Answered,18.0,14.0,1,4,HCP-0296
MSL-003156,2025-11-21,REP-017,DrugAlpha-100mg,Immunology,Dosing Guidelines,Pre-Meeting Prep,Fully Answered,12.7,2,0,5,
MSL-003157,2025-11-21,REP-017,DrugBeta-50mg,Immunology,Adverse Events / Safety,Post-Call Follow-up,Redirected to Medical,21.6,0,0,1,
MSL-003158,2025-11-21,REP-017,DrugAlpha-100mg,Immunology,Real-World Evidence,Live During HCP Call,Partially Answered,8.1,19.7,0,3,
MSL-003159,2025-11-21,REP-021,CardioPlus-25mg,Rare Disease,Competitor Comparison,Post-Call Follow-up,Redirected to Medical,29.5,0,0,2,
MSL-003160,2025-11-21,REP-021,CardioPlus-25mg,Rare Disease,Off-label Evidence Request,Live During HCP Call,Fully Answered,5.6,6.7,0,4,
MSL-003161,2025-11-21,REP-021,CardioPlus-25mg,Rare Disease,Clinical Trial Data,Live During HCP Call,Partially Answered,8.5,12.4,1,3,HCP-0437
MSL-003162,2025-11-24,REP-002,DrugGamma-200mg,Oncology,Dosing Guidelines,Self-Study,Fully Answered,5.0,6.7,0,5,
MSL-003163,2025-11-24,REP-002,CardioPlus-25mg,Oncology,Competitor Comparison,Pre-Meeting Prep,Redirected to Medical,14.2,0,0,1,
MSL-003164,2025-11-24,REP-002,CardioPlus-25mg,Oncology,Combination Therapy,Pre-Meeting Prep,Fully Answered,9.7,8.9,1,5,HCP-0111
MSL-003165,2025-11-24,REP-002,CardioPlus-25mg,Oncology,Subgroup Analysis,Live During HCP Call,Fully Answered,15.1,14.7,1,5,HCP-0311
MSL-003166,2025-11-24,REP-002,DrugAlpha-100mg,Oncology,Competitor Comparison,Self-Study,Fully Answered,11.9,10.4,0,5,
MSL-003167,2025-11-24,REP-004,NeuroX-75mg,Cardiology,Patient Selection Criteria,Live During HCP Call,Partially Answered,16.8,7.6,1,3,HCP-0032
MSL-003168,2025-11-24,REP-004,DrugAlpha-100mg,Cardiology,Clinical Trial Data,Self-Study,Fully Answered,10.2,11.4,0,5,
MSL-003169,2025-11-24,REP-004,DrugGamma-200mg,Cardiology,Off-label Evidence Request,Self-Study,Partially Answered,17.8,14.5,0,3,
MSL-003170,2025-11-24,REP-004,NeuroX-75mg,Cardiology,Patient Selection Criteria,Pre-Meeting Prep,Partially Answered,7.7,13.5,1,3,HCP-0311
MSL-003171,2025-11-24,REP-008,CardioPlus-25mg,Immunology,Guidelines / Protocols,Self-Study,Fully Answered,4.1,22.3,0,4,
MSL-003172,2025-11-24,REP-008,NeuroX-75mg,Immunology,Guidelines / Protocols,Pre-Meeting Prep,Fully Answered,9.3,13.5,1,5,HCP-0394
MSL-003173,2025-11-24,REP-008,DrugAlpha-100mg,Immunology,Real-World Evidence,Self-Study,Fully Answered,6.0,13.1,0,5,
MSL-003174,2025-11-24,REP-008,CardioPlus-25mg,Immunology,Pharmacokinetics,Pre-Meeting Prep,Partially Answered,12.5,9.5,1,4,HCP-0225
MSL-003175,2025-11-24,REP-008,DrugGamma-200mg,Immunology,Clinical Trial Data,Live During HCP Call,Fully Answered,9.3,9.7,0,4,
MSL-003176,2025-11-24,REP-008,DrugGamma-200mg,Immunology,Adverse Events / Safety,Live During HCP Call,Fully Answered,6.3,12.7,1,5,HCP-0390
MSL-003177,2025-11-24,REP-009,DrugGamma-200mg,Cardiology,Patient Selection Criteria,Pre-Meeting Prep,Fully Answered,9.0,11.1,0,4,
MSL-003178,2025-11-24,REP-009,DrugGamma-200mg,Cardiology,Long-term Outcomes,Self-Study,Fully Answered,10.5,2.9,0,5,
MSL-003179,2025-11-24,REP-009,DrugGamma-200mg,Cardiology,Competitor Comparison,Live During HCP Call,Fully Answered,7.9,11.8,1,4,HCP-0494
MSL-003180,2025-11-24,REP-009,CardioPlus-25mg,Cardiology,Off-label Evidence Request,Self-Study,Fully Answered,7.4,2.1,0,4,
MSL-003181,2025-11-24,REP-009,DrugAlpha-100mg,Cardiology,Adverse Events / Safety,Post-Call Follow-up,Fully Answered,12.6,11.5,0,4,
MSL-003182,2025-11-24,REP-009,NeuroX-75mg,Cardiology,Combination Therapy,Self-Study,Fully Answered,10.6,12.9,0,5,
MSL-003183,2025-11-24,REP-009,DrugBeta-50mg,Cardiology,Guidelines / Protocols,Self-Study,Fully Answered,3.1,16.7,0,4,
MSL-003184,2025-11-24,REP-009,DrugGamma-200mg,Cardiology,Clinical Trial Data,Post-Call Follow-up,Fully Answered,4.1,10.1,0,5,
MSL-003185,2025-11-24,REP-010,DrugGamma-200mg,Immunology,Long-term Outcomes,Pre-Meeting Prep,Partially Answered,13.4,16.3,0,4,
MSL-003186,2025-11-24,REP-010,DrugAlpha-100mg,Immunology,Combination Therapy,Pre-Meeting Prep,Fully Answered,8.7,17.4,1,5,HCP-0359
MSL-003187,2025-11-24,REP-015,NeuroX-75mg,Oncology,Real-World Evidence,Live During HCP Call,Fully Answered,6.6,12.0,1,5,HCP-0007
MSL-003188,2025-11-24,REP-015,DrugGamma-200mg,Oncology,Pharmacokinetics,Self-Study,Partially Answered,17.6,10.0,0,3,
MSL-003189,2025-11-24,REP-015,NeuroX-75mg,Oncology,Combination Therapy,Post-Call Follow-up,Fully Answered,5.6,6.5,0,5,
MSL-003190,2025-11-24,REP-015,CardioPlus-25mg,Oncology,Guidelines / Protocols,Post-Call Follow-up,Partially Answered,13.1,9.7,0,3,
MSL-003191,2025-11-24,REP-015,DrugGamma-200mg,Oncology,Adverse Events / Safety,Live During HCP Call,Fully Answered,9.8,2,0,4,
MSL-003192,2025-11-24,REP-016,NeuroX-75mg,Neurology,Combination Therapy,Self-Study,Fully Answered,8.2,8.7,0,5,
MSL-003193,2025-11-24,REP-016,CardioPlus-25mg,Neurology,Guidelines / Protocols,Pre-Meeting Prep,Fully Answered,6.2,9.3,1,5,HCP-0481
MSL-003194,2025-11-24,REP-017,CardioPlus-25mg,Immunology,Patient Selection Criteria,Live During HCP Call,No Answer Found,28.9,0,0,2,
MSL-003195,2025-11-24,REP-017,CardioPlus-25mg,Immunology,Mechanism of Action,Pre-Meeting Prep,Fully Answered,6.3,13.2,1,4,HCP-0064
MSL-003196,2025-11-24,REP-017,DrugGamma-200mg,Immunology,Mechanism of Action,Post-Call Follow-up,Partially Answered,18.8,12.6,0,4,
MSL-003197,2025-11-24,REP-017,CardioPlus-25mg,Immunology,Guidelines / Protocols,Post-Call Follow-up,Redirected to Medical,30.4,0,0,1,
MSL-003198,2025-11-24,REP-017,DrugAlpha-100mg,Immunology,Long-term Outcomes,Post-Call Follow-up,No Answer Found,20.8,0,0,3,
MSL-003199,2025-11-24,REP-021,CardioPlus-25mg,Rare Disease,Biomarker Data,Pre-Meeting Prep,No Answer Found,20.1,0,0,1,
MSL-003200,2025-11-24,REP-021,DrugAlpha-100mg,Rare Disease,Adverse Events / Safety,Pre-Meeting Prep,Fully Answered,6.7,7.2,1,5,HCP-0002
MSL-003201,2025-11-25,REP-002,DrugBeta-50mg,Oncology,Adverse Events / Safety,Pre-Meeting Prep,Partially Answered,10.3,14.4,0,4,
MSL-003202,2025-11-25,REP-004,DrugAlpha-100mg,Cardiology,Adverse Events / Safety,Live During HCP Call,Fully Answered,10.4,17.2,1,4,HCP-0324
MSL-003203,2025-11-25,REP-004,DrugBeta-50mg,Cardiology,Guidelines / Protocols,Pre-Meeting Prep,Fully Answered,7.0,19.0,0,4,
MSL-003204,2025-11-25,REP-004,NeuroX-75mg,Cardiology,Mechanism of Action,Pre-Meeting Prep,Fully Answered,8.6,12.7,1,5,HCP-0144
MSL-003205,2025-11-25,REP-004,DrugBeta-50mg,Cardiology,Subgroup Analysis,Live During HCP Call,Redirected to Medical,19.6,0,0,1,
MSL-003206,2025-11-25,REP-004,CardioPlus-25mg,Cardiology,Mechanism of Action,Self-Study,Partially Answered,24.2,8.9,0,4,
MSL-003207,2025-11-25,REP-008,CardioPlus-25mg,Immunology,Drug Interactions,Post-Call Follow-up,Partially Answered,15.5,10.5,0,4,
MSL-003208,2025-11-25,REP-008,CardioPlus-25mg,Immunology,Biomarker Data,Self-Study,No Answer Found,27.5,0,0,1,
MSL-003209,2025-11-25,REP-008,NeuroX-75mg,Immunology,Biomarker Data,Pre-Meeting Prep,Fully Answered,9.2,5.1,1,5,HCP-0004
MSL-003210,2025-11-25,REP-008,CardioPlus-25mg,Immunology,Drug Interactions,Pre-Meeting Prep,Fully Answered,8.1,9.5,1,5,HCP-0457
MSL-003211,2025-11-25,REP-009,DrugGamma-200mg,Cardiology,Drug Interactions,Post-Call Follow-up,Partially Answered,14.3,12.1,0,3,
MSL-003212,2025-11-25,REP-010,DrugGamma-200mg,Immunology,Clinical Trial Data,Post-Call Follow-up,Redirected to Medical,27.8,0,0,3,
MSL-003213,2025-11-25,REP-015,DrugAlpha-100mg,Oncology,Adverse Events / Safety,Post-Call Follow-up,Fully Answered,6.1,9.8,0,5,
MSL-003214,2025-11-25,REP-015,NeuroX-75mg,Oncology,Competitor Comparison,Self-Study,No Answer Found,25.7,0,0,1,
MSL-003215,2025-11-25,REP-015,NeuroX-75mg,Oncology,Clinical Trial Data,Live During HCP Call,Partially Answered,20.0,14.3,1,2,HCP-0166
MSL-003216,2025-11-25,REP-016,DrugBeta-50mg,Neurology,Real-World Evidence,Post-Call Follow-up,Fully Answered,1,9.9,0,5,
MSL-003217,2025-11-25,REP-016,NeuroX-75mg,Neurology,Long-term Outcomes,Post-Call Follow-up,Fully Answered,9.3,15.5,0,5,
MSL-003218,2025-11-25,REP-017,NeuroX-75mg,Immunology,Competitor Comparison,Post-Call Follow-up,Fully Answered,11.4,11.3,0,5,
MSL-003219,2025-11-25,REP-017,DrugAlpha-100mg,Immunology,Dosing Guidelines,Pre-Meeting Prep,Partially Answered,14.0,15.1,1,3,HCP-0014
MSL-003220,2025-11-25,REP-021,NeuroX-75mg,Rare Disease,Guidelines / Protocols,Live During HCP Call,Fully Answered,11.1,10.6,1,4,HCP-0374
MSL-003221,2025-11-25,REP-021,DrugBeta-50mg,Rare Disease,Mechanism of Action,Live During HCP Call,Fully Answered,11.9,8.3,0,5,
MSL-003222,2025-11-25,REP-021,NeuroX-75mg,Rare Disease,Competitor Comparison,Post-Call Follow-up,Fully Answered,7.3,13.9,0,4,
MSL-003223,2025-11-26,REP-002,CardioPlus-25mg,Oncology,Patient Selection Criteria,Self-Study,Fully Answered,11.8,15.7,0,5,
MSL-003224,2025-11-26,REP-002,DrugGamma-200mg,Oncology,Competitor Comparison,Pre-Meeting Prep,Fully Answered,5.6,10.1,1,4,HCP-0124
MSL-003225,2025-11-26,REP-002,DrugBeta-50mg,Oncology,Real-World Evidence,Self-Study,Fully Answered,9.8,10.1,0,5,
MSL-003226,2025-11-26,REP-002,DrugBeta-50mg,Oncology,Mechanism of Action,Self-Study,Fully Answered,7.7,11.8,0,4,
MSL-003227,2025-11-26,REP-004,NeuroX-75mg,Cardiology,Off-label Evidence Request,Pre-Meeting Prep,Fully Answered,7.9,5.1,1,5,HCP-0070
MSL-003228,2025-11-26,REP-004,CardioPlus-25mg,Cardiology,Long-term Outcomes,Live During HCP Call,Fully Answered,7.4,16.1,0,5,
MSL-003229,2025-11-26,REP-004,DrugGamma-200mg,Cardiology,Drug Interactions,Pre-Meeting Prep,Fully Answered,9.7,8.5,1,4,HCP-0156
MSL-003230,2025-11-26,REP-004,CardioPlus-25mg,Cardiology,Adverse Events / Safety,Live During HCP Call,Fully Answered,10.2,14.7,0,4,
MSL-003231,2025-11-26,REP-008,NeuroX-75mg,Immunology,Adverse Events / Safety,Post-Call Follow-up,Redirected to Medical,12.3,0,0,3,
MSL-003232,2025-11-26,REP-008,DrugBeta-50mg,Immunology,Biomarker Data,Pre-Meeting Prep,Fully Answered,12.0,20.0,1,5,HCP-0045
MSL-003233,2025-11-26,REP-008,DrugBeta-50mg,Immunology,Off-label Evidence Request,Pre-Meeting Prep,Fully Answered,10.4,7.8,1,5,HCP-0279
MSL-003234,2025-11-26,REP-009,DrugAlpha-100mg,Cardiology,Real-World Evidence,Pre-Meeting Prep,Fully Answered,12.3,13.4,1,4,HCP-0491
MSL-003235,2025-11-26,REP-009,CardioPlus-25mg,Cardiology,Guidelines / Protocols,Pre-Meeting Prep,Fully Answered,13.8,12.5,1,4,HCP-0467
MSL-003236,2025-11-26,REP-009,DrugBeta-50mg,Cardiology,Real-World Evidence,Live During HCP Call,Fully Answered,13.9,2.3,1,5,HCP-0408
MSL-003237,2025-11-26,REP-009,CardioPlus-25mg,Cardiology,Patient Selection Criteria,Pre-Meeting Prep,Fully Answered,5.3,5.6,1,5,HCP-0016
MSL-003238,2025-11-26,REP-009,DrugAlpha-100mg,Cardiology,Guidelines / Protocols,Pre-Meeting Prep,Partially Answered,5.6,13.7,1,3,HCP-0293
MSL-003239,2025-11-26,REP-009,DrugAlpha-100mg,Cardiology,Adverse Events / Safety,Live During HCP Call,Redirected to Medical,17.8,0,0,2,
MSL-003240,2025-11-26,REP-009,DrugAlpha-100mg,Cardiology,Long-term Outcomes,Live During HCP Call,Fully Answered,6.6,7.7,1,5,HCP-0102
MSL-003241,2025-11-26,REP-010,CardioPlus-25mg,Immunology,Drug Interactions,Self-Study,Fully Answered,10.7,14.1,0,5,
MSL-003242,2025-11-26,REP-015,NeuroX-75mg,Oncology,Subgroup Analysis,Pre-Meeting Prep,Fully Answered,4.7,6.8,0,5,
MSL-003243,2025-11-26,REP-015,DrugGamma-200mg,Oncology,Adverse Events / Safety,Pre-Meeting Prep,Fully Answered,7.6,4.7,1,5,HCP-0196
MSL-003244,2025-11-26,REP-015,NeuroX-75mg,Oncology,Competitor Comparison,Live During HCP Call,Fully Answered,7.8,15.6,0,5,
MSL-003245,2025-11-26,REP-015,NeuroX-75mg,Oncology,Pharmacokinetics,Live During HCP Call,Fully Answered,3.8,9.8,1,5,HCP-0339
MSL-003246,2025-11-26,REP-015,DrugBeta-50mg,Oncology,Biomarker Data,Pre-Meeting Prep,Partially Answered,20.1,18.3,0,3,
MSL-003247,2025-11-26,REP-016,NeuroX-75mg,Neurology,Subgroup Analysis,Live During HCP Call,Fully Answered,4.5,9.0,1,4,HCP-0293
MSL-003248,2025-11-26,REP-016,DrugBeta-50mg,Neurology,Patient Selection Criteria,Live During HCP Call,Fully Answered,8.8,10.3,1,5,HCP-0374
MSL-003249,2025-11-26,REP-016,DrugBeta-50mg,Neurology,Drug Interactions,Live During HCP Call,Fully Answered,15.0,11.1,1,5,HCP-0175
MSL-003250,2025-11-26,REP-016,NeuroX-75mg,Neurology,Clinical Trial Data,Live During HCP Call,Partially Answered,14.9,14.1,1,3,HCP-0198
MSL-003251,2025-11-26,REP-017,NeuroX-75mg,Immunology,Biomarker Data,Self-Study,Fully Answered,8.6,19.3,0,5,
MSL-003252,2025-11-26,REP-021,DrugBeta-50mg,Rare Disease,Dosing Guidelines,Self-Study,Partially Answered,22.5,10.3,0,4,
MSL-003253,2025-11-26,REP-021,DrugGamma-200mg,Rare Disease,Combination Therapy,Pre-Meeting Prep,Fully Answered,11.8,8.8,1,5,HCP-0141
MSL-003254,2025-11-26,REP-021,NeuroX-75mg,Rare Disease,Drug Interactions,Pre-Meeting Prep,Fully Answered,13.0,12.6,1,5,HCP-0178
MSL-003255,2025-11-26,REP-021,DrugGamma-200mg,Rare Disease,Competitor Comparison,Live During HCP Call,Fully Answered,4.9,17.8,1,5,HCP-0188
MSL-003256,2025-11-27,REP-002,DrugBeta-50mg,Oncology,Adverse Events / Safety,Live During HCP Call,Redirected to Medical,31.2,0,0,1,
MSL-003257,2025-11-27,REP-004,CardioPlus-25mg,Cardiology,Guidelines / Protocols,Pre-Meeting Prep,Fully Answered,9.3,14.0,1,4,HCP-0498
MSL-003258,2025-11-27,REP-004,CardioPlus-25mg,Cardiology,Guidelines / Protocols,Live During HCP Call,Partially Answered,21.6,8.3,1,4,HCP-0011
MSL-003259,2025-11-27,REP-004,DrugGamma-200mg,Cardiology,Competitor Comparison,Pre-Meeting Prep,Fully Answered,5.6,13.8,1,5,HCP-0109
MSL-003260,2025-11-27,REP-008,CardioPlus-25mg,Immunology,Combination Therapy,Post-Call Follow-up,Fully Answered,10.4,15.9,0,5,
MSL-003261,2025-11-27,REP-008,NeuroX-75mg,Immunology,Competitor Comparison,Post-Call Follow-up,Fully Answered,4.7,15.0,0,5,
MSL-003262,2025-11-27,REP-009,NeuroX-75mg,Cardiology,Mechanism of Action,Post-Call Follow-up,Fully Answered,10.8,9.6,0,5,
MSL-003263,2025-11-27,REP-009,CardioPlus-25mg,Cardiology,Combination Therapy,Pre-Meeting Prep,Fully Answered,7.4,7.9,1,4,HCP-0058
MSL-003264,2025-11-27,REP-010,DrugAlpha-100mg,Immunology,Combination Therapy,Live During HCP Call,Fully Answered,8.7,2,1,4,HCP-0001
MSL-003265,2025-11-27,REP-010,DrugGamma-200mg,Immunology,Real-World Evidence,Pre-Meeting Prep,Fully Answered,1,9.6,0,5,
MSL-003266,2025-11-27,REP-010,DrugBeta-50mg,Immunology,Clinical Trial Data,Pre-Meeting Prep,Partially Answered,11.6,10.9,0,4,
MSL-003267,2025-11-27,REP-010,CardioPlus-25mg,Immunology,Clinical Trial Data,Live During HCP Call,Partially Answered,14.6,5.6,0,2,
MSL-003268,2025-11-27,REP-010,DrugAlpha-100mg,Immunology,Subgroup Analysis,Pre-Meeting Prep,No Answer Found,24.9,0,0,1,
MSL-003269,2025-11-27,REP-010,DrugGamma-200mg,Immunology,Real-World Evidence,Post-Call Follow-up,Partially Answered,20.3,12.0,0,3,
MSL-003270,2025-11-27,REP-010,DrugGamma-200mg,Immunology,Biomarker Data,Pre-Meeting Prep,Fully Answered,9.9,12.1,0,5,
MSL-003271,2025-11-27,REP-015,NeuroX-75mg,Oncology,Patient Selection Criteria,Self-Study,Fully Answered,13.9,13.5,0,5,
MSL-003272,2025-11-27,REP-015,DrugGamma-200mg,Oncology,Subgroup Analysis,Post-Call Follow-up,Fully Answered,9.7,10.7,0,5,
MSL-003273,2025-11-27,REP-016,DrugGamma-200mg,Neurology,Guidelines / Protocols,Live During HCP Call,Fully Answered,12.4,13.9,1,5,HCP-0096
MSL-003274,2025-11-27,REP-016,DrugGamma-200mg,Neurology,Dosing Guidelines,Pre-Meeting Prep,Partially Answered,10.0,12.3,0,3,
MSL-003275,2025-11-27,REP-016,CardioPlus-25mg,Neurology,Adverse Events / Safety,Pre-Meeting Prep,No Answer Found,13.3,0,0,1,
MSL-003276,2025-11-27,REP-017,CardioPlus-25mg,Immunology,Drug Interactions,Live During HCP Call,Fully Answered,12.6,5.4,1,5,HCP-0273
MSL-003277,2025-11-27,REP-017,NeuroX-75mg,Immunology,Drug Interactions,Live During HCP Call,Partially Answered,14.9,9.7,0,2,
MSL-003278,2025-11-27,REP-017,CardioPlus-25mg,Immunology,Guidelines / Protocols,Pre-Meeting Prep,Fully Answered,5.1,15.4,1,4,HCP-0272
MSL-003279,2025-11-27,REP-021,DrugGamma-200mg,Rare Disease,Guidelines / Protocols,Pre-Meeting Prep,Fully Answered,9.1,15.2,1,5,HCP-0092
MSL-003280,2025-11-28,REP-002,DrugBeta-50mg,Oncology,Guidelines / Protocols,Pre-Meeting Prep,Partially Answered,12.9,13.5,1,2,HCP-0228
MSL-003281,2025-11-28,REP-002,DrugGamma-200mg,Oncology,Clinical Trial Data,Pre-Meeting Prep,Fully Answered,8.8,10.9,1,5,HCP-0301
MSL-003282,2025-11-28,REP-004,DrugAlpha-100mg,Cardiology,Dosing Guidelines,Post-Call Follow-up,Partially Answered,9.7,2,0,4,
MSL-003283,2025-11-28,REP-004,DrugGamma-200mg,Cardiology,Pharmacokinetics,Self-Study,No Answer Found,25.2,0,0,1,
MSL-003284,2025-11-28,REP-004,DrugAlpha-100mg,Cardiology,Guidelines / Protocols,Pre-Meeting Prep,No Answer Found,40.2,0,0,2,
MSL-003285,2025-11-28,REP-004,CardioPlus-25mg,Cardiology,Guidelines / Protocols,Pre-Meeting Prep,Fully Answered,8.4,16.3,1,5,HCP-0371
MSL-003286,2025-11-28,REP-004,DrugGamma-200mg,Cardiology,Long-term Outcomes,Pre-Meeting Prep,Partially Answered,13.8,6.2,0,4,
MSL-003287,2025-11-28,REP-008,CardioPlus-25mg,Immunology,Real-World Evidence,Live During HCP Call,Fully Answered,11.5,9.4,1,5,HCP-0024
MSL-003288,2025-11-28,REP-008,DrugAlpha-100mg,Immunology,Guidelines / Protocols,Post-Call Follow-up,Fully Answered,8.8,13.4,0,5,
MSL-003289,2025-11-28,REP-009,NeuroX-75mg,Cardiology,Competitor Comparison,Live During HCP Call,Redirected to Medical,22.2,0,0,1,
MSL-003290,2025-11-28,REP-009,DrugAlpha-100mg,Cardiology,Competitor Comparison,Live During HCP Call,Fully Answered,5.5,12.9,0,4,
MSL-003291,2025-11-28,REP-009,CardioPlus-25mg,Cardiology,Mechanism of Action,Pre-Meeting Prep,Partially Answered,13.1,11.1,1,4,HCP-0141
MSL-003292,2025-11-28,REP-009,NeuroX-75mg,Cardiology,Off-label Evidence Request,Post-Call Follow-up,Fully Answered,8.4,14.1,0,5,
MSL-003293,2025-11-28,REP-010,DrugGamma-200mg,Immunology,Combination Therapy,Live During HCP Call,Fully Answered,7.7,12.0,1,4,HCP-0167
MSL-003294,2025-11-28,REP-010,NeuroX-75mg,Immunology,Pharmacokinetics,Self-Study,Fully Answered,12.4,18.8,0,5,
MSL-003295,2025-11-28,REP-010,DrugAlpha-100mg,Immunology,Subgroup Analysis,Pre-Meeting Prep,Fully Answered,5.8,5.4,1,5,HCP-0163
MSL-003296,2025-11-28,REP-015,DrugBeta-50mg,Oncology,Biomarker Data,Live During HCP Call,Fully Answered,2.4,9.7,1,5,HCP-0482
MSL-003297,2025-11-28,REP-015,DrugGamma-200mg,Oncology,Real-World Evidence,Pre-Meeting Prep,Fully Answered,7.3,7.0,1,5,HCP-0213
MSL-003298,2025-11-28,REP-015,DrugBeta-50mg,Oncology,Mechanism of Action,Live During HCP Call,Fully Answered,7.7,13.7,1,4,HCP-0476
MSL-003299,2025-11-28,REP-015,CardioPlus-25mg,Oncology,Guidelines / Protocols,Self-Study,Partially Answered,5.2,9.4,0,3,
MSL-003300,2025-11-28,REP-016,NeuroX-75mg,Neurology,Adverse Events / Safety,Pre-Meeting Prep,Redirected to Medical,36.2,0,0,3,
MSL-003301,2025-11-28,REP-016,DrugBeta-50mg,Neurology,Long-term Outcomes,Pre-Meeting Prep,Partially Answered,17.6,10.5,1,3,HCP-0093
MSL-003302,2025-11-28,REP-017,CardioPlus-25mg,Immunology,Dosing Guidelines,Live During HCP Call,No Answer Found,20.9,0,0,1,
MSL-003303,2025-11-28,REP-017,DrugBeta-50mg,Immunology,Real-World Evidence,Live During HCP Call,Partially Answered,11.9,15.7,1,2,HCP-0222
MSL-003304,2025-11-28,REP-017,CardioPlus-25mg,Immunology,Biomarker Data,Live During HCP Call,Fully Answered,9.3,19.1,1,5,HCP-0127
MSL-003305,2025-11-28,REP-017,DrugBeta-50mg,Immunology,Clinical Trial Data,Pre-Meeting Prep,Fully Answered,8.2,14.5,0,4,
MSL-003306,2025-11-28,REP-017,NeuroX-75mg,Immunology,Dosing Guidelines,Live During HCP Call,Fully Answered,12.6,14.6,1,4,HCP-0371
MSL-003307,2025-11-28,REP-017,DrugAlpha-100mg,Immunology,Subgroup Analysis,Live During HCP Call,Fully Answered,7.5,7.2,0,5,
MSL-003308,2025-11-28,REP-021,DrugAlpha-100mg,Rare Disease,Biomarker Data,Live During HCP Call,Partially Answered,8.8,10.1,1,4,HCP-0402
MSL-003309,2025-11-28,REP-021,NeuroX-75mg,Rare Disease,Guidelines / Protocols,Pre-Meeting Prep,Redirected to Medical,32.5,0,0,1,
MSL-003310,2025-11-28,REP-021,DrugAlpha-100mg,Rare Disease,Real-World Evidence,Pre-Meeting Prep,Fully Answered,8.9,11.1,1,4,HCP-0284
MSL-003311,2025-11-28,REP-021,DrugAlpha-100mg,Rare Disease,Biomarker Data,Post-Call Follow-up,Redirected to Medical,10.1,0,0,3,
MSL-003312,2025-11-28,REP-021,DrugAlpha-100mg,Rare Disease,Guidelines / Protocols,Live During HCP Call,Partially Answered,4.3,13.6,1,4,HCP-0071
MSL-003313,2025-12-01,REP-002,DrugGamma-200mg,Oncology,Dosing Guidelines,Pre-Meeting Prep,Fully Answered,11.7,10.9,0,5,
MSL-003314,2025-12-01,REP-002,DrugAlpha-100mg,Oncology,Pharmacokinetics,Live During HCP Call,Fully Answered,5.9,15.5,1,4,HCP-0469
MSL-003315,2025-12-01,REP-002,DrugBeta-50mg,Oncology,Clinical Trial Data,Live During HCP Call,Partially Answered,18.0,11.8,1,2,HCP-0104
MSL-003316,2025-12-01,REP-002,NeuroX-75mg,Oncology,Dosing Guidelines,Live During HCP Call,Redirected to Medical,25.2,0,0,2,
MSL-003317,2025-12-01,REP-002,CardioPlus-25mg,Oncology,Patient Selection Criteria,Pre-Meeting Prep,Redirected to Medical,24.0,0,0,1,
MSL-003318,2025-12-01,REP-002,NeuroX-75mg,Oncology,Competitor Comparison,Pre-Meeting Prep,Fully Answered,9.5,14.3,1,4,HCP-0433
MSL-003319,2025-12-01,REP-002,DrugAlpha-100mg,Oncology,Patient Selection Criteria,Pre-Meeting Prep,Fully Answered,5.7,14.8,1,5,HCP-0161
MSL-003320,2025-12-01,REP-002,DrugBeta-50mg,Oncology,Drug Interactions,Self-Study,Fully Answered,6.0,6.4,0,4,
MSL-003321,2025-12-01,REP-004,DrugGamma-200mg,Cardiology,Off-label Evidence Request,Post-Call Follow-up,Fully Answered,4.3,7.2,0,5,
MSL-003322,2025-12-01,REP-008,DrugAlpha-100mg,Immunology,Patient Selection Criteria,Pre-Meeting Prep,Fully Answered,9.7,11.2,1,4,HCP-0211
MSL-003323,2025-12-01,REP-008,DrugBeta-50mg,Immunology,Adverse Events / Safety,Live During HCP Call,Redirected to Medical,38.6,0,0,2,
MSL-003324,2025-12-01,REP-008,DrugGamma-200mg,Immunology,Off-label Evidence Request,Post-Call Follow-up,Fully Answered,5.5,14.8,0,4,
MSL-003325,2025-12-01,REP-008,DrugAlpha-100mg,Immunology,Dosing Guidelines,Pre-Meeting Prep,Partially Answered,15.3,12.9,0,4,
MSL-003326,2025-12-01,REP-009,DrugGamma-200mg,Cardiology,Real-World Evidence,Pre-Meeting Prep,Fully Answered,3.0,8.2,1,4,HCP-0089
MSL-003327,2025-12-01,REP-009,NeuroX-75mg,Cardiology,Real-World Evidence,Live During HCP Call,Fully Answered,9.3,5.1,1,4,HCP-0248
MSL-003328,2025-12-01,REP-009,CardioPlus-25mg,Cardiology,Subgroup Analysis,Post-Call Follow-up,Partially Answered,17.5,10.4,0,4,
MSL-003329,2025-12-01,REP-009,NeuroX-75mg,Cardiology,Adverse Events / Safety,Live During HCP Call,Fully Answered,5.7,9.3,1,4,HCP-0164
MSL-003330,2025-12-01,REP-010,NeuroX-75mg,Immunology,Biomarker Data,Pre-Meeting Prep,Fully Answered,12.2,12.9,1,5,HCP-0200
MSL-003331,2025-12-01,REP-010,NeuroX-75mg,Immunology,Long-term Outcomes,Post-Call Follow-up,Fully Answered,9.3,21.1,0,5,
MSL-003332,2025-12-01,REP-010,DrugAlpha-100mg,Immunology,Biomarker Data,Live During HCP Call,Fully Answered,9.8,12.0,0,4,
MSL-003333,2025-12-01,REP-010,DrugGamma-200mg,Immunology,Mechanism of Action,Live During HCP Call,Fully Answered,6.3,11.0,1,4,HCP-0174
MSL-003334,2025-12-01,REP-010,CardioPlus-25mg,Immunology,Drug Interactions,Live During HCP Call,Fully Answered,8.8,15.5,1,5,HCP-0482
MSL-003335,2025-12-01,REP-010,NeuroX-75mg,Immunology,Pharmacokinetics,Post-Call Follow-up,Fully Answered,7.6,20.8,0,5,
MSL-003336,2025-12-01,REP-010,DrugGamma-200mg,Immunology,Real-World Evidence,Post-Call Follow-up,Fully Answered,5.4,9.4,0,5,
MSL-003337,2025-12-01,REP-015,NeuroX-75mg,Oncology,Clinical Trial Data,Pre-Meeting Prep,Fully Answered,10.7,11.9,0,5,
MSL-003338,2025-12-01,REP-015,DrugGamma-200mg,Oncology,Competitor Comparison,Self-Study,Partially Answered,17.6,8.0,0,3,
MSL-003339,2025-12-01,REP-015,CardioPlus-25mg,Oncology,Competitor Comparison,Post-Call Follow-up,Partially Answered,11.4,16.2,0,3,
MSL-003340,2025-12-01,REP-016,DrugGamma-200mg,Neurology,Adverse Events / Safety,Pre-Meeting Prep,Fully Answered,6.0,20.2,1,5,HCP-0164
MSL-003341,2025-12-01,REP-016,CardioPlus-25mg,Neurology,Patient Selection Criteria,Post-Call Follow-up,Partially Answered,7.7,15.5,0,3,
MSL-003342,2025-12-01,REP-017,NeuroX-75mg,Immunology,Clinical Trial Data,Self-Study,Fully Answered,7.0,6.1,0,5,
MSL-003343,2025-12-01,REP-017,CardioPlus-25mg,Immunology,Guidelines / Protocols,Post-Call Follow-up,Fully Answered,5.3,21.2,0,5,
MSL-003344,2025-12-01,REP-017,CardioPlus-25mg,Immunology,Guidelines / Protocols,Live During HCP Call,Partially Answered,14.6,17.7,1,3,HCP-0151
MSL-003345,2025-12-01,REP-017,DrugBeta-50mg,Immunology,Dosing Guidelines,Post-Call Follow-up,Partially Answered,15.4,15.2,0,3,
MSL-003346,2025-12-01,REP-021,DrugGamma-200mg,Rare Disease,Clinical Trial Data,Post-Call Follow-up,No Answer Found,30.9,0,0,3,
MSL-003347,2025-12-01,REP-021,DrugGamma-200mg,Rare Disease,Adverse Events / Safety,Post-Call Follow-up,Partially Answered,19.7,9.9,0,4,
MSL-003348,2025-12-01,REP-021,DrugBeta-50mg,Rare Disease,Competitor Comparison,Live During HCP Call,Fully Answered,9.1,8.9,0,5,
MSL-003349,2025-12-01,REP-021,NeuroX-75mg,Rare Disease,Dosing Guidelines,Post-Call Follow-up,Fully Answered,6.5,7.2,0,5,
MSL-003350,2025-12-01,REP-021,DrugBeta-50mg,Rare Disease,Subgroup Analysis,Pre-Meeting Prep,Redirected to Medical,28.7,0,0,2,
MSL-003351,2025-12-01,REP-021,DrugAlpha-100mg,Rare Disease,Competitor Comparison,Live During HCP Call,Partially Answered,24.3,14.0,1,4,HCP-0472
MSL-003352,2025-12-01,REP-021,DrugAlpha-100mg,Rare Disease,Real-World Evidence,Pre-Meeting Prep,Fully Answered,11.5,12.6,1,5,HCP-0114
MSL-003353,2025-12-02,REP-002,DrugGamma-200mg,Oncology,Long-term Outcomes,Live During HCP Call,Fully Answered,8.8,2,1,5,HCP-0289
MSL-003354,2025-12-02,REP-002,DrugBeta-50mg,Oncology,Guidelines / Protocols,Self-Study,Fully Answered,4.2,15.2,0,5,
MSL-003355,2025-12-02,REP-002,NeuroX-75mg,Oncology,Combination Therapy,Self-Study,Fully Answered,6.7,10.4,0,5,
MSL-003356,2025-12-02,REP-002,CardioPlus-25mg,Oncology,Long-term Outcomes,Post-Call Follow-up,Fully Answered,5.7,17.6,0,5,
MSL-003357,2025-12-02,REP-002,DrugGamma-200mg,Oncology,Guidelines / Protocols,Live During HCP Call,Partially Answered,17.1,7.1,1,3,HCP-0285
MSL-003358,2025-12-02,REP-002,NeuroX-75mg,Oncology,Off-label Evidence Request,Live During HCP Call,Fully Answered,8.8,14.9,1,5,HCP-0044
MSL-003359,2025-12-02,REP-002,NeuroX-75mg,Oncology,Subgroup Analysis,Self-Study,Fully Answered,8.5,10.6,0,5,
MSL-003360,2025-12-02,REP-004,DrugBeta-50mg,Cardiology,Guidelines / Protocols,Self-Study,Fully Answered,7.8,10.4,0,5,
MSL-003361,2025-12-02,REP-004,DrugBeta-50mg,Cardiology,Combination Therapy,Live During HCP Call,Fully Answered,8.3,15.4,1,4,HCP-0118
MSL-003362,2025-12-02,REP-008,CardioPlus-25mg,Immunology,Clinical Trial Data,Self-Study,Partially Answered,17.2,3.7,0,3,
MSL-003363,2025-12-02,REP-008,NeuroX-75mg,Immunology,Real-World Evidence,Self-Study,Fully Answered,11.2,9.6,0,4,
MSL-003364,2025-12-02,REP-008,DrugGamma-200mg,Immunology,Patient Selection Criteria,Pre-Meeting Prep,Partially Answered,9.1,11.2,1,2,HCP-0183
MSL-003365,2025-12-02,REP-008,DrugAlpha-100mg,Immunology,Competitor Comparison,Pre-Meeting Prep,Fully Answered,16.8,2.7,1,5,HCP-0081
MSL-003366,2025-12-02,REP-008,DrugBeta-50mg,Immunology,Mechanism of Action,Post-Call Follow-up,Redirected to Medical,31.3,0,0,2,
MSL-003367,2025-12-02,REP-008,NeuroX-75mg,Immunology,Biomarker Data,Self-Study,Fully Answered,7.9,20.6,0,5,
MSL-003368,2025-12-02,REP-009,DrugBeta-50mg,Cardiology,Biomarker Data,Live During HCP Call,Fully Answered,3.9,11.8,1,5,HCP-0144
MSL-003369,2025-12-02,REP-009,DrugBeta-50mg,Cardiology,Clinical Trial Data,Self-Study,Fully Answered,4.9,11.5,0,5,
MSL-003370,2025-12-02,REP-009,DrugAlpha-100mg,Cardiology,Guidelines / Protocols,Pre-Meeting Prep,Fully Answered,7.8,9.5,1,5,HCP-0130
MSL-003371,2025-12-02,REP-009,DrugBeta-50mg,Cardiology,Off-label Evidence Request,Pre-Meeting Prep,Fully Answered,11.3,9.3,1,4,HCP-0372
MSL-003372,2025-12-02,REP-009,DrugGamma-200mg,Cardiology,Clinical Trial Data,Live During HCP Call,No Answer Found,22.8,0,0,1,
MSL-003373,2025-12-02,REP-009,DrugAlpha-100mg,Cardiology,Dosing Guidelines,Pre-Meeting Prep,Fully Answered,6.3,5.3,1,4,HCP-0497
MSL-003374,2025-12-02,REP-010,DrugGamma-200mg,Immunology,Off-label Evidence Request,Pre-Meeting Prep,Partially Answered,16.9,10.5,1,4,HCP-0312
MSL-003375,2025-12-02,REP-010,NeuroX-75mg,Immunology,Clinical Trial Data,Self-Study,Partially Answered,12.3,22.1,0,3,
MSL-003376,2025-12-02,REP-010,DrugAlpha-100mg,Immunology,Pharmacokinetics,Post-Call Follow-up,Fully Answered,3.4,5.3,0,5,
MSL-003377,2025-12-02,REP-010,CardioPlus-25mg,Immunology,Real-World Evidence,Live During HCP Call,Partially Answered,17.2,10.9,1,4,HCP-0099
MSL-003378,2025-12-02,REP-010,CardioPlus-25mg,Immunology,Long-term Outcomes,Post-Call Follow-up,Fully Answered,9.0,14.3,0,5,
MSL-003379,2025-12-02,REP-010,CardioPlus-25mg,Immunology,Drug Interactions,Pre-Meeting Prep,Fully Answered,5.8,19.9,0,5,
MSL-003380,2025-12-02,REP-010,DrugBeta-50mg,Immunology,Biomarker Data,Pre-Meeting Prep,No Answer Found,25.7,0,0,1,
MSL-003381,2025-12-02,REP-015,DrugBeta-50mg,Oncology,Real-World Evidence,Post-Call Follow-up,Fully Answered,12.5,11.1,0,5,
MSL-003382,2025-12-02,REP-015,CardioPlus-25mg,Oncology,Drug Interactions,Pre-Meeting Prep,Fully Answered,7.9,13.3,1,5,HCP-0114
MSL-003383,2025-12-02,REP-015,DrugGamma-200mg,Oncology,Real-World Evidence,Pre-Meeting Prep,Partially Answered,16.8,10.7,1,4,HCP-0408
MSL-003384,2025-12-02,REP-015,CardioPlus-25mg,Oncology,Guidelines / Protocols,Self-Study,Fully Answered,9.5,11.4,0,4,
MSL-003385,2025-12-02,REP-015,NeuroX-75mg,Oncology,Subgroup Analysis,Live During HCP Call,Fully Answered,11.4,14.3,1,5,HCP-0398
MSL-003386,2025-12-02,REP-015,NeuroX-75mg,Oncology,Off-label Evidence Request,Live During HCP Call,Partially Answered,7.9,5.1,0,3,
MSL-003387,2025-12-02,REP-015,NeuroX-75mg,Oncology,Off-label Evidence Request,Live During HCP Call,Fully Answered,2.8,13.3,0,4,
MSL-003388,2025-12-02,REP-015,DrugBeta-50mg,Oncology,Competitor Comparison,Live During HCP Call,Fully Answered,14.3,8.5,1,5,HCP-0112
MSL-003389,2025-12-02,REP-016,DrugAlpha-100mg,Neurology,Real-World Evidence,Post-Call Follow-up,Fully Answered,14.4,6.0,0,5,
MSL-003390,2025-12-02,REP-016,CardioPlus-25mg,Neurology,Biomarker Data,Pre-Meeting Prep,Partially Answered,13.2,14.9,1,2,HCP-0330
MSL-003391,2025-12-02,REP-016,NeuroX-75mg,Neurology,Clinical Trial Data,Live During HCP Call,Fully Answered,11.6,5.5,1,5,HCP-0323
MSL-003392,2025-12-02,REP-017,CardioPlus-25mg,Immunology,Patient Selection Criteria,Pre-Meeting Prep,Fully Answered,6.3,8.1,1,4,HCP-0071
MSL-003393,2025-12-02,REP-017,DrugAlpha-100mg,Immunology,Guidelines / Protocols,Live During HCP Call,Fully Answered,10.2,15.4,1,4,HCP-0012
MSL-003394,2025-12-02,REP-017,CardioPlus-25mg,Immunology,Subgroup Analysis,Post-Call Follow-up,No Answer Found,39.7,0,0,3,
MSL-003395,2025-12-02,REP-017,DrugBeta-50mg,Immunology,Long-term Outcomes,Post-Call Follow-up,Fully Answered,9.6,3.0,0,5,
MSL-003396,2025-12-02,REP-021,DrugBeta-50mg,Rare Disease,Pharmacokinetics,Pre-Meeting Prep,Partially Answered,21.5,6.7,1,3,HCP-0280
MSL-003397,2025-12-02,REP-021,DrugGamma-200mg,Rare Disease,Competitor Comparison,Post-Call Follow-up,Fully Answered,8.4,12.9,0,4,
MSL-003398,2025-12-02,REP-021,DrugGamma-200mg,Rare Disease,Dosing Guidelines,Self-Study,Fully Answered,6.1,7.1,0,5,
MSL-003399,2025-12-03,REP-004,NeuroX-75mg,Cardiology,Dosing Guidelines,Post-Call Follow-up,Fully Answered,11.5,15.8,0,5,
MSL-003400,2025-12-03,REP-004,NeuroX-75mg,Cardiology,Pharmacokinetics,Self-Study,Fully Answered,6.2,18.2,0,5,
MSL-003401,2025-12-03,REP-004,DrugAlpha-100mg,Cardiology,Mechanism of Action,Self-Study,Fully Answered,11.6,8.9,0,4,
MSL-003402,2025-12-03,REP-004,DrugBeta-50mg,Cardiology,Off-label Evidence Request,Pre-Meeting Prep,Fully Answered,11.7,14.3,1,4,HCP-0226
MSL-003403,2025-12-03,REP-004,DrugAlpha-100mg,Cardiology,Drug Interactions,Post-Call Follow-up,No Answer Found,36.3,0,0,1,
MSL-003404,2025-12-03,REP-008,NeuroX-75mg,Immunology,Guidelines / Protocols,Pre-Meeting Prep,Fully Answered,8.9,16.7,1,5,HCP-0063
MSL-003405,2025-12-03,REP-008,DrugGamma-200mg,Immunology,Drug Interactions,Post-Call Follow-up,No Answer Found,21.7,0,0,2,
MSL-003406,2025-12-03,REP-008,NeuroX-75mg,Immunology,Competitor Comparison,Self-Study,Fully Answered,7.8,3.1,0,5,
MSL-003407,2025-12-03,REP-008,CardioPlus-25mg,Immunology,Real-World Evidence,Live During HCP Call,Redirected to Medical,32.9,0,0,1,
MSL-003408,2025-12-03,REP-008,DrugBeta-50mg,Immunology,Adverse Events / Safety,Live During HCP Call,Partially Answered,15.3,16.9,1,2,HCP-0040
MSL-003409,2025-12-03,REP-008,DrugAlpha-100mg,Immunology,Real-World Evidence,Self-Study,Fully Answered,10.6,13.3,0,5,
MSL-003410,2025-12-03,REP-008,DrugAlpha-100mg,Immunology,Competitor Comparison,Pre-Meeting Prep,Fully Answered,7.7,9.8,1,5,HCP-0043
MSL-003411,2025-12-03,REP-008,CardioPlus-25mg,Immunology,Clinical Trial Data,Pre-Meeting Prep,Fully Answered,9.4,9.2,1,4,HCP-0425
MSL-003412,2025-12-03,REP-009,DrugAlpha-100mg,Cardiology,Clinical Trial Data,Pre-Meeting Prep,No Answer Found,26.0,0,0,1,
MSL-003413,2025-12-03,REP-009,NeuroX-75mg,Cardiology,Guidelines / Protocols,Live During HCP Call,Fully Answered,10.0,14.4,1,5,HCP-0246
MSL-003414,2025-12-03,REP-009,NeuroX-75mg,Cardiology,Clinical Trial Data,Live During HCP Call,Partially Answered,9.6,14.8,1,2,HCP-0151
MSL-003415,2025-12-03,REP-009,NeuroX-75mg,Cardiology,Combination Therapy,Post-Call Follow-up,Fully Answered,8.6,15.0,0,4,
MSL-003416,2025-12-03,REP-009,NeuroX-75mg,Cardiology,Real-World Evidence,Pre-Meeting Prep,Fully Answered,6.2,15.5,0,4,
MSL-003417,2025-12-03,REP-016,DrugGamma-200mg,Neurology,Competitor Comparison,Self-Study,Fully Answered,8.5,14.3,0,4,
MSL-003418,2025-12-03,REP-016,NeuroX-75mg,Neurology,Patient Selection Criteria,Pre-Meeting Prep,Fully Answered,10.5,7.5,1,4,HCP-0329
MSL-003419,2025-12-03,REP-016,CardioPlus-25mg,Neurology,Patient Selection Criteria,Post-Call Follow-up,Fully Answered,4.3,5.9,0,5,
MSL-003420,2025-12-03,REP-016,DrugBeta-50mg,Neurology,Off-label Evidence Request,Pre-Meeting Prep,Fully Answered,2.9,23.1,1,5,HCP-0288
MSL-003421,2025-12-03,REP-017,DrugBeta-50mg,Immunology,Combination Therapy,Self-Study,Fully Answered,9.1,15.1,0,5,
MSL-003422,2025-12-03,REP-017,CardioPlus-25mg,Immunology,Biomarker Data,Live During HCP Call,Redirected to Medical,22.6,0,0,2,
MSL-003423,2025-12-03,REP-017,DrugGamma-200mg,Immunology,Long-term Outcomes,Self-Study,Partially Answered,19.2,16.4,0,2,
MSL-003424,2025-12-03,REP-017,DrugGamma-200mg,Immunology,Subgroup Analysis,Pre-Meeting Prep,Partially Answered,11.1,7.5,1,2,HCP-0473
MSL-003425,2025-12-03,REP-021,DrugBeta-50mg,Rare Disease,Combination Therapy,Live During HCP Call,No Answer Found,17.0,0,0,1,
MSL-003426,2025-12-03,REP-021,DrugBeta-50mg,Rare Disease,Drug Interactions,Pre-Meeting Prep,Fully Answered,5.4,10.9,1,4,HCP-0268
MSL-003427,2025-12-03,REP-021,DrugAlpha-100mg,Rare Disease,Combination Therapy,Post-Call Follow-up,Fully Answered,3.8,11.6,0,5,
MSL-003428,2025-12-03,REP-021,DrugGamma-200mg,Rare Disease,Pharmacokinetics,Live During HCP Call,Redirected to Medical,21.0,0,0,2,
MSL-003429,2025-12-04,REP-002,DrugBeta-50mg,Oncology,Adverse Events / Safety,Post-Call Follow-up,Fully Answered,7.2,12.3,0,5,
MSL-003430,2025-12-04,REP-002,DrugGamma-200mg,Oncology,Clinical Trial Data,Self-Study,Fully Answered,3.0,18.9,0,5,
MSL-003431,2025-12-04,REP-002,DrugBeta-50mg,Oncology,Subgroup Analysis,Live During HCP Call,Fully Answered,7.6,6.6,1,4,HCP-0273
MSL-003432,2025-12-04,REP-002,DrugGamma-200mg,Oncology,Subgroup Analysis,Live During HCP Call,Redirected to Medical,28.2,0,0,1,
MSL-003433,2025-12-04,REP-002,DrugGamma-200mg,Oncology,Adverse Events / Safety,Pre-Meeting Prep,No Answer Found,18.7,0,0,2,
MSL-003434,2025-12-04,REP-002,CardioPlus-25mg,Oncology,Real-World Evidence,Live During HCP Call,Fully Answered,7.1,15.5,1,5,HCP-0204
MSL-003435,2025-12-04,REP-004,DrugAlpha-100mg,Cardiology,Subgroup Analysis,Self-Study,Fully Answered,6.8,12.1,0,4,
MSL-003436,2025-12-04,REP-004,CardioPlus-25mg,Cardiology,Competitor Comparison,Pre-Meeting Prep,No Answer Found,19.0,0,0,1,
MSL-003437,2025-12-04,REP-008,DrugAlpha-100mg,Immunology,Long-term Outcomes,Live During HCP Call,Partially Answered,15.4,20.2,1,3,HCP-0027
MSL-003438,2025-12-04,REP-008,DrugBeta-50mg,Immunology,Patient Selection Criteria,Pre-Meeting Prep,Partially Answered,10.4,9.3,1,2,HCP-0143
MSL-003439,2025-12-04,REP-008,NeuroX-75mg,Immunology,Biomarker Data,Live During HCP Call,Partially Answered,14.2,16.8,1,4,HCP-0500
MSL-003440,2025-12-04,REP-010,CardioPlus-25mg,Immunology,Mechanism of Action,Self-Study,Fully Answered,5.3,11.6,0,4,
MSL-003441,2025-12-04,REP-010,DrugGamma-200mg,Immunology,Biomarker Data,Pre-Meeting Prep,Fully Answered,10.5,11.1,0,5,
MSL-003442,2025-12-04,REP-010,NeuroX-75mg,Immunology,Long-term Outcomes,Live During HCP Call,Fully Answered,4.6,15.6,1,4,HCP-0046
MSL-003443,2025-12-04,REP-015,NeuroX-75mg,Oncology,Mechanism of Action,Self-Study,Fully Answered,9.5,6.9,0,5,
MSL-003444,2025-12-04,REP-015,CardioPlus-25mg,Oncology,Subgroup Analysis,Live During HCP Call,Fully Answered,8.4,6.9,1,5,HCP-0214
MSL-003445,2025-12-04,REP-016,CardioPlus-25mg,Neurology,Dosing Guidelines,Self-Study,Partially Answered,14.0,19.0,0,4,
MSL-003446,2025-12-04,REP-016,DrugAlpha-100mg,Neurology,Combination Therapy,Pre-Meeting Prep,Fully Answered,14.1,5.2,0,4,
MSL-003447,2025-12-04,REP-016,DrugBeta-50mg,Neurology,Pharmacokinetics,Live During HCP Call,Fully Answered,6.9,16.0,1,5,HCP-0012
MSL-003448,2025-12-04,REP-016,DrugAlpha-100mg,Neurology,Subgroup Analysis,Post-Call Follow-up,No Answer Found,18.5,0,0,3,
MSL-003449,2025-12-04,REP-017,CardioPlus-25mg,Immunology,Off-label Evidence Request,Post-Call Follow-up,Partially Answered,12.8,17.1,0,3,
MSL-003450,2025-12-04,REP-017,DrugGamma-200mg,Immunology,Combination Therapy,Live During HCP Call,Fully Answered,7.5,15.2,0,5,
MSL-003451,2025-12-04,REP-017,DrugAlpha-100mg,Immunology,Long-term Outcomes,Post-Call Follow-up,Fully Answered,10.7,12.7,0,4,
MSL-003452,2025-12-04,REP-021,CardioPlus-25mg,Rare Disease,Mechanism of Action,Live During HCP Call,Redirected to Medical,25.9,0,0,1,
MSL-003453,2025-12-04,REP-021,CardioPlus-25mg,Rare Disease,Guidelines / Protocols,Pre-Meeting Prep,Partially Answered,9.6,17.5,1,3,HCP-0130
MSL-003454,2025-12-04,REP-021,DrugBeta-50mg,Rare Disease,Dosing Guidelines,Live During HCP Call,Redirected to Medical,20.4,0,0,2,
MSL-003455,2025-12-05,REP-002,DrugAlpha-100mg,Oncology,Real-World Evidence,Pre-Meeting Prep,Fully Answered,6.2,8.8,1,5,HCP-0358
MSL-003456,2025-12-05,REP-002,NeuroX-75mg,Oncology,Pharmacokinetics,Pre-Meeting Prep,Fully Answered,6.1,9.7,1,5,HCP-0048
MSL-003457,2025-12-05,REP-002,CardioPlus-25mg,Oncology,Guidelines / Protocols,Live During HCP Call,Fully Answered,8.4,10.0,1,5,HCP-0160
MSL-003458,2025-12-05,REP-004,DrugAlpha-100mg,Cardiology,Subgroup Analysis,Pre-Meeting Prep,Partially Answered,24.3,11.4,0,3,
MSL-003459,2025-12-05,REP-004,DrugBeta-50mg,Cardiology,Subgroup Analysis,Live During HCP Call,Fully Answered,5.5,8.3,1,4,HCP-0026
MSL-003460,2025-12-05,REP-004,DrugAlpha-100mg,Cardiology,Guidelines / Protocols,Post-Call Follow-up,Fully Answered,4.2,7.2,0,5,
MSL-003461,2025-12-05,REP-008,DrugBeta-50mg,Immunology,Mechanism of Action,Live During HCP Call,Fully Answered,8.6,12.6,1,5,HCP-0147
MSL-003462,2025-12-05,REP-008,DrugGamma-200mg,Immunology,Long-term Outcomes,Live During HCP Call,Partially Answered,15.4,11.3,1,3,HCP-0046
MSL-003463,2025-12-05,REP-009,DrugAlpha-100mg,Cardiology,Competitor Comparison,Pre-Meeting Prep,Partially Answered,17.9,12.7,1,3,HCP-0238
MSL-003464,2025-12-05,REP-009,DrugBeta-50mg,Cardiology,Long-term Outcomes,Self-Study,No Answer Found,17.6,0,0,2,
MSL-003465,2025-12-05,REP-009,DrugGamma-200mg,Cardiology,Subgroup Analysis,Self-Study,Fully Answered,8.1,15.9,0,4,
MSL-003466,2025-12-05,REP-010,DrugBeta-50mg,Immunology,Subgroup Analysis,Pre-Meeting Prep,Fully Answered,6.8,11.3,0,5,
MSL-003467,2025-12-05,REP-010,NeuroX-75mg,Immunology,Pharmacokinetics,Pre-Meeting Prep,Fully Answered,5.7,19.1,1,5,HCP-0058
MSL-003468,2025-12-05,REP-015,CardioPlus-25mg,Oncology,Patient Selection Criteria,Post-Call Follow-up,Partially Answered,17.0,8.2,0,3,
MSL-003469,2025-12-05,REP-015,DrugGamma-200mg,Oncology,Mechanism of Action,Live During HCP Call,Fully Answered,5.4,2.9,0,5,
MSL-003470,2025-12-05,REP-015,CardioPlus-25mg,Oncology,Competitor Comparison,Self-Study,Fully Answered,5.6,8.7,0,5,
MSL-003471,2025-12-05,REP-015,DrugGamma-200mg,Oncology,Clinical Trial Data,Live During HCP Call,Fully Answered,2.8,18.6,1,4,HCP-0025
MSL-003472,2025-12-05,REP-016,CardioPlus-25mg,Neurology,Adverse Events / Safety,Self-Study,Fully Answered,4.9,12.7,0,4,
MSL-003473,2025-12-05,REP-016,DrugBeta-50mg,Neurology,Off-label Evidence Request,Pre-Meeting Prep,Fully Answered,11.3,7.0,1,4,HCP-0449
MSL-003474,2025-12-05,REP-017,DrugBeta-50mg,Immunology,Guidelines / Protocols,Live During HCP Call,No Answer Found,18.2,0,0,2,
MSL-003475,2025-12-05,REP-017,CardioPlus-25mg,Immunology,Drug Interactions,Self-Study,Fully Answered,6.3,17.5,0,5,
MSL-003476,2025-12-05,REP-021,DrugGamma-200mg,Rare Disease,Competitor Comparison,Post-Call Follow-up,Fully Answered,6.7,14.3,0,4,
MSL-003477,2025-12-05,REP-021,CardioPlus-25mg,Rare Disease,Combination Therapy,Live During HCP Call,Redirected to Medical,34.3,0,0,2,
MSL-003478,2025-12-05,REP-021,NeuroX-75mg,Rare Disease,Combination Therapy,Pre-Meeting Prep,Fully Answered,5.1,17.3,1,5,HCP-0190
MSL-003479,2025-12-08,REP-002,NeuroX-75mg,Oncology,Competitor Comparison,Pre-Meeting Prep,Redirected to Medical,30.5,0,0,1,
MSL-003480,2025-12-08,REP-002,DrugAlpha-100mg,Oncology,Combination Therapy,Self-Study,Fully Answered,9.3,4.5,0,4,
MSL-003481,2025-12-08,REP-002,NeuroX-75mg,Oncology,Long-term Outcomes,Live During HCP Call,Partially Answered,11.6,19.1,1,3,HCP-0268
MSL-003482,2025-12-08,REP-002,DrugAlpha-100mg,Oncology,Clinical Trial Data,Live During HCP Call,Fully Answered,6.1,12.5,1,4,HCP-0159
MSL-003483,2025-12-08,REP-002,NeuroX-75mg,Oncology,Adverse Events / Safety,Pre-Meeting Prep,Fully Answered,6.0,19.4,1,5,HCP-0459
MSL-003484,2025-12-08,REP-002,DrugAlpha-100mg,Oncology,Real-World Evidence,Live During HCP Call,Fully Answered,7.0,7.2,1,4,HCP-0010
MSL-003485,2025-12-08,REP-002,CardioPlus-25mg,Oncology,Guidelines / Protocols,Live During HCP Call,Partially Answered,15.9,12.9,0,2,
MSL-003486,2025-12-08,REP-004,DrugBeta-50mg,Cardiology,Competitor Comparison,Live During HCP Call,Fully Answered,5.0,6.1,1,5,HCP-0203
MSL-003487,2025-12-08,REP-004,DrugAlpha-100mg,Cardiology,Biomarker Data,Post-Call Follow-up,Fully Answered,2.9,7.9,0,5,
MSL-003488,2025-12-08,REP-004,NeuroX-75mg,Cardiology,Competitor Comparison,Self-Study,Redirected to Medical,17.9,0,0,1,
MSL-003489,2025-12-08,REP-004,DrugBeta-50mg,Cardiology,Guidelines / Protocols,Live During HCP Call,Fully Answered,4.0,8.0,1,5,HCP-0433
MSL-003490,2025-12-08,REP-008,CardioPlus-25mg,Immunology,Subgroup Analysis,Pre-Meeting Prep,No Answer Found,15.8,0,0,2,
MSL-003491,2025-12-08,REP-008,DrugBeta-50mg,Immunology,Guidelines / Protocols,Self-Study,Fully Answered,10.6,16.4,0,5,
MSL-003492,2025-12-08,REP-008,DrugGamma-200mg,Immunology,Real-World Evidence,Live During HCP Call,Fully Answered,7.6,21.8,1,5,HCP-0428
MSL-003493,2025-12-08,REP-008,DrugAlpha-100mg,Immunology,Pharmacokinetics,Pre-Meeting Prep,Fully Answered,4.2,8.8,1,5,HCP-0329
MSL-003494,2025-12-08,REP-009,NeuroX-75mg,Cardiology,Biomarker Data,Post-Call Follow-up,Fully Answered,6.7,9.5,0,5,
MSL-003495,2025-12-08,REP-009,CardioPlus-25mg,Cardiology,Subgroup Analysis,Self-Study,Fully Answered,8.4,15.4,0,5,
MSL-003496,2025-12-08,REP-009,DrugAlpha-100mg,Cardiology,Combination Therapy,Pre-Meeting Prep,Redirected to Medical,24.2,0,0,1,
MSL-003497,2025-12-08,REP-010,DrugBeta-50mg,Immunology,Pharmacokinetics,Pre-Meeting Prep,Fully Answered,13.2,10.9,1,5,HCP-0303
MSL-003498,2025-12-08,REP-010,NeuroX-75mg,Immunology,Real-World Evidence,Pre-Meeting Prep,Fully Answered,6.6,11.4,1,4,HCP-0398
MSL-003499,2025-12-08,REP-010,NeuroX-75mg,Immunology,Long-term Outcomes,Post-Call Follow-up,Partially Answered,11.7,15.7,0,3,
MSL-003500,2025-12-08,REP-015,NeuroX-75mg,Oncology,Drug Interactions,Live During HCP Call,Fully Answered,9.3,15.7,1,5,HCP-0435
MSL-003501,2025-12-08,REP-015,DrugGamma-200mg,Oncology,Dosing Guidelines,Post-Call Follow-up,Fully Answered,7.9,14.4,0,5,
MSL-003502,2025-12-08,REP-015,DrugBeta-50mg,Oncology,Combination Therapy,Post-Call Follow-up,Fully Answered,3.3,4.3,0,4,
MSL-003503,2025-12-08,REP-015,CardioPlus-25mg,Oncology,Clinical Trial Data,Pre-Meeting Prep,Fully Answered,10.3,8.5,1,5,HCP-0152
MSL-003504,2025-12-08,REP-015,NeuroX-75mg,Oncology,Biomarker Data,Pre-Meeting Prep,Fully Answered,9.0,18.3,1,4,HCP-0263
MSL-003505,2025-12-08,REP-015,NeuroX-75mg,Oncology,Dosing Guidelines,Live During HCP Call,Fully Answered,4.0,10.8,1,5,HCP-0201
MSL-003506,2025-12-08,REP-015,CardioPlus-25mg,Oncology,Subgroup Analysis,Pre-Meeting Prep,Fully Answered,7.8,7.9,0,5,
MSL-003507,2025-12-08,REP-016,CardioPlus-25mg,Neurology,Real-World Evidence,Pre-Meeting Prep,Partially Answered,13.2,16.6,1,3,HCP-0486
MSL-003508,2025-12-08,REP-016,DrugGamma-200mg,Neurology,Competitor Comparison,Post-Call Follow-up,Fully Answered,6.0,8.3,0,5,
MSL-003509,2025-12-08,REP-016,DrugBeta-50mg,Neurology,Long-term Outcomes,Post-Call Follow-up,Fully Answered,13.3,15.0,0,5,
MSL-003510,2025-12-08,REP-017,DrugAlpha-100mg,Immunology,Real-World Evidence,Pre-Meeting Prep,Partially Answered,16.4,14.5,1,3,HCP-0092
MSL-003511,2025-12-08,REP-017,DrugGamma-200mg,Immunology,Long-term Outcomes,Pre-Meeting Prep,Fully Answered,12.2,10.7,1,5,HCP-0334
MSL-003512,2025-12-08,REP-021,DrugGamma-200mg,Rare Disease,Biomarker Data,Pre-Meeting Prep,No Answer Found,36.3,0,0,3,
MSL-003513,2025-12-08,REP-021,DrugAlpha-100mg,Rare Disease,Adverse Events / Safety,Self-Study,Fully Answered,7.7,17.6,0,5,
MSL-003514,2025-12-09,REP-002,NeuroX-75mg,Oncology,Clinical Trial Data,Live During HCP Call,No Answer Found,26.0,0,0,2,
MSL-003515,2025-12-09,REP-002,DrugAlpha-100mg,Oncology,Mechanism of Action,Pre-Meeting Prep,Fully Answered,6.5,18.1,1,4,HCP-0093
MSL-003516,2025-12-09,REP-002,NeuroX-75mg,Oncology,Patient Selection Criteria,Post-Call Follow-up,Fully Answered,10.2,10.6,0,5,
MSL-003517,2025-12-09,REP-002,DrugGamma-200mg,Oncology,Dosing Guidelines,Live During HCP Call,No Answer Found,23.7,0,0,3,
MSL-003518,2025-12-09,REP-002,NeuroX-75mg,Oncology,Clinical Trial Data,Pre-Meeting Prep,Fully Answered,9.7,12.5,1,4,HCP-0317
MSL-003519,2025-12-09,REP-004,DrugGamma-200mg,Cardiology,Clinical Trial Data,Live During HCP Call,Partially Answered,18.4,17.6,1,3,HCP-0384
MSL-003520,2025-12-09,REP-004,DrugBeta-50mg,Cardiology,Long-term Outcomes,Live During HCP Call,Fully Answered,10.3,15.7,0,5,
MSL-003521,2025-12-09,REP-004,DrugAlpha-100mg,Cardiology,Subgroup Analysis,Post-Call Follow-up,Fully Answered,12.9,5.0,0,5,
MSL-003522,2025-12-09,REP-008,DrugGamma-200mg,Immunology,Clinical Trial Data,Live During HCP Call,Fully Answered,5.3,13.0,0,4,
MSL-003523,2025-12-09,REP-008,DrugAlpha-100mg,Immunology,Pharmacokinetics,Live During HCP Call,Fully Answered,4.5,13.2,1,5,HCP-0296
MSL-003524,2025-12-09,REP-008,NeuroX-75mg,Immunology,Drug Interactions,Pre-Meeting Prep,No Answer Found,25.0,0,0,3,
MSL-003525,2025-12-09,REP-009,DrugBeta-50mg,Cardiology,Real-World Evidence,Live During HCP Call,Fully Answered,4.4,6.9,1,5,HCP-0186
MSL-003526,2025-12-09,REP-010,DrugAlpha-100mg,Immunology,Drug Interactions,Pre-Meeting Prep,Fully Answered,8.1,9.4,1,5,HCP-0275
MSL-003527,2025-12-09,REP-010,DrugAlpha-100mg,Immunology,Adverse Events / Safety,Pre-Meeting Prep,Partially Answered,9.2,15.2,1,3,HCP-0236
MSL-003528,2025-12-09,REP-015,DrugAlpha-100mg,Oncology,Clinical Trial Data,Self-Study,Fully Answered,5.2,14.2,0,5,
MSL-003529,2025-12-09,REP-016,NeuroX-75mg,Neurology,Biomarker Data,Pre-Meeting Prep,Partially Answered,15.0,10.2,0,4,
MSL-003530,2025-12-09,REP-016,CardioPlus-25mg,Neurology,Subgroup Analysis,Pre-Meeting Prep,Partially Answered,12.1,11.6,1,3,HCP-0292
MSL-003531,2025-12-09,REP-017,DrugGamma-200mg,Immunology,Mechanism of Action,Post-Call Follow-up,Redirected to Medical,19.5,0,0,1,
MSL-003532,2025-12-09,REP-017,CardioPlus-25mg,Immunology,Pharmacokinetics,Pre-Meeting Prep,Fully Answered,7.1,9.1,1,5,HCP-0330
MSL-003533,2025-12-09,REP-017,DrugBeta-50mg,Immunology,Combination Therapy,Pre-Meeting Prep,Fully Answered,7.0,4.2,0,5,
MSL-003534,2025-12-09,REP-021,DrugBeta-50mg,Rare Disease,Patient Selection Criteria,Post-Call Follow-up,Fully Answered,7.8,18.1,0,5,
MSL-003535,2025-12-09,REP-021,DrugAlpha-100mg,Rare Disease,Off-label Evidence Request,Pre-Meeting Prep,Fully Answered,9.4,17.5,1,5,HCP-0166
MSL-003536,2025-12-09,REP-021,DrugGamma-200mg,Rare Disease,Real-World Evidence,Self-Study,Fully Answered,11.7,10.1,0,5,
MSL-003537,2025-12-09,REP-021,DrugBeta-50mg,Rare Disease,Subgroup Analysis,Pre-Meeting Prep,Partially Answered,16.1,5.4,1,3,HCP-0079
MSL-003538,2025-12-09,REP-021,NeuroX-75mg,Rare Disease,Pharmacokinetics,Pre-Meeting Prep,Fully Answered,6.4,14.8,1,5,HCP-0209
MSL-003539,2025-12-10,REP-002,DrugBeta-50mg,Oncology,Clinical Trial Data,Live During HCP Call,Partially Answered,12.1,6.0,0,4,
MSL-003540,2025-12-10,REP-002,NeuroX-75mg,Oncology,Drug Interactions,Live During HCP Call,Fully Answered,10.6,2.1,0,5,
MSL-003541,2025-12-10,REP-002,DrugAlpha-100mg,Oncology,Pharmacokinetics,Post-Call Follow-up,Fully Answered,7.9,13.8,0,5,
MSL-003542,2025-12-10,REP-004,DrugBeta-50mg,Cardiology,Combination Therapy,Self-Study,Redirected to Medical,18.3,0,0,2,
MSL-003543,2025-12-10,REP-004,DrugAlpha-100mg,Cardiology,Adverse Events / Safety,Pre-Meeting Prep,Partially Answered,14.1,9.3,1,3,HCP-0458
MSL-003544,2025-12-10,REP-008,DrugAlpha-100mg,Immunology,Patient Selection Criteria,Post-Call Follow-up,Fully Answered,7.6,16.3,0,4,
MSL-003545,2025-12-10,REP-009,DrugGamma-200mg,Cardiology,Long-term Outcomes,Pre-Meeting Prep,Fully Answered,6.8,7.5,1,5,HCP-0323
MSL-003546,2025-12-10,REP-009,CardioPlus-25mg,Cardiology,Clinical Trial Data,Self-Study,Fully Answered,11.9,16.4,0,5,
MSL-003547,2025-12-10,REP-009,DrugGamma-200mg,Cardiology,Competitor Comparison,Live During HCP Call,Fully Answered,5.6,12.3,1,5,HCP-0011
MSL-003548,2025-12-10,REP-010,DrugBeta-50mg,Immunology,Subgroup Analysis,Pre-Meeting Prep,Fully Answered,7.5,17.1,1,5,HCP-0439
MSL-003549,2025-12-10,REP-010,DrugGamma-200mg,Immunology,Long-term Outcomes,Pre-Meeting Prep,Fully Answered,7.5,4.8,0,5,
MSL-003550,2025-12-10,REP-010,NeuroX-75mg,Immunology,Adverse Events / Safety,Pre-Meeting Prep,Fully Answered,8.7,9.8,1,5,HCP-0397
MSL-003551,2025-12-10,REP-010,CardioPlus-25mg,Immunology,Drug Interactions,Post-Call Follow-up,Partially Answered,4.7,11.9,0,4,
MSL-003552,2025-12-10,REP-010,DrugGamma-200mg,Immunology,Combination Therapy,Live During HCP Call,Fully Answered,11.5,5.2,1,5,HCP-0181
MSL-003553,2025-12-10,REP-010,DrugAlpha-100mg,Immunology,Long-term Outcomes,Pre-Meeting Prep,Redirected to Medical,15.5,0,0,2,
MSL-003554,2025-12-10,REP-010,DrugAlpha-100mg,Immunology,Clinical Trial Data,Post-Call Follow-up,Fully Answered,8.2,22.1,0,5,
MSL-003555,2025-12-10,REP-015,NeuroX-75mg,Oncology,Subgroup Analysis,Pre-Meeting Prep,Fully Answered,8.4,7.2,1,4,HCP-0496
MSL-003556,2025-12-10,REP-015,NeuroX-75mg,Oncology,Real-World Evidence,Post-Call Follow-up,Fully Answered,9.7,10.8,0,5,
MSL-003557,2025-12-10,REP-015,DrugGamma-200mg,Oncology,Guidelines / Protocols,Self-Study,Fully Answered,7.0,13.1,0,5,
MSL-003558,2025-12-10,REP-015,DrugBeta-50mg,Oncology,Clinical Trial Data,Pre-Meeting Prep,Fully Answered,8.7,10.4,1,5,HCP-0357
MSL-003559,2025-12-10,REP-016,DrugGamma-200mg,Neurology,Subgroup Analysis,Pre-Meeting Prep,Fully Answered,13.4,20.6,1,5,HCP-0261
MSL-003560,2025-12-10,REP-017,NeuroX-75mg,Immunology,Guidelines / Protocols,Pre-Meeting Prep,Fully Answered,12.2,15.1,0,5,
MSL-003561,2025-12-10,REP-017,DrugAlpha-100mg,Immunology,Pharmacokinetics,Pre-Meeting Prep,Fully Answered,7.3,21.3,1,5,HCP-0094
MSL-003562,2025-12-10,REP-017,DrugAlpha-100mg,Immunology,Dosing Guidelines,Live During HCP Call,Fully Answered,3.3,14.6,1,5,HCP-0348
MSL-003563,2025-12-10,REP-017,CardioPlus-25mg,Immunology,Guidelines / Protocols,Pre-Meeting Prep,Fully Answered,6.7,5.3,1,5,HCP-0427
MSL-003564,2025-12-10,REP-017,NeuroX-75mg,Immunology,Clinical Trial Data,Live During HCP Call,Partially Answered,14.9,5.7,1,2,HCP-0040
MSL-003565,2025-12-10,REP-017,NeuroX-75mg,Immunology,Dosing Guidelines,Post-Call Follow-up,Fully Answered,8.6,14.0,0,5,
MSL-003566,2025-12-10,REP-021,DrugAlpha-100mg,Rare Disease,Competitor Comparison,Self-Study,Partially Answered,11.3,15.1,0,4,
MSL-003567,2025-12-10,REP-021,CardioPlus-25mg,Rare Disease,Off-label Evidence Request,Live During HCP Call,Fully Answered,7.7,8.9,1,5,HCP-0306
MSL-003568,2025-12-10,REP-021,DrugAlpha-100mg,Rare Disease,Dosing Guidelines,Live During HCP Call,Partially Answered,26.2,11.9,0,4,
MSL-003569,2025-12-11,REP-002,DrugBeta-50mg,Oncology,Long-term Outcomes,Self-Study,Fully Answered,13.8,15.2,0,5,
MSL-003570,2025-12-11,REP-004,NeuroX-75mg,Cardiology,Adverse Events / Safety,Post-Call Follow-up,Fully Answered,9.3,11.9,0,5,
MSL-003571,2025-12-11,REP-004,DrugBeta-50mg,Cardiology,Patient Selection Criteria,Self-Study,Fully Answered,3.8,4.8,0,5,
MSL-003572,2025-12-11,REP-008,DrugGamma-200mg,Immunology,Guidelines / Protocols,Self-Study,Fully Answered,3.6,11.2,0,5,
MSL-003573,2025-12-11,REP-008,DrugGamma-200mg,Immunology,Pharmacokinetics,Pre-Meeting Prep,Partially Answered,15.7,7.6,1,2,HCP-0129
MSL-003574,2025-12-11,REP-008,DrugAlpha-100mg,Immunology,Competitor Comparison,Post-Call Follow-up,Partially Answered,11.6,14.1,0,3,
MSL-003575,2025-12-11,REP-008,CardioPlus-25mg,Immunology,Adverse Events / Safety,Self-Study,Fully Answered,7.8,16.1,0,4,
MSL-003576,2025-12-11,REP-009,CardioPlus-25mg,Cardiology,Subgroup Analysis,Pre-Meeting Prep,Fully Answered,8.1,10.4,1,5,HCP-0376
MSL-003577,2025-12-11,REP-010,CardioPlus-25mg,Immunology,Drug Interactions,Post-Call Follow-up,Fully Answered,9.5,10.5,0,4,
MSL-003578,2025-12-11,REP-010,CardioPlus-25mg,Immunology,Competitor Comparison,Live During HCP Call,No Answer Found,18.9,0,0,2,
MSL-003579,2025-12-11,REP-010,NeuroX-75mg,Immunology,Competitor Comparison,Live During HCP Call,Fully Answered,5.9,17.5,1,5,HCP-0407
MSL-003580,2025-12-11,REP-015,DrugAlpha-100mg,Oncology,Long-term Outcomes,Pre-Meeting Prep,Fully Answered,8.2,9.5,1,4,HCP-0142
MSL-003581,2025-12-11,REP-015,DrugAlpha-100mg,Oncology,Pharmacokinetics,Live During HCP Call,No Answer Found,25.1,0,0,2,
MSL-003582,2025-12-11,REP-015,DrugAlpha-100mg,Oncology,Combination Therapy,Live During HCP Call,Fully Answered,10.0,2.5,1,5,HCP-0058
MSL-003583,2025-12-11,REP-015,NeuroX-75mg,Oncology,Clinical Trial Data,Self-Study,Fully Answered,5.4,12.4,0,5,
MSL-003584,2025-12-11,REP-016,DrugGamma-200mg,Neurology,Long-term Outcomes,Post-Call Follow-up,Fully Answered,9.5,19.3,0,4,
MSL-003585,2025-12-11,REP-016,DrugGamma-200mg,Neurology,Guidelines / Protocols,Pre-Meeting Prep,Fully Answered,10.9,6.3,1,5,HCP-0430
MSL-003586,2025-12-11,REP-016,DrugGamma-200mg,Neurology,Combination Therapy,Pre-Meeting Prep,Partially Answered,14.6,18.5,1,4,HCP-0188
MSL-003587,2025-12-11,REP-016,DrugBeta-50mg,Neurology,Pharmacokinetics,Live During HCP Call,Fully Answered,9.9,22.0,0,5,
MSL-003588,2025-12-11,REP-016,DrugGamma-200mg,Neurology,Pharmacokinetics,Pre-Meeting Prep,Fully Answered,8.6,12.7,1,5,HCP-0151
MSL-003589,2025-12-11,REP-016,DrugBeta-50mg,Neurology,Patient Selection Criteria,Self-Study,Partially Answered,26.4,2.1,0,2,
MSL-003590,2025-12-11,REP-016,NeuroX-75mg,Neurology,Real-World Evidence,Live During HCP Call,Fully Answered,8.1,12.0,1,5,HCP-0242
MSL-003591,2025-12-11,REP-016,CardioPlus-25mg,Neurology,Off-label Evidence Request,Pre-Meeting Prep,Fully Answered,5.9,15.2,0,4,
MSL-003592,2025-12-11,REP-017,CardioPlus-25mg,Immunology,Biomarker Data,Pre-Meeting Prep,Redirected to Medical,30.3,0,0,3,
MSL-003593,2025-12-11,REP-017,DrugGamma-200mg,Immunology,Guidelines / Protocols,Pre-Meeting Prep,No Answer Found,35.9,0,0,2,
MSL-003594,2025-12-11,REP-017,DrugBeta-50mg,Immunology,Real-World Evidence,Self-Study,Fully Answered,3.6,19.4,0,5,
MSL-003595,2025-12-11,REP-021,DrugBeta-50mg,Rare Disease,Subgroup Analysis,Pre-Meeting Prep,Partially Answered,16.3,4.4,1,4,HCP-0035
MSL-003596,2025-12-11,REP-021,CardioPlus-25mg,Rare Disease,Competitor Comparison,Pre-Meeting Prep,Fully Answered,8.8,6.6,0,5,
MSL-003597,2025-12-12,REP-002,DrugGamma-200mg,Oncology,Mechanism of Action,Pre-Meeting Prep,Partially Answered,10.5,19.8,1,4,HCP-0425
MSL-003598,2025-12-12,REP-002,DrugAlpha-100mg,Oncology,Drug Interactions,Self-Study,Fully Answered,9.0,10.0,0,5,
MSL-003599,2025-12-12,REP-002,NeuroX-75mg,Oncology,Patient Selection Criteria,Pre-Meeting Prep,Fully Answered,8.6,16.9,1,4,HCP-0234
MSL-003600,2025-12-12,REP-002,DrugGamma-200mg,Oncology,Clinical Trial Data,Live During HCP Call,Fully Answered,8.2,3.4,1,5,HCP-0192
MSL-003601,2025-12-12,REP-004,NeuroX-75mg,Cardiology,Mechanism of Action,Pre-Meeting Prep,Fully Answered,7.4,13.8,1,4,HCP-0017
MSL-003602,2025-12-12,REP-004,CardioPlus-25mg,Cardiology,Biomarker Data,Pre-Meeting Prep,Fully Answered,5.7,9.2,1,5,HCP-0001
MSL-003603,2025-12-12,REP-008,DrugAlpha-100mg,Immunology,Drug Interactions,Pre-Meeting Prep,Partially Answered,8.1,2.9,1,2,HCP-0208
MSL-003604,2025-12-12,REP-008,DrugAlpha-100mg,Immunology,Combination Therapy,Pre-Meeting Prep,Fully Answered,7.1,8.5,1,5,HCP-0146
MSL-003605,2025-12-12,REP-008,DrugBeta-50mg,Immunology,Competitor Comparison,Live During HCP Call,Fully Answered,9.0,13.0,0,5,
MSL-003606,2025-12-12,REP-008,CardioPlus-25mg,Immunology,Subgroup Analysis,Live During HCP Call,Partially Answered,16.3,16.1,1,4,HCP-0446
MSL-003607,2025-12-12,REP-008,DrugBeta-50mg,Immunology,Mechanism of Action,Live During HCP Call,Partially Answered,20.4,16.2,1,3,HCP-0109
MSL-003608,2025-12-12,REP-009,DrugGamma-200mg,Cardiology,Mechanism of Action,Self-Study,Fully Answered,10.2,12.3,0,4,
MSL-003609,2025-12-12,REP-009,CardioPlus-25mg,Cardiology,Patient Selection Criteria,Live During HCP Call,Fully Answered,3.1,16.7,1,5,HCP-0131
MSL-003610,2025-12-12,REP-009,CardioPlus-25mg,Cardiology,Pharmacokinetics,Pre-Meeting Prep,Partially Answered,16.1,9.5,1,4,HCP-0257
MSL-003611,2025-12-12,REP-009,NeuroX-75mg,Cardiology,Clinical Trial Data,Pre-Meeting Prep,Fully Answered,4.4,19.6,1,4,HCP-0021
MSL-003612,2025-12-12,REP-009,DrugBeta-50mg,Cardiology,Mechanism of Action,Live During HCP Call,Partially Answered,9.6,12.9,1,3,HCP-0343
MSL-003613,2025-12-12,REP-009,DrugGamma-200mg,Cardiology,Off-label Evidence Request,Post-Call Follow-up,Fully Answered,5.8,9.7,0,5,
MSL-003614,2025-12-12,REP-010,DrugBeta-50mg,Immunology,Long-term Outcomes,Post-Call Follow-up,Fully Answered,10.2,15.5,0,5,
MSL-003615,2025-12-12,REP-010,CardioPlus-25mg,Immunology,Long-term Outcomes,Post-Call Follow-up,Fully Answered,12.0,9.6,0,5,
MSL-003616,2025-12-12,REP-015,DrugBeta-50mg,Oncology,Clinical Trial Data,Pre-Meeting Prep,Fully Answered,6.8,13.6,1,5,HCP-0425
MSL-003617,2025-12-12,REP-015,DrugGamma-200mg,Oncology,Clinical Trial Data,Self-Study,Fully Answered,6.0,12.3,0,4,
MSL-003618,2025-12-12,REP-015,DrugBeta-50mg,Oncology,Subgroup Analysis,Pre-Meeting Prep,Fully Answered,10.9,19.8,1,5,HCP-0374
MSL-003619,2025-12-12,REP-015,NeuroX-75mg,Oncology,Off-label Evidence Request,Pre-Meeting Prep,Partially Answered,9.3,16.6,1,4,HCP-0166
MSL-003620,2025-12-12,REP-016,DrugAlpha-100mg,Neurology,Mechanism of Action,Live During HCP Call,Partially Answered,19.2,20.5,1,4,HCP-0124
MSL-003621,2025-12-12,REP-016,NeuroX-75mg,Neurology,Off-label Evidence Request,Pre-Meeting Prep,Fully Answered,6.2,2.9,1,5,HCP-0246
MSL-003622,2025-12-12,REP-016,DrugGamma-200mg,Neurology,Competitor Comparison,Post-Call Follow-up,Fully Answered,4.6,10.6,0,4,
MSL-003623,2025-12-12,REP-017,DrugGamma-200mg,Immunology,Dosing Guidelines,Live During HCP Call,Fully Answered,5.4,6.5,0,4,
MSL-003624,2025-12-12,REP-017,DrugGamma-200mg,Immunology,Competitor Comparison,Pre-Meeting Prep,Fully Answered,10.5,2,0,4,
MSL-003625,2025-12-12,REP-017,DrugAlpha-100mg,Immunology,Adverse Events / Safety,Pre-Meeting Prep,Redirected to Medical,21.9,0,0,1,
MSL-003626,2025-12-12,REP-017,DrugBeta-50mg,Immunology,Biomarker Data,Self-Study,Partially Answered,18.6,13.9,0,3,
MSL-003627,2025-12-12,REP-017,DrugGamma-200mg,Immunology,Long-term Outcomes,Live During HCP Call,Fully Answered,5.6,12.7,1,5,HCP-0236
MSL-003628,2025-12-15,REP-002,DrugAlpha-100mg,Oncology,Mechanism of Action,Self-Study,Partially Answered,14.5,18.0,0,3,
MSL-003629,2025-12-15,REP-002,DrugAlpha-100mg,Oncology,Drug Interactions,Pre-Meeting Prep,Fully Answered,7.9,13.9,1,5,HCP-0092
MSL-003630,2025-12-15,REP-002,CardioPlus-25mg,Oncology,Mechanism of Action,Live During HCP Call,Fully Answered,9.0,7.9,1,5,HCP-0216
MSL-003631,2025-12-15,REP-002,DrugGamma-200mg,Oncology,Subgroup Analysis,Pre-Meeting Prep,Fully Answered,8.3,7.8,0,4,
MSL-003632,2025-12-15,REP-004,DrugAlpha-100mg,Cardiology,Patient Selection Criteria,Live During HCP Call,Fully Answered,5.5,16.2,1,5,HCP-0443
MSL-003633,2025-12-15,REP-004,NeuroX-75mg,Cardiology,Pharmacokinetics,Live During HCP Call,Fully Answered,10.6,11.2,1,4,HCP-0215
MSL-003634,2025-12-15,REP-004,DrugBeta-50mg,Cardiology,Competitor Comparison,Pre-Meeting Prep,Fully Answered,6.9,16.6,1,5,HCP-0230
MSL-003635,2025-12-15,REP-004,NeuroX-75mg,Cardiology,Pharmacokinetics,Post-Call Follow-up,Fully Answered,4.5,9.7,0,4,
MSL-003636,2025-12-15,REP-004,DrugGamma-200mg,Cardiology,Patient Selection Criteria,Post-Call Follow-up,Fully Answered,11.0,9.9,0,5,
MSL-003637,2025-12-15,REP-008,DrugBeta-50mg,Immunology,Real-World Evidence,Pre-Meeting Prep,Fully Answered,7.3,15.3,1,4,HCP-0252
MSL-003638,2025-12-15,REP-008,DrugBeta-50mg,Immunology,Competitor Comparison,Pre-Meeting Prep,Fully Answered,10.6,14.1,1,5,HCP-0203
MSL-003639,2025-12-15,REP-008,DrugGamma-200mg,Immunology,Long-term Outcomes,Pre-Meeting Prep,Partially Answered,7.4,4.7,1,2,HCP-0456
MSL-003640,2025-12-15,REP-009,NeuroX-75mg,Cardiology,Adverse Events / Safety,Pre-Meeting Prep,No Answer Found,21.4,0,0,1,
MSL-003641,2025-12-15,REP-009,DrugGamma-200mg,Cardiology,Clinical Trial Data,Pre-Meeting Prep,Fully Answered,6.4,9.5,0,5,
MSL-003642,2025-12-15,REP-009,NeuroX-75mg,Cardiology,Off-label Evidence Request,Self-Study,Fully Answered,5.0,22.4,0,4,
MSL-003643,2025-12-15,REP-009,DrugAlpha-100mg,Cardiology,Long-term Outcomes,Post-Call Follow-up,Fully Answered,8.8,13.0,0,4,
MSL-003644,2025-12-15,REP-009,NeuroX-75mg,Cardiology,Adverse Events / Safety,Pre-Meeting Prep,No Answer Found,28.3,0,0,2,
MSL-003645,2025-12-15,REP-009,DrugBeta-50mg,Cardiology,Dosing Guidelines,Post-Call Follow-up,Fully Answered,9.8,12.6,0,4,
MSL-003646,2025-12-15,REP-010,NeuroX-75mg,Immunology,Clinical Trial Data,Pre-Meeting Prep,Partially Answered,18.5,20.1,1,2,HCP-0480
MSL-003647,2025-12-15,REP-010,DrugGamma-200mg,Immunology,Mechanism of Action,Pre-Meeting Prep,Partially Answered,28.9,16.2,0,4,
MSL-003648,2025-12-15,REP-010,DrugAlpha-100mg,Immunology,Guidelines / Protocols,Post-Call Follow-up,Partially Answered,7.2,18.5,0,4,
MSL-003649,2025-12-15,REP-010,NeuroX-75mg,Immunology,Biomarker Data,Pre-Meeting Prep,Fully Answered,9.6,5.4,1,5,HCP-0158
MSL-003650,2025-12-15,REP-010,DrugGamma-200mg,Immunology,Real-World Evidence,Live During HCP Call,Fully Answered,10.6,9.1,1,4,HCP-0415
MSL-003651,2025-12-15,REP-010,DrugGamma-200mg,Immunology,Pharmacokinetics,Live During HCP Call,Fully Answered,13.8,21.4,1,5,HCP-0353
MSL-003652,2025-12-15,REP-015,CardioPlus-25mg,Oncology,Real-World Evidence,Post-Call Follow-up,No Answer Found,21.6,0,0,2,
MSL-003653,2025-12-15,REP-015,NeuroX-75mg,Oncology,Off-label Evidence Request,Post-Call Follow-up,Partially Answered,16.9,11.5,0,3,
MSL-003654,2025-12-15,REP-015,DrugAlpha-100mg,Oncology,Clinical Trial Data,Pre-Meeting Prep,No Answer Found,30.9,0,0,3,
MSL-003655,2025-12-15,REP-016,DrugGamma-200mg,Neurology,Guidelines / Protocols,Live During HCP Call,Fully Answered,3.2,3.5,1,4,HCP-0225
MSL-003656,2025-12-15,REP-016,DrugBeta-50mg,Neurology,Pharmacokinetics,Pre-Meeting Prep,Partially Answered,14.2,14.1,0,4,
MSL-003657,2025-12-15,REP-016,DrugBeta-50mg,Neurology,Drug Interactions,Post-Call Follow-up,Fully Answered,5.4,8.0,0,4,
MSL-003658,2025-12-15,REP-016,DrugAlpha-100mg,Neurology,Subgroup Analysis,Self-Study,Fully Answered,8.3,4.6,0,5,
MSL-003659,2025-12-15,REP-017,DrugAlpha-100mg,Immunology,Mechanism of Action,Pre-Meeting Prep,Fully Answered,8.9,7.8,1,5,HCP-0179
MSL-003660,2025-12-15,REP-017,DrugAlpha-100mg,Immunology,Guidelines / Protocols,Live During HCP Call,Fully Answered,8.6,3.7,0,4,
MSL-003661,2025-12-15,REP-017,DrugAlpha-100mg,Immunology,Guidelines / Protocols,Live During HCP Call,Fully Answered,7.3,18.8,0,5,
MSL-003662,2025-12-15,REP-017,DrugGamma-200mg,Immunology,Off-label Evidence Request,Pre-Meeting Prep,Fully Answered,11.6,12.8,1,5,HCP-0042
MSL-003663,2025-12-15,REP-017,DrugAlpha-100mg,Immunology,Clinical Trial Data,Self-Study,No Answer Found,33.4,0,0,3,
MSL-003664,2025-12-15,REP-017,DrugGamma-200mg,Immunology,Subgroup Analysis,Live During HCP Call,Fully Answered,4.5,6.4,0,5,
MSL-003665,2025-12-15,REP-021,DrugAlpha-100mg,Rare Disease,Long-term Outcomes,Pre-Meeting Prep,Partially Answered,15.0,14.5,1,3,HCP-0435
MSL-003666,2025-12-15,REP-021,NeuroX-75mg,Rare Disease,Pharmacokinetics,Live During HCP Call,Fully Answered,10.6,9.9,1,5,HCP-0400
MSL-003667,2025-12-15,REP-021,DrugGamma-200mg,Rare Disease,Guidelines / Protocols,Pre-Meeting Prep,Fully Answered,9.6,12.3,0,4,
MSL-003668,2025-12-15,REP-021,DrugBeta-50mg,Rare Disease,Drug Interactions,Pre-Meeting Prep,No Answer Found,14.7,0,0,1,
MSL-003669,2025-12-15,REP-021,NeuroX-75mg,Rare Disease,Subgroup Analysis,Pre-Meeting Prep,Fully Answered,5.1,2,1,5,HCP-0319
MSL-003670,2025-12-16,REP-002,NeuroX-75mg,Oncology,Real-World Evidence,Pre-Meeting Prep,Partially Answered,12.1,9.6,1,4,HCP-0474
MSL-003671,2025-12-16,REP-002,DrugGamma-200mg,Oncology,Pharmacokinetics,Live During HCP Call,Fully Answered,4.5,12.3,0,5,
MSL-003672,2025-12-16,REP-002,DrugAlpha-100mg,Oncology,Adverse Events / Safety,Live During HCP Call,Partially Answered,3.6,15.6,1,3,HCP-0242
MSL-003673,2025-12-16,REP-002,DrugBeta-50mg,Oncology,Subgroup Analysis,Live During HCP Call,Partially Answered,20.8,17.1,1,4,HCP-0108
MSL-003674,2025-12-16,REP-004,CardioPlus-25mg,Cardiology,Guidelines / Protocols,Self-Study,Fully Answered,6.9,12.4,0,4,
MSL-003675,2025-12-16,REP-004,NeuroX-75mg,Cardiology,Guidelines / Protocols,Pre-Meeting Prep,Redirected to Medical,20.4,0,0,2,
MSL-003676,2025-12-16,REP-004,DrugAlpha-100mg,Cardiology,Drug Interactions,Live During HCP Call,Partially Answered,18.8,14.0,1,3,HCP-0028
MSL-003677,2025-12-16,REP-004,DrugAlpha-100mg,Cardiology,Pharmacokinetics,Pre-Meeting Prep,Fully Answered,10.4,19.1,1,5,HCP-0169
MSL-003678,2025-12-16,REP-004,DrugBeta-50mg,Cardiology,Competitor Comparison,Pre-Meeting Prep,Fully Answered,5.9,6.2,1,5,HCP-0337
MSL-003679,2025-12-16,REP-008,NeuroX-75mg,Immunology,Long-term Outcomes,Self-Study,Partially Answered,19.3,5.5,0,4,
MSL-003680,2025-12-16,REP-008,DrugGamma-200mg,Immunology,Drug Interactions,Pre-Meeting Prep,Fully Answered,4.2,16.0,1,5,HCP-0289
MSL-003681,2025-12-16,REP-008,DrugGamma-200mg,Immunology,Guidelines / Protocols,Self-Study,Fully Answered,7.2,9.3,0,5,
MSL-003682,2025-12-16,REP-009,CardioPlus-25mg,Cardiology,Competitor Comparison,Post-Call Follow-up,Fully Answered,6.1,8.1,0,5,
MSL-003683,2025-12-16,REP-009,DrugBeta-50mg,Cardiology,Clinical Trial Data,Post-Call Follow-up,Fully Answered,15.6,12.2,0,4,
MSL-003684,2025-12-16,REP-009,DrugGamma-200mg,Cardiology,Drug Interactions,Self-Study,Fully Answered,7.6,13.7,0,4,
MSL-003685,2025-12-16,REP-010,DrugGamma-200mg,Immunology,Off-label Evidence Request,Post-Call Follow-up,No Answer Found,25.3,0,0,2,
MSL-003686,2025-12-16,REP-010,NeuroX-75mg,Immunology,Adverse Events / Safety,Post-Call Follow-up,Redirected to Medical,26.5,0,0,2,
MSL-003687,2025-12-16,REP-015,DrugBeta-50mg,Oncology,Biomarker Data,Pre-Meeting Prep,Fully Answered,8.1,11.1,1,5,HCP-0169
MSL-003688,2025-12-16,REP-015,DrugBeta-50mg,Oncology,Dosing Guidelines,Post-Call Follow-up,Fully Answered,12.0,6.1,0,5,
MSL-003689,2025-12-16,REP-015,DrugGamma-200mg,Oncology,Pharmacokinetics,Pre-Meeting Prep,Fully Answered,8.6,17.4,1,5,HCP-0418
MSL-003690,2025-12-16,REP-016,CardioPlus-25mg,Neurology,Dosing Guidelines,Pre-Meeting Prep,Fully Answered,4.7,9.3,1,5,HCP-0380
MSL-003691,2025-12-16,REP-016,DrugBeta-50mg,Neurology,Clinical Trial Data,Pre-Meeting Prep,Fully Answered,14.3,11.6,1,5,HCP-0126
MSL-003692,2025-12-16,REP-016,DrugGamma-200mg,Neurology,Combination Therapy,Pre-Meeting Prep,Fully Answered,13.0,6.0,1,4,HCP-0486
MSL-003693,2025-12-16,REP-017,DrugBeta-50mg,Immunology,Subgroup Analysis,Pre-Meeting Prep,Fully Answered,7.8,15.6,1,5,HCP-0146
MSL-003694,2025-12-16,REP-017,DrugAlpha-100mg,Immunology,Clinical Trial Data,Self-Study,Fully Answered,3.6,13.4,0,4,
MSL-003695,2025-12-16,REP-017,CardioPlus-25mg,Immunology,Off-label Evidence Request,Live During HCP Call,Fully Answered,2.1,10.1,1,5,HCP-0136
MSL-003696,2025-12-16,REP-021,DrugGamma-200mg,Rare Disease,Adverse Events / Safety,Pre-Meeting Prep,Partially Answered,20.6,15.6,0,3,
MSL-003697,2025-12-16,REP-021,NeuroX-75mg,Rare Disease,Competitor Comparison,Post-Call Follow-up,Fully Answered,7.7,13.3,0,5,
MSL-003698,2025-12-17,REP-002,DrugAlpha-100mg,Oncology,Dosing Guidelines,Pre-Meeting Prep,Fully Answered,7.4,14.9,1,5,HCP-0439
MSL-003699,2025-12-17,REP-002,DrugGamma-200mg,Oncology,Long-term Outcomes,Pre-Meeting Prep,Fully Answered,10.9,4.3,1,4,HCP-0033
MSL-003700,2025-12-17,REP-002,CardioPlus-25mg,Oncology,Patient Selection Criteria,Post-Call Follow-up,Fully Answered,7.0,12.2,0,5,
MSL-003701,2025-12-17,REP-002,CardioPlus-25mg,Oncology,Pharmacokinetics,Self-Study,No Answer Found,31.0,0,0,1,
MSL-003702,2025-12-17,REP-004,NeuroX-75mg,Cardiology,Clinical Trial Data,Self-Study,No Answer Found,18.1,0,0,1,
MSL-003703,2025-12-17,REP-004,CardioPlus-25mg,Cardiology,Pharmacokinetics,Post-Call Follow-up,Partially Answered,25.2,6.2,0,3,
MSL-003704,2025-12-17,REP-008,NeuroX-75mg,Immunology,Mechanism of Action,Pre-Meeting Prep,Fully Answered,9.8,12.2,1,5,HCP-0366
MSL-003705,2025-12-17,REP-008,CardioPlus-25mg,Immunology,Guidelines / Protocols,Pre-Meeting Prep,Fully Answered,12.9,3.6,0,5,
MSL-003706,2025-12-17,REP-008,DrugAlpha-100mg,Immunology,Clinical Trial Data,Self-Study,Fully Answered,3.8,19.6,0,5,
MSL-003707,2025-12-17,REP-008,CardioPlus-25mg,Immunology,Biomarker Data,Pre-Meeting Prep,Partially Answered,13.4,12.0,1,4,HCP-0036
MSL-003708,2025-12-17,REP-009,NeuroX-75mg,Cardiology,Subgroup Analysis,Pre-Meeting Prep,No Answer Found,21.7,0,0,1,
MSL-003709,2025-12-17,REP-009,DrugBeta-50mg,Cardiology,Biomarker Data,Pre-Meeting Prep,Redirected to Medical,5.8,0,0,3,
MSL-003710,2025-12-17,REP-009,NeuroX-75mg,Cardiology,Combination Therapy,Self-Study,Fully Answered,9.6,4.8,0,5,
MSL-003711,2025-12-17,REP-009,DrugAlpha-100mg,Cardiology,Subgroup Analysis,Post-Call Follow-up,Redirected to Medical,17.4,0,0,1,
MSL-003712,2025-12-17,REP-010,DrugAlpha-100mg,Immunology,Adverse Events / Safety,Self-Study,Partially Answered,19.5,10.5,0,3,
MSL-003713,2025-12-17,REP-010,NeuroX-75mg,Immunology,Biomarker Data,Pre-Meeting Prep,Fully Answered,6.1,13.2,1,5,HCP-0196
MSL-003714,2025-12-17,REP-010,DrugAlpha-100mg,Immunology,Subgroup Analysis,Post-Call Follow-up,Redirected to Medical,19.8,0,0,1,
MSL-003715,2025-12-17,REP-010,DrugBeta-50mg,Immunology,Competitor Comparison,Pre-Meeting Prep,Fully Answered,6.0,16.7,1,5,HCP-0424
MSL-003716,2025-12-17,REP-015,DrugGamma-200mg,Oncology,Biomarker Data,Self-Study,Redirected to Medical,15.6,0,0,3,
MSL-003717,2025-12-17,REP-015,NeuroX-75mg,Oncology,Pharmacokinetics,Self-Study,Fully Answered,6.4,9.6,0,5,
MSL-003718,2025-12-17,REP-015,NeuroX-75mg,Oncology,Adverse Events / Safety,Self-Study,Redirected to Medical,22.7,0,0,2,
MSL-003719,2025-12-17,REP-015,DrugGamma-200mg,Oncology,Patient Selection Criteria,Live During HCP Call,Fully Answered,5.9,5.3,1,5,HCP-0024
MSL-003720,2025-12-17,REP-015,NeuroX-75mg,Oncology,Mechanism of Action,Self-Study,Partially Answered,9.5,17.4,0,2,
MSL-003721,2025-12-17,REP-016,NeuroX-75mg,Neurology,Long-term Outcomes,Pre-Meeting Prep,Fully Answered,8.4,7.5,1,5,HCP-0492
MSL-003722,2025-12-17,REP-016,NeuroX-75mg,Neurology,Long-term Outcomes,Pre-Meeting Prep,Fully Answered,4.3,9.5,1,4,HCP-0198
MSL-003723,2025-12-17,REP-016,NeuroX-75mg,Neurology,Adverse Events / Safety,Pre-Meeting Prep,Fully Answered,9.5,8.2,1,4,HCP-0297
MSL-003724,2025-12-17,REP-016,NeuroX-75mg,Neurology,Off-label Evidence Request,Pre-Meeting Prep,Partially Answered,11.7,9.4,1,3,HCP-0129
MSL-003725,2025-12-17,REP-016,DrugBeta-50mg,Neurology,Real-World Evidence,Live During HCP Call,Fully Answered,8.0,9.1,1,5,HCP-0188
MSL-003726,2025-12-17,REP-016,DrugBeta-50mg,Neurology,Combination Therapy,Pre-Meeting Prep,Redirected to Medical,17.7,0,0,1,
MSL-003727,2025-12-17,REP-017,DrugBeta-50mg,Immunology,Biomarker Data,Pre-Meeting Prep,Fully Answered,9.4,10.5,1,5,HCP-0480
MSL-003728,2025-12-17,REP-017,DrugBeta-50mg,Immunology,Drug Interactions,Self-Study,Fully Answered,5.6,6.5,0,5,
MSL-003729,2025-12-17,REP-017,DrugAlpha-100mg,Immunology,Combination Therapy,Pre-Meeting Prep,Partially Answered,11.1,14.5,1,3,HCP-0142
MSL-003730,2025-12-17,REP-017,NeuroX-75mg,Immunology,Combination Therapy,Live During HCP Call,Fully Answered,13.6,12.2,1,5,HCP-0029
MSL-003731,2025-12-17,REP-021,DrugBeta-50mg,Rare Disease,Mechanism of Action,Post-Call Follow-up,Fully Answered,6.9,16.6,0,4,
MSL-003732,2025-12-17,REP-021,DrugGamma-200mg,Rare Disease,Guidelines / Protocols,Pre-Meeting Prep,Fully Answered,6.0,13.3,0,5,
MSL-003733,2025-12-17,REP-021,DrugAlpha-100mg,Rare Disease,Patient Selection Criteria,Self-Study,Fully Answered,8.5,16.2,0,5,
MSL-003734,2025-12-18,REP-002,DrugGamma-200mg,Oncology,Patient Selection Criteria,Live During HCP Call,Partially Answered,18.3,13.4,1,3,HCP-0159
MSL-003735,2025-12-18,REP-002,DrugGamma-200mg,Oncology,Off-label Evidence Request,Live During HCP Call,Fully Answered,12.2,9.4,0,5,
MSL-003736,2025-12-18,REP-002,DrugGamma-200mg,Oncology,Drug Interactions,Pre-Meeting Prep,Fully Answered,6.3,16.2,1,5,HCP-0224
MSL-003737,2025-12-18,REP-002,NeuroX-75mg,Oncology,Real-World Evidence,Pre-Meeting Prep,Fully Answered,5.0,8.3,0,5,
MSL-003738,2025-12-18,REP-002,CardioPlus-25mg,Oncology,Clinical Trial Data,Post-Call Follow-up,No Answer Found,29.4,0,0,2,
MSL-003739,2025-12-18,REP-004,CardioPlus-25mg,Cardiology,Clinical Trial Data,Post-Call Follow-up,Fully Answered,12.6,15.1,0,4,
MSL-003740,2025-12-18,REP-004,CardioPlus-25mg,Cardiology,Pharmacokinetics,Pre-Meeting Prep,Partially Answered,12.7,4.8,0,4,
MSL-003741,2025-12-18,REP-004,DrugGamma-200mg,Cardiology,Dosing Guidelines,Pre-Meeting Prep,Fully Answered,10.8,20.7,1,5,HCP-0462
MSL-003742,2025-12-18,REP-004,NeuroX-75mg,Cardiology,Long-term Outcomes,Pre-Meeting Prep,Redirected to Medical,18.3,0,0,1,
MSL-003743,2025-12-18,REP-004,CardioPlus-25mg,Cardiology,Pharmacokinetics,Live During HCP Call,Partially Answered,16.5,19.8,1,3,HCP-0358
MSL-003744,2025-12-18,REP-004,NeuroX-75mg,Cardiology,Pharmacokinetics,Pre-Meeting Prep,Fully Answered,5.9,9.5,1,4,HCP-0495
MSL-003745,2025-12-18,REP-008,DrugGamma-200mg,Immunology,Combination Therapy,Self-Study,Fully Answered,7.6,16.0,0,4,
MSL-003746,2025-12-18,REP-008,NeuroX-75mg,Immunology,Long-term Outcomes,Post-Call Follow-up,Fully Answered,5.1,13.5,0,5,
MSL-003747,2025-12-18,REP-008,NeuroX-75mg,Immunology,Clinical Trial Data,Post-Call Follow-up,Fully Answered,10.3,13.1,0,4,
MSL-003748,2025-12-18,REP-008,CardioPlus-25mg,Immunology,Patient Selection Criteria,Live During HCP Call,Fully Answered,9.1,16.5,1,5,HCP-0044
MSL-003749,2025-12-18,REP-009,NeuroX-75mg,Cardiology,Subgroup Analysis,Pre-Meeting Prep,Redirected to Medical,23.7,0,0,2,
MSL-003750,2025-12-18,REP-009,DrugAlpha-100mg,Cardiology,Subgroup Analysis,Pre-Meeting Prep,Partially Answered,15.8,8.9,1,3,HCP-0493
MSL-003751,2025-12-18,REP-009,DrugAlpha-100mg,Cardiology,Patient Selection Criteria,Live During HCP Call,Fully Answered,8.4,7.9,1,5,HCP-0216
MSL-003752,2025-12-18,REP-010,CardioPlus-25mg,Immunology,Pharmacokinetics,Pre-Meeting Prep,Fully Answered,7.5,15.6,0,5,
MSL-003753,2025-12-18,REP-010,NeuroX-75mg,Immunology,Long-term Outcomes,Pre-Meeting Prep,No Answer Found,20.7,0,0,2,
MSL-003754,2025-12-18,REP-010,DrugGamma-200mg,Immunology,Real-World Evidence,Pre-Meeting Prep,Fully Answered,12.4,16.5,1,5,HCP-0113
MSL-003755,2025-12-18,REP-010,CardioPlus-25mg,Immunology,Clinical Trial Data,Pre-Meeting Prep,Partially Answered,8.1,10.4,1,3,HCP-0485
MSL-003756,2025-12-18,REP-010,DrugAlpha-100mg,Immunology,Real-World Evidence,Pre-Meeting Prep,Fully Answered,8.1,12.1,1,5,HCP-0094
MSL-003757,2025-12-18,REP-010,DrugAlpha-100mg,Immunology,Off-label Evidence Request,Self-Study,Fully Answered,11.0,17.0,0,5,
MSL-003758,2025-12-18,REP-010,DrugGamma-200mg,Immunology,Drug Interactions,Pre-Meeting Prep,Fully Answered,7.5,16.8,0,5,
MSL-003759,2025-12-18,REP-015,CardioPlus-25mg,Oncology,Subgroup Analysis,Post-Call Follow-up,Fully Answered,11.7,3.2,0,5,
MSL-003760,2025-12-18,REP-015,DrugBeta-50mg,Oncology,Combination Therapy,Post-Call Follow-up,Fully Answered,8.7,20.6,0,4,
MSL-003761,2025-12-18,REP-016,DrugAlpha-100mg,Neurology,Combination Therapy,Live During HCP Call,Fully Answered,6.8,20.3,1,4,HCP-0044
MSL-003762,2025-12-18,REP-016,DrugAlpha-100mg,Neurology,Real-World Evidence,Post-Call Follow-up,Fully Answered,9.7,8.7,0,5,
MSL-003763,2025-12-18,REP-016,DrugAlpha-100mg,Neurology,Mechanism of Action,Live During HCP Call,Fully Answered,10.7,9.2,1,5,HCP-0155
MSL-003764,2025-12-18,REP-016,DrugAlpha-100mg,Neurology,Patient Selection Criteria,Post-Call Follow-up,Fully Answered,12.5,12.2,0,5,
MSL-003765,2025-12-18,REP-017,DrugBeta-50mg,Immunology,Biomarker Data,Live During HCP Call,Redirected to Medical,24.7,0,0,3,
MSL-003766,2025-12-18,REP-017,CardioPlus-25mg,Immunology,Mechanism of Action,Post-Call Follow-up,Fully Answered,7.4,14.9,0,5,
MSL-003767,2025-12-18,REP-017,DrugGamma-200mg,Immunology,Mechanism of Action,Live During HCP Call,No Answer Found,29.4,0,0,1,
MSL-003768,2025-12-18,REP-021,DrugGamma-200mg,Rare Disease,Long-term Outcomes,Pre-Meeting Prep,Fully Answered,9.6,10.7,1,5,HCP-0228
MSL-003769,2025-12-18,REP-021,NeuroX-75mg,Rare Disease,Dosing Guidelines,Pre-Meeting Prep,Fully Answered,10.9,5.0,1,5,HCP-0395
MSL-003770,2025-12-18,REP-021,CardioPlus-25mg,Rare Disease,Biomarker Data,Live During HCP Call,No Answer Found,26.8,0,0,3,
MSL-003771,2025-12-18,REP-021,NeuroX-75mg,Rare Disease,Adverse Events / Safety,Pre-Meeting Prep,Partially Answered,17.6,17.8,1,4,HCP-0288
MSL-003772,2025-12-19,REP-002,DrugAlpha-100mg,Oncology,Patient Selection Criteria,Post-Call Follow-up,Partially Answered,9.1,6.0,0,4,
MSL-003773,2025-12-19,REP-002,CardioPlus-25mg,Oncology,Combination Therapy,Self-Study,Fully Answered,9.5,18.6,0,5,
MSL-003774,2025-12-19,REP-002,NeuroX-75mg,Oncology,Drug Interactions,Self-Study,Partially Answered,14.5,7.3,0,3,
MSL-003775,2025-12-19,REP-002,DrugGamma-200mg,Oncology,Subgroup Analysis,Pre-Meeting Prep,No Answer Found,13.7,0,0,1,
MSL-003776,2025-12-19,REP-004,CardioPlus-25mg,Cardiology,Subgroup Analysis,Post-Call Follow-up,Fully Answered,9.2,15.0,0,5,
MSL-003777,2025-12-19,REP-004,CardioPlus-25mg,Cardiology,Dosing Guidelines,Post-Call Follow-up,Fully Answered,9.4,21.5,0,5,
MSL-003778,2025-12-19,REP-008,DrugAlpha-100mg,Immunology,Drug Interactions,Post-Call Follow-up,Fully Answered,10.2,17.5,0,4,
MSL-003779,2025-12-19,REP-008,DrugGamma-200mg,Immunology,Clinical Trial Data,Post-Call Follow-up,Fully Answered,6.6,11.6,0,4,
MSL-003780,2025-12-19,REP-008,NeuroX-75mg,Immunology,Dosing Guidelines,Post-Call Follow-up,Fully Answered,8.2,13.2,0,5,
MSL-003781,2025-12-19,REP-008,NeuroX-75mg,Immunology,Long-term Outcomes,Pre-Meeting Prep,Fully Answered,8.1,17.5,1,5,HCP-0393
MSL-003782,2025-12-19,REP-008,CardioPlus-25mg,Immunology,Competitor Comparison,Post-Call Follow-up,Fully Answered,10.9,9.1,0,4,
MSL-003783,2025-12-19,REP-008,DrugBeta-50mg,Immunology,Dosing Guidelines,Self-Study,Partially Answered,21.8,14.2,0,3,
MSL-003784,2025-12-19,REP-009,DrugAlpha-100mg,Cardiology,Dosing Guidelines,Self-Study,Fully Answered,9.7,11.6,0,4,
MSL-003785,2025-12-19,REP-009,DrugGamma-200mg,Cardiology,Competitor Comparison,Live During HCP Call,Redirected to Medical,32.4,0,0,2,
MSL-003786,2025-12-19,REP-009,DrugAlpha-100mg,Cardiology,Combination Therapy,Live During HCP Call,Fully Answered,7.8,2,1,5,HCP-0242
MSL-003787,2025-12-19,REP-009,DrugGamma-200mg,Cardiology,Adverse Events / Safety,Self-Study,Fully Answered,7.4,15.8,0,5,
MSL-003788,2025-12-19,REP-009,DrugBeta-50mg,Cardiology,Guidelines / Protocols,Self-Study,Fully Answered,6.7,16.2,0,4,
MSL-003789,2025-12-19,REP-009,NeuroX-75mg,Cardiology,Adverse Events / Safety,Self-Study,Partially Answered,19.2,10.2,0,4,
MSL-003790,2025-12-19,REP-009,DrugBeta-50mg,Cardiology,Subgroup Analysis,Pre-Meeting Prep,No Answer Found,32.6,0,0,1,
MSL-003791,2025-12-19,REP-010,DrugGamma-200mg,Immunology,Subgroup Analysis,Post-Call Follow-up,No Answer Found,32.9,0,0,2,
MSL-003792,2025-12-19,REP-015,DrugGamma-200mg,Oncology,Dosing Guidelines,Pre-Meeting Prep,No Answer Found,6.1,0,0,2,
MSL-003793,2025-12-19,REP-016,DrugBeta-50mg,Neurology,Adverse Events / Safety,Self-Study,Partially Answered,14.6,12.7,0,3,
MSL-003794,2025-12-19,REP-016,DrugBeta-50mg,Neurology,Drug Interactions,Self-Study,Fully Answered,9.7,17.2,0,5,
MSL-003795,2025-12-19,REP-016,NeuroX-75mg,Neurology,Dosing Guidelines,Post-Call Follow-up,Fully Answered,6.8,8.2,0,4,
MSL-003796,2025-12-19,REP-016,DrugBeta-50mg,Neurology,Subgroup Analysis,Post-Call Follow-up,Partially Answered,17.8,8.3,0,3,
MSL-003797,2025-12-19,REP-016,NeuroX-75mg,Neurology,Combination Therapy,Live During HCP Call,Fully Answered,12.5,14.6,1,5,HCP-0059
MSL-003798,2025-12-19,REP-016,DrugGamma-200mg,Neurology,Real-World Evidence,Pre-Meeting Prep,No Answer Found,29.4,0,0,1,
MSL-003799,2025-12-19,REP-017,CardioPlus-25mg,Immunology,Dosing Guidelines,Self-Study,Fully Answered,8.6,5.2,0,5,
MSL-003800,2025-12-19,REP-017,DrugBeta-50mg,Immunology,Combination Therapy,Post-Call Follow-up,Partially Answered,10.0,6.7,0,4,
MSL-003801,2025-12-19,REP-017,DrugAlpha-100mg,Immunology,Drug Interactions,Post-Call Follow-up,Redirected to Medical,25.8,0,0,1,
MSL-003802,2025-12-19,REP-017,DrugBeta-50mg,Immunology,Patient Selection Criteria,Pre-Meeting Prep,Partially Answered,21.5,13.3,1,2,HCP-0316
MSL-003803,2025-12-19,REP-017,DrugGamma-200mg,Immunology,Combination Therapy,Pre-Meeting Prep,Fully Answered,9.1,18.8,1,5,HCP-0219
MSL-003804,2025-12-19,REP-017,DrugGamma-200mg,Immunology,Off-label Evidence Request,Post-Call Follow-up,Fully Answered,11.9,9.8,0,5,
MSL-003805,2025-12-19,REP-021,NeuroX-75mg,Rare Disease,Adverse Events / Safety,Post-Call Follow-up,Fully Answered,8.7,10.7,0,5,
MSL-003806,2025-12-19,REP-021,DrugGamma-200mg,Rare Disease,Pharmacokinetics,Pre-Meeting Prep,Fully Answered,9.1,12.0,1,5,HCP-0173
MSL-003807,2025-12-19,REP-021,DrugGamma-200mg,Rare Disease,Off-label Evidence Request,Live During HCP Call,No Answer Found,22.1,0,0,2,
MSL-003808,2025-12-19,REP-021,CardioPlus-25mg,Rare Disease,Guidelines / Protocols,Pre-Meeting Prep,No Answer Found,21.3,0,0,2,
MSL-003809,2025-12-19,REP-021,DrugGamma-200mg,Rare Disease,Guidelines / Protocols,Self-Study,No Answer Found,25.7,0,0,3,
MSL-003810,2025-12-22,REP-002,NeuroX-75mg,Oncology,Long-term Outcomes,Pre-Meeting Prep,Redirected to Medical,24.5,0,0,2,
MSL-003811,2025-12-22,REP-002,CardioPlus-25mg,Oncology,Clinical Trial Data,Live During HCP Call,No Answer Found,7.3,0,0,1,
MSL-003812,2025-12-22,REP-004,DrugBeta-50mg,Cardiology,Competitor Comparison,Live During HCP Call,Fully Answered,5.8,15.6,1,5,HCP-0351
MSL-003813,2025-12-22,REP-008,DrugGamma-200mg,Immunology,Dosing Guidelines,Live During HCP Call,Fully Answered,12.3,12.7,1,5,HCP-0076
MSL-003814,2025-12-22,REP-008,CardioPlus-25mg,Immunology,Guidelines / Protocols,Post-Call Follow-up,Fully Answered,9.2,12.0,0,5,
MSL-003815,2025-12-22,REP-008,DrugBeta-50mg,Immunology,Dosing Guidelines,Pre-Meeting Prep,Partially Answered,19.3,9.6,1,3,HCP-0486
MSL-003816,2025-12-22,REP-009,DrugBeta-50mg,Cardiology,Long-term Outcomes,Pre-Meeting Prep,Partially Answered,19.0,6.6,1,3,HCP-0197
MSL-003817,2025-12-22,REP-009,CardioPlus-25mg,Cardiology,Long-term Outcomes,Self-Study,Fully Answered,7.9,16.1,0,5,
MSL-003818,2025-12-22,REP-009,NeuroX-75mg,Cardiology,Real-World Evidence,Post-Call Follow-up,Fully Answered,10.9,7.7,0,5,
MSL-003819,2025-12-22,REP-010,DrugGamma-200mg,Immunology,Subgroup Analysis,Live During HCP Call,Fully Answered,10.2,7.5,1,4,HCP-0046
MSL-003820,2025-12-22,REP-010,CardioPlus-25mg,Immunology,Drug Interactions,Live During HCP Call,Fully Answered,8.5,10.9,1,5,HCP-0217
MSL-003821,2025-12-22,REP-010,DrugBeta-50mg,Immunology,Dosing Guidelines,Pre-Meeting Prep,Fully Answered,6.8,13.6,0,4,
MSL-003822,2025-12-22,REP-010,NeuroX-75mg,Immunology,Off-label Evidence Request,Live During HCP Call,Fully Answered,5.3,17.0,1,4,HCP-0443
MSL-003823,2025-12-22,REP-010,DrugGamma-200mg,Immunology,Clinical Trial Data,Live During HCP Call,No Answer Found,25.1,0,0,2,
MSL-003824,2025-12-22,REP-010,DrugGamma-200mg,Immunology,Competitor Comparison,Pre-Meeting Prep,Partially Answered,13.6,17.3,0,4,
MSL-003825,2025-12-22,REP-015,DrugAlpha-100mg,Oncology,Mechanism of Action,Live During HCP Call,Fully Answered,6.5,11.0,1,5,HCP-0252
MSL-003826,2025-12-22,REP-015,DrugGamma-200mg,Oncology,Dosing Guidelines,Live During HCP Call,Fully Answered,5.0,2.5,1,4,HCP-0163
MSL-003827,2025-12-22,REP-016,DrugGamma-200mg,Neurology,Off-label Evidence Request,Self-Study,Fully Answered,7.7,14.9,0,5,
MSL-003828,2025-12-22,REP-016,CardioPlus-25mg,Neurology,Dosing Guidelines,Self-Study,Fully Answered,3.3,3.3,0,5,
MSL-003829,2025-12-22,REP-017,DrugBeta-50mg,Immunology,Off-label Evidence Request,Live During HCP Call,Fully Answered,8.5,11.2,1,5,HCP-0188
MSL-003830,2025-12-22,REP-017,DrugGamma-200mg,Immunology,Guidelines / Protocols,Self-Study,Partially Answered,14.8,11.5,0,4,
MSL-003831,2025-12-22,REP-017,DrugGamma-200mg,Immunology,Real-World Evidence,Post-Call Follow-up,Fully Answered,10.2,15.7,0,5,
MSL-003832,2025-12-22,REP-017,CardioPlus-25mg,Immunology,Competitor Comparison,Post-Call Follow-up,Fully Answered,12.3,13.1,0,4,
MSL-003833,2025-12-22,REP-017,DrugAlpha-100mg,Immunology,Guidelines / Protocols,Pre-Meeting Prep,Partially Answered,14.7,15.5,1,2,HCP-0134
MSL-003834,2025-12-22,REP-017,CardioPlus-25mg,Immunology,Competitor Comparison,Self-Study,Fully Answered,8.8,5.0,0,5,
MSL-003835,2025-12-22,REP-021,DrugBeta-50mg,Rare Disease,Mechanism of Action,Live During HCP Call,Fully Answered,6.2,22.3,0,5,
MSL-003836,2025-12-22,REP-021,NeuroX-75mg,Rare Disease,Pharmacokinetics,Self-Study,Fully Answered,9.3,21.6,0,5,
MSL-003837,2025-12-22,REP-021,NeuroX-75mg,Rare Disease,Combination Therapy,Post-Call Follow-up,Fully Answered,10.1,6.3,0,5,
MSL-003838,2025-12-22,REP-021,DrugAlpha-100mg,Rare Disease,Guidelines / Protocols,Post-Call Follow-up,No Answer Found,19.6,0,0,1,
MSL-003839,2025-12-23,REP-002,DrugAlpha-100mg,Oncology,Pharmacokinetics,Live During HCP Call,Fully Answered,7.2,8.9,1,5,HCP-0195
MSL-003840,2025-12-23,REP-002,CardioPlus-25mg,Oncology,Subgroup Analysis,Post-Call Follow-up,Partially Answered,26.5,8.5,0,3,
MSL-003841,2025-12-23,REP-004,DrugGamma-200mg,Cardiology,Long-term Outcomes,Pre-Meeting Prep,No Answer Found,25.3,0,0,3,
MSL-003842,2025-12-23,REP-004,NeuroX-75mg,Cardiology,Combination Therapy,Self-Study,No Answer Found,26.2,0,0,3,
MSL-003843,2025-12-23,REP-004,DrugAlpha-100mg,Cardiology,Adverse Events / Safety,Live During HCP Call,Partially Answered,11.8,6.3,1,4,HCP-0446
MSL-003844,2025-12-23,REP-004,NeuroX-75mg,Cardiology,Combination Therapy,Self-Study,Fully Answered,13.3,11.2,0,5,
MSL-003845,2025-12-23,REP-004,DrugGamma-200mg,Cardiology,Long-term Outcomes,Post-Call Follow-up,Partially Answered,21.3,5.7,0,4,
MSL-003846,2025-12-23,REP-008,DrugGamma-200mg,Immunology,Patient Selection Criteria,Pre-Meeting Prep,Partially Answered,22.0,9.2,1,3,HCP-0140
MSL-003847,2025-12-23,REP-008,DrugGamma-200mg,Immunology,Clinical Trial Data,Post-Call Follow-up,Fully Answered,14.4,7.2,0,5,
MSL-003848,2025-12-23,REP-008,DrugGamma-200mg,Immunology,Combination Therapy,Pre-Meeting Prep,Fully Answered,4.4,4.8,1,5,HCP-0059
MSL-003849,2025-12-23,REP-009,DrugAlpha-100mg,Cardiology,Competitor Comparison,Self-Study,Fully Answered,8.3,13.3,0,5,
MSL-003850,2025-12-23,REP-009,DrugGamma-200mg,Cardiology,Adverse Events / Safety,Post-Call Follow-up,No Answer Found,17.9,0,0,1,
MSL-003851,2025-12-23,REP-009,DrugAlpha-100mg,Cardiology,Patient Selection Criteria,Pre-Meeting Prep,Fully Answered,9.5,11.5,0,5,
MSL-003852,2025-12-23,REP-009,NeuroX-75mg,Cardiology,Pharmacokinetics,Pre-Meeting Prep,Partially Answered,12.8,21.9,1,3,HCP-0050
MSL-003853,2025-12-23,REP-010,DrugGamma-200mg,Immunology,Guidelines / Protocols,Live During HCP Call,Partially Answered,11.8,10.9,1,3,HCP-0022
MSL-003854,2025-12-23,REP-010,CardioPlus-25mg,Immunology,Biomarker Data,Post-Call Follow-up,No Answer Found,34.0,0,0,2,
MSL-003855,2025-12-23,REP-010,CardioPlus-25mg,Immunology,Clinical Trial Data,Pre-Meeting Prep,Partially Answered,15.8,14.8,1,3,HCP-0170
MSL-003856,2025-12-23,REP-010,DrugAlpha-100mg,Immunology,Mechanism of Action,Post-Call Follow-up,Fully Answered,6.7,7.5,0,5,
MSL-003857,2025-12-23,REP-010,DrugGamma-200mg,Immunology,Dosing Guidelines,Post-Call Follow-up,No Answer Found,12.8,0,0,1,
MSL-003858,2025-12-23,REP-015,NeuroX-75mg,Oncology,Patient Selection Criteria,Pre-Meeting Prep,Redirected to Medical,39.2,0,0,1,
MSL-003859,2025-12-23,REP-015,CardioPlus-25mg,Oncology,Patient Selection Criteria,Pre-Meeting Prep,Fully Answered,11.3,15.7,1,5,HCP-0097
MSL-003860,2025-12-23,REP-015,NeuroX-75mg,Oncology,Subgroup Analysis,Pre-Meeting Prep,No Answer Found,30.7,0,0,1,
MSL-003861,2025-12-23,REP-015,DrugGamma-200mg,Oncology,Subgroup Analysis,Live During HCP Call,Fully Answered,7.7,10.9,0,4,
MSL-003862,2025-12-23,REP-016,DrugBeta-50mg,Neurology,Guidelines / Protocols,Post-Call Follow-up,Fully Answered,5.5,10.1,0,5,
MSL-003863,2025-12-23,REP-016,CardioPlus-25mg,Neurology,Guidelines / Protocols,Post-Call Follow-up,Fully Answered,13.7,9.3,0,5,
MSL-003864,2025-12-23,REP-016,DrugAlpha-100mg,Neurology,Dosing Guidelines,Pre-Meeting Prep,Fully Answered,5.6,2,0,5,
MSL-003865,2025-12-23,REP-017,NeuroX-75mg,Immunology,Mechanism of Action,Post-Call Follow-up,Redirected to Medical,12.6,0,0,3,
MSL-003866,2025-12-23,REP-017,CardioPlus-25mg,Immunology,Real-World Evidence,Post-Call Follow-up,Fully Answered,8.4,6.0,0,4,
MSL-003867,2025-12-23,REP-017,NeuroX-75mg,Immunology,Real-World Evidence,Pre-Meeting Prep,Fully Answered,10.3,10.6,0,4,
MSL-003868,2025-12-23,REP-017,DrugBeta-50mg,Immunology,Pharmacokinetics,Pre-Meeting Prep,Fully Answered,10.6,10.8,1,5,HCP-0075
MSL-003869,2025-12-23,REP-021,NeuroX-75mg,Rare Disease,Biomarker Data,Self-Study,Partially Answered,8.1,5.6,0,2,
MSL-003870,2025-12-23,REP-021,NeuroX-75mg,Rare Disease,Adverse Events / Safety,Self-Study,Partially Answered,7.5,4.9,0,3,
MSL-003871,2025-12-23,REP-021,CardioPlus-25mg,Rare Disease,Clinical Trial Data,Live During HCP Call,Fully Answered,12.8,9.2,1,5,HCP-0022
MSL-003872,2025-12-24,REP-002,CardioPlus-25mg,Oncology,Dosing Guidelines,Post-Call Follow-up,Redirected to Medical,30.2,0,0,2,
MSL-003873,2025-12-24,REP-002,CardioPlus-25mg,Oncology,Combination Therapy,Live During HCP Call,Partially Answered,18.4,3.3,1,4,HCP-0046
MSL-003874,2025-12-24,REP-002,DrugBeta-50mg,Oncology,Long-term Outcomes,Post-Call Follow-up,Fully Answered,6.9,8.2,0,4,
MSL-003875,2025-12-24,REP-004,DrugAlpha-100mg,Cardiology,Mechanism of Action,Live During HCP Call,Fully Answered,7.8,16.0,1,4,HCP-0328
MSL-003876,2025-12-24,REP-004,DrugGamma-200mg,Cardiology,Patient Selection Criteria,Self-Study,Fully Answered,6.1,6.3,0,5,
MSL-003877,2025-12-24,REP-004,DrugBeta-50mg,Cardiology,Clinical Trial Data,Pre-Meeting Prep,Partially Answered,23.2,15.5,0,3,
MSL-003878,2025-12-24,REP-004,DrugGamma-200mg,Cardiology,Off-label Evidence Request,Pre-Meeting Prep,Fully Answered,14.9,14.0,1,5,HCP-0195
MSL-003879,2025-12-24,REP-004,DrugAlpha-100mg,Cardiology,Off-label Evidence Request,Live During HCP Call,Fully Answered,12.1,8.2,1,5,HCP-0214
MSL-003880,2025-12-24,REP-008,DrugAlpha-100mg,Immunology,Competitor Comparison,Pre-Meeting Prep,Fully Answered,11.2,22.1,1,4,HCP-0464
MSL-003881,2025-12-24,REP-008,DrugBeta-50mg,Immunology,Real-World Evidence,Live During HCP Call,Partially Answered,10.4,9.0,0,4,
MSL-003882,2025-12-24,REP-008,DrugGamma-200mg,Immunology,Adverse Events / Safety,Live During HCP Call,Fully Answered,11.4,3.9,1,5,HCP-0261
MSL-003883,2025-12-24,REP-008,DrugBeta-50mg,Immunology,Drug Interactions,Live During HCP Call,Redirected to Medical,33.5,0,0,2,
MSL-003884,2025-12-24,REP-008,DrugBeta-50mg,Immunology,Drug Interactions,Self-Study,Fully Answered,6.7,11.9,0,5,
MSL-003885,2025-12-24,REP-009,DrugGamma-200mg,Cardiology,Clinical Trial Data,Pre-Meeting Prep,Fully Answered,10.4,14.3,1,5,HCP-0496
MSL-003886,2025-12-24,REP-009,DrugAlpha-100mg,Cardiology,Dosing Guidelines,Live During HCP Call,No Answer Found,30.6,0,0,3,
MSL-003887,2025-12-24,REP-010,DrugGamma-200mg,Immunology,Clinical Trial Data,Post-Call Follow-up,Partially Answered,14.7,7.2,0,4,
MSL-003888,2025-12-24,REP-010,DrugAlpha-100mg,Immunology,Pharmacokinetics,Self-Study,Fully Answered,12.6,12.6,0,5,
MSL-003889,2025-12-24,REP-010,NeuroX-75mg,Immunology,Subgroup Analysis,Live During HCP Call,Partially Answered,18.3,10.6,0,2,
MSL-003890,2025-12-24,REP-010,DrugAlpha-100mg,Immunology,Dosing Guidelines,Pre-Meeting Prep,Fully Answered,9.8,13.7,0,5,
MSL-003891,2025-12-24,REP-010,DrugGamma-200mg,Immunology,Patient Selection Criteria,Pre-Meeting Prep,Fully Answered,13.4,16.5,0,4,
MSL-003892,2025-12-24,REP-010,DrugBeta-50mg,Immunology,Patient Selection Criteria,Self-Study,Fully Answered,1.4,21.6,0,5,
MSL-003893,2025-12-24,REP-010,DrugGamma-200mg,Immunology,Combination Therapy,Live During HCP Call,Fully Answered,1.4,11.8,0,5,
MSL-003894,2025-12-24,REP-015,NeuroX-75mg,Oncology,Mechanism of Action,Post-Call Follow-up,Fully Answered,13.5,12.8,0,5,
MSL-003895,2025-12-24,REP-015,DrugBeta-50mg,Oncology,Long-term Outcomes,Pre-Meeting Prep,Partially Answered,23.8,11.6,1,4,HCP-0037
MSL-003896,2025-12-24,REP-015,NeuroX-75mg,Oncology,Dosing Guidelines,Pre-Meeting Prep,Fully Answered,5.3,14.1,1,4,HCP-0085
MSL-003897,2025-12-24,REP-015,NeuroX-75mg,Oncology,Biomarker Data,Pre-Meeting Prep,Partially Answered,6.8,5.0,1,3,HCP-0156
MSL-003898,2025-12-24,REP-015,DrugAlpha-100mg,Oncology,Competitor Comparison,Post-Call Follow-up,Partially Answered,14.9,8.7,0,4,
MSL-003899,2025-12-24,REP-015,NeuroX-75mg,Oncology,Biomarker Data,Self-Study,Fully Answered,7.6,17.4,0,4,
MSL-003900,2025-12-24,REP-015,DrugBeta-50mg,Oncology,Biomarker Data,Pre-Meeting Prep,Redirected to Medical,32.2,0,0,3,
MSL-003901,2025-12-24,REP-015,DrugBeta-50mg,Oncology,Mechanism of Action,Post-Call Follow-up,No Answer Found,27.4,0,0,2,
MSL-003902,2025-12-24,REP-016,CardioPlus-25mg,Neurology,Combination Therapy,Self-Study,No Answer Found,20.1,0,0,3,
MSL-003903,2025-12-24,REP-016,CardioPlus-25mg,Neurology,Adverse Events / Safety,Live During HCP Call,Redirected to Medical,40.2,0,0,2,
MSL-003904,2025-12-24,REP-016,CardioPlus-25mg,Neurology,Competitor Comparison,Self-Study,Fully Answered,3.6,6.7,0,5,
MSL-003905,2025-12-24,REP-016,DrugBeta-50mg,Neurology,Adverse Events / Safety,Self-Study,Fully Answered,6.7,12.6,0,5,
MSL-003906,2025-12-24,REP-017,NeuroX-75mg,Immunology,Mechanism of Action,Pre-Meeting Prep,Fully Answered,7.4,6.0,1,5,HCP-0258
MSL-003907,2025-12-24,REP-017,NeuroX-75mg,Immunology,Competitor Comparison,Pre-Meeting Prep,Partially Answered,4.9,17.9,1,2,HCP-0152
MSL-003908,2025-12-24,REP-017,DrugBeta-50mg,Immunology,Patient Selection Criteria,Live During HCP Call,Fully Answered,10.9,11.1,1,5,HCP-0025
MSL-003909,2025-12-24,REP-017,DrugGamma-200mg,Immunology,Adverse Events / Safety,Self-Study,Fully Answered,8.1,2,0,5,
MSL-003910,2025-12-24,REP-017,DrugGamma-200mg,Immunology,Biomarker Data,Self-Study,Fully Answered,8.5,9.9,0,4,
MSL-003911,2025-12-24,REP-017,NeuroX-75mg,Immunology,Competitor Comparison,Pre-Meeting Prep,Partially Answered,10.9,4.8,1,2,HCP-0454
MSL-003912,2025-12-24,REP-017,NeuroX-75mg,Immunology,Clinical Trial Data,Pre-Meeting Prep,Fully Answered,10.9,7.7,1,5,HCP-0343
MSL-003913,2025-12-24,REP-017,DrugAlpha-100mg,Immunology,Drug Interactions,Live During HCP Call,Fully Answered,11.4,14.4,1,5,HCP-0068
MSL-003914,2025-12-24,REP-021,DrugAlpha-100mg,Rare Disease,Drug Interactions,Self-Study,Partially Answered,16.3,19.9,0,3,
MSL-003915,2025-12-24,REP-021,NeuroX-75mg,Rare Disease,Off-label Evidence Request,Post-Call Follow-up,Fully Answered,9.4,16.7,0,5,
MSL-003916,2025-12-24,REP-021,DrugGamma-200mg,Rare Disease,Long-term Outcomes,Post-Call Follow-up,No Answer Found,22.0,0,0,2,
MSL-003917,2025-12-24,REP-021,DrugGamma-200mg,Rare Disease,Pharmacokinetics,Live During HCP Call,Fully Answered,5.7,8.0,1,5,HCP-0321
MSL-003918,2025-12-24,REP-021,DrugGamma-200mg,Rare Disease,Pharmacokinetics,Pre-Meeting Prep,Fully Answered,4.4,9.2,0,5,
MSL-003919,2025-12-25,REP-002,NeuroX-75mg,Oncology,Combination Therapy,Self-Study,Partially Answered,5.7,16.0,0,2,
MSL-003920,2025-12-25,REP-002,NeuroX-75mg,Oncology,Real-World Evidence,Pre-Meeting Prep,Fully Answered,3.9,12.4,1,4,HCP-0438
MSL-003921,2025-12-25,REP-002,NeuroX-75mg,Oncology,Patient Selection Criteria,Pre-Meeting Prep,Fully Answered,7.3,8.5,0,5,
MSL-003922,2025-12-25,REP-002,DrugBeta-50mg,Oncology,Biomarker Data,Pre-Meeting Prep,Redirected to Medical,36.7,0,0,1,
MSL-003923,2025-12-25,REP-004,DrugAlpha-100mg,Cardiology,Long-term Outcomes,Pre-Meeting Prep,No Answer Found,29.1,0,0,2,
MSL-003924,2025-12-25,REP-004,NeuroX-75mg,Cardiology,Combination Therapy,Live During HCP Call,Fully Answered,6.6,3.7,0,5,
MSL-003925,2025-12-25,REP-004,DrugBeta-50mg,Cardiology,Competitor Comparison,Live During HCP Call,Partially Answered,19.6,7.1,1,2,HCP-0111
MSL-003926,2025-12-25,REP-009,DrugBeta-50mg,Cardiology,Combination Therapy,Self-Study,Fully Answered,1,5.3,0,4,
MSL-003927,2025-12-25,REP-009,CardioPlus-25mg,Cardiology,Clinical Trial Data,Live During HCP Call,Fully Answered,3.8,10.6,1,5,HCP-0179
MSL-003928,2025-12-25,REP-009,DrugGamma-200mg,Cardiology,Long-term Outcomes,Live During HCP Call,Fully Answered,11.6,4.5,1,4,HCP-0134
MSL-003929,2025-12-25,REP-010,DrugGamma-200mg,Immunology,Patient Selection Criteria,Post-Call Follow-up,Fully Answered,12.8,7.5,0,5,
MSL-003930,2025-12-25,REP-010,DrugGamma-200mg,Immunology,Competitor Comparison,Self-Study,Fully Answered,7.6,13.2,0,5,
MSL-003931,2025-12-25,REP-015,NeuroX-75mg,Oncology,Pharmacokinetics,Pre-Meeting Prep,Fully Answered,7.9,14.3,1,5,HCP-0039
MSL-003932,2025-12-25,REP-015,DrugGamma-200mg,Oncology,Adverse Events / Safety,Self-Study,Fully Answered,10.2,3.6,0,5,
MSL-003933,2025-12-25,REP-016,DrugGamma-200mg,Neurology,Pharmacokinetics,Live During HCP Call,Partially Answered,7.4,16.5,1,3,HCP-0108
MSL-003934,2025-12-25,REP-016,DrugGamma-200mg,Neurology,Subgroup Analysis,Self-Study,Fully Answered,11.9,16.7,0,4,
MSL-003935,2025-12-25,REP-016,CardioPlus-25mg,Neurology,Drug Interactions,Live During HCP Call,Fully Answered,3.8,19.4,0,5,
MSL-003936,2025-12-25,REP-016,DrugGamma-200mg,Neurology,Biomarker Data,Self-Study,Fully Answered,9.2,8.5,0,5,
MSL-003937,2025-12-25,REP-016,CardioPlus-25mg,Neurology,Real-World Evidence,Pre-Meeting Prep,Fully Answered,10.4,13.0,0,5,
MSL-003938,2025-12-25,REP-016,DrugBeta-50mg,Neurology,Clinical Trial Data,Pre-Meeting Prep,No Answer Found,34.0,0,0,2,
MSL-003939,2025-12-25,REP-017,DrugBeta-50mg,Immunology,Patient Selection Criteria,Live During HCP Call,Fully Answered,11.8,12.7,1,4,HCP-0288
MSL-003940,2025-12-25,REP-017,NeuroX-75mg,Immunology,Mechanism of Action,Post-Call Follow-up,Fully Answered,15.4,7.7,0,5,
MSL-003941,2025-12-25,REP-017,CardioPlus-25mg,Immunology,Combination Therapy,Post-Call Follow-up,Fully Answered,10.1,11.3,0,4,
MSL-003942,2025-12-25,REP-021,DrugAlpha-100mg,Rare Disease,Biomarker Data,Live During HCP Call,Fully Answered,8.1,10.1,1,4,HCP-0062
MSL-003943,2025-12-26,REP-004,DrugAlpha-100mg,Cardiology,Biomarker Data,Live During HCP Call,Fully Answered,11.5,13.5,1,5,HCP-0193
MSL-003944,2025-12-26,REP-004,CardioPlus-25mg,Cardiology,Long-term Outcomes,Self-Study,Fully Answered,7.5,16.5,0,5,
MSL-003945,2025-12-26,REP-004,CardioPlus-25mg,Cardiology,Adverse Events / Safety,Self-Study,Fully Answered,8.2,13.5,0,5,
MSL-003946,2025-12-26,REP-008,CardioPlus-25mg,Immunology,Real-World Evidence,Post-Call Follow-up,No Answer Found,20.5,0,0,3,
MSL-003947,2025-12-26,REP-008,DrugAlpha-100mg,Immunology,Competitor Comparison,Live During HCP Call,Fully Answered,13.5,6.2,0,4,
MSL-003948,2025-12-26,REP-008,NeuroX-75mg,Immunology,Clinical Trial Data,Self-Study,Partially Answered,21.6,5.9,0,4,
MSL-003949,2025-12-26,REP-009,DrugBeta-50mg,Cardiology,Long-term Outcomes,Pre-Meeting Prep,Partially Answered,19.4,13.4,0,2,
MSL-003950,2025-12-26,REP-009,DrugGamma-200mg,Cardiology,Real-World Evidence,Self-Study,No Answer Found,24.3,0,0,1,
MSL-003951,2025-12-26,REP-009,NeuroX-75mg,Cardiology,Real-World Evidence,Live During HCP Call,Fully Answered,5.2,8.0,1,5,HCP-0224
MSL-003952,2025-12-26,REP-010,DrugAlpha-100mg,Immunology,Dosing Guidelines,Live During HCP Call,Partially Answered,15.3,7.8,1,3,HCP-0127
MSL-003953,2025-12-26,REP-010,CardioPlus-25mg,Immunology,Adverse Events / Safety,Self-Study,Partially Answered,13.8,9.1,0,4,
MSL-003954,2025-12-26,REP-010,DrugAlpha-100mg,Immunology,Combination Therapy,Post-Call Follow-up,No Answer Found,24.6,0,0,2,
MSL-003955,2025-12-26,REP-010,CardioPlus-25mg,Immunology,Subgroup Analysis,Pre-Meeting Prep,Fully Answered,13.6,14.0,1,5,HCP-0455
MSL-003956,2025-12-26,REP-015,DrugAlpha-100mg,Oncology,Drug Interactions,Live During HCP Call,No Answer Found,37.6,0,0,2,
MSL-003957,2025-12-26,REP-015,DrugBeta-50mg,Oncology,Patient Selection Criteria,Live During HCP Call,Fully Answered,5.4,11.2,0,5,
MSL-003958,2025-12-26,REP-015,DrugAlpha-100mg,Oncology,Long-term Outcomes,Pre-Meeting Prep,Fully Answered,10.2,18.8,1,5,HCP-0072
MSL-003959,2025-12-26,REP-015,DrugBeta-50mg,Oncology,Patient Selection Criteria,Live During HCP Call,Fully Answered,6.2,12.7,1,5,HCP-0303
MSL-003960,2025-12-26,REP-015,NeuroX-75mg,Oncology,Long-term Outcomes,Post-Call Follow-up,Fully Answered,12.4,10.6,0,5,
MSL-003961,2025-12-26,REP-016,DrugBeta-50mg,Neurology,Biomarker Data,Pre-Meeting Prep,Fully Answered,1,9.3,1,5,HCP-0257
MSL-003962,2025-12-26,REP-016,CardioPlus-25mg,Neurology,Patient Selection Criteria,Post-Call Follow-up,Partially Answered,14.1,15.5,0,4,
MSL-003963,2025-12-26,REP-016,DrugGamma-200mg,Neurology,Long-term Outcomes,Pre-Meeting Prep,Fully Answered,7.1,13.0,1,4,HCP-0227
MSL-003964,2025-12-26,REP-017,DrugBeta-50mg,Immunology,Biomarker Data,Live During HCP Call,Fully Answered,7.2,5.2,1,5,HCP-0296
MSL-003965,2025-12-26,REP-021,DrugBeta-50mg,Rare Disease,Dosing Guidelines,Self-Study,Fully Answered,3.1,15.2,0,5,
MSL-003966,2025-12-26,REP-021,DrugAlpha-100mg,Rare Disease,Off-label Evidence Request,Self-Study,Partially Answered,18.3,18.5,0,4,
MSL-003967,2025-12-26,REP-021,NeuroX-75mg,Rare Disease,Pharmacokinetics,Post-Call Follow-up,Fully Answered,5.2,12.8,0,4,
MSL-003968,2025-12-29,REP-002,NeuroX-75mg,Oncology,Guidelines / Protocols,Pre-Meeting Prep,Fully Answered,8.0,22.4,1,5,HCP-0078
MSL-003969,2025-12-29,REP-002,DrugAlpha-100mg,Oncology,Long-term Outcomes,Live During HCP Call,Partially Answered,16.9,9.7,1,4,HCP-0055
MSL-003970,2025-12-29,REP-002,DrugBeta-50mg,Oncology,Pharmacokinetics,Pre-Meeting Prep,Fully Answered,11.0,14.9,1,5,HCP-0162
MSL-003971,2025-12-29,REP-002,DrugAlpha-100mg,Oncology,Clinical Trial Data,Self-Study,Fully Answered,5.3,7.3,0,5,
MSL-003972,2025-12-29,REP-002,DrugAlpha-100mg,Oncology,Clinical Trial Data,Pre-Meeting Prep,Fully Answered,9.4,2.6,1,5,HCP-0479
MSL-003973,2025-12-29,REP-002,CardioPlus-25mg,Oncology,Pharmacokinetics,Post-Call Follow-up,Fully Answered,8.2,6.1,0,5,
MSL-003974,2025-12-29,REP-004,DrugAlpha-100mg,Cardiology,Clinical Trial Data,Self-Study,Partially Answered,11.5,11.9,0,4,
MSL-003975,2025-12-29,REP-008,DrugAlpha-100mg,Immunology,Off-label Evidence Request,Live During HCP Call,No Answer Found,22.6,0,0,2,
MSL-003976,2025-12-29,REP-008,DrugGamma-200mg,Immunology,Drug Interactions,Pre-Meeting Prep,Fully Answered,8.7,12.3,1,5,HCP-0310
MSL-003977,2025-12-29,REP-008,CardioPlus-25mg,Immunology,Combination Therapy,Live During HCP Call,Fully Answered,7.8,17.0,1,5,HCP-0443
MSL-003978,2025-12-29,REP-009,DrugGamma-200mg,Cardiology,Competitor Comparison,Self-Study,No Answer Found,19.1,0,0,2,
MSL-003979,2025-12-29,REP-009,DrugGamma-200mg,Cardiology,Pharmacokinetics,Pre-Meeting Prep,Fully Answered,8.4,12.8,1,5,HCP-0407
MSL-003980,2025-12-29,REP-009,NeuroX-75mg,Cardiology,Real-World Evidence,Self-Study,Partially Answered,19.7,6.0,0,3,
MSL-003981,2025-12-29,REP-009,CardioPlus-25mg,Cardiology,Long-term Outcomes,Live During HCP Call,Fully Answered,8.2,12.3,1,5,HCP-0104
MSL-003982,2025-12-29,REP-009,DrugBeta-50mg,Cardiology,Mechanism of Action,Live During HCP Call,Fully Answered,5.2,2,1,4,HCP-0140
MSL-003983,2025-12-29,REP-010,DrugGamma-200mg,Immunology,Drug Interactions,Pre-Meeting Prep,Fully Answered,9.9,6.8,1,5,HCP-0277
MSL-003984,2025-12-29,REP-010,CardioPlus-25mg,Immunology,Patient Selection Criteria,Live During HCP Call,Partially Answered,13.1,15.3,1,3,HCP-0032
MSL-003985,2025-12-29,REP-010,DrugGamma-200mg,Immunology,Mechanism of Action,Pre-Meeting Prep,Redirected to Medical,26.9,0,0,2,
MSL-003986,2025-12-29,REP-010,DrugBeta-50mg,Immunology,Competitor Comparison,Post-Call Follow-up,Fully Answered,8.3,9.5,0,4,
MSL-003987,2025-12-29,REP-010,CardioPlus-25mg,Immunology,Guidelines / Protocols,Pre-Meeting Prep,Fully Answered,6.0,22.9,1,5,HCP-0474
MSL-003988,2025-12-29,REP-015,DrugBeta-50mg,Oncology,Guidelines / Protocols,Post-Call Follow-up,Fully Answered,7.8,17.0,0,4,
MSL-003989,2025-12-29,REP-015,DrugBeta-50mg,Oncology,Pharmacokinetics,Pre-Meeting Prep,Fully Answered,4.2,15.2,1,4,HCP-0104
MSL-003990,2025-12-29,REP-015,DrugAlpha-100mg,Oncology,Pharmacokinetics,Pre-Meeting Prep,Fully Answered,12.0,15.6,1,4,HCP-0367
MSL-003991,2025-12-29,REP-015,NeuroX-75mg,Oncology,Off-label Evidence Request,Pre-Meeting Prep,Fully Answered,6.6,12.2,1,5,HCP-0097
MSL-003992,2025-12-29,REP-015,NeuroX-75mg,Oncology,Real-World Evidence,Live During HCP Call,Fully Answered,12.3,9.5,0,4,
MSL-003993,2025-12-29,REP-017,DrugAlpha-100mg,Immunology,Competitor Comparison,Pre-Meeting Prep,No Answer Found,15.0,0,0,2,
MSL-003994,2025-12-29,REP-017,CardioPlus-25mg,Immunology,Dosing Guidelines,Pre-Meeting Prep,Partially Answered,14.5,12.5,1,4,HCP-0185
MSL-003995,2025-12-29,REP-021,CardioPlus-25mg,Rare Disease,Competitor Comparison,Post-Call Follow-up,Fully Answered,5.3,10.2,0,4,
MSL-003996,2025-12-29,REP-021,DrugBeta-50mg,Rare Disease,Subgroup Analysis,Pre-Meeting Prep,Fully Answered,12.4,16.7,1,5,HCP-0209
MSL-003997,2025-12-30,REP-002,DrugGamma-200mg,Oncology,Patient Selection Criteria,Pre-Meeting Prep,Fully Answered,6.2,14.1,1,5,HCP-0133
MSL-003998,2025-12-30,REP-002,CardioPlus-25mg,Oncology,Off-label Evidence Request,Live During HCP Call,Fully Answered,6.1,14.6,1,5,HCP-0204
MSL-003999,2025-12-30,REP-004,DrugGamma-200mg,Cardiology,Patient Selection Criteria,Live During HCP Call,Fully Answered,8.7,7.4,1,5,HCP-0406
MSL-004000,2025-12-30,REP-004,CardioPlus-25mg,Cardiology,Real-World Evidence,Self-Study,Partially Answered,20.7,5.8,0,3,
MSL-004001,2025-12-30,REP-004,DrugGamma-200mg,Cardiology,Subgroup Analysis,Live During HCP Call,Fully Answered,4.4,12.4,1,4,HCP-0111
MSL-004002,2025-12-30,REP-004,DrugAlpha-100mg,Cardiology,Real-World Evidence,Live During HCP Call,Redirected to Medical,31.4,0,0,2,
MSL-004003,2025-12-30,REP-004,DrugAlpha-100mg,Cardiology,Guidelines / Protocols,Self-Study,No Answer Found,32.5,0,0,1,
MSL-004004,2025-12-30,REP-004,DrugGamma-200mg,Cardiology,Clinical Trial Data,Post-Call Follow-up,Partially Answered,11.3,5.9,0,2,
MSL-004005,2025-12-30,REP-008,DrugAlpha-100mg,Immunology,Mechanism of Action,Live During HCP Call,Fully Answered,5.9,13.3,0,5,
MSL-004006,2025-12-30,REP-008,CardioPlus-25mg,Immunology,Biomarker Data,Self-Study,Fully Answered,4.2,11.2,0,4,
MSL-004007,2025-12-30,REP-009,DrugBeta-50mg,Cardiology,Mechanism of Action,Pre-Meeting Prep,Fully Answered,5.9,2,0,5,
MSL-004008,2025-12-30,REP-009,NeuroX-75mg,Cardiology,Patient Selection Criteria,Pre-Meeting Prep,Fully Answered,8.5,9.1,1,5,HCP-0403
MSL-004009,2025-12-30,REP-009,DrugAlpha-100mg,Cardiology,Mechanism of Action,Post-Call Follow-up,Fully Answered,5.1,18.1,0,5,
MSL-004010,2025-12-30,REP-009,CardioPlus-25mg,Cardiology,Combination Therapy,Pre-Meeting Prep,Fully Answered,7.3,14.2,1,4,HCP-0086
MSL-004011,2025-12-30,REP-009,DrugGamma-200mg,Cardiology,Guidelines / Protocols,Pre-Meeting Prep,Fully Answered,9.8,15.3,1,4,HCP-0140
MSL-004012,2025-12-30,REP-010,NeuroX-75mg,Immunology,Guidelines / Protocols,Live During HCP Call,Partially Answered,15.0,7.5,0,3,
MSL-004013,2025-12-30,REP-010,DrugBeta-50mg,Immunology,Real-World Evidence,Self-Study,Fully Answered,4.0,2,0,4,
MSL-004014,2025-12-30,REP-010,DrugBeta-50mg,Immunology,Drug Interactions,Live During HCP Call,Redirected to Medical,28.5,0,0,3,
MSL-004015,2025-12-30,REP-010,DrugAlpha-100mg,Immunology,Adverse Events / Safety,Pre-Meeting Prep,No Answer Found,17.6,0,0,2,
MSL-004016,2025-12-30,REP-010,NeuroX-75mg,Immunology,Off-label Evidence Request,Pre-Meeting Prep,Fully Answered,5.2,9.3,0,5,
MSL-004017,2025-12-30,REP-016,CardioPlus-25mg,Neurology,Drug Interactions,Pre-Meeting Prep,Fully Answered,5.1,8.4,1,4,HCP-0169
MSL-004018,2025-12-30,REP-017,CardioPlus-25mg,Immunology,Real-World Evidence,Pre-Meeting Prep,Fully Answered,6.0,12.2,1,4,HCP-0046
MSL-004019,2025-12-30,REP-017,DrugBeta-50mg,Immunology,Subgroup Analysis,Post-Call Follow-up,Fully Answered,5.6,15.2,0,5,
MSL-004020,2025-12-30,REP-017,DrugAlpha-100mg,Immunology,Competitor Comparison,Pre-Meeting Prep,Fully Answered,5.0,12.8,0,5,
MSL-004021,2025-12-30,REP-017,CardioPlus-25mg,Immunology,Patient Selection Criteria,Post-Call Follow-up,Partially Answered,25.8,15.1,0,2,
MSL-004022,2025-12-30,REP-017,DrugAlpha-100mg,Immunology,Biomarker Data,Live During HCP Call,Redirected to Medical,8.5,0,0,1,
MSL-004023,2025-12-30,REP-017,DrugGamma-200mg,Immunology,Long-term Outcomes,Self-Study,Fully Answered,5.6,4.0,0,5,
MSL-004024,2025-12-30,REP-021,DrugBeta-50mg,Rare Disease,Long-term Outcomes,Pre-Meeting Prep,Fully Answered,7.4,10.7,0,5,
MSL-004025,2025-12-30,REP-021,DrugGamma-200mg,Rare Disease,Subgroup Analysis,Pre-Meeting Prep,Partially Answered,11.9,21.9,1,4,HCP-0090
MSL-004026,2025-12-31,REP-002,NeuroX-75mg,Oncology,Pharmacokinetics,Post-Call Follow-up,Partially Answered,16.9,13.5,0,3,
MSL-004027,2025-12-31,REP-002,DrugBeta-50mg,Oncology,Patient Selection Criteria,Pre-Meeting Prep,Fully Answered,5.5,13.7,1,4,HCP-0264
MSL-004028,2025-12-31,REP-002,DrugAlpha-100mg,Oncology,Adverse Events / Safety,Live During HCP Call,Partially Answered,22.1,12.8,1,4,HCP-0064
MSL-004029,2025-12-31,REP-002,NeuroX-75mg,Oncology,Adverse Events / Safety,Pre-Meeting Prep,Fully Answered,7.8,20.5,1,5,HCP-0452
MSL-004030,2025-12-31,REP-004,DrugAlpha-100mg,Cardiology,Clinical Trial Data,Live During HCP Call,Fully Answered,10.8,10.5,1,4,HCP-0292
MSL-004031,2025-12-31,REP-008,DrugGamma-200mg,Immunology,Mechanism of Action,Self-Study,Fully Answered,10.2,11.9,0,5,
MSL-004032,2025-12-31,REP-008,DrugGamma-200mg,Immunology,Off-label Evidence Request,Self-Study,Partially Answered,11.3,15.7,0,4,
MSL-004033,2025-12-31,REP-008,CardioPlus-25mg,Immunology,Combination Therapy,Live During HCP Call,Fully Answered,3.6,11.1,1,5,HCP-0484
MSL-004034,2025-12-31,REP-009,NeuroX-75mg,Cardiology,Guidelines / Protocols,Self-Study,Fully Answered,10.9,23.9,0,4,
MSL-004035,2025-12-31,REP-009,DrugBeta-50mg,Cardiology,Biomarker Data,Post-Call Follow-up,Partially Answered,17.0,11.2,0,2,
MSL-004036,2025-12-31,REP-009,NeuroX-75mg,Cardiology,Guidelines / Protocols,Pre-Meeting Prep,No Answer Found,28.6,0,0,2,
MSL-004037,2025-12-31,REP-009,DrugGamma-200mg,Cardiology,Real-World Evidence,Post-Call Follow-up,Fully Answered,13.9,16.0,0,5,
MSL-004038,2025-12-31,REP-009,DrugGamma-200mg,Cardiology,Off-label Evidence Request,Pre-Meeting Prep,Fully Answered,5.5,11.8,1,5,HCP-0219
MSL-004039,2025-12-31,REP-010,DrugBeta-50mg,Immunology,Patient Selection Criteria,Pre-Meeting Prep,Fully Answered,4.4,18.9,0,5,
MSL-004040,2025-12-31,REP-010,DrugGamma-200mg,Immunology,Subgroup Analysis,Pre-Meeting Prep,Fully Answered,10.8,10.0,0,5,
MSL-004041,2025-12-31,REP-010,NeuroX-75mg,Immunology,Clinical Trial Data,Pre-Meeting Prep,Fully Answered,10.1,12.8,0,5,
MSL-004042,2025-12-31,REP-015,DrugAlpha-100mg,Oncology,Drug Interactions,Pre-Meeting Prep,Partially Answered,15.2,21.8,1,4,HCP-0082
MSL-004043,2025-12-31,REP-015,DrugAlpha-100mg,Oncology,Clinical Trial Data,Self-Study,Fully Answered,9.3,12.3,0,5,
MSL-004044,2025-12-31,REP-015,CardioPlus-25mg,Oncology,Patient Selection Criteria,Pre-Meeting Prep,Partially Answered,1,15.1,0,4,
MSL-004045,2025-12-31,REP-015,NeuroX-75mg,Oncology,Competitor Comparison,Pre-Meeting Prep,Fully Answered,6.8,10.9,1,5,HCP-0345
MSL-004046,2025-12-31,REP-016,DrugGamma-200mg,Neurology,Competitor Comparison,Pre-Meeting Prep,Fully Answered,9.1,4.2,1,4,HCP-0094
MSL-004047,2025-12-31,REP-016,DrugBeta-50mg,Neurology,Combination Therapy,Pre-Meeting Prep,Partially Answered,14.6,8.8,1,3,HCP-0350
MSL-004048,2025-12-31,REP-017,CardioPlus-25mg,Immunology,Real-World Evidence,Post-Call Follow-up,Redirected to Medical,30.7,0,0,3,
MSL-004049,2025-12-31,REP-017,DrugBeta-50mg,Immunology,Drug Interactions,Self-Study,Fully Answered,8.5,11.3,0,5,
MSL-004050,2025-12-31,REP-017,CardioPlus-25mg,Immunology,Real-World Evidence,Pre-Meeting Prep,Fully Answered,5.5,23.3,1,5,HCP-0042
MSL-004051,2025-12-31,REP-021,DrugBeta-50mg,Rare Disease,Clinical Trial Data,Live During HCP Call,Fully Answered,6.9,8.4,1,5,HCP-0326
MSL-004052,2025-12-31,REP-021,DrugGamma-200mg,Rare Disease,Subgroup Analysis,Self-Study,No Answer Found,31.2,0,0,3,
MSL-004053,2025-12-31,REP-021,DrugBeta-50mg,Rare Disease,Competitor Comparison,Live During HCP Call,Redirected to Medical,23.1,0,0,3,
MSL-004054,2026-01-01,REP-002,CardioPlus-25mg,Oncology,Patient Selection Criteria,Live During HCP Call,No Answer Found,24.5,0,0,2,
MSL-004055,2026-01-01,REP-002,CardioPlus-25mg,Oncology,Patient Selection Criteria,Live During HCP Call,No Answer Found,18.1,0,0,2,
MSL-004056,2026-01-01,REP-002,DrugAlpha-100mg,Oncology,Subgroup Analysis,Pre-Meeting Prep,Fully Answered,7.7,7.5,1,5,HCP-0259
MSL-004057,2026-01-01,REP-002,DrugAlpha-100mg,Oncology,Patient Selection Criteria,Pre-Meeting Prep,Fully Answered,8.4,4.1,0,5,
MSL-004058,2026-01-01,REP-002,DrugGamma-200mg,Oncology,Competitor Comparison,Live During HCP Call,Fully Answered,5.8,14.5,1,4,HCP-0410
MSL-004059,2026-01-01,REP-004,DrugGamma-200mg,Cardiology,Combination Therapy,Pre-Meeting Prep,Fully Answered,11.4,16.1,1,5,HCP-0234
MSL-004060,2026-01-01,REP-004,DrugGamma-200mg,Cardiology,Off-label Evidence Request,Pre-Meeting Prep,Fully Answered,16.0,4.7,1,5,HCP-0050
MSL-004061,2026-01-01,REP-004,DrugGamma-200mg,Cardiology,Mechanism of Action,Post-Call Follow-up,Fully Answered,1.5,22.1,0,5,
MSL-004062,2026-01-01,REP-004,DrugBeta-50mg,Cardiology,Clinical Trial Data,Live During HCP Call,Partially Answered,20.1,10.1,1,4,HCP-0459
MSL-004063,2026-01-01,REP-008,DrugAlpha-100mg,Immunology,Mechanism of Action,Pre-Meeting Prep,Fully Answered,10.9,15.5,1,4,HCP-0073
MSL-004064,2026-01-01,REP-008,CardioPlus-25mg,Immunology,Mechanism of Action,Live During HCP Call,Fully Answered,7.3,6.3,0,5,
MSL-004065,2026-01-01,REP-008,NeuroX-75mg,Immunology,Adverse Events / Safety,Self-Study,Fully Answered,16.5,12.1,0,5,
MSL-004066,2026-01-01,REP-008,DrugBeta-50mg,Immunology,Real-World Evidence,Self-Study,Fully Answered,7.0,7.0,0,5,
MSL-004067,2026-01-01,REP-009,NeuroX-75mg,Cardiology,Subgroup Analysis,Self-Study,Fully Answered,5.5,8.6,0,5,
MSL-004068,2026-01-01,REP-009,CardioPlus-25mg,Cardiology,Off-label Evidence Request,Pre-Meeting Prep,Redirected to Medical,17.5,0,0,2,
MSL-004069,2026-01-01,REP-010,DrugBeta-50mg,Immunology,Subgroup Analysis,Live During HCP Call,Redirected to Medical,31.7,0,0,3,
MSL-004070,2026-01-01,REP-010,CardioPlus-25mg,Immunology,Off-label Evidence Request,Live During HCP Call,Partially Answered,13.3,18.9,1,4,HCP-0217
MSL-004071,2026-01-01,REP-010,CardioPlus-25mg,Immunology,Patient Selection Criteria,Pre-Meeting Prep,Fully Answered,7.3,13.4,1,5,HCP-0104
MSL-004072,2026-01-01,REP-010,DrugBeta-50mg,Immunology,Biomarker Data,Live During HCP Call,Fully Answered,7.1,15.0,1,5,HCP-0096
MSL-004073,2026-01-01,REP-015,NeuroX-75mg,Oncology,Combination Therapy,Live During HCP Call,Fully Answered,6.1,15.7,1,5,HCP-0129
MSL-004074,2026-01-01,REP-015,DrugGamma-200mg,Oncology,Clinical Trial Data,Pre-Meeting Prep,Fully Answered,14.4,11.2,0,5,
MSL-004075,2026-01-01,REP-015,DrugGamma-200mg,Oncology,Subgroup Analysis,Self-Study,Fully Answered,7.0,10.8,0,5,
MSL-004076,2026-01-01,REP-015,DrugBeta-50mg,Oncology,Clinical Trial Data,Pre-Meeting Prep,Fully Answered,7.3,18.1,1,5,HCP-0414
MSL-004077,2026-01-01,REP-015,DrugBeta-50mg,Oncology,Competitor Comparison,Live During HCP Call,Fully Answered,12.2,7.4,0,4,
MSL-004078,2026-01-01,REP-015,DrugGamma-200mg,Oncology,Guidelines / Protocols,Post-Call Follow-up,Fully Answered,3.2,14.4,0,4,
MSL-004079,2026-01-01,REP-016,CardioPlus-25mg,Neurology,Patient Selection Criteria,Post-Call Follow-up,Fully Answered,11.5,12.3,0,4,
MSL-004080,2026-01-01,REP-016,DrugAlpha-100mg,Neurology,Real-World Evidence,Pre-Meeting Prep,Fully Answered,6.3,16.3,1,5,HCP-0187
MSL-004081,2026-01-01,REP-016,DrugBeta-50mg,Neurology,Clinical Trial Data,Live During HCP Call,No Answer Found,25.6,0,0,2,
MSL-004082,2026-01-01,REP-017,DrugGamma-200mg,Immunology,Biomarker Data,Self-Study,Fully Answered,4.4,3.0,0,5,
MSL-004083,2026-01-01,REP-017,NeuroX-75mg,Immunology,Real-World Evidence,Pre-Meeting Prep,Fully Answered,6.3,22.9,1,5,HCP-0340
MSL-004084,2026-01-01,REP-017,CardioPlus-25mg,Immunology,Real-World Evidence,Pre-Meeting Prep,Fully Answered,9.3,5.1,1,5,HCP-0225
MSL-004085,2026-01-01,REP-017,CardioPlus-25mg,Immunology,Drug Interactions,Pre-Meeting Prep,Fully Answered,1.9,2.2,1,5,HCP-0016
MSL-004086,2026-01-01,REP-017,DrugBeta-50mg,Immunology,Drug Interactions,Self-Study,Fully Answered,6.3,13.3,0,4,
MSL-004087,2026-01-01,REP-021,CardioPlus-25mg,Rare Disease,Combination Therapy,Post-Call Follow-up,Fully Answered,9.2,18.9,0,5,
MSL-004088,2026-01-01,REP-021,NeuroX-75mg,Rare Disease,Clinical Trial Data,Self-Study,Redirected to Medical,27.6,0,0,1,
MSL-004089,2026-01-02,REP-002,CardioPlus-25mg,Oncology,Off-label Evidence Request,Post-Call Follow-up,Redirected to Medical,22.3,0,0,3,
MSL-004090,2026-01-02,REP-002,NeuroX-75mg,Oncology,Off-label Evidence Request,Self-Study,Fully Answered,4.5,13.3,0,5,
MSL-004091,2026-01-02,REP-002,DrugGamma-200mg,Oncology,Combination Therapy,Live During HCP Call,Partially Answered,14.1,11.8,1,4,HCP-0034
MSL-004092,2026-01-02,REP-004,CardioPlus-25mg,Cardiology,Guidelines / Protocols,Live During HCP Call,No Answer Found,34.4,0,0,2,
MSL-004093,2026-01-02,REP-004,DrugGamma-200mg,Cardiology,Patient Selection Criteria,Live During HCP Call,Fully Answered,3.7,11.7,1,5,HCP-0098
MSL-004094,2026-01-02,REP-008,CardioPlus-25mg,Immunology,Mechanism of Action,Pre-Meeting Prep,Redirected to Medical,32.3,0,0,3,
MSL-004095,2026-01-02,REP-008,DrugAlpha-100mg,Immunology,Patient Selection Criteria,Post-Call Follow-up,Fully Answered,15.6,11.5,0,4,
MSL-004096,2026-01-02,REP-008,DrugGamma-200mg,Immunology,Patient Selection Criteria,Self-Study,Fully Answered,1,16.4,0,5,
MSL-004097,2026-01-02,REP-008,CardioPlus-25mg,Immunology,Long-term Outcomes,Pre-Meeting Prep,Fully Answered,10.0,9.6,1,4,HCP-0296
MSL-004098,2026-01-02,REP-008,DrugBeta-50mg,Immunology,Subgroup Analysis,Pre-Meeting Prep,Partially Answered,17.8,9.8,0,3,
MSL-004099,2026-01-02,REP-008,CardioPlus-25mg,Immunology,Adverse Events / Safety,Pre-Meeting Prep,Fully Answered,7.1,12.6,1,5,HCP-0210
MSL-004100,2026-01-02,REP-009,CardioPlus-25mg,Cardiology,Drug Interactions,Post-Call Follow-up,Fully Answered,12.1,7.3,0,5,
MSL-004101,2026-01-02,REP-009,NeuroX-75mg,Cardiology,Off-label Evidence Request,Pre-Meeting Prep,Fully Answered,9.0,8.9,1,5,HCP-0352
MSL-004102,2026-01-02,REP-009,DrugAlpha-100mg,Cardiology,Subgroup Analysis,Pre-Meeting Prep,Fully Answered,6.3,8.8,0,5,
MSL-004103,2026-01-02,REP-009,DrugGamma-200mg,Cardiology,Competitor Comparison,Post-Call Follow-up,Fully Answered,9.4,13.5,0,4,
MSL-004104,2026-01-02,REP-010,DrugAlpha-100mg,Immunology,Guidelines / Protocols,Post-Call Follow-up,Fully Answered,13.1,18.0,0,5,
MSL-004105,2026-01-02,REP-010,DrugGamma-200mg,Immunology,Adverse Events / Safety,Pre-Meeting Prep,Fully Answered,11.6,13.3,1,5,HCP-0426
MSL-004106,2026-01-02,REP-015,DrugGamma-200mg,Oncology,Patient Selection Criteria,Post-Call Follow-up,Redirected to Medical,27.4,0,0,2,
MSL-004107,2026-01-02,REP-015,CardioPlus-25mg,Oncology,Patient Selection Criteria,Pre-Meeting Prep,Partially Answered,16.4,20.0,1,4,HCP-0407
MSL-004108,2026-01-02,REP-015,DrugBeta-50mg,Oncology,Combination Therapy,Pre-Meeting Prep,No Answer Found,21.6,0,0,1,
MSL-004109,2026-01-02,REP-015,DrugGamma-200mg,Oncology,Adverse Events / Safety,Live During HCP Call,Fully Answered,9.5,14.6,1,4,HCP-0291
MSL-004110,2026-01-02,REP-015,CardioPlus-25mg,Oncology,Clinical Trial Data,Post-Call Follow-up,Fully Answered,11.5,16.8,0,5,
MSL-004111,2026-01-02,REP-015,NeuroX-75mg,Oncology,Guidelines / Protocols,Self-Study,Fully Answered,7.4,16.7,0,5,
MSL-004112,2026-01-02,REP-015,DrugBeta-50mg,Oncology,Off-label Evidence Request,Live During HCP Call,Fully Answered,6.0,14.1,0,5,
MSL-004113,2026-01-02,REP-015,DrugAlpha-100mg,Oncology,Mechanism of Action,Pre-Meeting Prep,Partially Answered,10.7,25.1,1,3,HCP-0319
MSL-004114,2026-01-02,REP-017,DrugGamma-200mg,Immunology,Combination Therapy,Post-Call Follow-up,Fully Answered,6.8,24.9,0,5,
MSL-004115,2026-01-02,REP-017,DrugAlpha-100mg,Immunology,Long-term Outcomes,Post-Call Follow-up,Partially Answered,15.7,13.1,0,3,
MSL-004116,2026-01-02,REP-017,CardioPlus-25mg,Immunology,Clinical Trial Data,Live During HCP Call,Fully Answered,8.7,8.8,1,5,HCP-0268
MSL-004117,2026-01-02,REP-017,NeuroX-75mg,Immunology,Long-term Outcomes,Pre-Meeting Prep,Fully Answered,13.0,14.6,1,5,HCP-0212
MSL-004118,2026-01-02,REP-021,NeuroX-75mg,Rare Disease,Combination Therapy,Live During HCP Call,No Answer Found,24.7,0,0,1,
MSL-004119,2026-01-02,REP-021,DrugBeta-50mg,Rare Disease,Real-World Evidence,Live During HCP Call,Fully Answered,6.7,10.4,1,5,HCP-0391
MSL-004120,2026-01-02,REP-021,NeuroX-75mg,Rare Disease,Off-label Evidence Request,Pre-Meeting Prep,Partially Answered,8.4,22.1,1,3,HCP-0062
MSL-004121,2026-01-02,REP-021,DrugAlpha-100mg,Rare Disease,Competitor Comparison,Post-Call Follow-up,Fully Answered,5.1,12.9,0,5,
MSL-004122,2026-01-02,REP-021,NeuroX-75mg,Rare Disease,Clinical Trial Data,Post-Call Follow-up,Fully Answered,8.5,21.6,0,4,
MSL-004123,2026-01-02,REP-021,DrugAlpha-100mg,Rare Disease,Adverse Events / Safety,Pre-Meeting Prep,Fully Answered,8.1,10.4,0,5,
MSL-004124,2026-01-02,REP-021,DrugBeta-50mg,Rare Disease,Mechanism of Action,Pre-Meeting Prep,Partially Answered,16.8,10.2,0,3,
MSL-004125,2026-01-05,REP-002,CardioPlus-25mg,Oncology,Real-World Evidence,Post-Call Follow-up,Fully Answered,4.8,11.1,0,5,
MSL-004126,2026-01-05,REP-002,DrugBeta-50mg,Oncology,Guidelines / Protocols,Post-Call Follow-up,Partially Answered,12.6,12.9,0,4,
MSL-004127,2026-01-05,REP-002,NeuroX-75mg,Oncology,Guidelines / Protocols,Pre-Meeting Prep,Fully Answered,8.7,19.4,1,5,HCP-0406
MSL-004128,2026-01-05,REP-002,NeuroX-75mg,Oncology,Mechanism of Action,Self-Study,Fully Answered,8.2,15.6,0,5,
MSL-004129,2026-01-05,REP-004,DrugGamma-200mg,Cardiology,Patient Selection Criteria,Live During HCP Call,Fully Answered,1,11.2,1,4,HCP-0091
MSL-004130,2026-01-05,REP-004,DrugGamma-200mg,Cardiology,Biomarker Data,Pre-Meeting Prep,Redirected to Medical,11.2,0,0,1,
MSL-004131,2026-01-05,REP-004,NeuroX-75mg,Cardiology,Mechanism of Action,Pre-Meeting Prep,Fully Answered,11.6,10.5,0,5,
MSL-004132,2026-01-05,REP-008,NeuroX-75mg,Immunology,Real-World Evidence,Live During HCP Call,Fully Answered,8.7,19.7,1,5,HCP-0058
MSL-004133,2026-01-05,REP-008,DrugGamma-200mg,Immunology,Competitor Comparison,Self-Study,Fully Answered,7.8,11.7,0,5,
MSL-004134,2026-01-05,REP-008,NeuroX-75mg,Immunology,Drug Interactions,Live During HCP Call,Fully Answered,7.2,10.5,1,4,HCP-0296
MSL-004135,2026-01-05,REP-008,NeuroX-75mg,Immunology,Mechanism of Action,Pre-Meeting Prep,Partially Answered,3.4,8.5,0,4,
MSL-004136,2026-01-05,REP-009,DrugAlpha-100mg,Cardiology,Subgroup Analysis,Self-Study,Fully Answered,5.5,14.8,0,4,
MSL-004137,2026-01-05,REP-009,DrugGamma-200mg,Cardiology,Guidelines / Protocols,Post-Call Follow-up,Partially Answered,17.6,9.3,0,3,
MSL-004138,2026-01-05,REP-009,DrugGamma-200mg,Cardiology,Patient Selection Criteria,Pre-Meeting Prep,Fully Answered,13.2,14.4,1,5,HCP-0178
MSL-004139,2026-01-05,REP-010,DrugBeta-50mg,Immunology,Guidelines / Protocols,Live During HCP Call,No Answer Found,33.8,0,0,1,
MSL-004140,2026-01-05,REP-010,CardioPlus-25mg,Immunology,Biomarker Data,Self-Study,Fully Answered,6.9,16.2,0,5,
MSL-004141,2026-01-05,REP-010,DrugAlpha-100mg,Immunology,Long-term Outcomes,Post-Call Follow-up,Partially Answered,27.8,8.1,0,2,
MSL-004142,2026-01-05,REP-015,DrugGamma-200mg,Oncology,Biomarker Data,Pre-Meeting Prep,Fully Answered,7.1,15.5,0,5,
MSL-004143,2026-01-05,REP-015,DrugGamma-200mg,Oncology,Off-label Evidence Request,Pre-Meeting Prep,Fully Answered,11.3,12.4,1,5,HCP-0445
MSL-004144,2026-01-05,REP-015,DrugBeta-50mg,Oncology,Clinical Trial Data,Pre-Meeting Prep,Redirected to Medical,11.5,0,0,2,
MSL-004145,2026-01-05,REP-015,NeuroX-75mg,Oncology,Long-term Outcomes,Live During HCP Call,Fully Answered,10.9,2,1,5,HCP-0171
MSL-004146,2026-01-05,REP-016,DrugAlpha-100mg,Neurology,Pharmacokinetics,Pre-Meeting Prep,Fully Answered,8.9,11.9,1,5,HCP-0058
MSL-004147,2026-01-05,REP-016,DrugBeta-50mg,Neurology,Clinical Trial Data,Post-Call Follow-up,Fully Answered,7.3,3.8,0,5,
MSL-004148,2026-01-05,REP-016,DrugAlpha-100mg,Neurology,Subgroup Analysis,Live During HCP Call,No Answer Found,16.1,0,0,2,
MSL-004149,2026-01-05,REP-017,CardioPlus-25mg,Immunology,Subgroup Analysis,Post-Call Follow-up,Partially Answered,12.6,20.9,0,3,
MSL-004150,2026-01-05,REP-017,DrugBeta-50mg,Immunology,Patient Selection Criteria,Live During HCP Call,Fully Answered,8.8,2.6,1,5,HCP-0490
MSL-004151,2026-01-05,REP-017,DrugAlpha-100mg,Immunology,Subgroup Analysis,Self-Study,Fully Answered,8.3,8.8,0,5,
MSL-004152,2026-01-05,REP-021,DrugAlpha-100mg,Rare Disease,Long-term Outcomes,Pre-Meeting Prep,Fully Answered,3.1,9.0,1,5,HCP-0177
MSL-004153,2026-01-05,REP-021,CardioPlus-25mg,Rare Disease,Pharmacokinetics,Pre-Meeting Prep,Fully Answered,3.6,12.0,1,5,HCP-0069
MSL-004154,2026-01-05,REP-021,DrugAlpha-100mg,Rare Disease,Patient Selection Criteria,Post-Call Follow-up,Fully Answered,5.8,22.1,0,5,
MSL-004155,2026-01-05,REP-021,CardioPlus-25mg,Rare Disease,Patient Selection Criteria,Pre-Meeting Prep,Fully Answered,3.3,10.3,1,4,HCP-0207
MSL-004156,2026-01-06,REP-002,NeuroX-75mg,Oncology,Adverse Events / Safety,Pre-Meeting Prep,Fully Answered,8.5,11.1,1,5,HCP-0289
MSL-004157,2026-01-06,REP-004,DrugGamma-200mg,Cardiology,Clinical Trial Data,Pre-Meeting Prep,Partially Answered,22.6,8.8,1,4,HCP-0206
MSL-004158,2026-01-06,REP-008,NeuroX-75mg,Immunology,Pharmacokinetics,Pre-Meeting Prep,Partially Answered,18.5,9.2,1,3,HCP-0214
MSL-004159,2026-01-06,REP-008,DrugBeta-50mg,Immunology,Dosing Guidelines,Post-Call Follow-up,Fully Answered,9.2,5.0,0,5,
MSL-004160,2026-01-06,REP-009,DrugAlpha-100mg,Cardiology,Real-World Evidence,Pre-Meeting Prep,Fully Answered,9.2,16.0,1,5,HCP-0266
MSL-004161,2026-01-06,REP-009,NeuroX-75mg,Cardiology,Drug Interactions,Pre-Meeting Prep,Fully Answered,10.1,15.6,1,5,HCP-0421
MSL-004162,2026-01-06,REP-009,DrugGamma-200mg,Cardiology,Competitor Comparison,Self-Study,Fully Answered,6.5,9.4,0,5,
MSL-004163,2026-01-06,REP-009,CardioPlus-25mg,Cardiology,Off-label Evidence Request,Live During HCP Call,Fully Answered,8.2,19.5,0,5,
MSL-004164,2026-01-06,REP-009,DrugBeta-50mg,Cardiology,Clinical Trial Data,Post-Call Follow-up,Fully Answered,9.7,9.6,0,5,
MSL-004165,2026-01-06,REP-009,DrugBeta-50mg,Cardiology,Real-World Evidence,Post-Call Follow-up,Fully Answered,7.8,3.4,0,5,
MSL-004166,2026-01-06,REP-009,DrugGamma-200mg,Cardiology,Guidelines / Protocols,Post-Call Follow-up,Fully Answered,6.1,3.7,0,4,
MSL-004167,2026-01-06,REP-009,DrugBeta-50mg,Cardiology,Combination Therapy,Self-Study,Fully Answered,11.4,7.6,0,5,
MSL-004168,2026-01-06,REP-010,NeuroX-75mg,Immunology,Real-World Evidence,Pre-Meeting Prep,Fully Answered,12.3,4.7,1,5,HCP-0438
MSL-004169,2026-01-06,REP-010,CardioPlus-25mg,Immunology,Adverse Events / Safety,Post-Call Follow-up,No Answer Found,18.8,0,0,1,
MSL-004170,2026-01-06,REP-010,CardioPlus-25mg,Immunology,Dosing Guidelines,Self-Study,Redirected to Medical,15.9,0,0,1,
MSL-004171,2026-01-06,REP-015,DrugGamma-200mg,Oncology,Off-label Evidence Request,Pre-Meeting Prep,Fully Answered,4.8,21.5,0,4,
MSL-004172,2026-01-06,REP-015,DrugAlpha-100mg,Oncology,Mechanism of Action,Pre-Meeting Prep,Partially Answered,9.0,16.7,1,3,HCP-0455
MSL-004173,2026-01-06,REP-016,DrugAlpha-100mg,Neurology,Clinical Trial Data,Live During HCP Call,Fully Answered,6.8,10.8,0,5,
MSL-004174,2026-01-06,REP-016,DrugGamma-200mg,Neurology,Drug Interactions,Pre-Meeting Prep,Partially Answered,15.3,9.2,1,4,HCP-0092
MSL-004175,2026-01-06,REP-016,NeuroX-75mg,Neurology,Pharmacokinetics,Post-Call Follow-up,No Answer Found,28.6,0,0,3,
MSL-004176,2026-01-06,REP-016,DrugGamma-200mg,Neurology,Off-label Evidence Request,Self-Study,Fully Answered,8.7,9.9,0,5,
MSL-004177,2026-01-06,REP-016,CardioPlus-25mg,Neurology,Subgroup Analysis,Post-Call Follow-up,Fully Answered,5.5,11.9,0,4,
MSL-004178,2026-01-06,REP-016,CardioPlus-25mg,Neurology,Drug Interactions,Pre-Meeting Prep,Fully Answered,12.1,4.4,0,4,
MSL-004179,2026-01-06,REP-017,CardioPlus-25mg,Immunology,Patient Selection Criteria,Live During HCP Call,Partially Answered,7.9,17.8,1,2,HCP-0188
MSL-004180,2026-01-06,REP-017,DrugGamma-200mg,Immunology,Clinical Trial Data,Live During HCP Call,Fully Answered,12.0,17.5,0,5,
MSL-004181,2026-01-06,REP-017,DrugAlpha-100mg,Immunology,Clinical Trial Data,Post-Call Follow-up,Fully Answered,9.7,12.9,0,5,
MSL-004182,2026-01-06,REP-017,NeuroX-75mg,Immunology,Real-World Evidence,Post-Call Follow-up,Partially Answered,12.1,6.0,0,3,
MSL-004183,2026-01-06,REP-017,DrugAlpha-100mg,Immunology,Pharmacokinetics,Pre-Meeting Prep,Fully Answered,6.7,10.1,1,5,HCP-0360
MSL-004184,2026-01-06,REP-017,DrugBeta-50mg,Immunology,Subgroup Analysis,Live During HCP Call,Fully Answered,6.3,7.5,1,5,HCP-0107
MSL-004185,2026-01-06,REP-021,NeuroX-75mg,Rare Disease,Off-label Evidence Request,Pre-Meeting Prep,No Answer Found,26.2,0,0,2,
MSL-004186,2026-01-06,REP-021,CardioPlus-25mg,Rare Disease,Pharmacokinetics,Self-Study,Fully Answered,4.7,12.8,0,5,
MSL-004187,2026-01-06,REP-021,DrugBeta-50mg,Rare Disease,Subgroup Analysis,Pre-Meeting Prep,Partially Answered,11.2,5.3,1,4,HCP-0299
MSL-004188,2026-01-06,REP-021,DrugBeta-50mg,Rare Disease,Drug Interactions,Live During HCP Call,Partially Answered,13.7,11.9,1,2,HCP-0182
MSL-004189,2026-01-07,REP-002,DrugBeta-50mg,Oncology,Real-World Evidence,Self-Study,Fully Answered,1,4.7,0,5,
MSL-004190,2026-01-07,REP-004,DrugGamma-200mg,Cardiology,Patient Selection Criteria,Post-Call Follow-up,Fully Answered,12.8,10.2,0,4,
MSL-004191,2026-01-07,REP-004,DrugGamma-200mg,Cardiology,Mechanism of Action,Self-Study,Fully Answered,2.7,2.0,0,5,
MSL-004192,2026-01-07,REP-004,DrugBeta-50mg,Cardiology,Mechanism of Action,Pre-Meeting Prep,Fully Answered,3.4,13.0,1,5,HCP-0074
MSL-004193,2026-01-07,REP-008,NeuroX-75mg,Immunology,Patient Selection Criteria,Pre-Meeting Prep,Fully Answered,11.7,13.7,1,5,HCP-0072
MSL-004194,2026-01-07,REP-008,DrugGamma-200mg,Immunology,Subgroup Analysis,Self-Study,Fully Answered,3.1,9.2,0,4,
MSL-004195,2026-01-07,REP-008,NeuroX-75mg,Immunology,Long-term Outcomes,Pre-Meeting Prep,Partially Answered,12.3,6.5,1,2,HCP-0367
MSL-004196,2026-01-07,REP-009,CardioPlus-25mg,Cardiology,Dosing Guidelines,Live During HCP Call,Fully Answered,6.5,8.8,1,4,HCP-0319
MSL-004197,2026-01-07,REP-009,CardioPlus-25mg,Cardiology,Adverse Events / Safety,Live During HCP Call,No Answer Found,35.1,0,0,1,
MSL-004198,2026-01-07,REP-010,NeuroX-75mg,Immunology,Drug Interactions,Live During HCP Call,Fully Answered,3.8,14.2,1,5,HCP-0165
MSL-004199,2026-01-07,REP-015,CardioPlus-25mg,Oncology,Competitor Comparison,Live During HCP Call,Redirected to Medical,23.6,0,0,1,
MSL-004200,2026-01-07,REP-015,CardioPlus-25mg,Oncology,Guidelines / Protocols,Self-Study,No Answer Found,34.4,0,0,2,
MSL-004201,2026-01-07,REP-015,DrugAlpha-100mg,Oncology,Patient Selection Criteria,Self-Study,Fully Answered,12.2,9.0,0,5,
MSL-004202,2026-01-07,REP-015,DrugAlpha-100mg,Oncology,Patient Selection Criteria,Pre-Meeting Prep,No Answer Found,8.7,0,0,2,
MSL-004203,2026-01-07,REP-016,NeuroX-75mg,Neurology,Long-term Outcomes,Pre-Meeting Prep,Fully Answered,5.1,12.5,1,4,HCP-0370
MSL-004204,2026-01-07,REP-016,DrugAlpha-100mg,Neurology,Drug Interactions,Self-Study,Redirected to Medical,30.6,0,0,2,
MSL-004205,2026-01-07,REP-016,DrugBeta-50mg,Neurology,Off-label Evidence Request,Post-Call Follow-up,Partially Answered,11.0,6.0,0,3,
MSL-004206,2026-01-07,REP-017,NeuroX-75mg,Immunology,Biomarker Data,Pre-Meeting Prep,Partially Answered,8.8,19.8,1,3,HCP-0326
MSL-004207,2026-01-07,REP-017,DrugBeta-50mg,Immunology,Biomarker Data,Pre-Meeting Prep,Fully Answered,5.8,20.1,0,4,
MSL-004208,2026-01-07,REP-021,NeuroX-75mg,Rare Disease,Mechanism of Action,Post-Call Follow-up,Partially Answered,12.6,10.0,0,3,
MSL-004209,2026-01-07,REP-021,DrugAlpha-100mg,Rare Disease,Combination Therapy,Live During HCP Call,Fully Answered,6.3,9.3,0,4,
MSL-004210,2026-01-07,REP-021,DrugBeta-50mg,Rare Disease,Adverse Events / Safety,Self-Study,Fully Answered,10.7,12.5,0,5,
MSL-004211,2026-01-07,REP-021,CardioPlus-25mg,Rare Disease,Clinical Trial Data,Post-Call Follow-up,Fully Answered,8.3,8.4,0,5,
MSL-004212,2026-01-07,REP-021,DrugBeta-50mg,Rare Disease,Biomarker Data,Pre-Meeting Prep,Partially Answered,18.2,13.0,1,4,HCP-0415
MSL-004213,2026-01-07,REP-021,DrugAlpha-100mg,Rare Disease,Dosing Guidelines,Self-Study,Fully Answered,6.3,9.3,0,4,
MSL-004214,2026-01-08,REP-002,DrugGamma-200mg,Oncology,Clinical Trial Data,Pre-Meeting Prep,Fully Answered,3.2,11.2,1,5,HCP-0401
MSL-004215,2026-01-08,REP-002,DrugAlpha-100mg,Oncology,Dosing Guidelines,Post-Call Follow-up,Fully Answered,8.7,18.1,0,5,
MSL-004216,2026-01-08,REP-002,NeuroX-75mg,Oncology,Drug Interactions,Post-Call Follow-up,Partially Answered,19.1,8.1,0,2,
MSL-004217,2026-01-08,REP-002,DrugGamma-200mg,Oncology,Biomarker Data,Pre-Meeting Prep,Redirected to Medical,27.7,0,0,2,
MSL-004218,2026-01-08,REP-004,CardioPlus-25mg,Cardiology,Off-label Evidence Request,Post-Call Follow-up,Fully Answered,9.5,12.1,0,4,
MSL-004219,2026-01-08,REP-004,CardioPlus-25mg,Cardiology,Competitor Comparison,Self-Study,Partially Answered,22.5,10.6,0,4,
MSL-004220,2026-01-08,REP-004,DrugBeta-50mg,Cardiology,Dosing Guidelines,Self-Study,Fully Answered,7.7,6.6,0,4,
MSL-004221,2026-01-08,REP-004,DrugBeta-50mg,Cardiology,Drug Interactions,Post-Call Follow-up,Fully Answered,6.6,6.7,0,4,
MSL-004222,2026-01-08,REP-008,CardioPlus-25mg,Immunology,Off-label Evidence Request,Pre-Meeting Prep,Partially Answered,18.9,15.2,0,4,
MSL-004223,2026-01-08,REP-009,NeuroX-75mg,Cardiology,Biomarker Data,Live During HCP Call,Partially Answered,10.6,3.9,1,3,HCP-0373
MSL-004224,2026-01-08,REP-009,DrugBeta-50mg,Cardiology,Biomarker Data,Live During HCP Call,Fully Answered,7.0,15.4,1,5,HCP-0058
MSL-004225,2026-01-08,REP-009,CardioPlus-25mg,Cardiology,Patient Selection Criteria,Pre-Meeting Prep,Fully Answered,11.6,14.5,0,5,
MSL-004226,2026-01-08,REP-010,DrugGamma-200mg,Immunology,Competitor Comparison,Pre-Meeting Prep,Fully Answered,4.2,4.7,1,5,HCP-0100
MSL-004227,2026-01-08,REP-010,NeuroX-75mg,Immunology,Dosing Guidelines,Live During HCP Call,Fully Answered,5.0,10.1,1,5,HCP-0355
MSL-004228,2026-01-08,REP-010,DrugBeta-50mg,Immunology,Combination Therapy,Self-Study,Redirected to Medical,39.4,0,0,3,
MSL-004229,2026-01-08,REP-015,NeuroX-75mg,Oncology,Combination Therapy,Live During HCP Call,Fully Answered,5.6,11.1,0,5,
MSL-004230,2026-01-08,REP-015,DrugBeta-50mg,Oncology,Off-label Evidence Request,Pre-Meeting Prep,Fully Answered,5.1,14.2,0,4,
MSL-004231,2026-01-08,REP-016,CardioPlus-25mg,Neurology,Mechanism of Action,Self-Study,Partially Answered,16.4,10.7,0,4,
MSL-004232,2026-01-08,REP-016,DrugAlpha-100mg,Neurology,Combination Therapy,Live During HCP Call,Partially Answered,12.9,16.2,1,4,HCP-0254
MSL-004233,2026-01-08,REP-016,NeuroX-75mg,Neurology,Patient Selection Criteria,Post-Call Follow-up,Fully Answered,11.6,9.6,0,5,
MSL-004234,2026-01-08,REP-016,NeuroX-75mg,Neurology,Adverse Events / Safety,Live During HCP Call,Redirected to Medical,22.7,0,0,1,
MSL-004235,2026-01-08,REP-017,NeuroX-75mg,Immunology,Combination Therapy,Live During HCP Call,Redirected to Medical,21.0,0,0,2,
MSL-004236,2026-01-08,REP-017,NeuroX-75mg,Immunology,Long-term Outcomes,Live During HCP Call,Partially Answered,15.5,6.4,0,3,
MSL-004237,2026-01-08,REP-017,CardioPlus-25mg,Immunology,Long-term Outcomes,Live During HCP Call,Fully Answered,10.0,8.0,1,4,HCP-0043
MSL-004238,2026-01-08,REP-017,NeuroX-75mg,Immunology,Adverse Events / Safety,Pre-Meeting Prep,Fully Answered,2.2,7.5,0,5,
MSL-004239,2026-01-08,REP-017,DrugAlpha-100mg,Immunology,Long-term Outcomes,Pre-Meeting Prep,Fully Answered,7.6,11.3,0,5,
MSL-004240,2026-01-08,REP-017,DrugGamma-200mg,Immunology,Patient Selection Criteria,Live During HCP Call,Partially Answered,10.1,2,1,4,HCP-0216
MSL-004241,2026-01-08,REP-021,DrugGamma-200mg,Rare Disease,Mechanism of Action,Self-Study,Partially Answered,14.0,9.8,0,3,
MSL-004242,2026-01-08,REP-021,DrugAlpha-100mg,Rare Disease,Biomarker Data,Self-Study,Fully Answered,6.7,5.8,0,5,
MSL-004243,2026-01-08,REP-021,NeuroX-75mg,Rare Disease,Adverse Events / Safety,Live During HCP Call,Fully Answered,7.8,11.1,0,5,
MSL-004244,2026-01-08,REP-021,DrugAlpha-100mg,Rare Disease,Combination Therapy,Pre-Meeting Prep,Fully Answered,7.9,16.5,0,4,
MSL-004245,2026-01-08,REP-021,DrugGamma-200mg,Rare Disease,Long-term Outcomes,Pre-Meeting Prep,Fully Answered,10.1,14.8,1,5,HCP-0052
MSL-004246,2026-01-09,REP-002,DrugGamma-200mg,Oncology,Subgroup Analysis,Pre-Meeting Prep,Fully Answered,8.3,17.8,1,4,HCP-0422
MSL-004247,2026-01-09,REP-002,DrugGamma-200mg,Oncology,Pharmacokinetics,Pre-Meeting Prep,Fully Answered,13.8,9.5,1,4,HCP-0410
MSL-004248,2026-01-09,REP-002,DrugAlpha-100mg,Oncology,Mechanism of Action,Pre-Meeting Prep,Partially Answered,24.8,20.1,1,4,HCP-0353
MSL-004249,2026-01-09,REP-002,DrugGamma-200mg,Oncology,Long-term Outcomes,Live During HCP Call,Fully Answered,4.2,10.1,1,5,HCP-0071
MSL-004250,2026-01-09,REP-004,DrugBeta-50mg,Cardiology,Combination Therapy,Self-Study,Fully Answered,2.1,10.3,0,4,
MSL-004251,2026-01-09,REP-004,DrugBeta-50mg,Cardiology,Guidelines / Protocols,Pre-Meeting Prep,Fully Answered,10.6,8.0,1,4,HCP-0442
MSL-004252,2026-01-09,REP-004,DrugGamma-200mg,Cardiology,Biomarker Data,Live During HCP Call,Fully Answered,7.0,14.0,0,5,
MSL-004253,2026-01-09,REP-004,DrugGamma-200mg,Cardiology,Adverse Events / Safety,Live During HCP Call,Partially Answered,11.4,9.6,0,4,
MSL-004254,2026-01-09,REP-004,CardioPlus-25mg,Cardiology,Biomarker Data,Live During HCP Call,Fully Answered,7.1,9.7,1,5,HCP-0244
MSL-004255,2026-01-09,REP-008,NeuroX-75mg,Immunology,Dosing Guidelines,Self-Study,Fully Answered,12.3,18.6,0,5,
MSL-004256,2026-01-09,REP-009,CardioPlus-25mg,Cardiology,Pharmacokinetics,Post-Call Follow-up,Fully Answered,9.4,16.5,0,5,
MSL-004257,2026-01-09,REP-009,DrugGamma-200mg,Cardiology,Off-label Evidence Request,Live During HCP Call,Fully Answered,4.3,13.6,0,5,
MSL-004258,2026-01-09,REP-009,CardioPlus-25mg,Cardiology,Drug Interactions,Live During HCP Call,Fully Answered,6.6,7.7,1,4,HCP-0185
MSL-004259,2026-01-09,REP-010,CardioPlus-25mg,Immunology,Biomarker Data,Self-Study,No Answer Found,37.8,0,0,2,
MSL-004260,2026-01-09,REP-010,DrugBeta-50mg,Immunology,Drug Interactions,Pre-Meeting Prep,No Answer Found,12.5,0,0,1,
MSL-004261,2026-01-09,REP-010,DrugGamma-200mg,Immunology,Mechanism of Action,Post-Call Follow-up,Fully Answered,4.5,12.9,0,5,
MSL-004262,2026-01-09,REP-015,CardioPlus-25mg,Oncology,Off-label Evidence Request,Live During HCP Call,Partially Answered,14.6,11.9,1,3,HCP-0480
MSL-004263,2026-01-09,REP-015,CardioPlus-25mg,Oncology,Drug Interactions,Post-Call Follow-up,Partially Answered,17.9,17.2,0,4,
MSL-004264,2026-01-09,REP-015,DrugAlpha-100mg,Oncology,Combination Therapy,Live During HCP Call,Fully Answered,7.9,6.8,1,4,HCP-0204
MSL-004265,2026-01-09,REP-015,NeuroX-75mg,Oncology,Guidelines / Protocols,Pre-Meeting Prep,Partially Answered,10.0,14.3,1,3,HCP-0160
MSL-004266,2026-01-09,REP-016,DrugAlpha-100mg,Neurology,Competitor Comparison,Pre-Meeting Prep,Fully Answered,12.2,13.3,1,4,HCP-0317
MSL-004267,2026-01-09,REP-016,DrugBeta-50mg,Neurology,Dosing Guidelines,Post-Call Follow-up,Fully Answered,13.0,16.0,0,5,
MSL-004268,2026-01-09,REP-016,DrugGamma-200mg,Neurology,Competitor Comparison,Post-Call Follow-up,Fully Answered,5.2,11.4,0,5,
MSL-004269,2026-01-09,REP-016,NeuroX-75mg,Neurology,Patient Selection Criteria,Pre-Meeting Prep,Fully Answered,4.2,8.5,1,5,HCP-0447
MSL-004270,2026-01-09,REP-016,DrugGamma-200mg,Neurology,Pharmacokinetics,Live During HCP Call,Partially Answered,20.0,14.2,1,3,HCP-0463
MSL-004271,2026-01-09,REP-017,CardioPlus-25mg,Immunology,Off-label Evidence Request,Pre-Meeting Prep,Partially Answered,20.2,17.1,0,2,
MSL-004272,2026-01-09,REP-017,NeuroX-75mg,Immunology,Off-label Evidence Request,Live During HCP Call,Partially Answered,12.2,13.0,1,3,HCP-0456
MSL-004273,2026-01-09,REP-017,NeuroX-75mg,Immunology,Guidelines / Protocols,Pre-Meeting Prep,Partially Answered,20.7,17.4,0,3,
MSL-004274,2026-01-09,REP-021,CardioPlus-25mg,Rare Disease,Adverse Events / Safety,Pre-Meeting Prep,Partially Answered,21.6,13.5,1,3,HCP-0488
MSL-004275,2026-01-09,REP-021,CardioPlus-25mg,Rare Disease,Real-World Evidence,Post-Call Follow-up,Fully Answered,12.6,7.2,0,4,
MSL-004276,2026-01-09,REP-021,CardioPlus-25mg,Rare Disease,Dosing Guidelines,Post-Call Follow-up,Fully Answered,9.5,10.0,0,5,
MSL-004277,2026-01-09,REP-021,NeuroX-75mg,Rare Disease,Drug Interactions,Self-Study,Partially Answered,9.4,19.4,0,4,
MSL-004278,2026-01-12,REP-002,DrugBeta-50mg,Oncology,Dosing Guidelines,Post-Call Follow-up,Fully Answered,7.6,11.4,0,5,
MSL-004279,2026-01-12,REP-004,DrugAlpha-100mg,Cardiology,Real-World Evidence,Post-Call Follow-up,No Answer Found,14.2,0,0,2,
MSL-004280,2026-01-12,REP-004,DrugAlpha-100mg,Cardiology,Off-label Evidence Request,Live During HCP Call,Redirected to Medical,24.5,0,0,2,
MSL-004281,2026-01-12,REP-004,DrugBeta-50mg,Cardiology,Combination Therapy,Pre-Meeting Prep,Redirected to Medical,38.8,0,0,1,
MSL-004282,2026-01-12,REP-004,DrugGamma-200mg,Cardiology,Real-World Evidence,Live During HCP Call,Fully Answered,10.1,13.7,0,5,
MSL-004283,2026-01-12,REP-004,DrugAlpha-100mg,Cardiology,Guidelines / Protocols,Pre-Meeting Prep,Fully Answered,7.6,10.8,1,5,HCP-0330
MSL-004284,2026-01-12,REP-004,CardioPlus-25mg,Cardiology,Real-World Evidence,Pre-Meeting Prep,Fully Answered,10.2,19.4,1,5,HCP-0029
MSL-004285,2026-01-12,REP-008,DrugBeta-50mg,Immunology,Clinical Trial Data,Pre-Meeting Prep,No Answer Found,18.5,0,0,1,
MSL-004286,2026-01-12,REP-008,DrugGamma-200mg,Immunology,Off-label Evidence Request,Pre-Meeting Prep,Redirected to Medical,41.2,0,0,3,
MSL-004287,2026-01-12,REP-008,CardioPlus-25mg,Immunology,Long-term Outcomes,Pre-Meeting Prep,No Answer Found,24.8,0,0,2,
MSL-004288,2026-01-12,REP-008,DrugGamma-200mg,Immunology,Mechanism of Action,Post-Call Follow-up,Fully Answered,10.8,18.4,0,5,
MSL-004289,2026-01-12,REP-009,DrugBeta-50mg,Cardiology,Combination Therapy,Live During HCP Call,Fully Answered,8.0,16.3,1,5,HCP-0457
MSL-004290,2026-01-12,REP-009,DrugAlpha-100mg,Cardiology,Patient Selection Criteria,Live During HCP Call,Fully Answered,3.8,10.9,1,5,HCP-0051
MSL-004291,2026-01-12,REP-009,DrugAlpha-100mg,Cardiology,Clinical Trial Data,Pre-Meeting Prep,Fully Answered,8.1,9.8,1,4,HCP-0002
MSL-004292,2026-01-12,REP-009,DrugBeta-50mg,Cardiology,Drug Interactions,Live During HCP Call,Fully Answered,7.6,16.3,1,5,HCP-0294
MSL-004293,2026-01-12,REP-009,DrugAlpha-100mg,Cardiology,Guidelines / Protocols,Self-Study,Fully Answered,6.9,5.9,0,5,
MSL-004294,2026-01-12,REP-009,CardioPlus-25mg,Cardiology,Real-World Evidence,Live During HCP Call,Fully Answered,7.1,17.5,1,5,HCP-0309
MSL-004295,2026-01-12,REP-010,CardioPlus-25mg,Immunology,Biomarker Data,Self-Study,No Answer Found,5.4,0,0,2,
MSL-004296,2026-01-12,REP-010,CardioPlus-25mg,Immunology,Real-World Evidence,Pre-Meeting Prep,Fully Answered,8.3,4.0,0,5,
MSL-004297,2026-01-12,REP-010,DrugBeta-50mg,Immunology,Real-World Evidence,Live During HCP Call,Fully Answered,8.2,11.8,1,5,HCP-0131
MSL-004298,2026-01-12,REP-015,CardioPlus-25mg,Oncology,Biomarker Data,Pre-Meeting Prep,Fully Answered,10.0,17.5,0,5,
MSL-004299,2026-01-12,REP-015,NeuroX-75mg,Oncology,Off-label Evidence Request,Live During HCP Call,No Answer Found,18.8,0,0,2,
MSL-004300,2026-01-12,REP-016,CardioPlus-25mg,Neurology,Competitor Comparison,Pre-Meeting Prep,Partially Answered,10.9,14.5,1,3,HCP-0023
MSL-004301,2026-01-12,REP-016,NeuroX-75mg,Neurology,Combination Therapy,Live During HCP Call,Fully Answered,16.7,13.5,1,5,HCP-0264
MSL-004302,2026-01-12,REP-016,NeuroX-75mg,Neurology,Biomarker Data,Pre-Meeting Prep,Partially Answered,17.6,17.8,1,4,HCP-0407
MSL-004303,2026-01-12,REP-016,DrugAlpha-100mg,Neurology,Combination Therapy,Pre-Meeting Prep,Fully Answered,5.2,12.2,1,5,HCP-0174
MSL-004304,2026-01-12,REP-017,DrugAlpha-100mg,Immunology,Dosing Guidelines,Live During HCP Call,Fully Answered,5.2,9.8,1,5,HCP-0029
MSL-004305,2026-01-12,REP-017,DrugGamma-200mg,Immunology,Clinical Trial Data,Post-Call Follow-up,Fully Answered,10.3,8.7,0,4,
MSL-004306,2026-01-12,REP-021,DrugAlpha-100mg,Rare Disease,Subgroup Analysis,Post-Call Follow-up,Fully Answered,10.1,14.3,0,4,
MSL-004307,2026-01-12,REP-021,DrugBeta-50mg,Rare Disease,Dosing Guidelines,Post-Call Follow-up,Fully Answered,10.2,10.8,0,5,
MSL-004308,2026-01-12,REP-021,DrugAlpha-100mg,Rare Disease,Subgroup Analysis,Pre-Meeting Prep,Fully Answered,7.3,4.3,1,5,HCP-0485
MSL-004309,2026-01-13,REP-002,CardioPlus-25mg,Oncology,Combination Therapy,Pre-Meeting Prep,Partially Answered,19.2,9.1,1,4,HCP-0071
MSL-004310,2026-01-13,REP-004,DrugAlpha-100mg,Cardiology,Biomarker Data,Pre-Meeting Prep,Partially Answered,22.1,12.9,1,4,HCP-0450
MSL-004311,2026-01-13,REP-004,NeuroX-75mg,Cardiology,Clinical Trial Data,Self-Study,Fully Answered,4.0,18.4,0,5,
MSL-004312,2026-01-13,REP-009,DrugBeta-50mg,Cardiology,Dosing Guidelines,Pre-Meeting Prep,Fully Answered,8.3,14.6,0,4,
MSL-004313,2026-01-13,REP-009,CardioPlus-25mg,Cardiology,Mechanism of Action,Live During HCP Call,Fully Answered,5.0,15.4,1,4,HCP-0465
MSL-004314,2026-01-13,REP-010,DrugGamma-200mg,Immunology,Adverse Events / Safety,Pre-Meeting Prep,Fully Answered,6.3,21.6,1,4,HCP-0178
MSL-004315,2026-01-13,REP-010,CardioPlus-25mg,Immunology,Long-term Outcomes,Live During HCP Call,Fully Answered,9.1,16.4,1,4,HCP-0071
MSL-004316,2026-01-13,REP-010,DrugBeta-50mg,Immunology,Pharmacokinetics,Pre-Meeting Prep,Partially Answered,14.8,12.5,0,3,
MSL-004317,2026-01-13,REP-010,DrugAlpha-100mg,Immunology,Clinical Trial Data,Self-Study,Fully Answered,1,25.7,0,5,
MSL-004318,2026-01-13,REP-015,DrugAlpha-100mg,Oncology,Combination Therapy,Pre-Meeting Prep,Fully Answered,6.2,9.2,0,5,
MSL-004319,2026-01-13,REP-015,NeuroX-75mg,Oncology,Drug Interactions,Live During HCP Call,Fully Answered,13.0,18.0,1,4,HCP-0216
MSL-004320,2026-01-13,REP-015,DrugBeta-50mg,Oncology,Guidelines / Protocols,Live During HCP Call,Fully Answered,5.8,5.5,1,5,HCP-0283
MSL-004321,2026-01-13,REP-015,CardioPlus-25mg,Oncology,Biomarker Data,Post-Call Follow-up,Fully Answered,6.3,15.9,0,4,
MSL-004322,2026-01-13,REP-015,DrugGamma-200mg,Oncology,Mechanism of Action,Post-Call Follow-up,Fully Answered,8.4,14.1,0,5,
MSL-004323,2026-01-13,REP-015,NeuroX-75mg,Oncology,Guidelines / Protocols,Pre-Meeting Prep,Fully Answered,6.5,13.0,1,5,HCP-0085
MSL-004324,2026-01-13,REP-016,DrugGamma-200mg,Neurology,Pharmacokinetics,Pre-Meeting Prep,Fully Answered,3.1,5.1,1,5,HCP-0071
MSL-004325,2026-01-13,REP-016,DrugAlpha-100mg,Neurology,Real-World Evidence,Pre-Meeting Prep,Fully Answered,5.0,5.2,1,5,HCP-0354
MSL-004326,2026-01-13,REP-016,DrugGamma-200mg,Neurology,Real-World Evidence,Live During HCP Call,Fully Answered,7.8,4.5,1,5,HCP-0437
MSL-004327,2026-01-13,REP-016,NeuroX-75mg,Neurology,Dosing Guidelines,Live During HCP Call,Fully Answered,4.0,13.2,1,4,HCP-0013
MSL-004328,2026-01-13,REP-016,NeuroX-75mg,Neurology,Adverse Events / Safety,Pre-Meeting Prep,Fully Answered,6.2,20.7,1,5,HCP-0311
MSL-004329,2026-01-13,REP-016,DrugAlpha-100mg,Neurology,Patient Selection Criteria,Post-Call Follow-up,Fully Answered,9.9,14.0,0,4,
MSL-004330,2026-01-13,REP-017,CardioPlus-25mg,Immunology,Pharmacokinetics,Live During HCP Call,Fully Answered,8.7,14.8,1,5,HCP-0091
MSL-004331,2026-01-13,REP-017,CardioPlus-25mg,Immunology,Long-term Outcomes,Self-Study,Fully Answered,9.3,11.8,0,4,
MSL-004332,2026-01-13,REP-021,DrugBeta-50mg,Rare Disease,Clinical Trial Data,Pre-Meeting Prep,Fully Answered,6.9,13.7,1,5,HCP-0272
MSL-004333,2026-01-13,REP-021,DrugGamma-200mg,Rare Disease,Combination Therapy,Live During HCP Call,Partially Answered,12.7,4.5,1,4,HCP-0466
MSL-004334,2026-01-14,REP-002,DrugBeta-50mg,Oncology,Subgroup Analysis,Pre-Meeting Prep,Fully Answered,10.8,6.9,0,5,
MSL-004335,2026-01-14,REP-002,CardioPlus-25mg,Oncology,Mechanism of Action,Post-Call Follow-up,Fully Answered,4.5,9.6,0,4,
MSL-004336,2026-01-14,REP-004,CardioPlus-25mg,Cardiology,Pharmacokinetics,Post-Call Follow-up,Redirected to Medical,19.3,0,0,1,
MSL-004337,2026-01-14,REP-004,DrugAlpha-100mg,Cardiology,Biomarker Data,Pre-Meeting Prep,Partially Answered,16.7,16.4,0,4,
MSL-004338,2026-01-14,REP-004,DrugGamma-200mg,Cardiology,Long-term Outcomes,Pre-Meeting Prep,Fully Answered,12.0,16.8,1,5,HCP-0193
MSL-004339,2026-01-14,REP-004,DrugGamma-200mg,Cardiology,Adverse Events / Safety,Live During HCP Call,Redirected to Medical,13.2,0,0,1,
MSL-004340,2026-01-14,REP-004,DrugGamma-200mg,Cardiology,Off-label Evidence Request,Post-Call Follow-up,Partially Answered,23.9,24.0,0,4,
MSL-004341,2026-01-14,REP-008,CardioPlus-25mg,Immunology,Biomarker Data,Live During HCP Call,Fully Answered,9.3,7.5,1,5,HCP-0051
MSL-004342,2026-01-14,REP-008,DrugBeta-50mg,Immunology,Dosing Guidelines,Live During HCP Call,No Answer Found,33.8,0,0,1,
MSL-004343,2026-01-14,REP-008,DrugBeta-50mg,Immunology,Subgroup Analysis,Post-Call Follow-up,Fully Answered,7.2,9.0,0,5,
MSL-004344,2026-01-14,REP-008,NeuroX-75mg,Immunology,Real-World Evidence,Pre-Meeting Prep,Fully Answered,7.9,24.6,1,5,HCP-0437
MSL-004345,2026-01-14,REP-009,DrugAlpha-100mg,Cardiology,Drug Interactions,Post-Call Follow-up,Fully Answered,12.7,8.7,0,5,
MSL-004346,2026-01-14,REP-009,NeuroX-75mg,Cardiology,Biomarker Data,Live During HCP Call,Fully Answered,8.6,13.0,1,5,HCP-0343
MSL-004347,2026-01-14,REP-009,DrugAlpha-100mg,Cardiology,Long-term Outcomes,Pre-Meeting Prep,Partially Answered,17.8,4.6,1,4,HCP-0049
MSL-004348,2026-01-14,REP-010,DrugBeta-50mg,Immunology,Competitor Comparison,Pre-Meeting Prep,Partially Answered,15.4,10.0,0,4,
MSL-004349,2026-01-14,REP-010,DrugAlpha-100mg,Immunology,Combination Therapy,Post-Call Follow-up,Fully Answered,7.1,15.4,0,5,
MSL-004350,2026-01-14,REP-010,DrugAlpha-100mg,Immunology,Biomarker Data,Pre-Meeting Prep,Partially Answered,17.6,6.4,1,3,HCP-0279
MSL-004351,2026-01-14,REP-010,NeuroX-75mg,Immunology,Off-label Evidence Request,Live During HCP Call,Fully Answered,7.8,4.2,1,5,HCP-0214
MSL-004352,2026-01-14,REP-015,CardioPlus-25mg,Oncology,Clinical Trial Data,Pre-Meeting Prep,Fully Answered,10.8,13.2,1,5,HCP-0168
MSL-004353,2026-01-14,REP-015,DrugAlpha-100mg,Oncology,Adverse Events / Safety,Pre-Meeting Prep,Fully Answered,6.6,10.3,1,4,HCP-0442
MSL-004354,2026-01-14,REP-015,DrugAlpha-100mg,Oncology,Off-label Evidence Request,Post-Call Follow-up,Fully Answered,2.9,10.4,0,5,
MSL-004355,2026-01-14,REP-015,CardioPlus-25mg,Oncology,Guidelines / Protocols,Pre-Meeting Prep,Fully Answered,4.8,14.0,1,5,HCP-0469
MSL-004356,2026-01-14,REP-016,DrugAlpha-100mg,Neurology,Drug Interactions,Self-Study,Partially Answered,17.3,13.4,0,2,
MSL-004357,2026-01-14,REP-016,DrugBeta-50mg,Neurology,Competitor Comparison,Live During HCP Call,Partially Answered,19.5,10.0,0,4,
MSL-004358,2026-01-14,REP-017,DrugAlpha-100mg,Immunology,Pharmacokinetics,Live During HCP Call,Fully Answered,10.3,11.7,1,5,HCP-0330
MSL-004359,2026-01-14,REP-017,DrugBeta-50mg,Immunology,Dosing Guidelines,Post-Call Follow-up,No Answer Found,17.8,0,0,2,
MSL-004360,2026-01-14,REP-017,NeuroX-75mg,Immunology,Guidelines / Protocols,Post-Call Follow-up,Fully Answered,10.2,25.1,0,4,
MSL-004361,2026-01-14,REP-017,DrugBeta-50mg,Immunology,Subgroup Analysis,Post-Call Follow-up,Redirected to Medical,18.1,0,0,2,
MSL-004362,2026-01-14,REP-021,DrugAlpha-100mg,Rare Disease,Adverse Events / Safety,Live During HCP Call,Partially Answered,20.3,5.6,1,3,HCP-0161
MSL-004363,2026-01-14,REP-021,DrugGamma-200mg,Rare Disease,Combination Therapy,Pre-Meeting Prep,Fully Answered,8.5,15.9,1,4,HCP-0362
MSL-004364,2026-01-15,REP-004,NeuroX-75mg,Cardiology,Competitor Comparison,Post-Call Follow-up,Partially Answered,20.3,21.3,0,3,
MSL-004365,2026-01-15,REP-004,DrugBeta-50mg,Cardiology,Combination Therapy,Live During HCP Call,Fully Answered,2.9,12.7,1,5,HCP-0274
MSL-004366,2026-01-15,REP-004,DrugBeta-50mg,Cardiology,Patient Selection Criteria,Live During HCP Call,Fully Answered,9.5,8.8,0,4,
MSL-004367,2026-01-15,REP-004,CardioPlus-25mg,Cardiology,Combination Therapy,Live During HCP Call,Partially Answered,5.8,21.1,1,4,HCP-0278
MSL-004368,2026-01-15,REP-004,DrugGamma-200mg,Cardiology,Mechanism of Action,Post-Call Follow-up,Fully Answered,8.2,13.0,0,5,
MSL-004369,2026-01-15,REP-004,DrugGamma-200mg,Cardiology,Clinical Trial Data,Post-Call Follow-up,Fully Answered,9.6,9.2,0,5,
MSL-004370,2026-01-15,REP-004,CardioPlus-25mg,Cardiology,Patient Selection Criteria,Pre-Meeting Prep,Fully Answered,5.9,8.5,0,5,
MSL-004371,2026-01-15,REP-008,DrugAlpha-100mg,Immunology,Pharmacokinetics,Live During HCP Call,Fully Answered,3.5,18.9,1,4,HCP-0397
MSL-004372,2026-01-15,REP-008,DrugAlpha-100mg,Immunology,Pharmacokinetics,Pre-Meeting Prep,Fully Answered,8.1,5.8,0,4,
MSL-004373,2026-01-15,REP-009,DrugBeta-50mg,Cardiology,Long-term Outcomes,Self-Study,No Answer Found,21.6,0,0,2,
MSL-004374,2026-01-15,REP-009,DrugGamma-200mg,Cardiology,Guidelines / Protocols,Self-Study,Fully Answered,11.0,2,0,5,
MSL-004375,2026-01-15,REP-010,DrugAlpha-100mg,Immunology,Drug Interactions,Pre-Meeting Prep,Partially Answered,15.8,16.6,1,3,HCP-0195
MSL-004376,2026-01-15,REP-015,DrugBeta-50mg,Oncology,Competitor Comparison,Live During HCP Call,Fully Answered,13.0,13.3,0,5,
MSL-004377,2026-01-15,REP-015,DrugBeta-50mg,Oncology,Dosing Guidelines,Live During HCP Call,Redirected to Medical,36.5,0,0,2,
MSL-004378,2026-01-15,REP-015,NeuroX-75mg,Oncology,Dosing Guidelines,Live During HCP Call,Fully Answered,10.2,6.6,1,5,HCP-0197
MSL-004379,2026-01-15,REP-015,CardioPlus-25mg,Oncology,Patient Selection Criteria,Live During HCP Call,Partially Answered,10.9,14.2,1,3,HCP-0354
MSL-004380,2026-01-15,REP-015,DrugGamma-200mg,Oncology,Mechanism of Action,Self-Study,Fully Answered,10.6,22.2,0,5,
MSL-004381,2026-01-15,REP-015,DrugGamma-200mg,Oncology,Adverse Events / Safety,Live During HCP Call,Fully Answered,8.6,16.9,1,5,HCP-0233
MSL-004382,2026-01-15,REP-015,NeuroX-75mg,Oncology,Pharmacokinetics,Post-Call Follow-up,Fully Answered,6.0,18.4,0,5,
MSL-004383,2026-01-15,REP-016,DrugBeta-50mg,Neurology,Clinical Trial Data,Post-Call Follow-up,Partially Answered,12.1,7.0,0,3,
MSL-004384,2026-01-15,REP-016,DrugGamma-200mg,Neurology,Dosing Guidelines,Post-Call Follow-up,Fully Answered,5.2,19.2,0,5,
MSL-004385,2026-01-15,REP-017,DrugAlpha-100mg,Immunology,Clinical Trial Data,Self-Study,Fully Answered,5.5,6.9,0,4,
MSL-004386,2026-01-15,REP-017,DrugBeta-50mg,Immunology,Long-term Outcomes,Live During HCP Call,Partially Answered,9.4,17.8,1,3,HCP-0482
MSL-004387,2026-01-15,REP-017,DrugBeta-50mg,Immunology,Real-World Evidence,Pre-Meeting Prep,Partially Answered,21.0,7.5,1,4,HCP-0003
MSL-004388,2026-01-15,REP-021,DrugAlpha-100mg,Rare Disease,Mechanism of Action,Pre-Meeting Prep,Fully Answered,6.5,9.1,1,5,HCP-0294
MSL-004389,2026-01-15,REP-021,DrugBeta-50mg,Rare Disease,Patient Selection Criteria,Pre-Meeting Prep,Partially Answered,15.6,17.3,1,2,HCP-0111
MSL-004390,2026-01-16,REP-002,DrugAlpha-100mg,Oncology,Real-World Evidence,Live During HCP Call,No Answer Found,32.7,0,0,2,
MSL-004391,2026-01-16,REP-002,DrugBeta-50mg,Oncology,Mechanism of Action,Post-Call Follow-up,Fully Answered,9.0,5.5,0,5,
MSL-004392,2026-01-16,REP-002,CardioPlus-25mg,Oncology,Pharmacokinetics,Self-Study,Redirected to Medical,24.4,0,0,3,
MSL-004393,2026-01-16,REP-004,CardioPlus-25mg,Cardiology,Adverse Events / Safety,Live During HCP Call,Partially Answered,13.7,8.3,0,3,
MSL-004394,2026-01-16,REP-004,NeuroX-75mg,Cardiology,Combination Therapy,Pre-Meeting Prep,Fully Answered,9.3,16.7,1,5,HCP-0051
MSL-004395,2026-01-16,REP-008,DrugBeta-50mg,Immunology,Drug Interactions,Self-Study,Partially Answered,22.8,2,0,4,
MSL-004396,2026-01-16,REP-008,DrugGamma-200mg,Immunology,Real-World Evidence,Live During HCP Call,Partially Answered,14.1,15.1,1,4,HCP-0443
MSL-004397,2026-01-16,REP-008,DrugBeta-50mg,Immunology,Real-World Evidence,Pre-Meeting Prep,Fully Answered,8.4,5.5,0,5,
MSL-004398,2026-01-16,REP-008,DrugGamma-200mg,Immunology,Dosing Guidelines,Pre-Meeting Prep,Fully Answered,5.5,7.0,1,5,HCP-0186
MSL-004399,2026-01-16,REP-008,DrugGamma-200mg,Immunology,Off-label Evidence Request,Self-Study,Fully Answered,9.4,16.9,0,4,
MSL-004400,2026-01-16,REP-009,NeuroX-75mg,Cardiology,Off-label Evidence Request,Pre-Meeting Prep,Fully Answered,7.2,22.2,1,4,HCP-0354
MSL-004401,2026-01-16,REP-009,CardioPlus-25mg,Cardiology,Competitor Comparison,Pre-Meeting Prep,Fully Answered,7.2,11.8,1,4,HCP-0291
MSL-004402,2026-01-16,REP-009,DrugAlpha-100mg,Cardiology,Adverse Events / Safety,Self-Study,Fully Answered,7.4,17.9,0,5,
MSL-004403,2026-01-16,REP-009,NeuroX-75mg,Cardiology,Drug Interactions,Post-Call Follow-up,Fully Answered,4.2,9.3,0,4,
MSL-004404,2026-01-16,REP-009,DrugGamma-200mg,Cardiology,Patient Selection Criteria,Live During HCP Call,Partially Answered,7.2,20.7,1,2,HCP-0057
MSL-004405,2026-01-16,REP-009,NeuroX-75mg,Cardiology,Biomarker Data,Self-Study,Fully Answered,9.3,14.7,0,5,
MSL-004406,2026-01-16,REP-010,NeuroX-75mg,Immunology,Real-World Evidence,Live During HCP Call,Redirected to Medical,20.7,0,0,1,
MSL-004407,2026-01-16,REP-010,CardioPlus-25mg,Immunology,Subgroup Analysis,Live During HCP Call,Fully Answered,14.4,10.7,1,5,HCP-0098
MSL-004408,2026-01-16,REP-010,DrugAlpha-100mg,Immunology,Drug Interactions,Pre-Meeting Prep,Fully Answered,5.2,12.6,1,5,HCP-0449
MSL-004409,2026-01-16,REP-010,DrugGamma-200mg,Immunology,Combination Therapy,Pre-Meeting Prep,Partially Answered,14.2,20.8,1,3,HCP-0097
MSL-004410,2026-01-16,REP-010,DrugGamma-200mg,Immunology,Subgroup Analysis,Live During HCP Call,Fully Answered,10.6,19.4,1,5,HCP-0004
MSL-004411,2026-01-16,REP-010,CardioPlus-25mg,Immunology,Off-label Evidence Request,Pre-Meeting Prep,Redirected to Medical,24.2,0,0,2,
MSL-004412,2026-01-16,REP-015,DrugGamma-200mg,Oncology,Guidelines / Protocols,Live During HCP Call,Partially Answered,26.2,7.8,0,2,
MSL-004413,2026-01-16,REP-015,DrugBeta-50mg,Oncology,Clinical Trial Data,Post-Call Follow-up,Fully Answered,10.4,16.4,0,5,
MSL-004414,2026-01-16,REP-015,DrugAlpha-100mg,Oncology,Competitor Comparison,Live During HCP Call,Partially Answered,9.7,9.1,1,3,HCP-0272
MSL-004415,2026-01-16,REP-015,DrugAlpha-100mg,Oncology,Pharmacokinetics,Live During HCP Call,No Answer Found,17.7,0,0,1,
MSL-004416,2026-01-16,REP-015,DrugAlpha-100mg,Oncology,Guidelines / Protocols,Self-Study,Fully Answered,6.5,7.4,0,4,
MSL-004417,2026-01-16,REP-016,NeuroX-75mg,Neurology,Pharmacokinetics,Live During HCP Call,Partially Answered,17.1,5.0,1,3,HCP-0039
MSL-004418,2026-01-16,REP-016,DrugBeta-50mg,Neurology,Pharmacokinetics,Pre-Meeting Prep,Redirected to Medical,23.8,0,0,3,
MSL-004419,2026-01-16,REP-016,CardioPlus-25mg,Neurology,Off-label Evidence Request,Pre-Meeting Prep,Partially Answered,13.1,14.9,1,3,HCP-0476
MSL-004420,2026-01-16,REP-016,DrugBeta-50mg,Neurology,Off-label Evidence Request,Self-Study,Partially Answered,13.8,12.1,0,3,
MSL-004421,2026-01-16,REP-017,DrugAlpha-100mg,Immunology,Pharmacokinetics,Post-Call Follow-up,Fully Answered,7.5,13.6,0,4,
MSL-004422,2026-01-16,REP-017,DrugAlpha-100mg,Immunology,Guidelines / Protocols,Live During HCP Call,Partially Answered,12.7,14.6,1,2,HCP-0135
MSL-004423,2026-01-16,REP-017,CardioPlus-25mg,Immunology,Patient Selection Criteria,Post-Call Follow-up,Fully Answered,9.7,11.1,0,5,
MSL-004424,2026-01-16,REP-021,DrugAlpha-100mg,Rare Disease,Off-label Evidence Request,Self-Study,Fully Answered,10.1,13.5,0,5,
MSL-004425,2026-01-16,REP-021,DrugAlpha-100mg,Rare Disease,Dosing Guidelines,Pre-Meeting Prep,Fully Answered,4.9,2.6,1,4,HCP-0232
MSL-004426,2026-01-16,REP-021,DrugAlpha-100mg,Rare Disease,Combination Therapy,Live During HCP Call,Redirected to Medical,11.8,0,0,2,
MSL-004427,2026-01-16,REP-021,NeuroX-75mg,Rare Disease,Dosing Guidelines,Pre-Meeting Prep,Fully Answered,6.6,11.5,1,5,HCP-0318
MSL-004428,2026-01-19,REP-008,DrugBeta-50mg,Immunology,Competitor Comparison,Post-Call Follow-up,Fully Answered,4.8,9.3,0,4,
MSL-004429,2026-01-19,REP-008,CardioPlus-25mg,Immunology,Drug Interactions,Live During HCP Call,Fully Answered,11.5,15.0,1,5,HCP-0339
MSL-004430,2026-01-19,REP-009,DrugAlpha-100mg,Cardiology,Adverse Events / Safety,Live During HCP Call,Fully Answered,2.2,5.5,0,4,
MSL-004431,2026-01-19,REP-009,DrugGamma-200mg,Cardiology,Patient Selection Criteria,Live During HCP Call,Fully Answered,6.5,8.6,0,5,
MSL-004432,2026-01-19,REP-009,DrugAlpha-100mg,Cardiology,Biomarker Data,Live During HCP Call,Partially Answered,14.0,7.1,0,3,
MSL-004433,2026-01-19,REP-009,NeuroX-75mg,Cardiology,Long-term Outcomes,Pre-Meeting Prep,Fully Answered,8.3,15.5,1,5,HCP-0158
MSL-004434,2026-01-19,REP-010,DrugGamma-200mg,Immunology,Combination Therapy,Pre-Meeting Prep,Redirected to Medical,23.0,0,0,1,
MSL-004435,2026-01-19,REP-010,DrugBeta-50mg,Immunology,Competitor Comparison,Post-Call Follow-up,Fully Answered,2.7,9.9,0,5,
MSL-004436,2026-01-19,REP-010,NeuroX-75mg,Immunology,Real-World Evidence,Pre-Meeting Prep,Fully Answered,8.3,16.1,1,5,HCP-0020
MSL-004437,2026-01-19,REP-010,CardioPlus-25mg,Immunology,Competitor Comparison,Post-Call Follow-up,Partially Answered,2.6,14.4,0,3,
MSL-004438,2026-01-19,REP-010,CardioPlus-25mg,Immunology,Off-label Evidence Request,Live During HCP Call,Fully Answered,12.2,13.8,1,4,HCP-0278
MSL-004439,2026-01-19,REP-010,DrugAlpha-100mg,Immunology,Patient Selection Criteria,Live During HCP Call,Redirected to Medical,32.2,0,0,1,
MSL-004440,2026-01-19,REP-010,DrugGamma-200mg,Immunology,Adverse Events / Safety,Live During HCP Call,Fully Answered,6.6,18.1,1,5,HCP-0194
MSL-004441,2026-01-19,REP-010,DrugAlpha-100mg,Immunology,Drug Interactions,Self-Study,Redirected to Medical,15.5,0,0,1,
MSL-004442,2026-01-19,REP-015,DrugBeta-50mg,Oncology,Mechanism of Action,Self-Study,Fully Answered,4.7,21.3,0,5,
MSL-004443,2026-01-19,REP-016,NeuroX-75mg,Neurology,Mechanism of Action,Self-Study,Fully Answered,4.5,13.9,0,5,
MSL-004444,2026-01-19,REP-016,DrugGamma-200mg,Neurology,Competitor Comparison,Live During HCP Call,Fully Answered,10.5,15.0,0,5,
MSL-004445,2026-01-19,REP-016,DrugAlpha-100mg,Neurology,Patient Selection Criteria,Self-Study,Partially Answered,7.3,11.5,0,3,
MSL-004446,2026-01-19,REP-016,NeuroX-75mg,Neurology,Real-World Evidence,Post-Call Follow-up,Fully Answered,10.7,8.8,0,5,
MSL-004447,2026-01-19,REP-016,DrugBeta-50mg,Neurology,Drug Interactions,Pre-Meeting Prep,Partially Answered,21.6,20.1,0,3,
MSL-004448,2026-01-19,REP-016,DrugGamma-200mg,Neurology,Dosing Guidelines,Self-Study,Fully Answered,2.9,22.9,0,5,
MSL-004449,2026-01-19,REP-016,DrugAlpha-100mg,Neurology,Long-term Outcomes,Pre-Meeting Prep,Partially Answered,10.7,15.2,1,3,HCP-0469
MSL-004450,2026-01-19,REP-017,NeuroX-75mg,Immunology,Subgroup Analysis,Live During HCP Call,Fully Answered,4.3,12.5,1,4,HCP-0121
MSL-004451,2026-01-19,REP-021,DrugBeta-50mg,Rare Disease,Real-World Evidence,Pre-Meeting Prep,Fully Answered,4.7,8.9,1,5,HCP-0068
MSL-004452,2026-01-19,REP-021,CardioPlus-25mg,Rare Disease,Subgroup Analysis,Pre-Meeting Prep,No Answer Found,32.5,0,0,1,
MSL-004453,2026-01-19,REP-021,DrugGamma-200mg,Rare Disease,Subgroup Analysis,Pre-Meeting Prep,Fully Answered,9.1,11.7,0,5,
MSL-004454,2026-01-19,REP-021,CardioPlus-25mg,Rare Disease,Combination Therapy,Pre-Meeting Prep,Fully Answered,8.3,6.8,0,5,
MSL-004455,2026-01-19,REP-021,DrugBeta-50mg,Rare Disease,Combination Therapy,Post-Call Follow-up,Fully Answered,4.6,10.6,0,5,
MSL-004456,2026-01-19,REP-021,NeuroX-75mg,Rare Disease,Pharmacokinetics,Live During HCP Call,Fully Answered,9.8,18.2,1,5,HCP-0473
MSL-004457,2026-01-20,REP-002,DrugAlpha-100mg,Oncology,Drug Interactions,Post-Call Follow-up,Fully Answered,11.5,11.0,0,5,
MSL-004458,2026-01-20,REP-002,DrugAlpha-100mg,Oncology,Drug Interactions,Live During HCP Call,Redirected to Medical,25.3,0,0,1,
MSL-004459,2026-01-20,REP-004,DrugAlpha-100mg,Cardiology,Subgroup Analysis,Pre-Meeting Prep,Partially Answered,12.9,17.3,1,2,HCP-0305
MSL-004460,2026-01-20,REP-004,DrugAlpha-100mg,Cardiology,Patient Selection Criteria,Pre-Meeting Prep,No Answer Found,19.6,0,0,1,
MSL-004461,2026-01-20,REP-004,NeuroX-75mg,Cardiology,Competitor Comparison,Pre-Meeting Prep,Partially Answered,4.1,16.4,0,2,
MSL-004462,2026-01-20,REP-008,CardioPlus-25mg,Immunology,Mechanism of Action,Live During HCP Call,Fully Answered,10.5,16.3,1,5,HCP-0242
MSL-004463,2026-01-20,REP-009,DrugGamma-200mg,Cardiology,Biomarker Data,Pre-Meeting Prep,Fully Answered,5.3,17.5,1,5,HCP-0462
MSL-004464,2026-01-20,REP-009,DrugAlpha-100mg,Cardiology,Combination Therapy,Post-Call Follow-up,Partially Answered,15.5,12.5,0,3,
MSL-004465,2026-01-20,REP-009,NeuroX-75mg,Cardiology,Competitor Comparison,Post-Call Follow-up,Redirected to Medical,22.4,0,0,2,
MSL-004466,2026-01-20,REP-009,DrugAlpha-100mg,Cardiology,Competitor Comparison,Pre-Meeting Prep,Partially Answered,10.7,10.7,0,3,
MSL-004467,2026-01-20,REP-009,DrugGamma-200mg,Cardiology,Adverse Events / Safety,Pre-Meeting Prep,Fully Answered,6.4,14.4,1,5,HCP-0095
MSL-004468,2026-01-20,REP-010,NeuroX-75mg,Immunology,Real-World Evidence,Self-Study,Fully Answered,4.5,13.4,0,4,
MSL-004469,2026-01-20,REP-010,DrugBeta-50mg,Immunology,Guidelines / Protocols,Self-Study,Fully Answered,3.8,8.7,0,5,
MSL-004470,2026-01-20,REP-015,DrugAlpha-100mg,Oncology,Competitor Comparison,Live During HCP Call,Fully Answered,8.8,15.6,0,4,
MSL-004471,2026-01-20,REP-015,DrugAlpha-100mg,Oncology,Combination Therapy,Live During HCP Call,Fully Answered,11.7,2,1,5,HCP-0014
MSL-004472,2026-01-20,REP-015,DrugBeta-50mg,Oncology,Pharmacokinetics,Pre-Meeting Prep,Fully Answered,4.4,12.0,0,5,
MSL-004473,2026-01-20,REP-015,NeuroX-75mg,Oncology,Pharmacokinetics,Post-Call Follow-up,Fully Answered,7.7,8.9,0,4,
MSL-004474,2026-01-20,REP-015,NeuroX-75mg,Oncology,Guidelines / Protocols,Post-Call Follow-up,Partially Answered,21.0,10.1,0,2,
MSL-004475,2026-01-20,REP-015,NeuroX-75mg,Oncology,Adverse Events / Safety,Pre-Meeting Prep,Fully Answered,7.8,5.7,1,5,HCP-0352
MSL-004476,2026-01-20,REP-015,DrugGamma-200mg,Oncology,Biomarker Data,Live During HCP Call,Fully Answered,9.8,13.5,1,4,HCP-0044
MSL-004477,2026-01-20,REP-015,DrugGamma-200mg,Oncology,Mechanism of Action,Post-Call Follow-up,Partially Answered,17.9,7.9,0,2,
MSL-004478,2026-01-20,REP-016,NeuroX-75mg,Neurology,Real-World Evidence,Self-Study,Redirected to Medical,27.7,0,0,2,
MSL-004479,2026-01-20,REP-016,DrugBeta-50mg,Neurology,Patient Selection Criteria,Post-Call Follow-up,Fully Answered,9.1,14.2,0,5,
MSL-004480,2026-01-20,REP-017,DrugBeta-50mg,Immunology,Patient Selection Criteria,Self-Study,No Answer Found,31.7,0,0,1,
MSL-004481,2026-01-20,REP-021,DrugGamma-200mg,Rare Disease,Patient Selection Criteria,Pre-Meeting Prep,No Answer Found,21.3,0,0,2,
MSL-004482,2026-01-20,REP-021,DrugBeta-50mg,Rare Disease,Pharmacokinetics,Post-Call Follow-up,Fully Answered,11.3,11.2,0,5,
MSL-004483,2026-01-20,REP-021,NeuroX-75mg,Rare Disease,Guidelines / Protocols,Self-Study,Partially Answered,11.7,9.4,0,3,
MSL-004484,2026-01-20,REP-021,DrugGamma-200mg,Rare Disease,Pharmacokinetics,Live During HCP Call,Fully Answered,7.2,15.1,1,4,HCP-0299
MSL-004485,2026-01-20,REP-021,DrugGamma-200mg,Rare Disease,Adverse Events / Safety,Pre-Meeting Prep,Partially Answered,13.4,11.9,1,3,HCP-0149
MSL-004486,2026-01-21,REP-002,DrugAlpha-100mg,Oncology,Dosing Guidelines,Live During HCP Call,Redirected to Medical,18.8,0,0,2,
MSL-004487,2026-01-21,REP-002,DrugBeta-50mg,Oncology,Patient Selection Criteria,Self-Study,No Answer Found,10.4,0,0,2,
MSL-004488,2026-01-21,REP-002,DrugBeta-50mg,Oncology,Combination Therapy,Post-Call Follow-up,Fully Answered,11.8,14.5,0,5,
MSL-004489,2026-01-21,REP-002,DrugBeta-50mg,Oncology,Mechanism of Action,Post-Call Follow-up,Fully Answered,9.5,21.1,0,4,
MSL-004490,2026-01-21,REP-004,NeuroX-75mg,Cardiology,Adverse Events / Safety,Self-Study,Fully Answered,9.2,13.6,0,5,
MSL-004491,2026-01-21,REP-004,DrugGamma-200mg,Cardiology,Subgroup Analysis,Live During HCP Call,Fully Answered,8.7,15.3,0,4,
MSL-004492,2026-01-21,REP-004,DrugGamma-200mg,Cardiology,Biomarker Data,Post-Call Follow-up,Fully Answered,3.5,3.7,0,4,
MSL-004493,2026-01-21,REP-004,DrugAlpha-100mg,Cardiology,Patient Selection Criteria,Pre-Meeting Prep,Redirected to Medical,30.7,0,0,2,
MSL-004494,2026-01-21,REP-008,DrugBeta-50mg,Immunology,Mechanism of Action,Self-Study,Fully Answered,11.0,11.9,0,5,
MSL-004495,2026-01-21,REP-008,CardioPlus-25mg,Immunology,Adverse Events / Safety,Live During HCP Call,Fully Answered,4.7,14.4,1,5,HCP-0362
MSL-004496,2026-01-21,REP-008,DrugAlpha-100mg,Immunology,Guidelines / Protocols,Post-Call Follow-up,Partially Answered,21.0,2.3,0,3,
MSL-004497,2026-01-21,REP-009,DrugGamma-200mg,Cardiology,Clinical Trial Data,Live During HCP Call,Fully Answered,12.0,13.2,1,5,HCP-0118
MSL-004498,2026-01-21,REP-010,DrugGamma-200mg,Immunology,Off-label Evidence Request,Pre-Meeting Prep,Fully Answered,9.7,18.5,1,5,HCP-0286
MSL-004499,2026-01-21,REP-010,DrugAlpha-100mg,Immunology,Dosing Guidelines,Pre-Meeting Prep,No Answer Found,29.2,0,0,3,
MSL-004500,2026-01-21,REP-010,NeuroX-75mg,Immunology,Combination Therapy,Post-Call Follow-up,Partially Answered,21.4,9.8,0,3,
MSL-004501,2026-01-21,REP-010,DrugAlpha-100mg,Immunology,Guidelines / Protocols,Pre-Meeting Prep,Fully Answered,10.1,6.1,1,5,HCP-0053
MSL-004502,2026-01-21,REP-015,NeuroX-75mg,Oncology,Biomarker Data,Live During HCP Call,Fully Answered,3.5,16.8,1,4,HCP-0317
MSL-004503,2026-01-21,REP-015,DrugGamma-200mg,Oncology,Guidelines / Protocols,Pre-Meeting Prep,Partially Answered,13.7,13.6,1,3,HCP-0259
MSL-004504,2026-01-21,REP-015,CardioPlus-25mg,Oncology,Guidelines / Protocols,Pre-Meeting Prep,Fully Answered,7.4,8.2,1,5,HCP-0464
MSL-004505,2026-01-21,REP-015,DrugAlpha-100mg,Oncology,Dosing Guidelines,Live During HCP Call,No Answer Found,24.2,0,0,2,
MSL-004506,2026-01-21,REP-016,DrugBeta-50mg,Neurology,Guidelines / Protocols,Self-Study,Fully Answered,8.7,16.8,0,5,
MSL-004507,2026-01-21,REP-016,DrugBeta-50mg,Neurology,Patient Selection Criteria,Live During HCP Call,Fully Answered,6.0,7.4,1,4,HCP-0252
MSL-004508,2026-01-21,REP-016,DrugBeta-50mg,Neurology,Competitor Comparison,Pre-Meeting Prep,Partially Answered,23.1,7.6,1,3,HCP-0306
MSL-004509,2026-01-21,REP-017,CardioPlus-25mg,Immunology,Clinical Trial Data,Pre-Meeting Prep,Fully Answered,8.7,12.4,0,4,
MSL-004510,2026-01-21,REP-017,NeuroX-75mg,Immunology,Guidelines / Protocols,Pre-Meeting Prep,Redirected to Medical,25.6,0,0,1,
MSL-004511,2026-01-21,REP-017,DrugGamma-200mg,Immunology,Real-World Evidence,Pre-Meeting Prep,Partially Answered,12.4,7.4,1,3,HCP-0331
MSL-004512,2026-01-21,REP-017,DrugBeta-50mg,Immunology,Real-World Evidence,Pre-Meeting Prep,Fully Answered,5.0,3.0,1,4,HCP-0301
MSL-004513,2026-01-21,REP-021,NeuroX-75mg,Rare Disease,Combination Therapy,Live During HCP Call,Fully Answered,10.1,4.3,1,4,HCP-0182
MSL-004514,2026-01-21,REP-021,DrugAlpha-100mg,Rare Disease,Competitor Comparison,Pre-Meeting Prep,Partially Answered,10.8,17.0,1,2,HCP-0471
MSL-004515,2026-01-21,REP-021,NeuroX-75mg,Rare Disease,Off-label Evidence Request,Post-Call Follow-up,Fully Answered,12.1,13.0,0,5,
MSL-004516,2026-01-22,REP-002,DrugAlpha-100mg,Oncology,Competitor Comparison,Pre-Meeting Prep,Fully Answered,12.5,15.1,1,5,HCP-0284
MSL-004517,2026-01-22,REP-002,DrugGamma-200mg,Oncology,Patient Selection Criteria,Post-Call Follow-up,Fully Answered,7.7,11.4,0,5,
MSL-004518,2026-01-22,REP-002,DrugBeta-50mg,Oncology,Drug Interactions,Self-Study,Fully Answered,13.1,12.8,0,5,
MSL-004519,2026-01-22,REP-002,DrugAlpha-100mg,Oncology,Long-term Outcomes,Self-Study,Fully Answered,6.1,18.6,0,5,
MSL-004520,2026-01-22,REP-004,NeuroX-75mg,Cardiology,Off-label Evidence Request,Pre-Meeting Prep,Partially Answered,18.1,18.2,1,3,HCP-0236
MSL-004521,2026-01-22,REP-004,CardioPlus-25mg,Cardiology,Biomarker Data,Pre-Meeting Prep,Fully Answered,5.4,17.1,1,5,HCP-0106
MSL-004522,2026-01-22,REP-004,NeuroX-75mg,Cardiology,Subgroup Analysis,Post-Call Follow-up,Fully Answered,6.7,12.4,0,5,
MSL-004523,2026-01-22,REP-008,CardioPlus-25mg,Immunology,Off-label Evidence Request,Live During HCP Call,Fully Answered,7.9,14.1,1,4,HCP-0160
MSL-004524,2026-01-22,REP-008,DrugAlpha-100mg,Immunology,Real-World Evidence,Live During HCP Call,Partially Answered,9.6,14.0,1,4,HCP-0112
MSL-004525,2026-01-22,REP-009,CardioPlus-25mg,Cardiology,Biomarker Data,Pre-Meeting Prep,Fully Answered,9.2,10.0,0,5,
MSL-004526,2026-01-22,REP-009,CardioPlus-25mg,Cardiology,Biomarker Data,Pre-Meeting Prep,Redirected to Medical,14.7,0,0,2,
MSL-004527,2026-01-22,REP-009,DrugBeta-50mg,Cardiology,Real-World Evidence,Pre-Meeting Prep,Fully Answered,5.8,3.3,1,4,HCP-0412
MSL-004528,2026-01-22,REP-010,CardioPlus-25mg,Immunology,Clinical Trial Data,Self-Study,Partially Answered,12.3,2.2,0,3,
MSL-004529,2026-01-22,REP-010,NeuroX-75mg,Immunology,Adverse Events / Safety,Pre-Meeting Prep,Fully Answered,6.3,7.1,1,5,HCP-0275
MSL-004530,2026-01-22,REP-010,DrugAlpha-100mg,Immunology,Subgroup Analysis,Live During HCP Call,Fully Answered,12.4,14.5,1,5,HCP-0084
MSL-004531,2026-01-22,REP-010,DrugGamma-200mg,Immunology,Subgroup Analysis,Live During HCP Call,Redirected to Medical,37.8,0,0,1,
MSL-004532,2026-01-22,REP-015,CardioPlus-25mg,Oncology,Adverse Events / Safety,Pre-Meeting Prep,Fully Answered,8.7,16.4,1,4,HCP-0257
MSL-004533,2026-01-22,REP-015,DrugBeta-50mg,Oncology,Long-term Outcomes,Live During HCP Call,Redirected to Medical,42.2,0,0,3,
MSL-004534,2026-01-22,REP-015,DrugBeta-50mg,Oncology,Clinical Trial Data,Pre-Meeting Prep,Redirected to Medical,28.9,0,0,1,
MSL-004535,2026-01-22,REP-016,NeuroX-75mg,Neurology,Guidelines / Protocols,Live During HCP Call,Partially Answered,18.9,13.5,0,3,
MSL-004536,2026-01-22,REP-017,CardioPlus-25mg,Immunology,Biomarker Data,Post-Call Follow-up,Fully Answered,7.4,16.7,0,4,
MSL-004537,2026-01-22,REP-017,NeuroX-75mg,Immunology,Competitor Comparison,Pre-Meeting Prep,Fully Answered,7.6,12.6,0,5,
MSL-004538,2026-01-22,REP-017,DrugGamma-200mg,Immunology,Adverse Events / Safety,Post-Call Follow-up,Partially Answered,7.5,9.8,0,3,
MSL-004539,2026-01-22,REP-017,CardioPlus-25mg,Immunology,Clinical Trial Data,Post-Call Follow-up,Partially Answered,8.4,7.2,0,4,
MSL-004540,2026-01-22,REP-021,NeuroX-75mg,Rare Disease,Long-term Outcomes,Pre-Meeting Prep,Fully Answered,11.2,10.7,1,4,HCP-0081
MSL-004541,2026-01-22,REP-021,DrugBeta-50mg,Rare Disease,Subgroup Analysis,Post-Call Follow-up,Fully Answered,4.5,10.9,0,5,
MSL-004542,2026-01-22,REP-021,DrugGamma-200mg,Rare Disease,Dosing Guidelines,Live During HCP Call,Fully Answered,8.7,14.5,1,5,HCP-0412
MSL-004543,2026-01-23,REP-004,DrugAlpha-100mg,Cardiology,Competitor Comparison,Pre-Meeting Prep,Fully Answered,17.6,4.8,1,5,HCP-0031
MSL-004544,2026-01-23,REP-004,NeuroX-75mg,Cardiology,Clinical Trial Data,Live During HCP Call,Partially Answered,19.4,8.7,1,3,HCP-0167
MSL-004545,2026-01-23,REP-004,CardioPlus-25mg,Cardiology,Drug Interactions,Post-Call Follow-up,Redirected to Medical,17.2,0,0,2,
MSL-004546,2026-01-23,REP-008,DrugAlpha-100mg,Immunology,Guidelines / Protocols,Pre-Meeting Prep,Fully Answered,7.9,10.7,0,4,
MSL-004547,2026-01-23,REP-008,NeuroX-75mg,Immunology,Real-World Evidence,Self-Study,Fully Answered,5.7,9.8,0,4,
MSL-004548,2026-01-23,REP-008,DrugBeta-50mg,Immunology,Adverse Events / Safety,Live During HCP Call,Partially Answered,7.8,17.4,1,3,HCP-0032
MSL-004549,2026-01-23,REP-009,DrugGamma-200mg,Cardiology,Competitor Comparison,Post-Call Follow-up,Partially Answered,21.1,14.3,0,4,
MSL-004550,2026-01-23,REP-009,CardioPlus-25mg,Cardiology,Drug Interactions,Self-Study,Fully Answered,7.9,13.8,0,4,
MSL-004551,2026-01-23,REP-009,DrugAlpha-100mg,Cardiology,Competitor Comparison,Pre-Meeting Prep,Fully Answered,5.8,17.9,1,5,HCP-0309
MSL-004552,2026-01-23,REP-009,NeuroX-75mg,Cardiology,Biomarker Data,Pre-Meeting Prep,Fully Answered,5.5,17.2,0,4,
MSL-004553,2026-01-23,REP-010,DrugGamma-200mg,Immunology,Subgroup Analysis,Pre-Meeting Prep,Fully Answered,8.9,15.4,1,4,HCP-0217
MSL-004554,2026-01-23,REP-010,DrugBeta-50mg,Immunology,Patient Selection Criteria,Pre-Meeting Prep,Fully Answered,13.4,7.1,1,5,HCP-0330
MSL-004555,2026-01-23,REP-010,DrugBeta-50mg,Immunology,Dosing Guidelines,Self-Study,Fully Answered,13.7,15.9,0,5,
MSL-004556,2026-01-23,REP-010,DrugGamma-200mg,Immunology,Long-term Outcomes,Pre-Meeting Prep,Fully Answered,5.5,7.2,1,5,HCP-0465
MSL-004557,2026-01-23,REP-010,DrugGamma-200mg,Immunology,Pharmacokinetics,Self-Study,Fully Answered,1.6,16.8,0,5,
MSL-004558,2026-01-23,REP-010,DrugGamma-200mg,Immunology,Competitor Comparison,Self-Study,Fully Answered,10.5,15.3,0,5,
MSL-004559,2026-01-23,REP-016,NeuroX-75mg,Neurology,Combination Therapy,Self-Study,Fully Answered,7.9,2,0,4,
MSL-004560,2026-01-23,REP-016,DrugBeta-50mg,Neurology,Drug Interactions,Pre-Meeting Prep,Fully Answered,10.5,15.3,1,5,HCP-0095
MSL-004561,2026-01-23,REP-016,DrugAlpha-100mg,Neurology,Dosing Guidelines,Post-Call Follow-up,Partially Answered,17.4,11.7,0,3,
MSL-004562,2026-01-23,REP-016,CardioPlus-25mg,Neurology,Biomarker Data,Self-Study,Fully Answered,8.4,15.9,0,4,
MSL-004563,2026-01-23,REP-017,CardioPlus-25mg,Immunology,Competitor Comparison,Live During HCP Call,Fully Answered,9.5,10.4,1,5,HCP-0334
MSL-004564,2026-01-23,REP-021,CardioPlus-25mg,Rare Disease,Clinical Trial Data,Live During HCP Call,No Answer Found,28.9,0,0,2,
MSL-004565,2026-01-23,REP-021,DrugBeta-50mg,Rare Disease,Mechanism of Action,Pre-Meeting Prep,Fully Answered,6.9,8.2,1,4,HCP-0371
MSL-004566,2026-01-23,REP-021,DrugGamma-200mg,Rare Disease,Patient Selection Criteria,Pre-Meeting Prep,Fully Answered,6.5,21.9,1,5,HCP-0208
MSL-004567,2026-01-23,REP-021,DrugAlpha-100mg,Rare Disease,Off-label Evidence Request,Self-Study,Fully Answered,1.7,16.6,0,5,
MSL-004568,2026-01-23,REP-021,NeuroX-75mg,Rare Disease,Mechanism of Action,Pre-Meeting Prep,Redirected to Medical,25.0,0,0,1,
MSL-004569,2026-01-26,REP-002,DrugAlpha-100mg,Oncology,Mechanism of Action,Pre-Meeting Prep,Fully Answered,8.0,10.9,1,5,HCP-0331
MSL-004570,2026-01-26,REP-002,DrugGamma-200mg,Oncology,Dosing Guidelines,Pre-Meeting Prep,Fully Answered,5.3,20.2,1,5,HCP-0279
MSL-004571,2026-01-26,REP-002,DrugBeta-50mg,Oncology,Drug Interactions,Pre-Meeting Prep,Fully Answered,9.4,19.3,0,5,
MSL-004572,2026-01-26,REP-002,DrugAlpha-100mg,Oncology,Guidelines / Protocols,Live During HCP Call,No Answer Found,25.4,0,0,3,
MSL-004573,2026-01-26,REP-002,NeuroX-75mg,Oncology,Biomarker Data,Pre-Meeting Prep,Partially Answered,15.2,7.7,1,3,HCP-0045
MSL-004574,2026-01-26,REP-002,CardioPlus-25mg,Oncology,Patient Selection Criteria,Self-Study,Fully Answered,7.1,2,0,5,
MSL-004575,2026-01-26,REP-004,NeuroX-75mg,Cardiology,Guidelines / Protocols,Self-Study,No Answer Found,28.4,0,0,1,
MSL-004576,2026-01-26,REP-004,DrugAlpha-100mg,Cardiology,Clinical Trial Data,Pre-Meeting Prep,Fully Answered,9.0,12.6,1,5,HCP-0097
MSL-004577,2026-01-26,REP-004,CardioPlus-25mg,Cardiology,Guidelines / Protocols,Live During HCP Call,Fully Answered,7.0,2.8,0,4,
MSL-004578,2026-01-26,REP-004,CardioPlus-25mg,Cardiology,Long-term Outcomes,Pre-Meeting Prep,Partially Answered,21.8,13.5,1,3,HCP-0065
MSL-004579,2026-01-26,REP-008,NeuroX-75mg,Immunology,Drug Interactions,Self-Study,Fully Answered,5.2,10.7,0,5,
MSL-004580,2026-01-26,REP-008,DrugGamma-200mg,Immunology,Competitor Comparison,Post-Call Follow-up,Redirected to Medical,17.3,0,0,2,
MSL-004581,2026-01-26,REP-008,DrugBeta-50mg,Immunology,Competitor Comparison,Self-Study,Fully Answered,7.0,9.2,0,4,
MSL-004582,2026-01-26,REP-008,DrugBeta-50mg,Immunology,Off-label Evidence Request,Pre-Meeting Prep,Partially Answered,10.7,8.0,0,3,
MSL-004583,2026-01-26,REP-009,CardioPlus-25mg,Cardiology,Clinical Trial Data,Pre-Meeting Prep,Fully Answered,9.6,14.5,0,5,
MSL-004584,2026-01-26,REP-009,DrugBeta-50mg,Cardiology,Mechanism of Action,Self-Study,No Answer Found,19.3,0,0,2,
MSL-004585,2026-01-26,REP-009,DrugBeta-50mg,Cardiology,Combination Therapy,Post-Call Follow-up,Fully Answered,7.7,13.6,0,5,
MSL-004586,2026-01-26,REP-009,CardioPlus-25mg,Cardiology,Long-term Outcomes,Pre-Meeting Prep,No Answer Found,33.7,0,0,2,
MSL-004587,2026-01-26,REP-010,NeuroX-75mg,Immunology,Clinical Trial Data,Live During HCP Call,Fully Answered,8.0,21.7,1,5,HCP-0160
MSL-004588,2026-01-26,REP-010,DrugAlpha-100mg,Immunology,Adverse Events / Safety,Live During HCP Call,Fully Answered,4.9,6.6,1,5,HCP-0003
MSL-004589,2026-01-26,REP-010,DrugAlpha-100mg,Immunology,Combination Therapy,Pre-Meeting Prep,Fully Answered,11.1,8.6,1,4,HCP-0339
MSL-004590,2026-01-26,REP-015,DrugAlpha-100mg,Oncology,Clinical Trial Data,Post-Call Follow-up,Fully Answered,7.9,13.5,0,4,
MSL-004591,2026-01-26,REP-015,CardioPlus-25mg,Oncology,Dosing Guidelines,Pre-Meeting Prep,Partially Answered,23.3,8.3,1,4,HCP-0064
MSL-004592,2026-01-26,REP-015,DrugGamma-200mg,Oncology,Mechanism of Action,Post-Call Follow-up,Redirected to Medical,18.3,0,0,3,
MSL-004593,2026-01-26,REP-016,DrugBeta-50mg,Neurology,Clinical Trial Data,Live During HCP Call,Partially Answered,16.8,18.5,1,3,HCP-0188
MSL-004594,2026-01-26,REP-017,NeuroX-75mg,Immunology,Pharmacokinetics,Pre-Meeting Prep,Fully Answered,9.1,9.1,0,5,
MSL-004595,2026-01-26,REP-017,DrugAlpha-100mg,Immunology,Off-label Evidence Request,Live During HCP Call,Fully Answered,4.6,17.8,1,5,HCP-0263
MSL-004596,2026-01-26,REP-017,CardioPlus-25mg,Immunology,Patient Selection Criteria,Self-Study,Fully Answered,12.0,14.8,0,5,
MSL-004597,2026-01-26,REP-017,DrugAlpha-100mg,Immunology,Pharmacokinetics,Self-Study,Partially Answered,17.5,15.7,0,3,
MSL-004598,2026-01-26,REP-017,DrugBeta-50mg,Immunology,Long-term Outcomes,Pre-Meeting Prep,Partially Answered,12.5,6.9,1,3,HCP-0085
MSL-004599,2026-01-26,REP-021,DrugBeta-50mg,Rare Disease,Real-World Evidence,Post-Call Follow-up,Fully Answered,3.5,10.8,0,4,
MSL-004600,2026-01-26,REP-021,DrugGamma-200mg,Rare Disease,Dosing Guidelines,Self-Study,Fully Answered,4.5,13.0,0,5,
MSL-004601,2026-01-26,REP-021,DrugBeta-50mg,Rare Disease,Biomarker Data,Live During HCP Call,No Answer Found,13.6,0,0,1,
MSL-004602,2026-01-27,REP-002,DrugAlpha-100mg,Oncology,Biomarker Data,Live During HCP Call,Fully Answered,8.9,12.6,1,5,HCP-0047
MSL-004603,2026-01-27,REP-002,DrugBeta-50mg,Oncology,Long-term Outcomes,Pre-Meeting Prep,Partially Answered,22.4,3.9,0,4,
MSL-004604,2026-01-27,REP-002,DrugAlpha-100mg,Oncology,Competitor Comparison,Post-Call Follow-up,Fully Answered,9.9,14.0,0,5,
MSL-004605,2026-01-27,REP-004,NeuroX-75mg,Cardiology,Biomarker Data,Pre-Meeting Prep,Fully Answered,8.8,7.7,0,4,
MSL-004606,2026-01-27,REP-004,DrugBeta-50mg,Cardiology,Dosing Guidelines,Live During HCP Call,Partially Answered,12.1,7.7,1,4,HCP-0160
MSL-004607,2026-01-27,REP-008,DrugBeta-50mg,Immunology,Pharmacokinetics,Pre-Meeting Prep,Partially Answered,9.0,16.7,1,3,HCP-0409
MSL-004608,2026-01-27,REP-008,DrugGamma-200mg,Immunology,Biomarker Data,Pre-Meeting Prep,Partially Answered,15.7,8.1,0,3,
MSL-004609,2026-01-27,REP-008,NeuroX-75mg,Immunology,Clinical Trial Data,Live During HCP Call,Fully Answered,10.4,3.2,1,5,HCP-0436
MSL-004610,2026-01-27,REP-009,DrugGamma-200mg,Cardiology,Dosing Guidelines,Post-Call Follow-up,Fully Answered,6.5,12.3,0,5,
MSL-004611,2026-01-27,REP-009,DrugAlpha-100mg,Cardiology,Off-label Evidence Request,Pre-Meeting Prep,Partially Answered,14.8,10.0,1,2,HCP-0206
MSL-004612,2026-01-27,REP-009,DrugAlpha-100mg,Cardiology,Long-term Outcomes,Pre-Meeting Prep,Fully Answered,2.3,11.4,1,4,HCP-0346
MSL-004613,2026-01-27,REP-009,DrugGamma-200mg,Cardiology,Clinical Trial Data,Post-Call Follow-up,Fully Answered,13.6,8.7,0,4,
MSL-004614,2026-01-27,REP-009,DrugGamma-200mg,Cardiology,Dosing Guidelines,Pre-Meeting Prep,Fully Answered,11.5,9.8,1,4,HCP-0304
MSL-004615,2026-01-27,REP-009,CardioPlus-25mg,Cardiology,Guidelines / Protocols,Pre-Meeting Prep,No Answer Found,21.8,0,0,3,
MSL-004616,2026-01-27,REP-010,DrugBeta-50mg,Immunology,Adverse Events / Safety,Live During HCP Call,Fully Answered,13.0,10.9,1,4,HCP-0423
MSL-004617,2026-01-27,REP-010,NeuroX-75mg,Immunology,Long-term Outcomes,Post-Call Follow-up,Fully Answered,7.5,5.8,0,5,
MSL-004618,2026-01-27,REP-010,NeuroX-75mg,Immunology,Clinical Trial Data,Pre-Meeting Prep,Fully Answered,10.5,12.8,1,4,HCP-0479
MSL-004619,2026-01-27,REP-010,DrugGamma-200mg,Immunology,Guidelines / Protocols,Pre-Meeting Prep,No Answer Found,36.1,0,0,1,
MSL-004620,2026-01-27,REP-010,CardioPlus-25mg,Immunology,Guidelines / Protocols,Pre-Meeting Prep,Fully Answered,9.7,14.1,0,5,
MSL-004621,2026-01-27,REP-015,CardioPlus-25mg,Oncology,Long-term Outcomes,Self-Study,Fully Answered,4.3,4.4,0,4,
MSL-004622,2026-01-27,REP-015,DrugGamma-200mg,Oncology,Patient Selection Criteria,Self-Study,No Answer Found,31.6,0,0,2,
MSL-004623,2026-01-27,REP-015,CardioPlus-25mg,Oncology,Combination Therapy,Live During HCP Call,Partially Answered,12.8,7.9,0,4,
MSL-004624,2026-01-27,REP-016,DrugAlpha-100mg,Neurology,Drug Interactions,Self-Study,Redirected to Medical,13.7,0,0,3,
MSL-004625,2026-01-27,REP-016,DrugBeta-50mg,Neurology,Subgroup Analysis,Pre-Meeting Prep,No Answer Found,32.2,0,0,3,
MSL-004626,2026-01-27,REP-017,CardioPlus-25mg,Immunology,Off-label Evidence Request,Pre-Meeting Prep,Fully Answered,11.1,6.3,0,5,
MSL-004627,2026-01-27,REP-017,DrugGamma-200mg,Immunology,Off-label Evidence Request,Live During HCP Call,No Answer Found,24.7,0,0,2,
MSL-004628,2026-01-27,REP-017,DrugGamma-200mg,Immunology,Adverse Events / Safety,Self-Study,Fully Answered,11.4,15.5,0,5,
MSL-004629,2026-01-27,REP-021,DrugAlpha-100mg,Rare Disease,Biomarker Data,Self-Study,Fully Answered,4.0,22.2,0,4,
MSL-004630,2026-01-28,REP-002,NeuroX-75mg,Oncology,Patient Selection Criteria,Pre-Meeting Prep,No Answer Found,27.2,0,0,3,
MSL-004631,2026-01-28,REP-002,DrugAlpha-100mg,Oncology,Off-label Evidence Request,Self-Study,Fully Answered,6.7,16.3,0,5,
MSL-004632,2026-01-28,REP-002,DrugGamma-200mg,Oncology,Guidelines / Protocols,Pre-Meeting Prep,No Answer Found,18.3,0,0,2,
MSL-004633,2026-01-28,REP-002,CardioPlus-25mg,Oncology,Mechanism of Action,Pre-Meeting Prep,No Answer Found,17.2,0,0,2,
MSL-004634,2026-01-28,REP-002,DrugBeta-50mg,Oncology,Dosing Guidelines,Live During HCP Call,Fully Answered,11.6,24.0,0,5,
MSL-004635,2026-01-28,REP-004,DrugGamma-200mg,Cardiology,Drug Interactions,Post-Call Follow-up,Fully Answered,12.8,14.2,0,5,
MSL-004636,2026-01-28,REP-008,CardioPlus-25mg,Immunology,Mechanism of Action,Self-Study,Fully Answered,13.8,2,0,4,
MSL-004637,2026-01-28,REP-008,DrugGamma-200mg,Immunology,Guidelines / Protocols,Pre-Meeting Prep,Partially Answered,17.8,24.5,1,3,HCP-0020
MSL-004638,2026-01-28,REP-008,DrugBeta-50mg,Immunology,Adverse Events / Safety,Self-Study,Partially Answered,17.5,23.5,0,3,
MSL-004639,2026-01-28,REP-008,CardioPlus-25mg,Immunology,Long-term Outcomes,Pre-Meeting Prep,Fully Answered,5.5,6.4,0,5,
MSL-004640,2026-01-28,REP-008,CardioPlus-25mg,Immunology,Guidelines / Protocols,Post-Call Follow-up,Fully Answered,7.2,19.8,0,5,
MSL-004641,2026-01-28,REP-009,CardioPlus-25mg,Cardiology,Biomarker Data,Post-Call Follow-up,No Answer Found,26.7,0,0,1,
MSL-004642,2026-01-28,REP-009,DrugBeta-50mg,Cardiology,Subgroup Analysis,Live During HCP Call,Fully Answered,6.9,9.2,0,5,
MSL-004643,2026-01-28,REP-009,CardioPlus-25mg,Cardiology,Competitor Comparison,Live During HCP Call,Partially Answered,22.4,17.2,1,2,HCP-0478
MSL-004644,2026-01-28,REP-009,DrugGamma-200mg,Cardiology,Dosing Guidelines,Post-Call Follow-up,Partially Answered,14.6,6.4,0,4,
MSL-004645,2026-01-28,REP-009,DrugBeta-50mg,Cardiology,Adverse Events / Safety,Live During HCP Call,Redirected to Medical,32.4,0,0,1,
MSL-004646,2026-01-28,REP-009,DrugGamma-200mg,Cardiology,Clinical Trial Data,Pre-Meeting Prep,Fully Answered,12.6,14.7,1,5,HCP-0302
MSL-004647,2026-01-28,REP-010,CardioPlus-25mg,Immunology,Dosing Guidelines,Self-Study,Fully Answered,13.2,5.1,0,5,
MSL-004648,2026-01-28,REP-010,CardioPlus-25mg,Immunology,Off-label Evidence Request,Pre-Meeting Prep,Fully Answered,6.3,11.4,0,4,
MSL-004649,2026-01-28,REP-010,NeuroX-75mg,Immunology,Guidelines / Protocols,Pre-Meeting Prep,No Answer Found,24.8,0,0,2,
MSL-004650,2026-01-28,REP-015,CardioPlus-25mg,Oncology,Competitor Comparison,Post-Call Follow-up,Fully Answered,8.7,19.7,0,5,
MSL-004651,2026-01-28,REP-015,DrugGamma-200mg,Oncology,Dosing Guidelines,Pre-Meeting Prep,Fully Answered,12.1,10.0,1,4,HCP-0189
MSL-004652,2026-01-28,REP-015,CardioPlus-25mg,Oncology,Clinical Trial Data,Pre-Meeting Prep,Fully Answered,2.9,2,1,5,HCP-0198
MSL-004653,2026-01-28,REP-016,DrugBeta-50mg,Neurology,Subgroup Analysis,Live During HCP Call,Fully Answered,3.8,12.2,1,5,HCP-0263
MSL-004654,2026-01-28,REP-017,DrugGamma-200mg,Immunology,Combination Therapy,Post-Call Follow-up,Partially Answered,5.2,8.3,0,3,
MSL-004655,2026-01-28,REP-017,NeuroX-75mg,Immunology,Off-label Evidence Request,Post-Call Follow-up,Fully Answered,11.1,11.0,0,4,
MSL-004656,2026-01-28,REP-017,NeuroX-75mg,Immunology,Real-World Evidence,Self-Study,Fully Answered,6.0,15.3,0,5,
MSL-004657,2026-01-28,REP-017,CardioPlus-25mg,Immunology,Mechanism of Action,Self-Study,Fully Answered,12.4,2,0,5,
MSL-004658,2026-01-28,REP-021,CardioPlus-25mg,Rare Disease,Dosing Guidelines,Pre-Meeting Prep,Partially Answered,3.2,8.9,1,3,HCP-0251
MSL-004659,2026-01-28,REP-021,DrugGamma-200mg,Rare Disease,Clinical Trial Data,Live During HCP Call,Fully Answered,11.6,15.2,1,5,HCP-0206
MSL-004660,2026-01-29,REP-002,DrugBeta-50mg,Oncology,Long-term Outcomes,Post-Call Follow-up,Fully Answered,9.6,13.6,0,5,
MSL-004661,2026-01-29,REP-002,DrugGamma-200mg,Oncology,Mechanism of Action,Pre-Meeting Prep,No Answer Found,26.7,0,0,2,
MSL-004662,2026-01-29,REP-002,DrugGamma-200mg,Oncology,Subgroup Analysis,Pre-Meeting Prep,Fully Answered,8.5,3.2,1,4,HCP-0054
MSL-004663,2026-01-29,REP-004,DrugAlpha-100mg,Cardiology,Patient Selection Criteria,Live During HCP Call,Partially Answered,12.7,2,0,3,
MSL-004664,2026-01-29,REP-004,DrugAlpha-100mg,Cardiology,Guidelines / Protocols,Live During HCP Call,Redirected to Medical,18.2,0,0,2,
MSL-004665,2026-01-29,REP-004,DrugGamma-200mg,Cardiology,Combination Therapy,Live During HCP Call,Partially Answered,5.1,9.3,0,4,
MSL-004666,2026-01-29,REP-004,DrugGamma-200mg,Cardiology,Clinical Trial Data,Live During HCP Call,Fully Answered,5.6,17.7,1,5,HCP-0256
MSL-004667,2026-01-29,REP-004,DrugGamma-200mg,Cardiology,Subgroup Analysis,Pre-Meeting Prep,Redirected to Medical,5.6,0,0,1,
MSL-004668,2026-01-29,REP-008,DrugGamma-200mg,Immunology,Off-label Evidence Request,Live During HCP Call,No Answer Found,29.3,0,0,3,
MSL-004669,2026-01-29,REP-008,NeuroX-75mg,Immunology,Clinical Trial Data,Pre-Meeting Prep,Fully Answered,10.6,15.3,1,5,HCP-0078
MSL-004670,2026-01-29,REP-008,DrugAlpha-100mg,Immunology,Patient Selection Criteria,Live During HCP Call,Fully Answered,7.3,16.6,1,5,HCP-0044
MSL-004671,2026-01-29,REP-009,NeuroX-75mg,Cardiology,Mechanism of Action,Live During HCP Call,Fully Answered,5.0,9.0,0,5,
MSL-004672,2026-01-29,REP-009,DrugGamma-200mg,Cardiology,Subgroup Analysis,Pre-Meeting Prep,Fully Answered,17.3,13.0,1,4,HCP-0369
MSL-004673,2026-01-29,REP-009,DrugGamma-200mg,Cardiology,Off-label Evidence Request,Self-Study,Fully Answered,10.0,12.7,0,5,
MSL-004674,2026-01-29,REP-009,DrugGamma-200mg,Cardiology,Pharmacokinetics,Live During HCP Call,Fully Answered,8.3,16.9,1,5,HCP-0171
MSL-004675,2026-01-29,REP-010,CardioPlus-25mg,Immunology,Combination Therapy,Pre-Meeting Prep,Fully Answered,15.4,20.6,1,4,HCP-0353
MSL-004676,2026-01-29,REP-015,CardioPlus-25mg,Oncology,Guidelines / Protocols,Post-Call Follow-up,Fully Answered,8.7,12.9,0,5,
MSL-004677,2026-01-29,REP-015,DrugBeta-50mg,Oncology,Adverse Events / Safety,Self-Study,Fully Answered,13.6,17.5,0,4,
MSL-004678,2026-01-29,REP-015,DrugBeta-50mg,Oncology,Mechanism of Action,Pre-Meeting Prep,Fully Answered,11.2,13.7,0,4,
MSL-004679,2026-01-29,REP-015,NeuroX-75mg,Oncology,Guidelines / Protocols,Pre-Meeting Prep,Partially Answered,11.0,11.6,1,2,HCP-0343
MSL-004680,2026-01-29,REP-016,DrugGamma-200mg,Neurology,Off-label Evidence Request,Pre-Meeting Prep,Partially Answered,12.7,6.5,1,3,HCP-0455
MSL-004681,2026-01-29,REP-016,DrugGamma-200mg,Neurology,Combination Therapy,Self-Study,No Answer Found,17.5,0,0,2,
MSL-004682,2026-01-29,REP-016,NeuroX-75mg,Neurology,Pharmacokinetics,Post-Call Follow-up,Fully Answered,7.0,19.3,0,5,
MSL-004683,2026-01-29,REP-016,NeuroX-75mg,Neurology,Combination Therapy,Pre-Meeting Prep,Fully Answered,11.5,9.5,1,4,HCP-0102
MSL-004684,2026-01-29,REP-016,DrugGamma-200mg,Neurology,Real-World Evidence,Live During HCP Call,Fully Answered,6.9,11.3,1,5,HCP-0112
MSL-004685,2026-01-29,REP-017,CardioPlus-25mg,Immunology,Adverse Events / Safety,Pre-Meeting Prep,Partially Answered,8.8,11.5,1,3,HCP-0306
MSL-004686,2026-01-29,REP-017,DrugAlpha-100mg,Immunology,Real-World Evidence,Self-Study,Fully Answered,6.8,7.8,0,5,
MSL-004687,2026-01-29,REP-017,DrugGamma-200mg,Immunology,Patient Selection Criteria,Post-Call Follow-up,Fully Answered,12.1,8.6,0,4,
MSL-004688,2026-01-29,REP-021,NeuroX-75mg,Rare Disease,Patient Selection Criteria,Pre-Meeting Prep,Fully Answered,5.7,15.3,1,4,HCP-0224
MSL-004689,2026-01-29,REP-021,DrugGamma-200mg,Rare Disease,Competitor Comparison,Pre-Meeting Prep,Fully Answered,3.4,17.0,0,4,
MSL-004690,2026-01-29,REP-021,NeuroX-75mg,Rare Disease,Off-label Evidence Request,Live During HCP Call,No Answer Found,24.0,0,0,3,
MSL-004691,2026-01-29,REP-021,DrugGamma-200mg,Rare Disease,Mechanism of Action,Live During HCP Call,Fully Answered,7.4,7.8,1,4,HCP-0224
MSL-004692,2026-01-29,REP-021,NeuroX-75mg,Rare Disease,Adverse Events / Safety,Pre-Meeting Prep,Fully Answered,3.6,9.0,1,5,HCP-0120
MSL-004693,2026-01-29,REP-021,DrugAlpha-100mg,Rare Disease,Clinical Trial Data,Self-Study,Fully Answered,9.7,17.3,0,5,
MSL-004694,2026-01-29,REP-021,DrugAlpha-100mg,Rare Disease,Competitor Comparison,Pre-Meeting Prep,Redirected to Medical,37.1,0,0,1,
MSL-004695,2026-01-30,REP-004,CardioPlus-25mg,Cardiology,Competitor Comparison,Self-Study,Partially Answered,23.9,7.5,0,4,
MSL-004696,2026-01-30,REP-004,DrugBeta-50mg,Cardiology,Real-World Evidence,Live During HCP Call,Fully Answered,6.5,6.1,1,5,HCP-0276
MSL-004697,2026-01-30,REP-004,DrugAlpha-100mg,Cardiology,Competitor Comparison,Post-Call Follow-up,Redirected to Medical,34.2,0,0,3,
MSL-004698,2026-01-30,REP-004,DrugBeta-50mg,Cardiology,Guidelines / Protocols,Pre-Meeting Prep,Fully Answered,6.4,19.7,0,4,
MSL-004699,2026-01-30,REP-008,DrugBeta-50mg,Immunology,Competitor Comparison,Live During HCP Call,Redirected to Medical,37.4,0,0,1,
MSL-004700,2026-01-30,REP-008,NeuroX-75mg,Immunology,Off-label Evidence Request,Live During HCP Call,Fully Answered,3.8,7.7,0,4,
MSL-004701,2026-01-30,REP-008,CardioPlus-25mg,Immunology,Drug Interactions,Pre-Meeting Prep,Redirected to Medical,28.7,0,0,3,
MSL-004702,2026-01-30,REP-009,CardioPlus-25mg,Cardiology,Off-label Evidence Request,Pre-Meeting Prep,Fully Answered,4.4,4.8,0,4,
MSL-004703,2026-01-30,REP-009,CardioPlus-25mg,Cardiology,Mechanism of Action,Self-Study,Fully Answered,10.5,6.1,0,4,
MSL-004704,2026-01-30,REP-009,NeuroX-75mg,Cardiology,Clinical Trial Data,Post-Call Follow-up,Partially Answered,11.1,10.4,0,4,
MSL-004705,2026-01-30,REP-010,DrugGamma-200mg,Immunology,Competitor Comparison,Post-Call Follow-up,Partially Answered,22.7,15.1,0,3,
MSL-004706,2026-01-30,REP-010,NeuroX-75mg,Immunology,Off-label Evidence Request,Self-Study,Partially Answered,11.4,11.8,0,2,
MSL-004707,2026-01-30,REP-010,CardioPlus-25mg,Immunology,Dosing Guidelines,Pre-Meeting Prep,Fully Answered,6.4,5.6,1,5,HCP-0184
MSL-004708,2026-01-30,REP-010,CardioPlus-25mg,Immunology,Subgroup Analysis,Pre-Meeting Prep,Fully Answered,9.3,5.8,0,4,
MSL-004709,2026-01-30,REP-015,DrugBeta-50mg,Oncology,Competitor Comparison,Live During HCP Call,Fully Answered,10.9,11.6,1,5,HCP-0202
MSL-004710,2026-01-30,REP-015,DrugBeta-50mg,Oncology,Clinical Trial Data,Pre-Meeting Prep,Partially Answered,20.6,11.7,1,2,HCP-0389
MSL-004711,2026-01-30,REP-015,DrugBeta-50mg,Oncology,Biomarker Data,Live During HCP Call,Fully Answered,5.7,5.9,0,4,
MSL-004712,2026-01-30,REP-015,DrugAlpha-100mg,Oncology,Off-label Evidence Request,Pre-Meeting Prep,Fully Answered,12.4,10.5,1,5,HCP-0216
MSL-004713,2026-01-30,REP-015,NeuroX-75mg,Oncology,Clinical Trial Data,Live During HCP Call,Fully Answered,5.2,16.2,1,5,HCP-0252
MSL-004714,2026-01-30,REP-016,DrugGamma-200mg,Neurology,Combination Therapy,Pre-Meeting Prep,Partially Answered,9.4,11.6,1,4,HCP-0241
MSL-004715,2026-01-30,REP-016,DrugBeta-50mg,Neurology,Competitor Comparison,Pre-Meeting Prep,Fully Answered,5.7,14.7,0,5,
MSL-004716,2026-01-30,REP-016,DrugAlpha-100mg,Neurology,Combination Therapy,Pre-Meeting Prep,Redirected to Medical,25.5,0,0,1,
MSL-004717,2026-01-30,REP-016,DrugBeta-50mg,Neurology,Dosing Guidelines,Live During HCP Call,Partially Answered,18.9,5.1,1,3,HCP-0264
MSL-004718,2026-01-30,REP-016,DrugAlpha-100mg,Neurology,Pharmacokinetics,Pre-Meeting Prep,Fully Answered,9.0,5.7,1,4,HCP-0019
MSL-004719,2026-01-30,REP-016,NeuroX-75mg,Neurology,Patient Selection Criteria,Self-Study,Fully Answered,10.1,9.5,0,5,
MSL-004720,2026-01-30,REP-017,NeuroX-75mg,Immunology,Long-term Outcomes,Post-Call Follow-up,Fully Answered,5.0,13.6,0,5,
MSL-004721,2026-01-30,REP-017,DrugGamma-200mg,Immunology,Patient Selection Criteria,Pre-Meeting Prep,Fully Answered,8.3,14.7,1,4,HCP-0337
MSL-004722,2026-01-30,REP-017,NeuroX-75mg,Immunology,Biomarker Data,Post-Call Follow-up,No Answer Found,22.4,0,0,2,
MSL-004723,2026-01-30,REP-021,DrugBeta-50mg,Rare Disease,Drug Interactions,Post-Call Follow-up,Fully Answered,3.5,17.2,0,4,
MSL-004724,2026-01-30,REP-021,DrugAlpha-100mg,Rare Disease,Real-World Evidence,Live During HCP Call,Partially Answered,20.0,4.8,0,4,
MSL-004725,2026-01-30,REP-021,NeuroX-75mg,Rare Disease,Subgroup Analysis,Post-Call Follow-up,Fully Answered,9.5,7.8,0,4,
MSL-004726,2026-01-30,REP-021,DrugGamma-200mg,Rare Disease,Mechanism of Action,Post-Call Follow-up,Fully Answered,7.9,5.5,0,5,
MSL-004727,2026-01-30,REP-021,DrugGamma-200mg,Rare Disease,Dosing Guidelines,Self-Study,Partially Answered,9.5,10.7,0,4,
MSL-004728,2026-01-30,REP-021,DrugGamma-200mg,Rare Disease,Guidelines / Protocols,Live During HCP Call,Partially Answered,16.8,3.8,1,4,HCP-0001
MSL-004729,2026-01-30,REP-021,DrugBeta-50mg,Rare Disease,Dosing Guidelines,Pre-Meeting Prep,No Answer Found,19.1,0,0,1,
MSL-004730,2026-01-30,REP-021,NeuroX-75mg,Rare Disease,Competitor Comparison,Pre-Meeting Prep,Partially Answered,9.8,10.4,0,4,
MSL-004731,2026-02-02,REP-002,CardioPlus-25mg,Oncology,Competitor Comparison,Live During HCP Call,Fully Answered,7.6,10.9,1,5,HCP-0368
MSL-004732,2026-02-02,REP-002,DrugBeta-50mg,Oncology,Drug Interactions,Pre-Meeting Prep,Fully Answered,11.2,12.5,1,4,HCP-0024
MSL-004733,2026-02-02,REP-002,CardioPlus-25mg,Oncology,Off-label Evidence Request,Pre-Meeting Prep,Fully Answered,3.0,13.1,0,5,
MSL-004734,2026-02-02,REP-002,DrugGamma-200mg,Oncology,Combination Therapy,Post-Call Follow-up,Fully Answered,8.0,8.4,0,5,
MSL-004735,2026-02-02,REP-004,DrugGamma-200mg,Cardiology,Dosing Guidelines,Pre-Meeting Prep,Redirected to Medical,41.0,0,0,2,
MSL-004736,2026-02-02,REP-004,DrugAlpha-100mg,Cardiology,Patient Selection Criteria,Post-Call Follow-up,Partially Answered,18.4,12.4,0,2,
MSL-004737,2026-02-02,REP-004,DrugAlpha-100mg,Cardiology,Mechanism of Action,Post-Call Follow-up,Fully Answered,8.0,4.0,0,5,
MSL-004738,2026-02-02,REP-008,DrugGamma-200mg,Immunology,Dosing Guidelines,Live During HCP Call,Partially Answered,14.0,5.3,0,3,
MSL-004739,2026-02-02,REP-008,CardioPlus-25mg,Immunology,Clinical Trial Data,Post-Call Follow-up,Partially Answered,12.6,15.2,0,4,
MSL-004740,2026-02-02,REP-008,NeuroX-75mg,Immunology,Biomarker Data,Pre-Meeting Prep,Fully Answered,9.1,9.7,1,5,HCP-0037
MSL-004741,2026-02-02,REP-009,CardioPlus-25mg,Cardiology,Patient Selection Criteria,Pre-Meeting Prep,Fully Answered,10.2,13.7,0,5,
MSL-004742,2026-02-02,REP-009,DrugBeta-50mg,Cardiology,Real-World Evidence,Pre-Meeting Prep,Partially Answered,23.8,2,1,2,HCP-0132
MSL-004743,2026-02-02,REP-010,CardioPlus-25mg,Immunology,Off-label Evidence Request,Post-Call Follow-up,Redirected to Medical,28.1,0,0,2,
MSL-004744,2026-02-02,REP-010,DrugBeta-50mg,Immunology,Subgroup Analysis,Pre-Meeting Prep,Fully Answered,3.8,18.1,1,4,HCP-0298
MSL-004745,2026-02-02,REP-010,NeuroX-75mg,Immunology,Dosing Guidelines,Live During HCP Call,Fully Answered,4.9,6.8,1,5,HCP-0067
MSL-004746,2026-02-02,REP-015,NeuroX-75mg,Oncology,Clinical Trial Data,Pre-Meeting Prep,Partially Answered,7.2,14.5,0,3,
MSL-004747,2026-02-02,REP-015,DrugBeta-50mg,Oncology,Real-World Evidence,Live During HCP Call,Fully Answered,7.9,13.5,1,5,HCP-0055
MSL-004748,2026-02-02,REP-016,DrugAlpha-100mg,Neurology,Mechanism of Action,Post-Call Follow-up,Partially Answered,11.6,6.8,0,2,
MSL-004749,2026-02-02,REP-016,CardioPlus-25mg,Neurology,Combination Therapy,Self-Study,Partially Answered,20.5,10.2,0,3,
MSL-004750,2026-02-02,REP-017,DrugAlpha-100mg,Immunology,Off-label Evidence Request,Pre-Meeting Prep,Fully Answered,10.8,18.5,1,5,HCP-0360
MSL-004751,2026-02-02,REP-017,DrugGamma-200mg,Immunology,Off-label Evidence Request,Post-Call Follow-up,Redirected to Medical,18.3,0,0,1,
MSL-004752,2026-02-02,REP-017,DrugAlpha-100mg,Immunology,Clinical Trial Data,Pre-Meeting Prep,Fully Answered,11.8,9.3,1,5,HCP-0320
MSL-004753,2026-02-02,REP-017,DrugGamma-200mg,Immunology,Competitor Comparison,Live During HCP Call,Redirected to Medical,34.1,0,0,2,
MSL-004754,2026-02-03,REP-002,DrugBeta-50mg,Oncology,Off-label Evidence Request,Live During HCP Call,Fully Answered,11.1,15.2,1,5,HCP-0033
MSL-004755,2026-02-03,REP-002,CardioPlus-25mg,Oncology,Dosing Guidelines,Live During HCP Call,Fully Answered,6.9,6.4,1,4,HCP-0342
MSL-004756,2026-02-03,REP-002,NeuroX-75mg,Oncology,Adverse Events / Safety,Pre-Meeting Prep,Fully Answered,5.9,4.1,0,5,
MSL-004757,2026-02-03,REP-002,NeuroX-75mg,Oncology,Pharmacokinetics,Pre-Meeting Prep,Partially Answered,17.1,13.2,1,3,HCP-0253
MSL-004758,2026-02-03,REP-002,DrugGamma-200mg,Oncology,Biomarker Data,Pre-Meeting Prep,Fully Answered,5.2,10.4,1,5,HCP-0007
MSL-004759,2026-02-03,REP-004,CardioPlus-25mg,Cardiology,Patient Selection Criteria,Pre-Meeting Prep,No Answer Found,26.7,0,0,2,
MSL-004760,2026-02-03,REP-004,DrugGamma-200mg,Cardiology,Off-label Evidence Request,Pre-Meeting Prep,Partially Answered,19.6,11.1,1,3,HCP-0493
MSL-004761,2026-02-03,REP-004,NeuroX-75mg,Cardiology,Guidelines / Protocols,Post-Call Follow-up,Fully Answered,4.1,15.2,0,5,
MSL-004762,2026-02-03,REP-004,CardioPlus-25mg,Cardiology,Real-World Evidence,Pre-Meeting Prep,Fully Answered,2.4,8.4,1,5,HCP-0391
MSL-004763,2026-02-03,REP-004,DrugAlpha-100mg,Cardiology,Real-World Evidence,Pre-Meeting Prep,Fully Answered,4.9,7.4,0,4,
MSL-004764,2026-02-03,REP-004,DrugGamma-200mg,Cardiology,Biomarker Data,Pre-Meeting Prep,Redirected to Medical,32.0,0,0,1,
MSL-004765,2026-02-03,REP-008,NeuroX-75mg,Immunology,Off-label Evidence Request,Pre-Meeting Prep,Fully Answered,5.2,7.9,1,5,HCP-0179
MSL-004766,2026-02-03,REP-008,DrugAlpha-100mg,Immunology,Pharmacokinetics,Self-Study,Fully Answered,12.4,6.0,0,5,
MSL-004767,2026-02-03,REP-008,NeuroX-75mg,Immunology,Clinical Trial Data,Post-Call Follow-up,Fully Answered,7.3,17.5,0,4,
MSL-004768,2026-02-03,REP-009,DrugGamma-200mg,Cardiology,Real-World Evidence,Pre-Meeting Prep,No Answer Found,17.1,0,0,3,
MSL-004769,2026-02-03,REP-009,NeuroX-75mg,Cardiology,Off-label Evidence Request,Post-Call Follow-up,Fully Answered,6.0,2.2,0,5,
MSL-004770,2026-02-03,REP-010,DrugGamma-200mg,Immunology,Adverse Events / Safety,Post-Call Follow-up,Fully Answered,4.0,21.7,0,5,
MSL-004771,2026-02-03,REP-015,DrugGamma-200mg,Oncology,Combination Therapy,Self-Study,Fully Answered,14.3,8.4,0,5,
MSL-004772,2026-02-03,REP-015,DrugGamma-200mg,Oncology,Adverse Events / Safety,Pre-Meeting Prep,No Answer Found,28.0,0,0,2,
MSL-004773,2026-02-03,REP-016,DrugBeta-50mg,Neurology,Patient Selection Criteria,Post-Call Follow-up,No Answer Found,23.9,0,0,2,
MSL-004774,2026-02-03,REP-016,DrugGamma-200mg,Neurology,Combination Therapy,Live During HCP Call,Fully Answered,8.0,8.1,1,5,HCP-0286
MSL-004775,2026-02-03,REP-016,DrugGamma-200mg,Neurology,Off-label Evidence Request,Live During HCP Call,Redirected to Medical,27.0,0,0,1,
MSL-004776,2026-02-03,REP-017,DrugAlpha-100mg,Immunology,Mechanism of Action,Self-Study,Fully Answered,12.4,3.4,0,5,
MSL-004777,2026-02-03,REP-017,NeuroX-75mg,Immunology,Patient Selection Criteria,Self-Study,Fully Answered,5.1,19.0,0,5,
MSL-004778,2026-02-03,REP-021,DrugBeta-50mg,Rare Disease,Pharmacokinetics,Pre-Meeting Prep,Fully Answered,4.6,12.3,1,5,HCP-0010
MSL-004779,2026-02-04,REP-002,DrugBeta-50mg,Oncology,Biomarker Data,Pre-Meeting Prep,Fully Answered,10.2,3.5,1,4,HCP-0223
MSL-004780,2026-02-04,REP-002,NeuroX-75mg,Oncology,Competitor Comparison,Pre-Meeting Prep,Partially Answered,21.7,6.0,1,2,HCP-0367
MSL-004781,2026-02-04,REP-002,DrugAlpha-100mg,Oncology,Real-World Evidence,Live During HCP Call,No Answer Found,32.8,0,0,1,
MSL-004782,2026-02-04,REP-002,DrugGamma-200mg,Oncology,Clinical Trial Data,Live During HCP Call,Fully Answered,12.6,32.0,1,5,HCP-0272
MSL-004783,2026-02-04,REP-008,NeuroX-75mg,Immunology,Clinical Trial Data,Live During HCP Call,Fully Answered,5.7,2,0,5,
MSL-004784,2026-02-04,REP-008,DrugBeta-50mg,Immunology,Mechanism of Action,Self-Study,Fully Answered,10.2,4.5,0,5,
MSL-004785,2026-02-04,REP-008,NeuroX-75mg,Immunology,Dosing Guidelines,Live During HCP Call,Fully Answered,10.2,16.5,1,5,HCP-0469
MSL-004786,2026-02-04,REP-008,DrugBeta-50mg,Immunology,Mechanism of Action,Live During HCP Call,Fully Answered,10.8,12.8,1,5,HCP-0364
MSL-004787,2026-02-04,REP-008,DrugAlpha-100mg,Immunology,Guidelines / Protocols,Pre-Meeting Prep,Fully Answered,6.5,15.2,1,4,HCP-0152
MSL-004788,2026-02-04,REP-009,NeuroX-75mg,Cardiology,Pharmacokinetics,Live During HCP Call,Fully Answered,5.5,6.8,0,5,
MSL-004789,2026-02-04,REP-009,DrugBeta-50mg,Cardiology,Clinical Trial Data,Post-Call Follow-up,Partially Answered,12.2,13.7,0,3,
MSL-004790,2026-02-04,REP-009,CardioPlus-25mg,Cardiology,Patient Selection Criteria,Pre-Meeting Prep,Redirected to Medical,28.5,0,0,2,
MSL-004791,2026-02-04,REP-010,NeuroX-75mg,Immunology,Clinical Trial Data,Live During HCP Call,No Answer Found,39.9,0,0,1,
MSL-004792,2026-02-04,REP-015,NeuroX-75mg,Oncology,Competitor Comparison,Post-Call Follow-up,Fully Answered,1,17.2,0,4,
MSL-004793,2026-02-04,REP-016,NeuroX-75mg,Neurology,Guidelines / Protocols,Live During HCP Call,Fully Answered,9.8,19.6,1,5,HCP-0050
MSL-004794,2026-02-04,REP-016,DrugAlpha-100mg,Neurology,Adverse Events / Safety,Pre-Meeting Prep,Partially Answered,11.3,2.7,0,3,
MSL-004795,2026-02-04,REP-016,NeuroX-75mg,Neurology,Competitor Comparison,Pre-Meeting Prep,Fully Answered,6.0,22.2,1,5,HCP-0312
MSL-004796,2026-02-04,REP-016,DrugBeta-50mg,Neurology,Clinical Trial Data,Pre-Meeting Prep,Fully Answered,13.0,9.2,0,5,
MSL-004797,2026-02-04,REP-017,DrugGamma-200mg,Immunology,Pharmacokinetics,Post-Call Follow-up,Fully Answered,6.0,16.6,0,5,
MSL-004798,2026-02-04,REP-017,DrugBeta-50mg,Immunology,Long-term Outcomes,Pre-Meeting Prep,Fully Answered,7.9,5.3,1,5,HCP-0167
MSL-004799,2026-02-04,REP-017,CardioPlus-25mg,Immunology,Long-term Outcomes,Live During HCP Call,Fully Answered,7.4,15.0,0,5,
MSL-004800,2026-02-04,REP-017,DrugBeta-50mg,Immunology,Patient Selection Criteria,Self-Study,Partially Answered,24.2,15.3,0,4,
MSL-004801,2026-02-04,REP-017,DrugBeta-50mg,Immunology,Adverse Events / Safety,Live During HCP Call,Partially Answered,18.0,22.6,1,3,HCP-0486
MSL-004802,2026-02-04,REP-021,DrugGamma-200mg,Rare Disease,Subgroup Analysis,Pre-Meeting Prep,Redirected to Medical,43.8,0,0,2,
MSL-004803,2026-02-04,REP-021,NeuroX-75mg,Rare Disease,Adverse Events / Safety,Live During HCP Call,Fully Answered,9.7,14.9,0,5,
MSL-004804,2026-02-04,REP-021,NeuroX-75mg,Rare Disease,Patient Selection Criteria,Post-Call Follow-up,Fully Answered,8.4,5.7,0,4,
MSL-004805,2026-02-04,REP-021,DrugGamma-200mg,Rare Disease,Competitor Comparison,Pre-Meeting Prep,Fully Answered,5.8,14.8,0,5,
MSL-004806,2026-02-04,REP-021,NeuroX-75mg,Rare Disease,Drug Interactions,Live During HCP Call,Fully Answered,8.2,8.0,1,5,HCP-0191
MSL-004807,2026-02-05,REP-002,CardioPlus-25mg,Oncology,Combination Therapy,Pre-Meeting Prep,Redirected to Medical,20.8,0,0,2,
MSL-004808,2026-02-05,REP-002,NeuroX-75mg,Oncology,Guidelines / Protocols,Pre-Meeting Prep,No Answer Found,24.6,0,0,1,
MSL-004809,2026-02-05,REP-002,DrugBeta-50mg,Oncology,Long-term Outcomes,Post-Call Follow-up,Fully Answered,5.9,11.9,0,4,
MSL-004810,2026-02-05,REP-002,DrugGamma-200mg,Oncology,Competitor Comparison,Post-Call Follow-up,Redirected to Medical,28.2,0,0,3,
MSL-004811,2026-02-05,REP-004,DrugBeta-50mg,Cardiology,Subgroup Analysis,Self-Study,Redirected to Medical,17.4,0,0,1,
MSL-004812,2026-02-05,REP-004,DrugGamma-200mg,Cardiology,Adverse Events / Safety,Pre-Meeting Prep,Fully Answered,9.6,9.3,0,4,
MSL-004813,2026-02-05,REP-004,CardioPlus-25mg,Cardiology,Clinical Trial Data,Pre-Meeting Prep,Partially Answered,17.5,6.7,1,4,HCP-0134
MSL-004814,2026-02-05,REP-004,DrugAlpha-100mg,Cardiology,Mechanism of Action,Pre-Meeting Prep,Fully Answered,11.6,5.9,0,5,
MSL-004815,2026-02-05,REP-008,NeuroX-75mg,Immunology,Biomarker Data,Post-Call Follow-up,Fully Answered,7.5,8.9,0,4,
MSL-004816,2026-02-05,REP-008,CardioPlus-25mg,Immunology,Combination Therapy,Pre-Meeting Prep,Fully Answered,2.9,11.7,0,5,
MSL-004817,2026-02-05,REP-008,CardioPlus-25mg,Immunology,Adverse Events / Safety,Pre-Meeting Prep,Fully Answered,6.4,24.4,0,4,
MSL-004818,2026-02-05,REP-009,CardioPlus-25mg,Cardiology,Drug Interactions,Self-Study,Fully Answered,10.6,9.2,0,5,
MSL-004819,2026-02-05,REP-009,DrugBeta-50mg,Cardiology,Pharmacokinetics,Post-Call Follow-up,Fully Answered,9.4,13.3,0,5,
MSL-004820,2026-02-05,REP-009,DrugGamma-200mg,Cardiology,Biomarker Data,Pre-Meeting Prep,Fully Answered,10.4,9.4,1,5,HCP-0001
MSL-004821,2026-02-05,REP-009,NeuroX-75mg,Cardiology,Drug Interactions,Self-Study,Fully Answered,8.2,19.6,0,5,
MSL-004822,2026-02-05,REP-010,NeuroX-75mg,Immunology,Dosing Guidelines,Pre-Meeting Prep,Partially Answered,20.4,24.3,0,2,
MSL-004823,2026-02-05,REP-010,NeuroX-75mg,Immunology,Off-label Evidence Request,Post-Call Follow-up,Fully Answered,16.6,9.5,0,5,
MSL-004824,2026-02-05,REP-010,DrugGamma-200mg,Immunology,Subgroup Analysis,Pre-Meeting Prep,Fully Answered,10.3,22.7,1,5,HCP-0432
MSL-004825,2026-02-05,REP-015,DrugBeta-50mg,Oncology,Competitor Comparison,Post-Call Follow-up,Fully Answered,10.0,11.9,0,4,
MSL-004826,2026-02-05,REP-015,DrugBeta-50mg,Oncology,Clinical Trial Data,Self-Study,Fully Answered,6.7,15.0,0,5,
MSL-004827,2026-02-05,REP-015,NeuroX-75mg,Oncology,Drug Interactions,Pre-Meeting Prep,Partially Answered,26.0,8.9,1,2,HCP-0372
MSL-004828,2026-02-05,REP-015,NeuroX-75mg,Oncology,Mechanism of Action,Self-Study,Fully Answered,7.9,8.3,0,4,
MSL-004829,2026-02-05,REP-016,CardioPlus-25mg,Neurology,Pharmacokinetics,Live During HCP Call,Fully Answered,9.8,9.7,1,5,HCP-0295
MSL-004830,2026-02-05,REP-017,NeuroX-75mg,Immunology,Real-World Evidence,Post-Call Follow-up,Partially Answered,22.6,9.2,0,4,
MSL-004831,2026-02-05,REP-017,DrugGamma-200mg,Immunology,Subgroup Analysis,Live During HCP Call,Partially Answered,11.7,2,1,3,HCP-0106
MSL-004832,2026-02-05,REP-017,CardioPlus-25mg,Immunology,Drug Interactions,Live During HCP Call,Fully Answered,9.1,14.4,1,5,HCP-0043
MSL-004833,2026-02-05,REP-021,DrugBeta-50mg,Rare Disease,Drug Interactions,Pre-Meeting Prep,Partially Answered,8.0,14.1,1,4,HCP-0184
MSL-004834,2026-02-05,REP-021,DrugBeta-50mg,Rare Disease,Pharmacokinetics,Pre-Meeting Prep,Fully Answered,3.6,7.6,1,5,HCP-0068
MSL-004835,2026-02-05,REP-021,DrugAlpha-100mg,Rare Disease,Patient Selection Criteria,Live During HCP Call,Fully Answered,6.6,10.5,1,5,HCP-0323
MSL-004836,2026-02-05,REP-021,CardioPlus-25mg,Rare Disease,Adverse Events / Safety,Pre-Meeting Prep,Fully Answered,10.6,5.1,1,5,HCP-0444
MSL-004837,2026-02-06,REP-002,DrugGamma-200mg,Oncology,Subgroup Analysis,Post-Call Follow-up,Fully Answered,9.2,16.7,0,5,
MSL-004838,2026-02-06,REP-002,DrugGamma-200mg,Oncology,Biomarker Data,Pre-Meeting Prep,Fully Answered,4.0,23.5,1,5,HCP-0473
MSL-004839,2026-02-06,REP-002,DrugAlpha-100mg,Oncology,Competitor Comparison,Post-Call Follow-up,Redirected to Medical,21.9,0,0,1,
MSL-004840,2026-02-06,REP-002,NeuroX-75mg,Oncology,Subgroup Analysis,Self-Study,Fully Answered,8.9,2,0,5,
MSL-004841,2026-02-06,REP-004,DrugGamma-200mg,Cardiology,Combination Therapy,Post-Call Follow-up,Partially Answered,14.8,15.1,0,4,
MSL-004842,2026-02-06,REP-004,DrugAlpha-100mg,Cardiology,Mechanism of Action,Live During HCP Call,Fully Answered,7.6,7.1,1,4,HCP-0399
MSL-004843,2026-02-06,REP-004,DrugGamma-200mg,Cardiology,Mechanism of Action,Live During HCP Call,Fully Answered,13.6,10.9,1,5,HCP-0132
MSL-004844,2026-02-06,REP-004,DrugGamma-200mg,Cardiology,Patient Selection Criteria,Live During HCP Call,Partially Answered,21.2,9.2,1,4,HCP-0362
MSL-004845,2026-02-06,REP-004,CardioPlus-25mg,Cardiology,Dosing Guidelines,Self-Study,Partially Answered,7.1,15.9,0,4,
MSL-004846,2026-02-06,REP-008,DrugBeta-50mg,Immunology,Drug Interactions,Pre-Meeting Prep,No Answer Found,27.2,0,0,1,
MSL-004847,2026-02-06,REP-008,DrugBeta-50mg,Immunology,Off-label Evidence Request,Live During HCP Call,Fully Answered,2.2,10.8,1,4,HCP-0407
MSL-004848,2026-02-06,REP-008,DrugGamma-200mg,Immunology,Competitor Comparison,Pre-Meeting Prep,Fully Answered,6.8,19.7,0,4,
MSL-004849,2026-02-06,REP-009,NeuroX-75mg,Cardiology,Adverse Events / Safety,Live During HCP Call,Partially Answered,16.7,15.2,0,4,
MSL-004850,2026-02-06,REP-009,DrugBeta-50mg,Cardiology,Biomarker Data,Post-Call Follow-up,Fully Answered,1.2,16.9,0,4,
MSL-004851,2026-02-06,REP-010,DrugBeta-50mg,Immunology,Pharmacokinetics,Pre-Meeting Prep,Fully Answered,6.0,8.2,1,4,HCP-0231
MSL-004852,2026-02-06,REP-010,DrugAlpha-100mg,Immunology,Subgroup Analysis,Self-Study,Fully Answered,7.9,8.6,0,5,
MSL-004853,2026-02-06,REP-015,CardioPlus-25mg,Oncology,Mechanism of Action,Pre-Meeting Prep,Redirected to Medical,20.9,0,0,3,
MSL-004854,2026-02-06,REP-015,NeuroX-75mg,Oncology,Real-World Evidence,Pre-Meeting Prep,Fully Answered,6.7,14.0,1,5,HCP-0455
MSL-004855,2026-02-06,REP-015,DrugGamma-200mg,Oncology,Drug Interactions,Self-Study,Partially Answered,11.4,15.3,0,3,
MSL-004856,2026-02-06,REP-016,DrugBeta-50mg,Neurology,Off-label Evidence Request,Live During HCP Call,Fully Answered,10.6,9.9,1,5,HCP-0197
MSL-004857,2026-02-06,REP-017,DrugAlpha-100mg,Immunology,Subgroup Analysis,Self-Study,Partially Answered,19.1,15.6,0,3,
MSL-004858,2026-02-06,REP-017,CardioPlus-25mg,Immunology,Mechanism of Action,Live During HCP Call,Redirected to Medical,25.6,0,0,1,
MSL-004859,2026-02-06,REP-017,DrugAlpha-100mg,Immunology,Subgroup Analysis,Self-Study,Fully Answered,8.2,5.9,0,5,
MSL-004860,2026-02-06,REP-017,DrugGamma-200mg,Immunology,Long-term Outcomes,Pre-Meeting Prep,Fully Answered,10.5,4.4,1,5,HCP-0360
MSL-004861,2026-02-06,REP-017,NeuroX-75mg,Immunology,Clinical Trial Data,Post-Call Follow-up,Fully Answered,9.5,4.9,0,5,
MSL-004862,2026-02-06,REP-017,DrugBeta-50mg,Immunology,Subgroup Analysis,Live During HCP Call,Fully Answered,7.6,15.1,1,5,HCP-0348
MSL-004863,2026-02-06,REP-021,DrugGamma-200mg,Rare Disease,Guidelines / Protocols,Self-Study,Fully Answered,5.9,3.8,0,5,
MSL-004864,2026-02-06,REP-021,DrugGamma-200mg,Rare Disease,Drug Interactions,Pre-Meeting Prep,Partially Answered,20.6,10.9,0,4,
MSL-004865,2026-02-06,REP-021,DrugGamma-200mg,Rare Disease,Biomarker Data,Pre-Meeting Prep,Partially Answered,22.1,2,1,3,HCP-0011
MSL-004866,2026-02-06,REP-021,DrugAlpha-100mg,Rare Disease,Combination Therapy,Pre-Meeting Prep,Fully Answered,8.8,14.5,1,4,HCP-0408
MSL-004867,2026-02-09,REP-002,DrugBeta-50mg,Oncology,Biomarker Data,Post-Call Follow-up,Fully Answered,10.8,4.6,0,5,
MSL-004868,2026-02-09,REP-002,NeuroX-75mg,Oncology,Guidelines / Protocols,Pre-Meeting Prep,Redirected to Medical,33.7,0,0,2,
MSL-004869,2026-02-09,REP-002,DrugGamma-200mg,Oncology,Clinical Trial Data,Self-Study,Partially Answered,12.5,8.8,0,3,
MSL-004870,2026-02-09,REP-002,DrugGamma-200mg,Oncology,Off-label Evidence Request,Post-Call Follow-up,Redirected to Medical,14.4,0,0,1,
MSL-004871,2026-02-09,REP-002,NeuroX-75mg,Oncology,Combination Therapy,Post-Call Follow-up,Fully Answered,4.0,20.1,0,5,
MSL-004872,2026-02-09,REP-004,DrugBeta-50mg,Cardiology,Off-label Evidence Request,Pre-Meeting Prep,Partially Answered,14.6,15.3,0,4,
MSL-004873,2026-02-09,REP-004,DrugGamma-200mg,Cardiology,Subgroup Analysis,Post-Call Follow-up,Partially Answered,15.9,2,0,4,
MSL-004874,2026-02-09,REP-004,DrugBeta-50mg,Cardiology,Patient Selection Criteria,Pre-Meeting Prep,Fully Answered,11.1,7.8,1,5,HCP-0297
MSL-004875,2026-02-09,REP-004,DrugBeta-50mg,Cardiology,Patient Selection Criteria,Pre-Meeting Prep,Fully Answered,6.1,14.3,1,4,HCP-0164
MSL-004876,2026-02-09,REP-004,CardioPlus-25mg,Cardiology,Patient Selection Criteria,Pre-Meeting Prep,Fully Answered,5.4,5.7,1,5,HCP-0046
MSL-004877,2026-02-09,REP-008,CardioPlus-25mg,Immunology,Real-World Evidence,Pre-Meeting Prep,No Answer Found,25.9,0,0,2,
MSL-004878,2026-02-09,REP-008,CardioPlus-25mg,Immunology,Competitor Comparison,Pre-Meeting Prep,Fully Answered,8.0,11.3,1,5,HCP-0464
MSL-004879,2026-02-09,REP-008,DrugAlpha-100mg,Immunology,Real-World Evidence,Self-Study,Fully Answered,11.3,9.2,0,5,
MSL-004880,2026-02-09,REP-009,CardioPlus-25mg,Cardiology,Combination Therapy,Self-Study,Fully Answered,4.2,9.5,0,5,
MSL-004881,2026-02-09,REP-009,DrugBeta-50mg,Cardiology,Drug Interactions,Pre-Meeting Prep,Fully Answered,10.4,19.9,1,4,HCP-0330
MSL-004882,2026-02-09,REP-009,CardioPlus-25mg,Cardiology,Patient Selection Criteria,Self-Study,Partially Answered,14.8,12.7,0,3,
MSL-004883,2026-02-09,REP-009,CardioPlus-25mg,Cardiology,Clinical Trial Data,Post-Call Follow-up,Partially Answered,9.4,14.3,0,3,
MSL-004884,2026-02-09,REP-009,CardioPlus-25mg,Cardiology,Guidelines / Protocols,Self-Study,No Answer Found,18.5,0,0,3,
MSL-004885,2026-02-09,REP-009,CardioPlus-25mg,Cardiology,Pharmacokinetics,Pre-Meeting Prep,Fully Answered,7.5,2.3,0,4,
MSL-004886,2026-02-09,REP-009,NeuroX-75mg,Cardiology,Pharmacokinetics,Post-Call Follow-up,Fully Answered,8.1,18.5,0,5,
MSL-004887,2026-02-09,REP-009,DrugAlpha-100mg,Cardiology,Long-term Outcomes,Live During HCP Call,Fully Answered,9.0,19.0,0,5,
MSL-004888,2026-02-09,REP-010,DrugAlpha-100mg,Immunology,Drug Interactions,Self-Study,Fully Answered,7.4,8.8,0,5,
MSL-004889,2026-02-09,REP-015,DrugGamma-200mg,Oncology,Clinical Trial Data,Post-Call Follow-up,Fully Answered,9.4,17.8,0,5,
MSL-004890,2026-02-09,REP-015,NeuroX-75mg,Oncology,Patient Selection Criteria,Self-Study,Fully Answered,11.0,4.3,0,5,
MSL-004891,2026-02-09,REP-015,DrugGamma-200mg,Oncology,Off-label Evidence Request,Post-Call Follow-up,Fully Answered,8.1,7.8,0,5,
MSL-004892,2026-02-09,REP-015,DrugBeta-50mg,Oncology,Pharmacokinetics,Pre-Meeting Prep,Fully Answered,4.8,9.9,1,4,HCP-0406
MSL-004893,2026-02-09,REP-015,CardioPlus-25mg,Oncology,Off-label Evidence Request,Self-Study,Partially Answered,9.5,14.2,0,3,
MSL-004894,2026-02-09,REP-015,NeuroX-75mg,Oncology,Guidelines / Protocols,Live During HCP Call,Fully Answered,17.0,11.3,1,4,HCP-0206
MSL-004895,2026-02-09,REP-015,DrugGamma-200mg,Oncology,Real-World Evidence,Pre-Meeting Prep,Fully Answered,1.7,9.7,1,5,HCP-0433
MSL-004896,2026-02-09,REP-015,CardioPlus-25mg,Oncology,Guidelines / Protocols,Pre-Meeting Prep,Fully Answered,10.5,14.0,0,5,
MSL-004897,2026-02-09,REP-016,DrugBeta-50mg,Neurology,Competitor Comparison,Post-Call Follow-up,Fully Answered,4.8,15.2,0,4,
MSL-004898,2026-02-09,REP-016,DrugAlpha-100mg,Neurology,Adverse Events / Safety,Self-Study,Fully Answered,11.0,6.3,0,5,
MSL-004899,2026-02-09,REP-016,DrugGamma-200mg,Neurology,Combination Therapy,Pre-Meeting Prep,Fully Answered,7.3,14.0,1,5,HCP-0267
MSL-004900,2026-02-09,REP-016,DrugBeta-50mg,Neurology,Adverse Events / Safety,Self-Study,Fully Answered,6.7,11.8,0,5,
MSL-004901,2026-02-09,REP-017,DrugAlpha-100mg,Immunology,Patient Selection Criteria,Self-Study,No Answer Found,29.7,0,0,2,
MSL-004902,2026-02-09,REP-017,DrugBeta-50mg,Immunology,Long-term Outcomes,Pre-Meeting Prep,Fully Answered,11.9,9.2,1,4,HCP-0272
MSL-004903,2026-02-09,REP-017,NeuroX-75mg,Immunology,Guidelines / Protocols,Pre-Meeting Prep,Fully Answered,10.1,11.4,0,4,
MSL-004904,2026-02-09,REP-017,CardioPlus-25mg,Immunology,Off-label Evidence Request,Pre-Meeting Prep,Fully Answered,6.6,6.4,1,4,HCP-0424
MSL-004905,2026-02-09,REP-021,NeuroX-75mg,Rare Disease,Long-term Outcomes,Live During HCP Call,Fully Answered,9.0,14.6,1,5,HCP-0265
MSL-004906,2026-02-09,REP-021,NeuroX-75mg,Rare Disease,Off-label Evidence Request,Self-Study,Redirected to Medical,33.8,0,0,2,
MSL-004907,2026-02-09,REP-021,DrugAlpha-100mg,Rare Disease,Combination Therapy,Pre-Meeting Prep,Fully Answered,4.9,11.5,1,5,HCP-0300
MSL-004908,2026-02-09,REP-021,DrugGamma-200mg,Rare Disease,Mechanism of Action,Self-Study,Fully Answered,4.5,10.9,0,5,
MSL-004909,2026-02-10,REP-002,DrugAlpha-100mg,Oncology,Off-label Evidence Request,Post-Call Follow-up,Partially Answered,23.4,2,0,3,
MSL-004910,2026-02-10,REP-002,DrugGamma-200mg,Oncology,Competitor Comparison,Post-Call Follow-up,Fully Answered,11.1,20.2,0,5,
MSL-004911,2026-02-10,REP-002,DrugAlpha-100mg,Oncology,Mechanism of Action,Pre-Meeting Prep,No Answer Found,34.7,0,0,3,
MSL-004912,2026-02-10,REP-004,CardioPlus-25mg,Cardiology,Patient Selection Criteria,Self-Study,Fully Answered,6.3,24.0,0,5,
MSL-004913,2026-02-10,REP-004,DrugBeta-50mg,Cardiology,Dosing Guidelines,Self-Study,Partially Answered,10.1,7.5,0,4,
MSL-004914,2026-02-10,REP-004,DrugBeta-50mg,Cardiology,Clinical Trial Data,Pre-Meeting Prep,Fully Answered,9.1,9.0,1,5,HCP-0053
MSL-004915,2026-02-10,REP-004,DrugAlpha-100mg,Cardiology,Mechanism of Action,Pre-Meeting Prep,Fully Answered,4.0,9.2,1,4,HCP-0430
MSL-004916,2026-02-10,REP-004,DrugGamma-200mg,Cardiology,Biomarker Data,Live During HCP Call,Fully Answered,8.0,9.2,1,5,HCP-0110
MSL-004917,2026-02-10,REP-004,DrugAlpha-100mg,Cardiology,Long-term Outcomes,Pre-Meeting Prep,Partially Answered,17.3,12.5,1,4,HCP-0274
MSL-004918,2026-02-10,REP-008,CardioPlus-25mg,Immunology,Mechanism of Action,Self-Study,Redirected to Medical,29.3,0,0,2,
MSL-004919,2026-02-10,REP-008,DrugGamma-200mg,Immunology,Guidelines / Protocols,Pre-Meeting Prep,Fully Answered,13.1,18.8,0,5,
MSL-004920,2026-02-10,REP-008,DrugGamma-200mg,Immunology,Patient Selection Criteria,Self-Study,No Answer Found,34.3,0,0,3,
MSL-004921,2026-02-10,REP-009,NeuroX-75mg,Cardiology,Competitor Comparison,Pre-Meeting Prep,Fully Answered,9.5,4.2,1,5,HCP-0413
MSL-004922,2026-02-10,REP-010,DrugBeta-50mg,Immunology,Mechanism of Action,Pre-Meeting Prep,Fully Answered,12.0,7.2,1,4,HCP-0363
MSL-004923,2026-02-10,REP-010,DrugBeta-50mg,Immunology,Mechanism of Action,Pre-Meeting Prep,Partially Answered,20.9,11.7,1,3,HCP-0316
MSL-004924,2026-02-10,REP-015,DrugAlpha-100mg,Oncology,Combination Therapy,Pre-Meeting Prep,Fully Answered,5.5,11.6,1,5,HCP-0160
MSL-004925,2026-02-10,REP-016,CardioPlus-25mg,Neurology,Adverse Events / Safety,Self-Study,Fully Answered,12.7,14.8,0,4,
MSL-004926,2026-02-10,REP-016,DrugGamma-200mg,Neurology,Dosing Guidelines,Post-Call Follow-up,Fully Answered,8.0,21.7,0,4,
MSL-004927,2026-02-10,REP-016,DrugGamma-200mg,Neurology,Subgroup Analysis,Self-Study,Fully Answered,8.4,6.2,0,4,
MSL-004928,2026-02-10,REP-017,CardioPlus-25mg,Immunology,Mechanism of Action,Pre-Meeting Prep,Partially Answered,26.5,7.1,1,3,HCP-0240
MSL-004929,2026-02-10,REP-017,DrugGamma-200mg,Immunology,Competitor Comparison,Live During HCP Call,Fully Answered,1.9,8.4,0,5,
MSL-004930,2026-02-10,REP-017,DrugAlpha-100mg,Immunology,Off-label Evidence Request,Pre-Meeting Prep,Fully Answered,7.0,11.2,1,4,HCP-0425
MSL-004931,2026-02-10,REP-017,DrugGamma-200mg,Immunology,Mechanism of Action,Live During HCP Call,Fully Answered,3.8,5.7,1,5,HCP-0334
MSL-004932,2026-02-10,REP-017,DrugAlpha-100mg,Immunology,Real-World Evidence,Post-Call Follow-up,Fully Answered,10.7,6.5,0,5,
MSL-004933,2026-02-10,REP-017,DrugGamma-200mg,Immunology,Mechanism of Action,Self-Study,Fully Answered,9.8,13.9,0,4,
MSL-004934,2026-02-10,REP-021,NeuroX-75mg,Rare Disease,Mechanism of Action,Live During HCP Call,Partially Answered,23.3,19.4,0,3,
MSL-004935,2026-02-10,REP-021,DrugBeta-50mg,Rare Disease,Subgroup Analysis,Pre-Meeting Prep,Fully Answered,7.6,13.6,1,5,HCP-0151
MSL-004936,2026-02-10,REP-021,NeuroX-75mg,Rare Disease,Long-term Outcomes,Self-Study,No Answer Found,19.2,0,0,1,
MSL-004937,2026-02-11,REP-002,DrugBeta-50mg,Oncology,Off-label Evidence Request,Pre-Meeting Prep,Fully Answered,13.8,7.9,1,4,HCP-0102
MSL-004938,2026-02-11,REP-002,NeuroX-75mg,Oncology,Adverse Events / Safety,Pre-Meeting Prep,Fully Answered,2.4,2,0,4,
MSL-004939,2026-02-11,REP-004,DrugAlpha-100mg,Cardiology,Subgroup Analysis,Pre-Meeting Prep,Fully Answered,8.2,8.1,0,5,
MSL-004940,2026-02-11,REP-004,DrugAlpha-100mg,Cardiology,Off-label Evidence Request,Pre-Meeting Prep,Fully Answered,10.5,10.2,1,5,HCP-0353
MSL-004941,2026-02-11,REP-004,NeuroX-75mg,Cardiology,Competitor Comparison,Live During HCP Call,No Answer Found,26.5,0,0,3,
MSL-004942,2026-02-11,REP-004,DrugAlpha-100mg,Cardiology,Guidelines / Protocols,Live During HCP Call,Fully Answered,7.7,12.1,1,5,HCP-0290
MSL-004943,2026-02-11,REP-004,DrugBeta-50mg,Cardiology,Adverse Events / Safety,Live During HCP Call,No Answer Found,15.7,0,0,2,
MSL-004944,2026-02-11,REP-008,DrugGamma-200mg,Immunology,Subgroup Analysis,Post-Call Follow-up,Fully Answered,7.3,8.3,0,4,
MSL-004945,2026-02-11,REP-008,DrugBeta-50mg,Immunology,Subgroup Analysis,Post-Call Follow-up,Fully Answered,9.5,5.9,0,4,
MSL-004946,2026-02-11,REP-008,CardioPlus-25mg,Immunology,Real-World Evidence,Pre-Meeting Prep,Fully Answered,10.4,8.7,1,4,HCP-0399
MSL-004947,2026-02-11,REP-009,DrugAlpha-100mg,Cardiology,Adverse Events / Safety,Post-Call Follow-up,Fully Answered,7.5,13.3,0,5,
MSL-004948,2026-02-11,REP-009,DrugAlpha-100mg,Cardiology,Subgroup Analysis,Pre-Meeting Prep,No Answer Found,20.1,0,0,1,
MSL-004949,2026-02-11,REP-009,DrugBeta-50mg,Cardiology,Dosing Guidelines,Post-Call Follow-up,Fully Answered,4.4,18.1,0,5,
MSL-004950,2026-02-11,REP-009,NeuroX-75mg,Cardiology,Mechanism of Action,Live During HCP Call,Fully Answered,3.9,20.1,1,5,HCP-0468
MSL-004951,2026-02-11,REP-010,DrugGamma-200mg,Immunology,Subgroup Analysis,Self-Study,Fully Answered,7.3,13.7,0,4,
MSL-004952,2026-02-11,REP-010,DrugBeta-50mg,Immunology,Clinical Trial Data,Self-Study,Fully Answered,3.6,13.2,0,4,
MSL-004953,2026-02-11,REP-010,DrugBeta-50mg,Immunology,Adverse Events / Safety,Live During HCP Call,No Answer Found,28.7,0,0,2,
MSL-004954,2026-02-11,REP-010,NeuroX-75mg,Immunology,Subgroup Analysis,Self-Study,Fully Answered,7.2,13.7,0,5,
MSL-004955,2026-02-11,REP-015,DrugBeta-50mg,Oncology,Dosing Guidelines,Pre-Meeting Prep,Fully Answered,6.0,5.9,0,4,
MSL-004956,2026-02-11,REP-015,DrugBeta-50mg,Oncology,Clinical Trial Data,Self-Study,Fully Answered,11.6,14.6,0,4,
MSL-004957,2026-02-11,REP-015,NeuroX-75mg,Oncology,Patient Selection Criteria,Post-Call Follow-up,No Answer Found,18.6,0,0,2,
MSL-004958,2026-02-11,REP-015,CardioPlus-25mg,Oncology,Mechanism of Action,Post-Call Follow-up,Partially Answered,7.6,12.7,0,4,
MSL-004959,2026-02-11,REP-015,DrugAlpha-100mg,Oncology,Dosing Guidelines,Pre-Meeting Prep,Redirected to Medical,17.4,0,0,2,
MSL-004960,2026-02-11,REP-015,NeuroX-75mg,Oncology,Subgroup Analysis,Pre-Meeting Prep,Fully Answered,4.7,12.9,1,5,HCP-0297
MSL-004961,2026-02-11,REP-016,DrugBeta-50mg,Neurology,Adverse Events / Safety,Live During HCP Call,Fully Answered,8.6,6.9,1,5,HCP-0097
MSL-004962,2026-02-11,REP-016,DrugAlpha-100mg,Neurology,Pharmacokinetics,Pre-Meeting Prep,Redirected to Medical,30.5,0,0,1,
MSL-004963,2026-02-11,REP-016,CardioPlus-25mg,Neurology,Dosing Guidelines,Live During HCP Call,Fully Answered,6.7,5.1,1,5,HCP-0187
MSL-004964,2026-02-11,REP-017,DrugBeta-50mg,Immunology,Adverse Events / Safety,Live During HCP Call,Partially Answered,18.0,19.4,1,2,HCP-0236
MSL-004965,2026-02-11,REP-017,CardioPlus-25mg,Immunology,Subgroup Analysis,Pre-Meeting Prep,Fully Answered,10.3,7.2,1,4,HCP-0489
MSL-004966,2026-02-11,REP-021,DrugGamma-200mg,Rare Disease,Patient Selection Criteria,Pre-Meeting Prep,Partially Answered,7.3,22.3,1,4,HCP-0445
MSL-004967,2026-02-12,REP-002,NeuroX-75mg,Oncology,Combination Therapy,Self-Study,Fully Answered,8.3,6.2,0,5,
MSL-004968,2026-02-12,REP-002,DrugGamma-200mg,Oncology,Off-label Evidence Request,Pre-Meeting Prep,Fully Answered,5.9,16.0,1,5,HCP-0410
MSL-004969,2026-02-12,REP-002,DrugBeta-50mg,Oncology,Combination Therapy,Live During HCP Call,Partially Answered,5.0,9.6,1,2,HCP-0449
MSL-004970,2026-02-12,REP-008,NeuroX-75mg,Immunology,Off-label Evidence Request,Pre-Meeting Prep,Fully Answered,8.2,7.5,1,5,HCP-0438
MSL-004971,2026-02-12,REP-008,DrugBeta-50mg,Immunology,Patient Selection Criteria,Live During HCP Call,Fully Answered,12.2,10.8,1,5,HCP-0016
MSL-004972,2026-02-12,REP-010,NeuroX-75mg,Immunology,Pharmacokinetics,Live During HCP Call,Fully Answered,7.6,7.5,1,4,HCP-0014
MSL-004973,2026-02-12,REP-010,CardioPlus-25mg,Immunology,Guidelines / Protocols,Post-Call Follow-up,Partially Answered,9.8,8.4,0,4,
MSL-004974,2026-02-12,REP-010,NeuroX-75mg,Immunology,Pharmacokinetics,Live During HCP Call,Partially Answered,16.0,15.6,1,3,HCP-0329
MSL-004975,2026-02-12,REP-015,CardioPlus-25mg,Oncology,Dosing Guidelines,Pre-Meeting Prep,Fully Answered,9.0,15.8,1,5,HCP-0112
MSL-004976,2026-02-12,REP-015,DrugBeta-50mg,Oncology,Guidelines / Protocols,Live During HCP Call,Partially Answered,1,13.6,0,3,
MSL-004977,2026-02-12,REP-015,DrugAlpha-100mg,Oncology,Off-label Evidence Request,Pre-Meeting Prep,Fully Answered,7.0,11.9,1,4,HCP-0487
MSL-004978,2026-02-12,REP-016,NeuroX-75mg,Neurology,Guidelines / Protocols,Post-Call Follow-up,Fully Answered,4.1,16.9,0,4,
MSL-004979,2026-02-12,REP-016,CardioPlus-25mg,Neurology,Drug Interactions,Self-Study,Fully Answered,5.9,9.1,0,5,
MSL-004980,2026-02-12,REP-017,DrugGamma-200mg,Immunology,Clinical Trial Data,Self-Study,Fully Answered,8.4,12.8,0,5,
MSL-004981,2026-02-12,REP-017,DrugGamma-200mg,Immunology,Clinical Trial Data,Pre-Meeting Prep,Redirected to Medical,25.1,0,0,1,
MSL-004982,2026-02-12,REP-017,CardioPlus-25mg,Immunology,Drug Interactions,Pre-Meeting Prep,Fully Answered,2.4,6.3,1,5,HCP-0117
MSL-004983,2026-02-12,REP-017,CardioPlus-25mg,Immunology,Drug Interactions,Pre-Meeting Prep,Fully Answered,5.3,10.2,0,4,
MSL-004984,2026-02-12,REP-021,DrugAlpha-100mg,Rare Disease,Real-World Evidence,Pre-Meeting Prep,Fully Answered,11.0,11.9,0,5,
MSL-004985,2026-02-12,REP-021,DrugAlpha-100mg,Rare Disease,Long-term Outcomes,Pre-Meeting Prep,Partially Answered,19.5,11.1,1,4,HCP-0019
MSL-004986,2026-02-13,REP-002,DrugBeta-50mg,Oncology,Patient Selection Criteria,Live During HCP Call,Fully Answered,3.8,16.3,1,5,HCP-0439
MSL-004987,2026-02-13,REP-002,DrugBeta-50mg,Oncology,Competitor Comparison,Live During HCP Call,Fully Answered,7.9,13.6,1,5,HCP-0330
MSL-004988,2026-02-13,REP-002,DrugAlpha-100mg,Oncology,Long-term Outcomes,Self-Study,Fully Answered,8.2,13.6,0,5,
MSL-004989,2026-02-13,REP-004,NeuroX-75mg,Cardiology,Adverse Events / Safety,Live During HCP Call,Fully Answered,9.2,16.6,1,5,HCP-0193
MSL-004990,2026-02-13,REP-004,CardioPlus-25mg,Cardiology,Combination Therapy,Live During HCP Call,Fully Answered,3.0,16.1,0,5,
MSL-004991,2026-02-13,REP-008,CardioPlus-25mg,Immunology,Real-World Evidence,Pre-Meeting Prep,Fully Answered,9.9,11.5,1,5,HCP-0306
MSL-004992,2026-02-13,REP-008,DrugAlpha-100mg,Immunology,Mechanism of Action,Pre-Meeting Prep,No Answer Found,28.6,0,0,1,
MSL-004993,2026-02-13,REP-008,DrugAlpha-100mg,Immunology,Mechanism of Action,Post-Call Follow-up,No Answer Found,31.7,0,0,1,
MSL-004994,2026-02-13,REP-008,CardioPlus-25mg,Immunology,Competitor Comparison,Pre-Meeting Prep,Fully Answered,13.5,13.7,1,5,HCP-0184
MSL-004995,2026-02-13,REP-008,NeuroX-75mg,Immunology,Combination Therapy,Post-Call Follow-up,Partially Answered,15.8,6.6,0,2,
MSL-004996,2026-02-13,REP-008,DrugBeta-50mg,Immunology,Adverse Events / Safety,Self-Study,No Answer Found,34.1,0,0,1,
MSL-004997,2026-02-13,REP-009,NeuroX-75mg,Cardiology,Mechanism of Action,Post-Call Follow-up,Partially Answered,16.8,24.2,0,3,
MSL-004998,2026-02-13,REP-009,CardioPlus-25mg,Cardiology,Off-label Evidence Request,Live During HCP Call,Fully Answered,8.0,15.5,1,5,HCP-0311
MSL-004999,2026-02-13,REP-009,DrugGamma-200mg,Cardiology,Off-label Evidence Request,Pre-Meeting Prep,Partially Answered,13.8,15.1,1,3,HCP-0247
MSL-005000,2026-02-13,REP-009,DrugBeta-50mg,Cardiology,Dosing Guidelines,Post-Call Follow-up,Fully Answered,10.3,13.7,0,5,
MSL-005001,2026-02-13,REP-010,DrugGamma-200mg,Immunology,Biomarker Data,Live During HCP Call,Fully Answered,8.8,20.7,1,5,HCP-0161
MSL-005002,2026-02-13,REP-010,CardioPlus-25mg,Immunology,Patient Selection Criteria,Self-Study,Fully Answered,4.2,19.0,0,5,
MSL-005003,2026-02-13,REP-015,DrugAlpha-100mg,Oncology,Biomarker Data,Pre-Meeting Prep,Fully Answered,5.4,7.5,1,5,HCP-0072
MSL-005004,2026-02-13,REP-015,DrugGamma-200mg,Oncology,Pharmacokinetics,Live During HCP Call,Partially Answered,8.3,7.7,0,4,
MSL-005005,2026-02-13,REP-015,CardioPlus-25mg,Oncology,Real-World Evidence,Live During HCP Call,Partially Answered,19.7,19.1,0,4,
MSL-005006,2026-02-13,REP-015,DrugBeta-50mg,Oncology,Dosing Guidelines,Live During HCP Call,Partially Answered,7.7,7.4,0,4,
MSL-005007,2026-02-13,REP-016,CardioPlus-25mg,Neurology,Pharmacokinetics,Post-Call Follow-up,Fully Answered,8.1,17.5,0,5,
MSL-005008,2026-02-13,REP-016,DrugGamma-200mg,Neurology,Subgroup Analysis,Self-Study,Fully Answered,6.9,4.6,0,5,
MSL-005009,2026-02-13,REP-016,DrugAlpha-100mg,Neurology,Adverse Events / Safety,Post-Call Follow-up,Partially Answered,12.5,14.8,0,4,
MSL-005010,2026-02-13,REP-016,DrugAlpha-100mg,Neurology,Combination Therapy,Pre-Meeting Prep,Fully Answered,14.8,2,1,5,HCP-0024
MSL-005011,2026-02-13,REP-017,DrugBeta-50mg,Immunology,Combination Therapy,Self-Study,Fully Answered,9.9,12.1,0,5,
MSL-005012,2026-02-13,REP-017,DrugAlpha-100mg,Immunology,Adverse Events / Safety,Self-Study,No Answer Found,12.4,0,0,3,
MSL-005013,2026-02-13,REP-017,NeuroX-75mg,Immunology,Dosing Guidelines,Post-Call Follow-up,Fully Answered,12.3,12.1,0,5,
MSL-005014,2026-02-13,REP-017,DrugAlpha-100mg,Immunology,Biomarker Data,Pre-Meeting Prep,Fully Answered,9.7,9.8,0,5,
MSL-005015,2026-02-13,REP-021,DrugGamma-200mg,Rare Disease,Clinical Trial Data,Post-Call Follow-up,Fully Answered,2.2,4.2,0,5,
MSL-005016,2026-02-13,REP-021,DrugAlpha-100mg,Rare Disease,Mechanism of Action,Post-Call Follow-up,Partially Answered,23.5,13.4,0,2,
MSL-005017,2026-02-13,REP-021,DrugBeta-50mg,Rare Disease,Mechanism of Action,Post-Call Follow-up,Fully Answered,11.5,21.4,0,5,
MSL-005018,2026-02-16,REP-002,NeuroX-75mg,Oncology,Mechanism of Action,Pre-Meeting Prep,Fully Answered,7.4,6.7,1,4,HCP-0325
MSL-005019,2026-02-16,REP-002,CardioPlus-25mg,Oncology,Pharmacokinetics,Self-Study,Fully Answered,7.6,25.4,0,5,
MSL-005020,2026-02-16,REP-002,CardioPlus-25mg,Oncology,Adverse Events / Safety,Post-Call Follow-up,Fully Answered,4.2,9.1,0,5,
MSL-005021,2026-02-16,REP-002,DrugGamma-200mg,Oncology,Long-term Outcomes,Pre-Meeting Prep,Fully Answered,4.2,5.6,1,5,HCP-0098
MSL-005022,2026-02-16,REP-004,DrugGamma-200mg,Cardiology,Drug Interactions,Post-Call Follow-up,Partially Answered,21.1,19.5,0,4,
MSL-005023,2026-02-16,REP-004,DrugAlpha-100mg,Cardiology,Long-term Outcomes,Post-Call Follow-up,Partially Answered,18.0,6.1,0,4,
MSL-005024,2026-02-16,REP-004,CardioPlus-25mg,Cardiology,Combination Therapy,Post-Call Follow-up,Partially Answered,17.8,6.7,0,4,
MSL-005025,2026-02-16,REP-004,DrugAlpha-100mg,Cardiology,Long-term Outcomes,Post-Call Follow-up,Fully Answered,8.9,16.3,0,5,
MSL-005026,2026-02-16,REP-008,NeuroX-75mg,Immunology,Adverse Events / Safety,Live During HCP Call,Fully Answered,5.8,13.5,0,5,
MSL-005027,2026-02-16,REP-008,CardioPlus-25mg,Immunology,Clinical Trial Data,Self-Study,Fully Answered,12.1,14.2,0,5,
MSL-005028,2026-02-16,REP-008,CardioPlus-25mg,Immunology,Real-World Evidence,Post-Call Follow-up,Redirected to Medical,14.7,0,0,2,
MSL-005029,2026-02-16,REP-009,CardioPlus-25mg,Cardiology,Patient Selection Criteria,Live During HCP Call,No Answer Found,7.3,0,0,3,
MSL-005030,2026-02-16,REP-009,DrugBeta-50mg,Cardiology,Combination Therapy,Self-Study,Fully Answered,10.4,5.8,0,5,
MSL-005031,2026-02-16,REP-010,DrugAlpha-100mg,Immunology,Guidelines / Protocols,Pre-Meeting Prep,Fully Answered,8.2,5.7,0,5,
MSL-005032,2026-02-16,REP-010,DrugGamma-200mg,Immunology,Adverse Events / Safety,Pre-Meeting Prep,Fully Answered,11.5,2,0,5,
MSL-005033,2026-02-16,REP-010,DrugGamma-200mg,Immunology,Mechanism of Action,Pre-Meeting Prep,Fully Answered,5.9,6.8,1,5,HCP-0384
MSL-005034,2026-02-16,REP-015,DrugAlpha-100mg,Oncology,Real-World Evidence,Pre-Meeting Prep,Fully Answered,14.2,12.8,0,5,
MSL-005035,2026-02-16,REP-015,DrugGamma-200mg,Oncology,Subgroup Analysis,Pre-Meeting Prep,Fully Answered,4.7,15.2,1,5,HCP-0004
MSL-005036,2026-02-16,REP-015,DrugGamma-200mg,Oncology,Guidelines / Protocols,Pre-Meeting Prep,Fully Answered,8.3,16.3,1,5,HCP-0370
MSL-005037,2026-02-16,REP-015,CardioPlus-25mg,Oncology,Patient Selection Criteria,Post-Call Follow-up,Fully Answered,7.4,16.3,0,5,
MSL-005038,2026-02-16,REP-015,DrugGamma-200mg,Oncology,Guidelines / Protocols,Live During HCP Call,Fully Answered,3.3,7.7,1,5,HCP-0070
MSL-005039,2026-02-16,REP-015,CardioPlus-25mg,Oncology,Mechanism of Action,Pre-Meeting Prep,Fully Answered,6.5,3.9,0,4,
MSL-005040,2026-02-16,REP-016,DrugGamma-200mg,Neurology,Subgroup Analysis,Self-Study,Fully Answered,9.1,3.2,0,4,
MSL-005041,2026-02-16,REP-016,CardioPlus-25mg,Neurology,Real-World Evidence,Self-Study,Fully Answered,6.6,16.9,0,4,
MSL-005042,2026-02-16,REP-016,NeuroX-75mg,Neurology,Adverse Events / Safety,Pre-Meeting Prep,Partially Answered,13.2,12.6,0,2,
MSL-005043,2026-02-16,REP-016,DrugAlpha-100mg,Neurology,Patient Selection Criteria,Live During HCP Call,Fully Answered,1,11.5,1,5,HCP-0333
MSL-005044,2026-02-16,REP-016,CardioPlus-25mg,Neurology,Off-label Evidence Request,Post-Call Follow-up,Fully Answered,12.4,5.8,0,4,
MSL-005045,2026-02-16,REP-016,DrugAlpha-100mg,Neurology,Real-World Evidence,Live During HCP Call,Fully Answered,6.0,15.1,1,4,HCP-0052
MSL-005046,2026-02-16,REP-017,CardioPlus-25mg,Immunology,Pharmacokinetics,Post-Call Follow-up,Fully Answered,2.7,14.3,0,4,
MSL-005047,2026-02-16,REP-017,CardioPlus-25mg,Immunology,Pharmacokinetics,Pre-Meeting Prep,Fully Answered,6.2,10.4,0,5,
MSL-005048,2026-02-16,REP-017,DrugBeta-50mg,Immunology,Subgroup Analysis,Pre-Meeting Prep,Fully Answered,10.4,16.6,1,4,HCP-0075
MSL-005049,2026-02-16,REP-021,NeuroX-75mg,Rare Disease,Clinical Trial Data,Pre-Meeting Prep,Partially Answered,17.7,16.5,1,4,HCP-0097
MSL-005050,2026-02-16,REP-021,DrugAlpha-100mg,Rare Disease,Subgroup Analysis,Self-Study,Partially Answered,23.7,11.4,0,3,
MSL-005051,2026-02-16,REP-021,DrugAlpha-100mg,Rare Disease,Off-label Evidence Request,Self-Study,Fully Answered,3.4,9.1,0,5,
MSL-005052,2026-02-17,REP-002,CardioPlus-25mg,Oncology,Clinical Trial Data,Pre-Meeting Prep,Fully Answered,8.5,9.0,0,5,
MSL-005053,2026-02-17,REP-002,DrugAlpha-100mg,Oncology,Subgroup Analysis,Pre-Meeting Prep,Fully Answered,8.6,12.8,1,5,HCP-0362
MSL-005054,2026-02-17,REP-002,DrugGamma-200mg,Oncology,Real-World Evidence,Pre-Meeting Prep,Fully Answered,6.4,13.6,1,5,HCP-0214
MSL-005055,2026-02-17,REP-004,DrugAlpha-100mg,Cardiology,Patient Selection Criteria,Post-Call Follow-up,Fully Answered,9.0,10.1,0,4,
MSL-005056,2026-02-17,REP-004,DrugBeta-50mg,Cardiology,Off-label Evidence Request,Post-Call Follow-up,No Answer Found,22.0,0,0,2,
MSL-005057,2026-02-17,REP-004,DrugAlpha-100mg,Cardiology,Mechanism of Action,Pre-Meeting Prep,Partially Answered,12.9,18.8,1,4,HCP-0366
MSL-005058,2026-02-17,REP-004,DrugGamma-200mg,Cardiology,Clinical Trial Data,Live During HCP Call,Fully Answered,2.2,14.4,1,5,HCP-0494
MSL-005059,2026-02-17,REP-008,CardioPlus-25mg,Immunology,Mechanism of Action,Live During HCP Call,No Answer Found,40.5,0,0,3,
MSL-005060,2026-02-17,REP-008,CardioPlus-25mg,Immunology,Biomarker Data,Self-Study,Redirected to Medical,28.2,0,0,1,
MSL-005061,2026-02-17,REP-008,DrugBeta-50mg,Immunology,Mechanism of Action,Post-Call Follow-up,Partially Answered,11.5,9.0,0,3,
MSL-005062,2026-02-17,REP-009,DrugGamma-200mg,Cardiology,Subgroup Analysis,Live During HCP Call,Fully Answered,5.5,13.0,1,5,HCP-0346
MSL-005063,2026-02-17,REP-009,CardioPlus-25mg,Cardiology,Real-World Evidence,Self-Study,Fully Answered,8.3,4.9,0,5,
MSL-005064,2026-02-17,REP-009,DrugGamma-200mg,Cardiology,Real-World Evidence,Post-Call Follow-up,Redirected to Medical,35.8,0,0,2,
MSL-005065,2026-02-17,REP-009,DrugGamma-200mg,Cardiology,Off-label Evidence Request,Pre-Meeting Prep,Redirected to Medical,27.2,0,0,1,
MSL-005066,2026-02-17,REP-009,CardioPlus-25mg,Cardiology,Biomarker Data,Live During HCP Call,Partially Answered,20.8,20.1,1,3,HCP-0459
MSL-005067,2026-02-17,REP-009,DrugBeta-50mg,Cardiology,Pharmacokinetics,Self-Study,Fully Answered,6.1,9.0,0,5,
MSL-005068,2026-02-17,REP-009,DrugAlpha-100mg,Cardiology,Pharmacokinetics,Pre-Meeting Prep,Fully Answered,13.3,11.5,1,4,HCP-0390
MSL-005069,2026-02-17,REP-010,DrugAlpha-100mg,Immunology,Real-World Evidence,Post-Call Follow-up,Fully Answered,10.7,15.6,0,4,
MSL-005070,2026-02-17,REP-010,DrugAlpha-100mg,Immunology,Dosing Guidelines,Pre-Meeting Prep,Fully Answered,4.7,15.9,1,5,HCP-0402
MSL-005071,2026-02-17,REP-010,CardioPlus-25mg,Immunology,Long-term Outcomes,Post-Call Follow-up,Fully Answered,7.0,9.2,0,5,
MSL-005072,2026-02-17,REP-015,DrugGamma-200mg,Oncology,Combination Therapy,Live During HCP Call,Fully Answered,7.6,6.1,1,5,HCP-0465
MSL-005073,2026-02-17,REP-015,DrugGamma-200mg,Oncology,Real-World Evidence,Post-Call Follow-up,Fully Answered,8.9,14.2,0,5,
MSL-005074,2026-02-17,REP-015,NeuroX-75mg,Oncology,Drug Interactions,Pre-Meeting Prep,Fully Answered,7.6,12.4,1,4,HCP-0068
MSL-005075,2026-02-17,REP-015,CardioPlus-25mg,Oncology,Off-label Evidence Request,Pre-Meeting Prep,Fully Answered,3.6,11.0,0,5,
MSL-005076,2026-02-17,REP-015,CardioPlus-25mg,Oncology,Adverse Events / Safety,Pre-Meeting Prep,Partially Answered,9.9,16.4,1,3,HCP-0252
MSL-005077,2026-02-17,REP-015,CardioPlus-25mg,Oncology,Guidelines / Protocols,Live During HCP Call,Partially Answered,8.2,9.3,1,3,HCP-0034
MSL-005078,2026-02-17,REP-016,DrugBeta-50mg,Neurology,Dosing Guidelines,Live During HCP Call,Fully Answered,11.7,7.1,0,5,
MSL-005079,2026-02-17,REP-016,NeuroX-75mg,Neurology,Off-label Evidence Request,Pre-Meeting Prep,Partially Answered,12.1,13.4,1,4,HCP-0017
MSL-005080,2026-02-17,REP-016,DrugGamma-200mg,Neurology,Dosing Guidelines,Pre-Meeting Prep,Partially Answered,1.1,11.3,0,3,
MSL-005081,2026-02-17,REP-016,DrugBeta-50mg,Neurology,Drug Interactions,Pre-Meeting Prep,Fully Answered,2.5,12.6,0,5,
MSL-005082,2026-02-17,REP-017,DrugBeta-50mg,Immunology,Subgroup Analysis,Pre-Meeting Prep,Fully Answered,8.4,13.6,1,5,HCP-0455
MSL-005083,2026-02-17,REP-017,DrugBeta-50mg,Immunology,Long-term Outcomes,Pre-Meeting Prep,Partially Answered,6.5,14.7,1,3,HCP-0088
MSL-005084,2026-02-17,REP-017,NeuroX-75mg,Immunology,Guidelines / Protocols,Live During HCP Call,Fully Answered,7.4,8.3,1,4,HCP-0043
MSL-005085,2026-02-17,REP-021,NeuroX-75mg,Rare Disease,Adverse Events / Safety,Self-Study,Partially Answered,18.5,5.0,0,3,
MSL-005086,2026-02-17,REP-021,CardioPlus-25mg,Rare Disease,Competitor Comparison,Live During HCP Call,Fully Answered,4.2,11.3,1,5,HCP-0495
MSL-005087,2026-02-18,REP-002,DrugGamma-200mg,Oncology,Real-World Evidence,Post-Call Follow-up,Fully Answered,9.1,11.8,0,5,
MSL-005088,2026-02-18,REP-002,NeuroX-75mg,Oncology,Long-term Outcomes,Self-Study,Fully Answered,8.1,8.9,0,5,
MSL-005089,2026-02-18,REP-002,DrugBeta-50mg,Oncology,Real-World Evidence,Live During HCP Call,Fully Answered,5.7,18.1,0,5,
MSL-005090,2026-02-18,REP-002,CardioPlus-25mg,Oncology,Adverse Events / Safety,Live During HCP Call,Partially Answered,13.6,4.7,0,3,
MSL-005091,2026-02-18,REP-002,DrugAlpha-100mg,Oncology,Adverse Events / Safety,Live During HCP Call,Fully Answered,6.9,9.9,1,4,HCP-0178
MSL-005092,2026-02-18,REP-002,DrugAlpha-100mg,Oncology,Adverse Events / Safety,Self-Study,Fully Answered,6.5,10.3,0,5,
MSL-005093,2026-02-18,REP-004,DrugAlpha-100mg,Cardiology,Pharmacokinetics,Pre-Meeting Prep,Partially Answered,16.1,12.8,1,4,HCP-0189
MSL-005094,2026-02-18,REP-004,NeuroX-75mg,Cardiology,Pharmacokinetics,Post-Call Follow-up,Fully Answered,6.4,8.1,0,4,
MSL-005095,2026-02-18,REP-004,DrugAlpha-100mg,Cardiology,Combination Therapy,Post-Call Follow-up,Redirected to Medical,24.9,0,0,1,
MSL-005096,2026-02-18,REP-004,DrugBeta-50mg,Cardiology,Real-World Evidence,Pre-Meeting Prep,Fully Answered,11.2,9.9,0,4,
MSL-005097,2026-02-18,REP-008,CardioPlus-25mg,Immunology,Combination Therapy,Pre-Meeting Prep,Partially Answered,16.9,11.0,1,3,HCP-0170
MSL-005098,2026-02-18,REP-008,DrugGamma-200mg,Immunology,Mechanism of Action,Self-Study,Redirected to Medical,19.4,0,0,2,
MSL-005099,2026-02-18,REP-008,DrugBeta-50mg,Immunology,Subgroup Analysis,Self-Study,Redirected to Medical,1,0,0,2,
MSL-005100,2026-02-18,REP-008,DrugAlpha-100mg,Immunology,Clinical Trial Data,Self-Study,Partially Answered,12.3,5.7,0,4,
MSL-005101,2026-02-18,REP-008,DrugGamma-200mg,Immunology,Biomarker Data,Pre-Meeting Prep,Fully Answered,8.1,6.5,1,5,HCP-0268
MSL-005102,2026-02-18,REP-008,DrugBeta-50mg,Immunology,Clinical Trial Data,Live During HCP Call,Fully Answered,8.7,4.2,1,4,HCP-0036
MSL-005103,2026-02-18,REP-009,DrugBeta-50mg,Cardiology,Combination Therapy,Live During HCP Call,Partially Answered,12.8,15.5,1,3,HCP-0103
MSL-005104,2026-02-18,REP-009,NeuroX-75mg,Cardiology,Guidelines / Protocols,Live During HCP Call,Partially Answered,6.0,15.8,0,4,
MSL-005105,2026-02-18,REP-009,DrugGamma-200mg,Cardiology,Pharmacokinetics,Pre-Meeting Prep,No Answer Found,15.7,0,0,2,
MSL-005106,2026-02-18,REP-009,CardioPlus-25mg,Cardiology,Mechanism of Action,Live During HCP Call,Fully Answered,10.5,9.7,1,5,HCP-0248
MSL-005107,2026-02-18,REP-009,CardioPlus-25mg,Cardiology,Long-term Outcomes,Self-Study,Fully Answered,11.1,10.1,0,5,
MSL-005108,2026-02-18,REP-009,DrugGamma-200mg,Cardiology,Mechanism of Action,Self-Study,No Answer Found,32.4,0,0,2,
MSL-005109,2026-02-18,REP-009,DrugGamma-200mg,Cardiology,Dosing Guidelines,Post-Call Follow-up,Fully Answered,6.6,11.4,0,5,
MSL-005110,2026-02-18,REP-010,NeuroX-75mg,Immunology,Real-World Evidence,Live During HCP Call,Fully Answered,8.1,16.8,1,5,HCP-0071
MSL-005111,2026-02-18,REP-015,DrugAlpha-100mg,Oncology,Combination Therapy,Post-Call Follow-up,Fully Answered,7.6,14.1,0,5,
MSL-005112,2026-02-18,REP-015,CardioPlus-25mg,Oncology,Mechanism of Action,Pre-Meeting Prep,Fully Answered,9.0,14.3,1,4,HCP-0097
MSL-005113,2026-02-18,REP-015,NeuroX-75mg,Oncology,Subgroup Analysis,Post-Call Follow-up,Fully Answered,6.0,8.4,0,4,
MSL-005114,2026-02-18,REP-015,NeuroX-75mg,Oncology,Long-term Outcomes,Self-Study,Partially Answered,11.4,11.4,0,3,
MSL-005115,2026-02-18,REP-015,DrugGamma-200mg,Oncology,Mechanism of Action,Self-Study,Fully Answered,9.8,7.9,0,4,
MSL-005116,2026-02-18,REP-015,NeuroX-75mg,Oncology,Pharmacokinetics,Live During HCP Call,Fully Answered,7.1,20.3,1,4,HCP-0116
MSL-005117,2026-02-18,REP-016,CardioPlus-25mg,Neurology,Mechanism of Action,Pre-Meeting Prep,Partially Answered,13.5,9.4,1,4,HCP-0443
MSL-005118,2026-02-18,REP-017,DrugAlpha-100mg,Immunology,Guidelines / Protocols,Live During HCP Call,Fully Answered,10.0,6.0,1,4,HCP-0469
MSL-005119,2026-02-18,REP-017,NeuroX-75mg,Immunology,Subgroup Analysis,Self-Study,Fully Answered,8.6,8.6,0,5,
MSL-005120,2026-02-18,REP-021,DrugGamma-200mg,Rare Disease,Mechanism of Action,Pre-Meeting Prep,Partially Answered,22.8,14.1,1,3,HCP-0361
MSL-005121,2026-02-18,REP-021,DrugBeta-50mg,Rare Disease,Real-World Evidence,Self-Study,Partially Answered,14.2,12.5,0,4,
MSL-005122,2026-02-18,REP-021,DrugAlpha-100mg,Rare Disease,Long-term Outcomes,Self-Study,Fully Answered,1.6,11.0,0,5,
MSL-005123,2026-02-18,REP-021,DrugBeta-50mg,Rare Disease,Subgroup Analysis,Self-Study,No Answer Found,28.6,0,0,1,
MSL-005124,2026-02-18,REP-021,CardioPlus-25mg,Rare Disease,Patient Selection Criteria,Self-Study,Fully Answered,3.6,15.2,0,5,
MSL-005125,2026-02-18,REP-021,DrugBeta-50mg,Rare Disease,Long-term Outcomes,Pre-Meeting Prep,Fully Answered,3.9,15.9,1,5,HCP-0142
MSL-005126,2026-02-18,REP-021,DrugGamma-200mg,Rare Disease,Off-label Evidence Request,Live During HCP Call,Fully Answered,13.4,10.4,0,5,
MSL-005127,2026-02-18,REP-021,NeuroX-75mg,Rare Disease,Clinical Trial Data,Pre-Meeting Prep,Fully Answered,6.4,10.9,0,5,
MSL-005128,2026-02-19,REP-002,NeuroX-75mg,Oncology,Competitor Comparison,Pre-Meeting Prep,Fully Answered,7.5,9.7,1,5,HCP-0265
MSL-005129,2026-02-19,REP-002,DrugBeta-50mg,Oncology,Long-term Outcomes,Post-Call Follow-up,Fully Answered,4.7,12.0,0,5,
MSL-005130,2026-02-19,REP-004,DrugBeta-50mg,Cardiology,Patient Selection Criteria,Pre-Meeting Prep,Fully Answered,4.3,13.8,1,4,HCP-0444
MSL-005131,2026-02-19,REP-004,DrugBeta-50mg,Cardiology,Real-World Evidence,Pre-Meeting Prep,Fully Answered,4.0,14.5,1,4,HCP-0378
MSL-005132,2026-02-19,REP-004,DrugGamma-200mg,Cardiology,Combination Therapy,Self-Study,Fully Answered,7.9,14.1,0,4,
MSL-005133,2026-02-19,REP-008,NeuroX-75mg,Immunology,Drug Interactions,Self-Study,No Answer Found,29.0,0,0,1,
MSL-005134,2026-02-19,REP-008,DrugBeta-50mg,Immunology,Long-term Outcomes,Pre-Meeting Prep,Fully Answered,8.9,12.3,1,4,HCP-0166
MSL-005135,2026-02-19,REP-008,NeuroX-75mg,Immunology,Real-World Evidence,Pre-Meeting Prep,Partially Answered,17.7,9.5,1,3,HCP-0222
MSL-005136,2026-02-19,REP-008,NeuroX-75mg,Immunology,Real-World Evidence,Live During HCP Call,Partially Answered,20.5,6.4,1,2,HCP-0068
MSL-005137,2026-02-19,REP-008,CardioPlus-25mg,Immunology,Adverse Events / Safety,Live During HCP Call,Fully Answered,6.3,12.8,1,5,HCP-0334
MSL-005138,2026-02-19,REP-008,CardioPlus-25mg,Immunology,Adverse Events / Safety,Live During HCP Call,Partially Answered,6.3,7.4,0,3,
MSL-005139,2026-02-19,REP-008,NeuroX-75mg,Immunology,Pharmacokinetics,Post-Call Follow-up,No Answer Found,16.6,0,0,3,
MSL-005140,2026-02-19,REP-009,DrugAlpha-100mg,Cardiology,Pharmacokinetics,Live During HCP Call,Fully Answered,4.0,15.2,0,5,
MSL-005141,2026-02-19,REP-009,NeuroX-75mg,Cardiology,Combination Therapy,Live During HCP Call,Fully Answered,9.0,10.6,0,4,
MSL-005142,2026-02-19,REP-010,CardioPlus-25mg,Immunology,Guidelines / Protocols,Pre-Meeting Prep,Fully Answered,10.2,6.8,1,5,HCP-0372
MSL-005143,2026-02-19,REP-010,NeuroX-75mg,Immunology,Long-term Outcomes,Self-Study,Fully Answered,1,12.6,0,4,
MSL-005144,2026-02-19,REP-010,DrugBeta-50mg,Immunology,Guidelines / Protocols,Live During HCP Call,Fully Answered,8.6,11.7,1,5,HCP-0016
MSL-005145,2026-02-19,REP-010,DrugGamma-200mg,Immunology,Guidelines / Protocols,Post-Call Follow-up,Fully Answered,6.8,10.1,0,5,
MSL-005146,2026-02-19,REP-010,DrugAlpha-100mg,Immunology,Competitor Comparison,Live During HCP Call,Fully Answered,4.6,14.6,1,5,HCP-0176
MSL-005147,2026-02-19,REP-015,DrugAlpha-100mg,Oncology,Mechanism of Action,Pre-Meeting Prep,Fully Answered,9.0,17.2,1,4,HCP-0009
MSL-005148,2026-02-19,REP-016,DrugGamma-200mg,Neurology,Biomarker Data,Pre-Meeting Prep,Partially Answered,16.2,18.9,1,4,HCP-0274
MSL-005149,2026-02-19,REP-016,DrugBeta-50mg,Neurology,Mechanism of Action,Live During HCP Call,Redirected to Medical,20.3,0,0,3,
MSL-005150,2026-02-19,REP-016,NeuroX-75mg,Neurology,Drug Interactions,Live During HCP Call,Redirected to Medical,18.6,0,0,1,
MSL-005151,2026-02-19,REP-017,DrugBeta-50mg,Immunology,Guidelines / Protocols,Pre-Meeting Prep,Fully Answered,7.1,14.5,1,5,HCP-0061
MSL-005152,2026-02-19,REP-017,DrugAlpha-100mg,Immunology,Guidelines / Protocols,Pre-Meeting Prep,Partially Answered,19.9,2.8,1,3,HCP-0124
MSL-005153,2026-02-19,REP-017,DrugAlpha-100mg,Immunology,Pharmacokinetics,Live During HCP Call,Partially Answered,11.2,8.4,1,3,HCP-0002
MSL-005154,2026-02-19,REP-021,NeuroX-75mg,Rare Disease,Combination Therapy,Live During HCP Call,Fully Answered,9.3,6.6,0,4,
MSL-005155,2026-02-19,REP-021,CardioPlus-25mg,Rare Disease,Dosing Guidelines,Self-Study,Partially Answered,21.0,14.4,0,3,
MSL-005156,2026-02-19,REP-021,NeuroX-75mg,Rare Disease,Adverse Events / Safety,Pre-Meeting Prep,No Answer Found,11.2,0,0,1,
MSL-005157,2026-02-20,REP-002,DrugAlpha-100mg,Oncology,Competitor Comparison,Post-Call Follow-up,Partially Answered,24.0,6.7,0,3,
MSL-005158,2026-02-20,REP-002,DrugBeta-50mg,Oncology,Biomarker Data,Live During HCP Call,Fully Answered,12.1,7.0,1,4,HCP-0427
MSL-005159,2026-02-20,REP-002,DrugBeta-50mg,Oncology,Competitor Comparison,Live During HCP Call,Fully Answered,4.8,8.8,1,5,HCP-0351
MSL-005160,2026-02-20,REP-004,DrugBeta-50mg,Cardiology,Off-label Evidence Request,Live During HCP Call,Fully Answered,11.4,2,0,5,
MSL-005161,2026-02-20,REP-004,DrugAlpha-100mg,Cardiology,Subgroup Analysis,Live During HCP Call,Fully Answered,5.1,17.5,1,5,HCP-0317
MSL-005162,2026-02-20,REP-004,DrugBeta-50mg,Cardiology,Real-World Evidence,Pre-Meeting Prep,Fully Answered,11.7,10.7,1,5,HCP-0366
MSL-005163,2026-02-20,REP-008,DrugAlpha-100mg,Immunology,Mechanism of Action,Live During HCP Call,Redirected to Medical,20.8,0,0,1,
MSL-005164,2026-02-20,REP-008,DrugAlpha-100mg,Immunology,Patient Selection Criteria,Live During HCP Call,Fully Answered,5.6,15.6,0,5,
MSL-005165,2026-02-20,REP-008,CardioPlus-25mg,Immunology,Real-World Evidence,Post-Call Follow-up,Fully Answered,9.8,3.9,0,4,
MSL-005166,2026-02-20,REP-008,DrugGamma-200mg,Immunology,Dosing Guidelines,Post-Call Follow-up,Redirected to Medical,21.2,0,0,1,
MSL-005167,2026-02-20,REP-008,DrugBeta-50mg,Immunology,Clinical Trial Data,Self-Study,Fully Answered,8.2,6.1,0,5,
MSL-005168,2026-02-20,REP-009,CardioPlus-25mg,Cardiology,Subgroup Analysis,Self-Study,Fully Answered,2.6,14.3,0,5,
MSL-005169,2026-02-20,REP-009,DrugBeta-50mg,Cardiology,Patient Selection Criteria,Live During HCP Call,Fully Answered,7.4,15.7,1,5,HCP-0112
MSL-005170,2026-02-20,REP-009,DrugGamma-200mg,Cardiology,Real-World Evidence,Post-Call Follow-up,Partially Answered,11.9,11.2,0,4,
MSL-005171,2026-02-20,REP-009,DrugGamma-200mg,Cardiology,Long-term Outcomes,Self-Study,Fully Answered,8.4,19.0,0,4,
MSL-005172,2026-02-20,REP-010,CardioPlus-25mg,Immunology,Drug Interactions,Post-Call Follow-up,Fully Answered,9.2,15.5,0,5,
MSL-005173,2026-02-20,REP-010,DrugAlpha-100mg,Immunology,Drug Interactions,Pre-Meeting Prep,Fully Answered,11.7,3.8,0,4,
MSL-005174,2026-02-20,REP-010,DrugGamma-200mg,Immunology,Competitor Comparison,Pre-Meeting Prep,Redirected to Medical,23.1,0,0,2,
MSL-005175,2026-02-20,REP-010,NeuroX-75mg,Immunology,Adverse Events / Safety,Live During HCP Call,Fully Answered,7.9,10.7,1,5,HCP-0169
MSL-005176,2026-02-20,REP-010,CardioPlus-25mg,Immunology,Combination Therapy,Live During HCP Call,Fully Answered,14.6,14.3,1,5,HCP-0342
MSL-005177,2026-02-20,REP-015,DrugAlpha-100mg,Oncology,Guidelines / Protocols,Self-Study,Partially Answered,14.6,15.3,0,2,
MSL-005178,2026-02-20,REP-015,NeuroX-75mg,Oncology,Clinical Trial Data,Pre-Meeting Prep,Fully Answered,9.5,18.9,1,5,HCP-0019
MSL-005179,2026-02-20,REP-015,DrugBeta-50mg,Oncology,Subgroup Analysis,Pre-Meeting Prep,Partially Answered,14.5,19.8,1,2,HCP-0139
MSL-005180,2026-02-20,REP-016,CardioPlus-25mg,Neurology,Combination Therapy,Post-Call Follow-up,No Answer Found,41.0,0,0,2,
MSL-005181,2026-02-20,REP-017,NeuroX-75mg,Immunology,Dosing Guidelines,Self-Study,Fully Answered,3.4,9.5,0,4,
MSL-005182,2026-02-20,REP-017,DrugGamma-200mg,Immunology,Real-World Evidence,Pre-Meeting Prep,Redirected to Medical,32.4,0,0,2,
MSL-005183,2026-02-20,REP-017,DrugAlpha-100mg,Immunology,Long-term Outcomes,Pre-Meeting Prep,Partially Answered,5.0,12.2,0,4,
MSL-005184,2026-02-20,REP-021,NeuroX-75mg,Rare Disease,Guidelines / Protocols,Live During HCP Call,Partially Answered,21.7,10.3,1,3,HCP-0199
MSL-005185,2026-02-20,REP-021,DrugBeta-50mg,Rare Disease,Dosing Guidelines,Post-Call Follow-up,Partially Answered,15.3,14.6,0,4,
MSL-005186,2026-02-23,REP-002,DrugBeta-50mg,Oncology,Adverse Events / Safety,Pre-Meeting Prep,Partially Answered,15.5,11.8,0,4,
MSL-005187,2026-02-23,REP-002,DrugAlpha-100mg,Oncology,Patient Selection Criteria,Pre-Meeting Prep,Fully Answered,8.4,13.6,1,5,HCP-0057
MSL-005188,2026-02-23,REP-002,DrugBeta-50mg,Oncology,Biomarker Data,Live During HCP Call,No Answer Found,33.6,0,0,1,
MSL-005189,2026-02-23,REP-002,DrugGamma-200mg,Oncology,Pharmacokinetics,Live During HCP Call,Fully Answered,7.1,17.9,1,4,HCP-0356
MSL-005190,2026-02-23,REP-004,DrugGamma-200mg,Cardiology,Drug Interactions,Pre-Meeting Prep,Partially Answered,20.9,11.7,1,3,HCP-0211
MSL-005191,2026-02-23,REP-004,DrugAlpha-100mg,Cardiology,Clinical Trial Data,Live During HCP Call,Fully Answered,9.4,15.2,1,4,HCP-0447
MSL-005192,2026-02-23,REP-004,DrugGamma-200mg,Cardiology,Biomarker Data,Post-Call Follow-up,Fully Answered,10.2,6.5,0,5,
MSL-005193,2026-02-23,REP-004,NeuroX-75mg,Cardiology,Off-label Evidence Request,Live During HCP Call,Fully Answered,7.7,7.8,0,4,
MSL-005194,2026-02-23,REP-008,DrugAlpha-100mg,Immunology,Long-term Outcomes,Self-Study,Partially Answered,17.5,14.2,0,3,
MSL-005195,2026-02-23,REP-008,NeuroX-75mg,Immunology,Combination Therapy,Live During HCP Call,Fully Answered,7.0,13.7,0,5,
MSL-005196,2026-02-23,REP-008,DrugGamma-200mg,Immunology,Guidelines / Protocols,Self-Study,Partially Answered,30.2,14.2,0,3,
MSL-005197,2026-02-23,REP-008,DrugAlpha-100mg,Immunology,Adverse Events / Safety,Pre-Meeting Prep,Fully Answered,4.5,4.1,1,4,HCP-0343
MSL-005198,2026-02-23,REP-009,NeuroX-75mg,Cardiology,Clinical Trial Data,Pre-Meeting Prep,Fully Answered,3.9,9.2,1,4,HCP-0154
MSL-005199,2026-02-23,REP-009,DrugGamma-200mg,Cardiology,Patient Selection Criteria,Pre-Meeting Prep,Partially Answered,17.1,14.3,1,4,HCP-0250
MSL-005200,2026-02-23,REP-009,DrugGamma-200mg,Cardiology,Real-World Evidence,Post-Call Follow-up,Fully Answered,6.6,2,0,5,
MSL-005201,2026-02-23,REP-009,NeuroX-75mg,Cardiology,Real-World Evidence,Pre-Meeting Prep,Fully Answered,9.7,10.5,0,4,
MSL-005202,2026-02-23,REP-010,NeuroX-75mg,Immunology,Mechanism of Action,Post-Call Follow-up,Fully Answered,9.8,13.4,0,4,
MSL-005203,2026-02-23,REP-010,DrugBeta-50mg,Immunology,Long-term Outcomes,Live During HCP Call,Fully Answered,8.2,22.5,0,4,
MSL-005204,2026-02-23,REP-010,CardioPlus-25mg,Immunology,Biomarker Data,Pre-Meeting Prep,Fully Answered,7.1,13.8,1,5,HCP-0036
MSL-005205,2026-02-23,REP-010,NeuroX-75mg,Immunology,Patient Selection Criteria,Post-Call Follow-up,Fully Answered,7.2,10.3,0,4,
MSL-005206,2026-02-23,REP-010,CardioPlus-25mg,Immunology,Competitor Comparison,Live During HCP Call,Partially Answered,16.7,22.5,1,4,HCP-0431
MSL-005207,2026-02-23,REP-015,DrugAlpha-100mg,Oncology,Competitor Comparison,Post-Call Follow-up,Fully Answered,9.3,15.7,0,5,
MSL-005208,2026-02-23,REP-015,CardioPlus-25mg,Oncology,Clinical Trial Data,Pre-Meeting Prep,No Answer Found,26.2,0,0,2,
MSL-005209,2026-02-23,REP-015,DrugGamma-200mg,Oncology,Guidelines / Protocols,Live During HCP Call,Fully Answered,9.0,5.7,1,5,HCP-0026
MSL-005210,2026-02-23,REP-015,DrugGamma-200mg,Oncology,Guidelines / Protocols,Self-Study,Fully Answered,13.6,17.0,0,5,
MSL-005211,2026-02-23,REP-016,DrugGamma-200mg,Neurology,Subgroup Analysis,Post-Call Follow-up,Partially Answered,9.9,19.6,0,2,
MSL-005212,2026-02-23,REP-016,DrugGamma-200mg,Neurology,Competitor Comparison,Live During HCP Call,Fully Answered,8.6,3.5,1,5,HCP-0373
MSL-005213,2026-02-23,REP-016,DrugGamma-200mg,Neurology,Competitor Comparison,Post-Call Follow-up,Fully Answered,11.8,22.1,0,5,
MSL-005214,2026-02-23,REP-016,DrugGamma-200mg,Neurology,Patient Selection Criteria,Pre-Meeting Prep,Fully Answered,5.5,13.7,1,4,HCP-0370
MSL-005215,2026-02-23,REP-017,DrugAlpha-100mg,Immunology,Combination Therapy,Pre-Meeting Prep,Fully Answered,10.0,13.7,1,5,HCP-0156
MSL-005216,2026-02-23,REP-017,DrugGamma-200mg,Immunology,Competitor Comparison,Pre-Meeting Prep,Fully Answered,6.6,12.5,1,5,HCP-0165
MSL-005217,2026-02-23,REP-017,DrugAlpha-100mg,Immunology,Long-term Outcomes,Pre-Meeting Prep,Fully Answered,9.3,13.2,1,5,HCP-0014
MSL-005218,2026-02-23,REP-017,CardioPlus-25mg,Immunology,Combination Therapy,Post-Call Follow-up,Fully Answered,8.8,12.2,0,5,
MSL-005219,2026-02-23,REP-017,DrugBeta-50mg,Immunology,Clinical Trial Data,Live During HCP Call,Fully Answered,10.6,6.6,1,4,HCP-0174
MSL-005220,2026-02-23,REP-021,NeuroX-75mg,Rare Disease,Guidelines / Protocols,Pre-Meeting Prep,No Answer Found,25.5,0,0,2,
MSL-005221,2026-02-23,REP-021,CardioPlus-25mg,Rare Disease,Competitor Comparison,Self-Study,Fully Answered,9.4,16.9,0,5,
MSL-005222,2026-02-23,REP-021,CardioPlus-25mg,Rare Disease,Mechanism of Action,Post-Call Follow-up,Fully Answered,6.5,9.9,0,5,
MSL-005223,2026-02-24,REP-002,CardioPlus-25mg,Oncology,Subgroup Analysis,Self-Study,Fully Answered,5.7,10.3,0,5,
MSL-005224,2026-02-24,REP-002,DrugAlpha-100mg,Oncology,Guidelines / Protocols,Pre-Meeting Prep,Partially Answered,15.8,16.4,0,3,
MSL-005225,2026-02-24,REP-004,DrugBeta-50mg,Cardiology,Pharmacokinetics,Self-Study,Fully Answered,5.6,14.8,0,4,
MSL-005226,2026-02-24,REP-008,CardioPlus-25mg,Immunology,Off-label Evidence Request,Pre-Meeting Prep,Fully Answered,6.6,19.3,1,5,HCP-0270
MSL-005227,2026-02-24,REP-009,DrugBeta-50mg,Cardiology,Pharmacokinetics,Live During HCP Call,Partially Answered,18.4,6.2,1,4,HCP-0041
MSL-005228,2026-02-24,REP-009,DrugAlpha-100mg,Cardiology,Pharmacokinetics,Self-Study,Fully Answered,6.3,13.4,0,5,
MSL-005229,2026-02-24,REP-009,DrugAlpha-100mg,Cardiology,Subgroup Analysis,Live During HCP Call,Partially Answered,16.9,11.9,1,2,HCP-0136
MSL-005230,2026-02-24,REP-009,CardioPlus-25mg,Cardiology,Guidelines / Protocols,Live During HCP Call,Fully Answered,9.0,17.0,1,4,HCP-0037
MSL-005231,2026-02-24,REP-010,DrugAlpha-100mg,Immunology,Combination Therapy,Post-Call Follow-up,No Answer Found,27.8,0,0,1,
MSL-005232,2026-02-24,REP-010,CardioPlus-25mg,Immunology,Combination Therapy,Post-Call Follow-up,Fully Answered,11.0,10.6,0,4,
MSL-005233,2026-02-24,REP-010,DrugBeta-50mg,Immunology,Biomarker Data,Pre-Meeting Prep,No Answer Found,17.1,0,0,2,
MSL-005234,2026-02-24,REP-015,DrugGamma-200mg,Oncology,Pharmacokinetics,Pre-Meeting Prep,Fully Answered,11.5,15.6,1,5,HCP-0410
MSL-005235,2026-02-24,REP-015,NeuroX-75mg,Oncology,Long-term Outcomes,Pre-Meeting Prep,Fully Answered,4.4,9.2,1,5,HCP-0008
MSL-005236,2026-02-24,REP-015,DrugGamma-200mg,Oncology,Dosing Guidelines,Pre-Meeting Prep,Partially Answered,18.6,10.4,1,4,HCP-0454
MSL-005237,2026-02-24,REP-015,DrugAlpha-100mg,Oncology,Clinical Trial Data,Pre-Meeting Prep,Fully Answered,3.7,14.0,1,5,HCP-0058
MSL-005238,2026-02-24,REP-015,CardioPlus-25mg,Oncology,Clinical Trial Data,Post-Call Follow-up,Partially Answered,16.0,4.3,0,3,
MSL-005239,2026-02-24,REP-017,NeuroX-75mg,Immunology,Patient Selection Criteria,Pre-Meeting Prep,Fully Answered,8.6,4.5,1,4,HCP-0160
MSL-005240,2026-02-24,REP-017,DrugAlpha-100mg,Immunology,Subgroup Analysis,Post-Call Follow-up,Partially Answered,22.2,14.9,0,4,
MSL-005241,2026-02-24,REP-017,NeuroX-75mg,Immunology,Drug Interactions,Live During HCP Call,Fully Answered,9.2,6.5,1,5,HCP-0140
MSL-005242,2026-02-24,REP-017,DrugBeta-50mg,Immunology,Combination Therapy,Post-Call Follow-up,No Answer Found,20.8,0,0,2,
MSL-005243,2026-02-24,REP-017,DrugBeta-50mg,Immunology,Long-term Outcomes,Self-Study,Fully Answered,11.6,20.1,0,5,
MSL-005244,2026-02-24,REP-017,CardioPlus-25mg,Immunology,Competitor Comparison,Self-Study,Fully Answered,9.7,11.7,0,4,
MSL-005245,2026-02-24,REP-017,CardioPlus-25mg,Immunology,Biomarker Data,Live During HCP Call,Partially Answered,21.0,15.1,1,3,HCP-0280
MSL-005246,2026-02-24,REP-021,CardioPlus-25mg,Rare Disease,Long-term Outcomes,Post-Call Follow-up,Fully Answered,7.9,6.5,0,5,
MSL-005247,2026-02-24,REP-021,DrugAlpha-100mg,Rare Disease,Drug Interactions,Self-Study,Fully Answered,4.6,14.4,0,5,
MSL-005248,2026-02-24,REP-021,NeuroX-75mg,Rare Disease,Long-term Outcomes,Self-Study,Fully Answered,7.9,16.9,0,5,
MSL-005249,2026-02-24,REP-021,NeuroX-75mg,Rare Disease,Clinical Trial Data,Self-Study,Fully Answered,14.0,7.3,0,4,
MSL-005250,2026-02-24,REP-021,NeuroX-75mg,Rare Disease,Subgroup Analysis,Self-Study,Fully Answered,10.2,12.7,0,5,
MSL-005251,2026-02-24,REP-021,DrugBeta-50mg,Rare Disease,Real-World Evidence,Pre-Meeting Prep,Fully Answered,5.4,19.4,0,5,
MSL-005252,2026-02-25,REP-002,DrugAlpha-100mg,Oncology,Subgroup Analysis,Live During HCP Call,Fully Answered,12.8,2.9,0,5,
MSL-005253,2026-02-25,REP-002,DrugGamma-200mg,Oncology,Guidelines / Protocols,Live During HCP Call,No Answer Found,19.4,0,0,1,
MSL-005254,2026-02-25,REP-004,CardioPlus-25mg,Cardiology,Biomarker Data,Pre-Meeting Prep,No Answer Found,21.1,0,0,3,
MSL-005255,2026-02-25,REP-004,DrugBeta-50mg,Cardiology,Dosing Guidelines,Post-Call Follow-up,Partially Answered,13.7,7.2,0,4,
MSL-005256,2026-02-25,REP-004,DrugGamma-200mg,Cardiology,Off-label Evidence Request,Live During HCP Call,No Answer Found,18.7,0,0,1,
MSL-005257,2026-02-25,REP-004,DrugGamma-200mg,Cardiology,Real-World Evidence,Post-Call Follow-up,Redirected to Medical,33.9,0,0,2,
MSL-005258,2026-02-25,REP-004,DrugAlpha-100mg,Cardiology,Patient Selection Criteria,Post-Call Follow-up,Redirected to Medical,16.0,0,0,2,
MSL-005259,2026-02-25,REP-004,NeuroX-75mg,Cardiology,Dosing Guidelines,Pre-Meeting Prep,No Answer Found,27.1,0,0,2,
MSL-005260,2026-02-25,REP-008,NeuroX-75mg,Immunology,Subgroup Analysis,Pre-Meeting Prep,Fully Answered,3.3,16.7,0,5,
MSL-005261,2026-02-25,REP-008,DrugGamma-200mg,Immunology,Dosing Guidelines,Self-Study,Fully Answered,11.0,14.1,0,5,
MSL-005262,2026-02-25,REP-008,DrugGamma-200mg,Immunology,Clinical Trial Data,Live During HCP Call,Partially Answered,21.9,12.5,1,3,HCP-0189
MSL-005263,2026-02-25,REP-009,DrugGamma-200mg,Cardiology,Patient Selection Criteria,Pre-Meeting Prep,Fully Answered,10.9,11.2,1,5,HCP-0133
MSL-005264,2026-02-25,REP-009,DrugGamma-200mg,Cardiology,Combination Therapy,Live During HCP Call,Fully Answered,3.6,5.4,1,5,HCP-0021
MSL-005265,2026-02-25,REP-009,NeuroX-75mg,Cardiology,Dosing Guidelines,Post-Call Follow-up,Partially Answered,11.3,13.6,0,4,
MSL-005266,2026-02-25,REP-009,CardioPlus-25mg,Cardiology,Competitor Comparison,Post-Call Follow-up,Fully Answered,12.2,11.7,0,5,
MSL-005267,2026-02-25,REP-010,CardioPlus-25mg,Immunology,Competitor Comparison,Live During HCP Call,Fully Answered,11.9,14.4,1,4,HCP-0078
MSL-005268,2026-02-25,REP-015,DrugAlpha-100mg,Oncology,Long-term Outcomes,Live During HCP Call,Fully Answered,8.7,15.0,1,4,HCP-0381
MSL-005269,2026-02-25,REP-015,CardioPlus-25mg,Oncology,Long-term Outcomes,Live During HCP Call,Partially Answered,16.8,15.4,0,3,
MSL-005270,2026-02-25,REP-015,DrugBeta-50mg,Oncology,Long-term Outcomes,Self-Study,Partially Answered,5.7,19.5,0,4,
MSL-005271,2026-02-25,REP-016,CardioPlus-25mg,Neurology,Adverse Events / Safety,Live During HCP Call,Fully Answered,6.1,12.3,1,5,HCP-0342
MSL-005272,2026-02-25,REP-016,DrugGamma-200mg,Neurology,Guidelines / Protocols,Post-Call Follow-up,No Answer Found,21.4,0,0,1,
MSL-005273,2026-02-25,REP-016,NeuroX-75mg,Neurology,Adverse Events / Safety,Self-Study,Partially Answered,12.9,9.3,0,3,
MSL-005274,2026-02-25,REP-017,DrugGamma-200mg,Immunology,Drug Interactions,Pre-Meeting Prep,Fully Answered,6.0,8.9,1,5,HCP-0167
MSL-005275,2026-02-25,REP-017,CardioPlus-25mg,Immunology,Off-label Evidence Request,Pre-Meeting Prep,Redirected to Medical,22.9,0,0,2,
MSL-005276,2026-02-25,REP-021,DrugAlpha-100mg,Rare Disease,Dosing Guidelines,Pre-Meeting Prep,Partially Answered,21.7,15.8,1,3,HCP-0104
MSL-005277,2026-02-25,REP-021,DrugGamma-200mg,Rare Disease,Mechanism of Action,Post-Call Follow-up,No Answer Found,16.3,0,0,1,
MSL-005278,2026-02-25,REP-021,DrugAlpha-100mg,Rare Disease,Off-label Evidence Request,Pre-Meeting Prep,Fully Answered,9.6,12.7,0,5,
MSL-005279,2026-02-25,REP-021,DrugGamma-200mg,Rare Disease,Off-label Evidence Request,Pre-Meeting Prep,Redirected to Medical,14.8,0,0,1,
MSL-005280,2026-02-26,REP-002,NeuroX-75mg,Oncology,Biomarker Data,Pre-Meeting Prep,Partially Answered,13.3,6.5,0,3,
MSL-005281,2026-02-26,REP-002,DrugBeta-50mg,Oncology,Real-World Evidence,Live During HCP Call,Fully Answered,8.1,17.5,1,4,HCP-0122
MSL-005282,2026-02-26,REP-004,DrugGamma-200mg,Cardiology,Real-World Evidence,Pre-Meeting Prep,Fully Answered,1.6,13.3,0,5,
MSL-005283,2026-02-26,REP-004,DrugGamma-200mg,Cardiology,Real-World Evidence,Pre-Meeting Prep,Partially Answered,27.7,3.7,1,4,HCP-0339
MSL-005284,2026-02-26,REP-004,DrugGamma-200mg,Cardiology,Clinical Trial Data,Pre-Meeting Prep,Fully Answered,4.0,14.1,0,4,
MSL-005285,2026-02-26,REP-004,NeuroX-75mg,Cardiology,Long-term Outcomes,Post-Call Follow-up,Fully Answered,8.2,7.6,0,5,
MSL-005286,2026-02-26,REP-004,DrugBeta-50mg,Cardiology,Combination Therapy,Post-Call Follow-up,Partially Answered,16.7,15.4,0,4,
MSL-005287,2026-02-26,REP-004,DrugBeta-50mg,Cardiology,Clinical Trial Data,Self-Study,Partially Answered,15.2,15.6,0,4,
MSL-005288,2026-02-26,REP-008,DrugAlpha-100mg,Immunology,Mechanism of Action,Post-Call Follow-up,Fully Answered,9.5,14.5,0,4,
MSL-005289,2026-02-26,REP-008,DrugAlpha-100mg,Immunology,Adverse Events / Safety,Live During HCP Call,Fully Answered,6.0,9.5,0,5,
MSL-005290,2026-02-26,REP-008,DrugGamma-200mg,Immunology,Guidelines / Protocols,Live During HCP Call,Fully Answered,6.6,12.2,1,5,HCP-0183
MSL-005291,2026-02-26,REP-009,DrugGamma-200mg,Cardiology,Biomarker Data,Pre-Meeting Prep,Partially Answered,24.2,13.0,0,4,
MSL-005292,2026-02-26,REP-009,CardioPlus-25mg,Cardiology,Guidelines / Protocols,Pre-Meeting Prep,Fully Answered,17.2,9.3,1,5,HCP-0221
MSL-005293,2026-02-26,REP-009,NeuroX-75mg,Cardiology,Guidelines / Protocols,Self-Study,Partially Answered,17.3,4.9,0,3,
MSL-005294,2026-02-26,REP-009,NeuroX-75mg,Cardiology,Pharmacokinetics,Post-Call Follow-up,No Answer Found,28.4,0,0,2,
MSL-005295,2026-02-26,REP-010,CardioPlus-25mg,Immunology,Competitor Comparison,Pre-Meeting Prep,No Answer Found,17.0,0,0,2,
MSL-005296,2026-02-26,REP-015,DrugBeta-50mg,Oncology,Competitor Comparison,Pre-Meeting Prep,Fully Answered,4.7,11.5,1,4,HCP-0448
MSL-005297,2026-02-26,REP-015,DrugAlpha-100mg,Oncology,Guidelines / Protocols,Self-Study,Fully Answered,11.2,16.5,0,4,
MSL-005298,2026-02-26,REP-015,DrugBeta-50mg,Oncology,Combination Therapy,Pre-Meeting Prep,No Answer Found,31.8,0,0,3,
MSL-005299,2026-02-26,REP-015,DrugGamma-200mg,Oncology,Adverse Events / Safety,Self-Study,Fully Answered,6.4,11.7,0,5,
MSL-005300,2026-02-26,REP-015,NeuroX-75mg,Oncology,Adverse Events / Safety,Self-Study,Partially Answered,9.1,17.2,0,4,
MSL-005301,2026-02-26,REP-016,DrugBeta-50mg,Neurology,Biomarker Data,Pre-Meeting Prep,Fully Answered,4.7,14.0,1,5,HCP-0276
MSL-005302,2026-02-26,REP-016,NeuroX-75mg,Neurology,Dosing Guidelines,Post-Call Follow-up,Fully Answered,8.0,4.8,0,5,
MSL-005303,2026-02-26,REP-016,DrugAlpha-100mg,Neurology,Long-term Outcomes,Live During HCP Call,Fully Answered,5.5,10.9,0,5,
MSL-005304,2026-02-26,REP-016,DrugBeta-50mg,Neurology,Clinical Trial Data,Post-Call Follow-up,Fully Answered,5.4,17.4,0,4,
MSL-005305,2026-02-26,REP-016,DrugAlpha-100mg,Neurology,Drug Interactions,Pre-Meeting Prep,Fully Answered,7.0,9.7,1,5,HCP-0008
MSL-005306,2026-02-26,REP-017,CardioPlus-25mg,Immunology,Pharmacokinetics,Self-Study,Fully Answered,12.8,14.9,0,5,
MSL-005307,2026-02-26,REP-017,DrugAlpha-100mg,Immunology,Patient Selection Criteria,Pre-Meeting Prep,Fully Answered,5.0,7.9,0,4,
MSL-005308,2026-02-26,REP-021,CardioPlus-25mg,Rare Disease,Real-World Evidence,Pre-Meeting Prep,Partially Answered,6.0,16.3,1,2,HCP-0151
MSL-005309,2026-02-27,REP-002,NeuroX-75mg,Oncology,Off-label Evidence Request,Self-Study,Fully Answered,6.7,13.4,0,5,
MSL-005310,2026-02-27,REP-004,CardioPlus-25mg,Cardiology,Pharmacokinetics,Live During HCP Call,Partially Answered,11.8,5.1,0,2,
MSL-005311,2026-02-27,REP-004,DrugAlpha-100mg,Cardiology,Clinical Trial Data,Post-Call Follow-up,Fully Answered,8.9,16.6,0,5,
MSL-005312,2026-02-27,REP-004,DrugGamma-200mg,Cardiology,Subgroup Analysis,Live During HCP Call,Fully Answered,7.8,18.3,1,5,HCP-0061
MSL-005313,2026-02-27,REP-004,CardioPlus-25mg,Cardiology,Pharmacokinetics,Pre-Meeting Prep,Fully Answered,2.4,9.7,1,4,HCP-0257
MSL-005314,2026-02-27,REP-004,CardioPlus-25mg,Cardiology,Mechanism of Action,Self-Study,Fully Answered,6.7,17.1,0,5,
MSL-005315,2026-02-27,REP-004,DrugBeta-50mg,Cardiology,Mechanism of Action,Post-Call Follow-up,Partially Answered,13.6,15.3,0,4,
MSL-005316,2026-02-27,REP-004,CardioPlus-25mg,Cardiology,Patient Selection Criteria,Pre-Meeting Prep,Partially Answered,12.8,6.1,1,4,HCP-0059
MSL-005317,2026-02-27,REP-008,CardioPlus-25mg,Immunology,Combination Therapy,Live During HCP Call,Partially Answered,13.7,11.3,0,2,
MSL-005318,2026-02-27,REP-009,DrugAlpha-100mg,Cardiology,Off-label Evidence Request,Post-Call Follow-up,Fully Answered,2.4,15.6,0,4,
MSL-005319,2026-02-27,REP-009,DrugAlpha-100mg,Cardiology,Off-label Evidence Request,Self-Study,Fully Answered,9.6,14.3,0,5,
MSL-005320,2026-02-27,REP-010,DrugAlpha-100mg,Immunology,Long-term Outcomes,Pre-Meeting Prep,Fully Answered,8.6,3.3,0,5,
MSL-005321,2026-02-27,REP-010,DrugAlpha-100mg,Immunology,Competitor Comparison,Pre-Meeting Prep,Partially Answered,12.0,17.8,1,3,HCP-0218
MSL-005322,2026-02-27,REP-010,DrugAlpha-100mg,Immunology,Mechanism of Action,Post-Call Follow-up,Fully Answered,4.0,15.8,0,4,
MSL-005323,2026-02-27,REP-015,DrugBeta-50mg,Oncology,Clinical Trial Data,Self-Study,Fully Answered,8.4,13.3,0,4,
MSL-005324,2026-02-27,REP-015,DrugBeta-50mg,Oncology,Guidelines / Protocols,Post-Call Follow-up,Fully Answered,8.6,2,0,5,
MSL-005325,2026-02-27,REP-015,CardioPlus-25mg,Oncology,Mechanism of Action,Pre-Meeting Prep,Partially Answered,11.5,15.7,0,2,
MSL-005326,2026-02-27,REP-015,DrugAlpha-100mg,Oncology,Clinical Trial Data,Self-Study,Fully Answered,3.2,14.1,0,4,
MSL-005327,2026-02-27,REP-015,DrugGamma-200mg,Oncology,Drug Interactions,Live During HCP Call,Redirected to Medical,17.8,0,0,1,
MSL-005328,2026-02-27,REP-016,CardioPlus-25mg,Neurology,Guidelines / Protocols,Live During HCP Call,Partially Answered,11.7,14.1,0,3,
MSL-005329,2026-02-27,REP-016,DrugBeta-50mg,Neurology,Pharmacokinetics,Pre-Meeting Prep,Fully Answered,9.9,27.4,0,4,
MSL-005330,2026-02-27,REP-016,DrugGamma-200mg,Neurology,Pharmacokinetics,Post-Call Follow-up,Fully Answered,11.5,7.0,0,5,
MSL-005331,2026-02-27,REP-016,DrugGamma-200mg,Neurology,Clinical Trial Data,Post-Call Follow-up,Fully Answered,7.2,15.8,0,4,
MSL-005332,2026-02-27,REP-016,DrugBeta-50mg,Neurology,Clinical Trial Data,Pre-Meeting Prep,Redirected to Medical,29.5,0,0,1,
MSL-005333,2026-02-27,REP-016,NeuroX-75mg,Neurology,Guidelines / Protocols,Pre-Meeting Prep,Fully Answered,9.1,7.8,1,5,HCP-0429
MSL-005334,2026-02-27,REP-017,DrugBeta-50mg,Immunology,Subgroup Analysis,Pre-Meeting Prep,Fully Answered,10.7,17.4,1,4,HCP-0171
MSL-005335,2026-02-27,REP-017,DrugGamma-200mg,Immunology,Biomarker Data,Pre-Meeting Prep,Fully Answered,5.0,9.9,1,4,HCP-0312
MSL-005336,2026-02-27,REP-017,DrugAlpha-100mg,Immunology,Dosing Guidelines,Live During HCP Call,No Answer Found,20.9,0,0,3,
MSL-005337,2026-02-27,REP-021,NeuroX-75mg,Rare Disease,Competitor Comparison,Live During HCP Call,Partially Answered,10.0,12.0,1,2,HCP-0138
MSL-005338,2026-02-27,REP-021,NeuroX-75mg,Rare Disease,Pharmacokinetics,Self-Study,No Answer Found,38.0,0,0,2,
MSL-005339,2026-02-27,REP-021,DrugGamma-200mg,Rare Disease,Biomarker Data,Pre-Meeting Prep,Fully Answered,5.9,10.7,0,5,
MSL-005340,2026-03-02,REP-002,DrugBeta-50mg,Oncology,Combination Therapy,Pre-Meeting Prep,Fully Answered,10.4,2,1,5,HCP-0388
MSL-005341,2026-03-02,REP-002,NeuroX-75mg,Oncology,Long-term Outcomes,Live During HCP Call,Fully Answered,8.5,13.3,1,5,HCP-0195
MSL-005342,2026-03-02,REP-004,NeuroX-75mg,Cardiology,Guidelines / Protocols,Pre-Meeting Prep,Fully Answered,4.2,13.5,1,5,HCP-0126
MSL-005343,2026-03-02,REP-004,NeuroX-75mg,Cardiology,Pharmacokinetics,Pre-Meeting Prep,Partially Answered,17.8,21.8,0,3,
MSL-005344,2026-03-02,REP-008,DrugGamma-200mg,Immunology,Biomarker Data,Pre-Meeting Prep,Fully Answered,8.0,12.1,0,5,
MSL-005345,2026-03-02,REP-008,NeuroX-75mg,Immunology,Off-label Evidence Request,Live During HCP Call,Fully Answered,6.9,19.2,1,5,HCP-0201
MSL-005346,2026-03-02,REP-010,CardioPlus-25mg,Immunology,Pharmacokinetics,Post-Call Follow-up,Partially Answered,25.8,6.8,0,3,
MSL-005347,2026-03-02,REP-010,NeuroX-75mg,Immunology,Patient Selection Criteria,Live During HCP Call,Fully Answered,3.4,11.2,1,4,HCP-0338
MSL-005348,2026-03-02,REP-010,CardioPlus-25mg,Immunology,Pharmacokinetics,Self-Study,Fully Answered,5.8,2,0,5,
MSL-005349,2026-03-02,REP-010,NeuroX-75mg,Immunology,Combination Therapy,Pre-Meeting Prep,Fully Answered,4.5,9.7,1,5,HCP-0031
MSL-005350,2026-03-02,REP-015,DrugAlpha-100mg,Oncology,Combination Therapy,Self-Study,Fully Answered,6.1,18.5,0,5,
MSL-005351,2026-03-02,REP-015,DrugAlpha-100mg,Oncology,Subgroup Analysis,Post-Call Follow-up,Partially Answered,17.8,7.6,0,2,
MSL-005352,2026-03-02,REP-015,DrugBeta-50mg,Oncology,Pharmacokinetics,Post-Call Follow-up,Fully Answered,6.2,8.4,0,5,
MSL-005353,2026-03-02,REP-015,NeuroX-75mg,Oncology,Clinical Trial Data,Pre-Meeting Prep,Fully Answered,2.7,9.8,1,5,HCP-0289
MSL-005354,2026-03-02,REP-015,DrugAlpha-100mg,Oncology,Biomarker Data,Pre-Meeting Prep,Fully Answered,6.8,12.6,0,5,
MSL-005355,2026-03-02,REP-016,DrugGamma-200mg,Neurology,Drug Interactions,Post-Call Follow-up,No Answer Found,34.8,0,0,1,
MSL-005356,2026-03-02,REP-016,CardioPlus-25mg,Neurology,Dosing Guidelines,Self-Study,Fully Answered,10.3,10.4,0,5,
MSL-005357,2026-03-02,REP-016,NeuroX-75mg,Neurology,Subgroup Analysis,Pre-Meeting Prep,No Answer Found,14.1,0,0,2,
MSL-005358,2026-03-02,REP-016,DrugGamma-200mg,Neurology,Patient Selection Criteria,Pre-Meeting Prep,Fully Answered,4.7,20.7,1,5,HCP-0123
MSL-005359,2026-03-02,REP-017,NeuroX-75mg,Immunology,Off-label Evidence Request,Pre-Meeting Prep,Fully Answered,7.8,9.5,1,5,HCP-0457
MSL-005360,2026-03-02,REP-021,DrugGamma-200mg,Rare Disease,Combination Therapy,Pre-Meeting Prep,Fully Answered,7.1,12.5,1,5,HCP-0093
MSL-005361,2026-03-02,REP-021,CardioPlus-25mg,Rare Disease,Adverse Events / Safety,Post-Call Follow-up,Fully Answered,7.6,16.6,0,5,
MSL-005362,2026-03-02,REP-021,NeuroX-75mg,Rare Disease,Biomarker Data,Self-Study,Partially Answered,11.4,14.9,0,2,
MSL-005363,2026-03-02,REP-021,CardioPlus-25mg,Rare Disease,Combination Therapy,Self-Study,Partially Answered,17.5,11.5,0,2,
MSL-005364,2026-03-03,REP-002,DrugBeta-50mg,Oncology,Subgroup Analysis,Pre-Meeting Prep,No Answer Found,20.5,0,0,2,
MSL-005365,2026-03-03,REP-002,NeuroX-75mg,Oncology,Adverse Events / Safety,Pre-Meeting Prep,Fully Answered,6.8,15.9,1,5,HCP-0421
MSL-005366,2026-03-03,REP-002,DrugAlpha-100mg,Oncology,Dosing Guidelines,Pre-Meeting Prep,Partially Answered,19.4,8.4,1,2,HCP-0473
MSL-005367,2026-03-03,REP-002,DrugAlpha-100mg,Oncology,Long-term Outcomes,Post-Call Follow-up,Fully Answered,6.8,5.3,0,5,
MSL-005368,2026-03-03,REP-002,CardioPlus-25mg,Oncology,Guidelines / Protocols,Pre-Meeting Prep,Fully Answered,7.6,10.8,1,5,HCP-0475
MSL-005369,2026-03-03,REP-002,DrugGamma-200mg,Oncology,Pharmacokinetics,Pre-Meeting Prep,Fully Answered,9.5,5.6,1,4,HCP-0175
MSL-005370,2026-03-03,REP-004,NeuroX-75mg,Cardiology,Patient Selection Criteria,Pre-Meeting Prep,Partially Answered,14.6,10.9,0,3,
MSL-005371,2026-03-03,REP-004,DrugBeta-50mg,Cardiology,Real-World Evidence,Live During HCP Call,Fully Answered,3.2,2,1,4,HCP-0101
MSL-005372,2026-03-03,REP-004,CardioPlus-25mg,Cardiology,Competitor Comparison,Pre-Meeting Prep,Fully Answered,7.9,12.0,0,4,
MSL-005373,2026-03-03,REP-004,DrugBeta-50mg,Cardiology,Subgroup Analysis,Pre-Meeting Prep,Fully Answered,7.4,9.1,0,5,
MSL-005374,2026-03-03,REP-008,DrugAlpha-100mg,Immunology,Adverse Events / Safety,Self-Study,Fully Answered,5.8,16.0,0,4,
MSL-005375,2026-03-03,REP-008,DrugGamma-200mg,Immunology,Mechanism of Action,Live During HCP Call,Fully Answered,13.1,15.1,1,5,HCP-0203
MSL-005376,2026-03-03,REP-008,DrugGamma-200mg,Immunology,Guidelines / Protocols,Self-Study,Fully Answered,10.0,13.3,0,4,
MSL-005377,2026-03-03,REP-008,DrugAlpha-100mg,Immunology,Real-World Evidence,Post-Call Follow-up,Fully Answered,9.4,16.4,0,5,
MSL-005378,2026-03-03,REP-008,NeuroX-75mg,Immunology,Clinical Trial Data,Pre-Meeting Prep,Fully Answered,2.2,12.0,1,5,HCP-0402
MSL-005379,2026-03-03,REP-008,DrugGamma-200mg,Immunology,Dosing Guidelines,Pre-Meeting Prep,Fully Answered,8.5,8.6,1,5,HCP-0437
MSL-005380,2026-03-03,REP-009,DrugBeta-50mg,Cardiology,Guidelines / Protocols,Pre-Meeting Prep,Fully Answered,7.3,15.4,1,5,HCP-0149
MSL-005381,2026-03-03,REP-009,DrugGamma-200mg,Cardiology,Subgroup Analysis,Pre-Meeting Prep,Fully Answered,6.7,3.9,1,5,HCP-0320
MSL-005382,2026-03-03,REP-009,NeuroX-75mg,Cardiology,Drug Interactions,Live During HCP Call,Fully Answered,7.9,10.6,1,5,HCP-0429
MSL-005383,2026-03-03,REP-009,DrugGamma-200mg,Cardiology,Long-term Outcomes,Live During HCP Call,Fully Answered,6.0,10.2,1,5,HCP-0212
MSL-005384,2026-03-03,REP-009,DrugAlpha-100mg,Cardiology,Guidelines / Protocols,Post-Call Follow-up,Partially Answered,15.2,6.4,0,4,
MSL-005385,2026-03-03,REP-009,CardioPlus-25mg,Cardiology,Dosing Guidelines,Post-Call Follow-up,Redirected to Medical,38.5,0,0,3,
MSL-005386,2026-03-03,REP-010,CardioPlus-25mg,Immunology,Drug Interactions,Live During HCP Call,Fully Answered,10.3,16.6,1,4,HCP-0447
MSL-005387,2026-03-03,REP-010,DrugBeta-50mg,Immunology,Pharmacokinetics,Self-Study,Fully Answered,10.0,10.7,0,4,
MSL-005388,2026-03-03,REP-010,DrugGamma-200mg,Immunology,Patient Selection Criteria,Pre-Meeting Prep,Fully Answered,6.4,6.2,0,4,
MSL-005389,2026-03-03,REP-010,DrugAlpha-100mg,Immunology,Subgroup Analysis,Post-Call Follow-up,Fully Answered,5.0,13.8,0,4,
MSL-005390,2026-03-03,REP-015,DrugBeta-50mg,Oncology,Competitor Comparison,Pre-Meeting Prep,No Answer Found,21.1,0,0,3,
MSL-005391,2026-03-03,REP-015,DrugAlpha-100mg,Oncology,Off-label Evidence Request,Pre-Meeting Prep,No Answer Found,34.8,0,0,2,
MSL-005392,2026-03-03,REP-015,DrugAlpha-100mg,Oncology,Off-label Evidence Request,Post-Call Follow-up,Redirected to Medical,12.3,0,0,1,
MSL-005393,2026-03-03,REP-015,NeuroX-75mg,Oncology,Subgroup Analysis,Self-Study,Redirected to Medical,17.0,0,0,1,
MSL-005394,2026-03-03,REP-016,CardioPlus-25mg,Neurology,Clinical Trial Data,Pre-Meeting Prep,Fully Answered,4.5,13.4,1,4,HCP-0112
MSL-005395,2026-03-03,REP-016,DrugGamma-200mg,Neurology,Pharmacokinetics,Live During HCP Call,Redirected to Medical,39.9,0,0,2,
MSL-005396,2026-03-03,REP-016,CardioPlus-25mg,Neurology,Drug Interactions,Live During HCP Call,Redirected to Medical,19.1,0,0,3,
MSL-005397,2026-03-03,REP-016,NeuroX-75mg,Neurology,Clinical Trial Data,Live During HCP Call,Fully Answered,6.0,15.4,0,5,
MSL-005398,2026-03-03,REP-017,CardioPlus-25mg,Immunology,Clinical Trial Data,Pre-Meeting Prep,Fully Answered,7.8,18.8,1,5,HCP-0034
MSL-005399,2026-03-03,REP-021,NeuroX-75mg,Rare Disease,Drug Interactions,Pre-Meeting Prep,Partially Answered,15.9,19.0,0,3,
MSL-005400,2026-03-03,REP-021,DrugBeta-50mg,Rare Disease,Pharmacokinetics,Self-Study,Fully Answered,11.5,17.8,0,5,
MSL-005401,2026-03-03,REP-021,DrugAlpha-100mg,Rare Disease,Guidelines / Protocols,Pre-Meeting Prep,Partially Answered,17.1,15.3,1,3,HCP-0053
MSL-005402,2026-03-03,REP-021,NeuroX-75mg,Rare Disease,Drug Interactions,Pre-Meeting Prep,Fully Answered,7.3,15.7,0,4,
MSL-005403,2026-03-04,REP-002,DrugGamma-200mg,Oncology,Dosing Guidelines,Live During HCP Call,Fully Answered,9.9,5.6,1,5,HCP-0152
MSL-005404,2026-03-04,REP-004,DrugBeta-50mg,Cardiology,Drug Interactions,Pre-Meeting Prep,Partially Answered,18.8,10.1,0,3,
MSL-005405,2026-03-04,REP-004,DrugBeta-50mg,Cardiology,Drug Interactions,Live During HCP Call,Fully Answered,8.6,10.7,0,5,
MSL-005406,2026-03-04,REP-004,DrugGamma-200mg,Cardiology,Clinical Trial Data,Post-Call Follow-up,Fully Answered,9.5,13.4,0,5,
MSL-005407,2026-03-04,REP-004,DrugAlpha-100mg,Cardiology,Combination Therapy,Pre-Meeting Prep,Partially Answered,20.1,16.2,0,3,
MSL-005408,2026-03-04,REP-004,CardioPlus-25mg,Cardiology,Mechanism of Action,Live During HCP Call,Partially Answered,10.6,9.6,1,3,HCP-0119
MSL-005409,2026-03-04,REP-008,NeuroX-75mg,Immunology,Patient Selection Criteria,Pre-Meeting Prep,Fully Answered,1,15.3,1,5,HCP-0260
MSL-005410,2026-03-04,REP-008,CardioPlus-25mg,Immunology,Guidelines / Protocols,Pre-Meeting Prep,Partially Answered,26.4,13.5,1,4,HCP-0348
MSL-005411,2026-03-04,REP-009,DrugGamma-200mg,Cardiology,Clinical Trial Data,Live During HCP Call,Fully Answered,3.8,9.2,1,5,HCP-0023
MSL-005412,2026-03-04,REP-009,NeuroX-75mg,Cardiology,Biomarker Data,Post-Call Follow-up,Redirected to Medical,15.8,0,0,1,
MSL-005413,2026-03-04,REP-009,DrugGamma-200mg,Cardiology,Competitor Comparison,Post-Call Follow-up,Partially Answered,22.0,7.7,0,4,
MSL-005414,2026-03-04,REP-010,CardioPlus-25mg,Immunology,Long-term Outcomes,Post-Call Follow-up,Fully Answered,8.8,15.9,0,5,
MSL-005415,2026-03-04,REP-010,DrugAlpha-100mg,Immunology,Subgroup Analysis,Live During HCP Call,Partially Answered,15.7,3.2,0,4,
MSL-005416,2026-03-04,REP-010,DrugAlpha-100mg,Immunology,Dosing Guidelines,Pre-Meeting Prep,Fully Answered,8.7,8.2,1,5,HCP-0262
MSL-005417,2026-03-04,REP-010,DrugAlpha-100mg,Immunology,Competitor Comparison,Pre-Meeting Prep,Fully Answered,9.6,21.0,1,4,HCP-0042
MSL-005418,2026-03-04,REP-010,DrugBeta-50mg,Immunology,Pharmacokinetics,Live During HCP Call,Fully Answered,15.2,16.1,1,5,HCP-0324
MSL-005419,2026-03-04,REP-015,DrugBeta-50mg,Oncology,Adverse Events / Safety,Pre-Meeting Prep,Fully Answered,2.0,15.3,1,4,HCP-0346
MSL-005420,2026-03-04,REP-015,NeuroX-75mg,Oncology,Mechanism of Action,Pre-Meeting Prep,Fully Answered,7.7,6.6,0,5,
MSL-005421,2026-03-04,REP-015,DrugGamma-200mg,Oncology,Dosing Guidelines,Live During HCP Call,Partially Answered,13.0,7.8,0,4,
MSL-005422,2026-03-04,REP-016,DrugAlpha-100mg,Neurology,Combination Therapy,Post-Call Follow-up,Fully Answered,9.0,11.4,0,5,
MSL-005423,2026-03-04,REP-016,DrugBeta-50mg,Neurology,Pharmacokinetics,Pre-Meeting Prep,Fully Answered,5.6,10.7,1,5,HCP-0193
MSL-005424,2026-03-04,REP-016,DrugBeta-50mg,Neurology,Patient Selection Criteria,Live During HCP Call,Fully Answered,5.1,20.1,1,5,HCP-0041
MSL-005425,2026-03-04,REP-016,NeuroX-75mg,Neurology,Long-term Outcomes,Post-Call Follow-up,Partially Answered,8.3,11.2,0,3,
MSL-005426,2026-03-04,REP-016,NeuroX-75mg,Neurology,Real-World Evidence,Live During HCP Call,Partially Answered,13.5,15.8,1,3,HCP-0377
MSL-005427,2026-03-04,REP-016,DrugBeta-50mg,Neurology,Guidelines / Protocols,Pre-Meeting Prep,Partially Answered,11.2,11.1,0,4,
MSL-005428,2026-03-04,REP-016,DrugBeta-50mg,Neurology,Adverse Events / Safety,Pre-Meeting Prep,Fully Answered,2.1,11.7,1,5,HCP-0065
MSL-005429,2026-03-04,REP-016,DrugGamma-200mg,Neurology,Long-term Outcomes,Pre-Meeting Prep,Fully Answered,9.9,11.1,1,5,HCP-0114
MSL-005430,2026-03-04,REP-017,DrugGamma-200mg,Immunology,Clinical Trial Data,Post-Call Follow-up,Partially Answered,14.1,9.9,0,3,
MSL-005431,2026-03-04,REP-017,CardioPlus-25mg,Immunology,Off-label Evidence Request,Pre-Meeting Prep,Fully Answered,10.2,18.3,1,5,HCP-0091
MSL-005432,2026-03-04,REP-017,DrugAlpha-100mg,Immunology,Guidelines / Protocols,Self-Study,Fully Answered,9.8,16.3,0,5,
MSL-005433,2026-03-04,REP-017,DrugAlpha-100mg,Immunology,Off-label Evidence Request,Self-Study,Partially Answered,18.2,9.9,0,4,
MSL-005434,2026-03-04,REP-021,NeuroX-75mg,Rare Disease,Guidelines / Protocols,Pre-Meeting Prep,Fully Answered,7.4,18.4,0,5,
MSL-005435,2026-03-04,REP-021,DrugGamma-200mg,Rare Disease,Combination Therapy,Live During HCP Call,Redirected to Medical,35.8,0,0,1,
MSL-005436,2026-03-04,REP-021,DrugBeta-50mg,Rare Disease,Long-term Outcomes,Post-Call Follow-up,Fully Answered,10.7,15.0,0,4,
MSL-005437,2026-03-05,REP-002,DrugAlpha-100mg,Oncology,Guidelines / Protocols,Live During HCP Call,Fully Answered,13.4,19.8,1,5,HCP-0214
MSL-005438,2026-03-05,REP-002,DrugAlpha-100mg,Oncology,Off-label Evidence Request,Pre-Meeting Prep,Fully Answered,8.1,7.7,1,5,HCP-0217
MSL-005439,2026-03-05,REP-002,DrugAlpha-100mg,Oncology,Biomarker Data,Pre-Meeting Prep,Fully Answered,12.8,17.9,1,5,HCP-0132
MSL-005440,2026-03-05,REP-002,NeuroX-75mg,Oncology,Guidelines / Protocols,Pre-Meeting Prep,Partially Answered,19.3,13.1,1,4,HCP-0182
MSL-005441,2026-03-05,REP-004,DrugBeta-50mg,Cardiology,Off-label Evidence Request,Self-Study,Partially Answered,9.9,20.4,0,3,
MSL-005442,2026-03-05,REP-004,DrugGamma-200mg,Cardiology,Mechanism of Action,Post-Call Follow-up,Redirected to Medical,32.1,0,0,1,
MSL-005443,2026-03-05,REP-004,CardioPlus-25mg,Cardiology,Long-term Outcomes,Live During HCP Call,Fully Answered,8.1,12.8,1,4,HCP-0008
MSL-005444,2026-03-05,REP-004,DrugAlpha-100mg,Cardiology,Competitor Comparison,Pre-Meeting Prep,Fully Answered,9.2,15.3,1,5,HCP-0351
MSL-005445,2026-03-05,REP-004,DrugGamma-200mg,Cardiology,Mechanism of Action,Pre-Meeting Prep,Fully Answered,7.2,10.5,1,4,HCP-0140
MSL-005446,2026-03-05,REP-004,NeuroX-75mg,Cardiology,Patient Selection Criteria,Post-Call Follow-up,Fully Answered,6.4,7.8,0,5,
MSL-005447,2026-03-05,REP-004,NeuroX-75mg,Cardiology,Off-label Evidence Request,Post-Call Follow-up,Fully Answered,4.9,20.1,0,5,
MSL-005448,2026-03-05,REP-008,CardioPlus-25mg,Immunology,Drug Interactions,Pre-Meeting Prep,Partially Answered,12.7,9.8,1,4,HCP-0313
MSL-005449,2026-03-05,REP-008,DrugGamma-200mg,Immunology,Clinical Trial Data,Post-Call Follow-up,Partially Answered,13.4,15.1,0,3,
MSL-005450,2026-03-05,REP-008,CardioPlus-25mg,Immunology,Dosing Guidelines,Post-Call Follow-up,Fully Answered,7.3,15.2,0,5,
MSL-005451,2026-03-05,REP-008,CardioPlus-25mg,Immunology,Long-term Outcomes,Self-Study,Partially Answered,20.2,18.3,0,3,
MSL-005452,2026-03-05,REP-008,DrugAlpha-100mg,Immunology,Patient Selection Criteria,Post-Call Follow-up,Fully Answered,8.4,14.3,0,5,
MSL-005453,2026-03-05,REP-009,NeuroX-75mg,Cardiology,Long-term Outcomes,Pre-Meeting Prep,Fully Answered,5.8,10.6,1,5,HCP-0421
MSL-005454,2026-03-05,REP-009,DrugGamma-200mg,Cardiology,Real-World Evidence,Pre-Meeting Prep,No Answer Found,21.9,0,0,1,
MSL-005455,2026-03-05,REP-009,CardioPlus-25mg,Cardiology,Competitor Comparison,Pre-Meeting Prep,Fully Answered,10.7,16.0,1,5,HCP-0227
MSL-005456,2026-03-05,REP-009,DrugAlpha-100mg,Cardiology,Adverse Events / Safety,Pre-Meeting Prep,Partially Answered,16.1,13.8,0,4,
MSL-005457,2026-03-05,REP-010,DrugBeta-50mg,Immunology,Clinical Trial Data,Pre-Meeting Prep,No Answer Found,33.7,0,0,2,
MSL-005458,2026-03-05,REP-010,NeuroX-75mg,Immunology,Real-World Evidence,Live During HCP Call,Fully Answered,9.9,13.6,1,5,HCP-0094
MSL-005459,2026-03-05,REP-010,DrugBeta-50mg,Immunology,Biomarker Data,Pre-Meeting Prep,Fully Answered,6.0,10.9,1,5,HCP-0328
MSL-005460,2026-03-05,REP-010,DrugGamma-200mg,Immunology,Guidelines / Protocols,Self-Study,Redirected to Medical,23.8,0,0,1,
MSL-005461,2026-03-05,REP-010,DrugAlpha-100mg,Immunology,Biomarker Data,Pre-Meeting Prep,Fully Answered,12.5,19.1,0,5,
MSL-005462,2026-03-05,REP-010,DrugAlpha-100mg,Immunology,Guidelines / Protocols,Live During HCP Call,Partially Answered,6.4,11.9,1,3,HCP-0186
MSL-005463,2026-03-05,REP-010,DrugAlpha-100mg,Immunology,Pharmacokinetics,Pre-Meeting Prep,Fully Answered,8.4,15.2,1,5,HCP-0355
MSL-005464,2026-03-05,REP-010,DrugBeta-50mg,Immunology,Dosing Guidelines,Pre-Meeting Prep,Fully Answered,9.7,17.6,1,5,HCP-0311
MSL-005465,2026-03-05,REP-015,DrugAlpha-100mg,Oncology,Mechanism of Action,Live During HCP Call,Fully Answered,7.3,12.5,1,4,HCP-0215
MSL-005466,2026-03-05,REP-015,NeuroX-75mg,Oncology,Clinical Trial Data,Live During HCP Call,Fully Answered,5.6,17.2,1,5,HCP-0014
MSL-005467,2026-03-05,REP-016,CardioPlus-25mg,Neurology,Competitor Comparison,Pre-Meeting Prep,Partially Answered,23.4,10.3,1,4,HCP-0028
MSL-005468,2026-03-05,REP-016,DrugGamma-200mg,Neurology,Biomarker Data,Post-Call Follow-up,Fully Answered,8.3,14.2,0,4,
MSL-005469,2026-03-05,REP-016,NeuroX-75mg,Neurology,Biomarker Data,Self-Study,Fully Answered,11.3,8.7,0,4,
MSL-005470,2026-03-05,REP-016,NeuroX-75mg,Neurology,Off-label Evidence Request,Self-Study,Partially Answered,18.5,8.7,0,2,
MSL-005471,2026-03-05,REP-016,CardioPlus-25mg,Neurology,Guidelines / Protocols,Pre-Meeting Prep,Fully Answered,9.0,16.6,1,5,HCP-0200
MSL-005472,2026-03-05,REP-016,NeuroX-75mg,Neurology,Adverse Events / Safety,Pre-Meeting Prep,Fully Answered,11.0,9.0,0,5,
MSL-005473,2026-03-05,REP-021,NeuroX-75mg,Rare Disease,Dosing Guidelines,Self-Study,Fully Answered,8.1,14.1,0,5,
MSL-005474,2026-03-05,REP-021,DrugBeta-50mg,Rare Disease,Off-label Evidence Request,Live During HCP Call,Fully Answered,3.8,4.5,0,5,
MSL-005475,2026-03-05,REP-021,NeuroX-75mg,Rare Disease,Real-World Evidence,Pre-Meeting Prep,Partially Answered,22.7,6.0,1,4,HCP-0261
MSL-005476,2026-03-05,REP-021,DrugAlpha-100mg,Rare Disease,Dosing Guidelines,Self-Study,Fully Answered,4.9,15.6,0,5,
MSL-005477,2026-03-06,REP-002,DrugBeta-50mg,Oncology,Pharmacokinetics,Live During HCP Call,Fully Answered,8.0,11.7,1,5,HCP-0339
MSL-005478,2026-03-06,REP-002,NeuroX-75mg,Oncology,Guidelines / Protocols,Pre-Meeting Prep,No Answer Found,21.7,0,0,1,
MSL-005479,2026-03-06,REP-002,DrugAlpha-100mg,Oncology,Long-term Outcomes,Self-Study,No Answer Found,13.5,0,0,1,
MSL-005480,2026-03-06,REP-002,CardioPlus-25mg,Oncology,Subgroup Analysis,Post-Call Follow-up,Fully Answered,11.0,7.4,0,5,
MSL-005481,2026-03-06,REP-002,CardioPlus-25mg,Oncology,Mechanism of Action,Live During HCP Call,Fully Answered,8.4,11.4,0,5,
MSL-005482,2026-03-06,REP-004,DrugBeta-50mg,Cardiology,Biomarker Data,Pre-Meeting Prep,Fully Answered,6.8,11.4,1,5,HCP-0106
MSL-005483,2026-03-06,REP-004,DrugAlpha-100mg,Cardiology,Mechanism of Action,Live During HCP Call,Redirected to Medical,22.2,0,0,2,
MSL-005484,2026-03-06,REP-008,DrugAlpha-100mg,Immunology,Adverse Events / Safety,Live During HCP Call,Fully Answered,2.9,8.4,0,4,
MSL-005485,2026-03-06,REP-008,DrugAlpha-100mg,Immunology,Pharmacokinetics,Pre-Meeting Prep,Fully Answered,14.5,16.4,1,4,HCP-0212
MSL-005486,2026-03-06,REP-008,DrugAlpha-100mg,Immunology,Clinical Trial Data,Post-Call Follow-up,Fully Answered,1,13.3,0,4,
MSL-005487,2026-03-06,REP-009,DrugAlpha-100mg,Cardiology,Patient Selection Criteria,Live During HCP Call,Fully Answered,10.7,2,1,5,HCP-0410
MSL-005488,2026-03-06,REP-009,DrugBeta-50mg,Cardiology,Real-World Evidence,Self-Study,Fully Answered,10.1,2,0,5,
MSL-005489,2026-03-06,REP-009,DrugAlpha-100mg,Cardiology,Adverse Events / Safety,Pre-Meeting Prep,Fully Answered,4.7,10.8,1,4,HCP-0336
MSL-005490,2026-03-06,REP-009,DrugGamma-200mg,Cardiology,Dosing Guidelines,Pre-Meeting Prep,Partially Answered,4.6,2.1,1,3,HCP-0337
MSL-005491,2026-03-06,REP-009,NeuroX-75mg,Cardiology,Real-World Evidence,Pre-Meeting Prep,Partially Answered,11.8,19.0,1,3,HCP-0428
MSL-005492,2026-03-06,REP-009,CardioPlus-25mg,Cardiology,Adverse Events / Safety,Live During HCP Call,No Answer Found,16.6,0,0,1,
MSL-005493,2026-03-06,REP-009,NeuroX-75mg,Cardiology,Dosing Guidelines,Self-Study,Fully Answered,9.8,9.9,0,5,
MSL-005494,2026-03-06,REP-009,CardioPlus-25mg,Cardiology,Patient Selection Criteria,Post-Call Follow-up,Partially Answered,21.4,15.8,0,3,
MSL-005495,2026-03-06,REP-010,DrugGamma-200mg,Immunology,Off-label Evidence Request,Self-Study,No Answer Found,12.6,0,0,1,
MSL-005496,2026-03-06,REP-010,DrugAlpha-100mg,Immunology,Guidelines / Protocols,Pre-Meeting Prep,Fully Answered,9.5,11.1,1,5,HCP-0177
MSL-005497,2026-03-06,REP-015,DrugBeta-50mg,Oncology,Biomarker Data,Post-Call Follow-up,Fully Answered,3.5,18.8,0,5,
MSL-005498,2026-03-06,REP-015,CardioPlus-25mg,Oncology,Off-label Evidence Request,Post-Call Follow-up,Fully Answered,6.8,9.9,0,5,
MSL-005499,2026-03-06,REP-015,CardioPlus-25mg,Oncology,Real-World Evidence,Live During HCP Call,Fully Answered,8.5,7.9,1,5,HCP-0456
MSL-005500,2026-03-06,REP-015,DrugGamma-200mg,Oncology,Dosing Guidelines,Pre-Meeting Prep,No Answer Found,33.1,0,0,2,
MSL-005501,2026-03-06,REP-015,DrugGamma-200mg,Oncology,Biomarker Data,Pre-Meeting Prep,Fully Answered,2.4,18.6,0,5,
MSL-005502,2026-03-06,REP-016,DrugBeta-50mg,Neurology,Competitor Comparison,Self-Study,Fully Answered,10.6,16.7,0,4,
MSL-005503,2026-03-06,REP-017,NeuroX-75mg,Immunology,Subgroup Analysis,Self-Study,Fully Answered,6.4,16.5,0,5,
MSL-005504,2026-03-06,REP-017,DrugGamma-200mg,Immunology,Mechanism of Action,Live During HCP Call,Fully Answered,7.1,20.7,1,5,HCP-0284
MSL-005505,2026-03-06,REP-021,CardioPlus-25mg,Rare Disease,Mechanism of Action,Pre-Meeting Prep,Redirected to Medical,24.0,0,0,2,
MSL-005506,2026-03-06,REP-021,DrugBeta-50mg,Rare Disease,Off-label Evidence Request,Post-Call Follow-up,Fully Answered,6.0,15.0,0,5,
MSL-005507,2026-03-09,REP-002,CardioPlus-25mg,Oncology,Real-World Evidence,Live During HCP Call,Partially Answered,12.9,23.7,1,3,HCP-0016
MSL-005508,2026-03-09,REP-004,NeuroX-75mg,Cardiology,Long-term Outcomes,Post-Call Follow-up,Fully Answered,7.9,15.8,0,5,
MSL-005509,2026-03-09,REP-004,CardioPlus-25mg,Cardiology,Clinical Trial Data,Pre-Meeting Prep,Fully Answered,8.9,8.4,0,4,
MSL-005510,2026-03-09,REP-004,DrugAlpha-100mg,Cardiology,Dosing Guidelines,Live During HCP Call,Fully Answered,5.6,12.3,1,4,HCP-0136
MSL-005511,2026-03-09,REP-009,DrugGamma-200mg,Cardiology,Adverse Events / Safety,Live During HCP Call,Partially Answered,14.1,6.7,0,4,
MSL-005512,2026-03-09,REP-009,NeuroX-75mg,Cardiology,Mechanism of Action,Pre-Meeting Prep,Fully Answered,5.4,15.5,1,5,HCP-0374
MSL-005513,2026-03-09,REP-009,CardioPlus-25mg,Cardiology,Dosing Guidelines,Post-Call Follow-up,Partially Answered,9.1,12.1,0,3,
MSL-005514,2026-03-09,REP-010,DrugBeta-50mg,Immunology,Clinical Trial Data,Pre-Meeting Prep,Fully Answered,2.5,9.9,1,5,HCP-0402
MSL-005515,2026-03-09,REP-010,DrugAlpha-100mg,Immunology,Long-term Outcomes,Live During HCP Call,Fully Answered,8.7,16.2,1,5,HCP-0352
MSL-005516,2026-03-09,REP-010,CardioPlus-25mg,Immunology,Mechanism of Action,Live During HCP Call,No Answer Found,26.4,0,0,1,
MSL-005517,2026-03-09,REP-010,DrugGamma-200mg,Immunology,Competitor Comparison,Live During HCP Call,Fully Answered,6.8,7.4,1,4,HCP-0367
MSL-005518,2026-03-09,REP-015,DrugBeta-50mg,Oncology,Subgroup Analysis,Self-Study,Fully Answered,5.7,12.2,0,5,
MSL-005519,2026-03-09,REP-015,NeuroX-75mg,Oncology,Dosing Guidelines,Live During HCP Call,Fully Answered,6.9,2,1,4,HCP-0047
MSL-005520,2026-03-09,REP-015,CardioPlus-25mg,Oncology,Subgroup Analysis,Pre-Meeting Prep,Fully Answered,12.6,11.3,1,4,HCP-0198
MSL-005521,2026-03-09,REP-016,DrugAlpha-100mg,Neurology,Subgroup Analysis,Post-Call Follow-up,Fully Answered,9.7,8.2,0,5,
MSL-005522,2026-03-09,REP-016,NeuroX-75mg,Neurology,Biomarker Data,Pre-Meeting Prep,Redirected to Medical,12.2,0,0,2,
MSL-005523,2026-03-09,REP-016,NeuroX-75mg,Neurology,Patient Selection Criteria,Pre-Meeting Prep,Partially Answered,19.4,7.4,1,4,HCP-0434
MSL-005524,2026-03-09,REP-017,NeuroX-75mg,Immunology,Guidelines / Protocols,Live During HCP Call,Fully Answered,4.4,8.2,1,5,HCP-0366
MSL-005525,2026-03-09,REP-017,CardioPlus-25mg,Immunology,Combination Therapy,Post-Call Follow-up,Fully Answered,8.1,13.1,0,4,
MSL-005526,2026-03-09,REP-017,DrugAlpha-100mg,Immunology,Patient Selection Criteria,Self-Study,Fully Answered,11.9,7.9,0,4,
MSL-005527,2026-03-09,REP-017,CardioPlus-25mg,Immunology,Competitor Comparison,Live During HCP Call,Fully Answered,11.5,19.9,1,5,HCP-0136
MSL-005528,2026-03-09,REP-021,NeuroX-75mg,Rare Disease,Competitor Comparison,Pre-Meeting Prep,Fully Answered,8.3,25.9,1,5,HCP-0075
MSL-005529,2026-03-09,REP-021,NeuroX-75mg,Rare Disease,Drug Interactions,Live During HCP Call,Fully Answered,8.7,21.7,1,4,HCP-0295
MSL-005530,2026-03-09,REP-021,DrugBeta-50mg,Rare Disease,Dosing Guidelines,Post-Call Follow-up,Fully Answered,6.9,7.9,0,5,
MSL-005531,2026-03-09,REP-021,DrugGamma-200mg,Rare Disease,Off-label Evidence Request,Pre-Meeting Prep,Fully Answered,9.2,3.9,1,4,HCP-0029
MSL-005532,2026-03-09,REP-021,CardioPlus-25mg,Rare Disease,Drug Interactions,Self-Study,Fully Answered,7.6,16.7,0,5,
MSL-005533,2026-03-09,REP-021,DrugBeta-50mg,Rare Disease,Pharmacokinetics,Live During HCP Call,Partially Answered,15.9,10.2,1,3,HCP-0010
MSL-005534,2026-03-10,REP-002,DrugGamma-200mg,Oncology,Off-label Evidence Request,Pre-Meeting Prep,Fully Answered,5.0,13.5,1,5,HCP-0162
MSL-005535,2026-03-10,REP-002,DrugAlpha-100mg,Oncology,Off-label Evidence Request,Live During HCP Call,No Answer Found,6.3,0,0,1,
MSL-005536,2026-03-10,REP-002,DrugGamma-200mg,Oncology,Adverse Events / Safety,Self-Study,Fully Answered,12.2,18.7,0,5,
MSL-005537,2026-03-10,REP-002,DrugAlpha-100mg,Oncology,Competitor Comparison,Self-Study,No Answer Found,25.8,0,0,2,
MSL-005538,2026-03-10,REP-002,CardioPlus-25mg,Oncology,Mechanism of Action,Pre-Meeting Prep,Fully Answered,10.5,12.0,1,5,HCP-0315
MSL-005539,2026-03-10,REP-004,NeuroX-75mg,Cardiology,Combination Therapy,Pre-Meeting Prep,Redirected to Medical,36.2,0,0,1,
MSL-005540,2026-03-10,REP-004,DrugGamma-200mg,Cardiology,Combination Therapy,Pre-Meeting Prep,Fully Answered,8.9,16.8,0,5,
MSL-005541,2026-03-10,REP-004,DrugGamma-200mg,Cardiology,Patient Selection Criteria,Pre-Meeting Prep,Redirected to Medical,25.9,0,0,1,
MSL-005542,2026-03-10,REP-008,CardioPlus-25mg,Immunology,Guidelines / Protocols,Live During HCP Call,Fully Answered,12.6,15.1,1,5,HCP-0108
MSL-005543,2026-03-10,REP-008,DrugGamma-200mg,Immunology,Guidelines / Protocols,Post-Call Follow-up,Fully Answered,5.8,8.0,0,4,
MSL-005544,2026-03-10,REP-008,NeuroX-75mg,Immunology,Subgroup Analysis,Self-Study,Fully Answered,7.2,18.6,0,4,
MSL-005545,2026-03-10,REP-008,NeuroX-75mg,Immunology,Long-term Outcomes,Pre-Meeting Prep,Redirected to Medical,22.6,0,0,1,
MSL-005546,2026-03-10,REP-009,NeuroX-75mg,Cardiology,Subgroup Analysis,Live During HCP Call,Partially Answered,26.0,16.4,1,4,HCP-0334
MSL-005547,2026-03-10,REP-010,DrugAlpha-100mg,Immunology,Adverse Events / Safety,Pre-Meeting Prep,Fully Answered,5.4,11.3,1,5,HCP-0300
MSL-005548,2026-03-10,REP-010,DrugBeta-50mg,Immunology,Dosing Guidelines,Self-Study,Fully Answered,2.7,2,0,4,
MSL-005549,2026-03-10,REP-010,DrugBeta-50mg,Immunology,Pharmacokinetics,Live During HCP Call,Partially Answered,17.4,9.7,0,3,
MSL-005550,2026-03-10,REP-010,NeuroX-75mg,Immunology,Real-World Evidence,Pre-Meeting Prep,No Answer Found,22.3,0,0,1,
MSL-005551,2026-03-10,REP-010,DrugGamma-200mg,Immunology,Real-World Evidence,Post-Call Follow-up,Partially Answered,18.1,15.4,0,4,
MSL-005552,2026-03-10,REP-015,DrugBeta-50mg,Oncology,Adverse Events / Safety,Live During HCP Call,Fully Answered,7.7,15.4,0,5,
MSL-005553,2026-03-10,REP-015,NeuroX-75mg,Oncology,Adverse Events / Safety,Post-Call Follow-up,Partially Answered,23.9,11.5,0,4,
MSL-005554,2026-03-10,REP-015,DrugAlpha-100mg,Oncology,Subgroup Analysis,Live During HCP Call,Fully Answered,8.9,9.1,1,4,HCP-0087
MSL-005555,2026-03-10,REP-015,DrugBeta-50mg,Oncology,Pharmacokinetics,Post-Call Follow-up,Fully Answered,12.3,2,0,5,
MSL-005556,2026-03-10,REP-015,DrugGamma-200mg,Oncology,Patient Selection Criteria,Live During HCP Call,Partially Answered,14.0,15.7,0,4,
MSL-005557,2026-03-10,REP-016,DrugBeta-50mg,Neurology,Adverse Events / Safety,Pre-Meeting Prep,Fully Answered,8.3,12.5,1,5,HCP-0407
MSL-005558,2026-03-10,REP-016,DrugBeta-50mg,Neurology,Combination Therapy,Live During HCP Call,Redirected to Medical,41.5,0,0,2,
MSL-005559,2026-03-10,REP-016,DrugBeta-50mg,Neurology,Patient Selection Criteria,Post-Call Follow-up,Fully Answered,7.0,14.6,0,5,
MSL-005560,2026-03-10,REP-021,DrugBeta-50mg,Rare Disease,Drug Interactions,Live During HCP Call,Partially Answered,22.1,21.0,1,2,HCP-0208
MSL-005561,2026-03-10,REP-021,DrugGamma-200mg,Rare Disease,Mechanism of Action,Pre-Meeting Prep,Fully Answered,8.8,20.7,1,4,HCP-0423
MSL-005562,2026-03-10,REP-021,DrugGamma-200mg,Rare Disease,Clinical Trial Data,Pre-Meeting Prep,Partially Answered,10.4,8.1,1,4,HCP-0210
MSL-005563,2026-03-11,REP-002,DrugAlpha-100mg,Oncology,Subgroup Analysis,Post-Call Follow-up,Fully Answered,11.1,10.3,0,4,
MSL-005564,2026-03-11,REP-002,DrugGamma-200mg,Oncology,Patient Selection Criteria,Self-Study,Redirected to Medical,27.0,0,0,1,
MSL-005565,2026-03-11,REP-004,NeuroX-75mg,Cardiology,Biomarker Data,Pre-Meeting Prep,Fully Answered,7.6,14.6,1,5,HCP-0053
MSL-005566,2026-03-11,REP-004,NeuroX-75mg,Cardiology,Off-label Evidence Request,Post-Call Follow-up,Fully Answered,6.7,12.9,0,5,
MSL-005567,2026-03-11,REP-004,NeuroX-75mg,Cardiology,Pharmacokinetics,Live During HCP Call,Fully Answered,5.0,10.8,1,5,HCP-0147
MSL-005568,2026-03-11,REP-004,DrugGamma-200mg,Cardiology,Off-label Evidence Request,Pre-Meeting Prep,Fully Answered,4.8,11.6,1,4,HCP-0377
MSL-005569,2026-03-11,REP-004,DrugBeta-50mg,Cardiology,Combination Therapy,Pre-Meeting Prep,No Answer Found,10.6,0,0,3,
MSL-005570,2026-03-11,REP-004,NeuroX-75mg,Cardiology,Long-term Outcomes,Live During HCP Call,Fully Answered,10.2,8.9,1,5,HCP-0321
MSL-005571,2026-03-11,REP-008,NeuroX-75mg,Immunology,Biomarker Data,Pre-Meeting Prep,Fully Answered,8.1,13.4,1,5,HCP-0426
MSL-005572,2026-03-11,REP-008,DrugAlpha-100mg,Immunology,Adverse Events / Safety,Post-Call Follow-up,Partially Answered,17.7,10.1,0,4,
MSL-005573,2026-03-11,REP-008,DrugBeta-50mg,Immunology,Drug Interactions,Self-Study,Redirected to Medical,20.3,0,0,1,
MSL-005574,2026-03-11,REP-009,DrugBeta-50mg,Cardiology,Off-label Evidence Request,Post-Call Follow-up,Fully Answered,9.9,13.8,0,5,
MSL-005575,2026-03-11,REP-009,DrugGamma-200mg,Cardiology,Subgroup Analysis,Pre-Meeting Prep,Fully Answered,9.9,9.3,1,5,HCP-0459
MSL-005576,2026-03-11,REP-009,NeuroX-75mg,Cardiology,Combination Therapy,Self-Study,Fully Answered,1.6,8.1,0,4,
MSL-005577,2026-03-11,REP-009,DrugBeta-50mg,Cardiology,Dosing Guidelines,Post-Call Follow-up,Fully Answered,12.6,3.0,0,5,
MSL-005578,2026-03-11,REP-010,DrugBeta-50mg,Immunology,Real-World Evidence,Live During HCP Call,Fully Answered,6.9,18.2,1,5,HCP-0038
MSL-005579,2026-03-11,REP-010,DrugGamma-200mg,Immunology,Biomarker Data,Self-Study,Fully Answered,10.4,9.5,0,5,
MSL-005580,2026-03-11,REP-010,DrugGamma-200mg,Immunology,Adverse Events / Safety,Pre-Meeting Prep,Fully Answered,9.2,15.6,0,4,
MSL-005581,2026-03-11,REP-015,NeuroX-75mg,Oncology,Off-label Evidence Request,Pre-Meeting Prep,No Answer Found,28.3,0,0,3,
MSL-005582,2026-03-11,REP-015,DrugBeta-50mg,Oncology,Real-World Evidence,Self-Study,Partially Answered,13.0,9.7,0,3,
MSL-005583,2026-03-11,REP-015,DrugAlpha-100mg,Oncology,Clinical Trial Data,Pre-Meeting Prep,Fully Answered,11.5,18.9,0,5,
MSL-005584,2026-03-11,REP-015,DrugBeta-50mg,Oncology,Biomarker Data,Pre-Meeting Prep,Fully Answered,9.8,22.0,0,5,
MSL-005585,2026-03-11,REP-016,DrugAlpha-100mg,Neurology,Biomarker Data,Pre-Meeting Prep,Partially Answered,16.9,11.8,0,3,
MSL-005586,2026-03-11,REP-017,NeuroX-75mg,Immunology,Adverse Events / Safety,Live During HCP Call,Fully Answered,9.6,6.0,1,5,HCP-0292
MSL-005587,2026-03-11,REP-017,DrugGamma-200mg,Immunology,Adverse Events / Safety,Self-Study,Fully Answered,9.5,10.7,0,4,
MSL-005588,2026-03-11,REP-017,DrugGamma-200mg,Immunology,Biomarker Data,Pre-Meeting Prep,Fully Answered,8.3,2.8,1,5,HCP-0433
MSL-005589,2026-03-11,REP-021,CardioPlus-25mg,Rare Disease,Combination Therapy,Pre-Meeting Prep,Fully Answered,10.2,15.5,1,5,HCP-0171
MSL-005590,2026-03-11,REP-021,DrugGamma-200mg,Rare Disease,Dosing Guidelines,Live During HCP Call,Fully Answered,7.2,15.7,1,4,HCP-0319
MSL-005591,2026-03-11,REP-021,DrugGamma-200mg,Rare Disease,Biomarker Data,Post-Call Follow-up,Fully Answered,4.4,16.9,0,4,
MSL-005592,2026-03-12,REP-002,NeuroX-75mg,Oncology,Guidelines / Protocols,Post-Call Follow-up,No Answer Found,36.1,0,0,2,
MSL-005593,2026-03-12,REP-002,CardioPlus-25mg,Oncology,Drug Interactions,Pre-Meeting Prep,Redirected to Medical,23.7,0,0,1,
MSL-005594,2026-03-12,REP-002,DrugAlpha-100mg,Oncology,Subgroup Analysis,Live During HCP Call,Fully Answered,11.2,23.6,1,5,HCP-0073
MSL-005595,2026-03-12,REP-002,CardioPlus-25mg,Oncology,Competitor Comparison,Live During HCP Call,Fully Answered,5.1,16.8,1,4,HCP-0148
MSL-005596,2026-03-12,REP-002,DrugGamma-200mg,Oncology,Guidelines / Protocols,Self-Study,Fully Answered,10.6,21.0,0,4,
MSL-005597,2026-03-12,REP-002,DrugGamma-200mg,Oncology,Off-label Evidence Request,Pre-Meeting Prep,Partially Answered,6.6,18.9,1,4,HCP-0337
MSL-005598,2026-03-12,REP-004,DrugGamma-200mg,Cardiology,Clinical Trial Data,Post-Call Follow-up,Fully Answered,8.6,15.9,0,5,
MSL-005599,2026-03-12,REP-004,DrugGamma-200mg,Cardiology,Clinical Trial Data,Pre-Meeting Prep,Fully Answered,7.3,20.9,0,5,
MSL-005600,2026-03-12,REP-008,DrugBeta-50mg,Immunology,Combination Therapy,Post-Call Follow-up,Fully Answered,10.5,13.2,0,5,
MSL-005601,2026-03-12,REP-008,DrugGamma-200mg,Immunology,Mechanism of Action,Self-Study,Fully Answered,10.7,10.4,0,5,
MSL-005602,2026-03-12,REP-008,CardioPlus-25mg,Immunology,Mechanism of Action,Self-Study,Fully Answered,9.8,5.9,0,4,
MSL-005603,2026-03-12,REP-008,DrugAlpha-100mg,Immunology,Adverse Events / Safety,Pre-Meeting Prep,No Answer Found,18.4,0,0,2,
MSL-005604,2026-03-12,REP-009,NeuroX-75mg,Cardiology,Pharmacokinetics,Live During HCP Call,Redirected to Medical,16.7,0,0,2,
MSL-005605,2026-03-12,REP-009,CardioPlus-25mg,Cardiology,Subgroup Analysis,Post-Call Follow-up,Redirected to Medical,25.1,0,0,1,
MSL-005606,2026-03-12,REP-009,NeuroX-75mg,Cardiology,Adverse Events / Safety,Self-Study,Fully Answered,7.3,9.0,0,4,
MSL-005607,2026-03-12,REP-009,DrugBeta-50mg,Cardiology,Dosing Guidelines,Self-Study,Partially Answered,16.9,16.2,0,3,
MSL-005608,2026-03-12,REP-009,NeuroX-75mg,Cardiology,Mechanism of Action,Live During HCP Call,Partially Answered,12.4,15.6,1,3,HCP-0479
MSL-005609,2026-03-12,REP-009,NeuroX-75mg,Cardiology,Pharmacokinetics,Pre-Meeting Prep,Fully Answered,10.1,16.6,0,5,
MSL-005610,2026-03-12,REP-010,CardioPlus-25mg,Immunology,Patient Selection Criteria,Pre-Meeting Prep,Fully Answered,5.4,16.6,1,5,HCP-0464
MSL-005611,2026-03-12,REP-010,DrugGamma-200mg,Immunology,Drug Interactions,Pre-Meeting Prep,Fully Answered,4.6,11.9,1,4,HCP-0272
MSL-005612,2026-03-12,REP-010,DrugGamma-200mg,Immunology,Adverse Events / Safety,Post-Call Follow-up,Partially Answered,17.8,2,0,3,
MSL-005613,2026-03-12,REP-015,DrugBeta-50mg,Oncology,Mechanism of Action,Live During HCP Call,Fully Answered,6.2,21.6,0,5,
MSL-005614,2026-03-12,REP-015,CardioPlus-25mg,Oncology,Adverse Events / Safety,Live During HCP Call,Partially Answered,15.5,19.8,1,3,HCP-0464
MSL-005615,2026-03-12,REP-015,DrugBeta-50mg,Oncology,Combination Therapy,Self-Study,Fully Answered,6.8,18.7,0,5,
MSL-005616,2026-03-12,REP-015,NeuroX-75mg,Oncology,Clinical Trial Data,Pre-Meeting Prep,Partially Answered,14.8,2,1,4,HCP-0370
MSL-005617,2026-03-12,REP-016,NeuroX-75mg,Neurology,Pharmacokinetics,Self-Study,Fully Answered,7.3,6.9,0,4,
MSL-005618,2026-03-12,REP-016,DrugAlpha-100mg,Neurology,Real-World Evidence,Pre-Meeting Prep,Fully Answered,5.9,13.1,0,5,
MSL-005619,2026-03-12,REP-016,DrugGamma-200mg,Neurology,Long-term Outcomes,Live During HCP Call,Partially Answered,13.1,5.7,1,3,HCP-0113
MSL-005620,2026-03-12,REP-017,DrugGamma-200mg,Immunology,Dosing Guidelines,Pre-Meeting Prep,Partially Answered,15.1,14.9,1,3,HCP-0469
MSL-005621,2026-03-12,REP-017,DrugGamma-200mg,Immunology,Combination Therapy,Self-Study,No Answer Found,30.2,0,0,2,
MSL-005622,2026-03-12,REP-017,DrugAlpha-100mg,Immunology,Adverse Events / Safety,Post-Call Follow-up,Fully Answered,6.8,8.5,0,5,
MSL-005623,2026-03-12,REP-021,NeuroX-75mg,Rare Disease,Patient Selection Criteria,Pre-Meeting Prep,Fully Answered,14.2,2,1,4,HCP-0095
MSL-005624,2026-03-12,REP-021,DrugAlpha-100mg,Rare Disease,Clinical Trial Data,Self-Study,Fully Answered,12.0,13.9,0,5,
MSL-005625,2026-03-12,REP-021,DrugBeta-50mg,Rare Disease,Pharmacokinetics,Post-Call Follow-up,Partially Answered,22.0,8.2,0,3,
MSL-005626,2026-03-12,REP-021,CardioPlus-25mg,Rare Disease,Competitor Comparison,Live During HCP Call,Fully Answered,9.7,14.9,1,5,HCP-0134
MSL-005627,2026-03-12,REP-021,CardioPlus-25mg,Rare Disease,Pharmacokinetics,Pre-Meeting Prep,Partially Answered,15.0,10.9,1,3,HCP-0128
MSL-005628,2026-03-13,REP-002,NeuroX-75mg,Oncology,Combination Therapy,Live During HCP Call,Partially Answered,15.0,5.6,1,3,HCP-0261
MSL-005629,2026-03-13,REP-002,DrugAlpha-100mg,Oncology,Drug Interactions,Live During HCP Call,Fully Answered,6.6,18.2,0,5,
MSL-005630,2026-03-13,REP-002,DrugBeta-50mg,Oncology,Pharmacokinetics,Self-Study,Partially Answered,13.7,20.6,0,2,
MSL-005631,2026-03-13,REP-002,DrugAlpha-100mg,Oncology,Off-label Evidence Request,Post-Call Follow-up,Fully Answered,6.7,9.4,0,5,
MSL-005632,2026-03-13,REP-002,DrugAlpha-100mg,Oncology,Dosing Guidelines,Pre-Meeting Prep,Fully Answered,8.1,7.9,1,5,HCP-0418
MSL-005633,2026-03-13,REP-004,DrugBeta-50mg,Cardiology,Subgroup Analysis,Live During HCP Call,Fully Answered,6.2,16.3,0,5,
MSL-005634,2026-03-13,REP-008,DrugBeta-50mg,Immunology,Pharmacokinetics,Live During HCP Call,Fully Answered,4.0,7.4,1,5,HCP-0042
MSL-005635,2026-03-13,REP-008,DrugBeta-50mg,Immunology,Clinical Trial Data,Self-Study,Partially Answered,10.7,10.2,0,3,
MSL-005636,2026-03-13,REP-008,NeuroX-75mg,Immunology,Adverse Events / Safety,Self-Study,Fully Answered,9.0,18.4,0,5,
MSL-005637,2026-03-13,REP-009,DrugBeta-50mg,Cardiology,Adverse Events / Safety,Pre-Meeting Prep,Fully Answered,9.7,14.5,1,5,HCP-0332
MSL-005638,2026-03-13,REP-009,DrugGamma-200mg,Cardiology,Clinical Trial Data,Self-Study,Fully Answered,10.6,9.8,0,5,
MSL-005639,2026-03-13,REP-009,DrugAlpha-100mg,Cardiology,Long-term Outcomes,Self-Study,Fully Answered,11.1,13.3,0,5,
MSL-005640,2026-03-13,REP-010,DrugAlpha-100mg,Immunology,Drug Interactions,Live During HCP Call,Partially Answered,9.4,10.5,1,3,HCP-0139
MSL-005641,2026-03-13,REP-010,NeuroX-75mg,Immunology,Patient Selection Criteria,Pre-Meeting Prep,Fully Answered,7.9,15.7,0,4,
MSL-005642,2026-03-13,REP-010,CardioPlus-25mg,Immunology,Patient Selection Criteria,Post-Call Follow-up,Partially Answered,15.2,2,0,4,
MSL-005643,2026-03-13,REP-015,DrugBeta-50mg,Oncology,Off-label Evidence Request,Live During HCP Call,Fully Answered,9.5,13.0,0,5,
MSL-005644,2026-03-13,REP-016,DrugBeta-50mg,Neurology,Long-term Outcomes,Post-Call Follow-up,No Answer Found,32.8,0,0,1,
MSL-005645,2026-03-13,REP-016,NeuroX-75mg,Neurology,Adverse Events / Safety,Live During HCP Call,Partially Answered,6.2,19.7,1,4,HCP-0446
MSL-005646,2026-03-13,REP-016,NeuroX-75mg,Neurology,Pharmacokinetics,Post-Call Follow-up,Fully Answered,9.9,9.3,0,5,
MSL-005647,2026-03-13,REP-016,DrugGamma-200mg,Neurology,Biomarker Data,Post-Call Follow-up,Fully Answered,10.2,15.5,0,5,
MSL-005648,2026-03-13,REP-017,DrugGamma-200mg,Immunology,Adverse Events / Safety,Self-Study,Fully Answered,9.3,24.0,0,5,
MSL-005649,2026-03-13,REP-017,DrugGamma-200mg,Immunology,Clinical Trial Data,Live During HCP Call,Fully Answered,6.5,12.8,1,4,HCP-0295
MSL-005650,2026-03-13,REP-017,DrugGamma-200mg,Immunology,Guidelines / Protocols,Post-Call Follow-up,No Answer Found,44.9,0,0,1,
MSL-005651,2026-03-13,REP-017,NeuroX-75mg,Immunology,Subgroup Analysis,Live During HCP Call,Fully Answered,8.4,9.2,1,4,HCP-0109
MSL-005652,2026-03-13,REP-021,NeuroX-75mg,Rare Disease,Pharmacokinetics,Live During HCP Call,No Answer Found,17.5,0,0,1,
MSL-005653,2026-03-13,REP-021,CardioPlus-25mg,Rare Disease,Competitor Comparison,Self-Study,Fully Answered,10.4,2.8,0,5,
MSL-005654,2026-03-13,REP-021,NeuroX-75mg,Rare Disease,Patient Selection Criteria,Live During HCP Call,Fully Answered,5.7,21.4,1,4,HCP-0100
MSL-005655,2026-03-13,REP-021,NeuroX-75mg,Rare Disease,Dosing Guidelines,Self-Study,Fully Answered,9.8,9.1,0,5,
MSL-005656,2026-03-13,REP-021,NeuroX-75mg,Rare Disease,Subgroup Analysis,Pre-Meeting Prep,Redirected to Medical,15.4,0,0,3,
MSL-005657,2026-03-13,REP-021,DrugAlpha-100mg,Rare Disease,Clinical Trial Data,Live During HCP Call,Partially Answered,15.7,19.4,1,3,HCP-0078
MSL-005658,2026-03-16,REP-002,DrugGamma-200mg,Oncology,Guidelines / Protocols,Pre-Meeting Prep,Fully Answered,5.0,4.6,1,5,HCP-0008
MSL-005659,2026-03-16,REP-002,CardioPlus-25mg,Oncology,Subgroup Analysis,Live During HCP Call,Fully Answered,7.4,11.1,1,5,HCP-0255
MSL-005660,2026-03-16,REP-004,NeuroX-75mg,Cardiology,Competitor Comparison,Live During HCP Call,Partially Answered,13.0,12.3,0,3,
MSL-005661,2026-03-16,REP-004,DrugGamma-200mg,Cardiology,Adverse Events / Safety,Pre-Meeting Prep,Fully Answered,11.0,12.7,1,4,HCP-0405
MSL-005662,2026-03-16,REP-004,DrugGamma-200mg,Cardiology,Mechanism of Action,Self-Study,Fully Answered,8.3,13.0,0,5,
MSL-005663,2026-03-16,REP-004,NeuroX-75mg,Cardiology,Adverse Events / Safety,Post-Call Follow-up,Fully Answered,11.6,16.7,0,5,
MSL-005664,2026-03-16,REP-004,NeuroX-75mg,Cardiology,Mechanism of Action,Post-Call Follow-up,Fully Answered,5.3,8.9,0,5,
MSL-005665,2026-03-16,REP-008,CardioPlus-25mg,Immunology,Combination Therapy,Live During HCP Call,Fully Answered,7.6,5.7,0,5,
MSL-005666,2026-03-16,REP-008,DrugBeta-50mg,Immunology,Biomarker Data,Pre-Meeting Prep,Fully Answered,14.3,9.0,1,4,HCP-0390
MSL-005667,2026-03-16,REP-008,DrugGamma-200mg,Immunology,Long-term Outcomes,Pre-Meeting Prep,Partially Answered,14.8,14.8,1,3,HCP-0444
MSL-005668,2026-03-16,REP-008,DrugBeta-50mg,Immunology,Drug Interactions,Pre-Meeting Prep,Fully Answered,3.2,18.7,1,5,HCP-0468
MSL-005669,2026-03-16,REP-008,NeuroX-75mg,Immunology,Mechanism of Action,Post-Call Follow-up,Fully Answered,10.9,8.8,0,4,
MSL-005670,2026-03-16,REP-009,CardioPlus-25mg,Cardiology,Real-World Evidence,Self-Study,Fully Answered,2.4,14.7,0,4,
MSL-005671,2026-03-16,REP-009,DrugAlpha-100mg,Cardiology,Mechanism of Action,Post-Call Follow-up,Fully Answered,1,15.6,0,4,
MSL-005672,2026-03-16,REP-010,DrugGamma-200mg,Immunology,Patient Selection Criteria,Pre-Meeting Prep,Fully Answered,6.0,3.8,1,4,HCP-0369
MSL-005673,2026-03-16,REP-010,DrugBeta-50mg,Immunology,Mechanism of Action,Pre-Meeting Prep,Redirected to Medical,25.0,0,0,2,
MSL-005674,2026-03-16,REP-010,DrugGamma-200mg,Immunology,Competitor Comparison,Pre-Meeting Prep,Fully Answered,10.4,17.3,1,5,HCP-0141
MSL-005675,2026-03-16,REP-010,DrugGamma-200mg,Immunology,Subgroup Analysis,Pre-Meeting Prep,Fully Answered,11.6,16.9,1,4,HCP-0137
MSL-005676,2026-03-16,REP-015,DrugBeta-50mg,Oncology,Competitor Comparison,Post-Call Follow-up,Fully Answered,14.9,15.4,0,5,
MSL-005677,2026-03-16,REP-015,DrugBeta-50mg,Oncology,Subgroup Analysis,Pre-Meeting Prep,Fully Answered,1,7.3,1,4,HCP-0443
MSL-005678,2026-03-16,REP-015,CardioPlus-25mg,Oncology,Off-label Evidence Request,Pre-Meeting Prep,Fully Answered,11.4,15.9,1,4,HCP-0208
MSL-005679,2026-03-16,REP-016,DrugBeta-50mg,Neurology,Adverse Events / Safety,Self-Study,Fully Answered,9.5,15.6,0,5,
MSL-005680,2026-03-16,REP-016,NeuroX-75mg,Neurology,Adverse Events / Safety,Pre-Meeting Prep,Fully Answered,5.2,15.0,1,5,HCP-0276
MSL-005681,2026-03-16,REP-016,DrugBeta-50mg,Neurology,Guidelines / Protocols,Self-Study,Fully Answered,8.1,8.5,0,5,
MSL-005682,2026-03-16,REP-016,NeuroX-75mg,Neurology,Competitor Comparison,Post-Call Follow-up,Fully Answered,3.4,15.0,0,4,
MSL-005683,2026-03-16,REP-017,NeuroX-75mg,Immunology,Combination Therapy,Post-Call Follow-up,Fully Answered,8.4,13.8,0,4,
MSL-005684,2026-03-16,REP-017,NeuroX-75mg,Immunology,Guidelines / Protocols,Post-Call Follow-up,Partially Answered,18.5,7.3,0,3,
MSL-005685,2026-03-16,REP-017,DrugGamma-200mg,Immunology,Off-label Evidence Request,Pre-Meeting Prep,No Answer Found,28.4,0,0,3,
MSL-005686,2026-03-16,REP-017,DrugGamma-200mg,Immunology,Real-World Evidence,Self-Study,Fully Answered,5.2,9.8,0,4,
MSL-005687,2026-03-16,REP-017,DrugBeta-50mg,Immunology,Adverse Events / Safety,Self-Study,Partially Answered,14.8,3.6,0,2,
MSL-005688,2026-03-16,REP-021,CardioPlus-25mg,Rare Disease,Long-term Outcomes,Live During HCP Call,Partially Answered,12.5,9.7,1,4,HCP-0421
MSL-005689,2026-03-17,REP-002,DrugBeta-50mg,Oncology,Dosing Guidelines,Live During HCP Call,Fully Answered,8.4,5.9,1,5,HCP-0287
MSL-005690,2026-03-17,REP-008,DrugAlpha-100mg,Immunology,Off-label Evidence Request,Pre-Meeting Prep,Fully Answered,10.0,17.4,1,5,HCP-0409
MSL-005691,2026-03-17,REP-008,CardioPlus-25mg,Immunology,Off-label Evidence Request,Post-Call Follow-up,Redirected to Medical,24.4,0,0,1,
MSL-005692,2026-03-17,REP-008,NeuroX-75mg,Immunology,Mechanism of Action,Self-Study,Fully Answered,7.9,9.3,0,5,
MSL-005693,2026-03-17,REP-008,DrugAlpha-100mg,Immunology,Combination Therapy,Live During HCP Call,Fully Answered,10.3,10.2,0,5,
MSL-005694,2026-03-17,REP-009,NeuroX-75mg,Cardiology,Patient Selection Criteria,Self-Study,No Answer Found,26.9,0,0,2,
MSL-005695,2026-03-17,REP-009,DrugAlpha-100mg,Cardiology,Patient Selection Criteria,Pre-Meeting Prep,Partially Answered,15.7,16.0,1,3,HCP-0156
MSL-005696,2026-03-17,REP-009,DrugAlpha-100mg,Cardiology,Dosing Guidelines,Pre-Meeting Prep,Fully Answered,7.7,11.1,1,5,HCP-0207
MSL-005697,2026-03-17,REP-009,DrugGamma-200mg,Cardiology,Clinical Trial Data,Pre-Meeting Prep,Partially Answered,10.7,13.0,1,2,HCP-0415
MSL-005698,2026-03-17,REP-010,DrugBeta-50mg,Immunology,Guidelines / Protocols,Pre-Meeting Prep,Partially Answered,14.6,2,1,4,HCP-0394
MSL-005699,2026-03-17,REP-010,DrugAlpha-100mg,Immunology,Adverse Events / Safety,Self-Study,Fully Answered,11.7,15.4,0,5,
MSL-005700,2026-03-17,REP-015,NeuroX-75mg,Oncology,Mechanism of Action,Self-Study,Fully Answered,4.9,15.4,0,5,
MSL-005701,2026-03-17,REP-015,DrugBeta-50mg,Oncology,Patient Selection Criteria,Live During HCP Call,No Answer Found,43.0,0,0,3,
MSL-005702,2026-03-17,REP-015,DrugGamma-200mg,Oncology,Drug Interactions,Live During HCP Call,Partially Answered,17.0,4.4,1,4,HCP-0327
MSL-005703,2026-03-17,REP-015,DrugAlpha-100mg,Oncology,Subgroup Analysis,Live During HCP Call,Fully Answered,9.3,7.9,1,5,HCP-0101
MSL-005704,2026-03-17,REP-016,DrugAlpha-100mg,Neurology,Off-label Evidence Request,Pre-Meeting Prep,Fully Answered,5.8,15.7,1,5,HCP-0176
MSL-005705,2026-03-17,REP-016,DrugAlpha-100mg,Neurology,Pharmacokinetics,Live During HCP Call,Fully Answered,2.2,10.9,1,4,HCP-0008
MSL-005706,2026-03-17,REP-016,CardioPlus-25mg,Neurology,Clinical Trial Data,Post-Call Follow-up,Redirected to Medical,29.9,0,0,1,
MSL-005707,2026-03-17,REP-016,DrugBeta-50mg,Neurology,Off-label Evidence Request,Live During HCP Call,Fully Answered,13.8,12.5,0,5,
MSL-005708,2026-03-18,REP-002,DrugBeta-50mg,Oncology,Patient Selection Criteria,Self-Study,Fully Answered,10.5,16.8,0,5,
MSL-005709,2026-03-18,REP-002,DrugGamma-200mg,Oncology,Clinical Trial Data,Post-Call Follow-up,Fully Answered,9.6,10.9,0,5,
MSL-005710,2026-03-18,REP-002,NeuroX-75mg,Oncology,Long-term Outcomes,Post-Call Follow-up,No Answer Found,24.4,0,0,2,
MSL-005711,2026-03-18,REP-002,CardioPlus-25mg,Oncology,Long-term Outcomes,Pre-Meeting Prep,Fully Answered,8.0,11.2,1,4,HCP-0121
MSL-005712,2026-03-18,REP-002,DrugGamma-200mg,Oncology,Pharmacokinetics,Pre-Meeting Prep,Partially Answered,10.6,10.7,1,3,HCP-0071
MSL-005713,2026-03-18,REP-002,CardioPlus-25mg,Oncology,Dosing Guidelines,Live During HCP Call,Partially Answered,23.0,6.4,0,3,
MSL-005714,2026-03-18,REP-002,DrugGamma-200mg,Oncology,Long-term Outcomes,Self-Study,Fully Answered,4.5,11.3,0,4,
MSL-005715,2026-03-18,REP-004,CardioPlus-25mg,Cardiology,Pharmacokinetics,Self-Study,Fully Answered,9.7,4.3,0,5,
MSL-005716,2026-03-18,REP-008,DrugGamma-200mg,Immunology,Biomarker Data,Self-Study,Redirected to Medical,14.9,0,0,2,
MSL-005717,2026-03-18,REP-008,NeuroX-75mg,Immunology,Subgroup Analysis,Pre-Meeting Prep,Fully Answered,7.6,21.6,1,5,HCP-0100
MSL-005718,2026-03-18,REP-009,CardioPlus-25mg,Cardiology,Guidelines / Protocols,Post-Call Follow-up,Fully Answered,7.3,13.4,0,5,
MSL-005719,2026-03-18,REP-009,DrugBeta-50mg,Cardiology,Subgroup Analysis,Live During HCP Call,Fully Answered,9.0,18.1,1,4,HCP-0442
MSL-005720,2026-03-18,REP-009,DrugGamma-200mg,Cardiology,Clinical Trial Data,Live During HCP Call,Fully Answered,7.4,10.0,1,4,HCP-0394
MSL-005721,2026-03-18,REP-010,NeuroX-75mg,Immunology,Pharmacokinetics,Pre-Meeting Prep,No Answer Found,21.7,0,0,3,
MSL-005722,2026-03-18,REP-015,DrugGamma-200mg,Oncology,Drug Interactions,Post-Call Follow-up,Partially Answered,16.1,18.5,0,3,
MSL-005723,2026-03-18,REP-015,DrugGamma-200mg,Oncology,Real-World Evidence,Self-Study,Redirected to Medical,20.4,0,0,1,
MSL-005724,2026-03-18,REP-015,NeuroX-75mg,Oncology,Guidelines / Protocols,Pre-Meeting Prep,Fully Answered,5.3,7.2,0,5,
MSL-005725,2026-03-18,REP-015,DrugAlpha-100mg,Oncology,Mechanism of Action,Self-Study,Fully Answered,8.1,13.6,0,5,
MSL-005726,2026-03-18,REP-016,DrugBeta-50mg,Neurology,Pharmacokinetics,Pre-Meeting Prep,No Answer Found,22.8,0,0,3,
MSL-005727,2026-03-18,REP-016,NeuroX-75mg,Neurology,Combination Therapy,Post-Call Follow-up,Partially Answered,15.0,11.0,0,3,
MSL-005728,2026-03-18,REP-016,DrugGamma-200mg,Neurology,Drug Interactions,Live During HCP Call,No Answer Found,9.1,0,0,2,
MSL-005729,2026-03-18,REP-016,DrugGamma-200mg,Neurology,Mechanism of Action,Self-Study,No Answer Found,22.4,0,0,2,
MSL-005730,2026-03-18,REP-016,DrugAlpha-100mg,Neurology,Clinical Trial Data,Pre-Meeting Prep,Fully Answered,5.5,3.5,1,5,HCP-0437
MSL-005731,2026-03-18,REP-017,CardioPlus-25mg,Immunology,Dosing Guidelines,Self-Study,Fully Answered,9.4,5.7,0,5,
MSL-005732,2026-03-18,REP-017,DrugAlpha-100mg,Immunology,Pharmacokinetics,Pre-Meeting Prep,Fully Answered,7.4,15.8,1,5,HCP-0364
MSL-005733,2026-03-18,REP-017,DrugGamma-200mg,Immunology,Adverse Events / Safety,Post-Call Follow-up,Partially Answered,12.8,22.3,0,4,
MSL-005734,2026-03-18,REP-017,DrugGamma-200mg,Immunology,Adverse Events / Safety,Post-Call Follow-up,Fully Answered,1.9,5.8,0,5,
MSL-005735,2026-03-18,REP-021,NeuroX-75mg,Rare Disease,Adverse Events / Safety,Self-Study,Partially Answered,20.7,6.7,0,2,
MSL-005736,2026-03-18,REP-021,DrugGamma-200mg,Rare Disease,Dosing Guidelines,Self-Study,Fully Answered,5.9,17.4,0,5,
MSL-005737,2026-03-18,REP-021,DrugGamma-200mg,Rare Disease,Drug Interactions,Live During HCP Call,Fully Answered,10.9,10.6,1,5,HCP-0457
MSL-005738,2026-03-18,REP-021,DrugBeta-50mg,Rare Disease,Real-World Evidence,Pre-Meeting Prep,Partially Answered,13.2,8.4,1,3,HCP-0264
MSL-005739,2026-03-18,REP-021,DrugGamma-200mg,Rare Disease,Patient Selection Criteria,Live During HCP Call,Fully Answered,3.4,12.7,1,5,HCP-0098
MSL-005740,2026-03-18,REP-021,NeuroX-75mg,Rare Disease,Off-label Evidence Request,Live During HCP Call,Partially Answered,17.5,6.0,1,2,HCP-0441
MSL-005741,2026-03-19,REP-002,NeuroX-75mg,Oncology,Competitor Comparison,Pre-Meeting Prep,Fully Answered,7.3,2.5,1,5,HCP-0237
MSL-005742,2026-03-19,REP-002,CardioPlus-25mg,Oncology,Competitor Comparison,Pre-Meeting Prep,Fully Answered,6.9,4.0,1,5,HCP-0134
MSL-005743,2026-03-19,REP-002,CardioPlus-25mg,Oncology,Competitor Comparison,Self-Study,Fully Answered,12.0,9.7,0,5,
MSL-005744,2026-03-19,REP-004,DrugAlpha-100mg,Cardiology,Guidelines / Protocols,Pre-Meeting Prep,Fully Answered,8.1,2,1,5,HCP-0003
MSL-005745,2026-03-19,REP-004,DrugGamma-200mg,Cardiology,Adverse Events / Safety,Self-Study,Fully Answered,6.6,12.9,0,5,
MSL-005746,2026-03-19,REP-004,NeuroX-75mg,Cardiology,Mechanism of Action,Live During HCP Call,No Answer Found,37.5,0,0,2,
MSL-005747,2026-03-19,REP-008,DrugAlpha-100mg,Immunology,Adverse Events / Safety,Post-Call Follow-up,Fully Answered,5.8,6.5,0,5,
MSL-005748,2026-03-19,REP-008,DrugBeta-50mg,Immunology,Long-term Outcomes,Pre-Meeting Prep,Partially Answered,14.9,7.9,1,3,HCP-0320
MSL-005749,2026-03-19,REP-008,NeuroX-75mg,Immunology,Clinical Trial Data,Self-Study,Fully Answered,10.5,12.3,0,5,
MSL-005750,2026-03-19,REP-008,DrugGamma-200mg,Immunology,Dosing Guidelines,Pre-Meeting Prep,Partially Answered,12.9,11.9,0,3,
MSL-005751,2026-03-19,REP-008,NeuroX-75mg,Immunology,Subgroup Analysis,Pre-Meeting Prep,Partially Answered,14.5,12.3,1,3,HCP-0243
MSL-005752,2026-03-19,REP-009,DrugGamma-200mg,Cardiology,Real-World Evidence,Pre-Meeting Prep,Fully Answered,8.0,15.8,1,5,HCP-0197
MSL-005753,2026-03-19,REP-010,DrugBeta-50mg,Immunology,Patient Selection Criteria,Self-Study,Partially Answered,11.1,2.2,0,2,
MSL-005754,2026-03-19,REP-010,DrugGamma-200mg,Immunology,Dosing Guidelines,Pre-Meeting Prep,Fully Answered,13.6,10.5,0,5,
MSL-005755,2026-03-19,REP-010,DrugGamma-200mg,Immunology,Mechanism of Action,Pre-Meeting Prep,Fully Answered,1.2,18.4,1,5,HCP-0024
MSL-005756,2026-03-19,REP-010,DrugBeta-50mg,Immunology,Patient Selection Criteria,Live During HCP Call,Partially Answered,17.9,18.8,1,4,HCP-0289
MSL-005757,2026-03-19,REP-015,DrugGamma-200mg,Oncology,Competitor Comparison,Pre-Meeting Prep,No Answer Found,35.9,0,0,2,
MSL-005758,2026-03-19,REP-015,CardioPlus-25mg,Oncology,Combination Therapy,Post-Call Follow-up,Fully Answered,6.8,8.1,0,4,
MSL-005759,2026-03-19,REP-015,DrugBeta-50mg,Oncology,Combination Therapy,Post-Call Follow-up,Fully Answered,4.4,9.2,0,4,
MSL-005760,2026-03-19,REP-015,DrugAlpha-100mg,Oncology,Mechanism of Action,Live During HCP Call,Partially Answered,13.3,16.5,1,3,HCP-0385
MSL-005761,2026-03-19,REP-016,DrugGamma-200mg,Neurology,Real-World Evidence,Pre-Meeting Prep,Fully Answered,12.7,12.5,1,5,HCP-0295
MSL-005762,2026-03-19,REP-016,DrugAlpha-100mg,Neurology,Clinical Trial Data,Live During HCP Call,Fully Answered,6.5,14.1,1,5,HCP-0038
MSL-005763,2026-03-19,REP-016,CardioPlus-25mg,Neurology,Subgroup Analysis,Pre-Meeting Prep,Fully Answered,8.9,10.8,1,5,HCP-0287
MSL-005764,2026-03-19,REP-016,DrugAlpha-100mg,Neurology,Clinical Trial Data,Live During HCP Call,Fully Answered,5.6,13.2,1,5,HCP-0490
MSL-005765,2026-03-19,REP-016,CardioPlus-25mg,Neurology,Long-term Outcomes,Live During HCP Call,Partially Answered,15.0,12.0,0,3,
MSL-005766,2026-03-19,REP-017,DrugBeta-50mg,Immunology,Drug Interactions,Live During HCP Call,Fully Answered,2.4,16.4,0,5,
MSL-005767,2026-03-19,REP-017,DrugGamma-200mg,Immunology,Competitor Comparison,Live During HCP Call,Fully Answered,11.2,4.6,1,5,HCP-0229
MSL-005768,2026-03-19,REP-017,DrugGamma-200mg,Immunology,Real-World Evidence,Live During HCP Call,Redirected to Medical,21.6,0,0,2,
MSL-005769,2026-03-19,REP-021,CardioPlus-25mg,Rare Disease,Patient Selection Criteria,Pre-Meeting Prep,Partially Answered,19.0,2,1,3,HCP-0250
MSL-005770,2026-03-19,REP-021,NeuroX-75mg,Rare Disease,Pharmacokinetics,Live During HCP Call,Fully Answered,8.7,4.0,1,4,HCP-0288
MSL-005771,2026-03-20,REP-002,DrugGamma-200mg,Oncology,Off-label Evidence Request,Self-Study,Fully Answered,4.3,16.8,0,5,
MSL-005772,2026-03-20,REP-002,CardioPlus-25mg,Oncology,Adverse Events / Safety,Pre-Meeting Prep,Redirected to Medical,36.2,0,0,3,
MSL-005773,2026-03-20,REP-008,DrugGamma-200mg,Immunology,Off-label Evidence Request,Live During HCP Call,Fully Answered,5.2,21.0,0,5,
MSL-005774,2026-03-20,REP-008,DrugBeta-50mg,Immunology,Real-World Evidence,Pre-Meeting Prep,Fully Answered,9.6,19.9,0,5,
MSL-005775,2026-03-20,REP-009,CardioPlus-25mg,Cardiology,Guidelines / Protocols,Self-Study,Fully Answered,12.0,2,0,5,
MSL-005776,2026-03-20,REP-009,NeuroX-75mg,Cardiology,Subgroup Analysis,Live During HCP Call,Fully Answered,5.6,13.3,1,5,HCP-0255
MSL-005777,2026-03-20,REP-009,DrugBeta-50mg,Cardiology,Competitor Comparison,Pre-Meeting Prep,Fully Answered,10.4,18.2,1,5,HCP-0091
MSL-005778,2026-03-20,REP-010,DrugAlpha-100mg,Immunology,Mechanism of Action,Self-Study,Partially Answered,15.6,8.6,0,3,
MSL-005779,2026-03-20,REP-010,DrugGamma-200mg,Immunology,Biomarker Data,Pre-Meeting Prep,Fully Answered,7.7,2.2,1,5,HCP-0367
MSL-005780,2026-03-20,REP-010,NeuroX-75mg,Immunology,Clinical Trial Data,Live During HCP Call,Fully Answered,10.9,7.7,0,5,
MSL-005781,2026-03-20,REP-010,DrugBeta-50mg,Immunology,Real-World Evidence,Post-Call Follow-up,No Answer Found,16.2,0,0,2,
MSL-005782,2026-03-20,REP-010,DrugGamma-200mg,Immunology,Real-World Evidence,Pre-Meeting Prep,Partially Answered,14.3,4.6,1,4,HCP-0477
MSL-005783,2026-03-20,REP-010,DrugAlpha-100mg,Immunology,Dosing Guidelines,Post-Call Follow-up,Redirected to Medical,28.2,0,0,2,
MSL-005784,2026-03-20,REP-010,NeuroX-75mg,Immunology,Mechanism of Action,Self-Study,Fully Answered,7.1,23.1,0,5,
MSL-005785,2026-03-20,REP-015,DrugGamma-200mg,Oncology,Mechanism of Action,Pre-Meeting Prep,Fully Answered,11.7,7.3,1,4,HCP-0479
MSL-005786,2026-03-20,REP-016,DrugGamma-200mg,Neurology,Guidelines / Protocols,Live During HCP Call,Fully Answered,7.7,3.6,1,5,HCP-0052
MSL-005787,2026-03-20,REP-016,CardioPlus-25mg,Neurology,Dosing Guidelines,Post-Call Follow-up,Fully Answered,8.0,9.3,0,5,
MSL-005788,2026-03-20,REP-016,NeuroX-75mg,Neurology,Off-label Evidence Request,Post-Call Follow-up,Fully Answered,12.7,14.0,0,5,
MSL-005789,2026-03-20,REP-016,DrugGamma-200mg,Neurology,Competitor Comparison,Post-Call Follow-up,Fully Answered,8.8,13.1,0,5,
MSL-005790,2026-03-20,REP-017,CardioPlus-25mg,Immunology,Competitor Comparison,Pre-Meeting Prep,Fully Answered,4.9,5.6,1,5,HCP-0337
MSL-005791,2026-03-20,REP-017,DrugAlpha-100mg,Immunology,Subgroup Analysis,Post-Call Follow-up,Fully Answered,9.2,14.2,0,5,
MSL-005792,2026-03-20,REP-017,DrugAlpha-100mg,Immunology,Guidelines / Protocols,Pre-Meeting Prep,Fully Answered,6.1,15.6,1,5,HCP-0438
MSL-005793,2026-03-20,REP-021,DrugBeta-50mg,Rare Disease,Long-term Outcomes,Pre-Meeting Prep,Redirected to Medical,31.7,0,0,3,
MSL-005794,2026-03-20,REP-021,DrugBeta-50mg,Rare Disease,Patient Selection Criteria,Live During HCP Call,Fully Answered,7.2,17.5,0,5,
MSL-005795,2026-03-20,REP-021,CardioPlus-25mg,Rare Disease,Patient Selection Criteria,Live During HCP Call,Fully Answered,12.1,7.5,0,5,
MSL-005796,2026-03-20,REP-021,DrugBeta-50mg,Rare Disease,Adverse Events / Safety,Pre-Meeting Prep,Fully Answered,5.6,11.1,1,4,HCP-0134
MSL-005797,2026-03-20,REP-021,CardioPlus-25mg,Rare Disease,Real-World Evidence,Live During HCP Call,Fully Answered,9.2,15.1,0,5,
MSL-005798,2026-03-23,REP-002,DrugGamma-200mg,Oncology,Adverse Events / Safety,Self-Study,Fully Answered,1,15.0,0,5,
MSL-005799,2026-03-23,REP-002,CardioPlus-25mg,Oncology,Off-label Evidence Request,Pre-Meeting Prep,Partially Answered,23.3,18.0,0,4,
MSL-005800,2026-03-23,REP-002,NeuroX-75mg,Oncology,Clinical Trial Data,Pre-Meeting Prep,Fully Answered,4.2,7.2,1,5,HCP-0405
MSL-005801,2026-03-23,REP-002,DrugAlpha-100mg,Oncology,Off-label Evidence Request,Pre-Meeting Prep,Fully Answered,7.6,16.0,1,5,HCP-0311
MSL-005802,2026-03-23,REP-004,DrugGamma-200mg,Cardiology,Mechanism of Action,Self-Study,Fully Answered,7.9,8.8,0,4,
MSL-005803,2026-03-23,REP-004,DrugGamma-200mg,Cardiology,Pharmacokinetics,Post-Call Follow-up,No Answer Found,27.6,0,0,2,
MSL-005804,2026-03-23,REP-004,NeuroX-75mg,Cardiology,Combination Therapy,Live During HCP Call,No Answer Found,23.9,0,0,1,
MSL-005805,2026-03-23,REP-004,DrugBeta-50mg,Cardiology,Adverse Events / Safety,Post-Call Follow-up,Partially Answered,11.2,16.9,0,3,
MSL-005806,2026-03-23,REP-004,DrugAlpha-100mg,Cardiology,Drug Interactions,Live During HCP Call,Partially Answered,7.3,3.1,1,3,HCP-0265
MSL-005807,2026-03-23,REP-008,DrugBeta-50mg,Immunology,Competitor Comparison,Post-Call Follow-up,Redirected to Medical,39.9,0,0,2,
MSL-005808,2026-03-23,REP-009,DrugBeta-50mg,Cardiology,Pharmacokinetics,Self-Study,Fully Answered,3.8,5.9,0,5,
MSL-005809,2026-03-23,REP-009,CardioPlus-25mg,Cardiology,Mechanism of Action,Post-Call Follow-up,Fully Answered,1,15.9,0,5,
MSL-005810,2026-03-23,REP-009,NeuroX-75mg,Cardiology,Mechanism of Action,Post-Call Follow-up,Fully Answered,6.9,12.7,0,5,
MSL-005811,2026-03-23,REP-009,DrugBeta-50mg,Cardiology,Biomarker Data,Post-Call Follow-up,Fully Answered,7.1,8.7,0,5,
MSL-005812,2026-03-23,REP-010,DrugGamma-200mg,Immunology,Real-World Evidence,Self-Study,Partially Answered,21.0,12.4,0,3,
MSL-005813,2026-03-23,REP-017,DrugBeta-50mg,Immunology,Biomarker Data,Pre-Meeting Prep,Fully Answered,6.9,15.5,1,4,HCP-0411
MSL-005814,2026-03-23,REP-017,NeuroX-75mg,Immunology,Pharmacokinetics,Self-Study,Fully Answered,3.6,2.3,0,5,
MSL-005815,2026-03-23,REP-017,DrugGamma-200mg,Immunology,Adverse Events / Safety,Live During HCP Call,Fully Answered,12.1,13.7,1,5,HCP-0042
MSL-005816,2026-03-23,REP-017,DrugAlpha-100mg,Immunology,Competitor Comparison,Pre-Meeting Prep,Redirected to Medical,26.1,0,0,1,
MSL-005817,2026-03-23,REP-021,DrugBeta-50mg,Rare Disease,Mechanism of Action,Pre-Meeting Prep,Fully Answered,2.2,12.6,1,5,HCP-0243
MSL-005818,2026-03-24,REP-002,NeuroX-75mg,Oncology,Mechanism of Action,Pre-Meeting Prep,Fully Answered,8.2,7.4,1,4,HCP-0329
MSL-005819,2026-03-24,REP-002,DrugGamma-200mg,Oncology,Adverse Events / Safety,Self-Study,Fully Answered,8.3,14.4,0,5,
MSL-005820,2026-03-24,REP-002,CardioPlus-25mg,Oncology,Long-term Outcomes,Post-Call Follow-up,Fully Answered,7.0,14.3,0,4,
MSL-005821,2026-03-24,REP-004,DrugBeta-50mg,Cardiology,Adverse Events / Safety,Live During HCP Call,Fully Answered,13.2,5.2,1,5,HCP-0082
MSL-005822,2026-03-24,REP-004,DrugGamma-200mg,Cardiology,Patient Selection Criteria,Self-Study,Fully Answered,12.0,2,0,5,
MSL-005823,2026-03-24,REP-008,DrugAlpha-100mg,Immunology,Guidelines / Protocols,Pre-Meeting Prep,Fully Answered,3.0,10.0,0,4,
MSL-005824,2026-03-24,REP-008,DrugGamma-200mg,Immunology,Patient Selection Criteria,Post-Call Follow-up,Partially Answered,15.1,10.7,0,3,
MSL-005825,2026-03-24,REP-009,DrugBeta-50mg,Cardiology,Off-label Evidence Request,Pre-Meeting Prep,Fully Answered,9.8,8.8,1,5,HCP-0063
MSL-005826,2026-03-24,REP-009,DrugBeta-50mg,Cardiology,Adverse Events / Safety,Live During HCP Call,Fully Answered,12.1,13.7,1,5,HCP-0027
MSL-005827,2026-03-24,REP-009,DrugGamma-200mg,Cardiology,Biomarker Data,Pre-Meeting Prep,Fully Answered,4.6,15.4,1,5,HCP-0282
MSL-005828,2026-03-24,REP-009,DrugAlpha-100mg,Cardiology,Pharmacokinetics,Post-Call Follow-up,Fully Answered,13.4,15.0,0,4,
MSL-005829,2026-03-24,REP-009,DrugBeta-50mg,Cardiology,Off-label Evidence Request,Pre-Meeting Prep,Fully Answered,7.7,11.6,1,5,HCP-0239
MSL-005830,2026-03-24,REP-010,CardioPlus-25mg,Immunology,Subgroup Analysis,Post-Call Follow-up,Fully Answered,10.3,7.4,0,5,
MSL-005831,2026-03-24,REP-015,DrugBeta-50mg,Oncology,Subgroup Analysis,Pre-Meeting Prep,Fully Answered,3.9,21.8,1,4,HCP-0497
MSL-005832,2026-03-24,REP-015,DrugBeta-50mg,Oncology,Long-term Outcomes,Pre-Meeting Prep,No Answer Found,22.9,0,0,2,
MSL-005833,2026-03-24,REP-015,NeuroX-75mg,Oncology,Patient Selection Criteria,Live During HCP Call,Partially Answered,16.4,17.5,0,3,
MSL-005834,2026-03-24,REP-016,DrugBeta-50mg,Neurology,Drug Interactions,Pre-Meeting Prep,Fully Answered,7.0,5.4,1,5,HCP-0098
MSL-005835,2026-03-24,REP-016,NeuroX-75mg,Neurology,Combination Therapy,Pre-Meeting Prep,Fully Answered,11.4,12.1,1,5,HCP-0326
MSL-005836,2026-03-24,REP-016,DrugGamma-200mg,Neurology,Mechanism of Action,Live During HCP Call,Fully Answered,3.7,15.9,1,5,HCP-0345
MSL-005837,2026-03-24,REP-017,NeuroX-75mg,Immunology,Guidelines / Protocols,Pre-Meeting Prep,Fully Answered,6.0,5.1,0,4,
MSL-005838,2026-03-24,REP-017,DrugBeta-50mg,Immunology,Adverse Events / Safety,Live During HCP Call,Fully Answered,11.3,18.5,1,5,HCP-0453
MSL-005839,2026-03-24,REP-017,DrugAlpha-100mg,Immunology,Dosing Guidelines,Live During HCP Call,Fully Answered,12.7,17.0,1,5,HCP-0192
MSL-005840,2026-03-24,REP-017,DrugAlpha-100mg,Immunology,Drug Interactions,Post-Call Follow-up,Fully Answered,4.7,13.0,0,5,
MSL-005841,2026-03-24,REP-021,DrugAlpha-100mg,Rare Disease,Clinical Trial Data,Post-Call Follow-up,Fully Answered,11.5,11.3,0,4,
MSL-005842,2026-03-24,REP-021,DrugAlpha-100mg,Rare Disease,Off-label Evidence Request,Self-Study,Redirected to Medical,38.4,0,0,1,
MSL-005843,2026-03-24,REP-021,DrugAlpha-100mg,Rare Disease,Combination Therapy,Post-Call Follow-up,Partially Answered,5.2,13.6,0,2,
MSL-005844,2026-03-24,REP-021,DrugGamma-200mg,Rare Disease,Guidelines / Protocols,Self-Study,Partially Answered,21.4,10.3,0,4,
MSL-005845,2026-03-24,REP-021,DrugBeta-50mg,Rare Disease,Patient Selection Criteria,Pre-Meeting Prep,Fully Answered,4.9,16.6,1,4,HCP-0333
MSL-005846,2026-03-24,REP-021,DrugBeta-50mg,Rare Disease,Clinical Trial Data,Post-Call Follow-up,Fully Answered,8.2,5.8,0,5,
MSL-005847,2026-03-24,REP-021,DrugAlpha-100mg,Rare Disease,Combination Therapy,Post-Call Follow-up,Fully Answered,5.1,11.7,0,4,
MSL-005848,2026-03-25,REP-002,DrugBeta-50mg,Oncology,Mechanism of Action,Pre-Meeting Prep,Fully Answered,8.3,12.4,1,4,HCP-0301
MSL-005849,2026-03-25,REP-002,NeuroX-75mg,Oncology,Adverse Events / Safety,Pre-Meeting Prep,Redirected to Medical,23.4,0,0,1,
MSL-005850,2026-03-25,REP-002,DrugGamma-200mg,Oncology,Biomarker Data,Live During HCP Call,Fully Answered,2.1,18.6,1,4,HCP-0397
MSL-005851,2026-03-25,REP-004,CardioPlus-25mg,Cardiology,Competitor Comparison,Live During HCP Call,Partially Answered,18.1,13.3,0,3,
MSL-005852,2026-03-25,REP-004,DrugGamma-200mg,Cardiology,Patient Selection Criteria,Pre-Meeting Prep,Fully Answered,12.9,12.1,1,5,HCP-0181
MSL-005853,2026-03-25,REP-004,DrugGamma-200mg,Cardiology,Guidelines / Protocols,Post-Call Follow-up,Partially Answered,8.5,17.8,0,3,
MSL-005854,2026-03-25,REP-008,CardioPlus-25mg,Immunology,Subgroup Analysis,Live During HCP Call,Fully Answered,10.6,16.4,1,5,HCP-0152
MSL-005855,2026-03-25,REP-009,NeuroX-75mg,Cardiology,Biomarker Data,Self-Study,Fully Answered,3.8,9.5,0,5,
MSL-005856,2026-03-25,REP-010,NeuroX-75mg,Immunology,Pharmacokinetics,Pre-Meeting Prep,Fully Answered,6.2,9.8,1,5,HCP-0409
MSL-005857,2026-03-25,REP-010,CardioPlus-25mg,Immunology,Real-World Evidence,Post-Call Follow-up,Fully Answered,8.9,10.0,0,4,
MSL-005858,2026-03-25,REP-010,NeuroX-75mg,Immunology,Mechanism of Action,Pre-Meeting Prep,Fully Answered,14.8,6.2,1,4,HCP-0105
MSL-005859,2026-03-25,REP-015,DrugAlpha-100mg,Oncology,Clinical Trial Data,Post-Call Follow-up,Fully Answered,3.9,18.5,0,4,
MSL-005860,2026-03-25,REP-015,DrugBeta-50mg,Oncology,Subgroup Analysis,Live During HCP Call,Partially Answered,16.7,12.4,1,2,HCP-0083
MSL-005861,2026-03-25,REP-015,NeuroX-75mg,Oncology,Long-term Outcomes,Self-Study,Partially Answered,10.5,5.2,0,3,
MSL-005862,2026-03-25,REP-016,DrugGamma-200mg,Neurology,Long-term Outcomes,Self-Study,Fully Answered,8.5,7.2,0,5,
MSL-005863,2026-03-25,REP-016,CardioPlus-25mg,Neurology,Competitor Comparison,Live During HCP Call,Partially Answered,11.2,9.8,0,4,
MSL-005864,2026-03-25,REP-017,DrugBeta-50mg,Immunology,Biomarker Data,Self-Study,Fully Answered,8.0,14.9,0,5,
MSL-005865,2026-03-25,REP-017,DrugGamma-200mg,Immunology,Long-term Outcomes,Pre-Meeting Prep,Redirected to Medical,23.5,0,0,2,
MSL-005866,2026-03-25,REP-017,DrugAlpha-100mg,Immunology,Combination Therapy,Pre-Meeting Prep,No Answer Found,32.1,0,0,2,
MSL-005867,2026-03-25,REP-017,CardioPlus-25mg,Immunology,Guidelines / Protocols,Live During HCP Call,Fully Answered,10.1,12.0,1,5,HCP-0037
MSL-005868,2026-03-25,REP-017,DrugGamma-200mg,Immunology,Mechanism of Action,Live During HCP Call,Fully Answered,7.4,15.6,1,5,HCP-0139
MSL-005869,2026-03-25,REP-021,DrugGamma-200mg,Rare Disease,Off-label Evidence Request,Pre-Meeting Prep,Partially Answered,11.2,10.8,0,4,
MSL-005870,2026-03-25,REP-021,NeuroX-75mg,Rare Disease,Biomarker Data,Live During HCP Call,Partially Answered,18.5,15.7,0,3,
MSL-005871,2026-03-25,REP-021,DrugBeta-50mg,Rare Disease,Mechanism of Action,Self-Study,Fully Answered,3.3,19.8,0,5,
MSL-005872,2026-03-25,REP-021,NeuroX-75mg,Rare Disease,Patient Selection Criteria,Live During HCP Call,Fully Answered,7.0,16.6,1,5,HCP-0490
MSL-005873,2026-03-25,REP-021,DrugBeta-50mg,Rare Disease,Subgroup Analysis,Pre-Meeting Prep,Fully Answered,5.4,6.2,1,5,HCP-0088
MSL-005874,2026-03-25,REP-021,CardioPlus-25mg,Rare Disease,Clinical Trial Data,Post-Call Follow-up,No Answer Found,24.7,0,0,2,
MSL-005875,2026-03-26,REP-002,DrugGamma-200mg,Oncology,Clinical Trial Data,Pre-Meeting Prep,Fully Answered,8.2,10.7,1,4,HCP-0455
MSL-005876,2026-03-26,REP-002,NeuroX-75mg,Oncology,Patient Selection Criteria,Pre-Meeting Prep,Fully Answered,12.0,13.4,0,5,
MSL-005877,2026-03-26,REP-002,DrugGamma-200mg,Oncology,Competitor Comparison,Pre-Meeting Prep,Partially Answered,14.2,21.0,1,3,HCP-0099
MSL-005878,2026-03-26,REP-002,CardioPlus-25mg,Oncology,Off-label Evidence Request,Self-Study,Fully Answered,7.9,2,0,5,
MSL-005879,2026-03-26,REP-004,NeuroX-75mg,Cardiology,Off-label Evidence Request,Pre-Meeting Prep,Fully Answered,11.4,21.1,1,5,HCP-0025
MSL-005880,2026-03-26,REP-004,DrugGamma-200mg,Cardiology,Combination Therapy,Self-Study,Fully Answered,13.5,15.6,0,5,
MSL-005881,2026-03-26,REP-004,DrugBeta-50mg,Cardiology,Dosing Guidelines,Pre-Meeting Prep,Fully Answered,10.9,16.9,1,5,HCP-0162
MSL-005882,2026-03-26,REP-004,DrugBeta-50mg,Cardiology,Combination Therapy,Self-Study,Fully Answered,9.9,5.6,0,5,
MSL-005883,2026-03-26,REP-009,DrugGamma-200mg,Cardiology,Subgroup Analysis,Live During HCP Call,Fully Answered,4.2,16.4,1,5,HCP-0451
MSL-005884,2026-03-26,REP-009,DrugBeta-50mg,Cardiology,Biomarker Data,Live During HCP Call,Fully Answered,7.9,4.3,0,4,
MSL-005885,2026-03-26,REP-009,DrugAlpha-100mg,Cardiology,Pharmacokinetics,Pre-Meeting Prep,Fully Answered,7.2,16.7,1,5,HCP-0219
MSL-005886,2026-03-26,REP-009,DrugGamma-200mg,Cardiology,Real-World Evidence,Pre-Meeting Prep,Fully Answered,1,16.8,0,4,
MSL-005887,2026-03-26,REP-009,DrugAlpha-100mg,Cardiology,Dosing Guidelines,Live During HCP Call,Redirected to Medical,29.3,0,0,2,
MSL-005888,2026-03-26,REP-015,CardioPlus-25mg,Oncology,Drug Interactions,Pre-Meeting Prep,Partially Answered,16.8,12.6,1,3,HCP-0464
MSL-005889,2026-03-26,REP-015,NeuroX-75mg,Oncology,Long-term Outcomes,Pre-Meeting Prep,Redirected to Medical,17.7,0,0,2,
MSL-005890,2026-03-26,REP-015,DrugBeta-50mg,Oncology,Off-label Evidence Request,Post-Call Follow-up,Fully Answered,3.3,13.8,0,5,
MSL-005891,2026-03-26,REP-015,DrugGamma-200mg,Oncology,Long-term Outcomes,Pre-Meeting Prep,Fully Answered,7.6,8.5,1,5,HCP-0153
MSL-005892,2026-03-26,REP-015,DrugGamma-200mg,Oncology,Biomarker Data,Self-Study,Fully Answered,10.4,7.1,0,5,
MSL-005893,2026-03-26,REP-016,DrugGamma-200mg,Neurology,Long-term Outcomes,Live During HCP Call,No Answer Found,36.9,0,0,1,
MSL-005894,2026-03-26,REP-016,DrugAlpha-100mg,Neurology,Combination Therapy,Self-Study,Fully Answered,5.9,11.9,0,5,
MSL-005895,2026-03-26,REP-016,DrugAlpha-100mg,Neurology,Adverse Events / Safety,Post-Call Follow-up,Fully Answered,7.4,6.9,0,5,
MSL-005896,2026-03-26,REP-016,DrugBeta-50mg,Neurology,Combination Therapy,Post-Call Follow-up,Fully Answered,9.3,15.1,0,5,
MSL-005897,2026-03-26,REP-017,DrugGamma-200mg,Immunology,Guidelines / Protocols,Pre-Meeting Prep,Partially Answered,20.7,7.1,1,4,HCP-0314
MSL-005898,2026-03-26,REP-017,DrugBeta-50mg,Immunology,Clinical Trial Data,Self-Study,Fully Answered,7.0,4.0,0,5,
MSL-005899,2026-03-26,REP-017,DrugBeta-50mg,Immunology,Subgroup Analysis,Pre-Meeting Prep,Fully Answered,7.9,9.2,0,4,
MSL-005900,2026-03-26,REP-017,DrugAlpha-100mg,Immunology,Clinical Trial Data,Live During HCP Call,Fully Answered,6.8,6.8,1,4,HCP-0149
MSL-005901,2026-03-26,REP-021,DrugGamma-200mg,Rare Disease,Mechanism of Action,Pre-Meeting Prep,Partially Answered,17.5,19.2,1,4,HCP-0288
MSL-005902,2026-03-26,REP-021,DrugGamma-200mg,Rare Disease,Clinical Trial Data,Post-Call Follow-up,Fully Answered,4.8,23.8,0,5,
MSL-005903,2026-03-26,REP-021,CardioPlus-25mg,Rare Disease,Adverse Events / Safety,Live During HCP Call,Fully Answered,10.1,19.1,1,5,HCP-0108
MSL-005904,2026-03-26,REP-021,CardioPlus-25mg,Rare Disease,Real-World Evidence,Live During HCP Call,Fully Answered,9.9,12.3,0,4,
MSL-005905,2026-03-26,REP-021,CardioPlus-25mg,Rare Disease,Dosing Guidelines,Pre-Meeting Prep,Fully Answered,13.9,14.2,1,5,HCP-0113
MSL-005906,2026-03-26,REP-021,DrugBeta-50mg,Rare Disease,Adverse Events / Safety,Post-Call Follow-up,Partially Answered,15.6,11.9,0,2,
MSL-005907,2026-03-26,REP-021,NeuroX-75mg,Rare Disease,Pharmacokinetics,Pre-Meeting Prep,Fully Answered,2.0,19.7,1,4,HCP-0227
MSL-005908,2026-03-27,REP-002,NeuroX-75mg,Oncology,Patient Selection Criteria,Post-Call Follow-up,Fully Answered,14.5,12.7,0,4,
MSL-005909,2026-03-27,REP-004,DrugAlpha-100mg,Cardiology,Pharmacokinetics,Live During HCP Call,Fully Answered,5.1,14.9,1,5,HCP-0183
MSL-005910,2026-03-27,REP-004,DrugBeta-50mg,Cardiology,Real-World Evidence,Pre-Meeting Prep,No Answer Found,13.9,0,0,2,
MSL-005911,2026-03-27,REP-004,DrugBeta-50mg,Cardiology,Combination Therapy,Pre-Meeting Prep,Redirected to Medical,35.9,0,0,1,
MSL-005912,2026-03-27,REP-004,DrugAlpha-100mg,Cardiology,Adverse Events / Safety,Live During HCP Call,Fully Answered,6.9,8.0,1,5,HCP-0238
MSL-005913,2026-03-27,REP-008,DrugBeta-50mg,Immunology,Long-term Outcomes,Post-Call Follow-up,Partially Answered,19.5,18.1,0,3,
MSL-005914,2026-03-27,REP-009,NeuroX-75mg,Cardiology,Dosing Guidelines,Self-Study,Fully Answered,4.3,18.6,0,5,
MSL-005915,2026-03-27,REP-010,DrugAlpha-100mg,Immunology,Patient Selection Criteria,Live During HCP Call,Redirected to Medical,18.0,0,0,1,
MSL-005916,2026-03-27,REP-010,NeuroX-75mg,Immunology,Dosing Guidelines,Post-Call Follow-up,Fully Answered,5.8,13.6,0,5,
MSL-005917,2026-03-27,REP-010,DrugBeta-50mg,Immunology,Clinical Trial Data,Post-Call Follow-up,Fully Answered,13.9,13.2,0,4,
MSL-005918,2026-03-27,REP-015,DrugAlpha-100mg,Oncology,Clinical Trial Data,Live During HCP Call,Partially Answered,11.9,11.7,1,3,HCP-0324
MSL-005919,2026-03-27,REP-015,DrugBeta-50mg,Oncology,Long-term Outcomes,Pre-Meeting Prep,Fully Answered,10.7,7.5,0,5,
MSL-005920,2026-03-27,REP-015,CardioPlus-25mg,Oncology,Dosing Guidelines,Live During HCP Call,No Answer Found,16.2,0,0,2,
MSL-005921,2026-03-27,REP-015,CardioPlus-25mg,Oncology,Biomarker Data,Live During HCP Call,Fully Answered,3.6,11.2,1,5,HCP-0498
MSL-005922,2026-03-27,REP-016,NeuroX-75mg,Neurology,Pharmacokinetics,Live During HCP Call,Fully Answered,12.2,8.1,1,5,HCP-0133
MSL-005923,2026-03-27,REP-016,NeuroX-75mg,Neurology,Clinical Trial Data,Self-Study,Fully Answered,10.5,24.0,0,4,
MSL-005924,2026-03-27,REP-016,CardioPlus-25mg,Neurology,Guidelines / Protocols,Pre-Meeting Prep,Fully Answered,8.5,13.6,1,5,HCP-0157
MSL-005925,2026-03-27,REP-016,DrugBeta-50mg,Neurology,Pharmacokinetics,Pre-Meeting Prep,Fully Answered,12.1,4.9,1,5,HCP-0452
MSL-005926,2026-03-27,REP-016,CardioPlus-25mg,Neurology,Dosing Guidelines,Live During HCP Call,Fully Answered,8.2,19.9,1,5,HCP-0104
MSL-005927,2026-03-27,REP-017,NeuroX-75mg,Immunology,Guidelines / Protocols,Self-Study,Fully Answered,4.2,5.3,0,4,
MSL-005928,2026-03-27,REP-017,NeuroX-75mg,Immunology,Dosing Guidelines,Post-Call Follow-up,Fully Answered,7.9,13.2,0,4,
MSL-005929,2026-03-27,REP-017,DrugGamma-200mg,Immunology,Subgroup Analysis,Self-Study,No Answer Found,35.0,0,0,3,
MSL-005930,2026-03-27,REP-017,CardioPlus-25mg,Immunology,Subgroup Analysis,Self-Study,Partially Answered,16.7,10.6,0,4,
MSL-005931,2026-03-27,REP-017,CardioPlus-25mg,Immunology,Clinical Trial Data,Pre-Meeting Prep,No Answer Found,20.1,0,0,2,
MSL-005932,2026-03-27,REP-021,CardioPlus-25mg,Rare Disease,Drug Interactions,Self-Study,No Answer Found,14.9,0,0,1,
MSL-005933,2026-03-27,REP-021,NeuroX-75mg,Rare Disease,Clinical Trial Data,Self-Study,Fully Answered,9.2,10.1,0,5,
MSL-005934,2026-03-30,REP-002,DrugBeta-50mg,Oncology,Guidelines / Protocols,Pre-Meeting Prep,Partially Answered,13.4,12.7,1,2,HCP-0317
MSL-005935,2026-03-30,REP-002,DrugAlpha-100mg,Oncology,Subgroup Analysis,Live During HCP Call,No Answer Found,26.1,0,0,2,
MSL-005936,2026-03-30,REP-002,DrugGamma-200mg,Oncology,Biomarker Data,Self-Study,Partially Answered,22.3,7.8,0,3,
MSL-005937,2026-03-30,REP-002,DrugBeta-50mg,Oncology,Adverse Events / Safety,Live During HCP Call,Fully Answered,10.9,18.0,0,5,
MSL-005938,2026-03-30,REP-002,CardioPlus-25mg,Oncology,Biomarker Data,Pre-Meeting Prep,Fully Answered,6.6,2,1,5,HCP-0475
MSL-005939,2026-03-30,REP-002,CardioPlus-25mg,Oncology,Patient Selection Criteria,Pre-Meeting Prep,Partially Answered,17.7,6.6,1,3,HCP-0017
MSL-005940,2026-03-30,REP-004,NeuroX-75mg,Cardiology,Competitor Comparison,Self-Study,Fully Answered,7.9,14.4,0,5,
MSL-005941,2026-03-30,REP-008,CardioPlus-25mg,Immunology,Guidelines / Protocols,Live During HCP Call,Fully Answered,5.8,2,1,5,HCP-0348
MSL-005942,2026-03-30,REP-008,CardioPlus-25mg,Immunology,Dosing Guidelines,Live During HCP Call,Fully Answered,11.3,13.3,0,5,
MSL-005943,2026-03-30,REP-008,NeuroX-75mg,Immunology,Clinical Trial Data,Self-Study,Fully Answered,5.6,2,0,5,
MSL-005944,2026-03-30,REP-008,NeuroX-75mg,Immunology,Adverse Events / Safety,Post-Call Follow-up,Partially Answered,19.1,20.6,0,3,
MSL-005945,2026-03-30,REP-008,NeuroX-75mg,Immunology,Dosing Guidelines,Post-Call Follow-up,No Answer Found,27.9,0,0,1,
MSL-005946,2026-03-30,REP-009,DrugBeta-50mg,Cardiology,Off-label Evidence Request,Self-Study,Fully Answered,5.8,12.7,0,5,
MSL-005947,2026-03-30,REP-009,DrugBeta-50mg,Cardiology,Combination Therapy,Post-Call Follow-up,Fully Answered,7.4,13.2,0,5,
MSL-005948,2026-03-30,REP-009,NeuroX-75mg,Cardiology,Biomarker Data,Live During HCP Call,Fully Answered,6.9,17.4,1,5,HCP-0045
MSL-005949,2026-03-30,REP-009,DrugBeta-50mg,Cardiology,Long-term Outcomes,Pre-Meeting Prep,No Answer Found,21.5,0,0,2,
MSL-005950,2026-03-30,REP-010,CardioPlus-25mg,Immunology,Dosing Guidelines,Post-Call Follow-up,Fully Answered,2.1,13.8,0,5,
MSL-005951,2026-03-30,REP-010,DrugGamma-200mg,Immunology,Guidelines / Protocols,Pre-Meeting Prep,Fully Answered,6.1,8.1,1,5,HCP-0184
MSL-005952,2026-03-30,REP-010,NeuroX-75mg,Immunology,Off-label Evidence Request,Live During HCP Call,Fully Answered,8.4,8.1,1,5,HCP-0428
MSL-005953,2026-03-30,REP-015,DrugBeta-50mg,Oncology,Long-term Outcomes,Pre-Meeting Prep,Fully Answered,12.0,15.7,1,4,HCP-0272
MSL-005954,2026-03-30,REP-015,DrugGamma-200mg,Oncology,Subgroup Analysis,Live During HCP Call,Fully Answered,6.1,24.2,1,5,HCP-0253
MSL-005955,2026-03-30,REP-015,DrugAlpha-100mg,Oncology,Real-World Evidence,Live During HCP Call,No Answer Found,18.0,0,0,2,
MSL-005956,2026-03-30,REP-016,CardioPlus-25mg,Neurology,Pharmacokinetics,Post-Call Follow-up,Redirected to Medical,14.0,0,0,1,
MSL-005957,2026-03-30,REP-016,DrugAlpha-100mg,Neurology,Long-term Outcomes,Post-Call Follow-up,Fully Answered,8.2,16.4,0,5,
MSL-005958,2026-03-30,REP-016,NeuroX-75mg,Neurology,Guidelines / Protocols,Pre-Meeting Prep,Fully Answered,8.5,16.8,1,4,HCP-0240
MSL-005959,2026-03-30,REP-016,CardioPlus-25mg,Neurology,Dosing Guidelines,Self-Study,Fully Answered,11.0,22.1,0,4,
MSL-005960,2026-03-30,REP-016,DrugGamma-200mg,Neurology,Drug Interactions,Self-Study,Fully Answered,9.5,11.3,0,5,
MSL-005961,2026-03-30,REP-017,CardioPlus-25mg,Immunology,Dosing Guidelines,Post-Call Follow-up,Fully Answered,6.3,5.3,0,5,
MSL-005962,2026-03-30,REP-017,DrugBeta-50mg,Immunology,Combination Therapy,Post-Call Follow-up,Partially Answered,12.9,5.4,0,4,
MSL-005963,2026-03-30,REP-017,NeuroX-75mg,Immunology,Pharmacokinetics,Post-Call Follow-up,Fully Answered,6.7,10.8,0,5,
MSL-005964,2026-03-30,REP-021,DrugGamma-200mg,Rare Disease,Clinical Trial Data,Live During HCP Call,Fully Answered,2.6,2,1,5,HCP-0352
MSL-005965,2026-03-30,REP-021,NeuroX-75mg,Rare Disease,Patient Selection Criteria,Live During HCP Call,Fully Answered,6.6,7.6,1,5,HCP-0049
MSL-005966,2026-03-30,REP-021,DrugAlpha-100mg,Rare Disease,Pharmacokinetics,Pre-Meeting Prep,Fully Answered,3.8,8.9,1,5,HCP-0106
MSL-005967,2026-03-30,REP-021,CardioPlus-25mg,Rare Disease,Biomarker Data,Self-Study,Partially Answered,14.4,18.5,0,3,
MSL-005968,2026-03-30,REP-021,DrugAlpha-100mg,Rare Disease,Patient Selection Criteria,Live During HCP Call,Fully Answered,3.4,19.3,1,5,HCP-0360
MSL-005969,2026-03-30,REP-021,NeuroX-75mg,Rare Disease,Biomarker Data,Pre-Meeting Prep,Fully Answered,6.1,18.7,1,5,HCP-0385
MSL-005970,2026-03-30,REP-021,NeuroX-75mg,Rare Disease,Clinical Trial Data,Live During HCP Call,Partially Answered,16.0,18.8,0,4,
MSL-005971,2026-03-31,REP-002,DrugBeta-50mg,Oncology,Patient Selection Criteria,Self-Study,Fully Answered,8.4,16.4,0,5,
MSL-005972,2026-03-31,REP-002,DrugAlpha-100mg,Oncology,Clinical Trial Data,Pre-Meeting Prep,Redirected to Medical,10.7,0,0,2,
MSL-005973,2026-03-31,REP-002,CardioPlus-25mg,Oncology,Pharmacokinetics,Post-Call Follow-up,Fully Answered,8.9,6.5,0,5,
MSL-005974,2026-03-31,REP-004,NeuroX-75mg,Cardiology,Mechanism of Action,Post-Call Follow-up,Partially Answered,8.8,11.1,0,3,
MSL-005975,2026-03-31,REP-004,NeuroX-75mg,Cardiology,Off-label Evidence Request,Pre-Meeting Prep,Fully Answered,9.6,17.0,1,5,HCP-0094
MSL-005976,2026-03-31,REP-004,NeuroX-75mg,Cardiology,Dosing Guidelines,Pre-Meeting Prep,Fully Answered,14.1,8.9,0,5,
MSL-005977,2026-03-31,REP-008,CardioPlus-25mg,Immunology,Pharmacokinetics,Post-Call Follow-up,Fully Answered,2.4,9.0,0,5,
MSL-005978,2026-03-31,REP-008,DrugGamma-200mg,Immunology,Adverse Events / Safety,Live During HCP Call,Fully Answered,5.9,3.8,1,4,HCP-0138
MSL-005979,2026-03-31,REP-008,CardioPlus-25mg,Immunology,Biomarker Data,Pre-Meeting Prep,Fully Answered,9.2,8.4,1,4,HCP-0398
MSL-005980,2026-03-31,REP-008,DrugBeta-50mg,Immunology,Off-label Evidence Request,Post-Call Follow-up,Fully Answered,11.1,16.8,0,4,
MSL-005981,2026-03-31,REP-009,DrugBeta-50mg,Cardiology,Patient Selection Criteria,Post-Call Follow-up,Fully Answered,7.0,13.0,0,5,
MSL-005982,2026-03-31,REP-009,DrugAlpha-100mg,Cardiology,Long-term Outcomes,Post-Call Follow-up,Fully Answered,5.6,17.1,0,5,
MSL-005983,2026-03-31,REP-010,DrugBeta-50mg,Immunology,Subgroup Analysis,Pre-Meeting Prep,Fully Answered,3.6,13.2,1,5,HCP-0458
MSL-005984,2026-03-31,REP-015,DrugBeta-50mg,Oncology,Long-term Outcomes,Pre-Meeting Prep,Partially Answered,22.9,12.4,1,3,HCP-0041
MSL-005985,2026-03-31,REP-015,CardioPlus-25mg,Oncology,Biomarker Data,Self-Study,Fully Answered,8.6,20.1,0,5,
MSL-005986,2026-03-31,REP-015,DrugGamma-200mg,Oncology,Combination Therapy,Pre-Meeting Prep,Partially Answered,12.9,5.7,1,3,HCP-0296
MSL-005987,2026-03-31,REP-015,DrugGamma-200mg,Oncology,Subgroup Analysis,Self-Study,Fully Answered,12.3,13.3,0,5,
MSL-005988,2026-03-31,REP-016,DrugAlpha-100mg,Neurology,Long-term Outcomes,Post-Call Follow-up,Fully Answered,8.5,7.7,0,5,
MSL-005989,2026-03-31,REP-016,DrugGamma-200mg,Neurology,Drug Interactions,Live During HCP Call,Partially Answered,17.6,12.1,1,4,HCP-0451
MSL-005990,2026-03-31,REP-016,CardioPlus-25mg,Neurology,Guidelines / Protocols,Pre-Meeting Prep,Redirected to Medical,28.3,0,0,1,
MSL-005991,2026-03-31,REP-016,NeuroX-75mg,Neurology,Clinical Trial Data,Pre-Meeting Prep,Fully Answered,12.8,13.0,0,5,
MSL-005992,2026-03-31,REP-016,DrugGamma-200mg,Neurology,Guidelines / Protocols,Post-Call Follow-up,Fully Answered,9.2,7.7,0,5,
MSL-005993,2026-03-31,REP-017,CardioPlus-25mg,Immunology,Pharmacokinetics,Pre-Meeting Prep,Partially Answered,15.9,15.9,1,4,HCP-0355
MSL-005994,2026-03-31,REP-021,NeuroX-75mg,Rare Disease,Combination Therapy,Pre-Meeting Prep,Fully Answered,3.2,4.2,1,5,HCP-0280
MSL-005995,2026-04-01,REP-002,DrugAlpha-100mg,Oncology,Off-label Evidence Request,Post-Call Follow-up,Fully Answered,9.1,10.5,0,5,
MSL-005996,2026-04-01,REP-002,DrugGamma-200mg,Oncology,Subgroup Analysis,Pre-Meeting Prep,Fully Answered,4.4,15.2,1,4,HCP-0217
MSL-005997,2026-04-01,REP-002,NeuroX-75mg,Oncology,Clinical Trial Data,Pre-Meeting Prep,Partially Answered,17.3,12.0,0,3,
MSL-005998,2026-04-01,REP-002,NeuroX-75mg,Oncology,Drug Interactions,Pre-Meeting Prep,Fully Answered,10.8,8.3,1,5,HCP-0058
MSL-005999,2026-04-01,REP-002,DrugGamma-200mg,Oncology,Adverse Events / Safety,Self-Study,Partially Answered,10.2,6.7,0,3,
MSL-006000,2026-04-01,REP-002,DrugAlpha-100mg,Oncology,Real-World Evidence,Post-Call Follow-up,Fully Answered,10.3,12.8,0,4,
MSL-006001,2026-04-01,REP-004,DrugGamma-200mg,Cardiology,Mechanism of Action,Post-Call Follow-up,Fully Answered,6.6,17.5,0,4,
MSL-006002,2026-04-01,REP-004,DrugBeta-50mg,Cardiology,Adverse Events / Safety,Pre-Meeting Prep,Fully Answered,10.2,11.4,1,5,HCP-0449
MSL-006003,2026-04-01,REP-004,DrugBeta-50mg,Cardiology,Drug Interactions,Self-Study,Redirected to Medical,18.5,0,0,2,
MSL-006004,2026-04-01,REP-008,DrugAlpha-100mg,Immunology,Guidelines / Protocols,Pre-Meeting Prep,Fully Answered,11.7,13.3,0,4,
MSL-006005,2026-04-01,REP-008,DrugGamma-200mg,Immunology,Drug Interactions,Pre-Meeting Prep,Fully Answered,8.5,11.8,1,4,HCP-0411
MSL-006006,2026-04-01,REP-008,DrugGamma-200mg,Immunology,Long-term Outcomes,Self-Study,Fully Answered,5.6,6.0,0,5,
MSL-006007,2026-04-01,REP-009,DrugBeta-50mg,Cardiology,Mechanism of Action,Pre-Meeting Prep,Fully Answered,3.9,5.2,0,4,
MSL-006008,2026-04-01,REP-010,NeuroX-75mg,Immunology,Drug Interactions,Self-Study,Fully Answered,13.8,7.8,0,4,
MSL-006009,2026-04-01,REP-010,DrugGamma-200mg,Immunology,Dosing Guidelines,Live During HCP Call,Partially Answered,12.9,7.3,1,2,HCP-0071
MSL-006010,2026-04-01,REP-010,DrugBeta-50mg,Immunology,Competitor Comparison,Self-Study,Fully Answered,9.9,17.8,0,4,
MSL-006011,2026-04-01,REP-015,NeuroX-75mg,Oncology,Guidelines / Protocols,Live During HCP Call,Fully Answered,7.5,10.8,1,5,HCP-0147
MSL-006012,2026-04-01,REP-015,DrugBeta-50mg,Oncology,Clinical Trial Data,Live During HCP Call,Fully Answered,8.4,11.5,1,5,HCP-0478
MSL-006013,2026-04-01,REP-017,DrugBeta-50mg,Immunology,Pharmacokinetics,Self-Study,Fully Answered,2.3,8.7,0,5,
MSL-006014,2026-04-01,REP-017,DrugBeta-50mg,Immunology,Combination Therapy,Pre-Meeting Prep,Fully Answered,2.2,17.7,1,5,HCP-0101
MSL-006015,2026-04-01,REP-017,DrugGamma-200mg,Immunology,Pharmacokinetics,Pre-Meeting Prep,Fully Answered,11.8,18.7,1,5,HCP-0227
MSL-006016,2026-04-01,REP-021,DrugAlpha-100mg,Rare Disease,Long-term Outcomes,Live During HCP Call,Partially Answered,18.3,15.5,0,3,
MSL-006017,2026-04-01,REP-021,DrugGamma-200mg,Rare Disease,Pharmacokinetics,Self-Study,Fully Answered,8.2,16.6,0,4,
MSL-006018,2026-04-01,REP-021,NeuroX-75mg,Rare Disease,Off-label Evidence Request,Live During HCP Call,Partially Answered,15.9,2,1,4,HCP-0381
MSL-006019,2026-04-01,REP-021,DrugAlpha-100mg,Rare Disease,Guidelines / Protocols,Post-Call Follow-up,Partially Answered,7.8,10.7,0,3,
MSL-006020,2026-04-01,REP-021,DrugBeta-50mg,Rare Disease,Biomarker Data,Pre-Meeting Prep,Fully Answered,7.8,13.3,1,4,HCP-0456
MSL-006021,2026-04-01,REP-021,DrugAlpha-100mg,Rare Disease,Pharmacokinetics,Live During HCP Call,Fully Answered,1.9,13.9,1,4,HCP-0186
MSL-006022,2026-04-01,REP-021,CardioPlus-25mg,Rare Disease,Clinical Trial Data,Self-Study,Fully Answered,13.6,19.7,0,5,
MSL-006023,2026-04-01,REP-021,DrugGamma-200mg,Rare Disease,Combination Therapy,Pre-Meeting Prep,Fully Answered,14.0,13.2,1,5,HCP-0065
MSL-006024,2026-04-02,REP-002,DrugAlpha-100mg,Oncology,Combination Therapy,Self-Study,Fully Answered,11.2,15.3,0,5,
MSL-006025,2026-04-02,REP-002,CardioPlus-25mg,Oncology,Real-World Evidence,Pre-Meeting Prep,Redirected to Medical,23.7,0,0,1,
MSL-006026,2026-04-02,REP-002,DrugBeta-50mg,Oncology,Pharmacokinetics,Post-Call Follow-up,Partially Answered,18.5,23.3,0,2,
MSL-006027,2026-04-02,REP-002,DrugBeta-50mg,Oncology,Drug Interactions,Pre-Meeting Prep,Fully Answered,10.2,15.0,0,5,
MSL-006028,2026-04-02,REP-002,NeuroX-75mg,Oncology,Dosing Guidelines,Live During HCP Call,No Answer Found,17.0,0,0,3,
MSL-006029,2026-04-02,REP-002,DrugAlpha-100mg,Oncology,Clinical Trial Data,Pre-Meeting Prep,Partially Answered,18.4,11.2,0,3,
MSL-006030,2026-04-02,REP-002,CardioPlus-25mg,Oncology,Clinical Trial Data,Post-Call Follow-up,Fully Answered,8.8,6.4,0,5,
MSL-006031,2026-04-02,REP-004,DrugBeta-50mg,Cardiology,Competitor Comparison,Self-Study,Fully Answered,11.0,14.8,0,4,
MSL-006032,2026-04-02,REP-004,CardioPlus-25mg,Cardiology,Clinical Trial Data,Post-Call Follow-up,Fully Answered,5.6,13.1,0,5,
MSL-006033,2026-04-02,REP-008,NeuroX-75mg,Immunology,Clinical Trial Data,Pre-Meeting Prep,Fully Answered,12.5,25.3,1,5,HCP-0455
MSL-006034,2026-04-02,REP-008,NeuroX-75mg,Immunology,Real-World Evidence,Self-Study,Fully Answered,6.5,8.5,0,5,
MSL-006035,2026-04-02,REP-008,CardioPlus-25mg,Immunology,Patient Selection Criteria,Pre-Meeting Prep,Partially Answered,22.4,8.8,0,3,
MSL-006036,2026-04-02,REP-009,DrugAlpha-100mg,Cardiology,Clinical Trial Data,Post-Call Follow-up,Redirected to Medical,26.6,0,0,1,
MSL-006037,2026-04-02,REP-009,DrugGamma-200mg,Cardiology,Pharmacokinetics,Pre-Meeting Prep,Partially Answered,15.8,10.5,1,3,HCP-0240
MSL-006038,2026-04-02,REP-009,DrugGamma-200mg,Cardiology,Drug Interactions,Pre-Meeting Prep,Fully Answered,1,10.4,1,5,HCP-0187
MSL-006039,2026-04-02,REP-010,DrugGamma-200mg,Immunology,Competitor Comparison,Live During HCP Call,Fully Answered,3.9,3.4,0,5,
MSL-006040,2026-04-02,REP-010,DrugBeta-50mg,Immunology,Combination Therapy,Live During HCP Call,No Answer Found,28.6,0,0,3,
MSL-006041,2026-04-02,REP-015,DrugAlpha-100mg,Oncology,Long-term Outcomes,Live During HCP Call,Fully Answered,4.3,13.7,1,5,HCP-0272
MSL-006042,2026-04-02,REP-015,DrugAlpha-100mg,Oncology,Mechanism of Action,Post-Call Follow-up,Fully Answered,11.9,9.8,0,5,
MSL-006043,2026-04-02,REP-015,DrugAlpha-100mg,Oncology,Pharmacokinetics,Pre-Meeting Prep,Fully Answered,7.7,8.8,1,5,HCP-0287
MSL-006044,2026-04-02,REP-016,NeuroX-75mg,Neurology,Competitor Comparison,Live During HCP Call,Fully Answered,3.1,13.7,0,5,
MSL-006045,2026-04-02,REP-016,DrugBeta-50mg,Neurology,Clinical Trial Data,Live During HCP Call,Fully Answered,9.5,22.1,1,4,HCP-0128
MSL-006046,2026-04-02,REP-016,CardioPlus-25mg,Neurology,Biomarker Data,Pre-Meeting Prep,Partially Answered,17.9,8.8,1,3,HCP-0141
MSL-006047,2026-04-02,REP-017,DrugGamma-200mg,Immunology,Long-term Outcomes,Post-Call Follow-up,Partially Answered,11.3,9.2,0,2,
MSL-006048,2026-04-02,REP-017,DrugGamma-200mg,Immunology,Real-World Evidence,Self-Study,Redirected to Medical,14.7,0,0,1,
MSL-006049,2026-04-02,REP-017,DrugBeta-50mg,Immunology,Combination Therapy,Self-Study,Fully Answered,9.6,11.9,0,4,
MSL-006050,2026-04-02,REP-017,NeuroX-75mg,Immunology,Biomarker Data,Pre-Meeting Prep,No Answer Found,29.0,0,0,2,
MSL-006051,2026-04-02,REP-021,DrugBeta-50mg,Rare Disease,Adverse Events / Safety,Self-Study,Fully Answered,12.5,11.2,0,4,
MSL-006052,2026-04-02,REP-021,NeuroX-75mg,Rare Disease,Real-World Evidence,Post-Call Follow-up,Fully Answered,8.7,5.2,0,5,
MSL-006053,2026-04-02,REP-021,DrugAlpha-100mg,Rare Disease,Mechanism of Action,Pre-Meeting Prep,Fully Answered,7.6,11.3,1,5,HCP-0112
MSL-006054,2026-04-02,REP-021,NeuroX-75mg,Rare Disease,Mechanism of Action,Live During HCP Call,Fully Answered,5.1,8.7,0,5,
MSL-006055,2026-04-02,REP-021,DrugGamma-200mg,Rare Disease,Adverse Events / Safety,Pre-Meeting Prep,Fully Answered,5.9,14.9,1,5,HCP-0153
MSL-006056,2026-04-02,REP-021,DrugAlpha-100mg,Rare Disease,Dosing Guidelines,Self-Study,Fully Answered,5.2,17.6,0,5,
MSL-006057,2026-04-02,REP-021,DrugGamma-200mg,Rare Disease,Competitor Comparison,Post-Call Follow-up,Fully Answered,7.0,2.5,0,5,
MSL-006058,2026-04-02,REP-021,DrugGamma-200mg,Rare Disease,Clinical Trial Data,Live During HCP Call,Fully Answered,7.1,9.0,1,4,HCP-0013
MSL-006059,2026-04-03,REP-002,DrugAlpha-100mg,Oncology,Dosing Guidelines,Pre-Meeting Prep,No Answer Found,27.7,0,0,2,
MSL-006060,2026-04-03,REP-004,CardioPlus-25mg,Cardiology,Pharmacokinetics,Post-Call Follow-up,Fully Answered,7.6,22.1,0,4,
MSL-006061,2026-04-03,REP-004,DrugBeta-50mg,Cardiology,Pharmacokinetics,Self-Study,Partially Answered,13.9,8.4,0,4,
MSL-006062,2026-04-03,REP-008,CardioPlus-25mg,Immunology,Pharmacokinetics,Post-Call Follow-up,Fully Answered,5.5,11.0,0,4,
MSL-006063,2026-04-03,REP-008,NeuroX-75mg,Immunology,Combination Therapy,Post-Call Follow-up,Fully Answered,7.6,6.0,0,4,
MSL-006064,2026-04-03,REP-008,DrugAlpha-100mg,Immunology,Off-label Evidence Request,Post-Call Follow-up,Fully Answered,9.1,24.2,0,4,
MSL-006065,2026-04-03,REP-009,DrugBeta-50mg,Cardiology,Drug Interactions,Post-Call Follow-up,Fully Answered,8.1,11.5,0,4,
MSL-006066,2026-04-03,REP-009,NeuroX-75mg,Cardiology,Clinical Trial Data,Pre-Meeting Prep,Fully Answered,9.8,13.4,0,4,
MSL-006067,2026-04-03,REP-010,DrugGamma-200mg,Immunology,Guidelines / Protocols,Pre-Meeting Prep,No Answer Found,4.7,0,0,3,
MSL-006068,2026-04-03,REP-010,DrugBeta-50mg,Immunology,Biomarker Data,Post-Call Follow-up,Partially Answered,16.7,7.8,0,3,
MSL-006069,2026-04-03,REP-015,NeuroX-75mg,Oncology,Adverse Events / Safety,Pre-Meeting Prep,Redirected to Medical,28.0,0,0,1,
MSL-006070,2026-04-03,REP-015,DrugGamma-200mg,Oncology,Dosing Guidelines,Pre-Meeting Prep,Partially Answered,11.9,21.9,0,3,
MSL-006071,2026-04-03,REP-015,DrugAlpha-100mg,Oncology,Dosing Guidelines,Live During HCP Call,Fully Answered,8.1,10.7,1,5,HCP-0328
MSL-006072,2026-04-03,REP-016,DrugGamma-200mg,Neurology,Long-term Outcomes,Post-Call Follow-up,Fully Answered,11.8,8.3,0,5,
MSL-006073,2026-04-03,REP-016,CardioPlus-25mg,Neurology,Mechanism of Action,Live During HCP Call,Redirected to Medical,19.9,0,0,2,
MSL-006074,2026-04-03,REP-017,NeuroX-75mg,Immunology,Drug Interactions,Live During HCP Call,Fully Answered,3.9,16.4,1,5,HCP-0394
MSL-006075,2026-04-03,REP-017,DrugAlpha-100mg,Immunology,Off-label Evidence Request,Post-Call Follow-up,Fully Answered,9.8,10.3,0,5,
MSL-006076,2026-04-03,REP-017,NeuroX-75mg,Immunology,Competitor Comparison,Pre-Meeting Prep,Fully Answered,8.5,6.6,1,4,HCP-0380
MSL-006077,2026-04-03,REP-017,DrugAlpha-100mg,Immunology,Off-label Evidence Request,Live During HCP Call,Fully Answered,7.9,14.3,1,4,HCP-0145
MSL-006078,2026-04-03,REP-017,CardioPlus-25mg,Immunology,Subgroup Analysis,Live During HCP Call,Fully Answered,10.4,8.6,1,5,HCP-0072
MSL-006079,2026-04-03,REP-021,DrugBeta-50mg,Rare Disease,Competitor Comparison,Self-Study,Partially Answered,27.4,13.5,0,4,
MSL-006080,2026-04-03,REP-021,NeuroX-75mg,Rare Disease,Off-label Evidence Request,Pre-Meeting Prep,Redirected to Medical,26.1,0,0,1,
MSL-006081,2026-04-03,REP-021,CardioPlus-25mg,Rare Disease,Combination Therapy,Live During HCP Call,Fully Answered,4.3,5.0,1,5,HCP-0205
MSL-006082,2026-04-06,REP-002,DrugGamma-200mg,Oncology,Clinical Trial Data,Pre-Meeting Prep,No Answer Found,24.4,0,0,1,
MSL-006083,2026-04-06,REP-002,DrugGamma-200mg,Oncology,Long-term Outcomes,Live During HCP Call,Partially Answered,11.4,7.9,1,4,HCP-0396
MSL-006084,2026-04-06,REP-002,NeuroX-75mg,Oncology,Patient Selection Criteria,Live During HCP Call,Fully Answered,9.5,11.9,1,4,HCP-0008
MSL-006085,2026-04-06,REP-004,CardioPlus-25mg,Cardiology,Pharmacokinetics,Pre-Meeting Prep,Fully Answered,8.2,14.2,1,5,HCP-0097
MSL-006086,2026-04-06,REP-004,CardioPlus-25mg,Cardiology,Adverse Events / Safety,Self-Study,Fully Answered,11.1,16.2,0,5,
MSL-006087,2026-04-06,REP-004,DrugGamma-200mg,Cardiology,Biomarker Data,Pre-Meeting Prep,Fully Answered,9.5,14.3,1,4,HCP-0317
MSL-006088,2026-04-06,REP-004,CardioPlus-25mg,Cardiology,Subgroup Analysis,Pre-Meeting Prep,Fully Answered,2.7,13.7,1,4,HCP-0262
MSL-006089,2026-04-06,REP-004,NeuroX-75mg,Cardiology,Long-term Outcomes,Live During HCP Call,No Answer Found,17.0,0,0,1,
MSL-006090,2026-04-06,REP-004,DrugBeta-50mg,Cardiology,Patient Selection Criteria,Self-Study,Partially Answered,18.6,18.2,0,3,
MSL-006091,2026-04-06,REP-008,NeuroX-75mg,Immunology,Pharmacokinetics,Self-Study,Fully Answered,1,20.0,0,5,
MSL-006092,2026-04-06,REP-008,NeuroX-75mg,Immunology,Combination Therapy,Pre-Meeting Prep,Fully Answered,9.1,14.6,0,5,
MSL-006093,2026-04-06,REP-008,CardioPlus-25mg,Immunology,Real-World Evidence,Post-Call Follow-up,Fully Answered,9.0,9.2,0,5,
MSL-006094,2026-04-06,REP-009,DrugAlpha-100mg,Cardiology,Pharmacokinetics,Self-Study,Fully Answered,10.4,16.1,0,4,
MSL-006095,2026-04-06,REP-009,DrugBeta-50mg,Cardiology,Mechanism of Action,Pre-Meeting Prep,Partially Answered,15.0,13.4,0,2,
MSL-006096,2026-04-06,REP-009,DrugGamma-200mg,Cardiology,Subgroup Analysis,Self-Study,Partially Answered,16.5,13.4,0,3,
MSL-006097,2026-04-06,REP-009,DrugBeta-50mg,Cardiology,Adverse Events / Safety,Pre-Meeting Prep,Fully Answered,9.2,17.2,1,4,HCP-0182
MSL-006098,2026-04-06,REP-010,NeuroX-75mg,Immunology,Pharmacokinetics,Pre-Meeting Prep,Fully Answered,6.2,8.5,1,4,HCP-0441
MSL-006099,2026-04-06,REP-010,CardioPlus-25mg,Immunology,Combination Therapy,Pre-Meeting Prep,Fully Answered,7.4,17.6,1,5,HCP-0310
MSL-006100,2026-04-06,REP-010,NeuroX-75mg,Immunology,Patient Selection Criteria,Post-Call Follow-up,Partially Answered,14.9,13.1,0,4,
MSL-006101,2026-04-06,REP-015,NeuroX-75mg,Oncology,Real-World Evidence,Self-Study,No Answer Found,23.6,0,0,1,
MSL-006102,2026-04-06,REP-015,DrugBeta-50mg,Oncology,Combination Therapy,Self-Study,Fully Answered,5.3,17.1,0,5,
MSL-006103,2026-04-06,REP-015,DrugBeta-50mg,Oncology,Long-term Outcomes,Self-Study,Partially Answered,18.4,14.0,0,3,
MSL-006104,2026-04-06,REP-015,CardioPlus-25mg,Oncology,Combination Therapy,Live During HCP Call,Partially Answered,18.2,6.8,1,4,HCP-0306
MSL-006105,2026-04-06,REP-015,NeuroX-75mg,Oncology,Subgroup Analysis,Live During HCP Call,Partially Answered,8.1,18.5,1,3,HCP-0024
MSL-006106,2026-04-06,REP-015,DrugBeta-50mg,Oncology,Pharmacokinetics,Self-Study,Redirected to Medical,28.9,0,0,1,
MSL-006107,2026-04-06,REP-015,DrugBeta-50mg,Oncology,Subgroup Analysis,Self-Study,Redirected to Medical,30.8,0,0,2,
MSL-006108,2026-04-06,REP-016,NeuroX-75mg,Neurology,Competitor Comparison,Live During HCP Call,Partially Answered,21.7,17.5,1,4,HCP-0455
MSL-006109,2026-04-06,REP-017,NeuroX-75mg,Immunology,Pharmacokinetics,Pre-Meeting Prep,Fully Answered,6.7,24.8,1,4,HCP-0066
MSL-006110,2026-04-06,REP-017,NeuroX-75mg,Immunology,Guidelines / Protocols,Pre-Meeting Prep,No Answer Found,40.0,0,0,2,
MSL-006111,2026-04-06,REP-017,CardioPlus-25mg,Immunology,Patient Selection Criteria,Pre-Meeting Prep,Partially Answered,21.3,22.8,0,4,
MSL-006112,2026-04-06,REP-021,DrugBeta-50mg,Rare Disease,Real-World Evidence,Pre-Meeting Prep,Fully Answered,2.8,3.7,1,5,HCP-0135
MSL-006113,2026-04-06,REP-021,CardioPlus-25mg,Rare Disease,Real-World Evidence,Pre-Meeting Prep,Partially Answered,10.3,9.2,1,4,HCP-0402
MSL-006114,2026-04-06,REP-021,NeuroX-75mg,Rare Disease,Biomarker Data,Post-Call Follow-up,Fully Answered,3.7,14.0,0,5,
MSL-006115,2026-04-06,REP-021,NeuroX-75mg,Rare Disease,Mechanism of Action,Pre-Meeting Prep,Fully Answered,4.8,20.2,1,5,HCP-0356
MSL-006116,2026-04-06,REP-021,NeuroX-75mg,Rare Disease,Long-term Outcomes,Self-Study,No Answer Found,30.2,0,0,1,
MSL-006117,2026-04-07,REP-002,NeuroX-75mg,Oncology,Real-World Evidence,Live During HCP Call,Redirected to Medical,34.2,0,0,1,
MSL-006118,2026-04-07,REP-002,NeuroX-75mg,Oncology,Patient Selection Criteria,Self-Study,Partially Answered,15.1,5.8,0,2,
MSL-006119,2026-04-07,REP-002,DrugAlpha-100mg,Oncology,Combination Therapy,Pre-Meeting Prep,Fully Answered,6.3,11.4,1,4,HCP-0344
MSL-006120,2026-04-07,REP-002,NeuroX-75mg,Oncology,Guidelines / Protocols,Post-Call Follow-up,Fully Answered,10.2,18.2,0,5,
MSL-006121,2026-04-07,REP-004,DrugAlpha-100mg,Cardiology,Combination Therapy,Self-Study,Fully Answered,11.8,10.8,0,5,
MSL-006122,2026-04-07,REP-004,DrugGamma-200mg,Cardiology,Combination Therapy,Pre-Meeting Prep,Fully Answered,7.6,4.9,1,5,HCP-0283
MSL-006123,2026-04-07,REP-004,DrugAlpha-100mg,Cardiology,Biomarker Data,Post-Call Follow-up,Fully Answered,10.5,8.7,0,5,
MSL-006124,2026-04-07,REP-004,DrugBeta-50mg,Cardiology,Off-label Evidence Request,Pre-Meeting Prep,Fully Answered,3.7,12.3,0,4,
MSL-006125,2026-04-07,REP-004,DrugAlpha-100mg,Cardiology,Subgroup Analysis,Self-Study,Fully Answered,11.2,10.3,0,5,
MSL-006126,2026-04-07,REP-008,NeuroX-75mg,Immunology,Pharmacokinetics,Self-Study,Fully Answered,12.4,7.6,0,4,
MSL-006127,2026-04-07,REP-009,NeuroX-75mg,Cardiology,Clinical Trial Data,Live During HCP Call,Partially Answered,12.0,12.4,1,3,HCP-0047
MSL-006128,2026-04-07,REP-009,NeuroX-75mg,Cardiology,Off-label Evidence Request,Live During HCP Call,Fully Answered,6.1,5.9,1,4,HCP-0481
MSL-006129,2026-04-07,REP-009,NeuroX-75mg,Cardiology,Drug Interactions,Pre-Meeting Prep,Fully Answered,1.9,14.9,1,5,HCP-0469
MSL-006130,2026-04-07,REP-009,NeuroX-75mg,Cardiology,Clinical Trial Data,Live During HCP Call,Fully Answered,8.1,2.9,1,5,HCP-0129
MSL-006131,2026-04-07,REP-009,DrugBeta-50mg,Cardiology,Subgroup Analysis,Self-Study,Fully Answered,6.5,14.6,0,4,
MSL-006132,2026-04-07,REP-010,NeuroX-75mg,Immunology,Competitor Comparison,Post-Call Follow-up,No Answer Found,20.2,0,0,3,
MSL-006133,2026-04-07,REP-010,NeuroX-75mg,Immunology,Off-label Evidence Request,Post-Call Follow-up,No Answer Found,12.1,0,0,2,
MSL-006134,2026-04-07,REP-010,DrugBeta-50mg,Immunology,Guidelines / Protocols,Live During HCP Call,Fully Answered,9.2,7.1,1,5,HCP-0142
MSL-006135,2026-04-07,REP-010,CardioPlus-25mg,Immunology,Biomarker Data,Pre-Meeting Prep,Fully Answered,11.8,9.7,0,4,
MSL-006136,2026-04-07,REP-015,DrugBeta-50mg,Oncology,Combination Therapy,Pre-Meeting Prep,Fully Answered,10.2,21.8,1,4,HCP-0405
MSL-006137,2026-04-07,REP-015,DrugBeta-50mg,Oncology,Mechanism of Action,Post-Call Follow-up,Fully Answered,1,8.7,0,5,
MSL-006138,2026-04-07,REP-015,DrugAlpha-100mg,Oncology,Clinical Trial Data,Post-Call Follow-up,Fully Answered,7.6,9.9,0,5,
MSL-006139,2026-04-07,REP-016,NeuroX-75mg,Neurology,Combination Therapy,Pre-Meeting Prep,Fully Answered,10.6,21.2,1,5,HCP-0349
MSL-006140,2026-04-07,REP-016,DrugBeta-50mg,Neurology,Combination Therapy,Pre-Meeting Prep,Redirected to Medical,31.2,0,0,3,
MSL-006141,2026-04-07,REP-016,DrugGamma-200mg,Neurology,Drug Interactions,Self-Study,Fully Answered,4.5,8.5,0,4,
MSL-006142,2026-04-07,REP-016,DrugBeta-50mg,Neurology,Long-term Outcomes,Live During HCP Call,Fully Answered,6.3,9.6,1,5,HCP-0183
MSL-006143,2026-04-07,REP-016,DrugGamma-200mg,Neurology,Guidelines / Protocols,Pre-Meeting Prep,Fully Answered,10.4,10.5,0,5,
MSL-006144,2026-04-07,REP-016,DrugGamma-200mg,Neurology,Clinical Trial Data,Pre-Meeting Prep,Fully Answered,9.2,15.2,1,5,HCP-0088
MSL-006145,2026-04-07,REP-017,DrugAlpha-100mg,Immunology,Dosing Guidelines,Pre-Meeting Prep,Partially Answered,10.3,6.3,0,4,
MSL-006146,2026-04-07,REP-017,DrugBeta-50mg,Immunology,Competitor Comparison,Self-Study,Partially Answered,11.1,12.6,0,3,
MSL-006147,2026-04-07,REP-017,DrugAlpha-100mg,Immunology,Adverse Events / Safety,Post-Call Follow-up,Fully Answered,10.0,10.9,0,5,
MSL-006148,2026-04-07,REP-021,DrugBeta-50mg,Rare Disease,Guidelines / Protocols,Post-Call Follow-up,Fully Answered,8.1,6.1,0,5,
MSL-006149,2026-04-07,REP-021,NeuroX-75mg,Rare Disease,Adverse Events / Safety,Live During HCP Call,Fully Answered,6.4,11.6,1,4,HCP-0154
MSL-006150,2026-04-07,REP-021,CardioPlus-25mg,Rare Disease,Drug Interactions,Live During HCP Call,Fully Answered,7.8,6.9,1,5,HCP-0027
MSL-006151,2026-04-07,REP-021,CardioPlus-25mg,Rare Disease,Off-label Evidence Request,Pre-Meeting Prep,Fully Answered,11.8,15.0,0,5,
MSL-006152,2026-04-08,REP-002,DrugBeta-50mg,Oncology,Long-term Outcomes,Self-Study,Fully Answered,9.0,19.2,0,5,
MSL-006153,2026-04-08,REP-002,DrugGamma-200mg,Oncology,Real-World Evidence,Live During HCP Call,Fully Answered,11.9,12.7,1,4,HCP-0329
MSL-006154,2026-04-08,REP-002,DrugGamma-200mg,Oncology,Long-term Outcomes,Pre-Meeting Prep,Fully Answered,9.2,10.6,1,5,HCP-0254
MSL-006155,2026-04-08,REP-002,CardioPlus-25mg,Oncology,Real-World Evidence,Self-Study,Fully Answered,9.1,11.7,0,5,
MSL-006156,2026-04-08,REP-002,DrugBeta-50mg,Oncology,Real-World Evidence,Live During HCP Call,No Answer Found,31.6,0,0,2,
MSL-006157,2026-04-08,REP-002,DrugBeta-50mg,Oncology,Real-World Evidence,Pre-Meeting Prep,Fully Answered,7.0,14.0,1,5,HCP-0179
MSL-006158,2026-04-08,REP-002,DrugBeta-50mg,Oncology,Adverse Events / Safety,Live During HCP Call,No Answer Found,27.2,0,0,1,
MSL-006159,2026-04-08,REP-004,DrugAlpha-100mg,Cardiology,Mechanism of Action,Self-Study,Fully Answered,3.8,13.1,0,5,
MSL-006160,2026-04-08,REP-004,DrugBeta-50mg,Cardiology,Clinical Trial Data,Self-Study,Partially Answered,11.2,7.9,0,3,
MSL-006161,2026-04-08,REP-008,DrugBeta-50mg,Immunology,Real-World Evidence,Live During HCP Call,Fully Answered,15.6,15.7,1,5,HCP-0265
MSL-006162,2026-04-08,REP-008,DrugAlpha-100mg,Immunology,Mechanism of Action,Live During HCP Call,Partially Answered,15.5,9.2,1,3,HCP-0113
MSL-006163,2026-04-08,REP-009,NeuroX-75mg,Cardiology,Guidelines / Protocols,Live During HCP Call,Fully Answered,5.5,13.0,1,4,HCP-0455
MSL-006164,2026-04-08,REP-009,CardioPlus-25mg,Cardiology,Adverse Events / Safety,Self-Study,Fully Answered,9.6,12.7,0,4,
MSL-006165,2026-04-08,REP-010,DrugGamma-200mg,Immunology,Dosing Guidelines,Pre-Meeting Prep,Fully Answered,12.5,10.4,1,4,HCP-0433
MSL-006166,2026-04-08,REP-010,CardioPlus-25mg,Immunology,Off-label Evidence Request,Pre-Meeting Prep,Redirected to Medical,36.0,0,0,2,
MSL-006167,2026-04-08,REP-010,DrugBeta-50mg,Immunology,Real-World Evidence,Live During HCP Call,Partially Answered,12.0,11.4,1,3,HCP-0115
MSL-006168,2026-04-08,REP-010,DrugAlpha-100mg,Immunology,Adverse Events / Safety,Live During HCP Call,Fully Answered,5.2,18.7,0,5,
MSL-006169,2026-04-08,REP-010,DrugBeta-50mg,Immunology,Patient Selection Criteria,Post-Call Follow-up,Fully Answered,8.9,17.8,0,5,
MSL-006170,2026-04-08,REP-015,DrugAlpha-100mg,Oncology,Dosing Guidelines,Pre-Meeting Prep,Fully Answered,5.1,7.2,1,5,HCP-0186
MSL-006171,2026-04-08,REP-015,DrugGamma-200mg,Oncology,Combination Therapy,Live During HCP Call,Fully Answered,5.4,9.4,1,5,HCP-0232
MSL-006172,2026-04-08,REP-015,CardioPlus-25mg,Oncology,Clinical Trial Data,Live During HCP Call,Partially Answered,14.8,15.8,1,4,HCP-0075
MSL-006173,2026-04-08,REP-016,DrugAlpha-100mg,Neurology,Guidelines / Protocols,Self-Study,Fully Answered,5.0,16.5,0,5,
MSL-006174,2026-04-08,REP-016,DrugGamma-200mg,Neurology,Clinical Trial Data,Post-Call Follow-up,Fully Answered,7.9,15.4,0,4,
MSL-006175,2026-04-08,REP-016,DrugGamma-200mg,Neurology,Patient Selection Criteria,Pre-Meeting Prep,Fully Answered,7.3,9.1,1,5,HCP-0281
MSL-006176,2026-04-08,REP-017,DrugGamma-200mg,Immunology,Long-term Outcomes,Post-Call Follow-up,No Answer Found,23.6,0,0,1,
MSL-006177,2026-04-08,REP-017,NeuroX-75mg,Immunology,Mechanism of Action,Live During HCP Call,Fully Answered,4.3,21.0,1,5,HCP-0357
MSL-006178,2026-04-08,REP-017,CardioPlus-25mg,Immunology,Long-term Outcomes,Pre-Meeting Prep,Fully Answered,2.0,18.6,1,4,HCP-0234
MSL-006179,2026-04-08,REP-017,CardioPlus-25mg,Immunology,Patient Selection Criteria,Live During HCP Call,Fully Answered,8.2,13.6,0,5,
MSL-006180,2026-04-08,REP-021,DrugAlpha-100mg,Rare Disease,Combination Therapy,Post-Call Follow-up,Redirected to Medical,19.7,0,0,1,
MSL-006181,2026-04-08,REP-021,NeuroX-75mg,Rare Disease,Subgroup Analysis,Self-Study,Fully Answered,7.3,17.5,0,5,
MSL-006182,2026-04-08,REP-021,CardioPlus-25mg,Rare Disease,Combination Therapy,Self-Study,Fully Answered,5.7,12.2,0,5,
MSL-006183,2026-04-09,REP-002,NeuroX-75mg,Oncology,Drug Interactions,Pre-Meeting Prep,Fully Answered,12.9,9.5,1,5,HCP-0213
MSL-006184,2026-04-09,REP-002,CardioPlus-25mg,Oncology,Pharmacokinetics,Self-Study,Fully Answered,11.7,9.0,0,5,
MSL-006185,2026-04-09,REP-002,CardioPlus-25mg,Oncology,Pharmacokinetics,Live During HCP Call,No Answer Found,34.4,0,0,2,
MSL-006186,2026-04-09,REP-002,DrugGamma-200mg,Oncology,Adverse Events / Safety,Self-Study,Fully Answered,10.0,24.7,0,5,
MSL-006187,2026-04-09,REP-002,DrugBeta-50mg,Oncology,Subgroup Analysis,Post-Call Follow-up,Fully Answered,7.5,13.2,0,5,
MSL-006188,2026-04-09,REP-002,NeuroX-75mg,Oncology,Guidelines / Protocols,Self-Study,Fully Answered,3.8,11.7,0,5,
MSL-006189,2026-04-09,REP-004,CardioPlus-25mg,Cardiology,Adverse Events / Safety,Live During HCP Call,Fully Answered,8.9,3.5,0,5,
MSL-006190,2026-04-09,REP-004,DrugGamma-200mg,Cardiology,Real-World Evidence,Pre-Meeting Prep,Fully Answered,10.0,3.5,1,5,HCP-0163
MSL-006191,2026-04-09,REP-004,NeuroX-75mg,Cardiology,Clinical Trial Data,Pre-Meeting Prep,Fully Answered,7.2,2.2,0,5,
MSL-006192,2026-04-09,REP-004,DrugAlpha-100mg,Cardiology,Adverse Events / Safety,Live During HCP Call,Fully Answered,2.0,14.1,1,5,HCP-0275
MSL-006193,2026-04-09,REP-004,NeuroX-75mg,Cardiology,Biomarker Data,Pre-Meeting Prep,Fully Answered,5.3,17.5,1,5,HCP-0164
MSL-006194,2026-04-09,REP-004,DrugGamma-200mg,Cardiology,Patient Selection Criteria,Post-Call Follow-up,Fully Answered,9.1,12.0,0,5,
MSL-006195,2026-04-09,REP-008,CardioPlus-25mg,Immunology,Dosing Guidelines,Pre-Meeting Prep,Redirected to Medical,38.9,0,0,2,
MSL-006196,2026-04-09,REP-009,NeuroX-75mg,Cardiology,Adverse Events / Safety,Pre-Meeting Prep,Fully Answered,8.0,15.6,1,4,HCP-0417
MSL-006197,2026-04-09,REP-010,DrugBeta-50mg,Immunology,Drug Interactions,Self-Study,No Answer Found,21.0,0,0,1,
MSL-006198,2026-04-09,REP-010,DrugGamma-200mg,Immunology,Long-term Outcomes,Pre-Meeting Prep,Partially Answered,13.5,18.1,1,3,HCP-0180
MSL-006199,2026-04-09,REP-010,NeuroX-75mg,Immunology,Adverse Events / Safety,Live During HCP Call,Fully Answered,8.0,17.8,1,5,HCP-0394
MSL-006200,2026-04-09,REP-015,DrugAlpha-100mg,Oncology,Guidelines / Protocols,Post-Call Follow-up,Fully Answered,8.9,16.9,0,5,
MSL-006201,2026-04-09,REP-015,CardioPlus-25mg,Oncology,Long-term Outcomes,Post-Call Follow-up,Partially Answered,17.2,4.7,0,3,
MSL-006202,2026-04-09,REP-015,DrugBeta-50mg,Oncology,Dosing Guidelines,Pre-Meeting Prep,Partially Answered,18.6,17.4,1,3,HCP-0441
MSL-006203,2026-04-09,REP-015,NeuroX-75mg,Oncology,Guidelines / Protocols,Post-Call Follow-up,Fully Answered,4.5,12.1,0,5,
MSL-006204,2026-04-09,REP-015,NeuroX-75mg,Oncology,Guidelines / Protocols,Post-Call Follow-up,Fully Answered,9.2,20.6,0,5,
MSL-006205,2026-04-09,REP-016,DrugBeta-50mg,Neurology,Mechanism of Action,Post-Call Follow-up,Partially Answered,12.2,20.5,0,3,
MSL-006206,2026-04-09,REP-016,CardioPlus-25mg,Neurology,Off-label Evidence Request,Post-Call Follow-up,Partially Answered,6.7,9.7,0,2,
MSL-006207,2026-04-09,REP-016,DrugAlpha-100mg,Neurology,Real-World Evidence,Pre-Meeting Prep,Fully Answered,8.7,16.1,1,4,HCP-0140
MSL-006208,2026-04-09,REP-016,DrugBeta-50mg,Neurology,Drug Interactions,Pre-Meeting Prep,Fully Answered,6.3,10.4,1,5,HCP-0228
MSL-006209,2026-04-09,REP-017,DrugGamma-200mg,Immunology,Drug Interactions,Self-Study,Fully Answered,7.8,17.5,0,5,
MSL-006210,2026-04-09,REP-017,CardioPlus-25mg,Immunology,Combination Therapy,Pre-Meeting Prep,Fully Answered,4.8,13.2,1,4,HCP-0392
MSL-006211,2026-04-09,REP-017,DrugGamma-200mg,Immunology,Real-World Evidence,Pre-Meeting Prep,Fully Answered,9.6,10.2,1,4,HCP-0308
MSL-006212,2026-04-09,REP-017,NeuroX-75mg,Immunology,Guidelines / Protocols,Pre-Meeting Prep,Fully Answered,7.1,22.5,1,5,HCP-0451
MSL-006213,2026-04-09,REP-021,CardioPlus-25mg,Rare Disease,Pharmacokinetics,Live During HCP Call,Fully Answered,12.1,2,1,5,HCP-0337
MSL-006214,2026-04-09,REP-021,DrugBeta-50mg,Rare Disease,Biomarker Data,Pre-Meeting Prep,Fully Answered,4.2,10.7,1,4,HCP-0124
MSL-006215,2026-04-09,REP-021,DrugGamma-200mg,Rare Disease,Patient Selection Criteria,Pre-Meeting Prep,No Answer Found,24.6,0,0,1,
MSL-006216,2026-04-10,REP-002,DrugAlpha-100mg,Oncology,Combination Therapy,Live During HCP Call,Partially Answered,13.7,13.3,0,2,
MSL-006217,2026-04-10,REP-004,CardioPlus-25mg,Cardiology,Drug Interactions,Self-Study,Fully Answered,12.5,9.2,0,5,
MSL-006218,2026-04-10,REP-004,CardioPlus-25mg,Cardiology,Patient Selection Criteria,Self-Study,Fully Answered,8.5,16.9,0,5,
MSL-006219,2026-04-10,REP-004,DrugAlpha-100mg,Cardiology,Biomarker Data,Live During HCP Call,Fully Answered,7.7,16.7,1,5,HCP-0436
MSL-006220,2026-04-10,REP-008,DrugAlpha-100mg,Immunology,Dosing Guidelines,Pre-Meeting Prep,Partially Answered,10.9,14.1,1,4,HCP-0417
MSL-006221,2026-04-10,REP-008,DrugGamma-200mg,Immunology,Biomarker Data,Live During HCP Call,Redirected to Medical,33.5,0,0,2,
MSL-006222,2026-04-10,REP-009,DrugBeta-50mg,Cardiology,Dosing Guidelines,Pre-Meeting Prep,No Answer Found,30.8,0,0,2,
MSL-006223,2026-04-10,REP-009,CardioPlus-25mg,Cardiology,Real-World Evidence,Self-Study,Fully Answered,6.2,8.3,0,5,
MSL-006224,2026-04-10,REP-009,DrugAlpha-100mg,Cardiology,Guidelines / Protocols,Post-Call Follow-up,Partially Answered,18.4,5.9,0,4,
MSL-006225,2026-04-10,REP-010,CardioPlus-25mg,Immunology,Long-term Outcomes,Post-Call Follow-up,Fully Answered,12.4,14.8,0,5,
MSL-006226,2026-04-10,REP-010,DrugBeta-50mg,Immunology,Mechanism of Action,Pre-Meeting Prep,Fully Answered,5.4,7.6,1,4,HCP-0197
MSL-006227,2026-04-10,REP-010,DrugAlpha-100mg,Immunology,Biomarker Data,Live During HCP Call,No Answer Found,16.0,0,0,1,
MSL-006228,2026-04-10,REP-015,DrugBeta-50mg,Oncology,Adverse Events / Safety,Pre-Meeting Prep,Redirected to Medical,27.4,0,0,1,
MSL-006229,2026-04-10,REP-015,DrugBeta-50mg,Oncology,Adverse Events / Safety,Live During HCP Call,Fully Answered,2.8,7.1,1,5,HCP-0306
MSL-006230,2026-04-10,REP-015,DrugAlpha-100mg,Oncology,Subgroup Analysis,Pre-Meeting Prep,Fully Answered,10.4,11.5,1,5,HCP-0090
MSL-006231,2026-04-10,REP-016,DrugAlpha-100mg,Neurology,Mechanism of Action,Post-Call Follow-up,Redirected to Medical,22.4,0,0,1,
MSL-006232,2026-04-10,REP-016,DrugAlpha-100mg,Neurology,Long-term Outcomes,Live During HCP Call,Fully Answered,8.7,11.9,1,4,HCP-0081
MSL-006233,2026-04-10,REP-016,CardioPlus-25mg,Neurology,Combination Therapy,Pre-Meeting Prep,Fully Answered,10.9,8.3,1,5,HCP-0099
MSL-006234,2026-04-10,REP-016,CardioPlus-25mg,Neurology,Guidelines / Protocols,Self-Study,Fully Answered,10.1,12.1,0,5,
MSL-006235,2026-04-10,REP-017,NeuroX-75mg,Immunology,Drug Interactions,Self-Study,Fully Answered,3.2,16.3,0,5,
MSL-006236,2026-04-10,REP-017,DrugGamma-200mg,Immunology,Drug Interactions,Self-Study,Fully Answered,10.6,5.0,0,4,
MSL-006237,2026-04-10,REP-017,CardioPlus-25mg,Immunology,Mechanism of Action,Self-Study,Fully Answered,10.3,2.4,0,5,
MSL-006238,2026-04-10,REP-017,DrugAlpha-100mg,Immunology,Dosing Guidelines,Self-Study,Fully Answered,9.9,10.5,0,4,
MSL-006239,2026-04-10,REP-017,CardioPlus-25mg,Immunology,Combination Therapy,Pre-Meeting Prep,Fully Answered,10.3,2.2,1,5,HCP-0442
MSL-006240,2026-04-10,REP-021,CardioPlus-25mg,Rare Disease,Long-term Outcomes,Pre-Meeting Prep,No Answer Found,28.0,0,0,3,
MSL-006241,2026-04-10,REP-021,DrugBeta-50mg,Rare Disease,Long-term Outcomes,Live During HCP Call,Fully Answered,12.2,16.3,1,5,HCP-0349
MSL-006242,2026-04-10,REP-021,DrugGamma-200mg,Rare Disease,Combination Therapy,Self-Study,Partially Answered,12.6,16.5,0,4,
MSL-006243,2026-04-13,REP-002,CardioPlus-25mg,Oncology,Biomarker Data,Live During HCP Call,Fully Answered,9.5,7.3,0,5,
MSL-006244,2026-04-13,REP-002,DrugGamma-200mg,Oncology,Real-World Evidence,Pre-Meeting Prep,Fully Answered,2.4,2,1,5,HCP-0398
MSL-006245,2026-04-13,REP-002,DrugAlpha-100mg,Oncology,Combination Therapy,Post-Call Follow-up,Fully Answered,4.7,11.0,0,5,
MSL-006246,2026-04-13,REP-002,NeuroX-75mg,Oncology,Drug Interactions,Live During HCP Call,Partially Answered,9.9,2,1,3,HCP-0429
MSL-006247,2026-04-13,REP-008,NeuroX-75mg,Immunology,Real-World Evidence,Self-Study,Fully Answered,7.0,14.5,0,5,
MSL-006248,2026-04-13,REP-008,DrugBeta-50mg,Immunology,Adverse Events / Safety,Live During HCP Call,Fully Answered,10.1,10.8,0,5,
MSL-006249,2026-04-13,REP-008,DrugGamma-200mg,Immunology,Dosing Guidelines,Self-Study,No Answer Found,29.2,0,0,2,
MSL-006250,2026-04-13,REP-008,CardioPlus-25mg,Immunology,Real-World Evidence,Pre-Meeting Prep,Fully Answered,6.4,15.1,1,5,HCP-0439
MSL-006251,2026-04-13,REP-008,DrugGamma-200mg,Immunology,Competitor Comparison,Post-Call Follow-up,Redirected to Medical,25.2,0,0,2,
MSL-006252,2026-04-13,REP-009,DrugBeta-50mg,Cardiology,Dosing Guidelines,Pre-Meeting Prep,Partially Answered,2.0,13.5,1,4,HCP-0321
MSL-006253,2026-04-13,REP-009,DrugAlpha-100mg,Cardiology,Guidelines / Protocols,Pre-Meeting Prep,Fully Answered,13.6,7.9,1,5,HCP-0249
MSL-006254,2026-04-13,REP-010,NeuroX-75mg,Immunology,Dosing Guidelines,Post-Call Follow-up,Fully Answered,7.3,9.5,0,5,
MSL-006255,2026-04-13,REP-010,DrugBeta-50mg,Immunology,Real-World Evidence,Live During HCP Call,Fully Answered,7.7,9.8,1,5,HCP-0431
MSL-006256,2026-04-13,REP-010,NeuroX-75mg,Immunology,Dosing Guidelines,Pre-Meeting Prep,Partially Answered,11.8,21.7,1,4,HCP-0195
MSL-006257,2026-04-13,REP-015,CardioPlus-25mg,Oncology,Competitor Comparison,Self-Study,Partially Answered,7.9,6.7,0,4,
MSL-006258,2026-04-13,REP-015,DrugGamma-200mg,Oncology,Adverse Events / Safety,Live During HCP Call,Partially Answered,19.0,15.7,1,3,HCP-0355
MSL-006259,2026-04-13,REP-015,NeuroX-75mg,Oncology,Off-label Evidence Request,Pre-Meeting Prep,Fully Answered,6.8,7.2,1,5,HCP-0202
MSL-006260,2026-04-13,REP-015,DrugAlpha-100mg,Oncology,Long-term Outcomes,Pre-Meeting Prep,Fully Answered,2.5,9.1,1,4,HCP-0360
MSL-006261,2026-04-13,REP-015,NeuroX-75mg,Oncology,Dosing Guidelines,Pre-Meeting Prep,Fully Answered,12.2,9.5,1,4,HCP-0156
MSL-006262,2026-04-13,REP-015,NeuroX-75mg,Oncology,Guidelines / Protocols,Self-Study,Redirected to Medical,33.1,0,0,2,
MSL-006263,2026-04-13,REP-016,DrugAlpha-100mg,Neurology,Patient Selection Criteria,Live During HCP Call,Fully Answered,2.4,22.4,0,5,
MSL-006264,2026-04-13,REP-016,DrugGamma-200mg,Neurology,Combination Therapy,Live During HCP Call,Fully Answered,8.6,3.9,1,5,HCP-0122
MSL-006265,2026-04-13,REP-016,CardioPlus-25mg,Neurology,Drug Interactions,Post-Call Follow-up,Fully Answered,8.3,5.6,0,5,
MSL-006266,2026-04-13,REP-017,CardioPlus-25mg,Immunology,Patient Selection Criteria,Pre-Meeting Prep,Partially Answered,17.0,5.0,1,3,HCP-0394
MSL-006267,2026-04-13,REP-017,DrugAlpha-100mg,Immunology,Competitor Comparison,Pre-Meeting Prep,Fully Answered,5.9,3.9,1,5,HCP-0040
MSL-006268,2026-04-13,REP-017,NeuroX-75mg,Immunology,Adverse Events / Safety,Live During HCP Call,Fully Answered,10.5,12.4,1,4,HCP-0449
MSL-006269,2026-04-13,REP-017,DrugGamma-200mg,Immunology,Mechanism of Action,Pre-Meeting Prep,Fully Answered,9.5,10.5,0,5,
MSL-006270,2026-04-13,REP-017,NeuroX-75mg,Immunology,Patient Selection Criteria,Pre-Meeting Prep,Fully Answered,8.7,6.6,1,5,HCP-0117
MSL-006271,2026-04-13,REP-021,NeuroX-75mg,Rare Disease,Combination Therapy,Pre-Meeting Prep,Fully Answered,2.2,3.9,1,5,HCP-0142
MSL-006272,2026-04-13,REP-021,CardioPlus-25mg,Rare Disease,Clinical Trial Data,Post-Call Follow-up,Redirected to Medical,30.6,0,0,1,
MSL-006273,2026-04-13,REP-021,NeuroX-75mg,Rare Disease,Competitor Comparison,Self-Study,Fully Answered,9.8,10.3,0,5,
MSL-006274,2026-04-13,REP-021,DrugBeta-50mg,Rare Disease,Long-term Outcomes,Post-Call Follow-up,Fully Answered,7.9,7.1,0,5,
MSL-006275,2026-04-13,REP-021,DrugAlpha-100mg,Rare Disease,Competitor Comparison,Post-Call Follow-up,Fully Answered,3.3,14.6,0,5,
MSL-006276,2026-04-14,REP-002,DrugAlpha-100mg,Oncology,Real-World Evidence,Pre-Meeting Prep,Partially Answered,23.3,2,1,4,HCP-0069
MSL-006277,2026-04-14,REP-002,DrugGamma-200mg,Oncology,Competitor Comparison,Self-Study,Fully Answered,14.7,7.5,0,4,
MSL-006278,2026-04-14,REP-002,CardioPlus-25mg,Oncology,Drug Interactions,Live During HCP Call,Fully Answered,9.6,9.1,1,4,HCP-0023
MSL-006279,2026-04-14,REP-002,NeuroX-75mg,Oncology,Competitor Comparison,Pre-Meeting Prep,Fully Answered,6.4,10.0,0,5,
MSL-006280,2026-04-14,REP-002,NeuroX-75mg,Oncology,Drug Interactions,Post-Call Follow-up,Redirected to Medical,24.9,0,0,3,
MSL-006281,2026-04-14,REP-002,DrugBeta-50mg,Oncology,Off-label Evidence Request,Pre-Meeting Prep,Redirected to Medical,28.2,0,0,2,
MSL-006282,2026-04-14,REP-004,CardioPlus-25mg,Cardiology,Drug Interactions,Live During HCP Call,Fully Answered,9.8,4.3,1,5,HCP-0228
MSL-006283,2026-04-14,REP-004,DrugGamma-200mg,Cardiology,Long-term Outcomes,Post-Call Follow-up,Partially Answered,9.9,11.4,0,4,
MSL-006284,2026-04-14,REP-008,NeuroX-75mg,Immunology,Mechanism of Action,Live During HCP Call,Partially Answered,13.8,13.7,1,4,HCP-0412
MSL-006285,2026-04-14,REP-008,DrugBeta-50mg,Immunology,Dosing Guidelines,Self-Study,Fully Answered,5.6,22.8,0,5,
MSL-006286,2026-04-14,REP-008,CardioPlus-25mg,Immunology,Guidelines / Protocols,Self-Study,Fully Answered,7.7,19.2,0,4,
MSL-006287,2026-04-14,REP-009,NeuroX-75mg,Cardiology,Drug Interactions,Live During HCP Call,Fully Answered,7.8,3.6,1,5,HCP-0387
MSL-006288,2026-04-14,REP-009,DrugAlpha-100mg,Cardiology,Off-label Evidence Request,Self-Study,Fully Answered,9.8,19.2,0,4,
MSL-006289,2026-04-14,REP-009,DrugAlpha-100mg,Cardiology,Clinical Trial Data,Live During HCP Call,Partially Answered,10.0,3.3,0,4,
MSL-006290,2026-04-14,REP-010,DrugBeta-50mg,Immunology,Pharmacokinetics,Self-Study,Fully Answered,8.3,15.5,0,4,
MSL-006291,2026-04-14,REP-010,NeuroX-75mg,Immunology,Drug Interactions,Live During HCP Call,Fully Answered,7.8,13.5,0,5,
MSL-006292,2026-04-14,REP-010,DrugGamma-200mg,Immunology,Real-World Evidence,Pre-Meeting Prep,No Answer Found,33.2,0,0,2,
MSL-006293,2026-04-14,REP-010,NeuroX-75mg,Immunology,Combination Therapy,Pre-Meeting Prep,Partially Answered,14.9,13.2,1,2,HCP-0210
MSL-006294,2026-04-14,REP-015,CardioPlus-25mg,Oncology,Pharmacokinetics,Live During HCP Call,Fully Answered,13.2,13.0,1,4,HCP-0142
MSL-006295,2026-04-14,REP-015,DrugBeta-50mg,Oncology,Competitor Comparison,Self-Study,Redirected to Medical,24.9,0,0,2,
MSL-006296,2026-04-14,REP-016,NeuroX-75mg,Neurology,Adverse Events / Safety,Post-Call Follow-up,Fully Answered,8.1,4.7,0,4,
MSL-006297,2026-04-14,REP-016,DrugBeta-50mg,Neurology,Long-term Outcomes,Self-Study,Fully Answered,10.9,14.3,0,5,
MSL-006298,2026-04-14,REP-016,DrugBeta-50mg,Neurology,Competitor Comparison,Live During HCP Call,Fully Answered,9.9,8.0,1,4,HCP-0495
MSL-006299,2026-04-14,REP-016,CardioPlus-25mg,Neurology,Dosing Guidelines,Self-Study,Fully Answered,13.6,8.0,0,5,
MSL-006300,2026-04-14,REP-017,DrugBeta-50mg,Immunology,Guidelines / Protocols,Live During HCP Call,Partially Answered,9.0,8.2,1,3,HCP-0349
MSL-006301,2026-04-14,REP-017,NeuroX-75mg,Immunology,Dosing Guidelines,Pre-Meeting Prep,Fully Answered,4.5,15.5,1,4,HCP-0088
MSL-006302,2026-04-14,REP-017,DrugBeta-50mg,Immunology,Biomarker Data,Post-Call Follow-up,Fully Answered,6.0,13.7,0,4,
MSL-006303,2026-04-14,REP-017,DrugBeta-50mg,Immunology,Clinical Trial Data,Pre-Meeting Prep,Fully Answered,5.6,16.0,1,4,HCP-0394
MSL-006304,2026-04-14,REP-021,DrugGamma-200mg,Rare Disease,Clinical Trial Data,Post-Call Follow-up,Fully Answered,6.0,13.8,0,5,
MSL-006305,2026-04-14,REP-021,DrugGamma-200mg,Rare Disease,Mechanism of Action,Self-Study,Fully Answered,4.1,13.8,0,5,
MSL-006306,2026-04-14,REP-021,CardioPlus-25mg,Rare Disease,Dosing Guidelines,Live During HCP Call,No Answer Found,24.2,0,0,1,
MSL-006307,2026-04-15,REP-002,DrugBeta-50mg,Oncology,Drug Interactions,Pre-Meeting Prep,Fully Answered,6.6,15.5,1,5,HCP-0175
MSL-006308,2026-04-15,REP-002,DrugBeta-50mg,Oncology,Pharmacokinetics,Self-Study,Fully Answered,12.5,2,0,5,
MSL-006309,2026-04-15,REP-002,DrugBeta-50mg,Oncology,Dosing Guidelines,Live During HCP Call,Fully Answered,9.2,10.6,1,5,HCP-0112
MSL-006310,2026-04-15,REP-004,DrugAlpha-100mg,Cardiology,Off-label Evidence Request,Self-Study,No Answer Found,26.7,0,0,1,
MSL-006311,2026-04-15,REP-004,DrugAlpha-100mg,Cardiology,Drug Interactions,Pre-Meeting Prep,Fully Answered,5.8,15.8,0,4,
MSL-006312,2026-04-15,REP-004,CardioPlus-25mg,Cardiology,Drug Interactions,Pre-Meeting Prep,Fully Answered,9.6,15.3,1,4,HCP-0421
MSL-006313,2026-04-15,REP-008,CardioPlus-25mg,Immunology,Competitor Comparison,Live During HCP Call,Fully Answered,9.2,7.5,0,5,
MSL-006314,2026-04-15,REP-009,DrugBeta-50mg,Cardiology,Long-term Outcomes,Pre-Meeting Prep,Partially Answered,10.1,13.7,1,4,HCP-0175
MSL-006315,2026-04-15,REP-009,NeuroX-75mg,Cardiology,Guidelines / Protocols,Post-Call Follow-up,Fully Answered,7.0,19.7,0,5,
MSL-006316,2026-04-15,REP-009,CardioPlus-25mg,Cardiology,Pharmacokinetics,Post-Call Follow-up,Fully Answered,3.7,15.7,0,5,
MSL-006317,2026-04-15,REP-010,DrugGamma-200mg,Immunology,Dosing Guidelines,Self-Study,Fully Answered,12.7,9.8,0,5,
MSL-006318,2026-04-15,REP-010,DrugGamma-200mg,Immunology,Adverse Events / Safety,Self-Study,Fully Answered,8.8,19.5,0,5,
MSL-006319,2026-04-15,REP-010,CardioPlus-25mg,Immunology,Mechanism of Action,Self-Study,Fully Answered,15.9,15.3,0,5,
MSL-006320,2026-04-15,REP-015,DrugBeta-50mg,Oncology,Long-term Outcomes,Self-Study,Fully Answered,12.2,14.2,0,5,
MSL-006321,2026-04-15,REP-015,DrugGamma-200mg,Oncology,Long-term Outcomes,Self-Study,Fully Answered,5.8,12.1,0,5,
MSL-006322,2026-04-15,REP-015,DrugAlpha-100mg,Oncology,Real-World Evidence,Live During HCP Call,Fully Answered,1.7,7.1,1,5,HCP-0261
MSL-006323,2026-04-15,REP-015,DrugBeta-50mg,Oncology,Mechanism of Action,Pre-Meeting Prep,No Answer Found,14.3,0,0,3,
MSL-006324,2026-04-15,REP-015,DrugBeta-50mg,Oncology,Patient Selection Criteria,Pre-Meeting Prep,Fully Answered,11.5,12.1,1,4,HCP-0262
MSL-006325,2026-04-15,REP-015,DrugAlpha-100mg,Oncology,Real-World Evidence,Pre-Meeting Prep,Fully Answered,11.2,10.0,1,4,HCP-0234
MSL-006326,2026-04-15,REP-016,NeuroX-75mg,Neurology,Subgroup Analysis,Pre-Meeting Prep,No Answer Found,26.0,0,0,1,
MSL-006327,2026-04-15,REP-016,DrugGamma-200mg,Neurology,Mechanism of Action,Self-Study,Fully Answered,9.1,9.8,0,5,
MSL-006328,2026-04-15,REP-016,NeuroX-75mg,Neurology,Combination Therapy,Post-Call Follow-up,Fully Answered,3.0,11.5,0,5,
MSL-006329,2026-04-15,REP-017,DrugGamma-200mg,Immunology,Biomarker Data,Pre-Meeting Prep,Fully Answered,8.2,9.9,1,4,HCP-0022
MSL-006330,2026-04-15,REP-017,CardioPlus-25mg,Immunology,Clinical Trial Data,Live During HCP Call,Fully Answered,6.4,5.8,1,5,HCP-0345
MSL-006331,2026-04-15,REP-017,DrugGamma-200mg,Immunology,Real-World Evidence,Self-Study,Partially Answered,13.3,11.5,0,3,
MSL-006332,2026-04-15,REP-017,DrugGamma-200mg,Immunology,Long-term Outcomes,Self-Study,Partially Answered,23.0,14.2,0,4,
MSL-006333,2026-04-15,REP-021,DrugGamma-200mg,Rare Disease,Long-term Outcomes,Self-Study,Fully Answered,12.8,18.8,0,5,
MSL-006334,2026-04-15,REP-021,DrugAlpha-100mg,Rare Disease,Subgroup Analysis,Post-Call Follow-up,No Answer Found,18.1,0,0,1,
MSL-006335,2026-04-15,REP-021,DrugBeta-50mg,Rare Disease,Guidelines / Protocols,Self-Study,Redirected to Medical,40.4,0,0,3,
MSL-006336,2026-04-15,REP-021,NeuroX-75mg,Rare Disease,Off-label Evidence Request,Pre-Meeting Prep,Fully Answered,4.4,8.2,0,4,
MSL-006337,2026-04-15,REP-021,DrugAlpha-100mg,Rare Disease,Biomarker Data,Live During HCP Call,Redirected to Medical,36.4,0,0,2,
MSL-006338,2026-04-15,REP-021,DrugGamma-200mg,Rare Disease,Subgroup Analysis,Self-Study,Fully Answered,9.6,16.4,0,4,
MSL-006339,2026-04-15,REP-021,NeuroX-75mg,Rare Disease,Combination Therapy,Self-Study,Partially Answered,21.5,13.0,0,3,
MSL-006340,2026-04-15,REP-021,CardioPlus-25mg,Rare Disease,Drug Interactions,Pre-Meeting Prep,Fully Answered,6.3,20.1,0,5,
MSL-006341,2026-04-16,REP-002,DrugGamma-200mg,Oncology,Guidelines / Protocols,Pre-Meeting Prep,Fully Answered,5.4,9.3,1,5,HCP-0437
MSL-006342,2026-04-16,REP-002,DrugBeta-50mg,Oncology,Competitor Comparison,Pre-Meeting Prep,Fully Answered,13.3,17.1,1,4,HCP-0468
MSL-006343,2026-04-16,REP-002,CardioPlus-25mg,Oncology,Mechanism of Action,Pre-Meeting Prep,Partially Answered,15.8,14.1,1,4,HCP-0195
MSL-006344,2026-04-16,REP-002,NeuroX-75mg,Oncology,Real-World Evidence,Post-Call Follow-up,Fully Answered,9.0,3.0,0,5,
MSL-006345,2026-04-16,REP-004,DrugGamma-200mg,Cardiology,Subgroup Analysis,Self-Study,Fully Answered,10.9,30.3,0,5,
MSL-006346,2026-04-16,REP-004,DrugBeta-50mg,Cardiology,Drug Interactions,Self-Study,Fully Answered,7.2,11.4,0,4,
MSL-006347,2026-04-16,REP-004,NeuroX-75mg,Cardiology,Real-World Evidence,Live During HCP Call,Fully Answered,6.3,16.3,1,5,HCP-0454
MSL-006348,2026-04-16,REP-004,CardioPlus-25mg,Cardiology,Drug Interactions,Live During HCP Call,Fully Answered,9.3,11.3,1,4,HCP-0352
MSL-006349,2026-04-16,REP-004,DrugAlpha-100mg,Cardiology,Patient Selection Criteria,Self-Study,Fully Answered,13.7,17.6,0,5,
MSL-006350,2026-04-16,REP-008,DrugAlpha-100mg,Immunology,Clinical Trial Data,Self-Study,Fully Answered,6.5,6.9,0,4,
MSL-006351,2026-04-16,REP-008,DrugAlpha-100mg,Immunology,Biomarker Data,Pre-Meeting Prep,Fully Answered,6.6,17.0,1,5,HCP-0385
MSL-006352,2026-04-16,REP-009,DrugBeta-50mg,Cardiology,Long-term Outcomes,Self-Study,Partially Answered,12.7,6.3,0,3,
MSL-006353,2026-04-16,REP-009,DrugBeta-50mg,Cardiology,Off-label Evidence Request,Live During HCP Call,Fully Answered,1,13.0,1,4,HCP-0028
MSL-006354,2026-04-16,REP-009,NeuroX-75mg,Cardiology,Clinical Trial Data,Self-Study,Partially Answered,20.1,11.9,0,4,
MSL-006355,2026-04-16,REP-010,DrugAlpha-100mg,Immunology,Pharmacokinetics,Pre-Meeting Prep,No Answer Found,24.4,0,0,1,
MSL-006356,2026-04-16,REP-010,DrugBeta-50mg,Immunology,Adverse Events / Safety,Live During HCP Call,Fully Answered,8.2,16.0,1,5,HCP-0391
MSL-006357,2026-04-16,REP-010,DrugAlpha-100mg,Immunology,Dosing Guidelines,Self-Study,Fully Answered,11.8,7.6,0,5,
MSL-006358,2026-04-16,REP-010,DrugGamma-200mg,Immunology,Adverse Events / Safety,Pre-Meeting Prep,Fully Answered,10.7,13.8,1,5,HCP-0497
MSL-006359,2026-04-16,REP-010,DrugBeta-50mg,Immunology,Clinical Trial Data,Post-Call Follow-up,Fully Answered,7.8,20.8,0,5,
MSL-006360,2026-04-16,REP-015,NeuroX-75mg,Oncology,Pharmacokinetics,Pre-Meeting Prep,Fully Answered,6.7,14.0,1,5,HCP-0499
MSL-006361,2026-04-16,REP-015,DrugAlpha-100mg,Oncology,Pharmacokinetics,Self-Study,Fully Answered,5.3,9.7,0,5,
MSL-006362,2026-04-16,REP-015,CardioPlus-25mg,Oncology,Guidelines / Protocols,Pre-Meeting Prep,No Answer Found,28.4,0,0,1,
MSL-006363,2026-04-16,REP-015,CardioPlus-25mg,Oncology,Subgroup Analysis,Post-Call Follow-up,Fully Answered,9.8,3.8,0,5,
MSL-006364,2026-04-16,REP-016,DrugAlpha-100mg,Neurology,Patient Selection Criteria,Live During HCP Call,Fully Answered,9.8,6.1,1,5,HCP-0136
MSL-006365,2026-04-16,REP-016,DrugBeta-50mg,Neurology,Competitor Comparison,Live During HCP Call,Redirected to Medical,20.5,0,0,2,
MSL-006366,2026-04-16,REP-016,DrugBeta-50mg,Neurology,Long-term Outcomes,Pre-Meeting Prep,Fully Answered,7.4,11.8,1,4,HCP-0342
MSL-006367,2026-04-16,REP-016,DrugBeta-50mg,Neurology,Clinical Trial Data,Post-Call Follow-up,Redirected to Medical,22.3,0,0,1,
MSL-006368,2026-04-16,REP-016,DrugAlpha-100mg,Neurology,Biomarker Data,Live During HCP Call,Fully Answered,5.6,9.2,0,5,
MSL-006369,2026-04-16,REP-016,DrugGamma-200mg,Neurology,Clinical Trial Data,Live During HCP Call,Fully Answered,13.6,3.4,1,4,HCP-0273
MSL-006370,2026-04-16,REP-016,CardioPlus-25mg,Neurology,Mechanism of Action,Self-Study,Partially Answered,21.6,19.1,0,3,
MSL-006371,2026-04-16,REP-016,CardioPlus-25mg,Neurology,Adverse Events / Safety,Live During HCP Call,Fully Answered,6.2,15.1,1,4,HCP-0048
MSL-006372,2026-04-16,REP-017,NeuroX-75mg,Immunology,Biomarker Data,Pre-Meeting Prep,Fully Answered,4.1,11.7,1,5,HCP-0195
MSL-006373,2026-04-16,REP-017,CardioPlus-25mg,Immunology,Patient Selection Criteria,Live During HCP Call,Redirected to Medical,26.6,0,0,3,
MSL-006374,2026-04-16,REP-021,NeuroX-75mg,Rare Disease,Guidelines / Protocols,Post-Call Follow-up,Redirected to Medical,35.8,0,0,2,
MSL-006375,2026-04-16,REP-021,DrugAlpha-100mg,Rare Disease,Clinical Trial Data,Post-Call Follow-up,Partially Answered,12.7,22.8,0,4,
MSL-006376,2026-04-16,REP-021,CardioPlus-25mg,Rare Disease,Guidelines / Protocols,Post-Call Follow-up,Fully Answered,12.0,8.2,0,5,
MSL-006377,2026-04-16,REP-021,NeuroX-75mg,Rare Disease,Guidelines / Protocols,Self-Study,Fully Answered,8.6,5.6,0,5,
MSL-006378,2026-04-17,REP-002,DrugAlpha-100mg,Oncology,Pharmacokinetics,Pre-Meeting Prep,Partially Answered,20.3,18.7,1,3,HCP-0049
MSL-006379,2026-04-17,REP-002,DrugBeta-50mg,Oncology,Off-label Evidence Request,Self-Study,No Answer Found,22.9,0,0,2,
MSL-006380,2026-04-17,REP-002,NeuroX-75mg,Oncology,Clinical Trial Data,Pre-Meeting Prep,Partially Answered,12.2,23.7,1,3,HCP-0317
MSL-006381,2026-04-17,REP-004,CardioPlus-25mg,Cardiology,Off-label Evidence Request,Live During HCP Call,Fully Answered,8.9,7.4,0,4,
MSL-006382,2026-04-17,REP-004,CardioPlus-25mg,Cardiology,Biomarker Data,Live During HCP Call,Partially Answered,15.9,14.3,1,3,HCP-0474
MSL-006383,2026-04-17,REP-004,DrugBeta-50mg,Cardiology,Patient Selection Criteria,Pre-Meeting Prep,Redirected to Medical,35.3,0,0,1,
MSL-006384,2026-04-17,REP-004,DrugGamma-200mg,Cardiology,Guidelines / Protocols,Post-Call Follow-up,Fully Answered,4.0,10.4,0,5,
MSL-006385,2026-04-17,REP-004,DrugGamma-200mg,Cardiology,Clinical Trial Data,Self-Study,Partially Answered,16.9,7.7,0,3,
MSL-006386,2026-04-17,REP-004,DrugBeta-50mg,Cardiology,Combination Therapy,Self-Study,Partially Answered,7.2,16.7,0,3,
MSL-006387,2026-04-17,REP-008,NeuroX-75mg,Immunology,Pharmacokinetics,Post-Call Follow-up,Fully Answered,8.1,14.6,0,5,
MSL-006388,2026-04-17,REP-008,DrugAlpha-100mg,Immunology,Off-label Evidence Request,Post-Call Follow-up,Fully Answered,3.2,7.1,0,5,
MSL-006389,2026-04-17,REP-009,DrugAlpha-100mg,Cardiology,Biomarker Data,Live During HCP Call,Fully Answered,6.3,13.9,1,4,HCP-0285
MSL-006390,2026-04-17,REP-009,NeuroX-75mg,Cardiology,Long-term Outcomes,Pre-Meeting Prep,Fully Answered,14.0,14.0,1,5,HCP-0405
MSL-006391,2026-04-17,REP-009,NeuroX-75mg,Cardiology,Combination Therapy,Live During HCP Call,Redirected to Medical,21.5,0,0,3,
MSL-006392,2026-04-17,REP-010,DrugBeta-50mg,Immunology,Subgroup Analysis,Pre-Meeting Prep,Fully Answered,9.5,7.2,1,5,HCP-0076
MSL-006393,2026-04-17,REP-015,DrugAlpha-100mg,Oncology,Guidelines / Protocols,Self-Study,Fully Answered,5.0,11.1,0,5,
MSL-006394,2026-04-17,REP-015,CardioPlus-25mg,Oncology,Adverse Events / Safety,Live During HCP Call,Partially Answered,12.2,5.3,1,3,HCP-0158
MSL-006395,2026-04-17,REP-015,DrugGamma-200mg,Oncology,Mechanism of Action,Pre-Meeting Prep,Fully Answered,10.6,13.2,1,5,HCP-0336
MSL-006396,2026-04-17,REP-015,DrugGamma-200mg,Oncology,Off-label Evidence Request,Pre-Meeting Prep,Fully Answered,10.2,13.9,0,5,
MSL-006397,2026-04-17,REP-015,CardioPlus-25mg,Oncology,Off-label Evidence Request,Post-Call Follow-up,Fully Answered,14.6,7.3,0,5,
MSL-006398,2026-04-17,REP-016,DrugGamma-200mg,Neurology,Biomarker Data,Live During HCP Call,Fully Answered,8.9,20.9,1,4,HCP-0194
MSL-006399,2026-04-17,REP-016,DrugBeta-50mg,Neurology,Mechanism of Action,Live During HCP Call,Redirected to Medical,17.8,0,0,1,
MSL-006400,2026-04-17,REP-016,DrugAlpha-100mg,Neurology,Clinical Trial Data,Pre-Meeting Prep,Partially Answered,20.2,2,1,3,HCP-0088
MSL-006401,2026-04-17,REP-021,DrugGamma-200mg,Rare Disease,Real-World Evidence,Pre-Meeting Prep,Partially Answered,20.4,14.7,1,4,HCP-0265
MSL-006402,2026-04-17,REP-021,DrugGamma-200mg,Rare Disease,Guidelines / Protocols,Self-Study,Fully Answered,9.4,16.7,0,5,
MSL-006403,2026-04-17,REP-021,CardioPlus-25mg,Rare Disease,Dosing Guidelines,Pre-Meeting Prep,Fully Answered,9.1,19.9,0,4,
MSL-006404,2026-04-20,REP-004,NeuroX-75mg,Cardiology,Patient Selection Criteria,Live During HCP Call,No Answer Found,25.0,0,0,2,
MSL-006405,2026-04-20,REP-004,DrugAlpha-100mg,Cardiology,Clinical Trial Data,Live During HCP Call,Redirected to Medical,45.2,0,0,1,
MSL-006406,2026-04-20,REP-004,DrugAlpha-100mg,Cardiology,Pharmacokinetics,Post-Call Follow-up,Fully Answered,15.3,8.1,0,5,
MSL-006407,2026-04-20,REP-008,DrugGamma-200mg,Immunology,Drug Interactions,Self-Study,No Answer Found,16.9,0,0,2,
MSL-006408,2026-04-20,REP-008,CardioPlus-25mg,Immunology,Competitor Comparison,Live During HCP Call,Fully Answered,5.7,16.1,0,5,
MSL-006409,2026-04-20,REP-008,DrugGamma-200mg,Immunology,Long-term Outcomes,Pre-Meeting Prep,Fully Answered,8.6,16.1,1,5,HCP-0160
MSL-006410,2026-04-20,REP-009,DrugBeta-50mg,Cardiology,Pharmacokinetics,Live During HCP Call,Fully Answered,6.1,20.5,0,5,
MSL-006411,2026-04-20,REP-009,DrugGamma-200mg,Cardiology,Drug Interactions,Live During HCP Call,Fully Answered,11.2,10.1,1,4,HCP-0309
MSL-006412,2026-04-20,REP-009,DrugBeta-50mg,Cardiology,Long-term Outcomes,Pre-Meeting Prep,Partially Answered,13.4,5.6,1,3,HCP-0339
MSL-006413,2026-04-20,REP-010,CardioPlus-25mg,Immunology,Guidelines / Protocols,Post-Call Follow-up,Fully Answered,4.7,15.8,0,4,
MSL-006414,2026-04-20,REP-010,NeuroX-75mg,Immunology,Off-label Evidence Request,Self-Study,Fully Answered,7.9,11.7,0,5,
MSL-006415,2026-04-20,REP-010,DrugBeta-50mg,Immunology,Mechanism of Action,Post-Call Follow-up,Fully Answered,8.4,12.7,0,4,
MSL-006416,2026-04-20,REP-010,CardioPlus-25mg,Immunology,Competitor Comparison,Pre-Meeting Prep,Partially Answered,20.4,18.8,0,3,
MSL-006417,2026-04-20,REP-015,NeuroX-75mg,Oncology,Subgroup Analysis,Live During HCP Call,Fully Answered,5.3,6.5,1,5,HCP-0143
MSL-006418,2026-04-20,REP-015,DrugGamma-200mg,Oncology,Pharmacokinetics,Pre-Meeting Prep,No Answer Found,26.7,0,0,2,
MSL-006419,2026-04-20,REP-016,CardioPlus-25mg,Neurology,Mechanism of Action,Live During HCP Call,Fully Answered,9.7,12.7,1,5,HCP-0449
MSL-006420,2026-04-20,REP-016,DrugGamma-200mg,Neurology,Pharmacokinetics,Live During HCP Call,Fully Answered,2.2,13.0,1,5,HCP-0101
MSL-006421,2026-04-20,REP-016,CardioPlus-25mg,Neurology,Mechanism of Action,Self-Study,Fully Answered,5.3,5.1,0,4,
MSL-006422,2026-04-20,REP-016,DrugGamma-200mg,Neurology,Dosing Guidelines,Post-Call Follow-up,Fully Answered,8.7,3.5,0,4,
MSL-006423,2026-04-20,REP-016,DrugBeta-50mg,Neurology,Subgroup Analysis,Pre-Meeting Prep,Fully Answered,4.6,7.0,1,5,HCP-0401
MSL-006424,2026-04-20,REP-016,DrugBeta-50mg,Neurology,Drug Interactions,Pre-Meeting Prep,Fully Answered,4.2,16.7,0,4,
MSL-006425,2026-04-20,REP-016,DrugBeta-50mg,Neurology,Combination Therapy,Self-Study,Partially Answered,6.9,14.6,0,3,
MSL-006426,2026-04-20,REP-017,DrugBeta-50mg,Immunology,Clinical Trial Data,Self-Study,Fully Answered,6.7,9.2,0,4,
MSL-006427,2026-04-20,REP-017,NeuroX-75mg,Immunology,Guidelines / Protocols,Pre-Meeting Prep,Fully Answered,4.7,18.6,1,5,HCP-0164
MSL-006428,2026-04-20,REP-017,DrugBeta-50mg,Immunology,Biomarker Data,Live During HCP Call,Fully Answered,7.6,12.3,0,5,
MSL-006429,2026-04-20,REP-017,NeuroX-75mg,Immunology,Real-World Evidence,Pre-Meeting Prep,Partially Answered,21.6,11.7,1,3,HCP-0021
MSL-006430,2026-04-20,REP-017,DrugAlpha-100mg,Immunology,Dosing Guidelines,Self-Study,Fully Answered,5.5,12.3,0,5,
MSL-006431,2026-04-20,REP-017,NeuroX-75mg,Immunology,Mechanism of Action,Live During HCP Call,Fully Answered,9.5,12.7,1,5,HCP-0461
MSL-006432,2026-04-20,REP-017,DrugGamma-200mg,Immunology,Biomarker Data,Pre-Meeting Prep,Fully Answered,10.3,13.2,1,5,HCP-0023
MSL-006433,2026-04-20,REP-021,DrugAlpha-100mg,Rare Disease,Pharmacokinetics,Post-Call Follow-up,Fully Answered,9.6,12.6,0,5,
MSL-006434,2026-04-20,REP-021,NeuroX-75mg,Rare Disease,Clinical Trial Data,Live During HCP Call,Fully Answered,5.8,3.5,1,4,HCP-0085
MSL-006435,2026-04-20,REP-021,DrugGamma-200mg,Rare Disease,Pharmacokinetics,Pre-Meeting Prep,Fully Answered,3.5,15.9,1,5,HCP-0483
MSL-006436,2026-04-20,REP-021,DrugBeta-50mg,Rare Disease,Patient Selection Criteria,Pre-Meeting Prep,Fully Answered,5.2,11.1,1,5,HCP-0337
MSL-006437,2026-04-20,REP-021,CardioPlus-25mg,Rare Disease,Off-label Evidence Request,Pre-Meeting Prep,Partially Answered,12.6,8.9,1,3,HCP-0146
MSL-006438,2026-04-21,REP-002,CardioPlus-25mg,Oncology,Patient Selection Criteria,Post-Call Follow-up,Redirected to Medical,26.1,0,0,2,
MSL-006439,2026-04-21,REP-002,DrugAlpha-100mg,Oncology,Long-term Outcomes,Pre-Meeting Prep,Partially Answered,17.4,4.8,1,4,HCP-0045
MSL-006440,2026-04-21,REP-002,CardioPlus-25mg,Oncology,Mechanism of Action,Pre-Meeting Prep,Fully Answered,6.9,9.3,1,4,HCP-0051
MSL-006441,2026-04-21,REP-002,CardioPlus-25mg,Oncology,Subgroup Analysis,Pre-Meeting Prep,Fully Answered,7.2,8.1,1,5,HCP-0367
MSL-006442,2026-04-21,REP-002,DrugAlpha-100mg,Oncology,Mechanism of Action,Post-Call Follow-up,No Answer Found,26.3,0,0,2,
MSL-006443,2026-04-21,REP-004,NeuroX-75mg,Cardiology,Pharmacokinetics,Pre-Meeting Prep,Fully Answered,7.8,6.5,1,5,HCP-0387
MSL-006444,2026-04-21,REP-004,DrugGamma-200mg,Cardiology,Guidelines / Protocols,Pre-Meeting Prep,No Answer Found,29.0,0,0,1,
MSL-006445,2026-04-21,REP-008,DrugAlpha-100mg,Immunology,Guidelines / Protocols,Post-Call Follow-up,Partially Answered,9.8,19.0,0,3,
MSL-006446,2026-04-21,REP-008,DrugBeta-50mg,Immunology,Guidelines / Protocols,Pre-Meeting Prep,Fully Answered,11.8,8.9,1,4,HCP-0390
MSL-006447,2026-04-21,REP-008,CardioPlus-25mg,Immunology,Subgroup Analysis,Pre-Meeting Prep,Redirected to Medical,25.0,0,0,2,
MSL-006448,2026-04-21,REP-009,NeuroX-75mg,Cardiology,Adverse Events / Safety,Pre-Meeting Prep,No Answer Found,27.6,0,0,1,
MSL-006449,2026-04-21,REP-009,DrugBeta-50mg,Cardiology,Competitor Comparison,Pre-Meeting Prep,Fully Answered,9.7,15.0,1,5,HCP-0475
MSL-006450,2026-04-21,REP-009,DrugAlpha-100mg,Cardiology,Pharmacokinetics,Live During HCP Call,Partially Answered,13.7,9.7,1,3,HCP-0437
MSL-006451,2026-04-21,REP-009,DrugGamma-200mg,Cardiology,Biomarker Data,Pre-Meeting Prep,Partially Answered,14.0,16.9,1,3,HCP-0330
MSL-006452,2026-04-21,REP-009,DrugBeta-50mg,Cardiology,Biomarker Data,Post-Call Follow-up,Partially Answered,7.2,24.3,0,4,
MSL-006453,2026-04-21,REP-015,DrugAlpha-100mg,Oncology,Biomarker Data,Pre-Meeting Prep,Fully Answered,8.8,12.8,1,5,HCP-0244
MSL-006454,2026-04-21,REP-015,CardioPlus-25mg,Oncology,Off-label Evidence Request,Self-Study,Fully Answered,11.4,13.1,0,5,
MSL-006455,2026-04-21,REP-015,CardioPlus-25mg,Oncology,Adverse Events / Safety,Pre-Meeting Prep,Fully Answered,6.9,5.1,1,4,HCP-0353
MSL-006456,2026-04-21,REP-015,NeuroX-75mg,Oncology,Biomarker Data,Self-Study,Fully Answered,7.5,13.9,0,4,
MSL-006457,2026-04-21,REP-017,DrugAlpha-100mg,Immunology,Guidelines / Protocols,Live During HCP Call,Fully Answered,4.3,11.3,0,5,
MSL-006458,2026-04-21,REP-017,DrugAlpha-100mg,Immunology,Clinical Trial Data,Live During HCP Call,Fully Answered,9.3,9.1,1,5,HCP-0032
MSL-006459,2026-04-21,REP-017,DrugAlpha-100mg,Immunology,Drug Interactions,Pre-Meeting Prep,Partially Answered,15.6,15.2,0,3,
MSL-006460,2026-04-21,REP-021,CardioPlus-25mg,Rare Disease,Competitor Comparison,Live During HCP Call,Fully Answered,9.8,11.3,0,5,
MSL-006461,2026-04-21,REP-021,NeuroX-75mg,Rare Disease,Patient Selection Criteria,Live During HCP Call,Fully Answered,7.0,7.4,1,4,HCP-0332
MSL-006462,2026-04-21,REP-021,DrugGamma-200mg,Rare Disease,Mechanism of Action,Self-Study,Partially Answered,5.2,17.3,0,3,
MSL-006463,2026-04-21,REP-021,DrugGamma-200mg,Rare Disease,Clinical Trial Data,Pre-Meeting Prep,No Answer Found,35.8,0,0,1,
MSL-006464,2026-04-22,REP-002,DrugGamma-200mg,Oncology,Adverse Events / Safety,Post-Call Follow-up,Redirected to Medical,15.6,0,0,3,
MSL-006465,2026-04-22,REP-004,DrugAlpha-100mg,Cardiology,Drug Interactions,Live During HCP Call,Redirected to Medical,22.5,0,0,1,
MSL-006466,2026-04-22,REP-004,DrugAlpha-100mg,Cardiology,Competitor Comparison,Live During HCP Call,Fully Answered,9.5,15.3,1,4,HCP-0393
MSL-006467,2026-04-22,REP-004,DrugBeta-50mg,Cardiology,Real-World Evidence,Self-Study,Partially Answered,18.9,23.2,0,2,
MSL-006468,2026-04-22,REP-004,CardioPlus-25mg,Cardiology,Long-term Outcomes,Post-Call Follow-up,Partially Answered,20.0,16.1,0,4,
MSL-006469,2026-04-22,REP-004,NeuroX-75mg,Cardiology,Subgroup Analysis,Post-Call Follow-up,Fully Answered,15.1,15.7,0,5,
MSL-006470,2026-04-22,REP-004,DrugGamma-200mg,Cardiology,Drug Interactions,Live During HCP Call,Fully Answered,10.3,20.3,1,5,HCP-0046
MSL-006471,2026-04-22,REP-004,DrugAlpha-100mg,Cardiology,Competitor Comparison,Live During HCP Call,Fully Answered,6.1,8.2,1,5,HCP-0380
MSL-006472,2026-04-22,REP-008,NeuroX-75mg,Immunology,Adverse Events / Safety,Pre-Meeting Prep,Fully Answered,11.0,21.3,1,4,HCP-0010
MSL-006473,2026-04-22,REP-008,CardioPlus-25mg,Immunology,Competitor Comparison,Self-Study,Fully Answered,10.9,2,0,5,
MSL-006474,2026-04-22,REP-008,DrugAlpha-100mg,Immunology,Mechanism of Action,Self-Study,Partially Answered,14.9,9.5,0,3,
MSL-006475,2026-04-22,REP-009,NeuroX-75mg,Cardiology,Dosing Guidelines,Live During HCP Call,Fully Answered,7.3,3.0,1,5,HCP-0212
MSL-006476,2026-04-22,REP-009,DrugAlpha-100mg,Cardiology,Real-World Evidence,Pre-Meeting Prep,Fully Answered,9.7,10.5,0,4,
MSL-006477,2026-04-22,REP-009,DrugGamma-200mg,Cardiology,Mechanism of Action,Post-Call Follow-up,Fully Answered,9.7,12.4,0,5,
MSL-006478,2026-04-22,REP-010,DrugGamma-200mg,Immunology,Subgroup Analysis,Live During HCP Call,Fully Answered,13.8,16.3,1,5,HCP-0362
MSL-006479,2026-04-22,REP-010,DrugAlpha-100mg,Immunology,Adverse Events / Safety,Pre-Meeting Prep,Partially Answered,10.6,16.6,1,4,HCP-0113
MSL-006480,2026-04-22,REP-010,CardioPlus-25mg,Immunology,Mechanism of Action,Post-Call Follow-up,Redirected to Medical,22.9,0,0,3,
MSL-006481,2026-04-22,REP-010,DrugGamma-200mg,Immunology,Clinical Trial Data,Live During HCP Call,Fully Answered,4.6,15.3,1,5,HCP-0230
MSL-006482,2026-04-22,REP-015,NeuroX-75mg,Oncology,Biomarker Data,Pre-Meeting Prep,Fully Answered,8.4,14.3,0,5,
MSL-006483,2026-04-22,REP-015,DrugGamma-200mg,Oncology,Drug Interactions,Pre-Meeting Prep,Fully Answered,10.0,9.7,1,4,HCP-0175
MSL-006484,2026-04-22,REP-015,CardioPlus-25mg,Oncology,Competitor Comparison,Self-Study,Fully Answered,5.6,23.1,0,5,
MSL-006485,2026-04-22,REP-016,DrugBeta-50mg,Neurology,Adverse Events / Safety,Self-Study,Fully Answered,5.8,16.0,0,4,
MSL-006486,2026-04-22,REP-016,CardioPlus-25mg,Neurology,Patient Selection Criteria,Pre-Meeting Prep,Fully Answered,4.6,8.2,0,5,
MSL-006487,2026-04-22,REP-016,NeuroX-75mg,Neurology,Patient Selection Criteria,Self-Study,Redirected to Medical,24.3,0,0,1,
MSL-006488,2026-04-22,REP-017,DrugBeta-50mg,Immunology,Guidelines / Protocols,Pre-Meeting Prep,Fully Answered,10.6,11.1,0,5,
MSL-006489,2026-04-22,REP-017,CardioPlus-25mg,Immunology,Long-term Outcomes,Pre-Meeting Prep,Fully Answered,8.6,10.9,1,5,HCP-0026
MSL-006490,2026-04-22,REP-017,DrugBeta-50mg,Immunology,Adverse Events / Safety,Post-Call Follow-up,Fully Answered,13.3,13.9,0,5,
MSL-006491,2026-04-22,REP-017,DrugAlpha-100mg,Immunology,Biomarker Data,Pre-Meeting Prep,Fully Answered,10.9,17.6,0,5,
MSL-006492,2026-04-22,REP-021,DrugGamma-200mg,Rare Disease,Long-term Outcomes,Live During HCP Call,Fully Answered,9.1,15.8,0,5,
MSL-006493,2026-04-22,REP-021,CardioPlus-25mg,Rare Disease,Off-label Evidence Request,Pre-Meeting Prep,Partially Answered,14.3,10.2,1,3,HCP-0138
MSL-006494,2026-04-22,REP-021,DrugGamma-200mg,Rare Disease,Drug Interactions,Post-Call Follow-up,Redirected to Medical,28.4,0,0,2,
MSL-006495,2026-04-23,REP-002,DrugBeta-50mg,Oncology,Mechanism of Action,Post-Call Follow-up,Redirected to Medical,29.0,0,0,3,
MSL-006496,2026-04-23,REP-002,DrugAlpha-100mg,Oncology,Long-term Outcomes,Pre-Meeting Prep,Fully Answered,8.9,9.3,1,5,HCP-0233
MSL-006497,2026-04-23,REP-004,DrugAlpha-100mg,Cardiology,Adverse Events / Safety,Post-Call Follow-up,Fully Answered,8.8,9.7,0,4,
MSL-006498,2026-04-23,REP-004,DrugAlpha-100mg,Cardiology,Dosing Guidelines,Pre-Meeting Prep,Partially Answered,12.0,16.9,0,4,
MSL-006499,2026-04-23,REP-004,DrugAlpha-100mg,Cardiology,Clinical Trial Data,Self-Study,Fully Answered,5.1,2,0,5,
MSL-006500,2026-04-23,REP-004,DrugBeta-50mg,Cardiology,Biomarker Data,Post-Call Follow-up,Partially Answered,9.3,17.2,0,4,
MSL-006501,2026-04-23,REP-008,CardioPlus-25mg,Immunology,Guidelines / Protocols,Live During HCP Call,Fully Answered,5.8,13.5,1,4,HCP-0225
MSL-006502,2026-04-23,REP-008,NeuroX-75mg,Immunology,Biomarker Data,Live During HCP Call,Fully Answered,8.4,2.8,0,5,
MSL-006503,2026-04-23,REP-008,CardioPlus-25mg,Immunology,Adverse Events / Safety,Self-Study,Fully Answered,11.9,10.8,0,4,
MSL-006504,2026-04-23,REP-008,NeuroX-75mg,Immunology,Drug Interactions,Self-Study,Fully Answered,8.6,7.5,0,5,
MSL-006505,2026-04-23,REP-009,NeuroX-75mg,Cardiology,Dosing Guidelines,Pre-Meeting Prep,Partially Answered,13.0,17.6,1,3,HCP-0018
MSL-006506,2026-04-23,REP-009,CardioPlus-25mg,Cardiology,Off-label Evidence Request,Self-Study,Fully Answered,9.1,14.3,0,5,
MSL-006507,2026-04-23,REP-010,CardioPlus-25mg,Immunology,Competitor Comparison,Post-Call Follow-up,Fully Answered,5.0,15.8,0,5,
MSL-006508,2026-04-23,REP-015,DrugGamma-200mg,Oncology,Real-World Evidence,Self-Study,Partially Answered,18.4,14.9,0,3,
MSL-006509,2026-04-23,REP-015,CardioPlus-25mg,Oncology,Pharmacokinetics,Self-Study,Fully Answered,11.9,10.1,0,5,
MSL-006510,2026-04-23,REP-015,NeuroX-75mg,Oncology,Patient Selection Criteria,Self-Study,Fully Answered,4.3,18.3,0,5,
MSL-006511,2026-04-23,REP-015,CardioPlus-25mg,Oncology,Subgroup Analysis,Live During HCP Call,Redirected to Medical,20.3,0,0,1,
MSL-006512,2026-04-23,REP-015,CardioPlus-25mg,Oncology,Biomarker Data,Pre-Meeting Prep,Partially Answered,22.2,7.4,0,3,
MSL-006513,2026-04-23,REP-015,CardioPlus-25mg,Oncology,Pharmacokinetics,Self-Study,Partially Answered,20.5,16.5,0,3,
MSL-006514,2026-04-23,REP-016,CardioPlus-25mg,Neurology,Real-World Evidence,Post-Call Follow-up,No Answer Found,22.0,0,0,3,
MSL-006515,2026-04-23,REP-016,DrugBeta-50mg,Neurology,Subgroup Analysis,Pre-Meeting Prep,No Answer Found,29.4,0,0,2,
MSL-006516,2026-04-23,REP-016,DrugGamma-200mg,Neurology,Biomarker Data,Post-Call Follow-up,Fully Answered,12.4,8.4,0,5,
MSL-006517,2026-04-23,REP-016,CardioPlus-25mg,Neurology,Subgroup Analysis,Pre-Meeting Prep,Partially Answered,21.6,9.3,1,3,HCP-0451
MSL-006518,2026-04-23,REP-017,DrugGamma-200mg,Immunology,Real-World Evidence,Pre-Meeting Prep,Redirected to Medical,12.4,0,0,3,
MSL-006519,2026-04-23,REP-017,DrugBeta-50mg,Immunology,Clinical Trial Data,Self-Study,Fully Answered,9.7,8.9,0,5,
MSL-006520,2026-04-23,REP-021,DrugBeta-50mg,Rare Disease,Clinical Trial Data,Post-Call Follow-up,Fully Answered,6.6,14.8,0,5,
MSL-006521,2026-04-23,REP-021,CardioPlus-25mg,Rare Disease,Competitor Comparison,Pre-Meeting Prep,Partially Answered,20.4,13.6,1,4,HCP-0049
MSL-006522,2026-04-23,REP-021,DrugGamma-200mg,Rare Disease,Mechanism of Action,Pre-Meeting Prep,Fully Answered,8.4,10.5,0,5,
MSL-006523,2026-04-24,REP-002,DrugGamma-200mg,Oncology,Off-label Evidence Request,Pre-Meeting Prep,Fully Answered,9.2,13.3,1,5,HCP-0078
MSL-006524,2026-04-24,REP-004,DrugAlpha-100mg,Cardiology,Guidelines / Protocols,Post-Call Follow-up,Partially Answered,4.0,22.2,0,4,
MSL-006525,2026-04-24,REP-004,DrugGamma-200mg,Cardiology,Real-World Evidence,Pre-Meeting Prep,Redirected to Medical,17.9,0,0,2,
MSL-006526,2026-04-24,REP-004,NeuroX-75mg,Cardiology,Mechanism of Action,Live During HCP Call,Fully Answered,4.2,12.6,0,5,
MSL-006527,2026-04-24,REP-008,CardioPlus-25mg,Immunology,Combination Therapy,Post-Call Follow-up,Fully Answered,9.5,11.8,0,5,
MSL-006528,2026-04-24,REP-008,DrugBeta-50mg,Immunology,Real-World Evidence,Self-Study,No Answer Found,18.2,0,0,2,
MSL-006529,2026-04-24,REP-008,DrugAlpha-100mg,Immunology,Combination Therapy,Live During HCP Call,Fully Answered,6.8,8.4,1,4,HCP-0158
MSL-006530,2026-04-24,REP-009,NeuroX-75mg,Cardiology,Long-term Outcomes,Self-Study,Partially Answered,19.6,23.2,0,3,
MSL-006531,2026-04-24,REP-009,DrugBeta-50mg,Cardiology,Subgroup Analysis,Self-Study,Fully Answered,9.5,8.1,0,4,
MSL-006532,2026-04-24,REP-009,DrugAlpha-100mg,Cardiology,Subgroup Analysis,Self-Study,Fully Answered,6.4,8.7,0,5,
MSL-006533,2026-04-24,REP-009,NeuroX-75mg,Cardiology,Off-label Evidence Request,Live During HCP Call,Fully Answered,7.0,13.0,0,4,
MSL-006534,2026-04-24,REP-010,NeuroX-75mg,Immunology,Pharmacokinetics,Self-Study,Partially Answered,10.4,11.1,0,3,
MSL-006535,2026-04-24,REP-010,DrugAlpha-100mg,Immunology,Real-World Evidence,Self-Study,Partially Answered,17.8,21.9,0,2,
MSL-006536,2026-04-24,REP-010,DrugBeta-50mg,Immunology,Guidelines / Protocols,Live During HCP Call,Fully Answered,13.0,13.7,0,5,
MSL-006537,2026-04-24,REP-010,CardioPlus-25mg,Immunology,Real-World Evidence,Live During HCP Call,No Answer Found,34.4,0,0,1,
MSL-006538,2026-04-24,REP-010,CardioPlus-25mg,Immunology,Competitor Comparison,Pre-Meeting Prep,Fully Answered,11.6,20.1,0,5,
MSL-006539,2026-04-24,REP-010,CardioPlus-25mg,Immunology,Real-World Evidence,Pre-Meeting Prep,Partially Answered,19.0,22.1,1,2,HCP-0186
MSL-006540,2026-04-24,REP-015,NeuroX-75mg,Oncology,Adverse Events / Safety,Self-Study,Partially Answered,9.4,3.3,0,2,
MSL-006541,2026-04-24,REP-015,DrugGamma-200mg,Oncology,Subgroup Analysis,Live During HCP Call,Fully Answered,8.1,17.5,1,5,HCP-0290
MSL-006542,2026-04-24,REP-016,NeuroX-75mg,Neurology,Dosing Guidelines,Pre-Meeting Prep,Fully Answered,8.3,11.4,0,5,
MSL-006543,2026-04-24,REP-017,DrugBeta-50mg,Immunology,Long-term Outcomes,Live During HCP Call,Fully Answered,3.9,2,1,5,HCP-0031
MSL-006544,2026-04-24,REP-017,CardioPlus-25mg,Immunology,Subgroup Analysis,Pre-Meeting Prep,Redirected to Medical,32.9,0,0,1,
MSL-006545,2026-04-24,REP-017,DrugAlpha-100mg,Immunology,Off-label Evidence Request,Pre-Meeting Prep,Partially Answered,16.6,6.1,1,4,HCP-0245
MSL-006546,2026-04-24,REP-021,DrugGamma-200mg,Rare Disease,Drug Interactions,Post-Call Follow-up,Fully Answered,6.2,18.5,0,5,
MSL-006547,2026-04-24,REP-021,NeuroX-75mg,Rare Disease,Competitor Comparison,Pre-Meeting Prep,Fully Answered,9.6,12.6,1,5,HCP-0183
MSL-006548,2026-04-24,REP-021,DrugBeta-50mg,Rare Disease,Guidelines / Protocols,Live During HCP Call,Redirected to Medical,25.3,0,0,1,
MSL-006549,2026-04-27,REP-002,DrugBeta-50mg,Oncology,Mechanism of Action,Live During HCP Call,Fully Answered,12.3,10.3,1,5,HCP-0334
MSL-006550,2026-04-27,REP-002,CardioPlus-25mg,Oncology,Biomarker Data,Pre-Meeting Prep,Fully Answered,11.1,14.1,1,5,HCP-0298
MSL-006551,2026-04-27,REP-002,DrugAlpha-100mg,Oncology,Long-term Outcomes,Self-Study,Fully Answered,6.5,12.7,0,5,
MSL-006552,2026-04-27,REP-004,DrugAlpha-100mg,Cardiology,Off-label Evidence Request,Post-Call Follow-up,Partially Answered,12.1,15.0,0,3,
MSL-006553,2026-04-27,REP-008,CardioPlus-25mg,Immunology,Clinical Trial Data,Pre-Meeting Prep,Fully Answered,6.5,2,1,5,HCP-0225
MSL-006554,2026-04-27,REP-008,DrugBeta-50mg,Immunology,Patient Selection Criteria,Pre-Meeting Prep,Fully Answered,6.3,8.4,0,4,
MSL-006555,2026-04-27,REP-008,CardioPlus-25mg,Immunology,Off-label Evidence Request,Post-Call Follow-up,Fully Answered,4.9,15.2,0,5,
MSL-006556,2026-04-27,REP-008,DrugAlpha-100mg,Immunology,Real-World Evidence,Self-Study,Fully Answered,11.7,15.7,0,5,
MSL-006557,2026-04-27,REP-008,DrugGamma-200mg,Immunology,Drug Interactions,Self-Study,Fully Answered,6.8,15.1,0,5,
MSL-006558,2026-04-27,REP-009,DrugGamma-200mg,Cardiology,Competitor Comparison,Live During HCP Call,Partially Answered,13.1,15.0,1,3,HCP-0441
MSL-006559,2026-04-27,REP-009,DrugBeta-50mg,Cardiology,Combination Therapy,Self-Study,Fully Answered,9.0,17.3,0,4,
MSL-006560,2026-04-27,REP-009,DrugGamma-200mg,Cardiology,Drug Interactions,Self-Study,Redirected to Medical,19.7,0,0,2,
MSL-006561,2026-04-27,REP-009,CardioPlus-25mg,Cardiology,Off-label Evidence Request,Pre-Meeting Prep,Fully Answered,10.5,14.5,0,5,
MSL-006562,2026-04-27,REP-009,DrugAlpha-100mg,Cardiology,Mechanism of Action,Self-Study,Fully Answered,6.7,9.6,0,5,
MSL-006563,2026-04-27,REP-009,DrugGamma-200mg,Cardiology,Drug Interactions,Live During HCP Call,Fully Answered,6.0,22.8,1,5,HCP-0238
MSL-006564,2026-04-27,REP-010,DrugGamma-200mg,Immunology,Adverse Events / Safety,Live During HCP Call,Fully Answered,2.6,6.1,1,5,HCP-0215
MSL-006565,2026-04-27,REP-010,DrugAlpha-100mg,Immunology,Subgroup Analysis,Pre-Meeting Prep,Fully Answered,7.7,8.1,1,4,HCP-0059
MSL-006566,2026-04-27,REP-010,DrugGamma-200mg,Immunology,Subgroup Analysis,Live During HCP Call,Fully Answered,4.0,13.4,1,5,HCP-0223
MSL-006567,2026-04-27,REP-010,DrugAlpha-100mg,Immunology,Clinical Trial Data,Live During HCP Call,Fully Answered,8.2,12.2,1,5,HCP-0385
MSL-006568,2026-04-27,REP-015,DrugGamma-200mg,Oncology,Adverse Events / Safety,Post-Call Follow-up,Fully Answered,8.6,13.7,0,4,
MSL-006569,2026-04-27,REP-015,DrugBeta-50mg,Oncology,Adverse Events / Safety,Post-Call Follow-up,Fully Answered,9.5,12.3,0,4,
MSL-006570,2026-04-27,REP-016,DrugAlpha-100mg,Neurology,Mechanism of Action,Pre-Meeting Prep,Fully Answered,3.5,10.0,1,5,HCP-0091
MSL-006571,2026-04-27,REP-016,DrugBeta-50mg,Neurology,Dosing Guidelines,Live During HCP Call,Partially Answered,7.4,11.2,1,3,HCP-0401
MSL-006572,2026-04-27,REP-016,DrugAlpha-100mg,Neurology,Real-World Evidence,Live During HCP Call,Fully Answered,7.8,15.7,0,5,
MSL-006573,2026-04-27,REP-017,DrugGamma-200mg,Immunology,Drug Interactions,Live During HCP Call,Partially Answered,11.5,13.2,0,3,
MSL-006574,2026-04-27,REP-017,DrugAlpha-100mg,Immunology,Real-World Evidence,Pre-Meeting Prep,Fully Answered,7.3,15.7,1,5,HCP-0214
MSL-006575,2026-04-27,REP-017,NeuroX-75mg,Immunology,Adverse Events / Safety,Live During HCP Call,Fully Answered,6.6,2.5,1,5,HCP-0240
MSL-006576,2026-04-27,REP-017,DrugGamma-200mg,Immunology,Biomarker Data,Pre-Meeting Prep,Partially Answered,19.9,8.4,0,4,
MSL-006577,2026-04-27,REP-017,DrugAlpha-100mg,Immunology,Clinical Trial Data,Post-Call Follow-up,Fully Answered,6.2,2,0,5,
MSL-006578,2026-04-27,REP-017,DrugGamma-200mg,Immunology,Combination Therapy,Self-Study,Fully Answered,12.7,10.4,0,4,
MSL-006579,2026-04-27,REP-017,DrugGamma-200mg,Immunology,Clinical Trial Data,Pre-Meeting Prep,Fully Answered,7.0,12.7,0,4,
MSL-006580,2026-04-27,REP-021,DrugAlpha-100mg,Rare Disease,Pharmacokinetics,Pre-Meeting Prep,Fully Answered,7.6,14.8,1,4,HCP-0243
MSL-006581,2026-04-27,REP-021,NeuroX-75mg,Rare Disease,Biomarker Data,Pre-Meeting Prep,Fully Answered,6.7,10.3,1,5,HCP-0394
MSL-006582,2026-04-27,REP-021,DrugGamma-200mg,Rare Disease,Guidelines / Protocols,Pre-Meeting Prep,Fully Answered,12.0,14.7,1,5,HCP-0272
MSL-006583,2026-04-28,REP-002,DrugAlpha-100mg,Oncology,Clinical Trial Data,Self-Study,Partially Answered,17.5,14.7,0,3,
MSL-006584,2026-04-28,REP-002,DrugGamma-200mg,Oncology,Long-term Outcomes,Pre-Meeting Prep,No Answer Found,32.7,0,0,1,
MSL-006585,2026-04-28,REP-002,DrugAlpha-100mg,Oncology,Competitor Comparison,Post-Call Follow-up,Fully Answered,8.8,15.1,0,5,
MSL-006586,2026-04-28,REP-004,NeuroX-75mg,Cardiology,Long-term Outcomes,Pre-Meeting Prep,Fully Answered,9.4,15.2,0,5,
MSL-006587,2026-04-28,REP-008,DrugAlpha-100mg,Immunology,Mechanism of Action,Self-Study,No Answer Found,26.3,0,0,2,
MSL-006588,2026-04-28,REP-008,CardioPlus-25mg,Immunology,Off-label Evidence Request,Live During HCP Call,Fully Answered,17.1,13.5,1,5,HCP-0074
MSL-006589,2026-04-28,REP-008,DrugGamma-200mg,Immunology,Subgroup Analysis,Self-Study,Fully Answered,8.5,8.0,0,4,
MSL-006590,2026-04-28,REP-008,DrugBeta-50mg,Immunology,Combination Therapy,Pre-Meeting Prep,Partially Answered,20.2,22.2,0,3,
MSL-006591,2026-04-28,REP-008,DrugGamma-200mg,Immunology,Pharmacokinetics,Live During HCP Call,Partially Answered,14.7,5.5,1,3,HCP-0092
MSL-006592,2026-04-28,REP-008,DrugBeta-50mg,Immunology,Clinical Trial Data,Pre-Meeting Prep,Fully Answered,10.4,6.2,1,5,HCP-0399
MSL-006593,2026-04-28,REP-008,CardioPlus-25mg,Immunology,Mechanism of Action,Self-Study,Fully Answered,3.5,15.9,0,4,
MSL-006594,2026-04-28,REP-009,NeuroX-75mg,Cardiology,Biomarker Data,Self-Study,Partially Answered,10.0,12.9,0,4,
MSL-006595,2026-04-28,REP-009,DrugGamma-200mg,Cardiology,Clinical Trial Data,Post-Call Follow-up,Fully Answered,7.9,19.0,0,5,
MSL-006596,2026-04-28,REP-009,DrugBeta-50mg,Cardiology,Adverse Events / Safety,Live During HCP Call,Fully Answered,11.8,13.4,1,5,HCP-0456
MSL-006597,2026-04-28,REP-009,NeuroX-75mg,Cardiology,Long-term Outcomes,Pre-Meeting Prep,No Answer Found,27.0,0,0,1,
MSL-006598,2026-04-28,REP-009,DrugGamma-200mg,Cardiology,Adverse Events / Safety,Post-Call Follow-up,Fully Answered,8.7,9.3,0,5,
MSL-006599,2026-04-28,REP-010,CardioPlus-25mg,Immunology,Mechanism of Action,Post-Call Follow-up,Fully Answered,9.5,15.7,0,5,
MSL-006600,2026-04-28,REP-010,DrugAlpha-100mg,Immunology,Biomarker Data,Live During HCP Call,Fully Answered,11.0,13.7,1,5,HCP-0230
MSL-006601,2026-04-28,REP-010,NeuroX-75mg,Immunology,Dosing Guidelines,Self-Study,Fully Answered,8.1,3.9,0,4,
MSL-006602,2026-04-28,REP-010,DrugAlpha-100mg,Immunology,Real-World Evidence,Pre-Meeting Prep,No Answer Found,24.6,0,0,1,
MSL-006603,2026-04-28,REP-015,CardioPlus-25mg,Oncology,Clinical Trial Data,Live During HCP Call,Partially Answered,8.0,16.4,1,4,HCP-0038
MSL-006604,2026-04-28,REP-015,DrugBeta-50mg,Oncology,Subgroup Analysis,Post-Call Follow-up,Fully Answered,4.9,11.2,0,5,
MSL-006605,2026-04-28,REP-015,DrugBeta-50mg,Oncology,Biomarker Data,Post-Call Follow-up,Fully Answered,6.9,15.8,0,4,
MSL-006606,2026-04-28,REP-015,DrugBeta-50mg,Oncology,Drug Interactions,Pre-Meeting Prep,Fully Answered,6.1,13.3,1,4,HCP-0051
MSL-006607,2026-04-28,REP-016,DrugAlpha-100mg,Neurology,Adverse Events / Safety,Self-Study,No Answer Found,20.3,0,0,1,
MSL-006608,2026-04-28,REP-016,DrugAlpha-100mg,Neurology,Subgroup Analysis,Post-Call Follow-up,Fully Answered,10.8,11.4,0,5,
MSL-006609,2026-04-28,REP-016,CardioPlus-25mg,Neurology,Adverse Events / Safety,Pre-Meeting Prep,Fully Answered,5.8,22.7,1,5,HCP-0402
MSL-006610,2026-04-28,REP-017,DrugAlpha-100mg,Immunology,Competitor Comparison,Self-Study,Fully Answered,3.5,12.2,0,5,
MSL-006611,2026-04-28,REP-017,NeuroX-75mg,Immunology,Dosing Guidelines,Live During HCP Call,Partially Answered,15.2,9.1,0,4,
MSL-006612,2026-04-28,REP-017,CardioPlus-25mg,Immunology,Competitor Comparison,Pre-Meeting Prep,Fully Answered,9.5,5.4,1,4,HCP-0280
MSL-006613,2026-04-28,REP-021,DrugAlpha-100mg,Rare Disease,Adverse Events / Safety,Pre-Meeting Prep,Fully Answered,4.5,9.8,0,5,
MSL-006614,2026-04-28,REP-021,NeuroX-75mg,Rare Disease,Patient Selection Criteria,Pre-Meeting Prep,Fully Answered,12.0,9.9,1,4,HCP-0052
MSL-006615,2026-04-28,REP-021,DrugGamma-200mg,Rare Disease,Combination Therapy,Pre-Meeting Prep,Fully Answered,7.3,26.9,1,5,HCP-0469
MSL-006616,2026-04-28,REP-021,DrugBeta-50mg,Rare Disease,Biomarker Data,Self-Study,Fully Answered,5.1,21.4,0,5,
MSL-006617,2026-04-28,REP-021,DrugGamma-200mg,Rare Disease,Biomarker Data,Self-Study,Partially Answered,12.0,9.7,0,3,
MSL-006618,2026-04-28,REP-021,CardioPlus-25mg,Rare Disease,Long-term Outcomes,Post-Call Follow-up,Fully Answered,4.2,11.6,0,5,
MSL-006619,2026-04-29,REP-002,DrugAlpha-100mg,Oncology,Combination Therapy,Self-Study,Fully Answered,10.8,23.0,0,5,
MSL-006620,2026-04-29,REP-002,DrugGamma-200mg,Oncology,Off-label Evidence Request,Live During HCP Call,Fully Answered,9.7,19.8,1,5,HCP-0480
MSL-006621,2026-04-29,REP-002,CardioPlus-25mg,Oncology,Off-label Evidence Request,Pre-Meeting Prep,Partially Answered,23.7,12.8,0,4,
MSL-006622,2026-04-29,REP-004,DrugBeta-50mg,Cardiology,Combination Therapy,Self-Study,No Answer Found,19.9,0,0,1,
MSL-006623,2026-04-29,REP-004,CardioPlus-25mg,Cardiology,Dosing Guidelines,Live During HCP Call,Fully Answered,8.8,7.8,1,5,HCP-0188
MSL-006624,2026-04-29,REP-004,NeuroX-75mg,Cardiology,Drug Interactions,Pre-Meeting Prep,Partially Answered,12.0,17.8,1,4,HCP-0248
MSL-006625,2026-04-29,REP-004,CardioPlus-25mg,Cardiology,Biomarker Data,Pre-Meeting Prep,Partially Answered,22.2,7.7,1,2,HCP-0090
MSL-006626,2026-04-29,REP-008,DrugAlpha-100mg,Immunology,Subgroup Analysis,Self-Study,Fully Answered,13.4,7.7,0,4,
MSL-006627,2026-04-29,REP-008,DrugBeta-50mg,Immunology,Biomarker Data,Pre-Meeting Prep,Partially Answered,12.2,20.0,1,3,HCP-0014
MSL-006628,2026-04-29,REP-008,CardioPlus-25mg,Immunology,Drug Interactions,Post-Call Follow-up,Fully Answered,9.6,12.3,0,5,
MSL-006629,2026-04-29,REP-008,DrugBeta-50mg,Immunology,Clinical Trial Data,Post-Call Follow-up,Fully Answered,11.4,2,0,5,
MSL-006630,2026-04-29,REP-008,DrugGamma-200mg,Immunology,Combination Therapy,Self-Study,Fully Answered,7.8,2,0,5,
MSL-006631,2026-04-29,REP-009,CardioPlus-25mg,Cardiology,Mechanism of Action,Live During HCP Call,Fully Answered,9.2,5.7,0,4,
MSL-006632,2026-04-29,REP-009,DrugAlpha-100mg,Cardiology,Clinical Trial Data,Post-Call Follow-up,Fully Answered,4.7,14.9,0,5,
MSL-006633,2026-04-29,REP-009,DrugGamma-200mg,Cardiology,Dosing Guidelines,Pre-Meeting Prep,Fully Answered,11.5,15.2,1,5,HCP-0140
MSL-006634,2026-04-29,REP-009,DrugBeta-50mg,Cardiology,Off-label Evidence Request,Live During HCP Call,Partially Answered,15.3,20.5,0,3,
MSL-006635,2026-04-29,REP-009,NeuroX-75mg,Cardiology,Drug Interactions,Pre-Meeting Prep,Fully Answered,9.8,15.1,1,5,HCP-0280
MSL-006636,2026-04-29,REP-009,DrugBeta-50mg,Cardiology,Clinical Trial Data,Pre-Meeting Prep,Fully Answered,14.0,9.9,1,5,HCP-0152
MSL-006637,2026-04-29,REP-009,DrugAlpha-100mg,Cardiology,Mechanism of Action,Self-Study,Partially Answered,18.5,10.5,0,4,
MSL-006638,2026-04-29,REP-010,NeuroX-75mg,Immunology,Combination Therapy,Post-Call Follow-up,Fully Answered,11.7,16.5,0,5,
MSL-006639,2026-04-29,REP-015,CardioPlus-25mg,Oncology,Real-World Evidence,Post-Call Follow-up,Fully Answered,5.6,19.5,0,5,
MSL-006640,2026-04-29,REP-015,DrugBeta-50mg,Oncology,Off-label Evidence Request,Live During HCP Call,Fully Answered,8.0,10.5,1,5,HCP-0333
MSL-006641,2026-04-29,REP-015,DrugBeta-50mg,Oncology,Real-World Evidence,Live During HCP Call,Fully Answered,10.3,13.9,1,5,HCP-0417
MSL-006642,2026-04-29,REP-016,DrugAlpha-100mg,Neurology,Subgroup Analysis,Post-Call Follow-up,Fully Answered,5.4,18.1,0,4,
MSL-006643,2026-04-29,REP-016,DrugBeta-50mg,Neurology,Mechanism of Action,Pre-Meeting Prep,Fully Answered,6.5,13.8,1,5,HCP-0126
MSL-006644,2026-04-29,REP-016,CardioPlus-25mg,Neurology,Drug Interactions,Self-Study,Partially Answered,12.7,11.7,0,4,
MSL-006645,2026-04-29,REP-016,CardioPlus-25mg,Neurology,Drug Interactions,Pre-Meeting Prep,Fully Answered,6.0,2.5,1,5,HCP-0187
MSL-006646,2026-04-29,REP-017,DrugGamma-200mg,Immunology,Mechanism of Action,Live During HCP Call,Fully Answered,6.7,16.7,0,4,
MSL-006647,2026-04-29,REP-017,DrugAlpha-100mg,Immunology,Pharmacokinetics,Pre-Meeting Prep,Fully Answered,6.8,7.7,1,5,HCP-0038
MSL-006648,2026-04-29,REP-017,DrugBeta-50mg,Immunology,Mechanism of Action,Pre-Meeting Prep,Fully Answered,7.9,12.5,1,5,HCP-0393
MSL-006649,2026-04-29,REP-017,DrugAlpha-100mg,Immunology,Combination Therapy,Post-Call Follow-up,Fully Answered,7.5,15.9,0,5,
MSL-006650,2026-04-29,REP-017,CardioPlus-25mg,Immunology,Clinical Trial Data,Pre-Meeting Prep,Fully Answered,9.0,15.0,1,5,HCP-0048
MSL-006651,2026-04-29,REP-017,NeuroX-75mg,Immunology,Dosing Guidelines,Live During HCP Call,Fully Answered,8.2,6.3,0,5,
MSL-006652,2026-04-29,REP-017,DrugGamma-200mg,Immunology,Combination Therapy,Live During HCP Call,Fully Answered,9.0,17.8,1,5,HCP-0169
MSL-006653,2026-04-29,REP-017,CardioPlus-25mg,Immunology,Real-World Evidence,Pre-Meeting Prep,Redirected to Medical,34.7,0,0,3,
MSL-006654,2026-04-30,REP-002,NeuroX-75mg,Oncology,Biomarker Data,Pre-Meeting Prep,Fully Answered,13.0,20.4,1,5,HCP-0483
MSL-006655,2026-04-30,REP-002,DrugAlpha-100mg,Oncology,Drug Interactions,Live During HCP Call,Redirected to Medical,11.9,0,0,3,
MSL-006656,2026-04-30,REP-002,NeuroX-75mg,Oncology,Patient Selection Criteria,Live During HCP Call,Fully Answered,9.6,10.4,1,4,HCP-0184
MSL-006657,2026-04-30,REP-002,DrugBeta-50mg,Oncology,Drug Interactions,Post-Call Follow-up,Fully Answered,12.8,14.8,0,5,
MSL-006658,2026-04-30,REP-002,DrugBeta-50mg,Oncology,Combination Therapy,Live During HCP Call,Redirected to Medical,28.7,0,0,1,
MSL-006659,2026-04-30,REP-004,NeuroX-75mg,Cardiology,Patient Selection Criteria,Pre-Meeting Prep,Fully Answered,10.4,9.6,1,4,HCP-0292
MSL-006660,2026-04-30,REP-004,DrugBeta-50mg,Cardiology,Patient Selection Criteria,Pre-Meeting Prep,Fully Answered,8.8,9.0,1,5,HCP-0449
MSL-006661,2026-04-30,REP-004,DrugBeta-50mg,Cardiology,Combination Therapy,Pre-Meeting Prep,Partially Answered,12.6,15.9,1,3,HCP-0202
MSL-006662,2026-04-30,REP-009,DrugGamma-200mg,Cardiology,Patient Selection Criteria,Live During HCP Call,Fully Answered,9.3,12.9,1,5,HCP-0132
MSL-006663,2026-04-30,REP-009,DrugBeta-50mg,Cardiology,Biomarker Data,Post-Call Follow-up,Fully Answered,11.6,15.3,0,5,
MSL-006664,2026-04-30,REP-009,CardioPlus-25mg,Cardiology,Biomarker Data,Pre-Meeting Prep,Fully Answered,9.3,5.8,0,5,
MSL-006665,2026-04-30,REP-009,NeuroX-75mg,Cardiology,Subgroup Analysis,Post-Call Follow-up,Fully Answered,10.5,11.6,0,5,
MSL-006666,2026-04-30,REP-009,DrugBeta-50mg,Cardiology,Off-label Evidence Request,Self-Study,Partially Answered,12.6,14.0,0,3,
MSL-006667,2026-04-30,REP-010,DrugGamma-200mg,Immunology,Guidelines / Protocols,Pre-Meeting Prep,Fully Answered,6.7,7.7,1,5,HCP-0293
MSL-006668,2026-04-30,REP-010,NeuroX-75mg,Immunology,Patient Selection Criteria,Live During HCP Call,Fully Answered,11.1,17.1,1,5,HCP-0430
MSL-006669,2026-04-30,REP-010,DrugBeta-50mg,Immunology,Adverse Events / Safety,Self-Study,Partially Answered,8.0,13.7,0,4,
MSL-006670,2026-04-30,REP-015,NeuroX-75mg,Oncology,Patient Selection Criteria,Pre-Meeting Prep,Fully Answered,6.9,11.8,1,5,HCP-0319
MSL-006671,2026-04-30,REP-015,DrugGamma-200mg,Oncology,Off-label Evidence Request,Live During HCP Call,Fully Answered,8.5,11.6,1,5,HCP-0067
MSL-006672,2026-04-30,REP-015,CardioPlus-25mg,Oncology,Mechanism of Action,Pre-Meeting Prep,Redirected to Medical,28.7,0,0,3,
MSL-006673,2026-04-30,REP-016,CardioPlus-25mg,Neurology,Real-World Evidence,Post-Call Follow-up,No Answer Found,20.4,0,0,2,
MSL-006674,2026-04-30,REP-016,DrugBeta-50mg,Neurology,Off-label Evidence Request,Pre-Meeting Prep,Fully Answered,11.2,10.6,1,4,HCP-0341
MSL-006675,2026-04-30,REP-017,NeuroX-75mg,Immunology,Pharmacokinetics,Self-Study,Fully Answered,8.4,6.1,0,5,
MSL-006676,2026-04-30,REP-017,NeuroX-75mg,Immunology,Mechanism of Action,Live During HCP Call,Partially Answered,14.0,9.3,1,3,HCP-0496
MSL-006677,2026-04-30,REP-017,NeuroX-75mg,Immunology,Pharmacokinetics,Self-Study,Fully Answered,8.7,4.8,0,5,
MSL-006678,2026-04-30,REP-017,NeuroX-75mg,Immunology,Guidelines / Protocols,Live During HCP Call,Fully Answered,6.2,7.8,1,5,HCP-0152
MSL-006679,2026-04-30,REP-021,CardioPlus-25mg,Rare Disease,Biomarker Data,Live During HCP Call,Fully Answered,5.2,24.2,1,5,HCP-0181
MSL-006680,2026-04-30,REP-021,DrugAlpha-100mg,Rare Disease,Subgroup Analysis,Post-Call Follow-up,Fully Answered,3.7,7.5,0,5,
