CaseID,PatientID,RepID,Drug,TherapyArea,InsuranceType,RxDate,FirstContactDate,FirstContactDelayDays,PASubmitDate,PADecisionDate,PAStatus,PADecisionDelayDays,FulfillmentDate,FirstDoseDate,TimeToTherapyDays,CaseStatus,IsAbandoned,AbandonmentReason,AbandonmentStage,NumberOfTouches,FirstCallResolved,Adherent30,Adherent60,Adherent90,CaseResolutionDays
CASE-00001,PAT-01918,REP-004,DrugGamma-200mg,Cardiology,Commercial,2025-12-23,2025-12-29,6,2025-12-24,2026-01-01,Appeal,8,,,,In Progress,0,,,6,0,,,,
CASE-00002,PAT-00589,REP-015,DrugBeta-50mg,Immunology,Commercial,2026-04-24,2026-04-29,5,2026-04-26,,Pending,20,,,,Abandoned,1,Unknown,During PA,3,0,,,,
CASE-00003,PAT-01231,REP-012,DrugGamma-200mg,Cardiology,Medicaid,2025-11-19,2025-11-21,2,2025-11-23,2025-12-14,Denied,21,,,,Open,0,,,8,0,,,,
CASE-00004,PAT-01618,REP-004,DrugAlpha-100mg,Oncology,Medicaid,2025-12-31,2026-01-02,2,2026-01-01,2026-02-09,Pending,39,,,,Abandoned,1,Patient Lost Contact,Pre-PA,1,0,,,,
CASE-00005,PAT-00536,REP-010,CardioPlus-25mg,Neurology,Commercial,2026-03-13,2026-03-15,2,2026-03-20,2026-04-03,Approved,14,2026-04-06,2026-04-08,26,Resolved,0,,,11,0,1,1,1,21
CASE-00006,PAT-01817,REP-012,DrugBeta-50mg,Cardiology,Commercial,2025-09-20,2025-09-22,2,2025-09-27,2025-10-08,Approved,11,2025-10-16,2025-10-19,29,Resolved,0,,,9,0,1,1,1,18
CASE-00007,PAT-01676,REP-015,DrugGamma-200mg,Neurology,Commercial,2025-10-24,2025-10-26,2,2025-10-28,2025-11-16,Approved,19,,,,Abandoned,1,Side Effect Concerns,Post-Fulfillment,2,0,,,,
CASE-00008,PAT-01451,REP-004,NeuroX-75mg,Rare Disease,Commercial,2026-03-23,2026-03-30,7,2026-03-26,2026-03-29,Approved,3,2026-04-01,2026-04-03,11,Resolved,0,,,4,0,0,1,1,6
CASE-00009,PAT-00813,REP-020,DrugAlpha-100mg,Rare Disease,Commercial,2026-04-22,2026-04-24,2,2026-04-29,,Approved,3,2026-05-11,2026-05-12,20,Resolved,0,,,6,1,1,1,1,10
CASE-00010,PAT-01928,REP-004,DrugAlpha-100mg,Rare Disease,Commercial,2026-04-30,2026-05-06,6,2026-05-01,,Denied,16,,,,Open,0,,,5,0,,,,
CASE-00011,PAT-00946,REP-010,CardioPlus-25mg,Oncology,Self-Pay,2026-03-19,2026-03-22,3,2026-03-24,2026-04-01,Approved,8,2026-04-08,2026-04-11,23,Resolved,0,,,12,0,0,1,1,13
CASE-00012,PAT-01601,REP-024,DrugBeta-50mg,Neurology,Self-Pay,2025-10-17,2025-10-19,2,2025-10-24,2025-10-27,Approved,3,2025-10-28,2025-10-30,13,Resolved,0,,,2,1,1,1,1,10
CASE-00013,PAT-01622,REP-024,DrugBeta-50mg,Neurology,Commercial,2026-02-13,2026-02-17,4,2026-02-16,2026-03-01,Approved,13,,,,Abandoned,1,Unknown,Post-Fulfillment,2,0,,,,
CASE-00014,PAT-01798,REP-004,NeuroX-75mg,Immunology,Medicare,2025-07-12,2025-07-15,3,2025-07-16,2025-08-14,Approved,29,2025-08-24,2025-08-27,46,Resolved,0,,,3,0,1,1,1,33
CASE-00015,PAT-00900,REP-019,CardioPlus-25mg,Cardiology,Commercial,2026-01-21,2026-01-23,2,2026-01-25,2026-02-14,Approved,20,2026-02-20,2026-02-23,33,Resolved,0,,,11,0,1,0,0,24
CASE-00016,PAT-01950,REP-020,DrugBeta-50mg,Neurology,Commercial,2025-07-31,2025-08-01,1,2025-08-05,2025-08-23,Approved,18,2025-08-27,2025-08-29,29,Resolved,0,,,12,0,0,0,0,23
CASE-00017,PAT-00246,REP-015,DrugGamma-200mg,Neurology,Medicare,2025-12-22,2025-12-24,2,2025-12-25,2026-01-06,Denied,12,,,,Abandoned,1,Patient Deceased,During PA,2,0,,,,
CASE-00018,PAT-01072,REP-015,DrugAlpha-100mg,Neurology,Medicaid,2026-03-15,2026-03-17,2,2026-03-22,2026-04-03,Approved,12,2026-04-12,2026-04-12,28,Resolved,0,,,2,0,1,1,1,19
CASE-00019,PAT-00617,REP-019,NeuroX-75mg,Cardiology,Self-Pay,2026-01-17,2026-01-21,4,2026-01-22,2026-01-27,Appeal,5,,,,Open,0,,,8,0,,,,
CASE-00020,PAT-01120,REP-021,CardioPlus-25mg,Neurology,Commercial,2025-10-30,2025-11-05,6,2025-11-03,2025-11-22,Approved,19,2025-11-27,2025-11-29,30,Resolved,0,,,1,0,0,1,1,23
CASE-00021,PAT-01980,REP-004,DrugBeta-50mg,Cardiology,Commercial,2025-12-14,2025-12-17,3,2025-12-15,2025-12-21,Denied,6,,,,Abandoned,1,Cost Concerns,During PA,4,0,,,,
CASE-00022,PAT-00019,REP-010,NeuroX-75mg,Immunology,Medicare,2025-11-18,2025-11-20,2,2025-11-23,2025-12-08,Denied,15,,,,Abandoned,1,Unknown,Post-PA,2,0,,,,
CASE-00023,PAT-01513,REP-019,DrugGamma-200mg,Rare Disease,Medicare,2025-08-10,2025-08-12,2,2025-08-15,2025-09-11,Pending,27,,,,In Progress,0,,,4,0,,,,
CASE-00024,PAT-01151,REP-024,DrugAlpha-100mg,Immunology,Commercial,2025-08-31,2025-09-01,1,2025-09-01,2025-09-20,Approved,19,2025-09-26,2025-09-28,28,Resolved,0,,,6,0,0,0,0,20
CASE-00025,PAT-00035,REP-021,CardioPlus-25mg,Neurology,Medicaid,2026-04-28,2026-05-02,4,2026-04-30,,Approved,42,2026-06-17,2026-06-22,55,Resolved,0,,,10,1,1,1,0,44
CASE-00026,PAT-00302,REP-019,NeuroX-75mg,Oncology,Medicare,2026-03-14,2026-03-16,2,2026-03-15,2026-04-11,Approved,27,2026-04-18,2026-04-21,38,Resolved,0,,,3,0,0,1,1,28
CASE-00027,PAT-01297,REP-024,DrugAlpha-100mg,Cardiology,Commercial,2026-03-20,2026-03-23,3,2026-03-25,2026-04-04,Approved,10,2026-04-12,2026-04-15,26,Resolved,0,,,8,0,1,1,1,15
CASE-00028,PAT-01372,REP-012,NeuroX-75mg,Cardiology,Medicaid,2025-08-16,2025-08-19,3,2025-08-19,2025-09-05,Approved,17,2025-09-15,2025-09-17,32,Resolved,0,,,11,0,1,0,0,20
CASE-00029,PAT-01530,REP-020,DrugGamma-200mg,Rare Disease,Medicaid,2025-09-08,2025-09-10,2,2025-09-10,2025-09-26,Appeal,16,,,,In Progress,0,,,5,0,,,,
CASE-00030,PAT-00406,REP-004,DrugAlpha-100mg,Cardiology,Self-Pay,2025-08-12,2025-08-17,5,2025-08-17,2025-08-26,Denied,9,,,,Abandoned,1,Side Effect Concerns,Post-PA,3,0,,,,
CASE-00031,PAT-01038,REP-020,DrugAlpha-100mg,Cardiology,Commercial,2026-04-18,2026-04-20,2,2026-04-19,,Approved,19,2026-05-16,2026-05-17,29,Resolved,0,,,3,1,1,0,0,20
CASE-00032,PAT-01025,REP-004,DrugBeta-50mg,Neurology,Commercial,2025-12-10,2025-12-13,3,2025-12-16,2025-12-22,Approved,6,2025-12-26,2025-12-26,16,Resolved,0,,,11,1,1,1,1,12
CASE-00033,PAT-00535,REP-004,CardioPlus-25mg,Rare Disease,Medicare,2025-09-19,2025-09-22,3,2025-09-26,2025-10-08,Approved,12,2025-10-15,2025-10-20,31,Resolved,0,,,4,0,0,0,0,19
CASE-00034,PAT-00695,REP-021,CardioPlus-25mg,Oncology,Self-Pay,2025-10-01,2025-10-02,1,2025-10-06,2025-10-12,Approved,6,2025-10-22,2025-10-26,25,Resolved,0,,,11,1,1,1,1,11
CASE-00035,PAT-00865,REP-019,NeuroX-75mg,Rare Disease,Commercial,2025-11-09,2025-11-12,3,2025-11-10,2025-12-01,Approved,21,2025-12-09,2025-12-10,31,Resolved,0,,,4,0,1,0,0,22
CASE-00036,PAT-00543,REP-015,DrugGamma-200mg,Neurology,Commercial,2026-03-18,2026-03-21,3,2026-03-20,2026-04-06,Denied,17,,,,Abandoned,1,Cost Concerns,Post-PA,3,0,,,,
CASE-00037,PAT-00740,REP-019,CardioPlus-25mg,Rare Disease,VA,2025-09-11,2025-09-12,1,2025-09-12,2025-09-16,Approved,4,,,,Abandoned,1,Unknown,Post-PA,3,0,,,,
CASE-00038,PAT-01513,REP-004,DrugGamma-200mg,Rare Disease,Medicare,2025-11-18,2025-11-24,6,2025-11-19,2025-11-28,Appeal,9,,,,In Progress,0,,,6,0,,,,
CASE-00039,PAT-01896,REP-012,DrugBeta-50mg,Immunology,Commercial,2025-08-12,2025-08-16,4,2025-08-13,2025-08-18,Denied,5,,,,Open,0,,,7,0,,,,
CASE-00040,PAT-01707,REP-024,NeuroX-75mg,Oncology,Self-Pay,2025-10-02,2025-10-03,1,2025-10-05,2025-10-14,Approved,9,2025-10-22,2025-10-27,25,Resolved,0,,,5,1,0,0,1,12
CASE-00041,PAT-00885,REP-020,DrugBeta-50mg,Rare Disease,Self-Pay,2025-11-29,2025-11-30,1,2025-12-02,2025-12-12,Approved,10,2025-12-21,2025-12-24,25,Resolved,0,,,10,0,0,0,1,13
CASE-00042,PAT-01224,REP-024,CardioPlus-25mg,Cardiology,Medicare,2026-03-12,2026-03-15,3,2026-03-16,2026-04-05,Approved,20,2026-04-14,2026-04-16,35,Resolved,0,,,10,1,1,0,0,24
CASE-00043,PAT-01178,REP-015,DrugGamma-200mg,Oncology,Medicare,2025-12-17,2025-12-18,1,2025-12-24,2026-01-18,Denied,25,,,,In Progress,0,,,10,0,,,,
CASE-00044,PAT-01386,REP-024,DrugBeta-50mg,Rare Disease,Medicaid,2026-02-18,2026-02-19,1,2026-02-24,2026-03-30,Approved,34,2026-04-04,2026-04-04,45,Resolved,0,,,2,0,1,0,0,40
CASE-00045,PAT-01295,REP-020,NeuroX-75mg,Immunology,Medicaid,2026-01-15,2026-01-16,1,2026-01-20,2026-02-09,Denied,20,,,,Abandoned,1,Cost Concerns,During PA,2,0,,,,
CASE-00046,PAT-01971,REP-012,CardioPlus-25mg,Cardiology,Self-Pay,2025-09-02,2025-09-05,3,2025-09-07,2025-09-09,Appeal,2,,,,Abandoned,1,Patient Deceased,During PA,2,0,,,,
CASE-00047,PAT-00875,REP-019,CardioPlus-25mg,Cardiology,Medicare,2026-01-23,2026-01-30,7,2026-01-24,2026-02-17,Pending,24,,,,In Progress,0,,,9,0,,,,
CASE-00048,PAT-00784,REP-019,CardioPlus-25mg,Oncology,Commercial,2026-03-08,2026-03-10,2,2026-03-15,2026-03-27,Denied,12,,,,Open,0,,,3,0,,,,
CASE-00049,PAT-01098,REP-019,NeuroX-75mg,Rare Disease,Commercial,2026-01-16,2026-01-19,3,2026-01-17,2026-01-30,Approved,13,2026-02-03,2026-02-06,21,Resolved,0,,,1,0,0,1,0,14
CASE-00050,PAT-00967,REP-024,NeuroX-75mg,Rare Disease,VA,2025-08-30,2025-09-01,2,2025-08-31,2025-09-10,Approved,10,2025-09-16,2025-09-18,19,Resolved,0,,,8,0,0,0,1,11
CASE-00051,PAT-01825,REP-004,NeuroX-75mg,Neurology,Commercial,2025-08-18,2025-08-25,7,2025-08-20,2025-08-27,Approved,7,2025-08-31,2025-09-04,17,Resolved,0,,,4,1,1,1,1,9
CASE-00052,PAT-00030,REP-024,CardioPlus-25mg,Neurology,Medicaid,2025-08-20,2025-08-21,1,2025-08-22,2025-09-08,Approved,17,,,,Abandoned,1,Unknown,Post-Fulfillment,3,0,,,,
CASE-00053,PAT-00658,REP-015,NeuroX-75mg,Immunology,Medicaid,2026-04-17,2026-04-20,3,2026-04-24,,Approved,39,2026-06-11,2026-06-16,60,Resolved,0,,,4,0,1,1,1,46
CASE-00054,PAT-00510,REP-004,CardioPlus-25mg,Neurology,Medicare,2025-08-03,2025-08-04,1,2025-08-09,2025-08-23,Approved,14,2025-08-26,2025-08-29,26,Resolved,0,,,3,0,1,1,1,20
CASE-00055,PAT-00820,REP-012,DrugAlpha-100mg,Neurology,Medicare,2025-07-03,2025-07-04,1,2025-07-07,2025-07-26,Appeal,19,,,,Abandoned,1,Switched Therapy,During PA,3,0,,,,
CASE-00056,PAT-01038,REP-024,DrugAlpha-100mg,Cardiology,Commercial,2025-08-16,2025-08-23,7,2025-08-19,2025-08-24,Approved,5,2025-09-01,2025-09-04,19,Resolved,0,,,11,0,1,1,1,8
CASE-00057,PAT-00605,REP-024,DrugAlpha-100mg,Immunology,Medicare,2026-02-22,2026-02-26,4,2026-02-25,2026-03-26,Denied,29,,,,Abandoned,1,Switched Therapy,Post-PA,4,0,,,,
CASE-00058,PAT-01609,REP-020,CardioPlus-25mg,Immunology,Self-Pay,2025-10-10,2025-10-11,1,2025-10-15,2025-10-17,Approved,2,2025-10-22,2025-10-26,16,Resolved,0,,,1,0,1,0,0,7
CASE-00059,PAT-01380,REP-020,DrugAlpha-100mg,Neurology,Medicare,2026-04-30,2026-05-04,4,2026-05-03,,Denied,8,,,,Abandoned,1,Switched Therapy,Post-PA,1,0,,,,
CASE-00060,PAT-00058,REP-015,CardioPlus-25mg,Neurology,Medicare,2025-07-21,2025-07-25,4,2025-07-28,2025-08-17,Approved,20,2025-08-21,2025-08-23,33,Resolved,0,,,8,0,1,0,1,27
CASE-00061,PAT-01305,REP-019,CardioPlus-25mg,Oncology,Medicare,2025-08-20,2025-08-27,7,2025-08-21,2025-09-01,Approved,11,2025-09-09,2025-09-14,25,Resolved,0,,,9,1,0,0,0,12
CASE-00062,PAT-00484,REP-012,CardioPlus-25mg,Cardiology,Commercial,2026-01-31,2026-02-01,1,2026-02-05,2026-02-09,Denied,4,,,,Abandoned,1,Switched Therapy,During PA,4,0,,,,
CASE-00063,PAT-00155,REP-012,DrugBeta-50mg,Immunology,Commercial,2025-11-02,2025-11-05,3,2025-11-04,2025-11-07,Approved,3,2025-11-12,2025-11-17,15,Resolved,0,,,8,0,1,1,1,5
CASE-00064,PAT-01172,REP-015,DrugGamma-200mg,Neurology,Commercial,2025-08-05,2025-08-10,5,2025-08-06,2025-08-16,Denied,10,,,,Abandoned,1,Unknown,During PA,0,0,,,,
CASE-00065,PAT-01007,REP-024,DrugGamma-200mg,Oncology,Commercial,2026-01-07,2026-01-08,1,2026-01-12,2026-01-25,Approved,13,2026-02-02,2026-02-03,27,Resolved,0,,,12,1,1,1,0,18
CASE-00066,PAT-00829,REP-020,CardioPlus-25mg,Neurology,Medicare,2026-01-19,2026-01-22,3,2026-01-22,2026-02-07,Appeal,16,,,,Abandoned,1,Unknown,During PA,3,0,,,,
CASE-00067,PAT-00895,REP-024,DrugGamma-200mg,Immunology,Medicaid,2026-01-15,2026-01-17,2,2026-01-19,2026-02-26,Approved,38,,,,Abandoned,1,Cost Concerns,Post-Fulfillment,1,0,,,,
CASE-00068,PAT-00484,REP-010,CardioPlus-25mg,Cardiology,Commercial,2025-08-02,2025-08-03,1,2025-08-05,2025-08-21,Approved,16,2025-08-29,2025-09-01,30,Resolved,0,,,10,0,1,1,1,19
CASE-00069,PAT-01328,REP-015,CardioPlus-25mg,Neurology,Medicare,2026-03-26,2026-03-30,4,2026-03-27,2026-04-19,Denied,23,,,,Abandoned,1,Patient Lost Contact,During PA,1,0,,,,
CASE-00070,PAT-01124,REP-020,DrugGamma-200mg,Immunology,Commercial,2026-01-09,2026-01-13,4,2026-01-16,2026-01-29,Appeal,13,,,,Open,0,,,8,0,,,,
CASE-00071,PAT-00071,REP-004,CardioPlus-25mg,Neurology,Medicaid,2025-07-24,2025-07-29,5,2025-07-31,2025-08-24,Approved,24,2025-08-31,2025-09-05,43,Resolved,0,,,7,0,1,1,0,31
CASE-00072,PAT-01972,REP-004,DrugBeta-50mg,Neurology,Commercial,2025-11-20,2025-11-24,4,2025-11-22,2025-11-28,Approved,6,2025-11-30,2025-12-04,14,Resolved,0,,,5,0,0,1,1,8
CASE-00073,PAT-00859,REP-020,NeuroX-75mg,Neurology,VA,2025-12-13,2025-12-16,3,2025-12-18,2025-12-29,Approved,11,2026-01-03,2026-01-05,23,Resolved,0,,,9,1,1,0,0,16
CASE-00074,PAT-00040,REP-004,DrugGamma-200mg,Rare Disease,Commercial,2025-07-05,2025-07-07,2,2025-07-06,2025-07-22,Approved,16,2025-07-30,2025-07-31,26,Resolved,0,,,5,0,1,1,1,17
CASE-00075,PAT-01825,REP-004,NeuroX-75mg,Neurology,Commercial,2025-07-13,2025-07-18,5,2025-07-18,2025-07-25,Denied,7,,,,Open,0,,,4,0,,,,
CASE-00076,PAT-00152,REP-021,NeuroX-75mg,Neurology,Commercial,2025-12-15,2025-12-16,1,2025-12-19,2026-01-01,Approved,13,2026-01-08,2026-01-10,26,Resolved,0,,,2,1,1,1,0,17
CASE-00077,PAT-00131,REP-012,NeuroX-75mg,Neurology,VA,2026-04-20,2026-04-22,2,2026-04-26,2026-04-30,Approved,4,2026-05-03,2026-05-08,18,Resolved,0,,,12,1,1,1,0,10
CASE-00078,PAT-01160,REP-004,DrugGamma-200mg,Neurology,Medicare,2026-03-31,2026-04-01,1,2026-04-01,2026-04-22,Approved,21,2026-05-01,2026-05-03,33,Resolved,0,,,7,0,1,1,0,22
CASE-00079,PAT-00222,REP-004,NeuroX-75mg,Rare Disease,Commercial,2025-10-05,2025-10-06,1,2025-10-11,2025-10-24,Denied,13,,,,Open,0,,,5,0,,,,
CASE-00080,PAT-01116,REP-020,DrugAlpha-100mg,Rare Disease,Commercial,2026-03-12,2026-03-13,1,2026-03-17,2026-04-07,Denied,21,,,,Abandoned,1,Insurance Delay,Post-PA,2,0,,,,
CASE-00081,PAT-01269,REP-010,DrugAlpha-100mg,Rare Disease,Commercial,2026-04-24,2026-04-28,4,2026-04-26,,Approved,21,2026-05-19,2026-05-19,25,Resolved,0,,,1,1,1,1,1,23
CASE-00082,PAT-00587,REP-004,NeuroX-75mg,Neurology,VA,2026-01-07,2026-01-09,2,2026-01-08,2026-01-19,Denied,11,,,,Open,0,,,2,0,,,,
CASE-00083,PAT-01781,REP-012,DrugAlpha-100mg,Rare Disease,Commercial,2026-01-10,2026-01-12,2,2026-01-14,2026-01-19,Denied,5,,,,Abandoned,1,Cost Concerns,Post-PA,4,0,,,,
CASE-00084,PAT-01265,REP-019,CardioPlus-25mg,Cardiology,Medicare,2025-12-04,2025-12-11,7,2025-12-11,2025-12-31,Approved,20,2026-01-06,2026-01-09,36,Resolved,0,,,12,0,1,1,1,27
CASE-00085,PAT-00412,REP-015,DrugBeta-50mg,Rare Disease,Medicaid,2026-03-07,2026-03-09,2,2026-03-13,2026-03-29,Approved,16,2026-04-02,2026-04-05,29,Resolved,0,,,10,0,1,1,1,22
CASE-00086,PAT-01944,REP-020,DrugBeta-50mg,Rare Disease,Commercial,2026-01-29,2026-01-30,1,2026-02-05,2026-02-26,Approved,21,2026-02-28,2026-03-03,33,Resolved,0,,,3,0,0,0,0,28
CASE-00087,PAT-01164,REP-024,CardioPlus-25mg,Oncology,Self-Pay,2025-08-01,2025-08-04,3,2025-08-05,2025-08-19,Approved,14,2025-08-21,2025-08-24,23,Resolved,0,,,1,0,1,1,0,18
CASE-00088,PAT-00590,REP-019,DrugGamma-200mg,Oncology,Commercial,2026-02-04,2026-02-08,4,2026-02-07,2026-02-16,Approved,9,2026-02-18,2026-02-23,19,Resolved,0,,,11,0,1,1,0,12
CASE-00089,PAT-00060,REP-015,DrugBeta-50mg,Neurology,Commercial,2025-08-07,2025-08-09,2,2025-08-08,2025-08-12,Approved,4,2025-08-19,2025-08-19,12,Resolved,0,,,1,0,1,0,0,5
CASE-00090,PAT-01637,REP-010,CardioPlus-25mg,Cardiology,Medicaid,2026-04-22,2026-04-25,3,2026-04-24,,Approved,30,2026-05-27,2026-05-28,36,Resolved,0,,,3,1,1,1,0,32
CASE-00091,PAT-01509,REP-010,DrugAlpha-100mg,Neurology,Medicaid,2026-04-04,2026-04-06,2,2026-04-08,,Approved,36,2026-05-23,2026-05-24,50,Resolved,0,,,2,1,1,0,0,40
CASE-00092,PAT-01610,REP-015,NeuroX-75mg,Oncology,Commercial,2025-12-22,2025-12-24,2,2025-12-24,2026-01-03,Denied,10,,,,Open,0,,,5,0,,,,
CASE-00093,PAT-00084,REP-010,CardioPlus-25mg,Rare Disease,Commercial,2026-01-08,2026-01-15,7,2026-01-15,2026-01-27,Approved,12,2026-02-01,2026-02-01,24,Resolved,0,,,1,0,1,1,0,19
CASE-00094,PAT-00490,REP-019,DrugGamma-200mg,Neurology,Commercial,2025-11-26,2025-11-28,2,2025-12-03,2025-12-22,Appeal,19,,,,In Progress,0,,,6,0,,,,
CASE-00095,PAT-00972,REP-010,NeuroX-75mg,Neurology,Medicaid,2025-09-01,2025-09-03,2,2025-09-05,2025-09-23,Approved,18,2025-10-03,2025-10-08,37,Resolved,0,,,9,0,0,1,1,22
CASE-00096,PAT-01376,REP-021,DrugGamma-200mg,Rare Disease,Self-Pay,2025-07-14,2025-07-15,1,2025-07-18,2025-07-28,Approved,10,2025-08-07,2025-08-10,27,Resolved,0,,,7,0,1,1,1,14
CASE-00097,PAT-00086,REP-024,DrugAlpha-100mg,Neurology,Medicare,2025-10-20,2025-10-26,6,2025-10-22,2025-11-19,Pending,28,,,,Abandoned,1,Switched Therapy,Pre-PA,2,0,,,,
CASE-00098,PAT-00413,REP-012,DrugAlpha-100mg,Neurology,Commercial,2025-07-05,2025-07-08,3,2025-07-07,2025-07-15,Denied,8,,,,Abandoned,1,Patient Deceased,Post-PA,3,0,,,,
CASE-00099,PAT-01055,REP-021,DrugBeta-50mg,Oncology,Self-Pay,2025-10-19,2025-10-24,5,2025-10-21,2025-10-30,Approved,9,2025-11-07,2025-11-12,24,Resolved,0,,,8,1,0,0,0,11
CASE-00100,PAT-01603,REP-020,CardioPlus-25mg,Cardiology,Medicare,2026-02-03,2026-02-08,5,2026-02-05,2026-03-01,Approved,24,2026-03-06,2026-03-10,35,Resolved,0,,,4,1,1,1,0,26
CASE-00101,PAT-01833,REP-010,NeuroX-75mg,Immunology,Medicare,2025-08-22,2025-08-24,2,2025-08-26,2025-09-17,Approved,22,2025-09-24,2025-09-24,33,Resolved,0,,,8,1,1,0,0,26
CASE-00102,PAT-00194,REP-021,DrugBeta-50mg,Immunology,Commercial,2025-12-17,2025-12-19,2,2025-12-18,2025-12-29,Appeal,11,,,,In Progress,0,,,2,0,,,,
CASE-00103,PAT-01866,REP-015,CardioPlus-25mg,Rare Disease,Self-Pay,2026-04-20,2026-04-22,2,2026-04-25,,Approved,12,2026-05-08,2026-05-09,19,Resolved,0,,,4,0,1,1,0,17
CASE-00104,PAT-01080,REP-024,DrugGamma-200mg,Neurology,Commercial,2025-11-13,2025-11-15,2,2025-11-14,2025-11-18,Approved,4,2025-11-25,2025-11-25,12,Resolved,0,,,2,1,1,0,0,5
CASE-00105,PAT-00780,REP-019,NeuroX-75mg,Cardiology,Medicare,2025-12-10,2025-12-17,7,2025-12-12,2026-01-02,Approved,21,2026-01-05,2026-01-09,30,Resolved,0,,,2,0,0,1,1,23
CASE-00106,PAT-00912,REP-024,CardioPlus-25mg,Rare Disease,Commercial,2026-03-11,2026-03-13,2,2026-03-15,2026-03-29,Denied,14,,,,In Progress,0,,,7,0,,,,
CASE-00107,PAT-00251,REP-012,DrugAlpha-100mg,Immunology,Commercial,2026-04-14,2026-04-15,1,2026-04-15,2026-04-24,Approved,9,2026-05-02,2026-05-06,22,Resolved,0,,,7,0,1,1,1,10
CASE-00108,PAT-00057,REP-024,DrugAlpha-100mg,Rare Disease,Commercial,2025-09-18,2025-09-24,6,2025-09-21,2025-10-01,Approved,10,2025-10-10,2025-10-10,22,Resolved,0,,,6,1,1,1,0,13
CASE-00109,PAT-00171,REP-015,DrugBeta-50mg,Cardiology,Commercial,2025-09-28,2025-09-29,1,2025-10-01,2025-10-11,Approved,10,2025-10-18,2025-10-23,25,Resolved,0,,,5,0,1,0,0,13
CASE-00110,PAT-01878,REP-004,DrugGamma-200mg,Cardiology,Commercial,2025-11-17,2025-11-20,3,2025-11-22,2025-12-04,Appeal,12,,,,Abandoned,1,Patient Lost Contact,During PA,4,0,,,,
CASE-00111,PAT-01761,REP-021,DrugGamma-200mg,Oncology,Medicare,2026-02-25,2026-02-27,2,2026-02-27,2026-03-19,Approved,20,2026-03-23,2026-03-23,26,Resolved,0,,,12,0,1,1,0,22
CASE-00112,PAT-01111,REP-024,CardioPlus-25mg,Neurology,Commercial,2025-10-31,2025-11-04,4,2025-11-05,2025-11-26,Denied,21,,,,In Progress,0,,,9,0,,,,
CASE-00113,PAT-00480,REP-021,NeuroX-75mg,Immunology,VA,2025-08-21,2025-08-23,2,2025-08-22,2025-08-31,Approved,9,2025-09-08,2025-09-12,22,Resolved,0,,,10,0,1,1,0,10
CASE-00114,PAT-00361,REP-004,DrugGamma-200mg,Cardiology,Medicare,2026-02-10,2026-02-12,2,2026-02-16,2026-03-15,Approved,27,2026-03-22,2026-03-27,45,Resolved,0,,,2,0,1,1,0,33
CASE-00115,PAT-00120,REP-019,DrugBeta-50mg,Neurology,Commercial,2025-10-22,2025-10-24,2,2025-10-26,2025-11-15,Pending,20,,,,Abandoned,1,Insurance Delay,Pre-PA,4,0,,,,
CASE-00116,PAT-01271,REP-020,CardioPlus-25mg,Neurology,Medicare,2025-10-21,2025-10-24,3,2025-10-25,2025-11-07,Approved,13,2025-11-17,2025-11-20,30,Resolved,0,,,1,0,0,0,0,17
CASE-00117,PAT-01152,REP-010,NeuroX-75mg,Rare Disease,Commercial,2026-04-19,2026-04-21,2,2026-04-24,,Approved,11,2026-05-14,2026-05-14,25,Resolved,0,,,4,1,1,1,1,16
CASE-00118,PAT-00684,REP-015,CardioPlus-25mg,Oncology,Commercial,2026-01-08,2026-01-10,2,2026-01-13,2026-01-29,Approved,16,2026-02-04,2026-02-08,31,Resolved,0,,,7,0,1,1,1,21
CASE-00119,PAT-00599,REP-019,CardioPlus-25mg,Rare Disease,Commercial,2026-03-30,2026-04-03,4,2026-03-31,2026-04-09,Approved,9,2026-04-15,2026-04-15,16,Resolved,0,,,6,0,1,0,0,10
CASE-00120,PAT-00241,REP-019,DrugAlpha-100mg,Neurology,Commercial,2026-01-15,2026-01-17,2,2026-01-17,2026-01-30,Approved,13,2026-02-09,2026-02-10,26,Resolved,0,,,11,0,1,0,0,15
CASE-00121,PAT-01658,REP-012,DrugAlpha-100mg,Cardiology,Commercial,2025-12-05,2025-12-07,2,2025-12-07,2025-12-23,Approved,16,2025-12-31,2026-01-02,28,Resolved,0,,,1,0,1,1,1,18
CASE-00122,PAT-01181,REP-015,DrugBeta-50mg,Immunology,Medicare,2026-02-08,2026-02-13,5,2026-02-11,2026-03-02,Approved,19,2026-03-10,2026-03-11,31,Resolved,0,,,5,0,0,0,0,22
CASE-00123,PAT-01702,REP-015,DrugBeta-50mg,Neurology,Medicare,2025-12-03,2025-12-06,3,2025-12-06,2025-12-27,Pending,21,,,,Open,0,,,8,0,,,,
CASE-00124,PAT-00230,REP-010,CardioPlus-25mg,Oncology,Commercial,2025-09-12,2025-09-13,1,2025-09-13,2025-09-26,Approved,13,2025-09-27,2025-09-28,16,Resolved,0,,,3,0,1,1,1,14
CASE-00125,PAT-00755,REP-015,DrugBeta-50mg,Cardiology,Commercial,2025-07-30,2025-08-04,5,2025-08-02,2025-08-08,Appeal,6,,,,Open,0,,,12,0,,,,
CASE-00126,PAT-00359,REP-012,DrugBeta-50mg,Immunology,Commercial,2026-04-27,2026-05-01,4,2026-05-02,,Approved,4,2026-05-12,2026-05-17,20,Resolved,0,,,5,0,1,1,1,9
CASE-00127,PAT-00756,REP-015,DrugAlpha-100mg,Cardiology,Commercial,2025-07-21,2025-07-22,1,2025-07-28,2025-08-11,Approved,14,2025-08-12,2025-08-16,26,Resolved,0,,,2,0,0,0,0,21
CASE-00128,PAT-00845,REP-010,DrugBeta-50mg,Immunology,Commercial,2025-08-31,2025-09-01,1,2025-09-02,2025-09-14,Approved,12,2025-09-22,2025-09-27,27,Resolved,0,,,3,1,1,1,0,14
CASE-00129,PAT-01671,REP-021,DrugAlpha-100mg,Immunology,Commercial,2026-01-13,2026-01-16,3,2026-01-19,2026-02-06,Approved,18,2026-02-09,2026-02-14,32,Resolved,0,,,5,0,1,1,1,24
CASE-00130,PAT-00392,REP-015,NeuroX-75mg,Oncology,Commercial,2025-12-31,2026-01-01,1,2026-01-01,2026-01-14,Denied,13,,,,In Progress,0,,,2,0,,,,
CASE-00131,PAT-00781,REP-024,CardioPlus-25mg,Cardiology,Self-Pay,2026-01-30,2026-02-01,2,2026-02-03,2026-02-17,Approved,14,2026-02-24,2026-02-25,26,Resolved,0,,,6,1,1,1,1,18
CASE-00132,PAT-00234,REP-021,DrugGamma-200mg,Immunology,Commercial,2025-10-04,2025-10-05,1,2025-10-05,2025-10-11,Approved,6,2025-10-12,2025-10-13,9,Resolved,0,,,8,0,1,1,1,7
CASE-00133,PAT-00846,REP-004,DrugBeta-50mg,Rare Disease,Medicaid,2025-07-29,2025-07-30,1,2025-08-05,2025-09-16,Approved,42,2025-09-26,2025-10-01,64,Resolved,0,,,2,0,1,1,1,49
CASE-00134,PAT-00623,REP-015,CardioPlus-25mg,Oncology,Commercial,2026-03-21,2026-03-25,4,2026-03-28,2026-04-07,Approved,10,2026-04-09,2026-04-13,23,Resolved,0,,,11,1,1,1,1,17
CASE-00135,PAT-00893,REP-020,NeuroX-75mg,Oncology,Medicare,2026-02-06,2026-02-08,2,2026-02-08,2026-03-02,Appeal,22,,,,In Progress,0,,,3,0,,,,
CASE-00136,PAT-01000,REP-015,DrugBeta-50mg,Oncology,Commercial,2025-07-24,2025-07-26,2,2025-07-26,2025-08-14,Pending,19,,,,In Progress,0,,,4,0,,,,
CASE-00137,PAT-00002,REP-004,DrugGamma-200mg,Neurology,Commercial,2025-07-31,2025-08-02,2,2025-08-03,2025-08-24,Approved,21,2025-08-26,2025-08-27,27,Resolved,0,,,4,0,1,0,0,24
CASE-00138,PAT-01742,REP-004,NeuroX-75mg,Neurology,Medicare,2026-03-24,2026-03-25,1,2026-03-30,2026-04-27,Approved,28,2026-05-05,2026-05-05,42,Resolved,0,,,4,0,1,1,0,34
CASE-00139,PAT-00136,REP-020,NeuroX-75mg,Oncology,Medicare,2025-09-10,2025-09-11,1,2025-09-14,2025-10-04,Approved,20,2025-10-05,2025-10-10,30,Resolved,0,,,12,0,1,1,0,24
CASE-00140,PAT-00120,REP-010,DrugBeta-50mg,Neurology,Commercial,2025-09-27,2025-10-01,4,2025-09-28,2025-10-17,Pending,19,,,,In Progress,0,,,11,0,,,,
CASE-00141,PAT-01305,REP-012,CardioPlus-25mg,Oncology,Medicare,2025-07-21,2025-07-22,1,2025-07-23,2025-08-22,Approved,30,2025-08-27,2025-08-27,37,Resolved,0,,,5,0,1,1,1,32
CASE-00142,PAT-01720,REP-019,DrugGamma-200mg,Neurology,Self-Pay,2026-01-20,2026-01-23,3,2026-01-24,2026-02-02,Appeal,9,,,,In Progress,0,,,7,0,,,,
CASE-00143,PAT-00832,REP-010,NeuroX-75mg,Cardiology,Medicaid,2025-10-16,2025-10-19,3,2025-10-20,2025-11-17,Approved,28,2025-11-26,2025-11-30,45,Resolved,0,,,8,0,0,0,1,32
CASE-00144,PAT-00682,REP-012,DrugGamma-200mg,Cardiology,Medicaid,2026-01-25,2026-01-26,1,2026-01-27,2026-02-15,Denied,19,,,,Open,0,,,2,0,,,,
CASE-00145,PAT-01135,REP-019,DrugAlpha-100mg,Neurology,Commercial,2025-07-04,2025-07-11,7,2025-07-10,2025-07-28,Approved,18,2025-08-07,2025-08-12,39,Resolved,0,,,10,1,1,0,0,24
CASE-00146,PAT-01391,REP-024,CardioPlus-25mg,Oncology,Medicare,2025-10-03,2025-10-04,1,2025-10-08,2025-11-04,Approved,27,2025-11-12,2025-11-13,41,Resolved,0,,,10,0,1,1,1,32
CASE-00147,PAT-01840,REP-015,NeuroX-75mg,Rare Disease,Medicaid,2026-01-11,2026-01-18,7,2026-01-12,2026-02-25,Approved,44,2026-03-02,2026-03-04,52,Resolved,0,,,6,0,1,0,1,45
CASE-00148,PAT-00150,REP-024,DrugAlpha-100mg,Rare Disease,Commercial,2026-01-02,2026-01-03,1,2026-01-03,2026-01-09,Approved,6,2026-01-13,2026-01-14,12,Resolved,0,,,11,0,1,1,1,7
CASE-00149,PAT-00446,REP-012,DrugGamma-200mg,Neurology,Medicare,2025-11-26,2025-11-28,2,2025-11-30,2025-12-14,Denied,14,,,,Abandoned,1,Unknown,Post-PA,1,0,,,,
CASE-00150,PAT-01959,REP-024,CardioPlus-25mg,Immunology,Medicare,2026-02-26,2026-02-27,1,2026-02-27,2026-03-27,Approved,28,2026-03-31,2026-04-01,34,Resolved,0,,,5,0,1,1,1,29
CASE-00151,PAT-00484,REP-015,CardioPlus-25mg,Cardiology,Commercial,2026-01-11,2026-01-12,1,2026-01-12,2026-01-17,Approved,5,2026-01-21,2026-01-25,14,Resolved,0,,,7,0,1,0,1,6
CASE-00152,PAT-00074,REP-015,NeuroX-75mg,Cardiology,Medicare,2025-10-16,2025-10-17,1,2025-10-18,2025-10-27,Approved,9,2025-11-02,2025-11-02,17,Resolved,0,,,7,0,1,0,0,11
CASE-00153,PAT-01986,REP-010,NeuroX-75mg,Neurology,Commercial,2026-03-25,2026-03-27,2,2026-04-01,2026-04-21,Denied,20,,,,Abandoned,1,Patient Lost Contact,Post-PA,2,0,,,,
CASE-00154,PAT-00831,REP-021,DrugBeta-50mg,Neurology,Commercial,2025-11-19,2025-11-20,1,2025-11-24,2025-12-06,Approved,12,2025-12-07,2025-12-07,18,Resolved,0,,,5,0,1,0,0,17
CASE-00155,PAT-00495,REP-004,NeuroX-75mg,Cardiology,Commercial,2025-10-24,2025-10-25,1,2025-10-31,2025-11-19,Appeal,19,,,,Open,0,,,7,0,,,,
CASE-00156,PAT-00080,REP-021,NeuroX-75mg,Cardiology,Self-Pay,2025-12-16,2025-12-19,3,2025-12-19,2025-12-21,Approved,2,2025-12-23,2025-12-26,10,Resolved,0,,,3,0,1,1,1,5
CASE-00157,PAT-01818,REP-020,CardioPlus-25mg,Oncology,Medicaid,2025-07-13,2025-07-16,3,2025-07-18,2025-08-14,Approved,27,2025-08-19,2025-08-22,40,Resolved,0,,,7,0,1,1,1,32
CASE-00158,PAT-00988,REP-021,DrugBeta-50mg,Immunology,Medicare,2025-08-23,2025-08-26,3,2025-08-26,2025-09-10,Approved,15,2025-09-18,2025-09-21,29,Resolved,0,,,8,1,1,0,0,18
CASE-00159,PAT-01658,REP-004,DrugAlpha-100mg,Cardiology,Commercial,2026-04-14,2026-04-21,7,2026-04-18,2026-04-28,Approved,10,2026-04-30,2026-04-30,16,Resolved,0,,,9,1,1,1,1,14
CASE-00160,PAT-01082,REP-004,CardioPlus-25mg,Neurology,Commercial,2025-11-16,2025-11-18,2,2025-11-22,2025-12-05,Appeal,13,,,,Open,0,,,4,0,,,,
CASE-00161,PAT-00165,REP-010,CardioPlus-25mg,Cardiology,Commercial,2025-09-27,2025-09-28,1,2025-09-30,2025-10-04,Approved,4,2025-10-10,2025-10-10,13,Resolved,0,,,1,0,1,0,0,7
CASE-00162,PAT-00972,REP-020,NeuroX-75mg,Neurology,Medicaid,2025-09-09,2025-09-10,1,2025-09-16,2025-10-26,Approved,40,2025-10-28,2025-11-02,54,Resolved,0,,,12,1,1,1,0,47
CASE-00163,PAT-01601,REP-010,DrugBeta-50mg,Neurology,Self-Pay,2025-11-07,2025-11-08,1,2025-11-10,2025-11-12,Approved,2,2025-11-15,2025-11-18,11,Resolved,0,,,10,0,1,0,0,5
CASE-00164,PAT-00172,REP-012,NeuroX-75mg,Rare Disease,Commercial,2025-11-26,2025-12-02,6,2025-12-01,2025-12-09,Approved,8,2025-12-18,2025-12-23,27,Resolved,0,,,2,1,1,1,0,13
CASE-00165,PAT-01904,REP-012,DrugGamma-200mg,Neurology,VA,2025-07-25,2025-07-26,1,2025-07-29,2025-08-05,Appeal,7,,,,In Progress,0,,,3,0,,,,
CASE-00166,PAT-01797,REP-024,DrugAlpha-100mg,Rare Disease,VA,2026-02-07,2026-02-08,1,2026-02-12,2026-02-22,Approved,10,2026-02-28,2026-03-01,22,Resolved,0,,,9,0,1,0,0,15
CASE-00167,PAT-01598,REP-012,CardioPlus-25mg,Immunology,Medicare,2026-04-20,2026-04-23,3,2026-04-25,,Approved,28,2026-05-26,2026-05-28,38,Resolved,0,,,3,1,1,1,0,33
CASE-00168,PAT-01226,REP-012,NeuroX-75mg,Neurology,Commercial,2026-03-31,2026-04-03,3,2026-04-07,2026-04-28,Approved,21,2026-05-04,2026-05-08,38,Resolved,0,,,10,1,1,0,0,28
CASE-00169,PAT-00473,REP-021,NeuroX-75mg,Immunology,Self-Pay,2025-11-19,2025-11-23,4,2025-11-20,2025-12-03,Approved,13,2025-12-09,2025-12-12,23,Resolved,0,,,3,0,1,0,0,14
CASE-00170,PAT-01816,REP-012,NeuroX-75mg,Oncology,Self-Pay,2025-11-12,2025-11-15,3,2025-11-17,2025-12-01,Approved,14,2025-12-06,2025-12-07,25,Resolved,0,,,11,1,0,0,0,19
CASE-00171,PAT-00081,REP-024,DrugBeta-50mg,Rare Disease,Medicare,2025-09-06,2025-09-09,3,2025-09-09,2025-10-02,Denied,23,,,,Abandoned,1,Switched Therapy,During PA,0,0,,,,
CASE-00172,PAT-00779,REP-019,NeuroX-75mg,Rare Disease,Commercial,2025-09-18,2025-09-20,2,2025-09-20,2025-10-03,Approved,13,2025-10-07,2025-10-07,19,Resolved,0,,,1,0,1,1,1,15
CASE-00173,PAT-01969,REP-019,NeuroX-75mg,Immunology,Commercial,2026-04-01,2026-04-06,5,2026-04-02,2026-04-16,Denied,14,,,,In Progress,0,,,7,0,,,,
CASE-00174,PAT-00465,REP-024,DrugGamma-200mg,Cardiology,Commercial,2025-08-28,2025-09-02,5,2025-08-31,2025-09-06,Approved,6,2025-09-12,2025-09-17,20,Resolved,0,,,11,0,1,1,1,9
CASE-00175,PAT-01121,REP-010,DrugGamma-200mg,Cardiology,Medicare,2025-12-06,2025-12-07,1,2025-12-09,2025-12-27,Approved,18,2026-01-03,2026-01-07,32,Resolved,0,,,4,0,0,0,0,21
CASE-00176,PAT-01833,REP-012,NeuroX-75mg,Immunology,Medicare,2025-08-26,2025-08-27,1,2025-09-02,2025-09-25,Denied,23,,,,Abandoned,1,Insurance Delay,Post-PA,4,0,,,,
CASE-00177,PAT-00701,REP-019,DrugBeta-50mg,Neurology,Medicaid,2025-09-12,2025-09-16,4,2025-09-16,2025-10-09,Denied,23,,,,Open,0,,,1,0,,,,
CASE-00178,PAT-01709,REP-015,DrugBeta-50mg,Immunology,Commercial,2026-02-17,2026-02-21,4,2026-02-24,2026-03-13,Appeal,17,,,,Open,0,,,12,0,,,,
CASE-00179,PAT-01710,REP-020,DrugBeta-50mg,Cardiology,Self-Pay,2025-11-20,2025-11-21,1,2025-11-22,2025-11-25,Approved,3,2025-11-28,2025-12-01,11,Resolved,0,,,5,0,0,0,0,5
CASE-00180,PAT-00006,REP-004,DrugAlpha-100mg,Neurology,Commercial,2025-09-26,2025-10-02,6,2025-10-02,2025-10-09,Denied,7,,,,Abandoned,1,Patient Deceased,Post-PA,3,0,,,,
CASE-00181,PAT-00980,REP-021,DrugAlpha-100mg,Oncology,Medicare,2025-10-25,2025-10-27,2,2025-11-01,2025-11-13,Approved,12,2025-11-23,2025-11-24,30,Resolved,0,,,9,1,1,1,0,19
CASE-00182,PAT-00416,REP-004,DrugAlpha-100mg,Oncology,Commercial,2026-03-25,2026-03-27,2,2026-04-01,2026-04-11,Approved,10,2026-04-16,2026-04-21,27,Resolved,0,,,3,1,1,1,1,17
CASE-00183,PAT-01871,REP-010,CardioPlus-25mg,Cardiology,Medicaid,2025-08-10,2025-08-14,4,2025-08-12,2025-08-30,Approved,18,2025-09-03,2025-09-05,26,Resolved,0,,,10,0,1,1,0,20
CASE-00184,PAT-01117,REP-019,DrugBeta-50mg,Cardiology,VA,2025-12-18,2025-12-19,1,2025-12-21,2026-01-03,Denied,13,,,,Abandoned,1,Insurance Delay,During PA,0,0,,,,
CASE-00185,PAT-01848,REP-010,CardioPlus-25mg,Cardiology,Medicare,2026-02-11,2026-02-13,2,2026-02-17,2026-03-07,Denied,18,,,,Abandoned,1,Switched Therapy,During PA,2,0,,,,
CASE-00186,PAT-01729,REP-015,CardioPlus-25mg,Rare Disease,Commercial,2026-01-05,2026-01-07,2,2026-01-06,2026-01-17,Appeal,11,,,,In Progress,0,,,9,0,,,,
CASE-00187,PAT-00303,REP-004,DrugGamma-200mg,Neurology,Commercial,2025-09-07,2025-09-10,3,2025-09-11,2025-10-02,Approved,21,2025-10-12,2025-10-14,37,Resolved,0,,,2,0,1,0,0,25
CASE-00188,PAT-00980,REP-015,DrugAlpha-100mg,Oncology,Medicare,2025-07-30,2025-08-01,2,2025-08-01,2025-08-10,Approved,9,2025-08-18,2025-08-22,23,Resolved,0,,,11,0,1,1,0,11
CASE-00189,PAT-00594,REP-019,DrugAlpha-100mg,Rare Disease,Commercial,2025-12-24,2025-12-31,7,2025-12-30,2026-01-17,Denied,18,,,,In Progress,0,,,9,0,,,,
CASE-00190,PAT-00646,REP-015,NeuroX-75mg,Oncology,Commercial,2025-07-27,2025-07-31,4,2025-07-28,2025-08-11,Approved,14,2025-08-16,2025-08-19,23,Resolved,0,,,9,0,1,1,0,15
CASE-00191,PAT-00745,REP-004,DrugBeta-50mg,Neurology,Commercial,2025-09-15,2025-09-16,1,2025-09-20,2025-10-04,Approved,14,2025-10-05,2025-10-09,24,Resolved,0,,,12,0,1,0,0,19
CASE-00192,PAT-01733,REP-015,DrugBeta-50mg,Immunology,Medicare,2025-09-17,2025-09-19,2,2025-09-21,2025-10-20,Denied,29,,,,Open,0,,,1,0,,,,
CASE-00193,PAT-01007,REP-024,DrugGamma-200mg,Oncology,Commercial,2026-01-24,2026-01-25,1,2026-01-25,2026-02-01,Approved,7,2026-02-09,2026-02-14,21,Resolved,0,,,7,0,0,1,1,8
CASE-00194,PAT-00350,REP-020,DrugAlpha-100mg,Rare Disease,Commercial,2026-02-21,2026-02-26,5,2026-02-22,2026-03-01,Denied,7,,,,Abandoned,1,Switched Therapy,Post-PA,0,0,,,,
CASE-00195,PAT-01961,REP-010,DrugBeta-50mg,Oncology,Self-Pay,2025-08-15,2025-08-17,2,2025-08-16,2025-08-25,Pending,9,,,,Open,0,,,2,0,,,,
CASE-00196,PAT-00150,REP-020,DrugAlpha-100mg,Rare Disease,Commercial,2025-07-21,2025-07-22,1,2025-07-28,2025-08-17,Denied,20,,,,In Progress,0,,,7,0,,,,
CASE-00197,PAT-01125,REP-024,NeuroX-75mg,Immunology,Medicaid,2026-04-20,2026-04-21,1,2026-04-22,2026-04-30,Approved,8,2026-05-05,2026-05-08,18,Resolved,0,,,9,0,0,0,1,10
CASE-00198,PAT-00045,REP-012,DrugBeta-50mg,Oncology,Commercial,2025-10-03,2025-10-10,7,2025-10-08,2025-10-13,Approved,5,2025-10-18,2025-10-23,20,Resolved,0,,,7,0,1,1,1,10
CASE-00199,PAT-01349,REP-021,CardioPlus-25mg,Cardiology,Commercial,2025-08-06,2025-08-08,2,2025-08-13,2025-08-27,Approved,14,2025-09-03,2025-09-07,32,Resolved,0,,,12,0,0,0,0,21
CASE-00200,PAT-00251,REP-021,DrugAlpha-100mg,Immunology,Commercial,2025-08-19,2025-08-21,2,2025-08-21,2025-09-03,Appeal,13,,,,Open,0,,,1,0,,,,
CASE-00201,PAT-00216,REP-019,CardioPlus-25mg,Neurology,VA,2025-09-09,2025-09-12,3,2025-09-15,2025-09-25,Approved,10,2025-09-30,2025-10-02,23,Resolved,0,,,3,0,0,0,0,16
CASE-00202,PAT-00662,REP-012,DrugBeta-50mg,Rare Disease,Commercial,2026-02-19,2026-02-20,1,2026-02-25,2026-02-28,Approved,3,2026-03-01,2026-03-04,13,Resolved,0,,,9,0,0,1,1,9
CASE-00203,PAT-00727,REP-012,DrugAlpha-100mg,Rare Disease,Medicare,2025-12-01,2025-12-02,1,2025-12-06,2025-12-31,Approved,25,2026-01-01,2026-01-04,34,Resolved,0,,,3,1,1,1,1,30
CASE-00204,PAT-01299,REP-012,CardioPlus-25mg,Neurology,Medicare,2025-11-20,2025-11-23,3,2025-11-26,2025-12-18,Approved,22,2025-12-24,2025-12-26,36,Resolved,0,,,1,0,1,0,1,28
CASE-00205,PAT-01851,REP-019,DrugBeta-50mg,Rare Disease,Commercial,2026-02-06,2026-02-12,6,2026-02-12,2026-02-24,Approved,12,2026-02-26,2026-02-26,20,Resolved,0,,,8,1,1,1,0,18
CASE-00206,PAT-00495,REP-004,NeuroX-75mg,Cardiology,Commercial,2026-04-17,2026-04-19,2,2026-04-21,2026-04-27,Approved,6,2026-05-04,2026-05-06,19,Resolved,0,,,1,1,1,0,0,10
CASE-00207,PAT-01349,REP-019,CardioPlus-25mg,Cardiology,Commercial,2025-12-15,2025-12-17,2,2025-12-20,2026-01-02,Approved,13,2026-01-05,2026-01-05,21,Resolved,0,,,9,0,1,1,1,18
CASE-00208,PAT-01699,REP-012,DrugGamma-200mg,Oncology,Commercial,2026-02-22,2026-02-27,5,2026-02-26,2026-03-06,Approved,8,2026-03-13,2026-03-17,23,Resolved,0,,,7,0,1,1,1,12
CASE-00209,PAT-00694,REP-024,DrugAlpha-100mg,Neurology,Medicare,2026-01-24,2026-01-25,1,2026-01-31,2026-02-19,Denied,19,,,,In Progress,0,,,8,0,,,,
CASE-00210,PAT-01068,REP-004,DrugGamma-200mg,Rare Disease,Self-Pay,2025-12-27,2025-12-30,3,2025-12-28,2026-01-01,Approved,4,2026-01-08,2026-01-13,17,Resolved,0,,,5,0,1,0,0,5
CASE-00211,PAT-00464,REP-024,DrugGamma-200mg,Cardiology,Medicaid,2025-07-10,2025-07-13,3,2025-07-11,2025-07-22,Denied,11,,,,Abandoned,1,Insurance Delay,Post-PA,3,0,,,,
CASE-00212,PAT-00322,REP-021,NeuroX-75mg,Neurology,Medicare,2025-11-17,2025-11-21,4,2025-11-18,2025-11-26,Approved,8,2025-12-05,2025-12-10,23,Resolved,0,,,8,0,1,1,1,9
CASE-00213,PAT-01867,REP-021,DrugBeta-50mg,Cardiology,Commercial,2025-09-19,2025-09-21,2,2025-09-24,2025-09-28,Approved,4,2025-10-04,2025-10-04,15,Resolved,0,,,7,1,1,0,0,9
CASE-00214,PAT-01251,REP-010,DrugAlpha-100mg,Neurology,Commercial,2026-01-04,2026-01-06,2,2026-01-08,2026-01-12,Approved,4,2026-01-14,2026-01-17,13,Resolved,0,,,6,0,1,1,0,8
CASE-00215,PAT-01028,REP-020,NeuroX-75mg,Neurology,Commercial,2025-09-28,2025-09-30,2,2025-10-01,2025-10-15,Appeal,14,,,,Open,0,,,1,0,,,,
CASE-00216,PAT-01710,REP-004,DrugBeta-50mg,Cardiology,Self-Pay,2026-01-14,2026-01-18,4,2026-01-16,2026-01-20,Approved,4,2026-01-27,2026-01-31,17,Resolved,0,,,2,0,1,0,1,6
CASE-00217,PAT-01733,REP-020,DrugBeta-50mg,Immunology,Medicare,2025-07-14,2025-07-17,3,2025-07-21,2025-07-28,Approved,7,2025-08-02,2025-08-02,19,Resolved,0,,,4,1,1,1,1,14
CASE-00218,PAT-00391,REP-012,NeuroX-75mg,Neurology,Medicare,2026-02-26,2026-03-01,3,2026-03-05,2026-03-21,Approved,16,2026-03-26,2026-03-30,32,Resolved,0,,,8,0,1,1,1,23
CASE-00219,PAT-01864,REP-010,DrugBeta-50mg,Immunology,Commercial,2025-10-17,2025-10-21,4,2025-10-18,2025-11-05,Pending,18,,,,In Progress,0,,,9,0,,,,
CASE-00220,PAT-01267,REP-012,NeuroX-75mg,Immunology,Medicare,2026-02-28,2026-03-05,5,2026-03-03,2026-03-17,Denied,14,,,,Abandoned,1,Side Effect Concerns,During PA,1,0,,,,
CASE-00221,PAT-00983,REP-020,DrugBeta-50mg,Cardiology,Medicare,2025-09-20,2025-09-24,4,2025-09-24,2025-10-14,Pending,20,,,,In Progress,0,,,12,0,,,,
CASE-00222,PAT-00263,REP-020,DrugAlpha-100mg,Cardiology,Medicaid,2025-09-22,2025-09-24,2,2025-09-23,2025-11-04,Approved,42,2025-11-10,2025-11-15,54,Resolved,0,,,11,0,1,1,1,43
CASE-00223,PAT-01752,REP-004,NeuroX-75mg,Oncology,Medicare,2025-09-23,2025-09-26,3,2025-09-29,2025-10-18,Approved,19,2025-10-22,2025-10-22,29,Resolved,0,,,6,0,0,0,0,25
CASE-00224,PAT-01180,REP-010,DrugBeta-50mg,Oncology,Medicaid,2025-08-12,2025-08-13,1,2025-08-18,2025-09-18,Approved,31,2025-09-20,2025-09-25,44,Resolved,0,,,4,0,0,0,0,37
CASE-00225,PAT-00824,REP-020,DrugBeta-50mg,Rare Disease,Medicare,2025-08-28,2025-08-31,3,2025-09-04,2025-09-28,Approved,24,2025-10-04,2025-10-09,42,Resolved,0,,,9,0,0,0,0,31
CASE-00226,PAT-00180,REP-004,CardioPlus-25mg,Rare Disease,Medicare,2025-12-17,2025-12-24,7,2025-12-20,2025-12-31,Denied,11,,,,In Progress,0,,,3,0,,,,
CASE-00227,PAT-01408,REP-015,NeuroX-75mg,Rare Disease,Self-Pay,2025-12-25,2025-12-28,3,2025-12-30,2026-01-11,Approved,12,2026-01-19,2026-01-23,29,Resolved,0,,,6,0,1,0,0,17
CASE-00228,PAT-01701,REP-020,DrugGamma-200mg,Rare Disease,Medicare,2025-11-22,2025-11-23,1,2025-11-26,2025-12-09,Appeal,13,,,,In Progress,0,,,10,0,,,,
CASE-00229,PAT-01275,REP-012,CardioPlus-25mg,Cardiology,Commercial,2025-08-13,2025-08-14,1,2025-08-17,2025-08-24,Pending,7,,,,In Progress,0,,,6,0,,,,
CASE-00230,PAT-01426,REP-021,DrugBeta-50mg,Immunology,Commercial,2025-09-27,2025-09-30,3,2025-10-04,2025-10-11,Approved,7,2025-10-14,2025-10-17,20,Resolved,0,,,5,0,1,1,1,14
CASE-00231,PAT-00327,REP-015,NeuroX-75mg,Neurology,Medicare,2026-01-14,2026-01-15,1,2026-01-21,2026-02-15,Approved,25,2026-02-22,2026-02-22,39,Resolved,0,,,4,0,1,1,1,32
CASE-00232,PAT-01156,REP-024,DrugBeta-50mg,Immunology,Commercial,2025-08-11,2025-08-14,3,2025-08-13,2025-08-17,Approved,4,2025-08-19,2025-08-21,10,Resolved,0,,,12,0,1,1,1,6
CASE-00233,PAT-01149,REP-020,CardioPlus-25mg,Immunology,Commercial,2025-10-31,2025-11-07,7,2025-11-06,2025-11-20,Denied,14,,,,Abandoned,1,Patient Deceased,During PA,4,0,,,,
CASE-00234,PAT-01693,REP-024,CardioPlus-25mg,Neurology,Commercial,2026-04-03,2026-04-04,1,2026-04-04,2026-04-12,Appeal,8,,,,Open,0,,,11,0,,,,
CASE-00235,PAT-00979,REP-012,NeuroX-75mg,Cardiology,Commercial,2025-12-03,2025-12-08,5,2025-12-10,2025-12-16,Approved,6,,,,Abandoned,1,Patient Deceased,Post-Fulfillment,3,0,,,,
CASE-00236,PAT-00136,REP-019,NeuroX-75mg,Oncology,Medicare,2025-08-05,2025-08-08,3,2025-08-12,2025-08-24,Appeal,12,,,,Open,0,,,1,0,,,,
CASE-00237,PAT-00971,REP-024,DrugBeta-50mg,Immunology,Medicare,2025-09-14,2025-09-16,2,2025-09-19,2025-10-05,Approved,16,2025-10-14,2025-10-14,30,Resolved,0,,,7,0,1,1,1,21
CASE-00238,PAT-01139,REP-020,DrugGamma-200mg,Oncology,Commercial,2026-03-07,2026-03-08,1,2026-03-14,2026-03-29,Appeal,15,,,,In Progress,0,,,1,0,,,,
CASE-00239,PAT-01141,REP-020,DrugGamma-200mg,Rare Disease,Self-Pay,2025-12-03,2025-12-04,1,2025-12-10,2025-12-21,Denied,11,,,,Open,0,,,7,0,,,,
CASE-00240,PAT-00483,REP-015,DrugGamma-200mg,Cardiology,Commercial,2025-07-18,2025-07-22,4,2025-07-25,2025-08-12,Approved,18,2025-08-16,2025-08-20,33,Resolved,0,,,4,0,1,0,0,25
CASE-00241,PAT-01157,REP-019,DrugBeta-50mg,Cardiology,Commercial,2026-02-11,2026-02-15,4,2026-02-16,2026-03-05,Approved,17,2026-03-11,2026-03-12,29,Resolved,0,,,1,0,1,1,1,22
CASE-00242,PAT-01636,REP-012,DrugBeta-50mg,Neurology,Medicaid,2025-07-10,2025-07-11,1,2025-07-14,2025-08-24,Approved,41,2025-08-25,2025-08-30,51,Resolved,0,,,9,1,1,1,1,45
CASE-00243,PAT-01162,REP-004,CardioPlus-25mg,Rare Disease,Commercial,2025-09-21,2025-09-23,2,2025-09-27,2025-10-10,Approved,13,2025-10-15,2025-10-20,29,Resolved,0,,,6,1,1,0,0,19
CASE-00244,PAT-01663,REP-019,NeuroX-75mg,Neurology,Medicare,2025-09-17,2025-09-18,1,2025-09-18,2025-09-27,Approved,9,2025-09-29,2025-10-03,16,Resolved,0,,,4,0,1,1,0,10
CASE-00245,PAT-00690,REP-021,DrugBeta-50mg,Cardiology,Medicaid,2026-02-23,2026-02-25,2,2026-03-02,2026-03-28,Approved,26,2026-04-06,2026-04-08,44,Resolved,0,,,9,0,1,1,0,33
CASE-00246,PAT-01206,REP-012,DrugBeta-50mg,Neurology,Commercial,2025-12-09,2025-12-12,3,2025-12-14,2025-12-28,Approved,14,2025-12-30,2026-01-03,25,Resolved,0,,,5,0,1,1,1,19
CASE-00247,PAT-01228,REP-012,DrugBeta-50mg,Rare Disease,Medicare,2025-11-19,2025-11-20,1,2025-11-24,2025-11-30,Approved,6,2025-12-07,2025-12-09,20,Resolved,0,,,2,0,1,1,0,11
CASE-00248,PAT-00836,REP-021,CardioPlus-25mg,Neurology,Commercial,2025-11-17,2025-11-21,4,2025-11-20,2025-12-08,Approved,18,2025-12-18,2025-12-18,31,Resolved,0,,,8,1,0,0,0,21
CASE-00249,PAT-00268,REP-010,DrugGamma-200mg,Cardiology,Medicare,2025-10-06,2025-10-09,3,2025-10-08,2025-10-28,Approved,20,2025-11-06,2025-11-08,33,Resolved,0,,,6,0,1,1,0,22
CASE-00250,PAT-01864,REP-024,DrugBeta-50mg,Immunology,Commercial,2025-08-18,2025-08-19,1,2025-08-21,2025-09-04,Denied,14,,,,Open,0,,,4,0,,,,
CASE-00251,PAT-00727,REP-012,DrugAlpha-100mg,Rare Disease,Medicare,2026-01-19,2026-01-21,2,2026-01-26,2026-02-15,Approved,20,2026-02-21,2026-02-24,36,Resolved,0,,,1,0,1,1,0,27
CASE-00252,PAT-00794,REP-020,DrugAlpha-100mg,Cardiology,Commercial,2026-01-11,2026-01-13,2,2026-01-16,2026-01-28,Pending,12,,,,In Progress,0,,,9,0,,,,
CASE-00253,PAT-01511,REP-015,CardioPlus-25mg,Neurology,Medicare,2025-08-19,2025-08-24,5,2025-08-24,2025-09-09,Approved,16,2025-09-18,2025-09-23,35,Resolved,0,,,6,0,1,1,1,21
CASE-00254,PAT-00820,REP-015,DrugAlpha-100mg,Neurology,Medicare,2025-08-05,2025-08-09,4,2025-08-07,2025-08-26,Approved,19,2025-08-27,2025-08-31,26,Resolved,0,,,7,1,0,0,0,21
CASE-00255,PAT-01770,REP-020,NeuroX-75mg,Cardiology,Commercial,2025-08-22,2025-08-24,2,2025-08-26,2025-09-11,Approved,16,2025-09-20,2025-09-23,32,Resolved,0,,,8,0,0,0,0,20
CASE-00256,PAT-00049,REP-020,NeuroX-75mg,Neurology,Medicare,2025-07-15,2025-07-17,2,2025-07-16,2025-08-07,Denied,22,,,,Abandoned,1,Patient Deceased,During PA,1,0,,,,
CASE-00257,PAT-01862,REP-019,DrugAlpha-100mg,Cardiology,Medicare,2025-08-17,2025-08-18,1,2025-08-20,2025-09-08,Pending,19,,,,Abandoned,1,Patient Deceased,Pre-PA,4,0,,,,
CASE-00258,PAT-00572,REP-021,DrugGamma-200mg,Rare Disease,Medicaid,2025-12-07,2025-12-13,6,2025-12-10,2025-12-21,Approved,11,2025-12-29,2026-01-03,27,Resolved,0,,,9,1,1,1,0,14
CASE-00259,PAT-01866,REP-015,CardioPlus-25mg,Rare Disease,Self-Pay,2025-10-29,2025-11-01,3,2025-11-05,2025-11-14,Approved,9,2025-11-24,2025-11-26,28,Resolved,0,,,9,1,1,1,1,16
CASE-00260,PAT-00831,REP-012,DrugBeta-50mg,Neurology,Commercial,2026-01-15,2026-01-18,3,2026-01-16,2026-01-25,Approved,9,2026-02-01,2026-02-04,20,Resolved,0,,,12,0,1,1,0,10
CASE-00261,PAT-00394,REP-024,CardioPlus-25mg,Cardiology,Commercial,2025-10-13,2025-10-16,3,2025-10-16,2025-10-26,Approved,10,2025-10-29,2025-10-30,17,Resolved,0,,,1,0,1,1,1,13
CASE-00262,PAT-01312,REP-010,DrugBeta-50mg,Rare Disease,VA,2025-09-30,2025-10-03,3,2025-10-06,2025-10-13,Approved,7,2025-10-20,2025-10-21,21,Resolved,0,,,3,0,0,0,0,13
CASE-00263,PAT-01298,REP-024,DrugBeta-50mg,Rare Disease,Medicare,2025-12-23,2025-12-24,1,2025-12-29,2026-01-15,Appeal,17,,,,Open,0,,,8,0,,,,
CASE-00264,PAT-01286,REP-004,NeuroX-75mg,Cardiology,Commercial,2025-11-02,2025-11-06,4,2025-11-08,2025-11-20,Denied,12,,,,In Progress,0,,,2,0,,,,
CASE-00265,PAT-00807,REP-019,DrugBeta-50mg,Immunology,Self-Pay,2026-01-13,2026-01-18,5,2026-01-15,2026-01-20,Approved,5,2026-01-26,2026-01-30,17,Resolved,0,,,5,0,1,1,1,7
CASE-00266,PAT-01016,REP-020,DrugAlpha-100mg,Neurology,Commercial,2026-01-25,2026-01-29,4,2026-02-01,2026-02-11,Denied,10,,,,Abandoned,1,Patient Lost Contact,During PA,0,0,,,,
CASE-00267,PAT-01043,REP-021,DrugGamma-200mg,Neurology,Commercial,2025-12-29,2026-01-03,5,2026-01-01,2026-01-07,Approved,6,2026-01-13,2026-01-16,18,Resolved,0,,,6,0,1,1,0,9
CASE-00268,PAT-00182,REP-019,DrugGamma-200mg,Rare Disease,Commercial,2025-12-04,2025-12-05,1,2025-12-06,2025-12-26,Approved,20,2025-12-31,2026-01-03,30,Resolved,0,,,11,0,1,1,1,22
CASE-00269,PAT-01306,REP-021,CardioPlus-25mg,Oncology,Medicaid,2026-03-15,2026-03-17,2,2026-03-22,2026-04-11,Pending,20,,,,In Progress,0,,,10,0,,,,
CASE-00270,PAT-01269,REP-020,DrugAlpha-100mg,Rare Disease,Commercial,2025-08-18,2025-08-20,2,2025-08-25,2025-09-07,Denied,13,,,,In Progress,0,,,9,0,,,,
CASE-00271,PAT-00205,REP-010,NeuroX-75mg,Oncology,Medicare,2025-08-13,2025-08-18,5,2025-08-18,2025-09-09,Approved,22,2025-09-19,2025-09-23,41,Resolved,0,,,3,0,0,0,0,27
CASE-00272,PAT-01326,REP-012,DrugBeta-50mg,Immunology,Medicaid,2026-04-12,2026-04-16,4,2026-04-16,,Approved,35,2026-05-27,2026-05-29,47,Resolved,0,,,4,1,0,0,0,39
CASE-00273,PAT-01528,REP-012,NeuroX-75mg,Neurology,Commercial,2026-03-27,2026-03-30,3,2026-03-29,2026-04-05,Denied,7,,,,Open,0,,,8,0,,,,
CASE-00274,PAT-01278,REP-012,NeuroX-75mg,Oncology,Medicare,2026-04-17,2026-04-23,6,2026-04-22,,Approved,23,2026-05-18,2026-05-21,34,Resolved,0,,,8,0,1,1,1,28
CASE-00275,PAT-00176,REP-010,DrugBeta-50mg,Oncology,Medicaid,2026-03-18,2026-03-19,1,2026-03-23,2026-04-06,Approved,14,2026-04-10,2026-04-15,28,Resolved,0,,,5,1,1,0,0,19
CASE-00276,PAT-01533,REP-024,NeuroX-75mg,Neurology,Commercial,2026-04-21,2026-04-22,1,2026-04-22,,Approved,11,2026-05-04,2026-05-08,17,Resolved,0,,,12,1,1,0,0,12
CASE-00277,PAT-00708,REP-015,CardioPlus-25mg,Cardiology,Commercial,2025-07-15,2025-07-17,2,2025-07-21,2025-07-31,Approved,10,2025-08-06,2025-08-06,22,Resolved,0,,,1,0,0,0,1,16
CASE-00278,PAT-00572,REP-019,DrugGamma-200mg,Rare Disease,Medicaid,2025-11-19,2025-11-22,3,2025-11-21,2025-12-12,Denied,21,,,,Abandoned,1,Switched Therapy,During PA,3,0,,,,
CASE-00279,PAT-01783,REP-021,DrugAlpha-100mg,Oncology,VA,2026-02-08,2026-02-09,1,2026-02-14,2026-02-26,Approved,12,2026-02-28,2026-02-28,20,Resolved,0,,,9,1,1,0,0,18
CASE-00280,PAT-01674,REP-012,DrugAlpha-100mg,Oncology,VA,2025-07-03,2025-07-09,6,2025-07-05,2025-07-10,Approved,5,2025-07-19,2025-07-21,18,Resolved,0,,,8,0,1,1,0,7
CASE-00281,PAT-01929,REP-020,DrugAlpha-100mg,Oncology,Commercial,2025-11-14,2025-11-15,1,2025-11-20,2025-11-30,Pending,10,,,,Open,0,,,2,0,,,,
CASE-00282,PAT-01730,REP-019,DrugAlpha-100mg,Rare Disease,Medicare,2025-12-27,2025-12-29,2,2026-01-02,2026-01-07,Approved,5,2026-01-09,2026-01-14,18,Resolved,0,,,10,0,1,1,1,11
CASE-00283,PAT-01469,REP-019,NeuroX-75mg,Neurology,Commercial,2025-09-18,2025-09-21,3,2025-09-19,2025-09-23,Pending,4,,,,Open,0,,,4,0,,,,
CASE-00284,PAT-00143,REP-012,DrugGamma-200mg,Cardiology,Medicare,2025-07-11,2025-07-13,2,2025-07-15,2025-07-20,Denied,5,,,,Open,0,,,11,0,,,,
CASE-00285,PAT-00345,REP-024,DrugAlpha-100mg,Immunology,Commercial,2025-09-09,2025-09-16,7,2025-09-10,2025-09-25,Approved,15,2025-10-02,2025-10-07,28,Resolved,0,,,9,0,0,0,0,16
CASE-00286,PAT-01090,REP-004,DrugBeta-50mg,Neurology,Self-Pay,2025-08-31,2025-09-03,3,2025-09-03,2025-09-10,Approved,7,2025-09-14,2025-09-14,14,Resolved,0,,,6,0,1,0,0,10
CASE-00287,PAT-00030,REP-010,CardioPlus-25mg,Neurology,Medicaid,2026-01-29,2026-01-30,1,2026-01-31,2026-03-15,Approved,43,2026-03-21,2026-03-25,55,Resolved,0,,,3,0,0,0,0,45
CASE-00288,PAT-01291,REP-019,DrugAlpha-100mg,Neurology,Self-Pay,2025-09-26,2025-09-30,4,2025-10-03,2025-10-10,Denied,7,,,,Open,0,,,9,0,,,,
CASE-00289,PAT-01721,REP-004,DrugGamma-200mg,Neurology,Commercial,2026-03-22,2026-03-23,1,2026-03-28,2026-04-13,Approved,16,2026-04-20,2026-04-22,31,Resolved,0,,,11,0,1,1,0,22
CASE-00290,PAT-00049,REP-004,NeuroX-75mg,Neurology,Medicare,2025-10-17,2025-10-18,1,2025-10-18,2025-11-16,Approved,29,2025-11-18,2025-11-23,37,Resolved,0,,,3,1,1,0,1,30
CASE-00291,PAT-01748,REP-024,CardioPlus-25mg,Neurology,Commercial,2025-10-27,2025-10-30,3,2025-11-02,2025-11-12,Approved,10,2025-11-14,2025-11-15,19,Resolved,0,,,1,1,1,1,0,16
CASE-00292,PAT-01665,REP-021,DrugBeta-50mg,Cardiology,Medicaid,2026-01-19,2026-01-22,3,2026-01-25,2026-03-11,Approved,45,2026-03-18,2026-03-19,59,Resolved,0,,,3,0,1,0,1,51
CASE-00293,PAT-01881,REP-012,DrugBeta-50mg,Neurology,Commercial,2025-09-12,2025-09-13,1,2025-09-17,2025-10-08,Approved,21,2025-10-10,2025-10-11,29,Resolved,0,,,11,0,0,0,0,26
CASE-00294,PAT-01130,REP-012,DrugAlpha-100mg,Rare Disease,Commercial,2025-12-29,2025-12-31,2,2026-01-02,2026-01-21,Denied,19,,,,In Progress,0,,,11,0,,,,
CASE-00295,PAT-01457,REP-004,DrugBeta-50mg,Cardiology,Commercial,2026-02-28,2026-03-04,4,2026-03-04,2026-03-18,Appeal,14,,,,Abandoned,1,Patient Deceased,During PA,1,0,,,,
CASE-00296,PAT-01856,REP-024,DrugAlpha-100mg,Neurology,Medicaid,2025-08-15,2025-08-16,1,2025-08-20,2025-09-05,Denied,16,,,,In Progress,0,,,6,0,,,,
CASE-00297,PAT-00490,REP-012,DrugGamma-200mg,Neurology,Commercial,2025-11-29,2025-11-30,1,2025-12-05,2025-12-14,Approved,9,2025-12-23,2025-12-23,24,Resolved,0,,,10,0,1,0,0,15
CASE-00298,PAT-01048,REP-019,NeuroX-75mg,Oncology,Commercial,2025-10-01,2025-10-04,3,2025-10-05,2025-10-24,Denied,19,,,,Open,0,,,11,0,,,,
CASE-00299,PAT-01533,REP-024,NeuroX-75mg,Neurology,Commercial,2026-03-24,2026-03-26,2,2026-03-26,2026-04-08,Approved,13,2026-04-15,2026-04-20,27,Resolved,0,,,3,0,0,1,0,15
CASE-00300,PAT-01755,REP-021,DrugGamma-200mg,Cardiology,Medicare,2025-08-17,2025-08-19,2,2025-08-19,2025-09-13,Approved,25,2025-09-21,2025-09-21,35,Resolved,0,,,11,0,1,1,0,27
CASE-00301,PAT-01538,REP-024,NeuroX-75mg,Immunology,Medicaid,2025-08-06,2025-08-09,3,2025-08-10,2025-09-05,Denied,26,,,,In Progress,0,,,5,0,,,,
CASE-00302,PAT-01123,REP-010,NeuroX-75mg,Neurology,Commercial,2026-03-09,2026-03-11,2,2026-03-15,2026-04-05,Approved,21,2026-04-07,2026-04-10,32,Resolved,0,,,11,0,1,1,0,27
CASE-00303,PAT-01047,REP-004,DrugGamma-200mg,Rare Disease,Commercial,2025-08-04,2025-08-07,3,2025-08-09,2025-08-24,Approved,15,2025-09-02,2025-09-05,32,Resolved,0,,,5,0,1,1,1,20
CASE-00304,PAT-00200,REP-010,CardioPlus-25mg,Immunology,Medicare,2026-01-30,2026-02-02,3,2026-02-05,2026-02-10,Approved,5,2026-02-16,2026-02-20,21,Resolved,0,,,12,1,1,1,0,11
CASE-00305,PAT-01090,REP-024,DrugBeta-50mg,Neurology,Self-Pay,2025-12-27,2025-12-31,4,2025-12-29,2026-01-12,Approved,14,2026-01-13,2026-01-13,17,Resolved,0,,,4,0,1,1,1,16
CASE-00306,PAT-00226,REP-020,DrugGamma-200mg,Immunology,Medicare,2025-12-19,2025-12-20,1,2025-12-25,2026-01-13,Appeal,19,,,,Open,0,,,7,0,,,,
CASE-00307,PAT-00488,REP-010,DrugAlpha-100mg,Cardiology,Medicare,2026-02-08,2026-02-13,5,2026-02-13,2026-03-13,Denied,28,,,,In Progress,0,,,4,0,,,,
CASE-00308,PAT-01953,REP-012,DrugBeta-50mg,Oncology,Medicare,2026-03-23,2026-03-26,3,2026-03-27,2026-04-20,Denied,24,,,,Abandoned,1,Unknown,During PA,0,0,,,,
CASE-00309,PAT-01605,REP-019,DrugBeta-50mg,Neurology,Commercial,2026-04-30,2026-05-03,3,2026-05-07,,Denied,7,,,,Abandoned,1,Unknown,Post-PA,2,0,,,,
CASE-00310,PAT-01608,REP-015,CardioPlus-25mg,Immunology,Commercial,2026-03-04,2026-03-07,3,2026-03-11,2026-03-30,Approved,19,,,,Abandoned,1,Insurance Delay,Post-Fulfillment,3,0,,,,
CASE-00311,PAT-01718,REP-019,DrugGamma-200mg,Oncology,Commercial,2025-11-10,2025-11-11,1,2025-11-13,2025-11-20,Approved,7,2025-11-23,2025-11-28,18,Resolved,0,,,10,0,0,1,1,10
CASE-00312,PAT-00031,REP-019,DrugAlpha-100mg,Cardiology,Commercial,2025-08-23,2025-08-27,4,2025-08-29,2025-09-01,Approved,3,2025-09-09,2025-09-11,19,Resolved,0,,,12,0,1,1,0,9
CASE-00313,PAT-00103,REP-020,DrugGamma-200mg,Rare Disease,Self-Pay,2025-08-21,2025-08-23,2,2025-08-26,2025-09-01,Approved,6,2025-09-08,2025-09-10,20,Resolved,0,,,1,1,1,1,1,11
CASE-00314,PAT-01109,REP-021,CardioPlus-25mg,Rare Disease,Commercial,2025-11-17,2025-11-23,6,2025-11-18,2025-11-24,Denied,6,,,,Open,0,,,9,0,,,,
CASE-00315,PAT-00908,REP-021,DrugGamma-200mg,Oncology,Commercial,2025-08-28,2025-09-01,4,2025-09-04,2025-09-16,Appeal,12,,,,In Progress,0,,,6,0,,,,
CASE-00316,PAT-01523,REP-024,NeuroX-75mg,Oncology,Commercial,2026-04-12,2026-04-14,2,2026-04-18,2026-04-30,Approved,12,2026-05-09,2026-05-11,29,Resolved,0,,,4,0,1,1,1,18
CASE-00317,PAT-01916,REP-019,DrugAlpha-100mg,Neurology,Medicare,2025-11-30,2025-12-02,2,2025-12-03,2025-12-11,Approved,8,2025-12-15,2025-12-19,19,Resolved,0,,,6,1,1,1,1,11
CASE-00318,PAT-01914,REP-012,DrugAlpha-100mg,Rare Disease,Commercial,2025-11-06,2025-11-08,2,2025-11-11,2025-11-29,Approved,18,2025-12-09,2025-12-10,34,Resolved,0,,,9,0,1,0,0,23
CASE-00319,PAT-01920,REP-010,DrugAlpha-100mg,Cardiology,Self-Pay,2025-08-31,2025-09-02,2,2025-09-01,2025-09-05,Approved,4,2025-09-08,2025-09-10,10,Resolved,0,,,6,1,1,0,0,5
CASE-00320,PAT-00580,REP-021,DrugGamma-200mg,Immunology,Commercial,2026-03-06,2026-03-07,1,2026-03-10,2026-03-13,Approved,3,2026-03-22,2026-03-23,17,Resolved,0,,,4,1,1,0,0,7
CASE-00321,PAT-01254,REP-020,NeuroX-75mg,Oncology,Commercial,2025-12-09,2025-12-13,4,2025-12-14,2025-12-30,Approved,16,2026-01-05,2026-01-08,30,Resolved,0,,,11,0,1,0,0,21
CASE-00322,PAT-01471,REP-021,NeuroX-75mg,Immunology,Self-Pay,2026-04-15,2026-04-16,1,2026-04-18,,Approved,13,2026-05-10,2026-05-13,28,Resolved,0,,,8,0,1,1,1,16
CASE-00323,PAT-00812,REP-004,DrugAlpha-100mg,Rare Disease,Commercial,2025-09-10,2025-09-16,6,2025-09-17,2025-09-28,Approved,11,2025-10-07,2025-10-12,32,Resolved,0,,,5,0,1,0,0,18
CASE-00324,PAT-01220,REP-020,DrugGamma-200mg,Neurology,Commercial,2026-01-16,2026-01-19,3,2026-01-23,2026-02-10,Appeal,18,,,,Abandoned,1,Cost Concerns,During PA,0,0,,,,
CASE-00325,PAT-00183,REP-019,DrugGamma-200mg,Oncology,Commercial,2025-09-14,2025-09-16,2,2025-09-20,2025-10-06,Denied,16,,,,In Progress,0,,,7,0,,,,
CASE-00326,PAT-01356,REP-004,DrugAlpha-100mg,Neurology,Medicare,2025-08-03,2025-08-07,4,2025-08-07,2025-08-29,Appeal,22,,,,Open,0,,,11,0,,,,
CASE-00327,PAT-00732,REP-024,DrugGamma-200mg,Rare Disease,Commercial,2026-02-10,2026-02-13,3,2026-02-17,2026-03-09,Denied,20,,,,Abandoned,1,Insurance Delay,Post-PA,0,0,,,,
CASE-00328,PAT-01016,REP-021,DrugAlpha-100mg,Neurology,Commercial,2025-12-26,2025-12-27,1,2025-12-30,2026-01-12,Approved,13,2026-01-14,2026-01-16,21,Resolved,0,,,1,1,1,0,0,17
CASE-00329,PAT-01057,REP-019,CardioPlus-25mg,Cardiology,Self-Pay,2025-12-25,2025-12-26,1,2025-12-27,2026-01-01,Approved,5,2026-01-05,2026-01-06,12,Resolved,0,,,9,0,1,0,0,7
CASE-00330,PAT-01633,REP-010,DrugBeta-50mg,Neurology,Commercial,2026-03-05,2026-03-06,1,2026-03-12,2026-03-30,Approved,18,2026-03-31,2026-03-31,26,Resolved,0,,,8,0,1,1,1,25
CASE-00331,PAT-00829,REP-010,CardioPlus-25mg,Neurology,Medicare,2025-08-22,2025-08-27,5,2025-08-29,2025-09-08,Approved,10,2025-09-15,2025-09-19,28,Resolved,0,,,5,0,1,0,1,17
CASE-00332,PAT-01033,REP-021,DrugAlpha-100mg,Immunology,Medicaid,2025-10-21,2025-10-22,1,2025-10-22,2025-11-07,Pending,16,,,,Abandoned,1,Side Effect Concerns,Pre-PA,3,0,,,,
CASE-00333,PAT-01447,REP-012,NeuroX-75mg,Immunology,Medicare,2025-12-20,2025-12-21,1,2025-12-25,2026-01-20,Approved,26,2026-01-23,2026-01-25,36,Resolved,0,,,5,0,1,1,1,31
CASE-00334,PAT-01685,REP-004,DrugBeta-50mg,Rare Disease,Medicare,2025-07-03,2025-07-04,1,2025-07-07,2025-07-21,Approved,14,2025-07-25,2025-07-28,25,Resolved,0,,,10,1,1,1,1,18
CASE-00335,PAT-00525,REP-015,DrugGamma-200mg,Neurology,Medicare,2025-10-18,2025-10-20,2,2025-10-23,2025-11-10,Denied,18,,,,Open,0,,,9,0,,,,
CASE-00336,PAT-00220,REP-004,CardioPlus-25mg,Rare Disease,Medicaid,2026-04-10,2026-04-11,1,2026-04-15,2026-04-29,Approved,14,2026-05-04,2026-05-09,29,Resolved,0,,,5,1,1,1,0,19
CASE-00337,PAT-01924,REP-019,NeuroX-75mg,Rare Disease,Self-Pay,2025-11-30,2025-12-04,4,2025-12-06,2025-12-17,Approved,11,2025-12-21,2025-12-25,25,Resolved,0,,,9,0,1,1,0,17
CASE-00338,PAT-00157,REP-004,CardioPlus-25mg,Oncology,Medicare,2026-03-26,2026-03-27,1,2026-03-29,2026-04-10,Approved,12,2026-04-19,2026-04-19,24,Resolved,0,,,6,0,1,1,1,15
CASE-00339,PAT-01399,REP-012,NeuroX-75mg,Neurology,Commercial,2026-02-16,2026-02-17,1,2026-02-17,2026-02-24,Approved,7,2026-02-27,2026-03-01,13,Resolved,0,,,5,1,1,1,1,8
CASE-00340,PAT-01683,REP-004,DrugBeta-50mg,Cardiology,Commercial,2025-08-13,2025-08-19,6,2025-08-20,2025-09-06,Approved,17,2025-09-09,2025-09-13,31,Resolved,0,,,5,1,1,1,0,24
CASE-00341,PAT-01787,REP-021,CardioPlus-25mg,Rare Disease,Medicare,2025-11-20,2025-11-24,4,2025-11-22,2025-12-05,Appeal,13,,,,In Progress,0,,,7,0,,,,
CASE-00342,PAT-00799,REP-024,NeuroX-75mg,Oncology,Medicare,2026-01-26,2026-02-01,6,2026-01-31,2026-02-26,Approved,26,2026-03-06,2026-03-08,41,Resolved,0,,,10,0,1,1,1,31
CASE-00343,PAT-01828,REP-021,CardioPlus-25mg,Oncology,Commercial,2025-11-12,2025-11-15,3,2025-11-16,2025-12-02,Approved,16,2025-12-03,2025-12-05,23,Resolved,0,,,12,1,1,1,0,20
CASE-00344,PAT-01306,REP-024,CardioPlus-25mg,Oncology,Medicaid,2026-02-16,2026-02-17,1,2026-02-22,2026-03-14,Approved,20,2026-03-16,2026-03-19,31,Resolved,0,,,3,1,0,0,0,26
CASE-00345,PAT-01365,REP-012,DrugAlpha-100mg,Immunology,Medicare,2025-08-02,2025-08-03,1,2025-08-03,2025-08-20,Approved,17,2025-08-23,2025-08-26,24,Resolved,0,,,2,1,1,1,1,18
CASE-00346,PAT-00830,REP-010,NeuroX-75mg,Oncology,Self-Pay,2025-10-04,2025-10-06,2,2025-10-08,2025-10-22,Approved,14,2025-11-01,2025-11-04,31,Resolved,0,,,5,0,1,0,0,18
CASE-00347,PAT-00336,REP-010,DrugAlpha-100mg,Oncology,Self-Pay,2025-07-01,2025-07-03,2,2025-07-08,2025-07-13,Pending,5,,,,Abandoned,1,Unknown,Pre-PA,3,0,,,,
CASE-00348,PAT-01834,REP-004,DrugAlpha-100mg,Oncology,Commercial,2026-03-12,2026-03-17,5,2026-03-13,2026-03-22,Approved,9,2026-04-01,2026-04-02,21,Resolved,0,,,9,1,1,1,1,10
CASE-00349,PAT-00336,REP-020,DrugAlpha-100mg,Oncology,Self-Pay,2026-04-13,2026-04-14,1,2026-04-20,2026-04-29,Denied,9,,,,Open,0,,,8,0,,,,
CASE-00350,PAT-01185,REP-010,DrugBeta-50mg,Cardiology,Commercial,2025-07-28,2025-07-30,2,2025-08-01,2025-08-14,Approved,13,2025-08-19,2025-08-19,22,Resolved,0,,,2,1,1,1,0,17
CASE-00351,PAT-00467,REP-020,CardioPlus-25mg,Neurology,Medicaid,2025-08-15,2025-08-20,5,2025-08-21,2025-10-01,Approved,41,2025-10-02,2025-10-07,53,Resolved,0,,,6,0,1,1,1,47
CASE-00352,PAT-01542,REP-024,DrugAlpha-100mg,Immunology,Commercial,2025-07-17,2025-07-18,1,2025-07-21,2025-08-10,Pending,20,,,,Abandoned,1,Side Effect Concerns,Pre-PA,0,0,,,,
CASE-00353,PAT-01153,REP-019,CardioPlus-25mg,Neurology,Self-Pay,2025-08-25,2025-08-30,5,2025-08-30,2025-09-01,Approved,2,2025-09-04,2025-09-07,13,Resolved,0,,,4,0,1,1,1,7
CASE-00354,PAT-01187,REP-024,DrugBeta-50mg,Cardiology,Commercial,2026-02-07,2026-02-09,2,2026-02-13,2026-02-27,Appeal,14,,,,In Progress,0,,,5,0,,,,
CASE-00355,PAT-00155,REP-020,DrugBeta-50mg,Immunology,Commercial,2025-08-28,2025-09-04,7,2025-09-02,2025-09-08,Approved,6,2025-09-11,2025-09-13,16,Resolved,0,,,11,0,1,1,1,11
CASE-00356,PAT-00284,REP-004,NeuroX-75mg,Oncology,Commercial,2025-10-21,2025-10-28,7,2025-10-24,2025-10-30,Approved,6,2025-11-03,2025-11-03,13,Resolved,0,,,12,0,1,1,0,9
CASE-00357,PAT-01818,REP-024,CardioPlus-25mg,Oncology,Medicaid,2025-09-16,2025-09-21,5,2025-09-19,2025-10-14,Approved,25,,,,Abandoned,1,Patient Lost Contact,Post-Fulfillment,3,0,,,,
CASE-00358,PAT-00166,REP-020,CardioPlus-25mg,Rare Disease,VA,2025-07-25,2025-07-30,5,2025-07-26,2025-08-06,Approved,11,2025-08-11,2025-08-11,17,Resolved,0,,,8,0,1,1,1,12
CASE-00359,PAT-00449,REP-015,CardioPlus-25mg,Neurology,Commercial,2026-02-18,2026-02-21,3,2026-02-25,2026-03-05,Approved,8,2026-03-11,2026-03-16,26,Resolved,0,,,2,0,0,0,0,15
CASE-00360,PAT-00755,REP-021,DrugBeta-50mg,Cardiology,Commercial,2025-08-24,2025-08-31,7,2025-08-25,2025-09-08,Approved,14,,,,Abandoned,1,Switched Therapy,Post-Fulfillment,4,0,,,,
CASE-00361,PAT-01419,REP-010,NeuroX-75mg,Oncology,Self-Pay,2026-03-05,2026-03-06,1,2026-03-08,2026-03-10,Denied,2,,,,Open,0,,,3,0,,,,
CASE-00362,PAT-01774,REP-020,DrugBeta-50mg,Oncology,Self-Pay,2026-03-25,2026-03-28,3,2026-03-31,2026-04-12,Approved,12,2026-04-14,2026-04-17,23,Resolved,0,,,3,0,1,1,1,18
CASE-00363,PAT-00696,REP-019,DrugBeta-50mg,Immunology,Medicare,2026-04-02,2026-04-03,1,2026-04-06,2026-04-30,Approved,24,2026-05-02,2026-05-04,32,Resolved,0,,,6,1,1,1,1,28
CASE-00364,PAT-01421,REP-024,DrugGamma-200mg,Oncology,Commercial,2025-09-05,2025-09-11,6,2025-09-09,2025-09-26,Approved,17,2025-09-28,2025-09-29,24,Resolved,0,,,12,0,0,0,1,21
CASE-00365,PAT-00883,REP-012,CardioPlus-25mg,Oncology,Commercial,2026-04-20,2026-04-23,3,2026-04-27,,Approved,10,2026-05-13,2026-05-18,28,Resolved,0,,,1,0,0,0,0,17
CASE-00366,PAT-01472,REP-004,NeuroX-75mg,Rare Disease,Commercial,2025-11-19,2025-11-22,3,2025-11-24,2025-12-04,Approved,10,,,,Abandoned,1,Side Effect Concerns,Post-PA,0,0,,,,
CASE-00367,PAT-01057,REP-021,CardioPlus-25mg,Cardiology,Self-Pay,2025-11-17,2025-11-18,1,2025-11-21,2025-11-25,Approved,4,2025-11-29,2025-12-01,14,Resolved,0,,,3,0,1,0,0,8
CASE-00368,PAT-00265,REP-004,DrugAlpha-100mg,Cardiology,Medicaid,2026-01-27,2026-01-29,2,2026-01-29,2026-02-09,Denied,11,,,,Abandoned,1,Cost Concerns,Post-PA,4,0,,,,
CASE-00369,PAT-00724,REP-004,DrugBeta-50mg,Neurology,Medicaid,2026-03-29,2026-03-30,1,2026-03-31,2026-04-18,Pending,18,,,,In Progress,0,,,10,0,,,,
CASE-00370,PAT-00755,REP-015,DrugBeta-50mg,Cardiology,Commercial,2026-04-28,2026-04-30,2,2026-04-30,,Denied,11,,,,Abandoned,1,Side Effect Concerns,During PA,4,0,,,,
CASE-00371,PAT-00178,REP-015,NeuroX-75mg,Rare Disease,Medicare,2026-04-08,2026-04-10,2,2026-04-09,2026-04-26,Denied,17,,,,Abandoned,1,Patient Deceased,Post-PA,2,0,,,,
CASE-00372,PAT-01676,REP-004,DrugGamma-200mg,Neurology,Commercial,2025-07-02,2025-07-06,4,2025-07-07,2025-07-11,Denied,4,,,,Abandoned,1,Switched Therapy,Post-PA,3,0,,,,
CASE-00373,PAT-01426,REP-015,DrugBeta-50mg,Immunology,Commercial,2025-08-11,2025-08-13,2,2025-08-12,2025-08-22,Approved,10,2025-08-31,2025-09-03,23,Resolved,0,,,9,0,1,1,1,11
CASE-00374,PAT-00780,REP-021,NeuroX-75mg,Cardiology,Medicare,2025-10-06,2025-10-12,6,2025-10-12,2025-10-25,Appeal,13,,,,Open,0,,,12,0,,,,
CASE-00375,PAT-01059,REP-015,DrugGamma-200mg,Neurology,Commercial,2026-01-23,2026-01-24,1,2026-01-30,2026-02-19,Approved,20,2026-02-28,2026-03-05,41,Resolved,0,,,4,1,1,0,0,27
CASE-00376,PAT-01502,REP-015,DrugGamma-200mg,Cardiology,Medicaid,2026-03-26,2026-03-29,3,2026-03-27,,Denied,36,,,,Abandoned,1,Patient Lost Contact,Post-PA,0,0,,,,
CASE-00377,PAT-01726,REP-004,DrugAlpha-100mg,Immunology,Commercial,2025-09-19,2025-09-21,2,2025-09-25,2025-10-13,Approved,18,2025-10-22,2025-10-27,38,Resolved,0,,,2,0,1,0,1,24
CASE-00378,PAT-01719,REP-012,DrugAlpha-100mg,Oncology,Commercial,2025-11-08,2025-11-11,3,2025-11-14,2025-11-29,Denied,15,,,,Open,0,,,1,0,,,,
CASE-00379,PAT-00890,REP-010,DrugGamma-200mg,Cardiology,Commercial,2025-08-25,2025-08-27,2,2025-08-26,2025-09-06,Approved,11,2025-09-09,2025-09-12,18,Resolved,0,,,7,1,1,0,0,12
CASE-00380,PAT-01460,REP-004,NeuroX-75mg,Rare Disease,Commercial,2025-12-20,2025-12-24,4,2025-12-26,2026-01-02,Approved,7,2026-01-05,2026-01-08,19,Resolved,0,,,6,1,1,1,1,13
CASE-00381,PAT-01826,REP-020,DrugBeta-50mg,Neurology,Medicare,2026-04-08,2026-04-10,2,2026-04-14,2026-04-25,Pending,11,,,,Abandoned,1,Insurance Delay,Pre-PA,1,0,,,,
CASE-00382,PAT-00117,REP-012,CardioPlus-25mg,Oncology,Self-Pay,2026-01-13,2026-01-19,6,2026-01-20,2026-01-29,Approved,9,,,,Abandoned,1,Patient Lost Contact,Post-Fulfillment,4,0,,,,
CASE-00383,PAT-00641,REP-012,DrugGamma-200mg,Cardiology,Commercial,2025-12-09,2025-12-10,1,2025-12-12,2025-12-31,Pending,19,,,,In Progress,0,,,10,0,,,,
CASE-00384,PAT-00088,REP-019,DrugAlpha-100mg,Cardiology,Commercial,2025-12-18,2025-12-19,1,2025-12-19,2026-01-06,Approved,18,2026-01-08,2026-01-09,22,Resolved,0,,,1,0,0,0,0,19
CASE-00385,PAT-01369,REP-024,DrugAlpha-100mg,Immunology,Commercial,2025-08-21,2025-08-24,3,2025-08-23,2025-09-13,Approved,21,2025-09-18,2025-09-23,33,Resolved,0,,,10,0,1,1,1,23
CASE-00386,PAT-01009,REP-004,NeuroX-75mg,Neurology,Medicare,2025-12-02,2025-12-05,3,2025-12-08,2025-12-16,Appeal,8,,,,In Progress,0,,,9,0,,,,
CASE-00387,PAT-01998,REP-020,CardioPlus-25mg,Rare Disease,Commercial,2025-10-15,2025-10-18,3,2025-10-18,2025-10-23,Approved,5,2025-10-31,2025-11-04,20,Resolved,0,,,3,0,0,1,0,8
CASE-00388,PAT-00902,REP-021,DrugAlpha-100mg,Cardiology,Commercial,2025-08-01,2025-08-08,7,2025-08-08,2025-08-19,Approved,11,2025-08-21,2025-08-23,22,Resolved,0,,,9,0,1,1,0,18
CASE-00389,PAT-00185,REP-010,CardioPlus-25mg,Rare Disease,Self-Pay,2026-01-17,2026-01-20,3,2026-01-18,2026-02-01,Approved,14,2026-02-11,2026-02-11,25,Resolved,0,,,8,0,1,1,1,15
CASE-00390,PAT-01067,REP-015,DrugAlpha-100mg,Rare Disease,Medicare,2025-08-30,2025-09-01,2,2025-09-06,2025-09-26,Approved,20,2025-09-30,2025-10-01,32,Resolved,0,,,12,0,0,0,0,27
CASE-00391,PAT-01880,REP-024,DrugBeta-50mg,Rare Disease,VA,2025-08-14,2025-08-17,3,2025-08-20,2025-08-24,Approved,4,2025-09-02,2025-09-05,22,Resolved,0,,,1,1,1,1,1,10
CASE-00392,PAT-00897,REP-024,DrugBeta-50mg,Rare Disease,Commercial,2025-07-16,2025-07-17,1,2025-07-22,2025-08-01,Appeal,10,,,,Open,0,,,3,0,,,,
CASE-00393,PAT-00721,REP-024,NeuroX-75mg,Immunology,Medicare,2026-03-15,2026-03-19,4,2026-03-16,2026-04-10,Denied,25,,,,Abandoned,1,Patient Lost Contact,Post-PA,2,0,,,,
CASE-00394,PAT-01720,REP-010,DrugGamma-200mg,Neurology,Self-Pay,2025-12-18,2025-12-22,4,2025-12-19,2025-12-26,Approved,7,2025-12-28,2025-12-28,10,Resolved,0,,,6,0,1,1,0,8
CASE-00395,PAT-00594,REP-019,DrugAlpha-100mg,Rare Disease,Commercial,2026-01-11,2026-01-14,3,2026-01-13,2026-01-21,Approved,8,,,,Abandoned,1,Insurance Delay,Post-Fulfillment,3,0,,,,
CASE-00396,PAT-01715,REP-021,DrugGamma-200mg,Oncology,Medicare,2025-07-30,2025-08-01,2,2025-08-06,2025-08-23,Approved,17,2025-09-02,2025-09-03,35,Resolved,0,,,1,0,0,0,0,24
CASE-00397,PAT-01105,REP-021,DrugGamma-200mg,Immunology,Commercial,2025-11-26,2025-11-27,1,2025-11-29,2025-12-20,Approved,21,2025-12-24,2025-12-27,31,Resolved,0,,,6,1,1,1,1,24
CASE-00398,PAT-00931,REP-010,DrugGamma-200mg,Cardiology,Medicaid,2026-04-25,2026-04-29,4,2026-04-30,,Pending,41,,,,In Progress,0,,,11,0,,,,
CASE-00399,PAT-01094,REP-020,DrugGamma-200mg,Neurology,Medicare,2026-04-13,2026-04-16,3,2026-04-20,,Approved,19,2026-05-15,2026-05-19,36,Resolved,0,,,1,0,1,1,1,26
CASE-00400,PAT-01760,REP-020,CardioPlus-25mg,Neurology,Commercial,2026-03-03,2026-03-06,3,2026-03-06,2026-03-27,Denied,21,,,,Abandoned,1,Insurance Delay,Post-PA,3,0,,,,
CASE-00401,PAT-01310,REP-004,DrugGamma-200mg,Cardiology,Commercial,2025-11-06,2025-11-07,1,2025-11-12,2025-11-28,Approved,16,2025-12-06,2025-12-07,31,Resolved,0,,,3,0,1,1,1,22
CASE-00402,PAT-00632,REP-015,DrugAlpha-100mg,Cardiology,Medicare,2025-12-03,2025-12-04,1,2025-12-04,2025-12-31,Approved,27,2026-01-02,2026-01-02,30,Resolved,0,,,12,0,1,1,0,28
CASE-00403,PAT-01624,REP-024,CardioPlus-25mg,Oncology,Commercial,2025-11-21,2025-11-23,2,2025-11-22,2025-12-01,Appeal,9,,,,In Progress,0,,,9,0,,,,
CASE-00404,PAT-00380,REP-012,CardioPlus-25mg,Cardiology,Medicare,2026-01-02,2026-01-06,4,2026-01-03,2026-01-13,Pending,10,,,,Abandoned,1,Patient Deceased,Pre-PA,4,0,,,,
CASE-00405,PAT-00853,REP-010,CardioPlus-25mg,Oncology,Medicare,2026-03-30,2026-04-03,4,2026-03-31,2026-04-19,Approved,19,2026-04-24,2026-04-26,27,Resolved,0,,,2,0,1,1,1,20
CASE-00406,PAT-00547,REP-021,DrugAlpha-100mg,Oncology,Medicaid,2025-11-11,2025-11-15,4,2025-11-15,2025-12-30,Approved,45,2026-01-01,2026-01-04,54,Resolved,0,,,12,0,1,1,1,49
CASE-00407,PAT-00435,REP-021,CardioPlus-25mg,Rare Disease,Commercial,2025-09-09,2025-09-16,7,2025-09-11,2025-09-27,Approved,16,2025-09-30,2025-10-01,22,Resolved,0,,,3,0,1,1,0,18
CASE-00408,PAT-01976,REP-019,CardioPlus-25mg,Oncology,Commercial,2026-02-12,2026-02-14,2,2026-02-14,2026-03-05,Approved,19,2026-03-10,2026-03-11,27,Resolved,0,,,4,0,1,1,0,21
CASE-00409,PAT-00069,REP-021,CardioPlus-25mg,Cardiology,Commercial,2026-03-10,2026-03-16,6,2026-03-16,2026-03-26,Approved,10,2026-03-28,2026-04-01,22,Resolved,0,,,5,1,1,1,1,16
CASE-00410,PAT-01173,REP-021,DrugGamma-200mg,Oncology,Medicare,2026-02-03,2026-02-06,3,2026-02-06,2026-03-05,Approved,27,2026-03-11,2026-03-16,41,Resolved,0,,,5,0,0,1,1,30
CASE-00411,PAT-01531,REP-010,DrugGamma-200mg,Rare Disease,Medicare,2025-08-31,2025-09-01,1,2025-09-03,2025-09-26,Approved,23,2025-10-04,2025-10-05,35,Resolved,0,,,11,0,1,1,1,26
CASE-00412,PAT-00078,REP-024,DrugAlpha-100mg,Rare Disease,Commercial,2025-12-19,2025-12-20,1,2025-12-24,2026-01-12,Approved,19,2026-01-15,2026-01-19,31,Resolved,0,,,12,1,1,1,1,24
CASE-00413,PAT-00581,REP-024,DrugBeta-50mg,Oncology,Medicaid,2026-03-01,2026-03-05,4,2026-03-06,2026-04-09,Approved,34,2026-04-17,2026-04-22,52,Resolved,0,,,11,1,1,1,1,39
CASE-00414,PAT-00561,REP-019,DrugAlpha-100mg,Cardiology,Medicare,2026-01-01,2026-01-08,7,2026-01-08,2026-01-24,Denied,16,,,,Abandoned,1,Side Effect Concerns,Post-PA,2,0,,,,
CASE-00415,PAT-01823,REP-010,NeuroX-75mg,Rare Disease,Commercial,2025-07-20,2025-07-21,1,2025-07-21,2025-08-04,Approved,14,2025-08-08,2025-08-12,23,Resolved,0,,,11,0,1,1,1,15
CASE-00416,PAT-01769,REP-015,CardioPlus-25mg,Oncology,Commercial,2025-09-02,2025-09-03,1,2025-09-06,2025-09-17,Approved,11,2025-09-27,2025-09-27,25,Resolved,0,,,3,1,1,1,1,15
CASE-00417,PAT-01163,REP-021,NeuroX-75mg,Rare Disease,Self-Pay,2026-02-02,2026-02-03,1,2026-02-07,2026-02-09,Approved,2,2026-02-11,2026-02-14,12,Resolved,0,,,2,0,1,0,0,7
CASE-00418,PAT-01739,REP-021,DrugAlpha-100mg,Oncology,Medicare,2026-04-13,2026-04-16,3,2026-04-18,,Approved,22,2026-05-15,2026-05-17,34,Resolved,0,,,3,0,1,1,1,27
CASE-00419,PAT-00748,REP-015,DrugGamma-200mg,Cardiology,Medicare,2025-10-30,2025-11-02,3,2025-11-05,2025-12-05,Approved,30,2025-12-14,2025-12-14,45,Resolved,0,,,2,0,1,1,1,36
CASE-00420,PAT-00128,REP-020,DrugAlpha-100mg,Immunology,Commercial,2025-07-25,2025-07-30,5,2025-07-31,2025-08-06,Approved,6,2025-08-14,2025-08-19,25,Resolved,0,,,3,0,1,0,1,12
CASE-00421,PAT-00028,REP-020,DrugAlpha-100mg,Neurology,Commercial,2025-10-05,2025-10-07,2,2025-10-10,2025-10-31,Approved,21,2025-11-01,2025-11-03,29,Resolved,0,,,12,1,1,0,1,26
CASE-00422,PAT-01366,REP-021,DrugBeta-50mg,Oncology,Medicare,2026-01-04,2026-01-09,5,2026-01-06,2026-02-03,Denied,28,,,,Open,0,,,6,0,,,,
CASE-00423,PAT-01374,REP-010,DrugBeta-50mg,Immunology,Medicare,2025-08-20,2025-08-24,4,2025-08-21,2025-09-19,Pending,29,,,,In Progress,0,,,7,0,,,,
CASE-00424,PAT-00919,REP-004,NeuroX-75mg,Cardiology,Commercial,2025-09-06,2025-09-09,3,2025-09-11,2025-10-02,Approved,21,2025-10-08,2025-10-09,33,Resolved,0,,,3,1,1,0,0,26
CASE-00425,PAT-01958,REP-010,DrugAlpha-100mg,Cardiology,Medicare,2025-07-31,2025-08-04,4,2025-08-05,2025-08-16,Appeal,11,,,,Open,0,,,8,0,,,,
CASE-00426,PAT-00828,REP-019,CardioPlus-25mg,Cardiology,Medicaid,2025-09-05,2025-09-10,5,2025-09-09,2025-09-22,Approved,13,2025-09-23,2025-09-27,22,Resolved,0,,,1,0,1,1,1,17
CASE-00427,PAT-00186,REP-019,DrugBeta-50mg,Cardiology,Medicare,2025-10-17,2025-10-20,3,2025-10-24,2025-11-23,Pending,30,,,,In Progress,0,,,3,0,,,,
CASE-00428,PAT-01106,REP-010,CardioPlus-25mg,Neurology,Commercial,2025-10-16,2025-10-17,1,2025-10-17,2025-11-06,Approved,20,2025-11-16,2025-11-21,36,Resolved,0,,,6,1,1,1,1,21
CASE-00429,PAT-01660,REP-020,NeuroX-75mg,Cardiology,Medicaid,2025-11-06,2025-11-09,3,2025-11-12,2025-11-29,Approved,17,2025-12-07,2025-12-07,31,Resolved,0,,,6,0,1,0,0,23
CASE-00430,PAT-00431,REP-004,NeuroX-75mg,Oncology,Commercial,2026-03-02,2026-03-06,4,2026-03-06,2026-03-14,Approved,8,2026-03-15,2026-03-19,17,Resolved,0,,,12,1,0,0,0,12
CASE-00431,PAT-01503,REP-024,DrugBeta-50mg,Cardiology,Commercial,2025-07-14,2025-07-18,4,2025-07-17,2025-07-25,Approved,8,2025-07-26,2025-07-27,13,Resolved,0,,,9,1,1,0,1,11
CASE-00432,PAT-01269,REP-021,DrugAlpha-100mg,Rare Disease,Commercial,2025-11-27,2025-12-02,5,2025-11-29,2025-12-11,Pending,12,,,,Open,0,,,1,0,,,,
CASE-00433,PAT-01642,REP-015,CardioPlus-25mg,Immunology,Commercial,2026-02-02,2026-02-05,3,2026-02-05,2026-02-14,Pending,9,,,,In Progress,0,,,2,0,,,,
CASE-00434,PAT-00715,REP-004,NeuroX-75mg,Immunology,Medicare,2025-07-23,2025-07-27,4,2025-07-28,2025-08-25,Approved,28,2025-09-04,2025-09-04,43,Resolved,0,,,3,0,0,0,0,33
CASE-00435,PAT-00795,REP-019,DrugAlpha-100mg,Immunology,Medicare,2025-10-30,2025-11-05,6,2025-11-05,2025-11-24,Approved,19,2025-11-30,2025-12-01,32,Resolved,0,,,7,0,1,1,1,25
CASE-00436,PAT-01955,REP-012,NeuroX-75mg,Rare Disease,Commercial,2026-02-03,2026-02-05,2,2026-02-06,2026-02-21,Denied,15,,,,Abandoned,1,Side Effect Concerns,Post-PA,4,0,,,,
CASE-00437,PAT-00634,REP-019,NeuroX-75mg,Oncology,Commercial,2026-01-21,2026-01-22,1,2026-01-28,2026-02-14,Approved,17,2026-02-23,2026-02-27,37,Resolved,0,,,2,1,1,1,1,24
CASE-00438,PAT-00891,REP-015,DrugBeta-50mg,Immunology,Commercial,2025-11-23,2025-11-26,3,2025-11-27,2025-11-30,Approved,3,2025-12-07,2025-12-07,14,Resolved,0,,,9,0,1,0,0,7
CASE-00439,PAT-00548,REP-020,DrugBeta-50mg,Oncology,Commercial,2025-08-26,2025-08-27,1,2025-08-29,2025-09-03,Approved,5,2025-09-09,2025-09-14,19,Resolved,0,,,4,0,1,1,1,8
CASE-00440,PAT-01183,REP-012,DrugBeta-50mg,Oncology,Commercial,2026-03-28,2026-03-29,1,2026-03-29,2026-04-02,Appeal,4,,,,In Progress,0,,,4,0,,,,
CASE-00441,PAT-01394,REP-004,DrugAlpha-100mg,Rare Disease,VA,2026-04-17,2026-04-19,2,2026-04-24,,Approved,9,2026-05-05,2026-05-07,20,Resolved,0,,,9,0,1,1,1,16
CASE-00442,PAT-01735,REP-010,CardioPlus-25mg,Neurology,Medicaid,2025-07-02,2025-07-05,3,2025-07-08,2025-07-21,Denied,13,,,,Abandoned,1,Unknown,During PA,4,0,,,,
CASE-00443,PAT-00869,REP-021,DrugAlpha-100mg,Cardiology,Commercial,2026-01-22,2026-01-26,4,2026-01-24,2026-02-03,Approved,10,2026-02-07,2026-02-08,17,Resolved,0,,,1,0,1,1,1,12
CASE-00444,PAT-01375,REP-004,DrugBeta-50mg,Cardiology,VA,2025-08-10,2025-08-11,1,2025-08-14,2025-08-22,Approved,8,,,,Abandoned,1,Switched Therapy,Post-Fulfillment,1,0,,,,
CASE-00445,PAT-00174,REP-004,NeuroX-75mg,Oncology,Medicare,2025-08-03,2025-08-06,3,2025-08-09,2025-08-28,Pending,19,,,,Open,0,,,4,0,,,,
CASE-00446,PAT-01604,REP-015,DrugGamma-200mg,Rare Disease,Medicaid,2026-01-23,2026-01-28,5,2026-01-28,2026-02-15,Approved,18,2026-02-16,2026-02-16,24,Resolved,0,,,9,0,0,0,1,23
CASE-00447,PAT-00021,REP-015,DrugGamma-200mg,Rare Disease,Medicaid,2025-08-27,2025-08-30,3,2025-08-31,2025-09-13,Denied,13,,,,Abandoned,1,Patient Deceased,During PA,2,0,,,,
CASE-00448,PAT-00471,REP-021,DrugBeta-50mg,Oncology,Medicare,2026-01-01,2026-01-04,3,2026-01-08,2026-01-26,Approved,18,2026-01-31,2026-01-31,30,Resolved,0,,,4,1,1,1,1,25
CASE-00449,PAT-00547,REP-024,DrugAlpha-100mg,Oncology,Medicaid,2025-07-29,2025-07-30,1,2025-08-02,2025-08-16,Denied,14,,,,Abandoned,1,Side Effect Concerns,Post-PA,1,0,,,,
CASE-00450,PAT-00211,REP-010,CardioPlus-25mg,Cardiology,Medicare,2026-04-01,2026-04-02,1,2026-04-07,2026-04-28,Approved,21,2026-05-04,2026-05-09,38,Resolved,0,,,7,0,1,1,1,27
CASE-00451,PAT-01090,REP-015,DrugBeta-50mg,Neurology,Self-Pay,2025-07-25,2025-07-26,1,2025-07-31,2025-08-02,Approved,2,2025-08-05,2025-08-07,13,Resolved,0,,,12,0,1,1,1,8
CASE-00452,PAT-00556,REP-019,CardioPlus-25mg,Cardiology,Medicare,2026-02-27,2026-03-04,5,2026-03-06,2026-03-24,Approved,18,,,,Abandoned,1,Patient Deceased,Post-Fulfillment,2,0,,,,
CASE-00453,PAT-01510,REP-012,NeuroX-75mg,Rare Disease,Commercial,2025-07-27,2025-07-28,1,2025-08-03,2025-08-06,Approved,3,2025-08-13,2025-08-16,20,Resolved,0,,,3,0,1,1,1,10
CASE-00454,PAT-00263,REP-015,DrugAlpha-100mg,Cardiology,Medicaid,2025-09-18,2025-09-20,2,2025-09-19,2025-10-28,Approved,39,2025-10-30,2025-11-02,45,Resolved,0,,,1,0,1,1,1,40
CASE-00455,PAT-00981,REP-019,DrugGamma-200mg,Rare Disease,VA,2025-11-07,2025-11-09,2,2025-11-11,2025-11-20,Appeal,9,,,,Open,0,,,4,0,,,,
CASE-00456,PAT-00888,REP-019,DrugAlpha-100mg,Oncology,Medicare,2026-02-10,2026-02-11,1,2026-02-17,2026-03-08,Approved,19,2026-03-13,2026-03-17,35,Resolved,0,,,1,0,1,1,1,26
CASE-00457,PAT-00259,REP-010,DrugGamma-200mg,Cardiology,Commercial,2025-11-27,2025-12-02,5,2025-12-03,2025-12-07,Approved,4,2025-12-09,2025-12-14,17,Resolved,0,,,10,0,1,1,0,10
CASE-00458,PAT-01354,REP-012,DrugGamma-200mg,Cardiology,Medicare,2025-08-16,2025-08-17,1,2025-08-17,2025-09-11,Approved,25,2025-09-19,2025-09-22,37,Resolved,0,,,7,0,1,1,0,26
CASE-00459,PAT-01690,REP-010,DrugBeta-50mg,Neurology,Commercial,2025-08-05,2025-08-08,3,2025-08-12,2025-08-25,Approved,13,2025-08-29,2025-09-01,27,Resolved,0,,,10,1,1,0,0,20
CASE-00460,PAT-00835,REP-015,NeuroX-75mg,Rare Disease,VA,2025-10-04,2025-10-06,2,2025-10-11,2025-10-13,Approved,2,2025-10-16,2025-10-16,12,Resolved,0,,,4,1,1,1,1,9
CASE-00461,PAT-01850,REP-019,NeuroX-75mg,Neurology,Medicaid,2026-04-04,2026-04-10,6,2026-04-11,,Approved,39,2026-05-30,2026-06-03,60,Resolved,0,,,2,0,1,0,0,46
CASE-00462,PAT-01991,REP-004,NeuroX-75mg,Oncology,Medicare,2025-12-21,2025-12-23,2,2025-12-26,2026-01-16,Approved,21,2026-01-21,2026-01-26,36,Resolved,0,,,3,0,1,1,0,26
CASE-00463,PAT-00519,REP-004,DrugAlpha-100mg,Immunology,Commercial,2025-12-30,2026-01-02,3,2026-01-05,2026-01-14,Approved,9,2026-01-21,2026-01-22,23,Resolved,0,,,5,0,1,1,0,15
CASE-00464,PAT-00287,REP-021,CardioPlus-25mg,Immunology,Medicare,2025-12-24,2025-12-27,3,2025-12-30,2026-01-28,Approved,29,,,,Abandoned,1,Switched Therapy,Post-PA,4,0,,,,
CASE-00465,PAT-00223,REP-012,DrugBeta-50mg,Cardiology,Medicare,2025-12-23,2025-12-26,3,2025-12-30,2026-01-14,Approved,15,2026-01-16,2026-01-17,25,Resolved,0,,,11,0,1,1,1,22
CASE-00466,PAT-01063,REP-021,DrugAlpha-100mg,Cardiology,Medicaid,2026-02-20,2026-02-24,4,2026-02-26,2026-04-09,Approved,42,2026-04-12,2026-04-16,55,Resolved,0,,,8,0,1,1,0,48
CASE-00467,PAT-01322,REP-004,DrugGamma-200mg,Immunology,Medicaid,2025-11-11,2025-11-13,2,2025-11-14,2025-12-04,Pending,20,,,,In Progress,0,,,5,0,,,,
CASE-00468,PAT-00593,REP-004,NeuroX-75mg,Oncology,Medicare,2025-08-01,2025-08-08,7,2025-08-03,2025-08-23,Approved,20,2025-08-24,2025-08-26,25,Resolved,0,,,8,0,1,1,1,22
CASE-00469,PAT-00108,REP-019,DrugAlpha-100mg,Neurology,Medicare,2026-03-19,2026-03-20,1,2026-03-20,2026-04-02,Denied,13,,,,In Progress,0,,,6,0,,,,
CASE-00470,PAT-00544,REP-021,NeuroX-75mg,Neurology,Medicaid,2025-08-09,2025-08-16,7,2025-08-11,2025-09-25,Approved,45,2025-10-05,2025-10-05,57,Resolved,0,,,7,0,1,1,0,47
CASE-00471,PAT-01561,REP-021,DrugBeta-50mg,Oncology,Medicare,2025-08-31,2025-09-01,1,2025-09-07,2025-09-19,Pending,12,,,,In Progress,0,,,2,0,,,,
CASE-00472,PAT-01186,REP-004,CardioPlus-25mg,Cardiology,Commercial,2025-11-11,2025-11-15,4,2025-11-15,2025-12-03,Denied,18,,,,Abandoned,1,Patient Lost Contact,During PA,3,0,,,,
CASE-00473,PAT-01153,REP-015,CardioPlus-25mg,Neurology,Self-Pay,2026-04-07,2026-04-10,3,2026-04-11,2026-04-15,Denied,4,,,,Abandoned,1,Patient Lost Contact,During PA,1,0,,,,
CASE-00474,PAT-00740,REP-015,CardioPlus-25mg,Rare Disease,VA,2025-10-05,2025-10-10,5,2025-10-08,2025-10-17,Denied,9,,,,Abandoned,1,Patient Lost Contact,During PA,4,0,,,,
CASE-00475,PAT-01065,REP-012,DrugAlpha-100mg,Oncology,Commercial,2026-01-06,2026-01-10,4,2026-01-09,2026-01-24,Appeal,15,,,,Abandoned,1,Insurance Delay,During PA,3,0,,,,
CASE-00476,PAT-01016,REP-020,DrugAlpha-100mg,Neurology,Commercial,2025-09-22,2025-09-24,2,2025-09-27,2025-10-12,Approved,15,2025-10-22,2025-10-24,32,Resolved,0,,,9,0,0,1,1,20
CASE-00477,PAT-00831,REP-015,DrugBeta-50mg,Neurology,Commercial,2025-08-25,2025-08-26,1,2025-09-01,2025-09-05,Approved,4,2025-09-11,2025-09-11,17,Resolved,0,,,1,0,0,0,0,11
CASE-00478,PAT-01550,REP-019,DrugBeta-50mg,Immunology,Medicare,2025-07-15,2025-07-22,7,2025-07-22,2025-08-05,Approved,14,2025-08-14,2025-08-18,34,Resolved,0,,,5,0,1,1,1,21
CASE-00479,PAT-00520,REP-021,DrugBeta-50mg,Neurology,Medicare,2025-10-10,2025-10-11,1,2025-10-14,2025-10-30,Approved,16,2025-11-09,2025-11-10,31,Resolved,0,,,12,0,1,1,0,20
CASE-00480,PAT-00094,REP-021,DrugBeta-50mg,Immunology,Medicaid,2026-01-12,2026-01-17,5,2026-01-15,2026-01-27,Appeal,12,,,,Abandoned,1,Switched Therapy,During PA,1,0,,,,
CASE-00481,PAT-00793,REP-020,DrugGamma-200mg,Oncology,Commercial,2026-03-28,2026-04-02,5,2026-04-02,2026-04-07,Approved,5,2026-04-15,2026-04-19,22,Resolved,0,,,10,1,1,0,0,10
CASE-00482,PAT-01781,REP-015,DrugAlpha-100mg,Rare Disease,Commercial,2026-01-20,2026-01-24,4,2026-01-26,2026-02-02,Approved,7,2026-02-11,2026-02-15,26,Resolved,0,,,7,0,1,0,0,13
CASE-00483,PAT-01412,REP-020,DrugGamma-200mg,Cardiology,Medicaid,2026-03-25,2026-03-27,2,2026-03-29,2026-04-08,Approved,10,2026-04-09,2026-04-13,19,Resolved,0,,,11,1,1,1,1,14
CASE-00484,PAT-00065,REP-021,CardioPlus-25mg,Cardiology,Commercial,2025-12-05,2025-12-06,1,2025-12-11,2025-12-23,Appeal,12,,,,Abandoned,1,Patient Lost Contact,During PA,2,0,,,,
CASE-00485,PAT-00594,REP-015,DrugAlpha-100mg,Rare Disease,Commercial,2026-04-26,2026-05-01,5,2026-04-28,,Approved,18,2026-05-21,2026-05-23,27,Resolved,0,,,3,0,1,1,0,20
CASE-00486,PAT-01508,REP-004,DrugAlpha-100mg,Neurology,Medicare,2025-09-12,2025-09-16,4,2025-09-15,2025-09-27,Appeal,12,,,,Abandoned,1,Patient Deceased,During PA,0,0,,,,
CASE-00487,PAT-00273,REP-012,DrugAlpha-100mg,Oncology,Commercial,2026-04-05,2026-04-08,3,2026-04-11,,Approved,21,,,,Abandoned,1,Unknown,Post-Fulfillment,2,0,,,,
CASE-00488,PAT-01784,REP-024,NeuroX-75mg,Cardiology,Commercial,2025-11-16,2025-11-17,1,2025-11-21,2025-11-25,Appeal,4,,,,In Progress,0,,,6,0,,,,
CASE-00489,PAT-01145,REP-004,CardioPlus-25mg,Immunology,VA,2026-03-08,2026-03-09,1,2026-03-11,2026-03-16,Denied,5,,,,In Progress,0,,,7,0,,,,
CASE-00490,PAT-00950,REP-021,CardioPlus-25mg,Neurology,Medicare,2026-03-24,2026-03-25,1,2026-03-25,2026-04-08,Denied,14,,,,Open,0,,,10,0,,,,
CASE-00491,PAT-01291,REP-020,DrugAlpha-100mg,Neurology,Self-Pay,2025-12-12,2025-12-18,6,2025-12-16,2025-12-19,Pending,3,,,,Abandoned,1,Insurance Delay,During PA,1,0,,,,
CASE-00492,PAT-01243,REP-004,DrugGamma-200mg,Neurology,Self-Pay,2025-10-18,2025-10-19,1,2025-10-21,2025-10-28,Appeal,7,,,,In Progress,0,,,12,0,,,,
CASE-00493,PAT-01973,REP-019,CardioPlus-25mg,Neurology,Medicare,2025-11-06,2025-11-11,5,2025-11-12,2025-12-03,Denied,21,,,,In Progress,0,,,5,0,,,,
CASE-00494,PAT-00930,REP-010,CardioPlus-25mg,Cardiology,Commercial,2025-11-05,2025-11-09,4,2025-11-11,2025-11-30,Approved,19,2025-12-01,2025-12-06,31,Resolved,0,,,11,1,1,1,1,25
CASE-00495,PAT-00578,REP-010,DrugBeta-50mg,Rare Disease,Medicare,2025-08-12,2025-08-13,1,2025-08-15,2025-09-06,Approved,22,2025-09-10,2025-09-15,34,Resolved,0,,,6,0,1,0,0,25
CASE-00496,PAT-01106,REP-004,CardioPlus-25mg,Neurology,Commercial,2025-11-12,2025-11-14,2,2025-11-17,2025-11-29,Approved,12,2025-12-01,2025-12-04,22,Resolved,0,,,12,0,1,0,1,17
CASE-00497,PAT-00579,REP-024,DrugGamma-200mg,Cardiology,Medicare,2026-04-22,2026-04-23,1,2026-04-26,,Approved,15,2026-05-14,2026-05-19,27,Resolved,0,,,11,0,1,1,0,19
CASE-00498,PAT-01753,REP-020,DrugGamma-200mg,Immunology,Medicaid,2025-11-22,2025-11-25,3,2025-11-24,2025-12-18,Approved,24,2025-12-21,2025-12-21,29,Resolved,0,,,5,0,1,0,0,26
CASE-00499,PAT-00396,REP-021,CardioPlus-25mg,Neurology,Commercial,2025-12-29,2025-12-30,1,2025-12-30,2026-01-18,Appeal,19,,,,Open,0,,,5,0,,,,
CASE-00500,PAT-00612,REP-020,DrugGamma-200mg,Cardiology,Medicaid,2025-07-07,2025-07-08,1,2025-07-12,2025-07-29,Appeal,17,,,,In Progress,0,,,5,0,,,,
CASE-00501,PAT-00782,REP-020,DrugGamma-200mg,Cardiology,Self-Pay,2026-02-11,2026-02-12,1,2026-02-14,2026-02-26,Approved,12,2026-03-01,2026-03-01,18,Resolved,0,,,8,0,1,1,0,15
CASE-00502,PAT-00253,REP-010,DrugGamma-200mg,Oncology,Commercial,2025-10-28,2025-10-29,1,2025-10-30,2025-11-17,Approved,18,2025-11-27,2025-11-30,33,Resolved,0,,,1,0,1,1,1,20
CASE-00503,PAT-00307,REP-019,CardioPlus-25mg,Oncology,Commercial,2025-11-01,2025-11-05,4,2025-11-03,2025-11-20,Denied,17,,,,Abandoned,1,Switched Therapy,Post-PA,0,0,,,,
CASE-00504,PAT-00973,REP-010,NeuroX-75mg,Neurology,Commercial,2025-07-19,2025-07-21,2,2025-07-26,2025-08-04,Denied,9,,,,Abandoned,1,Patient Lost Contact,Post-PA,4,0,,,,
CASE-00505,PAT-00306,REP-012,DrugGamma-200mg,Neurology,Medicare,2026-04-07,2026-04-12,5,2026-04-09,2026-04-30,Denied,21,,,,Abandoned,1,Unknown,During PA,3,0,,,,
CASE-00506,PAT-01518,REP-021,DrugBeta-50mg,Neurology,Medicare,2025-10-11,2025-10-14,3,2025-10-15,2025-10-21,Denied,6,,,,Open,0,,,1,0,,,,
CASE-00507,PAT-00818,REP-015,DrugBeta-50mg,Rare Disease,Commercial,2025-07-07,2025-07-10,3,2025-07-13,2025-07-25,Pending,12,,,,Abandoned,1,Switched Therapy,Pre-PA,1,0,,,,
CASE-00508,PAT-00685,REP-024,DrugGamma-200mg,Oncology,Commercial,2025-11-11,2025-11-13,2,2025-11-15,2025-12-03,Approved,18,2025-12-13,2025-12-14,33,Resolved,0,,,12,0,0,0,0,22
CASE-00509,PAT-01192,REP-020,NeuroX-75mg,Cardiology,Medicare,2025-09-16,2025-09-20,4,2025-09-20,2025-09-29,Approved,9,2025-10-07,2025-10-10,24,Resolved,0,,,7,0,1,1,1,13
CASE-00510,PAT-01071,REP-020,NeuroX-75mg,Immunology,Commercial,2026-02-15,2026-02-18,3,2026-02-18,2026-03-02,Denied,12,,,,Abandoned,1,Side Effect Concerns,During PA,4,0,,,,
CASE-00511,PAT-01401,REP-024,DrugGamma-200mg,Oncology,Self-Pay,2025-12-16,2025-12-19,3,2025-12-17,2025-12-23,Approved,6,2025-12-25,2025-12-27,11,Resolved,0,,,10,0,0,0,0,7
CASE-00512,PAT-00348,REP-021,CardioPlus-25mg,Oncology,Medicare,2026-04-20,2026-04-23,3,2026-04-26,,Approved,10,2026-05-11,2026-05-15,25,Resolved,0,,,3,0,1,0,0,16
CASE-00513,PAT-00221,REP-020,DrugAlpha-100mg,Cardiology,Medicare,2025-12-09,2025-12-11,2,2025-12-14,2026-01-13,Pending,30,,,,Open,0,,,8,0,,,,
CASE-00514,PAT-01812,REP-010,NeuroX-75mg,Rare Disease,Commercial,2025-08-22,2025-08-23,1,2025-08-27,2025-09-07,Appeal,11,,,,In Progress,0,,,2,0,,,,
CASE-00515,PAT-01453,REP-019,DrugGamma-200mg,Cardiology,Commercial,2026-04-01,2026-04-04,3,2026-04-02,2026-04-13,Approved,11,2026-04-18,2026-04-21,20,Resolved,0,,,7,1,1,0,0,12
CASE-00516,PAT-00156,REP-020,NeuroX-75mg,Cardiology,Medicare,2026-03-25,2026-03-27,2,2026-03-27,2026-04-20,Approved,24,2026-04-26,2026-04-29,35,Resolved,0,,,9,1,1,1,0,26
CASE-00517,PAT-00902,REP-024,DrugAlpha-100mg,Cardiology,Commercial,2026-04-22,2026-04-24,2,2026-04-29,,Appeal,13,,,,Open,0,,,12,0,,,,
CASE-00518,PAT-01384,REP-020,DrugGamma-200mg,Neurology,Medicaid,2025-12-19,2025-12-21,2,2025-12-20,2026-01-24,Pending,35,,,,In Progress,0,,,1,0,,,,
CASE-00519,PAT-01942,REP-015,DrugGamma-200mg,Neurology,Medicare,2025-10-04,2025-10-05,1,2025-10-11,2025-11-01,Approved,21,2025-11-10,2025-11-13,40,Resolved,0,,,12,0,1,1,1,28
CASE-00520,PAT-00105,REP-019,CardioPlus-25mg,Oncology,Commercial,2025-12-11,2025-12-16,5,2025-12-13,2025-12-16,Approved,3,2025-12-17,2025-12-21,10,Resolved,0,,,9,0,1,0,0,5
CASE-00521,PAT-00464,REP-015,DrugGamma-200mg,Cardiology,Medicaid,2025-08-27,2025-08-29,2,2025-09-01,2025-09-15,Denied,14,,,,Open,0,,,10,0,,,,
CASE-00522,PAT-01467,REP-012,CardioPlus-25mg,Cardiology,VA,2026-04-07,2026-04-10,3,2026-04-13,2026-04-18,Approved,5,2026-04-22,2026-04-26,19,Resolved,0,,,12,0,1,0,0,11
CASE-00523,PAT-01425,REP-004,NeuroX-75mg,Cardiology,Commercial,2026-04-17,2026-04-20,3,2026-04-22,,Approved,16,2026-05-10,2026-05-14,27,Resolved,0,,,12,0,1,1,0,21
CASE-00524,PAT-00993,REP-010,DrugBeta-50mg,Immunology,Commercial,2026-03-18,2026-03-21,3,2026-03-20,2026-03-26,Approved,6,2026-04-04,2026-04-08,21,Resolved,0,,,11,0,1,1,0,8
CASE-00525,PAT-01461,REP-020,DrugAlpha-100mg,Oncology,Self-Pay,2026-01-21,2026-01-24,3,2026-01-23,2026-01-26,Approved,3,2026-01-31,2026-02-03,13,Resolved,0,,,2,1,0,0,0,5
CASE-00526,PAT-00687,REP-015,NeuroX-75mg,Neurology,Commercial,2025-11-21,2025-11-22,1,2025-11-26,2025-12-04,Appeal,8,,,,Open,0,,,9,0,,,,
CASE-00527,PAT-00982,REP-015,NeuroX-75mg,Rare Disease,Commercial,2025-11-02,2025-11-05,3,2025-11-04,2025-11-25,Approved,21,,,,Abandoned,1,Side Effect Concerns,Post-Fulfillment,0,0,,,,
CASE-00528,PAT-00359,REP-019,DrugBeta-50mg,Immunology,Commercial,2026-04-15,2026-04-18,3,2026-04-18,2026-04-22,Approved,4,2026-04-24,2026-04-24,9,Resolved,0,,,3,0,1,0,0,7
CASE-00529,PAT-00676,REP-012,CardioPlus-25mg,Cardiology,Medicare,2025-10-30,2025-10-31,1,2025-11-01,2025-11-21,Approved,20,,,,Abandoned,1,Unknown,Post-Fulfillment,2,0,,,,
CASE-00530,PAT-01507,REP-015,NeuroX-75mg,Oncology,Medicare,2025-08-17,2025-08-20,3,2025-08-22,2025-09-21,Denied,30,,,,Abandoned,1,Unknown,During PA,1,0,,,,
CASE-00531,PAT-01601,REP-015,DrugBeta-50mg,Neurology,Self-Pay,2026-01-17,2026-01-20,3,2026-01-24,2026-02-05,Approved,12,2026-02-09,2026-02-09,23,Resolved,0,,,3,0,1,1,1,19
CASE-00532,PAT-01700,REP-020,CardioPlus-25mg,Neurology,Medicare,2026-03-23,2026-03-24,1,2026-03-25,2026-04-17,Appeal,23,,,,In Progress,0,,,12,0,,,,
CASE-00533,PAT-01463,REP-015,NeuroX-75mg,Oncology,Commercial,2026-04-26,2026-04-30,4,2026-04-30,,Approved,13,2026-05-22,2026-05-23,27,Resolved,0,,,9,0,1,1,0,17
CASE-00534,PAT-00498,REP-004,DrugBeta-50mg,Immunology,Self-Pay,2025-11-22,2025-11-26,4,2025-11-25,2025-11-28,Approved,3,2025-12-06,2025-12-11,19,Resolved,0,,,2,0,1,0,0,6
CASE-00535,PAT-01911,REP-024,DrugAlpha-100mg,Rare Disease,Commercial,2026-03-18,2026-03-21,3,2026-03-22,2026-04-07,Approved,16,2026-04-11,2026-04-13,26,Resolved,0,,,3,1,1,1,1,20
CASE-00536,PAT-01943,REP-015,DrugAlpha-100mg,Rare Disease,Commercial,2026-03-11,2026-03-16,5,2026-03-13,2026-03-27,Denied,14,,,,Abandoned,1,Patient Deceased,Post-PA,4,0,,,,
CASE-00537,PAT-01452,REP-020,NeuroX-75mg,Rare Disease,Medicare,2025-07-13,2025-07-15,2,2025-07-14,2025-07-25,Denied,11,,,,Abandoned,1,Unknown,During PA,0,0,,,,
CASE-00538,PAT-01593,REP-021,DrugBeta-50mg,Rare Disease,Commercial,2025-11-30,2025-12-05,5,2025-12-05,2025-12-08,Appeal,3,,,,Open,0,,,4,0,,,,
CASE-00539,PAT-01288,REP-010,DrugGamma-200mg,Neurology,Medicare,2026-02-17,2026-02-21,4,2026-02-21,2026-03-07,Denied,14,,,,In Progress,0,,,9,0,,,,
CASE-00540,PAT-01857,REP-012,NeuroX-75mg,Rare Disease,Commercial,2025-12-09,2025-12-12,3,2025-12-11,2025-12-18,Approved,7,2025-12-28,2025-12-28,19,Resolved,0,,,11,0,1,1,0,9
CASE-00541,PAT-00277,REP-010,NeuroX-75mg,Neurology,Medicaid,2025-07-21,2025-07-23,2,2025-07-27,2025-08-30,Denied,34,,,,Open,0,,,12,0,,,,
CASE-00542,PAT-00328,REP-021,DrugGamma-200mg,Immunology,Self-Pay,2026-04-28,2026-05-01,3,2026-05-04,,Approved,4,,,,Abandoned,1,Insurance Delay,Post-PA,3,0,,,,
CASE-00543,PAT-00185,REP-020,CardioPlus-25mg,Rare Disease,Self-Pay,2026-03-17,2026-03-19,2,2026-03-20,2026-04-03,Approved,14,,,,Abandoned,1,Cost Concerns,Post-Fulfillment,3,0,,,,
CASE-00544,PAT-00091,REP-004,DrugGamma-200mg,Neurology,Medicare,2026-03-06,2026-03-11,5,2026-03-11,2026-03-24,Approved,13,2026-03-25,2026-03-30,24,Resolved,0,,,9,1,1,1,0,18
CASE-00545,PAT-00806,REP-024,NeuroX-75mg,Neurology,Commercial,2026-04-29,2026-05-02,3,2026-05-04,,Denied,7,,,,Abandoned,1,Side Effect Concerns,During PA,0,0,,,,
CASE-00546,PAT-01371,REP-015,DrugBeta-50mg,Cardiology,Medicaid,2025-09-15,2025-09-22,7,2025-09-21,2025-10-05,Approved,14,2025-10-11,2025-10-13,28,Resolved,0,,,10,1,1,1,1,20
CASE-00547,PAT-01878,REP-012,DrugGamma-200mg,Cardiology,Commercial,2025-07-25,2025-07-27,2,2025-07-28,2025-08-15,Denied,18,,,,Abandoned,1,Unknown,Post-PA,2,0,,,,
CASE-00548,PAT-00648,REP-004,NeuroX-75mg,Immunology,Medicaid,2026-03-15,2026-03-17,2,2026-03-16,2026-04-11,Approved,26,2026-04-14,2026-04-17,33,Resolved,0,,,11,1,0,1,1,27
CASE-00549,PAT-00504,REP-019,CardioPlus-25mg,Neurology,Commercial,2026-03-08,2026-03-09,1,2026-03-12,2026-04-01,Approved,20,2026-04-03,2026-04-04,27,Resolved,0,,,12,0,1,0,0,24
CASE-00550,PAT-00420,REP-021,DrugBeta-50mg,Oncology,Medicaid,2026-02-15,2026-02-19,4,2026-02-19,2026-02-28,Approved,9,2026-03-03,2026-03-08,21,Resolved,0,,,2,0,1,1,0,13
CASE-00551,PAT-01054,REP-015,CardioPlus-25mg,Oncology,Commercial,2025-10-20,2025-10-23,3,2025-10-22,2025-11-10,Approved,19,2025-11-15,2025-11-19,30,Resolved,0,,,8,0,1,0,0,21
CASE-00552,PAT-00823,REP-021,NeuroX-75mg,Neurology,Commercial,2026-03-28,2026-04-02,5,2026-03-31,2026-04-06,Approved,6,2026-04-08,2026-04-10,13,Resolved,0,,,11,1,0,0,0,9
CASE-00553,PAT-01511,REP-004,CardioPlus-25mg,Neurology,Medicare,2026-02-04,2026-02-09,5,2026-02-05,2026-03-07,Denied,30,,,,Abandoned,1,Cost Concerns,Post-PA,2,0,,,,
CASE-00554,PAT-00083,REP-019,CardioPlus-25mg,Cardiology,Commercial,2026-02-18,2026-02-19,1,2026-02-19,2026-03-02,Approved,11,2026-03-06,2026-03-07,17,Resolved,0,,,7,0,1,1,1,12
CASE-00555,PAT-01927,REP-020,DrugGamma-200mg,Immunology,Medicaid,2025-10-17,2025-10-18,1,2025-10-20,2025-11-21,Appeal,32,,,,In Progress,0,,,2,0,,,,
CASE-00556,PAT-00078,REP-024,DrugAlpha-100mg,Rare Disease,Commercial,2025-08-12,2025-08-18,6,2025-08-16,2025-08-20,Approved,4,2025-08-28,2025-08-29,17,Resolved,0,,,3,0,1,0,0,8
CASE-00557,PAT-00835,REP-015,NeuroX-75mg,Rare Disease,VA,2025-10-13,2025-10-14,1,2025-10-18,2025-10-29,Approved,11,2025-11-07,2025-11-12,30,Resolved,0,,,10,1,0,0,0,16
CASE-00558,PAT-01305,REP-004,CardioPlus-25mg,Oncology,Medicare,2025-07-18,2025-07-22,4,2025-07-21,2025-08-17,Approved,27,2025-08-23,2025-08-24,37,Resolved,0,,,6,0,1,1,1,30
CASE-00559,PAT-00316,REP-024,NeuroX-75mg,Immunology,Medicare,2025-10-23,2025-10-26,3,2025-10-27,2025-11-11,Approved,15,2025-11-19,2025-11-21,29,Resolved,0,,,6,1,1,1,1,19
CASE-00560,PAT-01362,REP-024,DrugGamma-200mg,Neurology,Medicaid,2025-11-19,2025-11-21,2,2025-11-26,2025-12-10,Appeal,14,,,,In Progress,0,,,8,0,,,,
CASE-00561,PAT-00823,REP-020,NeuroX-75mg,Neurology,Commercial,2025-09-29,2025-10-01,2,2025-10-01,2025-10-10,Approved,9,2025-10-18,2025-10-23,24,Resolved,0,,,3,0,1,0,1,11
CASE-00562,PAT-01512,REP-010,CardioPlus-25mg,Rare Disease,Self-Pay,2026-01-17,2026-01-19,2,2026-01-21,2026-01-26,Approved,5,2026-02-05,2026-02-06,20,Resolved,0,,,5,0,1,1,0,9
CASE-00563,PAT-01778,REP-019,DrugAlpha-100mg,Rare Disease,Commercial,2025-09-29,2025-10-01,2,2025-10-04,2025-10-13,Approved,9,2025-10-14,2025-10-14,15,Resolved,0,,,9,0,0,1,0,14
CASE-00564,PAT-00029,REP-024,DrugAlpha-100mg,Oncology,Self-Pay,2025-11-02,2025-11-05,3,2025-11-06,2025-11-17,Approved,11,2025-11-23,2025-11-24,22,Resolved,0,,,2,1,1,1,1,15
CASE-00565,PAT-00783,REP-020,NeuroX-75mg,Neurology,Medicaid,2026-02-07,2026-02-09,2,2026-02-11,2026-03-12,Approved,29,2026-03-20,2026-03-21,42,Resolved,0,,,11,0,1,1,1,33
CASE-00566,PAT-01547,REP-012,CardioPlus-25mg,Oncology,Commercial,2025-11-11,2025-11-12,1,2025-11-18,2025-12-02,Approved,14,2025-12-06,2025-12-10,29,Resolved,0,,,11,0,1,1,1,21
CASE-00567,PAT-01359,REP-004,NeuroX-75mg,Oncology,VA,2026-04-07,2026-04-08,1,2026-04-13,2026-04-18,Approved,5,2026-04-25,2026-04-29,22,Resolved,0,,,3,0,1,1,1,11
CASE-00568,PAT-01246,REP-020,DrugAlpha-100mg,Cardiology,Medicaid,2025-07-16,2025-07-20,4,2025-07-23,2025-08-27,Approved,35,2025-08-30,2025-09-04,50,Resolved,0,,,12,0,0,0,0,42
CASE-00569,PAT-00974,REP-010,NeuroX-75mg,Neurology,Commercial,2025-09-10,2025-09-14,4,2025-09-15,2025-09-19,Pending,4,,,,Abandoned,1,Side Effect Concerns,During PA,4,0,,,,
CASE-00570,PAT-01810,REP-020,DrugBeta-50mg,Cardiology,Commercial,2025-07-03,2025-07-06,3,2025-07-09,2025-07-27,Approved,18,2025-07-28,2025-07-30,27,Resolved,0,,,7,1,0,0,0,24
CASE-00571,PAT-01527,REP-021,CardioPlus-25mg,Cardiology,Self-Pay,2025-11-01,2025-11-06,5,2025-11-02,2025-11-09,Approved,7,2025-11-10,2025-11-15,14,Resolved,0,,,10,1,1,1,1,8
CASE-00572,PAT-01509,REP-021,DrugAlpha-100mg,Neurology,Medicaid,2026-01-21,2026-01-22,1,2026-01-26,2026-02-12,Denied,17,,,,Open,0,,,5,0,,,,
CASE-00573,PAT-01152,REP-015,NeuroX-75mg,Rare Disease,Commercial,2025-11-14,2025-11-17,3,2025-11-19,2025-12-06,Approved,17,2025-12-09,2025-12-10,26,Resolved,0,,,8,0,1,0,0,22
CASE-00574,PAT-01183,REP-015,DrugBeta-50mg,Oncology,Commercial,2026-01-13,2026-01-17,4,2026-01-18,2026-02-04,Approved,17,2026-02-10,2026-02-13,31,Resolved,0,,,12,1,1,1,1,22
CASE-00575,PAT-00885,REP-019,DrugBeta-50mg,Rare Disease,Self-Pay,2025-10-11,2025-10-14,3,2025-10-14,2025-10-25,Approved,11,2025-11-03,2025-11-03,23,Resolved,0,,,5,1,1,1,1,14
CASE-00576,PAT-01648,REP-020,DrugAlpha-100mg,Cardiology,Commercial,2026-04-13,2026-04-14,1,2026-04-20,,Approved,16,2026-05-09,2026-05-09,26,Resolved,0,,,2,0,1,1,1,23
CASE-00577,PAT-00006,REP-024,DrugAlpha-100mg,Neurology,Commercial,2026-01-19,2026-01-20,1,2026-01-24,2026-02-01,Approved,8,2026-02-02,2026-02-02,14,Resolved,0,,,2,1,1,1,1,13
CASE-00578,PAT-01864,REP-019,DrugBeta-50mg,Immunology,Commercial,2025-07-23,2025-07-26,3,2025-07-25,2025-08-13,Approved,19,2025-08-17,2025-08-20,28,Resolved,0,,,3,0,1,1,1,21
CASE-00579,PAT-01727,REP-010,DrugBeta-50mg,Oncology,Commercial,2026-03-12,2026-03-13,1,2026-03-19,2026-03-25,Approved,6,2026-04-02,2026-04-03,22,Resolved,0,,,12,1,0,1,1,13
CASE-00580,PAT-01246,REP-010,DrugAlpha-100mg,Cardiology,Medicaid,2025-09-08,2025-09-10,2,2025-09-15,2025-10-07,Approved,22,2025-10-14,2025-10-16,38,Resolved,0,,,9,0,1,1,1,29
CASE-00581,PAT-00438,REP-010,DrugBeta-50mg,Oncology,Medicare,2026-02-25,2026-02-27,2,2026-03-02,2026-03-12,Approved,10,2026-03-17,2026-03-17,20,Resolved,0,,,5,0,1,1,0,15
CASE-00582,PAT-01378,REP-012,DrugBeta-50mg,Immunology,Medicare,2025-11-07,2025-11-08,1,2025-11-14,2025-12-02,Denied,18,,,,Abandoned,1,Insurance Delay,During PA,1,0,,,,
CASE-00583,PAT-01530,REP-019,DrugGamma-200mg,Rare Disease,Medicaid,2025-08-02,2025-08-04,2,2025-08-09,2025-09-01,Pending,23,,,,Open,0,,,2,0,,,,
CASE-00584,PAT-00289,REP-012,DrugAlpha-100mg,Neurology,Medicaid,2025-10-06,2025-10-09,3,2025-10-07,2025-10-19,Approved,12,2025-10-24,2025-10-25,19,Resolved,0,,,2,0,1,1,1,13
CASE-00585,PAT-00393,REP-015,CardioPlus-25mg,Immunology,Commercial,2025-07-10,2025-07-16,6,2025-07-17,2025-07-27,Approved,10,2025-08-02,2025-08-07,28,Resolved,0,,,12,0,0,0,1,17
CASE-00586,PAT-01378,REP-004,DrugBeta-50mg,Immunology,Medicare,2026-03-02,2026-03-04,2,2026-03-06,2026-03-13,Approved,7,2026-03-15,2026-03-20,18,Resolved,0,,,2,0,0,0,0,11
CASE-00587,PAT-00489,REP-004,NeuroX-75mg,Rare Disease,Commercial,2026-01-03,2026-01-05,2,2026-01-06,2026-01-20,Appeal,14,,,,Open,0,,,7,0,,,,
CASE-00588,PAT-01318,REP-010,CardioPlus-25mg,Rare Disease,Self-Pay,2026-02-19,2026-02-26,7,2026-02-20,2026-02-26,Approved,6,,,,Abandoned,1,Unknown,Post-Fulfillment,4,0,,,,
CASE-00589,PAT-01337,REP-019,DrugGamma-200mg,Cardiology,Medicaid,2026-03-18,2026-03-21,3,2026-03-19,2026-04-12,Denied,24,,,,Abandoned,1,Unknown,Post-PA,2,0,,,,
CASE-00590,PAT-00382,REP-012,CardioPlus-25mg,Cardiology,VA,2025-12-02,2025-12-04,2,2025-12-03,2025-12-08,Appeal,5,,,,Open,0,,,3,0,,,,
CASE-00591,PAT-01694,REP-010,NeuroX-75mg,Oncology,Commercial,2025-07-02,2025-07-07,5,2025-07-07,2025-07-26,Approved,19,2025-07-29,2025-07-30,28,Resolved,0,,,10,0,0,0,0,24
CASE-00592,PAT-01360,REP-020,DrugGamma-200mg,Immunology,Medicare,2025-11-15,2025-11-18,3,2025-11-22,2025-12-17,Approved,25,,,,Abandoned,1,Cost Concerns,Post-Fulfillment,4,0,,,,
CASE-00593,PAT-00461,REP-021,CardioPlus-25mg,Rare Disease,Commercial,2026-01-15,2026-01-16,1,2026-01-18,2026-01-22,Appeal,4,,,,Abandoned,1,Insurance Delay,During PA,1,0,,,,
CASE-00594,PAT-01031,REP-020,DrugBeta-50mg,Cardiology,Commercial,2025-12-25,2025-12-27,2,2025-12-27,2026-01-05,Approved,9,2026-01-06,2026-01-11,17,Resolved,0,,,1,0,1,0,1,11
CASE-00595,PAT-00027,REP-010,DrugAlpha-100mg,Immunology,Commercial,2025-07-06,2025-07-09,3,2025-07-07,2025-07-12,Pending,5,,,,Open,0,,,2,0,,,,
CASE-00596,PAT-00292,REP-012,CardioPlus-25mg,Cardiology,Medicare,2025-08-04,2025-08-06,2,2025-08-09,2025-08-22,Denied,13,,,,Open,0,,,10,0,,,,
CASE-00597,PAT-00076,REP-024,DrugGamma-200mg,Immunology,Medicare,2025-08-06,2025-08-09,3,2025-08-10,2025-09-05,Approved,26,2025-09-09,2025-09-10,35,Resolved,0,,,6,0,0,1,1,30
CASE-00598,PAT-00799,REP-020,NeuroX-75mg,Oncology,Medicare,2025-11-08,2025-11-15,7,2025-11-13,2025-12-03,Approved,20,2025-12-13,2025-12-17,39,Resolved,0,,,7,0,1,1,0,25
CASE-00599,PAT-01244,REP-015,NeuroX-75mg,Rare Disease,Medicare,2025-07-14,2025-07-15,1,2025-07-18,2025-07-28,Approved,10,2025-08-03,2025-08-04,21,Resolved,0,,,12,0,1,0,0,14
CASE-00600,PAT-01029,REP-010,CardioPlus-25mg,Cardiology,Medicare,2026-02-20,2026-02-24,4,2026-02-23,2026-03-14,Denied,19,,,,In Progress,0,,,12,0,,,,
CASE-00601,PAT-00963,REP-004,NeuroX-75mg,Neurology,Commercial,2025-10-02,2025-10-03,1,2025-10-07,2025-10-24,Approved,17,2025-11-03,2025-11-03,32,Resolved,0,,,5,0,1,0,0,22
CASE-00602,PAT-00483,REP-019,DrugGamma-200mg,Cardiology,Commercial,2025-08-19,2025-08-24,5,2025-08-21,2025-09-02,Approved,12,2025-09-12,2025-09-16,28,Resolved,0,,,7,0,0,0,0,14
CASE-00603,PAT-01662,REP-015,NeuroX-75mg,Cardiology,Commercial,2026-01-08,2026-01-11,3,2026-01-10,2026-01-26,Appeal,16,,,,Abandoned,1,Side Effect Concerns,During PA,1,0,,,,
CASE-00604,PAT-00611,REP-010,CardioPlus-25mg,Rare Disease,Medicare,2025-12-03,2025-12-04,1,2025-12-10,2026-01-04,Appeal,25,,,,Open,0,,,4,0,,,,
CASE-00605,PAT-01815,REP-004,DrugAlpha-100mg,Oncology,VA,2026-02-10,2026-02-14,4,2026-02-16,2026-02-22,Approved,6,2026-02-26,2026-02-26,16,Resolved,0,,,4,0,1,1,0,12
CASE-00606,PAT-01086,REP-004,CardioPlus-25mg,Rare Disease,Medicare,2026-04-19,2026-04-23,4,2026-04-26,,Approved,21,2026-05-18,2026-05-21,32,Resolved,0,,,2,1,1,1,1,28
CASE-00607,PAT-01174,REP-021,CardioPlus-25mg,Oncology,Commercial,2025-10-30,2025-11-01,2,2025-11-03,2025-11-24,Approved,21,2025-11-28,2025-12-01,32,Resolved,0,,,9,0,1,1,1,25
CASE-00608,PAT-00620,REP-010,DrugBeta-50mg,Rare Disease,Medicaid,2026-01-30,2026-02-02,3,2026-02-01,2026-03-01,Denied,28,,,,In Progress,0,,,6,0,,,,
CASE-00609,PAT-00912,REP-020,CardioPlus-25mg,Rare Disease,Commercial,2026-02-19,2026-02-20,1,2026-02-23,2026-03-15,Approved,20,2026-03-25,2026-03-25,34,Resolved,0,,,2,0,1,1,0,24
CASE-00610,PAT-00129,REP-004,DrugGamma-200mg,Neurology,Self-Pay,2025-07-09,2025-07-11,2,2025-07-14,2025-07-16,Pending,2,,,,In Progress,0,,,2,0,,,,
CASE-00611,PAT-01713,REP-024,DrugBeta-50mg,Oncology,Medicaid,2026-01-09,2026-01-10,1,2026-01-11,2026-02-20,Denied,40,,,,In Progress,0,,,5,0,,,,
CASE-00612,PAT-00255,REP-012,DrugGamma-200mg,Cardiology,Medicaid,2025-11-16,2025-11-18,2,2025-11-17,2025-12-25,Denied,38,,,,Abandoned,1,Patient Lost Contact,Post-PA,4,0,,,,
CASE-00613,PAT-01822,REP-019,CardioPlus-25mg,Rare Disease,Medicaid,2026-02-14,2026-02-18,4,2026-02-21,2026-03-01,Approved,8,2026-03-06,2026-03-06,20,Resolved,0,,,9,0,1,1,1,15
CASE-00614,PAT-01591,REP-015,NeuroX-75mg,Cardiology,Medicare,2025-07-11,2025-07-12,1,2025-07-18,2025-08-17,Appeal,30,,,,Abandoned,1,Patient Lost Contact,During PA,1,0,,,,
CASE-00615,PAT-01986,REP-004,NeuroX-75mg,Neurology,Commercial,2026-02-01,2026-02-05,4,2026-02-06,2026-02-26,Approved,20,2026-03-04,2026-03-09,36,Resolved,0,,,11,1,1,1,1,25
CASE-00616,PAT-01546,REP-010,DrugAlpha-100mg,Oncology,Medicare,2026-03-04,2026-03-06,2,2026-03-06,2026-04-03,Approved,28,,,,Abandoned,1,Unknown,Post-PA,0,0,,,,
CASE-00617,PAT-01693,REP-021,CardioPlus-25mg,Neurology,Commercial,2026-01-12,2026-01-13,1,2026-01-14,2026-02-01,Approved,18,2026-02-07,2026-02-11,30,Resolved,0,,,12,1,1,1,1,20
CASE-00618,PAT-00374,REP-024,DrugAlpha-100mg,Rare Disease,Commercial,2025-11-25,2025-11-27,2,2025-11-30,2025-12-04,Approved,4,2025-12-08,2025-12-13,18,Resolved,0,,,4,0,0,1,1,9
CASE-00619,PAT-00019,REP-015,NeuroX-75mg,Immunology,Medicare,2026-03-14,2026-03-20,6,2026-03-16,2026-03-22,Approved,6,2026-04-01,2026-04-05,22,Resolved,0,,,6,0,1,0,0,8
CASE-00620,PAT-01811,REP-015,NeuroX-75mg,Oncology,Medicare,2025-10-30,2025-11-01,2,2025-11-05,2025-11-25,Approved,20,2025-12-02,2025-12-03,34,Resolved,0,,,12,0,0,0,0,26
CASE-00621,PAT-00681,REP-019,DrugBeta-50mg,Immunology,Commercial,2025-10-24,2025-10-26,2,2025-10-25,2025-10-31,Denied,6,,,,In Progress,0,,,8,0,,,,
CASE-00622,PAT-01600,REP-019,DrugGamma-200mg,Neurology,Commercial,2025-09-25,2025-09-29,4,2025-09-27,2025-10-08,Appeal,11,,,,Abandoned,1,Unknown,During PA,3,0,,,,
CASE-00623,PAT-01766,REP-019,DrugBeta-50mg,Cardiology,Commercial,2025-12-11,2025-12-12,1,2025-12-17,2025-12-20,Approved,3,2025-12-25,2025-12-29,18,Resolved,0,,,12,0,1,1,1,9
CASE-00624,PAT-00118,REP-015,CardioPlus-25mg,Oncology,Medicare,2025-07-31,2025-08-02,2,2025-08-02,2025-08-21,Approved,19,2025-08-31,2025-09-05,36,Resolved,0,,,8,0,1,0,1,21
CASE-00625,PAT-01775,REP-024,DrugAlpha-100mg,Rare Disease,Self-Pay,2026-01-03,2026-01-09,6,2026-01-07,2026-01-15,Approved,8,2026-01-24,2026-01-29,26,Resolved,0,,,10,0,1,1,1,12
CASE-00626,PAT-01368,REP-015,DrugAlpha-100mg,Immunology,Self-Pay,2026-04-14,2026-04-19,5,2026-04-19,2026-04-29,Approved,10,2026-05-08,2026-05-13,29,Resolved,0,,,8,0,1,1,0,15
CASE-00627,PAT-01455,REP-020,CardioPlus-25mg,Rare Disease,Commercial,2025-08-12,2025-08-15,3,2025-08-17,2025-09-06,Approved,20,2025-09-09,2025-09-13,32,Resolved,0,,,4,0,1,0,0,25
CASE-00628,PAT-00571,REP-004,CardioPlus-25mg,Rare Disease,Commercial,2025-12-18,2025-12-21,3,2025-12-24,2026-01-09,Approved,16,2026-01-11,2026-01-16,29,Resolved,0,,,5,0,0,0,1,22
CASE-00629,PAT-01707,REP-024,NeuroX-75mg,Oncology,Self-Pay,2026-04-20,2026-04-24,4,2026-04-25,,Approved,10,2026-05-14,2026-05-16,26,Resolved,0,,,5,0,1,1,1,15
CASE-00630,PAT-00423,REP-019,DrugGamma-200mg,Cardiology,Commercial,2025-09-02,2025-09-09,7,2025-09-03,2025-09-19,Approved,16,,,,Abandoned,1,Unknown,Post-Fulfillment,1,0,,,,
CASE-00631,PAT-00245,REP-019,CardioPlus-25mg,Immunology,Medicaid,2026-02-05,2026-02-07,2,2026-02-12,2026-03-15,Approved,31,2026-03-21,2026-03-22,45,Resolved,0,,,4,1,1,0,0,38
CASE-00632,PAT-01064,REP-020,NeuroX-75mg,Oncology,Self-Pay,2025-12-10,2025-12-12,2,2025-12-16,2025-12-26,Denied,10,,,,Abandoned,1,Unknown,During PA,4,0,,,,
CASE-00633,PAT-00361,REP-019,DrugGamma-200mg,Cardiology,Medicare,2025-12-30,2025-12-31,1,2025-12-31,2026-01-23,Approved,23,,,,Abandoned,1,Patient Deceased,Post-Fulfillment,0,0,,,,
CASE-00634,PAT-00731,REP-012,DrugAlpha-100mg,Neurology,Commercial,2025-12-03,2025-12-04,1,2025-12-08,2025-12-16,Approved,8,2025-12-22,2025-12-22,19,Resolved,0,,,1,0,1,1,1,13
CASE-00635,PAT-01538,REP-021,NeuroX-75mg,Immunology,Medicaid,2026-04-09,2026-04-11,2,2026-04-13,,Approved,24,2026-05-15,2026-05-18,39,Resolved,0,,,7,1,1,0,1,28
CASE-00636,PAT-00556,REP-004,CardioPlus-25mg,Cardiology,Medicare,2026-02-02,2026-02-06,4,2026-02-03,2026-02-26,Approved,23,2026-02-28,2026-03-02,28,Resolved,0,,,5,1,1,0,0,24
CASE-00637,PAT-01486,REP-024,DrugAlpha-100mg,Rare Disease,Medicaid,2025-11-12,2025-11-13,1,2025-11-15,2025-12-08,Pending,23,,,,In Progress,0,,,8,0,,,,
CASE-00638,PAT-01454,REP-019,NeuroX-75mg,Neurology,Commercial,2026-01-19,2026-01-23,4,2026-01-25,2026-02-01,Denied,7,,,,Abandoned,1,Side Effect Concerns,During PA,0,0,,,,
CASE-00639,PAT-01033,REP-019,DrugAlpha-100mg,Immunology,Medicaid,2026-02-07,2026-02-09,2,2026-02-10,2026-03-26,Approved,44,2026-04-03,2026-04-08,60,Resolved,0,,,3,0,0,0,1,47
CASE-00640,PAT-00159,REP-004,CardioPlus-25mg,Neurology,Commercial,2025-10-13,2025-10-16,3,2025-10-17,2025-10-24,Approved,7,2025-10-28,2025-10-28,15,Resolved,0,,,3,0,1,1,0,11
CASE-00641,PAT-00417,REP-012,NeuroX-75mg,Cardiology,Medicare,2025-10-21,2025-10-26,5,2025-10-24,2025-11-10,Denied,17,,,,In Progress,0,,,1,0,,,,
CASE-00642,PAT-00340,REP-021,CardioPlus-25mg,Cardiology,Medicare,2025-12-07,2025-12-08,1,2025-12-12,2025-12-21,Appeal,9,,,,Open,0,,,6,0,,,,
CASE-00643,PAT-00207,REP-020,DrugGamma-200mg,Neurology,Commercial,2026-03-11,2026-03-13,2,2026-03-13,2026-03-20,Approved,7,2026-03-26,2026-03-29,18,Resolved,0,,,10,0,1,1,0,9
CASE-00644,PAT-01672,REP-015,NeuroX-75mg,Immunology,Medicare,2025-07-17,2025-07-18,1,2025-07-21,2025-08-12,Denied,22,,,,In Progress,0,,,8,0,,,,
CASE-00645,PAT-01303,REP-010,DrugAlpha-100mg,Rare Disease,Medicaid,2025-08-20,2025-08-21,1,2025-08-24,2025-09-22,Denied,29,,,,In Progress,0,,,6,0,,,,
CASE-00646,PAT-00075,REP-021,DrugBeta-50mg,Cardiology,Commercial,2025-10-22,2025-10-25,3,2025-10-28,2025-11-02,Approved,5,2025-11-04,2025-11-07,16,Resolved,0,,,10,1,1,1,1,11
CASE-00647,PAT-01291,REP-015,DrugAlpha-100mg,Neurology,Self-Pay,2026-02-22,2026-03-01,7,2026-03-01,2026-03-15,Approved,14,2026-03-21,2026-03-21,27,Resolved,0,,,5,0,1,0,0,21
CASE-00648,PAT-01818,REP-015,CardioPlus-25mg,Oncology,Medicaid,2026-02-10,2026-02-14,4,2026-02-13,2026-03-12,Approved,27,2026-03-13,2026-03-13,31,Resolved,0,,,10,1,1,1,1,30
CASE-00649,PAT-00167,REP-012,CardioPlus-25mg,Neurology,Commercial,2025-11-26,2025-11-29,3,2025-11-30,2025-12-17,Approved,17,2025-12-26,2025-12-26,30,Resolved,0,,,7,0,1,1,1,21
CASE-00650,PAT-00487,REP-004,DrugBeta-50mg,Immunology,Self-Pay,2026-01-06,2026-01-08,2,2026-01-07,2026-01-20,Approved,13,2026-01-27,2026-01-29,23,Resolved,0,,,4,1,0,1,0,14
CASE-00651,PAT-00913,REP-021,DrugBeta-50mg,Immunology,Commercial,2026-01-17,2026-01-23,6,2026-01-20,2026-02-01,Approved,12,,,,Abandoned,1,Cost Concerns,Post-PA,2,0,,,,
CASE-00652,PAT-01046,REP-021,DrugGamma-200mg,Oncology,Medicare,2026-02-27,2026-03-03,4,2026-03-02,2026-03-22,Approved,20,2026-03-28,2026-04-02,34,Resolved,0,,,7,0,1,1,1,23
CASE-00653,PAT-01490,REP-019,DrugGamma-200mg,Immunology,Medicare,2025-09-26,2025-09-28,2,2025-10-02,2025-10-28,Appeal,26,,,,In Progress,0,,,10,0,,,,
CASE-00654,PAT-01862,REP-020,DrugAlpha-100mg,Cardiology,Medicare,2026-04-20,2026-04-23,3,2026-04-21,,Appeal,10,,,,In Progress,0,,,7,0,,,,
CASE-00655,PAT-01402,REP-015,DrugGamma-200mg,Immunology,Commercial,2025-07-01,2025-07-05,4,2025-07-08,2025-07-19,Appeal,11,,,,Open,0,,,8,0,,,,
CASE-00656,PAT-00904,REP-004,DrugAlpha-100mg,Immunology,Commercial,2025-08-23,2025-08-28,5,2025-08-27,2025-09-03,Approved,7,2025-09-07,2025-09-08,16,Resolved,0,,,7,0,1,0,1,11
CASE-00657,PAT-01511,REP-021,CardioPlus-25mg,Neurology,Medicare,2026-03-05,2026-03-07,2,2026-03-12,2026-04-08,Approved,27,2026-04-16,2026-04-19,45,Resolved,0,,,10,1,1,0,0,34
CASE-00658,PAT-01922,REP-021,DrugBeta-50mg,Rare Disease,Medicare,2026-03-15,2026-03-21,6,2026-03-20,2026-04-06,Denied,17,,,,Abandoned,1,Patient Deceased,During PA,2,0,,,,
CASE-00659,PAT-00509,REP-024,DrugAlpha-100mg,Cardiology,Medicaid,2026-02-22,2026-02-27,5,2026-02-26,2026-03-17,Denied,19,,,,Open,0,,,2,0,,,,
CASE-00660,PAT-00207,REP-010,DrugGamma-200mg,Neurology,Commercial,2025-12-26,2025-12-28,2,2026-01-01,2026-01-09,Denied,8,,,,Open,0,,,8,0,,,,
CASE-00661,PAT-01232,REP-012,DrugAlpha-100mg,Cardiology,Commercial,2025-12-17,2025-12-20,3,2025-12-18,2025-12-29,Approved,11,2026-01-03,2026-01-07,21,Resolved,0,,,5,0,1,0,0,12
CASE-00662,PAT-01113,REP-020,DrugAlpha-100mg,Neurology,VA,2026-02-18,2026-02-19,1,2026-02-23,2026-02-25,Approved,2,2026-03-03,2026-03-06,16,Resolved,0,,,2,0,1,1,1,7
CASE-00663,PAT-00577,REP-021,DrugGamma-200mg,Rare Disease,Commercial,2026-01-21,2026-01-25,4,2026-01-27,2026-02-08,Appeal,12,,,,Abandoned,1,Patient Deceased,During PA,2,0,,,,
CASE-00664,PAT-00135,REP-015,DrugAlpha-100mg,Immunology,Commercial,2025-10-26,2025-10-27,1,2025-10-30,2025-11-09,Denied,10,,,,Abandoned,1,Unknown,During PA,4,0,,,,
CASE-00665,PAT-01149,REP-024,CardioPlus-25mg,Immunology,Commercial,2025-07-01,2025-07-05,4,2025-07-07,2025-07-23,Approved,16,,,,Abandoned,1,Side Effect Concerns,Post-PA,4,0,,,,
CASE-00666,PAT-01558,REP-020,DrugAlpha-100mg,Rare Disease,Medicare,2025-08-21,2025-08-28,7,2025-08-25,2025-08-31,Pending,6,,,,In Progress,0,,,12,0,,,,
CASE-00667,PAT-01246,REP-024,DrugAlpha-100mg,Cardiology,Medicaid,2026-02-28,2026-03-07,7,2026-03-06,2026-04-20,Appeal,45,,,,Abandoned,1,Insurance Delay,During PA,4,0,,,,
CASE-00668,PAT-00173,REP-015,CardioPlus-25mg,Cardiology,Commercial,2026-02-07,2026-02-10,3,2026-02-10,2026-03-03,Appeal,21,,,,Open,0,,,5,0,,,,
CASE-00669,PAT-00077,REP-015,NeuroX-75mg,Cardiology,Commercial,2025-08-02,2025-08-03,1,2025-08-05,2025-08-14,Approved,9,2025-08-24,2025-08-26,24,Resolved,0,,,8,1,1,1,1,12
CASE-00670,PAT-00419,REP-012,DrugAlpha-100mg,Cardiology,Commercial,2025-08-21,2025-08-23,2,2025-08-24,2025-09-03,Approved,10,2025-09-06,2025-09-06,16,Resolved,0,,,8,1,1,1,1,13
CASE-00671,PAT-00260,REP-010,DrugBeta-50mg,Immunology,Medicare,2025-08-17,2025-08-19,2,2025-08-18,2025-09-01,Pending,14,,,,Open,0,,,1,0,,,,
CASE-00672,PAT-00270,REP-021,CardioPlus-25mg,Rare Disease,Self-Pay,2025-10-16,2025-10-18,2,2025-10-19,2025-10-31,Approved,12,2025-11-03,2025-11-07,22,Resolved,0,,,5,0,0,0,0,15
CASE-00673,PAT-01989,REP-010,NeuroX-75mg,Neurology,Commercial,2025-10-23,2025-10-24,1,2025-10-29,2025-11-07,Approved,9,,,,Abandoned,1,Insurance Delay,Post-PA,0,0,,,,
CASE-00674,PAT-00487,REP-004,DrugBeta-50mg,Immunology,Self-Pay,2026-02-02,2026-02-03,1,2026-02-03,2026-02-17,Denied,14,,,,Abandoned,1,Switched Therapy,During PA,1,0,,,,
CASE-00675,PAT-01002,REP-010,CardioPlus-25mg,Rare Disease,VA,2025-07-10,2025-07-17,7,2025-07-12,2025-07-26,Approved,14,2025-08-01,2025-08-01,22,Resolved,0,,,7,0,1,1,1,16
CASE-00676,PAT-00445,REP-010,CardioPlus-25mg,Cardiology,Medicare,2026-02-13,2026-02-14,1,2026-02-18,2026-03-08,Approved,18,2026-03-09,2026-03-10,25,Resolved,0,,,10,1,0,0,0,23
CASE-00677,PAT-00762,REP-012,DrugAlpha-100mg,Cardiology,Medicare,2026-04-06,2026-04-08,2,2026-04-13,2026-04-30,Approved,17,2026-05-06,2026-05-06,30,Resolved,0,,,3,0,1,1,1,24
CASE-00678,PAT-01608,REP-012,CardioPlus-25mg,Immunology,Commercial,2025-09-19,2025-09-22,3,2025-09-21,2025-10-03,Approved,12,,,,Abandoned,1,Patient Lost Contact,Post-PA,1,0,,,,
CASE-00679,PAT-01953,REP-021,DrugBeta-50mg,Oncology,Medicare,2025-08-17,2025-08-20,3,2025-08-24,2025-09-09,Approved,16,2025-09-14,2025-09-14,28,Resolved,0,,,12,0,1,1,1,23
CASE-00680,PAT-00907,REP-015,DrugGamma-200mg,Immunology,Self-Pay,2025-10-25,2025-10-27,2,2025-11-01,2025-11-15,Approved,14,,,,Abandoned,1,Side Effect Concerns,Post-PA,1,0,,,,
CASE-00681,PAT-01614,REP-012,DrugGamma-200mg,Rare Disease,Commercial,2025-12-15,2025-12-18,3,2025-12-17,2025-12-31,Approved,14,2026-01-04,2026-01-06,22,Resolved,0,,,7,0,0,1,0,16
CASE-00682,PAT-00989,REP-024,DrugBeta-50mg,Neurology,Medicare,2026-01-29,2026-02-03,5,2026-02-03,2026-02-26,Approved,23,2026-03-02,2026-03-05,35,Resolved,0,,,6,0,0,0,0,28
CASE-00683,PAT-00762,REP-019,DrugAlpha-100mg,Cardiology,Medicare,2025-08-05,2025-08-07,2,2025-08-06,2025-08-23,Appeal,17,,,,In Progress,0,,,3,0,,,,
CASE-00684,PAT-01831,REP-015,DrugAlpha-100mg,Cardiology,Commercial,2026-04-24,2026-04-26,2,2026-04-27,,Appeal,13,,,,Open,0,,,4,0,,,,
CASE-00685,PAT-01948,REP-021,DrugAlpha-100mg,Cardiology,Medicaid,2025-11-20,2025-11-25,5,2025-11-26,2025-12-25,Denied,29,,,,In Progress,0,,,6,0,,,,
CASE-00686,PAT-01651,REP-024,DrugAlpha-100mg,Immunology,Self-Pay,2025-12-24,2025-12-25,1,2025-12-26,2026-01-01,Approved,6,2026-01-10,2026-01-10,17,Resolved,0,,,5,0,1,1,1,8
CASE-00687,PAT-01848,REP-019,CardioPlus-25mg,Cardiology,Medicare,2026-01-01,2026-01-07,6,2026-01-02,2026-01-22,Approved,20,2026-01-25,2026-01-26,25,Resolved,0,,,5,0,1,0,0,21
CASE-00688,PAT-01825,REP-024,NeuroX-75mg,Neurology,Commercial,2026-04-08,2026-04-10,2,2026-04-11,2026-04-23,Approved,12,2026-04-25,2026-04-28,20,Resolved,0,,,7,1,1,1,1,15
CASE-00689,PAT-01918,REP-020,DrugGamma-200mg,Cardiology,Commercial,2025-11-14,2025-11-15,1,2025-11-19,2025-11-22,Pending,3,,,,Open,0,,,5,0,,,,
CASE-00690,PAT-01144,REP-010,DrugBeta-50mg,Neurology,Medicare,2026-03-29,2026-03-30,1,2026-03-30,2026-04-27,Pending,28,,,,Abandoned,1,Insurance Delay,During PA,2,0,,,,
CASE-00691,PAT-01584,REP-019,CardioPlus-25mg,Immunology,Medicare,2025-07-08,2025-07-09,1,2025-07-09,2025-08-05,Approved,27,2025-08-10,2025-08-14,37,Resolved,0,,,1,0,1,1,1,28
CASE-00692,PAT-01406,REP-019,DrugGamma-200mg,Oncology,Self-Pay,2026-02-28,2026-03-07,7,2026-03-05,2026-03-15,Approved,10,2026-03-25,2026-03-30,30,Resolved,0,,,6,0,0,0,0,15
CASE-00693,PAT-00528,REP-021,DrugGamma-200mg,Rare Disease,Medicare,2025-08-24,2025-08-28,4,2025-08-28,2025-09-14,Approved,17,2025-09-21,2025-09-26,33,Resolved,0,,,3,1,1,1,0,21
CASE-00694,PAT-00992,REP-015,CardioPlus-25mg,Neurology,Commercial,2026-04-02,2026-04-05,3,2026-04-08,2026-04-27,Approved,19,,,,Abandoned,1,Side Effect Concerns,Post-PA,2,0,,,,
CASE-00695,PAT-00113,REP-010,DrugGamma-200mg,Rare Disease,Medicaid,2025-08-23,2025-08-25,2,2025-08-28,2025-09-24,Denied,27,,,,Abandoned,1,Side Effect Concerns,During PA,2,0,,,,
CASE-00696,PAT-00261,REP-019,NeuroX-75mg,Neurology,Medicaid,2026-02-14,2026-02-17,3,2026-02-19,2026-03-22,Approved,31,2026-03-26,2026-03-29,43,Resolved,0,,,2,1,1,0,0,36
CASE-00697,PAT-01324,REP-020,DrugBeta-50mg,Oncology,Commercial,2025-11-22,2025-11-24,2,2025-11-26,2025-12-15,Approved,19,2025-12-24,2025-12-28,36,Resolved,0,,,4,1,1,1,1,23
CASE-00698,PAT-01705,REP-021,DrugAlpha-100mg,Neurology,Medicaid,2026-03-10,2026-03-13,3,2026-03-16,2026-04-04,Approved,19,2026-04-11,2026-04-15,36,Resolved,0,,,10,1,1,1,0,25
CASE-00699,PAT-01873,REP-012,DrugAlpha-100mg,Rare Disease,Commercial,2026-04-19,2026-04-24,5,2026-04-22,,Denied,12,,,,In Progress,0,,,7,0,,,,
CASE-00700,PAT-01873,REP-020,DrugAlpha-100mg,Rare Disease,Commercial,2026-04-11,2026-04-13,2,2026-04-12,2026-04-22,Approved,10,2026-04-25,2026-04-25,14,Resolved,0,,,5,0,1,0,0,11
CASE-00701,PAT-00709,REP-019,DrugGamma-200mg,Cardiology,Self-Pay,2026-03-30,2026-04-01,2,2026-04-05,2026-04-14,Approved,9,2026-04-21,2026-04-22,23,Resolved,0,,,8,1,1,0,0,15
CASE-00702,PAT-01904,REP-024,DrugGamma-200mg,Neurology,VA,2026-02-20,2026-02-22,2,2026-02-23,2026-03-07,Denied,12,,,,Abandoned,1,Cost Concerns,During PA,0,0,,,,
CASE-00703,PAT-00567,REP-010,DrugAlpha-100mg,Immunology,Medicaid,2025-12-12,2025-12-18,6,2025-12-14,2026-01-14,Denied,31,,,,Abandoned,1,Cost Concerns,Post-PA,2,0,,,,
CASE-00704,PAT-01439,REP-015,DrugAlpha-100mg,Cardiology,Self-Pay,2025-09-27,2025-10-04,7,2025-10-01,2025-10-12,Approved,11,2025-10-21,2025-10-22,25,Resolved,0,,,10,1,1,0,0,15
CASE-00705,PAT-01464,REP-021,DrugBeta-50mg,Oncology,VA,2025-07-09,2025-07-11,2,2025-07-14,2025-07-20,Approved,6,2025-07-25,2025-07-28,19,Resolved,0,,,12,1,1,1,1,11
CASE-00706,PAT-00792,REP-021,DrugGamma-200mg,Rare Disease,Medicaid,2026-01-29,2026-01-31,2,2026-01-31,2026-02-12,Approved,12,2026-02-16,2026-02-20,22,Resolved,0,,,8,0,0,1,0,14
CASE-00707,PAT-00039,REP-021,NeuroX-75mg,Neurology,Self-Pay,2026-04-03,2026-04-08,5,2026-04-05,2026-04-10,Approved,5,2026-04-15,2026-04-17,14,Resolved,0,,,9,0,1,0,0,7
CASE-00708,PAT-00550,REP-004,NeuroX-75mg,Cardiology,Commercial,2026-01-06,2026-01-08,2,2026-01-08,2026-01-20,Approved,12,2026-01-27,2026-01-27,21,Resolved,0,,,5,1,1,0,1,14
CASE-00709,PAT-00208,REP-024,CardioPlus-25mg,Immunology,Commercial,2025-07-03,2025-07-06,3,2025-07-07,2025-07-17,Approved,10,2025-07-20,2025-07-20,17,Resolved,0,,,10,0,1,1,0,14
CASE-00710,PAT-00648,REP-021,NeuroX-75mg,Immunology,Medicaid,2026-04-20,2026-04-26,6,2026-04-26,,Appeal,21,,,,Abandoned,1,Side Effect Concerns,During PA,2,0,,,,
CASE-00711,PAT-01036,REP-010,NeuroX-75mg,Immunology,Commercial,2025-10-03,2025-10-06,3,2025-10-06,2025-10-09,Denied,3,,,,Abandoned,1,Patient Lost Contact,Post-PA,4,0,,,,
CASE-00712,PAT-01449,REP-020,DrugGamma-200mg,Rare Disease,Medicare,2025-07-30,2025-08-01,2,2025-08-04,2025-08-23,Denied,19,,,,Open,0,,,9,0,,,,
CASE-00713,PAT-01208,REP-019,DrugBeta-50mg,Rare Disease,Commercial,2026-04-10,2026-04-11,1,2026-04-16,2026-04-26,Denied,10,,,,Abandoned,1,Insurance Delay,Post-PA,1,0,,,,
CASE-00714,PAT-01164,REP-020,CardioPlus-25mg,Oncology,Self-Pay,2026-01-22,2026-01-23,1,2026-01-26,2026-02-02,Approved,7,2026-02-04,2026-02-04,13,Resolved,0,,,10,0,1,0,0,11
CASE-00715,PAT-00498,REP-015,DrugBeta-50mg,Immunology,Self-Pay,2025-12-08,2025-12-15,7,2025-12-12,2025-12-15,Approved,3,2025-12-25,2025-12-30,22,Resolved,0,,,11,0,1,1,1,7
CASE-00716,PAT-01297,REP-010,DrugAlpha-100mg,Cardiology,Commercial,2025-09-07,2025-09-09,2,2025-09-09,2025-09-13,Approved,4,2025-09-21,2025-09-22,15,Resolved,0,,,2,1,1,0,1,6
CASE-00717,PAT-01050,REP-012,DrugBeta-50mg,Neurology,Commercial,2026-03-21,2026-03-23,2,2026-03-25,2026-04-04,Approved,10,,,,Abandoned,1,Insurance Delay,Post-PA,1,0,,,,
CASE-00718,PAT-01472,REP-020,NeuroX-75mg,Rare Disease,Commercial,2025-11-07,2025-11-09,2,2025-11-12,2025-11-16,Denied,4,,,,In Progress,0,,,5,0,,,,
CASE-00719,PAT-01949,REP-020,CardioPlus-25mg,Cardiology,Medicare,2025-08-16,2025-08-21,5,2025-08-19,2025-08-24,Approved,5,2025-09-02,2025-09-07,22,Resolved,0,,,12,0,1,0,0,8
CASE-00720,PAT-00620,REP-021,DrugBeta-50mg,Rare Disease,Medicaid,2025-11-23,2025-11-25,2,2025-11-27,2026-01-03,Approved,37,2026-01-05,2026-01-09,47,Resolved,0,,,6,1,1,1,0,41
CASE-00721,PAT-01419,REP-024,NeuroX-75mg,Oncology,Self-Pay,2025-09-29,2025-10-01,2,2025-10-01,2025-10-09,Denied,8,,,,In Progress,0,,,7,0,,,,
CASE-00722,PAT-00671,REP-004,DrugGamma-200mg,Cardiology,Commercial,2025-12-10,2025-12-13,3,2025-12-11,2025-12-31,Denied,20,,,,In Progress,0,,,5,0,,,,
CASE-00723,PAT-01784,REP-020,NeuroX-75mg,Cardiology,Commercial,2026-03-01,2026-03-04,3,2026-03-04,2026-03-20,Approved,16,2026-03-29,2026-04-02,32,Resolved,0,,,10,0,1,0,0,19
CASE-00724,PAT-01929,REP-004,DrugAlpha-100mg,Oncology,Commercial,2025-11-17,2025-11-19,2,2025-11-24,2025-12-02,Approved,8,2025-12-04,2025-12-08,21,Resolved,0,,,6,1,1,1,0,15
CASE-00725,PAT-01621,REP-010,NeuroX-75mg,Immunology,Commercial,2026-01-11,2026-01-15,4,2026-01-16,2026-01-31,Appeal,15,,,,In Progress,0,,,4,0,,,,
CASE-00726,PAT-01130,REP-010,DrugAlpha-100mg,Rare Disease,Commercial,2025-11-02,2025-11-03,1,2025-11-05,2025-11-25,Approved,20,2025-11-27,2025-11-29,27,Resolved,0,,,2,1,1,0,1,23
CASE-00727,PAT-01277,REP-012,CardioPlus-25mg,Rare Disease,Commercial,2025-12-03,2025-12-05,2,2025-12-07,2025-12-28,Approved,21,2026-01-02,2026-01-03,31,Resolved,0,,,5,1,1,1,0,25
CASE-00728,PAT-00146,REP-019,NeuroX-75mg,Cardiology,Commercial,2025-09-02,2025-09-03,1,2025-09-05,2025-09-22,Approved,17,2025-09-28,2025-09-29,27,Resolved,0,,,4,0,1,1,0,20
CASE-00729,PAT-01349,REP-010,CardioPlus-25mg,Cardiology,Commercial,2026-02-12,2026-02-13,1,2026-02-17,2026-03-08,Approved,19,2026-03-11,2026-03-15,31,Resolved,0,,,12,0,0,1,1,24
CASE-00730,PAT-00216,REP-012,CardioPlus-25mg,Neurology,VA,2025-11-08,2025-11-12,4,2025-11-15,2025-11-28,Denied,13,,,,In Progress,0,,,11,0,,,,
CASE-00731,PAT-01483,REP-004,CardioPlus-25mg,Rare Disease,Commercial,2025-11-02,2025-11-09,7,2025-11-09,2025-11-27,Appeal,18,,,,In Progress,0,,,7,0,,,,
CASE-00732,PAT-00187,REP-015,DrugAlpha-100mg,Neurology,Commercial,2025-11-01,2025-11-03,2,2025-11-02,2025-11-12,Denied,10,,,,Abandoned,1,Unknown,Post-PA,4,0,,,,
CASE-00733,PAT-01008,REP-010,DrugAlpha-100mg,Immunology,Medicaid,2025-09-25,2025-09-27,2,2025-10-01,2025-10-27,Appeal,26,,,,Open,0,,,9,0,,,,
CASE-00734,PAT-01090,REP-019,DrugBeta-50mg,Neurology,Self-Pay,2025-07-10,2025-07-15,5,2025-07-13,2025-07-26,Approved,13,2025-08-03,2025-08-08,29,Resolved,0,,,9,0,1,1,1,16
CASE-00735,PAT-00109,REP-020,DrugGamma-200mg,Immunology,Medicaid,2025-08-29,2025-08-31,2,2025-09-03,2025-09-23,Appeal,20,,,,In Progress,0,,,6,0,,,,
CASE-00736,PAT-01624,REP-012,CardioPlus-25mg,Oncology,Commercial,2026-01-28,2026-01-29,1,2026-01-29,2026-02-09,Approved,11,2026-02-13,2026-02-18,21,Resolved,0,,,10,1,0,0,0,12
CASE-00737,PAT-01207,REP-012,DrugAlpha-100mg,Rare Disease,Medicare,2025-09-10,2025-09-14,4,2025-09-16,2025-10-09,Appeal,23,,,,Open,0,,,8,0,,,,
CASE-00738,PAT-01726,REP-015,DrugAlpha-100mg,Immunology,Commercial,2025-09-24,2025-09-27,3,2025-09-25,2025-10-16,Appeal,21,,,,Abandoned,1,Patient Deceased,During PA,1,0,,,,
CASE-00739,PAT-01622,REP-024,DrugBeta-50mg,Neurology,Commercial,2026-03-10,2026-03-12,2,2026-03-11,2026-03-15,Approved,4,2026-03-17,2026-03-17,7,Resolved,0,,,10,0,1,1,1,5
CASE-00740,PAT-01982,REP-024,NeuroX-75mg,Rare Disease,Medicare,2026-01-08,2026-01-11,3,2026-01-09,2026-01-27,Pending,18,,,,In Progress,0,,,12,0,,,,
CASE-00741,PAT-00144,REP-019,DrugGamma-200mg,Immunology,Self-Pay,2026-03-05,2026-03-08,3,2026-03-07,2026-03-21,Approved,14,2026-03-24,2026-03-26,21,Resolved,0,,,2,1,1,0,1,16
CASE-00742,PAT-00751,REP-015,DrugGamma-200mg,Immunology,Medicare,2025-10-11,2025-10-14,3,2025-10-12,2025-10-17,Denied,5,,,,Abandoned,1,Side Effect Concerns,Post-PA,1,0,,,,
CASE-00743,PAT-00314,REP-021,DrugAlpha-100mg,Oncology,Self-Pay,2025-11-23,2025-11-29,6,2025-11-26,2025-12-08,Approved,12,2025-12-10,2025-12-15,22,Resolved,0,,,10,0,1,0,0,15
CASE-00744,PAT-01445,REP-020,DrugBeta-50mg,Neurology,Commercial,2025-11-26,2025-11-27,1,2025-11-30,2025-12-09,Approved,9,2025-12-17,2025-12-22,26,Resolved,0,,,6,0,1,1,1,13
CASE-00745,PAT-01560,REP-015,CardioPlus-25mg,Immunology,Medicare,2026-03-06,2026-03-12,6,2026-03-12,2026-03-31,Pending,19,,,,Abandoned,1,Unknown,During PA,1,0,,,,
CASE-00746,PAT-00443,REP-024,NeuroX-75mg,Cardiology,VA,2025-11-24,2025-11-26,2,2025-11-26,2025-12-10,Approved,14,2025-12-13,2025-12-14,20,Resolved,0,,,5,0,1,1,1,16
CASE-00747,PAT-00081,REP-019,DrugBeta-50mg,Rare Disease,Medicare,2025-11-13,2025-11-19,6,2025-11-20,2025-12-09,Approved,19,2025-12-19,2025-12-21,38,Resolved,0,,,7,0,1,1,1,26
CASE-00748,PAT-00448,REP-020,DrugGamma-200mg,Immunology,Commercial,2026-04-24,2026-04-26,2,2026-04-26,,Approved,14,2026-05-14,2026-05-14,20,Resolved,0,,,4,0,1,1,1,16
CASE-00749,PAT-01091,REP-019,NeuroX-75mg,Immunology,Medicare,2025-10-22,2025-10-23,1,2025-10-24,2025-11-05,Approved,12,2025-11-06,2025-11-06,15,Resolved,0,,,9,1,1,1,1,14
CASE-00750,PAT-01485,REP-019,DrugGamma-200mg,Rare Disease,Medicare,2026-01-31,2026-02-07,7,2026-02-07,2026-02-26,Approved,19,2026-03-08,2026-03-12,40,Resolved,0,,,5,0,0,1,1,26
CASE-00751,PAT-00166,REP-019,CardioPlus-25mg,Rare Disease,VA,2026-03-14,2026-03-15,1,2026-03-16,2026-03-24,Approved,8,2026-04-02,2026-04-02,19,Resolved,0,,,6,1,0,0,0,10
CASE-00752,PAT-00495,REP-015,NeuroX-75mg,Cardiology,Commercial,2025-07-03,2025-07-04,1,2025-07-09,2025-07-29,Denied,20,,,,Open,0,,,4,0,,,,
CASE-00753,PAT-01133,REP-020,CardioPlus-25mg,Cardiology,Commercial,2025-10-18,2025-10-21,3,2025-10-25,2025-11-08,Appeal,14,,,,Open,0,,,9,0,,,,
CASE-00754,PAT-01940,REP-024,DrugGamma-200mg,Immunology,Medicaid,2025-12-21,2025-12-22,1,2025-12-22,2026-01-27,Approved,36,2026-01-29,2026-01-31,41,Resolved,0,,,8,0,1,0,1,37
CASE-00755,PAT-01377,REP-019,CardioPlus-25mg,Oncology,Commercial,2025-08-17,2025-08-19,2,2025-08-18,2025-09-07,Approved,20,2025-09-16,2025-09-18,32,Resolved,0,,,3,0,1,0,0,21
CASE-00756,PAT-01731,REP-015,DrugBeta-50mg,Rare Disease,Commercial,2025-07-14,2025-07-21,7,2025-07-18,2025-07-30,Appeal,12,,,,Open,0,,,6,0,,,,
CASE-00757,PAT-00473,REP-015,NeuroX-75mg,Immunology,Self-Pay,2025-12-19,2025-12-26,7,2025-12-25,2026-01-07,Approved,13,2026-01-16,2026-01-18,30,Resolved,0,,,7,0,1,1,0,19
CASE-00758,PAT-00287,REP-010,CardioPlus-25mg,Immunology,Medicare,2026-02-23,2026-02-28,5,2026-03-01,2026-03-24,Denied,23,,,,Abandoned,1,Patient Lost Contact,Post-PA,1,0,,,,
CASE-00759,PAT-01993,REP-015,NeuroX-75mg,Neurology,Medicaid,2026-02-19,2026-02-21,2,2026-02-24,2026-04-04,Denied,39,,,,Abandoned,1,Insurance Delay,During PA,0,0,,,,
CASE-00760,PAT-01111,REP-024,CardioPlus-25mg,Neurology,Commercial,2026-04-03,2026-04-04,1,2026-04-09,2026-04-12,Appeal,3,,,,Open,0,,,4,0,,,,
CASE-00761,PAT-01228,REP-015,DrugBeta-50mg,Rare Disease,Medicare,2025-10-24,2025-10-27,3,2025-10-29,2025-11-24,Approved,26,2025-12-02,2025-12-04,41,Resolved,0,,,10,1,1,1,1,31
CASE-00762,PAT-00498,REP-020,DrugBeta-50mg,Immunology,Self-Pay,2026-03-28,2026-04-01,4,2026-03-31,2026-04-14,Approved,14,,,,Abandoned,1,Cost Concerns,Post-Fulfillment,3,0,,,,
CASE-00763,PAT-00243,REP-021,CardioPlus-25mg,Rare Disease,Medicare,2025-08-22,2025-08-25,3,2025-08-29,2025-09-14,Denied,16,,,,Abandoned,1,Patient Deceased,During PA,1,0,,,,
CASE-00764,PAT-00996,REP-012,CardioPlus-25mg,Immunology,VA,2025-09-01,2025-09-03,2,2025-09-05,2025-09-12,Approved,7,2025-09-13,2025-09-18,17,Resolved,0,,,11,1,1,1,1,11
CASE-00765,PAT-00084,REP-010,CardioPlus-25mg,Rare Disease,Commercial,2026-01-30,2026-02-01,2,2026-02-01,2026-02-19,Approved,18,2026-02-21,2026-02-24,25,Resolved,0,,,5,0,1,1,1,20
CASE-00766,PAT-01873,REP-012,DrugAlpha-100mg,Rare Disease,Commercial,2025-09-30,2025-10-02,2,2025-10-05,2025-10-17,Denied,12,,,,Open,0,,,2,0,,,,
CASE-00767,PAT-01261,REP-010,DrugGamma-200mg,Rare Disease,Medicare,2025-07-28,2025-07-29,1,2025-07-29,2025-08-14,Approved,16,,,,Abandoned,1,Patient Deceased,Post-Fulfillment,0,0,,,,
CASE-00768,PAT-01364,REP-010,DrugGamma-200mg,Immunology,Commercial,2025-10-07,2025-10-13,6,2025-10-14,2025-10-19,Appeal,5,,,,Open,0,,,5,0,,,,
CASE-00769,PAT-00580,REP-012,DrugGamma-200mg,Immunology,Commercial,2026-02-20,2026-02-23,3,2026-02-22,2026-03-08,Approved,14,2026-03-10,2026-03-13,21,Resolved,0,,,11,0,1,1,1,16
CASE-00770,PAT-00942,REP-019,DrugBeta-50mg,Cardiology,Medicare,2026-04-14,2026-04-15,1,2026-04-16,,Denied,30,,,,Open,0,,,2,0,,,,
CASE-00771,PAT-01395,REP-015,NeuroX-75mg,Rare Disease,Medicare,2025-08-06,2025-08-07,1,2025-08-11,2025-08-28,Approved,17,2025-09-07,2025-09-08,33,Resolved,0,,,10,1,1,0,0,22
CASE-00772,PAT-01564,REP-004,DrugGamma-200mg,Oncology,Commercial,2026-04-23,2026-04-24,1,2026-04-29,,Approved,20,2026-05-29,2026-06-02,40,Resolved,0,,,7,1,1,1,0,26
CASE-00773,PAT-01552,REP-024,DrugBeta-50mg,Rare Disease,Medicaid,2025-09-14,2025-09-15,1,2025-09-17,2025-10-26,Approved,39,2025-10-29,2025-10-29,45,Resolved,0,,,6,0,1,1,1,42
CASE-00774,PAT-01096,REP-021,NeuroX-75mg,Oncology,Commercial,2026-02-23,2026-02-26,3,2026-02-26,2026-03-18,Approved,20,2026-03-20,2026-03-25,30,Resolved,0,,,5,0,1,0,0,23
CASE-00775,PAT-00737,REP-020,DrugAlpha-100mg,Neurology,Self-Pay,2026-03-12,2026-03-16,4,2026-03-14,2026-03-21,Approved,7,,,,Abandoned,1,Side Effect Concerns,Post-PA,1,0,,,,
CASE-00776,PAT-01039,REP-012,NeuroX-75mg,Rare Disease,Commercial,2026-03-31,2026-04-03,3,2026-04-02,2026-04-10,Approved,8,2026-04-14,2026-04-17,17,Resolved,0,,,1,1,0,0,1,10
CASE-00777,PAT-01712,REP-020,NeuroX-75mg,Rare Disease,Commercial,2026-04-19,2026-04-26,7,2026-04-25,,Approved,6,2026-05-10,2026-05-15,26,Resolved,0,,,4,0,1,1,0,12
CASE-00778,PAT-00070,REP-020,DrugGamma-200mg,Oncology,VA,2025-11-14,2025-11-17,3,2025-11-19,2025-11-30,Appeal,11,,,,Open,0,,,11,0,,,,
CASE-00779,PAT-01816,REP-012,NeuroX-75mg,Oncology,Self-Pay,2026-01-28,2026-01-30,2,2026-01-31,2026-02-09,Approved,9,2026-02-17,2026-02-18,21,Resolved,0,,,2,0,1,1,0,12
CASE-00780,PAT-00270,REP-020,CardioPlus-25mg,Rare Disease,Self-Pay,2026-04-07,2026-04-10,3,2026-04-09,2026-04-13,Approved,4,2026-04-18,2026-04-19,12,Resolved,0,,,7,0,0,0,0,6
CASE-00781,PAT-01662,REP-010,NeuroX-75mg,Cardiology,Commercial,2025-07-16,2025-07-19,3,2025-07-18,2025-08-02,Appeal,15,,,,Abandoned,1,Insurance Delay,During PA,1,0,,,,
CASE-00782,PAT-00342,REP-021,DrugAlpha-100mg,Cardiology,Commercial,2025-09-26,2025-09-27,1,2025-09-30,2025-10-15,Approved,15,2025-10-22,2025-10-24,28,Resolved,0,,,4,0,1,1,0,19
CASE-00783,PAT-01595,REP-019,NeuroX-75mg,Oncology,Commercial,2025-12-01,2025-12-04,3,2025-12-06,2025-12-13,Appeal,7,,,,Abandoned,1,Insurance Delay,During PA,1,0,,,,
CASE-00784,PAT-00446,REP-010,DrugGamma-200mg,Neurology,Medicare,2025-10-14,2025-10-15,1,2025-10-21,2025-11-04,Approved,14,2025-11-10,2025-11-15,32,Resolved,0,,,4,0,1,1,1,21
CASE-00785,PAT-00385,REP-004,DrugBeta-50mg,Oncology,Medicaid,2026-02-07,2026-02-11,4,2026-02-11,2026-02-21,Approved,10,,,,Abandoned,1,Patient Lost Contact,Post-Fulfillment,1,0,,,,
CASE-00786,PAT-00670,REP-021,NeuroX-75mg,Immunology,Commercial,2026-01-01,2026-01-02,1,2026-01-02,2026-01-13,Approved,11,2026-01-15,2026-01-18,17,Resolved,0,,,5,0,1,1,1,12
CASE-00787,PAT-00160,REP-021,NeuroX-75mg,Rare Disease,Self-Pay,2025-09-28,2025-10-01,3,2025-09-30,2025-10-03,Approved,3,2025-10-13,2025-10-13,15,Resolved,0,,,4,0,1,1,1,5
CASE-00788,PAT-01310,REP-020,DrugGamma-200mg,Cardiology,Commercial,2025-08-10,2025-08-11,1,2025-08-15,2025-08-31,Denied,16,,,,Open,0,,,1,0,,,,
CASE-00789,PAT-00280,REP-019,CardioPlus-25mg,Immunology,Medicare,2025-07-05,2025-07-07,2,2025-07-10,2025-07-22,Approved,12,2025-07-27,2025-07-27,22,Resolved,0,,,2,0,1,1,1,17
CASE-00790,PAT-01301,REP-021,DrugBeta-50mg,Immunology,Commercial,2025-11-12,2025-11-15,3,2025-11-15,2025-12-02,Approved,17,2025-12-08,2025-12-12,30,Resolved,0,,,10,0,1,1,1,20
CASE-00791,PAT-01953,REP-015,DrugBeta-50mg,Oncology,Medicare,2025-10-02,2025-10-05,3,2025-10-06,2025-11-02,Approved,27,2025-11-12,2025-11-12,41,Resolved,0,,,3,1,1,0,0,31
CASE-00792,PAT-01970,REP-015,NeuroX-75mg,Oncology,Commercial,2026-03-03,2026-03-05,2,2026-03-06,2026-03-14,Denied,8,,,,Abandoned,1,Switched Therapy,Post-PA,1,0,,,,
CASE-00793,PAT-01638,REP-004,CardioPlus-25mg,Neurology,VA,2025-11-30,2025-12-06,6,2025-12-07,2025-12-11,Approved,4,2025-12-18,2025-12-18,18,Resolved,0,,,12,0,1,1,1,11
CASE-00794,PAT-00286,REP-020,CardioPlus-25mg,Cardiology,Commercial,2026-04-29,2026-04-30,1,2026-05-05,,Approved,20,2026-05-28,2026-05-30,31,Resolved,0,,,1,1,1,1,0,26
CASE-00795,PAT-01980,REP-010,DrugBeta-50mg,Cardiology,Commercial,2025-08-26,2025-08-29,3,2025-08-29,2025-09-03,Approved,5,2025-09-07,2025-09-07,12,Resolved,0,,,5,0,1,0,0,8
CASE-00796,PAT-00939,REP-021,DrugGamma-200mg,Cardiology,Medicaid,2026-03-07,2026-03-08,1,2026-03-13,2026-04-27,Approved,45,2026-05-03,2026-05-08,62,Resolved,0,,,7,0,0,1,1,51
CASE-00797,PAT-01558,REP-024,DrugAlpha-100mg,Rare Disease,Medicare,2025-12-07,2025-12-12,5,2025-12-13,2025-12-31,Approved,18,,,,Abandoned,1,Patient Lost Contact,Post-Fulfillment,4,0,,,,
CASE-00798,PAT-01263,REP-004,NeuroX-75mg,Neurology,Medicare,2025-12-21,2025-12-28,7,2025-12-28,2026-01-16,Appeal,19,,,,In Progress,0,,,2,0,,,,
CASE-00799,PAT-00155,REP-021,DrugBeta-50mg,Immunology,Commercial,2026-04-10,2026-04-13,3,2026-04-15,,Approved,21,,,,Abandoned,1,Insurance Delay,Post-PA,2,0,,,,
CASE-00800,PAT-00706,REP-024,DrugAlpha-100mg,Cardiology,Self-Pay,2025-08-14,2025-08-17,3,2025-08-19,2025-08-28,Approved,9,2025-09-07,2025-09-08,25,Resolved,0,,,12,0,1,1,1,14
CASE-00801,PAT-01012,REP-010,DrugBeta-50mg,Immunology,Commercial,2026-03-09,2026-03-10,1,2026-03-15,2026-03-21,Approved,6,2026-03-28,2026-03-30,21,Resolved,0,,,7,0,0,1,0,12
CASE-00802,PAT-01925,REP-015,CardioPlus-25mg,Immunology,Medicaid,2026-01-28,2026-01-31,3,2026-01-31,2026-02-17,Denied,17,,,,Abandoned,1,Unknown,During PA,2,0,,,,
CASE-00803,PAT-00786,REP-010,NeuroX-75mg,Oncology,Commercial,2026-04-25,2026-04-28,3,2026-05-02,,Approved,19,2026-05-28,2026-05-30,35,Resolved,0,,,3,0,0,0,0,26
CASE-00804,PAT-00107,REP-004,DrugGamma-200mg,Cardiology,Medicare,2026-02-22,2026-02-26,4,2026-02-26,2026-03-09,Denied,11,,,,Abandoned,1,Switched Therapy,During PA,0,0,,,,
CASE-00805,PAT-00992,REP-012,CardioPlus-25mg,Neurology,Commercial,2026-03-03,2026-03-04,1,2026-03-10,2026-03-28,Approved,18,2026-03-30,2026-04-03,31,Resolved,0,,,7,0,1,1,1,25
CASE-00806,PAT-00147,REP-010,CardioPlus-25mg,Rare Disease,Medicare,2025-12-04,2025-12-06,2,2025-12-10,2026-01-07,Denied,28,,,,Abandoned,1,Patient Lost Contact,During PA,0,0,,,,
CASE-00807,PAT-01368,REP-020,DrugAlpha-100mg,Immunology,Self-Pay,2026-04-11,2026-04-18,7,2026-04-16,2026-04-21,Approved,5,2026-05-01,2026-05-02,21,Resolved,0,,,10,0,1,1,0,10
CASE-00808,PAT-01446,REP-019,DrugGamma-200mg,Cardiology,Self-Pay,2025-08-21,2025-08-24,3,2025-08-23,2025-08-26,Approved,3,2025-08-27,2025-08-30,9,Resolved,0,,,7,0,1,1,0,5
CASE-00809,PAT-01866,REP-010,CardioPlus-25mg,Rare Disease,Self-Pay,2025-09-12,2025-09-14,2,2025-09-18,2025-10-02,Approved,14,2025-10-10,2025-10-14,32,Resolved,0,,,8,0,1,1,1,20
CASE-00810,PAT-00281,REP-012,DrugAlpha-100mg,Immunology,Self-Pay,2025-07-11,2025-07-15,4,2025-07-18,2025-07-31,Approved,13,2025-08-03,2025-08-06,26,Resolved,0,,,11,0,1,1,0,20
CASE-00811,PAT-01282,REP-015,CardioPlus-25mg,Neurology,Medicare,2025-07-22,2025-07-23,1,2025-07-23,2025-08-20,Denied,28,,,,In Progress,0,,,4,0,,,,
CASE-00812,PAT-01171,REP-019,DrugAlpha-100mg,Cardiology,Commercial,2025-10-31,2025-11-05,5,2025-11-05,2025-11-09,Approved,4,2025-11-17,2025-11-19,19,Resolved,0,,,6,1,1,0,0,9
CASE-00813,PAT-01944,REP-010,DrugBeta-50mg,Rare Disease,Commercial,2026-04-30,2026-05-02,2,2026-05-02,,Approved,12,2026-05-19,2026-05-19,19,Resolved,0,,,3,0,1,0,0,14
CASE-00814,PAT-01817,REP-012,DrugBeta-50mg,Cardiology,Commercial,2026-02-14,2026-02-21,7,2026-02-16,2026-03-09,Approved,21,2026-03-11,2026-03-12,26,Resolved,0,,,8,0,1,1,1,23
CASE-00815,PAT-01881,REP-020,DrugBeta-50mg,Neurology,Commercial,2025-07-28,2025-08-03,6,2025-07-29,2025-08-06,Appeal,8,,,,Open,0,,,9,0,,,,
CASE-00816,PAT-00777,REP-012,DrugBeta-50mg,Rare Disease,Medicare,2025-07-08,2025-07-09,1,2025-07-09,2025-07-15,Approved,6,2025-07-25,2025-07-27,19,Resolved,0,,,3,0,1,1,1,7
CASE-00817,PAT-00945,REP-004,DrugBeta-50mg,Immunology,Commercial,2025-08-28,2025-08-31,3,2025-09-04,2025-09-18,Approved,14,,,,Abandoned,1,Side Effect Concerns,Post-Fulfillment,3,0,,,,
CASE-00818,PAT-00136,REP-010,NeuroX-75mg,Oncology,Medicare,2026-02-26,2026-03-03,5,2026-03-05,2026-03-16,Approved,11,2026-03-22,2026-03-23,25,Resolved,0,,,4,1,1,1,1,18
CASE-00819,PAT-00713,REP-019,CardioPlus-25mg,Immunology,Medicare,2025-10-23,2025-10-24,1,2025-10-24,2025-11-13,Denied,20,,,,Abandoned,1,Patient Lost Contact,During PA,1,0,,,,
CASE-00820,PAT-01916,REP-004,DrugAlpha-100mg,Neurology,Medicare,2025-11-02,2025-11-05,3,2025-11-09,2025-11-21,Denied,12,,,,Open,0,,,2,0,,,,
CASE-00821,PAT-00326,REP-024,NeuroX-75mg,Oncology,Commercial,2025-09-27,2025-09-29,2,2025-09-29,2025-10-14,Approved,15,2025-10-17,2025-10-20,23,Resolved,0,,,4,0,1,0,0,17
CASE-00822,PAT-00160,REP-021,NeuroX-75mg,Rare Disease,Self-Pay,2026-04-24,2026-04-26,2,2026-04-26,2026-04-28,Approved,2,2026-04-30,2026-05-04,10,Resolved,0,,,12,0,1,1,0,4
CASE-00823,PAT-00868,REP-012,DrugGamma-200mg,Cardiology,Medicaid,2025-08-09,2025-08-13,4,2025-08-14,2025-08-27,Approved,13,2025-08-29,2025-09-03,25,Resolved,0,,,11,0,1,0,0,18
CASE-00824,PAT-00634,REP-004,NeuroX-75mg,Oncology,Commercial,2026-03-03,2026-03-06,3,2026-03-04,2026-03-07,Denied,3,,,,Abandoned,1,Switched Therapy,Post-PA,3,0,,,,
CASE-00825,PAT-01719,REP-020,DrugAlpha-100mg,Oncology,Commercial,2025-09-29,2025-09-30,1,2025-10-02,2025-10-08,Approved,6,2025-10-11,2025-10-11,12,Resolved,0,,,8,1,1,0,0,9
CASE-00826,PAT-00624,REP-024,DrugBeta-50mg,Immunology,Commercial,2026-02-27,2026-03-02,3,2026-03-02,2026-03-12,Appeal,10,,,,Abandoned,1,Insurance Delay,During PA,1,0,,,,
CASE-00827,PAT-00010,REP-020,DrugGamma-200mg,Rare Disease,Medicaid,2025-12-26,2025-12-27,1,2026-01-01,2026-02-04,Approved,34,2026-02-08,2026-02-08,44,Resolved,0,,,10,1,1,1,1,40
CASE-00828,PAT-01925,REP-015,CardioPlus-25mg,Immunology,Medicaid,2026-01-04,2026-01-08,4,2026-01-11,2026-01-28,Approved,17,2026-02-07,2026-02-07,34,Resolved,0,,,7,0,1,1,1,24
CASE-00829,PAT-01297,REP-010,DrugAlpha-100mg,Cardiology,Commercial,2025-10-05,2025-10-07,2,2025-10-06,2025-10-22,Approved,16,2025-10-30,2025-10-31,26,Resolved,0,,,8,1,0,0,0,17
CASE-00830,PAT-00420,REP-010,DrugBeta-50mg,Oncology,Medicaid,2026-01-11,2026-01-12,1,2026-01-13,2026-02-01,Approved,19,2026-02-08,2026-02-08,28,Resolved,0,,,5,0,1,0,0,21
CASE-00831,PAT-01048,REP-021,NeuroX-75mg,Oncology,Commercial,2026-02-08,2026-02-11,3,2026-02-12,2026-02-16,Approved,4,2026-02-25,2026-02-25,17,Resolved,0,,,11,1,0,0,1,8
CASE-00832,PAT-00115,REP-015,NeuroX-75mg,Neurology,Commercial,2026-01-02,2026-01-03,1,2026-01-09,2026-01-23,Approved,14,,,,Abandoned,1,Unknown,Post-PA,0,0,,,,
CASE-00833,PAT-01290,REP-015,DrugAlpha-100mg,Immunology,Commercial,2025-08-07,2025-08-10,3,2025-08-09,2025-08-19,Approved,10,2025-08-25,2025-08-25,18,Resolved,0,,,6,0,1,1,0,12
CASE-00834,PAT-01842,REP-021,DrugBeta-50mg,Rare Disease,Medicare,2025-11-17,2025-11-24,7,2025-11-23,2025-12-19,Approved,26,2025-12-23,2025-12-28,41,Resolved,0,,,6,0,1,0,0,32
CASE-00835,PAT-01161,REP-021,DrugAlpha-100mg,Cardiology,Commercial,2025-11-28,2025-11-29,1,2025-11-30,2025-12-06,Approved,6,2025-12-10,2025-12-14,16,Resolved,0,,,8,1,1,1,1,8
CASE-00836,PAT-00864,REP-010,NeuroX-75mg,Rare Disease,Commercial,2025-12-12,2025-12-14,2,2025-12-13,2025-12-31,Approved,18,2026-01-09,2026-01-11,30,Resolved,0,,,5,1,0,0,0,19
CASE-00837,PAT-01626,REP-019,DrugAlpha-100mg,Immunology,Commercial,2026-01-22,2026-01-23,1,2026-01-23,2026-02-09,Appeal,17,,,,Open,0,,,3,0,,,,
CASE-00838,PAT-00517,REP-015,DrugGamma-200mg,Immunology,Commercial,2025-10-22,2025-10-23,1,2025-10-28,2025-11-09,Approved,12,2025-11-19,2025-11-22,31,Resolved,0,,,12,1,1,1,1,18
CASE-00839,PAT-00093,REP-020,CardioPlus-25mg,Rare Disease,Commercial,2025-08-31,2025-09-01,1,2025-09-03,2025-09-09,Approved,6,2025-09-18,2025-09-23,23,Resolved,0,,,6,1,0,0,0,9
CASE-00840,PAT-01679,REP-019,DrugBeta-50mg,Neurology,Medicaid,2025-10-05,2025-10-07,2,2025-10-06,2025-11-20,Approved,45,2025-11-24,2025-11-27,53,Resolved,0,,,10,0,0,0,1,46
CASE-00841,PAT-01299,REP-015,CardioPlus-25mg,Neurology,Medicare,2025-12-16,2025-12-18,2,2025-12-22,2026-01-08,Approved,17,2026-01-16,2026-01-17,32,Resolved,0,,,1,0,1,0,1,23
CASE-00842,PAT-00354,REP-019,CardioPlus-25mg,Oncology,Commercial,2025-12-15,2025-12-19,4,2025-12-20,2026-01-02,Denied,13,,,,Abandoned,1,Patient Deceased,Post-PA,4,0,,,,
CASE-00843,PAT-00479,REP-021,NeuroX-75mg,Cardiology,Commercial,2026-02-20,2026-02-22,2,2026-02-22,2026-02-27,Approved,5,2026-03-07,2026-03-07,15,Resolved,0,,,9,0,1,0,0,7
CASE-00844,PAT-00949,REP-012,NeuroX-75mg,Oncology,Commercial,2026-03-16,2026-03-20,4,2026-03-21,2026-03-31,Approved,10,2026-04-05,2026-04-08,23,Resolved,0,,,8,1,1,1,0,15
CASE-00845,PAT-01380,REP-019,DrugAlpha-100mg,Neurology,Medicare,2025-09-23,2025-09-24,1,2025-09-26,2025-10-07,Approved,11,2025-10-14,2025-10-15,22,Resolved,0,,,12,1,1,1,1,14
CASE-00846,PAT-01638,REP-010,CardioPlus-25mg,Neurology,VA,2025-12-20,2025-12-21,1,2025-12-27,2026-01-03,Appeal,7,,,,Abandoned,1,Patient Deceased,During PA,1,0,,,,
CASE-00847,PAT-00148,REP-010,DrugBeta-50mg,Oncology,Commercial,2026-02-15,2026-02-17,2,2026-02-21,2026-03-08,Approved,15,2026-03-11,2026-03-11,24,Resolved,0,,,11,1,1,1,0,21
CASE-00848,PAT-01813,REP-024,DrugBeta-50mg,Rare Disease,Medicare,2025-12-14,2025-12-17,3,2025-12-20,2026-01-03,Approved,14,2026-01-05,2026-01-05,22,Resolved,0,,,1,0,0,0,0,20
CASE-00849,PAT-01796,REP-015,DrugAlpha-100mg,Oncology,Commercial,2026-04-24,2026-04-25,1,2026-04-25,2026-04-30,Approved,5,2026-05-04,2026-05-09,15,Resolved,0,,,11,0,1,1,0,6
CASE-00850,PAT-00340,REP-019,CardioPlus-25mg,Cardiology,Medicare,2025-11-09,2025-11-11,2,2025-11-14,2025-11-28,Approved,14,2025-12-06,2025-12-09,30,Resolved,0,,,4,1,1,0,0,19
CASE-00851,PAT-00044,REP-004,DrugBeta-50mg,Oncology,Medicare,2025-10-08,2025-10-09,1,2025-10-10,2025-10-20,Approved,10,2025-10-25,2025-10-30,22,Resolved,0,,,12,0,1,1,1,12
CASE-00852,PAT-01883,REP-015,NeuroX-75mg,Oncology,Medicare,2025-09-06,2025-09-08,2,2025-09-09,2025-09-14,Denied,5,,,,Abandoned,1,Patient Deceased,During PA,3,0,,,,
CASE-00853,PAT-00466,REP-024,DrugBeta-50mg,Oncology,Commercial,2026-01-26,2026-01-30,4,2026-01-30,2026-02-11,Denied,12,,,,Abandoned,1,Unknown,During PA,4,0,,,,
CASE-00854,PAT-01903,REP-010,DrugGamma-200mg,Cardiology,Medicare,2025-08-16,2025-08-18,2,2025-08-17,2025-08-22,Approved,5,2025-08-26,2025-08-29,13,Resolved,0,,,1,0,1,0,0,6
CASE-00855,PAT-01882,REP-004,CardioPlus-25mg,Rare Disease,Medicare,2025-09-17,2025-09-19,2,2025-09-24,2025-10-15,Pending,21,,,,Abandoned,1,Unknown,Pre-PA,0,0,,,,
CASE-00856,PAT-01059,REP-021,DrugGamma-200mg,Neurology,Commercial,2026-04-29,2026-05-04,5,2026-04-30,,Approved,13,2026-05-20,2026-05-21,22,Resolved,0,,,10,0,1,1,0,14
CASE-00857,PAT-01637,REP-012,CardioPlus-25mg,Cardiology,Medicaid,2025-08-24,2025-08-28,4,2025-08-31,2025-09-25,Denied,25,,,,Abandoned,1,Patient Deceased,Post-PA,0,0,,,,
CASE-00858,PAT-00653,REP-010,DrugGamma-200mg,Immunology,Commercial,2026-03-31,2026-04-02,2,2026-04-01,2026-04-20,Approved,19,2026-04-25,2026-04-27,27,Resolved,0,,,9,0,1,0,0,20
CASE-00859,PAT-00763,REP-012,CardioPlus-25mg,Oncology,Self-Pay,2026-02-12,2026-02-19,7,2026-02-14,2026-02-25,Approved,11,2026-03-07,2026-03-11,27,Resolved,0,,,2,0,1,1,1,13
CASE-00860,PAT-01526,REP-020,NeuroX-75mg,Cardiology,Commercial,2025-07-17,2025-07-19,2,2025-07-22,2025-07-27,Approved,5,2025-08-05,2025-08-10,24,Resolved,0,,,3,1,1,0,1,10
CASE-00861,PAT-01024,REP-024,NeuroX-75mg,Rare Disease,Medicare,2026-03-16,2026-03-19,3,2026-03-20,2026-04-02,Approved,13,2026-04-11,2026-04-11,26,Resolved,0,,,9,1,1,1,1,17
CASE-00862,PAT-01157,REP-024,DrugBeta-50mg,Cardiology,Commercial,2025-11-22,2025-11-25,3,2025-11-25,2025-12-14,Denied,19,,,,Open,0,,,5,0,,,,
CASE-00863,PAT-00529,REP-015,DrugAlpha-100mg,Oncology,Commercial,2025-08-03,2025-08-04,1,2025-08-08,2025-08-11,Approved,3,2025-08-15,2025-08-16,13,Resolved,0,,,6,0,1,1,0,8
CASE-00864,PAT-00938,REP-021,DrugBeta-50mg,Oncology,Commercial,2026-02-23,2026-02-25,2,2026-02-28,2026-03-08,Approved,8,2026-03-17,2026-03-19,24,Resolved,0,,,11,0,1,1,1,13
CASE-00865,PAT-01401,REP-021,DrugGamma-200mg,Oncology,Self-Pay,2025-07-11,2025-07-17,6,2025-07-16,2025-07-23,Approved,7,2025-08-02,2025-08-06,26,Resolved,0,,,2,0,1,1,1,12
CASE-00866,PAT-00550,REP-015,NeuroX-75mg,Cardiology,Commercial,2026-04-16,2026-04-18,2,2026-04-23,,Approved,11,2026-05-07,2026-05-09,23,Resolved,0,,,9,1,0,0,1,18
CASE-00867,PAT-01884,REP-010,DrugGamma-200mg,Oncology,VA,2025-11-02,2025-11-04,2,2025-11-05,2025-11-07,Approved,2,2025-11-12,2025-11-14,12,Resolved,0,,,4,0,1,0,1,5
CASE-00868,PAT-01943,REP-024,DrugAlpha-100mg,Rare Disease,Commercial,2025-08-17,2025-08-21,4,2025-08-18,2025-08-22,Appeal,4,,,,Open,0,,,9,0,,,,
CASE-00869,PAT-00332,REP-010,DrugGamma-200mg,Immunology,Commercial,2026-03-28,2026-03-29,1,2026-04-04,2026-04-11,Approved,7,2026-04-16,2026-04-20,23,Resolved,0,,,1,1,0,0,0,14
CASE-00870,PAT-00553,REP-010,NeuroX-75mg,Immunology,Medicaid,2025-08-14,2025-08-18,4,2025-08-19,2025-09-21,Appeal,33,,,,In Progress,0,,,3,0,,,,
CASE-00871,PAT-01172,REP-012,DrugGamma-200mg,Neurology,Commercial,2025-11-08,2025-11-11,3,2025-11-14,2025-11-22,Approved,8,2025-12-01,2025-12-02,24,Resolved,0,,,12,0,1,1,1,14
CASE-00872,PAT-00892,REP-021,DrugAlpha-100mg,Immunology,Medicare,2025-08-04,2025-08-06,2,2025-08-09,2025-08-15,Approved,6,,,,Abandoned,1,Patient Lost Contact,Post-Fulfillment,0,0,,,,
CASE-00873,PAT-00584,REP-010,DrugBeta-50mg,Rare Disease,Medicare,2026-02-12,2026-02-15,3,2026-02-18,2026-03-17,Approved,27,2026-03-18,2026-03-20,36,Resolved,0,,,10,0,1,0,0,33
CASE-00874,PAT-00419,REP-020,DrugAlpha-100mg,Cardiology,Commercial,2026-04-26,2026-04-28,2,2026-04-29,,Denied,4,,,,Open,0,,,10,0,,,,
CASE-00875,PAT-01313,REP-004,CardioPlus-25mg,Rare Disease,Commercial,2026-03-15,2026-03-17,2,2026-03-18,2026-03-30,Appeal,12,,,,In Progress,0,,,4,0,,,,
CASE-00876,PAT-01944,REP-004,DrugBeta-50mg,Rare Disease,Commercial,2025-08-22,2025-08-24,2,2025-08-28,2025-09-10,Denied,13,,,,Open,0,,,8,0,,,,
CASE-00877,PAT-01390,REP-004,DrugBeta-50mg,Immunology,VA,2025-09-02,2025-09-05,3,2025-09-08,2025-09-16,Approved,8,2025-09-19,2025-09-24,22,Resolved,0,,,12,0,1,1,1,14
CASE-00878,PAT-00288,REP-021,NeuroX-75mg,Neurology,Commercial,2025-09-25,2025-09-28,3,2025-09-27,2025-10-06,Denied,9,,,,Open,0,,,1,0,,,,
CASE-00879,PAT-01404,REP-019,CardioPlus-25mg,Cardiology,Commercial,2025-12-09,2025-12-12,3,2025-12-12,2025-12-29,Denied,17,,,,Open,0,,,9,0,,,,
CASE-00880,PAT-00890,REP-019,DrugGamma-200mg,Cardiology,Commercial,2026-02-20,2026-02-23,3,2026-02-22,2026-02-26,Approved,4,2026-03-05,2026-03-09,17,Resolved,0,,,7,0,1,1,1,6
CASE-00881,PAT-00882,REP-019,DrugAlpha-100mg,Rare Disease,Commercial,2026-02-04,2026-02-08,4,2026-02-10,2026-02-17,Approved,7,2026-02-23,2026-02-23,19,Resolved,0,,,1,0,1,0,0,13
CASE-00882,PAT-00433,REP-019,DrugAlpha-100mg,Rare Disease,Commercial,2026-01-25,2026-01-27,2,2026-02-01,2026-02-12,Approved,11,2026-02-21,2026-02-22,28,Resolved,0,,,5,0,1,0,1,18
CASE-00883,PAT-00217,REP-020,DrugBeta-50mg,Rare Disease,Medicare,2025-10-30,2025-11-01,2,2025-11-04,2025-11-27,Denied,23,,,,In Progress,0,,,11,0,,,,
CASE-00884,PAT-00360,REP-010,DrugAlpha-100mg,Rare Disease,Commercial,2025-09-28,2025-09-29,1,2025-10-03,2025-10-14,Denied,11,,,,In Progress,0,,,5,0,,,,
CASE-00885,PAT-00525,REP-012,DrugGamma-200mg,Neurology,Medicare,2025-08-30,2025-09-01,2,2025-09-04,2025-09-15,Denied,11,,,,Open,0,,,9,0,,,,
CASE-00886,PAT-00277,REP-004,NeuroX-75mg,Neurology,Medicaid,2026-03-22,2026-03-25,3,2026-03-28,,Approved,45,2026-05-16,2026-05-20,59,Resolved,0,,,9,1,1,1,1,51
CASE-00887,PAT-00339,REP-021,DrugAlpha-100mg,Cardiology,Commercial,2025-11-11,2025-11-16,5,2025-11-18,2025-12-07,Approved,19,2025-12-12,2025-12-16,35,Resolved,0,,,1,0,1,0,0,26
CASE-00888,PAT-01508,REP-020,DrugAlpha-100mg,Neurology,Medicare,2025-12-20,2025-12-21,1,2025-12-26,2026-01-20,Approved,25,2026-01-24,2026-01-28,39,Resolved,0,,,11,0,1,0,1,31
CASE-00889,PAT-00593,REP-021,NeuroX-75mg,Oncology,Medicare,2026-04-10,2026-04-13,3,2026-04-17,,Approved,17,2026-05-05,2026-05-05,25,Resolved,0,,,1,1,1,0,0,24
CASE-00890,PAT-01869,REP-019,DrugAlpha-100mg,Rare Disease,Commercial,2026-02-22,2026-02-24,2,2026-02-28,2026-03-15,Approved,15,2026-03-25,2026-03-28,34,Resolved,0,,,1,1,0,0,1,21
CASE-00891,PAT-00528,REP-010,DrugGamma-200mg,Rare Disease,Medicare,2026-03-14,2026-03-18,4,2026-03-19,2026-04-04,Approved,16,2026-04-08,2026-04-08,25,Resolved,0,,,1,0,1,1,0,21
CASE-00892,PAT-00966,REP-004,DrugBeta-50mg,Cardiology,Commercial,2025-10-19,2025-10-22,3,2025-10-23,2025-11-12,Approved,20,2025-11-13,2025-11-14,26,Resolved,0,,,10,1,1,1,0,24
CASE-00893,PAT-00983,REP-020,DrugBeta-50mg,Cardiology,Medicare,2025-12-29,2025-12-30,1,2025-12-31,2026-01-09,Approved,9,2026-01-10,2026-01-15,17,Resolved,0,,,8,0,1,1,0,11
CASE-00894,PAT-01257,REP-024,DrugAlpha-100mg,Oncology,Commercial,2025-12-12,2025-12-13,1,2025-12-19,2026-01-02,Approved,14,2026-01-12,2026-01-17,36,Resolved,0,,,6,0,1,1,0,21
CASE-00895,PAT-00935,REP-012,DrugAlpha-100mg,Cardiology,Commercial,2025-09-04,2025-09-06,2,2025-09-06,2025-09-21,Approved,15,2025-09-25,2025-09-26,22,Resolved,0,,,8,0,1,1,0,17
CASE-00896,PAT-00182,REP-015,DrugGamma-200mg,Rare Disease,Commercial,2026-01-01,2026-01-04,3,2026-01-03,2026-01-23,Approved,20,2026-01-26,2026-01-31,30,Resolved,0,,,4,0,1,0,0,22
CASE-00897,PAT-00423,REP-004,DrugGamma-200mg,Cardiology,Commercial,2025-07-22,2025-07-25,3,2025-07-29,2025-08-19,Approved,21,,,,Abandoned,1,Insurance Delay,Post-Fulfillment,3,0,,,,
CASE-00898,PAT-00724,REP-019,DrugBeta-50mg,Neurology,Medicaid,2026-02-09,2026-02-15,6,2026-02-15,2026-02-27,Approved,12,2026-03-06,2026-03-09,28,Resolved,0,,,9,0,1,1,1,18
CASE-00899,PAT-00373,REP-020,NeuroX-75mg,Oncology,VA,2025-10-18,2025-10-19,1,2025-10-22,2025-11-02,Denied,11,,,,In Progress,0,,,3,0,,,,
CASE-00900,PAT-00362,REP-024,DrugBeta-50mg,Rare Disease,Medicare,2025-07-15,2025-07-18,3,2025-07-22,2025-08-04,Approved,13,2025-08-14,2025-08-17,33,Resolved,0,,,10,1,1,0,0,20
CASE-00901,PAT-01176,REP-004,DrugBeta-50mg,Cardiology,Medicaid,2026-04-20,2026-04-23,3,2026-04-26,,Approved,45,2026-06-15,2026-06-19,60,Resolved,0,,,12,1,1,0,1,51
CASE-00902,PAT-00541,REP-004,DrugBeta-50mg,Cardiology,Medicare,2025-11-15,2025-11-16,1,2025-11-20,2025-12-08,Pending,18,,,,Abandoned,1,Side Effect Concerns,During PA,4,0,,,,
CASE-00903,PAT-00028,REP-010,DrugAlpha-100mg,Neurology,Commercial,2026-02-07,2026-02-10,3,2026-02-11,2026-02-22,Approved,11,2026-02-26,2026-02-28,21,Resolved,0,,,9,0,0,0,1,15
CASE-00904,PAT-01774,REP-010,DrugBeta-50mg,Oncology,Self-Pay,2026-03-01,2026-03-06,5,2026-03-06,2026-03-18,Approved,12,2026-03-21,2026-03-23,22,Resolved,0,,,10,0,1,1,1,17
CASE-00905,PAT-00438,REP-021,DrugBeta-50mg,Oncology,Medicare,2026-04-19,2026-04-26,7,2026-04-20,,Denied,23,,,,Abandoned,1,Switched Therapy,Post-PA,4,0,,,,
CASE-00906,PAT-00462,REP-015,NeuroX-75mg,Neurology,Medicare,2025-08-05,2025-08-06,1,2025-08-12,2025-09-02,Approved,21,2025-09-11,2025-09-14,40,Resolved,0,,,6,0,1,1,1,28
CASE-00907,PAT-00440,REP-019,NeuroX-75mg,Immunology,Commercial,2025-08-05,2025-08-08,3,2025-08-11,2025-08-29,Approved,18,2025-08-30,2025-09-04,30,Resolved,0,,,12,0,1,0,0,24
CASE-00908,PAT-00888,REP-004,DrugAlpha-100mg,Oncology,Medicare,2025-07-04,2025-07-05,1,2025-07-10,2025-07-20,Pending,10,,,,Open,0,,,3,0,,,,
CASE-00909,PAT-01596,REP-015,DrugGamma-200mg,Oncology,Medicaid,2025-10-08,2025-10-14,6,2025-10-09,2025-10-25,Approved,16,2025-10-28,2025-10-29,21,Resolved,0,,,5,0,0,1,0,17
CASE-00910,PAT-01576,REP-020,NeuroX-75mg,Neurology,Commercial,2025-07-24,2025-07-27,3,2025-07-30,2025-08-08,Approved,9,2025-08-13,2025-08-15,22,Resolved,0,,,11,0,1,1,0,15
CASE-00911,PAT-00638,REP-015,DrugGamma-200mg,Rare Disease,Commercial,2025-12-18,2025-12-20,2,2025-12-19,2025-12-29,Approved,10,2026-01-06,2026-01-07,20,Resolved,0,,,2,0,1,1,1,11
CASE-00912,PAT-00258,REP-012,DrugBeta-50mg,Oncology,Medicare,2025-10-31,2025-11-04,4,2025-11-04,2025-11-25,Approved,21,,,,Abandoned,1,Patient Deceased,Post-Fulfillment,2,0,,,,
CASE-00913,PAT-00791,REP-020,DrugBeta-50mg,Neurology,Commercial,2025-09-26,2025-09-29,3,2025-10-03,2025-10-23,Approved,20,2025-10-27,2025-10-27,31,Resolved,0,,,5,0,1,0,0,27
CASE-00914,PAT-01185,REP-015,DrugBeta-50mg,Cardiology,Commercial,2026-04-28,2026-05-02,4,2026-05-02,,Appeal,10,,,,Abandoned,1,Switched Therapy,During PA,3,0,,,,
CASE-00915,PAT-01485,REP-004,DrugGamma-200mg,Rare Disease,Medicare,2025-08-02,2025-08-06,4,2025-08-04,2025-08-30,Approved,26,2025-09-09,2025-09-12,41,Resolved,0,,,2,0,1,1,1,28
CASE-00916,PAT-00363,REP-021,CardioPlus-25mg,Cardiology,VA,2025-11-09,2025-11-14,5,2025-11-10,2025-11-15,Approved,5,2025-11-24,2025-11-26,17,Resolved,0,,,11,0,1,1,0,6
CASE-00917,PAT-00251,REP-015,DrugAlpha-100mg,Immunology,Commercial,2025-08-06,2025-08-13,7,2025-08-09,2025-08-21,Approved,12,2025-08-25,2025-08-26,20,Resolved,0,,,6,0,1,1,1,15
CASE-00918,PAT-00560,REP-010,CardioPlus-25mg,Cardiology,Commercial,2025-11-27,2025-11-30,3,2025-11-29,2025-12-07,Denied,8,,,,Abandoned,1,Patient Lost Contact,During PA,2,0,,,,
CASE-00919,PAT-00198,REP-012,DrugAlpha-100mg,Rare Disease,Commercial,2026-04-30,2026-05-02,2,2026-05-05,,Approved,17,2026-05-28,2026-05-30,30,Resolved,0,,,1,0,1,0,0,22
CASE-00920,PAT-01886,REP-019,DrugGamma-200mg,Immunology,Commercial,2025-09-19,2025-09-23,4,2025-09-20,2025-09-23,Approved,3,2025-09-30,2025-10-05,16,Resolved,0,,,3,0,0,1,1,4
CASE-00921,PAT-01307,REP-020,DrugGamma-200mg,Immunology,Medicaid,2025-09-19,2025-09-21,2,2025-09-22,2025-10-20,Approved,28,2025-10-26,2025-10-29,40,Resolved,0,,,6,1,1,0,1,31
CASE-00922,PAT-01146,REP-021,DrugBeta-50mg,Rare Disease,Medicare,2026-02-08,2026-02-11,3,2026-02-11,2026-03-13,Pending,30,,,,Open,0,,,4,0,,,,
CASE-00923,PAT-01071,REP-020,NeuroX-75mg,Immunology,Commercial,2026-02-22,2026-02-26,4,2026-02-24,2026-03-02,Approved,6,2026-03-08,2026-03-12,18,Resolved,0,,,5,0,1,1,1,8
CASE-00924,PAT-00286,REP-020,CardioPlus-25mg,Cardiology,Commercial,2026-01-04,2026-01-05,1,2026-01-08,2026-01-21,Appeal,13,,,,In Progress,0,,,10,0,,,,
CASE-00925,PAT-01145,REP-020,CardioPlus-25mg,Immunology,VA,2025-09-26,2025-09-28,2,2025-09-28,2025-10-12,Approved,14,2025-10-15,2025-10-15,19,Resolved,0,,,4,0,1,1,1,16
CASE-00926,PAT-01860,REP-024,DrugAlpha-100mg,Neurology,Medicare,2025-10-01,2025-10-03,2,2025-10-05,2025-10-23,Approved,18,2025-10-27,2025-10-29,28,Resolved,0,,,5,0,0,1,1,22
CASE-00927,PAT-01505,REP-021,DrugGamma-200mg,Cardiology,Medicare,2025-08-15,2025-08-19,4,2025-08-17,2025-09-08,Pending,22,,,,Open,0,,,3,0,,,,
CASE-00928,PAT-00739,REP-015,DrugAlpha-100mg,Immunology,Commercial,2025-12-01,2025-12-08,7,2025-12-06,2025-12-25,Denied,19,,,,Abandoned,1,Unknown,Post-PA,4,0,,,,
CASE-00929,PAT-00215,REP-020,DrugBeta-50mg,Cardiology,Commercial,2026-03-24,2026-03-26,2,2026-03-30,2026-04-10,Denied,11,,,,In Progress,0,,,8,0,,,,
CASE-00930,PAT-00407,REP-024,CardioPlus-25mg,Neurology,Medicare,2026-03-27,2026-03-28,1,2026-04-03,2026-04-14,Approved,11,2026-04-21,2026-04-24,28,Resolved,0,,,4,0,1,1,1,18
CASE-00931,PAT-00672,REP-012,NeuroX-75mg,Rare Disease,Medicare,2025-09-03,2025-09-06,3,2025-09-05,2025-09-28,Approved,23,,,,Abandoned,1,Switched Therapy,Post-PA,0,0,,,,
CASE-00932,PAT-01918,REP-024,DrugGamma-200mg,Cardiology,Commercial,2025-11-20,2025-11-21,1,2025-11-25,2025-12-16,Approved,21,2025-12-26,2025-12-28,38,Resolved,0,,,5,0,1,0,0,26
CASE-00933,PAT-01872,REP-004,DrugBeta-50mg,Cardiology,Commercial,2026-04-29,2026-05-01,2,2026-05-02,,Appeal,9,,,,Abandoned,1,Patient Lost Contact,During PA,4,0,,,,
CASE-00934,PAT-00176,REP-015,DrugBeta-50mg,Oncology,Medicaid,2026-04-28,2026-05-01,3,2026-05-03,,Approved,26,2026-06-05,2026-06-08,41,Resolved,0,,,7,0,0,0,0,31
CASE-00935,PAT-00479,REP-012,NeuroX-75mg,Cardiology,Commercial,2026-04-16,2026-04-18,2,2026-04-20,,Approved,14,2026-05-05,2026-05-09,23,Resolved,0,,,6,0,1,0,0,18
CASE-00936,PAT-01906,REP-024,DrugGamma-200mg,Rare Disease,Medicare,2026-04-23,2026-04-28,5,2026-04-30,,Approved,11,2026-05-17,2026-05-20,27,Resolved,0,,,8,1,1,1,1,18
CASE-00937,PAT-00406,REP-012,DrugAlpha-100mg,Cardiology,Self-Pay,2026-01-03,2026-01-05,2,2026-01-05,2026-01-10,Approved,5,2026-01-13,2026-01-15,12,Resolved,0,,,5,0,0,0,0,7
CASE-00938,PAT-00371,REP-019,NeuroX-75mg,Neurology,Medicare,2025-07-26,2025-07-29,3,2025-07-27,2025-08-04,Denied,8,,,,Abandoned,1,Patient Deceased,Post-PA,3,0,,,,
CASE-00939,PAT-01086,REP-019,CardioPlus-25mg,Rare Disease,Medicare,2026-03-20,2026-03-24,4,2026-03-21,2026-04-07,Denied,17,,,,Abandoned,1,Patient Lost Contact,Post-PA,4,0,,,,
CASE-00940,PAT-01547,REP-019,CardioPlus-25mg,Oncology,Commercial,2025-10-24,2025-10-29,5,2025-10-26,2025-11-09,Pending,14,,,,Abandoned,1,Unknown,Pre-PA,2,0,,,,
CASE-00941,PAT-01716,REP-020,DrugAlpha-100mg,Immunology,Self-Pay,2026-01-05,2026-01-07,2,2026-01-09,2026-01-12,Approved,3,2026-01-18,2026-01-18,13,Resolved,0,,,9,0,1,1,1,7
CASE-00942,PAT-01304,REP-024,DrugGamma-200mg,Rare Disease,Self-Pay,2026-01-19,2026-01-20,1,2026-01-21,2026-01-26,Approved,5,2026-01-27,2026-01-29,10,Resolved,0,,,9,0,1,1,0,7
CASE-00943,PAT-00647,REP-024,DrugBeta-50mg,Immunology,Medicare,2025-10-23,2025-10-29,6,2025-10-28,2025-11-07,Approved,10,,,,Abandoned,1,Unknown,Post-Fulfillment,4,0,,,,
CASE-00944,PAT-01908,REP-012,DrugBeta-50mg,Neurology,Medicare,2025-08-13,2025-08-15,2,2025-08-14,2025-09-07,Denied,24,,,,Open,0,,,7,0,,,,
CASE-00945,PAT-01113,REP-020,DrugAlpha-100mg,Neurology,VA,2026-04-24,2026-04-25,1,2026-04-29,,Approved,6,,,,Abandoned,1,Unknown,Post-PA,2,0,,,,
CASE-00946,PAT-01524,REP-020,DrugBeta-50mg,Immunology,Medicare,2025-09-25,2025-09-28,3,2025-09-29,2025-10-29,Appeal,30,,,,In Progress,0,,,8,0,,,,
CASE-00947,PAT-00845,REP-024,DrugBeta-50mg,Immunology,Commercial,2025-11-21,2025-11-24,3,2025-11-25,2025-12-04,Approved,9,2025-12-14,2025-12-14,23,Resolved,0,,,3,0,1,1,1,13
CASE-00948,PAT-00399,REP-015,NeuroX-75mg,Immunology,Medicaid,2025-09-11,2025-09-15,4,2025-09-18,2025-11-01,Approved,44,2025-11-10,2025-11-13,63,Resolved,0,,,2,0,1,1,1,51
CASE-00949,PAT-00554,REP-019,DrugBeta-50mg,Immunology,Self-Pay,2025-07-22,2025-07-27,5,2025-07-26,2025-08-01,Approved,6,,,,Abandoned,1,Patient Deceased,Post-Fulfillment,3,0,,,,
CASE-00950,PAT-00927,REP-024,CardioPlus-25mg,Neurology,Commercial,2025-10-26,2025-10-29,3,2025-10-29,2025-11-07,Approved,9,2025-11-14,2025-11-17,22,Resolved,0,,,8,0,1,0,0,12
CASE-00951,PAT-01618,REP-012,DrugAlpha-100mg,Oncology,Medicaid,2026-03-20,2026-03-22,2,2026-03-22,2026-03-31,Appeal,9,,,,Open,0,,,7,0,,,,
CASE-00952,PAT-00277,REP-010,NeuroX-75mg,Neurology,Medicaid,2026-02-12,2026-02-19,7,2026-02-13,2026-03-04,Denied,19,,,,Abandoned,1,Patient Lost Contact,During PA,3,0,,,,
CASE-00953,PAT-00268,REP-004,DrugGamma-200mg,Cardiology,Medicare,2025-10-15,2025-10-18,3,2025-10-18,2025-10-23,Approved,5,2025-10-25,2025-10-30,15,Resolved,0,,,12,0,1,1,1,8
CASE-00954,PAT-01278,REP-020,NeuroX-75mg,Oncology,Medicare,2025-08-27,2025-08-28,1,2025-08-29,2025-09-22,Approved,24,,,,Abandoned,1,Side Effect Concerns,Post-PA,2,0,,,,
CASE-00955,PAT-01749,REP-019,DrugAlpha-100mg,Oncology,Medicaid,2026-02-11,2026-02-13,2,2026-02-16,2026-03-09,Approved,21,2026-03-15,2026-03-15,32,Resolved,0,,,6,0,1,1,1,26
CASE-00956,PAT-00208,REP-019,CardioPlus-25mg,Immunology,Commercial,2025-08-23,2025-08-27,4,2025-08-25,2025-09-11,Approved,17,2025-09-17,2025-09-19,27,Resolved,0,,,5,0,1,0,0,19
CASE-00957,PAT-01701,REP-015,DrugGamma-200mg,Rare Disease,Medicare,2025-11-01,2025-11-03,2,2025-11-03,2025-11-15,Approved,12,2025-11-20,2025-11-23,22,Resolved,0,,,12,0,1,1,1,14
CASE-00958,PAT-01671,REP-015,DrugAlpha-100mg,Immunology,Commercial,2025-08-19,2025-08-21,2,2025-08-26,2025-08-30,Approved,4,2025-09-01,2025-09-01,13,Resolved,0,,,7,0,1,0,0,11
CASE-00959,PAT-01702,REP-020,DrugBeta-50mg,Neurology,Medicare,2026-01-08,2026-01-11,3,2026-01-09,2026-01-30,Denied,21,,,,Open,0,,,8,0,,,,
CASE-00960,PAT-01599,REP-012,NeuroX-75mg,Oncology,Medicare,2026-03-01,2026-03-06,5,2026-03-02,2026-03-17,Appeal,15,,,,Open,0,,,10,0,,,,
CASE-00961,PAT-01141,REP-004,DrugGamma-200mg,Rare Disease,Self-Pay,2025-09-04,2025-09-06,2,2025-09-09,2025-09-21,Approved,12,2025-09-30,2025-09-30,26,Resolved,0,,,3,0,1,0,0,17
CASE-00962,PAT-01461,REP-015,DrugAlpha-100mg,Oncology,Self-Pay,2026-04-22,2026-04-28,6,2026-04-27,,Approved,4,2026-05-03,2026-05-05,13,Resolved,0,,,9,0,1,0,0,9
CASE-00963,PAT-00621,REP-010,DrugAlpha-100mg,Rare Disease,Medicare,2025-11-27,2025-11-29,2,2025-12-04,2025-12-16,Approved,12,2025-12-17,2025-12-22,25,Resolved,0,,,1,0,1,1,1,19
CASE-00964,PAT-00510,REP-004,CardioPlus-25mg,Neurology,Medicare,2025-08-14,2025-08-16,2,2025-08-17,2025-08-25,Denied,8,,,,In Progress,0,,,10,0,,,,
CASE-00965,PAT-01075,REP-020,DrugAlpha-100mg,Immunology,Commercial,2026-01-02,2026-01-03,1,2026-01-06,2026-01-24,Approved,18,2026-01-25,2026-01-26,24,Resolved,0,,,2,0,1,0,0,22
CASE-00966,PAT-01386,REP-012,DrugBeta-50mg,Rare Disease,Medicaid,2026-03-27,2026-03-31,4,2026-03-28,2026-04-17,Approved,20,2026-04-24,2026-04-24,28,Resolved,0,,,7,1,1,0,0,21
CASE-00967,PAT-01322,REP-019,DrugGamma-200mg,Immunology,Medicaid,2025-12-20,2025-12-22,2,2025-12-25,2026-02-07,Approved,44,2026-02-09,2026-02-09,51,Resolved,0,,,5,0,1,1,1,49
CASE-00968,PAT-00615,REP-024,DrugAlpha-100mg,Rare Disease,Medicare,2025-12-03,2025-12-05,2,2025-12-06,2025-12-15,Appeal,9,,,,Open,0,,,11,0,,,,
CASE-00969,PAT-01881,REP-020,DrugBeta-50mg,Neurology,Commercial,2025-12-10,2025-12-14,4,2025-12-12,2025-12-29,Approved,17,2026-01-08,2026-01-13,34,Resolved,0,,,6,0,1,1,1,19
CASE-00970,PAT-01769,REP-019,CardioPlus-25mg,Oncology,Commercial,2025-08-05,2025-08-09,4,2025-08-12,2025-08-19,Approved,7,2025-08-29,2025-08-29,24,Resolved,0,,,1,1,1,1,1,14
CASE-00971,PAT-00048,REP-015,DrugGamma-200mg,Oncology,Medicaid,2026-01-14,2026-01-15,1,2026-01-18,2026-02-08,Approved,21,2026-02-12,2026-02-16,33,Resolved,0,,,3,0,1,1,1,25
CASE-00972,PAT-00189,REP-020,DrugAlpha-100mg,Neurology,Medicare,2026-03-30,2026-04-01,2,2026-04-02,2026-04-20,Appeal,18,,,,Open,0,,,6,0,,,,
CASE-00973,PAT-01821,REP-010,DrugGamma-200mg,Rare Disease,Commercial,2025-12-25,2026-01-01,7,2025-12-27,2026-01-06,Approved,10,2026-01-10,2026-01-13,19,Resolved,0,,,12,1,1,1,1,12
CASE-00974,PAT-01825,REP-021,NeuroX-75mg,Neurology,Commercial,2025-09-24,2025-09-25,1,2025-09-29,2025-10-16,Approved,17,,,,Abandoned,1,Patient Lost Contact,Post-Fulfillment,0,0,,,,
CASE-00975,PAT-00938,REP-015,DrugBeta-50mg,Oncology,Commercial,2026-03-28,2026-03-30,2,2026-03-30,2026-04-17,Appeal,18,,,,Open,0,,,1,0,,,,
CASE-00976,PAT-01185,REP-012,DrugBeta-50mg,Cardiology,Commercial,2026-03-21,2026-03-25,4,2026-03-27,2026-04-14,Approved,18,2026-04-24,2026-04-26,36,Resolved,0,,,3,1,0,0,0,24
CASE-00977,PAT-00602,REP-010,CardioPlus-25mg,Immunology,Commercial,2026-01-16,2026-01-22,6,2026-01-17,2026-01-27,Approved,10,2026-02-01,2026-02-03,18,Resolved,0,,,7,0,1,1,1,11
CASE-00978,PAT-00002,REP-010,DrugGamma-200mg,Neurology,Commercial,2025-11-15,2025-11-17,2,2025-11-17,2025-11-29,Denied,12,,,,In Progress,0,,,3,0,,,,
CASE-00979,PAT-00846,REP-024,DrugBeta-50mg,Rare Disease,Medicaid,2025-10-06,2025-10-08,2,2025-10-11,2025-10-28,Denied,17,,,,Abandoned,1,Patient Lost Contact,Post-PA,4,0,,,,
CASE-00980,PAT-00641,REP-004,DrugGamma-200mg,Cardiology,Commercial,2026-03-06,2026-03-09,3,2026-03-07,2026-03-22,Denied,15,,,,Abandoned,1,Insurance Delay,During PA,3,0,,,,
CASE-00981,PAT-00874,REP-020,DrugGamma-200mg,Oncology,Medicaid,2025-07-24,2025-07-29,5,2025-07-29,2025-08-12,Approved,14,2025-08-15,2025-08-16,23,Resolved,0,,,11,1,1,1,1,19
CASE-00982,PAT-01086,REP-019,CardioPlus-25mg,Rare Disease,Medicare,2026-04-04,2026-04-07,3,2026-04-06,2026-04-28,Appeal,22,,,,In Progress,0,,,5,0,,,,
CASE-00983,PAT-01429,REP-019,NeuroX-75mg,Oncology,Commercial,2026-03-28,2026-04-01,4,2026-04-04,2026-04-21,Approved,17,2026-04-25,2026-04-30,33,Resolved,0,,,1,0,1,1,0,24
CASE-00984,PAT-00870,REP-019,NeuroX-75mg,Oncology,Commercial,2025-11-03,2025-11-06,3,2025-11-04,2025-11-24,Approved,20,2025-11-26,2025-11-26,23,Resolved,0,,,5,0,1,0,0,21
CASE-00985,PAT-01642,REP-010,CardioPlus-25mg,Immunology,Commercial,2025-12-04,2025-12-05,1,2025-12-10,2025-12-27,Pending,17,,,,Abandoned,1,Side Effect Concerns,Pre-PA,2,0,,,,
CASE-00986,PAT-01603,REP-019,CardioPlus-25mg,Cardiology,Medicare,2026-03-15,2026-03-18,3,2026-03-22,2026-04-02,Appeal,11,,,,Abandoned,1,Unknown,During PA,0,0,,,,
CASE-00987,PAT-00392,REP-019,NeuroX-75mg,Oncology,Commercial,2025-07-18,2025-07-22,4,2025-07-24,2025-08-05,Approved,12,,,,Abandoned,1,Patient Deceased,Post-Fulfillment,4,0,,,,
CASE-00988,PAT-00852,REP-015,CardioPlus-25mg,Neurology,Commercial,2025-07-07,2025-07-11,4,2025-07-13,2025-07-23,Approved,10,2025-08-01,2025-08-01,25,Resolved,0,,,8,0,1,1,0,16
CASE-00989,PAT-01664,REP-012,CardioPlus-25mg,Neurology,Medicare,2026-03-02,2026-03-05,3,2026-03-06,2026-03-16,Pending,10,,,,Open,0,,,1,0,,,,
CASE-00990,PAT-00624,REP-004,DrugBeta-50mg,Immunology,Commercial,2025-08-19,2025-08-23,4,2025-08-20,2025-08-29,Appeal,9,,,,Abandoned,1,Unknown,During PA,3,0,,,,
CASE-00991,PAT-00160,REP-012,NeuroX-75mg,Rare Disease,Self-Pay,2025-10-01,2025-10-04,3,2025-10-06,2025-10-11,Denied,5,,,,Abandoned,1,Patient Lost Contact,Post-PA,0,0,,,,
CASE-00992,PAT-01344,REP-024,DrugBeta-50mg,Rare Disease,Medicare,2025-12-03,2025-12-04,1,2025-12-06,2026-01-01,Approved,26,2026-01-03,2026-01-05,33,Resolved,0,,,3,0,1,1,1,29
CASE-00993,PAT-01956,REP-004,DrugBeta-50mg,Neurology,Medicare,2026-01-31,2026-02-05,5,2026-02-03,2026-02-12,Appeal,9,,,,Open,0,,,9,0,,,,
CASE-00994,PAT-01356,REP-024,DrugAlpha-100mg,Neurology,Medicare,2025-09-07,2025-09-10,3,2025-09-10,2025-10-08,Approved,28,2025-10-18,2025-10-20,43,Resolved,0,,,8,0,1,1,1,31
CASE-00995,PAT-01743,REP-020,NeuroX-75mg,Oncology,Commercial,2026-02-17,2026-02-18,1,2026-02-18,2026-03-08,Approved,18,2026-03-17,2026-03-18,29,Resolved,0,,,1,0,1,1,1,19
CASE-00996,PAT-00712,REP-015,CardioPlus-25mg,Cardiology,Medicare,2025-10-17,2025-10-22,5,2025-10-24,2025-11-19,Appeal,26,,,,In Progress,0,,,8,0,,,,
CASE-00997,PAT-00852,REP-015,CardioPlus-25mg,Neurology,Commercial,2025-11-05,2025-11-06,1,2025-11-09,2025-11-23,Approved,14,2025-11-28,2025-12-03,28,Resolved,0,,,11,1,1,1,1,18
CASE-00998,PAT-01818,REP-019,CardioPlus-25mg,Oncology,Medicaid,2025-09-06,2025-09-11,5,2025-09-13,2025-09-30,Approved,17,2025-10-04,2025-10-04,28,Resolved,0,,,10,0,0,0,0,24
CASE-00999,PAT-01833,REP-012,NeuroX-75mg,Immunology,Medicare,2025-11-25,2025-11-26,1,2025-11-30,2025-12-21,Approved,21,2025-12-27,2025-12-31,36,Resolved,0,,,9,0,1,0,1,26
CASE-01000,PAT-01522,REP-024,DrugAlpha-100mg,Cardiology,Medicare,2026-04-03,2026-04-06,3,2026-04-09,,Approved,28,2026-05-17,2026-05-20,47,Resolved,0,,,11,0,1,1,1,34
CASE-01001,PAT-01877,REP-015,DrugAlpha-100mg,Oncology,Self-Pay,2025-11-10,2025-11-12,2,2025-11-17,2025-11-24,Approved,7,2025-12-01,2025-12-02,22,Resolved,0,,,5,1,0,1,1,14
CASE-01002,PAT-00977,REP-021,DrugBeta-50mg,Cardiology,Commercial,2025-12-02,2025-12-04,2,2025-12-08,2025-12-21,Approved,13,2025-12-30,2026-01-03,32,Resolved,0,,,9,1,1,1,1,19
CASE-01003,PAT-01714,REP-004,DrugBeta-50mg,Neurology,Commercial,2025-11-04,2025-11-05,1,2025-11-07,2025-11-27,Approved,20,2025-11-28,2025-12-01,27,Resolved,0,,,5,0,1,1,1,23
CASE-01004,PAT-01997,REP-024,DrugAlpha-100mg,Cardiology,Medicaid,2026-04-17,2026-04-21,4,2026-04-22,,Approved,27,2026-05-23,2026-05-23,36,Resolved,0,,,3,0,1,1,0,32
CASE-01005,PAT-00834,REP-012,DrugBeta-50mg,Oncology,Commercial,2025-10-24,2025-10-27,3,2025-10-30,2025-11-06,Denied,7,,,,Open,0,,,1,0,,,,
CASE-01006,PAT-01738,REP-015,DrugBeta-50mg,Immunology,Medicaid,2026-01-29,2026-01-30,1,2026-02-05,2026-03-11,Appeal,34,,,,In Progress,0,,,7,0,,,,
CASE-01007,PAT-00696,REP-020,DrugBeta-50mg,Immunology,Medicare,2025-11-21,2025-11-26,5,2025-11-24,2025-12-11,Approved,17,2025-12-19,2025-12-24,33,Resolved,0,,,10,0,1,1,0,20
CASE-01008,PAT-01323,REP-015,DrugGamma-200mg,Oncology,VA,2025-08-21,2025-08-24,3,2025-08-26,2025-08-30,Approved,4,2025-09-08,2025-09-12,22,Resolved,0,,,5,0,1,0,0,9
CASE-01009,PAT-01056,REP-004,DrugGamma-200mg,Oncology,Commercial,2026-03-14,2026-03-16,2,2026-03-19,2026-04-08,Denied,20,,,,Abandoned,1,Insurance Delay,Post-PA,3,0,,,,
CASE-01010,PAT-00251,REP-021,DrugAlpha-100mg,Immunology,Commercial,2025-07-17,2025-07-19,2,2025-07-24,2025-07-31,Pending,7,,,,In Progress,0,,,9,0,,,,
CASE-01011,PAT-01261,REP-004,DrugGamma-200mg,Rare Disease,Medicare,2025-07-08,2025-07-11,3,2025-07-11,2025-07-21,Approved,10,2025-07-29,2025-08-02,25,Resolved,0,,,11,0,1,1,1,13
CASE-01012,PAT-01227,REP-015,NeuroX-75mg,Oncology,Medicaid,2026-04-20,2026-04-27,7,2026-04-23,,Pending,30,,,,In Progress,0,,,1,0,,,,
CASE-01013,PAT-00044,REP-024,DrugBeta-50mg,Oncology,Medicare,2026-01-07,2026-01-11,4,2026-01-14,2026-01-22,Approved,8,,,,Abandoned,1,Side Effect Concerns,Post-PA,4,0,,,,
CASE-01014,PAT-01604,REP-004,DrugGamma-200mg,Rare Disease,Medicaid,2025-12-27,2025-12-28,1,2026-01-02,2026-02-15,Approved,44,2026-02-22,2026-02-27,62,Resolved,0,,,8,0,1,0,0,50
CASE-01015,PAT-00715,REP-020,NeuroX-75mg,Immunology,Medicare,2025-09-23,2025-09-24,1,2025-09-29,2025-10-27,Approved,28,2025-11-04,2025-11-08,46,Resolved,0,,,10,0,1,0,0,34
CASE-01016,PAT-00689,REP-019,DrugGamma-200mg,Oncology,Commercial,2025-08-16,2025-08-19,3,2025-08-23,2025-08-27,Approved,4,2025-09-06,2025-09-09,24,Resolved,0,,,10,0,1,1,1,11
CASE-01017,PAT-01519,REP-021,DrugBeta-50mg,Immunology,Medicare,2026-01-10,2026-01-13,3,2026-01-13,2026-01-23,Approved,10,2026-01-30,2026-01-31,21,Resolved,0,,,2,0,1,1,1,13
CASE-01018,PAT-01080,REP-019,DrugGamma-200mg,Neurology,Commercial,2025-07-20,2025-07-24,4,2025-07-24,2025-08-14,Denied,21,,,,Open,0,,,12,0,,,,
CASE-01019,PAT-01617,REP-019,DrugAlpha-100mg,Rare Disease,Commercial,2025-07-10,2025-07-11,1,2025-07-12,2025-07-15,Denied,3,,,,In Progress,0,,,11,0,,,,
CASE-01020,PAT-00070,REP-015,DrugGamma-200mg,Oncology,VA,2025-11-12,2025-11-13,1,2025-11-19,2025-11-26,Approved,7,2025-12-05,2025-12-08,26,Resolved,0,,,10,0,1,0,0,14
CASE-01021,PAT-00998,REP-015,NeuroX-75mg,Oncology,Commercial,2025-10-31,2025-11-01,1,2025-11-01,2025-11-19,Appeal,18,,,,Abandoned,1,Cost Concerns,During PA,2,0,,,,
CASE-01022,PAT-01746,REP-010,NeuroX-75mg,Neurology,Commercial,2025-09-17,2025-09-20,3,2025-09-18,2025-09-22,Approved,4,2025-09-24,2025-09-24,7,Resolved,0,,,2,0,1,1,0,5
CASE-01023,PAT-01850,REP-004,NeuroX-75mg,Neurology,Medicaid,2026-01-13,2026-01-14,1,2026-01-18,2026-01-29,Denied,11,,,,Open,0,,,9,0,,,,
CASE-01024,PAT-01711,REP-019,DrugAlpha-100mg,Neurology,Medicare,2025-12-09,2025-12-12,3,2025-12-15,2025-12-24,Pending,9,,,,Open,0,,,11,0,,,,
CASE-01025,PAT-01220,REP-004,DrugGamma-200mg,Neurology,Commercial,2026-04-25,2026-05-01,6,2026-04-30,,Denied,3,,,,Open,0,,,9,0,,,,
CASE-01026,PAT-01327,REP-019,DrugBeta-50mg,Oncology,Commercial,2026-04-21,2026-04-22,1,2026-04-25,2026-04-30,Approved,5,2026-05-06,2026-05-07,16,Resolved,0,,,8,1,1,1,1,9
CASE-01027,PAT-00753,REP-021,CardioPlus-25mg,Neurology,Medicare,2025-11-25,2025-11-27,2,2025-11-27,2025-12-13,Appeal,16,,,,Abandoned,1,Unknown,During PA,2,0,,,,
CASE-01028,PAT-01505,REP-021,DrugGamma-200mg,Cardiology,Medicare,2025-12-26,2025-12-28,2,2026-01-02,2026-02-01,Denied,30,,,,In Progress,0,,,4,0,,,,
CASE-01029,PAT-01076,REP-012,DrugAlpha-100mg,Rare Disease,Commercial,2025-12-18,2025-12-20,2,2025-12-23,2025-12-30,Approved,7,2026-01-07,2026-01-08,21,Resolved,0,,,9,0,1,1,0,12
CASE-01030,PAT-00562,REP-010,NeuroX-75mg,Neurology,Medicaid,2025-12-25,2025-12-31,6,2026-01-01,2026-02-13,Approved,43,,,,Abandoned,1,Unknown,Post-PA,3,0,,,,
CASE-01031,PAT-01088,REP-015,CardioPlus-25mg,Rare Disease,Medicare,2025-10-25,2025-10-28,3,2025-10-29,2025-11-15,Approved,17,2025-11-23,2025-11-26,32,Resolved,0,,,9,0,1,1,1,21
CASE-01032,PAT-01091,REP-010,NeuroX-75mg,Immunology,Medicare,2025-08-07,2025-08-09,2,2025-08-12,2025-09-08,Denied,27,,,,Abandoned,1,Unknown,During PA,4,0,,,,
CASE-01033,PAT-00183,REP-012,DrugGamma-200mg,Oncology,Commercial,2025-09-19,2025-09-21,2,2025-09-24,2025-09-27,Approved,3,2025-09-29,2025-10-04,15,Resolved,0,,,5,0,1,1,0,8
CASE-01034,PAT-01324,REP-024,DrugBeta-50mg,Oncology,Commercial,2025-12-06,2025-12-11,5,2025-12-11,2025-12-14,Approved,3,2025-12-20,2025-12-21,15,Resolved,0,,,7,0,0,1,1,8
CASE-01035,PAT-00201,REP-015,DrugBeta-50mg,Neurology,Commercial,2025-11-28,2025-11-30,2,2025-11-29,2025-12-07,Approved,8,2025-12-17,2025-12-22,24,Resolved,0,,,10,0,1,1,1,9
CASE-01036,PAT-00763,REP-020,CardioPlus-25mg,Oncology,Self-Pay,2025-10-11,2025-10-14,3,2025-10-12,2025-10-15,Approved,3,2025-10-23,2025-10-28,17,Resolved,0,,,4,1,0,0,1,4
CASE-01037,PAT-00116,REP-021,DrugBeta-50mg,Rare Disease,Commercial,2025-11-13,2025-11-15,2,2025-11-14,2025-11-30,Approved,16,2025-12-06,2025-12-08,25,Resolved,0,,,3,1,1,1,0,17
CASE-01038,PAT-01443,REP-020,NeuroX-75mg,Cardiology,Medicare,2026-02-18,2026-02-22,4,2026-02-23,2026-03-24,Approved,29,2026-04-02,2026-04-05,46,Resolved,0,,,7,1,1,1,0,34
CASE-01039,PAT-01876,REP-021,DrugBeta-50mg,Oncology,Medicare,2026-03-01,2026-03-05,4,2026-03-07,2026-03-18,Approved,11,2026-03-25,2026-03-29,28,Resolved,0,,,11,1,1,0,0,17
CASE-01040,PAT-01700,REP-019,CardioPlus-25mg,Neurology,Medicare,2026-02-21,2026-02-26,5,2026-02-28,2026-03-13,Approved,13,2026-03-17,2026-03-19,26,Resolved,0,,,8,0,1,1,1,20
CASE-01041,PAT-01252,REP-021,NeuroX-75mg,Rare Disease,Commercial,2025-07-22,2025-07-24,2,2025-07-26,2025-08-16,Approved,21,2025-08-19,2025-08-21,30,Resolved,0,,,5,1,0,0,0,25
CASE-01042,PAT-01906,REP-019,DrugGamma-200mg,Rare Disease,Medicare,2025-10-23,2025-10-25,2,2025-10-26,2025-11-11,Denied,16,,,,Abandoned,1,Unknown,Post-PA,0,0,,,,
CASE-01043,PAT-01606,REP-012,DrugGamma-200mg,Immunology,Commercial,2025-08-10,2025-08-11,1,2025-08-15,2025-08-19,Approved,4,2025-08-26,2025-08-26,16,Resolved,0,,,9,0,0,0,0,9
CASE-01044,PAT-00888,REP-004,DrugAlpha-100mg,Oncology,Medicare,2025-08-15,2025-08-20,5,2025-08-16,2025-08-25,Approved,9,2025-08-28,2025-09-01,17,Resolved,0,,,3,0,0,0,1,10
CASE-01045,PAT-01201,REP-021,DrugBeta-50mg,Neurology,Self-Pay,2025-11-25,2025-11-26,1,2025-11-26,2025-12-08,Approved,12,2025-12-14,2025-12-17,22,Resolved,0,,,2,0,1,1,1,13
CASE-01046,PAT-00554,REP-012,DrugBeta-50mg,Immunology,Self-Pay,2025-12-02,2025-12-08,6,2025-12-05,2025-12-17,Approved,12,2025-12-22,2025-12-23,21,Resolved,0,,,11,1,1,1,0,15
CASE-01047,PAT-01005,REP-020,CardioPlus-25mg,Neurology,VA,2026-04-20,2026-04-21,1,2026-04-27,,Appeal,11,,,,Open,0,,,12,0,,,,
CASE-01048,PAT-01383,REP-024,CardioPlus-25mg,Rare Disease,Commercial,2025-10-17,2025-10-19,2,2025-10-23,2025-11-03,Approved,11,2025-11-08,2025-11-11,25,Resolved,0,,,9,1,1,1,1,17
CASE-01049,PAT-00290,REP-020,DrugAlpha-100mg,Neurology,Medicaid,2026-03-09,2026-03-15,6,2026-03-13,2026-03-31,Pending,18,,,,Open,0,,,8,0,,,,
CASE-01050,PAT-01204,REP-024,DrugGamma-200mg,Cardiology,Commercial,2025-11-21,2025-11-24,3,2025-11-27,2025-12-09,Denied,12,,,,Abandoned,1,Cost Concerns,During PA,2,0,,,,
CASE-01051,PAT-01157,REP-012,DrugBeta-50mg,Cardiology,Commercial,2026-04-04,2026-04-06,2,2026-04-06,2026-04-26,Approved,20,2026-05-02,2026-05-05,31,Resolved,0,,,9,0,1,0,0,22
CASE-01052,PAT-00226,REP-004,DrugGamma-200mg,Immunology,Medicare,2025-11-22,2025-11-24,2,2025-11-27,2025-12-09,Approved,12,2025-12-15,2025-12-17,25,Resolved,0,,,8,0,1,1,1,17
CASE-01053,PAT-01033,REP-020,DrugAlpha-100mg,Immunology,Medicaid,2026-04-22,2026-04-29,7,2026-04-29,,Approved,7,2026-05-08,2026-05-08,16,Resolved,0,,,1,0,1,1,1,14
CASE-01054,PAT-00035,REP-020,CardioPlus-25mg,Neurology,Medicaid,2026-04-17,2026-04-19,2,2026-04-19,,Approved,14,2026-05-06,2026-05-11,24,Resolved,0,,,12,1,1,0,0,16
CASE-01055,PAT-00787,REP-010,CardioPlus-25mg,Neurology,Commercial,2025-07-05,2025-07-08,3,2025-07-06,2025-07-17,Approved,11,2025-07-19,2025-07-22,17,Resolved,0,,,12,0,1,1,0,12
CASE-01056,PAT-01086,REP-019,CardioPlus-25mg,Rare Disease,Medicare,2026-04-12,2026-04-13,1,2026-04-17,,Denied,21,,,,In Progress,0,,,11,0,,,,
CASE-01057,PAT-00912,REP-020,CardioPlus-25mg,Rare Disease,Commercial,2026-03-18,2026-03-21,3,2026-03-24,2026-04-08,Approved,15,,,,Abandoned,1,Switched Therapy,Post-PA,3,0,,,,
CASE-01058,PAT-00522,REP-021,DrugGamma-200mg,Rare Disease,Medicare,2025-08-15,2025-08-18,3,2025-08-16,2025-09-11,Approved,26,2025-09-19,2025-09-21,37,Resolved,0,,,9,0,1,1,1,27
CASE-01059,PAT-00434,REP-010,NeuroX-75mg,Rare Disease,Commercial,2025-10-15,2025-10-18,3,2025-10-20,2025-10-24,Approved,4,2025-10-26,2025-10-31,16,Resolved,0,,,11,0,1,1,1,9
CASE-01060,PAT-01201,REP-019,DrugBeta-50mg,Neurology,Self-Pay,2025-07-07,2025-07-14,7,2025-07-11,2025-07-14,Approved,3,2025-07-24,2025-07-27,20,Resolved,0,,,7,0,1,1,1,7
CASE-01061,PAT-00147,REP-010,CardioPlus-25mg,Rare Disease,Medicare,2026-03-24,2026-03-28,4,2026-03-27,2026-04-19,Denied,23,,,,Open,0,,,1,0,,,,
CASE-01062,PAT-00683,REP-015,NeuroX-75mg,Cardiology,Medicare,2025-11-06,2025-11-07,1,2025-11-10,2025-12-05,Pending,25,,,,Abandoned,1,Patient Lost Contact,During PA,0,0,,,,
CASE-01063,PAT-00506,REP-020,DrugBeta-50mg,Rare Disease,Medicare,2025-08-24,2025-08-25,1,2025-08-29,2025-09-21,Appeal,23,,,,Open,0,,,10,0,,,,
CASE-01064,PAT-00297,REP-010,CardioPlus-25mg,Cardiology,Medicaid,2025-12-06,2025-12-09,3,2025-12-11,2026-01-04,Approved,24,2026-01-14,2026-01-15,40,Resolved,0,,,4,1,1,1,0,29
CASE-01065,PAT-00201,REP-020,DrugBeta-50mg,Neurology,Commercial,2025-08-08,2025-08-10,2,2025-08-14,2025-08-20,Approved,6,2025-08-30,2025-08-30,22,Resolved,0,,,10,0,1,1,1,12
CASE-01066,PAT-00432,REP-012,NeuroX-75mg,Immunology,Medicare,2025-12-12,2025-12-13,1,2025-12-19,2026-01-13,Denied,25,,,,Open,0,,,11,0,,,,
CASE-01067,PAT-00368,REP-024,DrugAlpha-100mg,Oncology,Medicare,2025-09-18,2025-09-23,5,2025-09-21,2025-09-29,Approved,8,2025-10-02,2025-10-04,16,Resolved,0,,,3,0,1,1,0,11
CASE-01068,PAT-01142,REP-004,NeuroX-75mg,Immunology,Commercial,2026-02-23,2026-02-26,3,2026-02-28,2026-03-07,Pending,7,,,,Open,0,,,4,0,,,,
CASE-01069,PAT-00915,REP-024,NeuroX-75mg,Cardiology,Commercial,2026-04-02,2026-04-09,7,2026-04-03,2026-04-11,Approved,8,,,,Abandoned,1,Insurance Delay,Post-Fulfillment,0,0,,,,
CASE-01070,PAT-00812,REP-012,DrugAlpha-100mg,Rare Disease,Commercial,2025-12-31,2026-01-04,4,2026-01-01,2026-01-13,Approved,12,,,,Abandoned,1,Insurance Delay,Post-Fulfillment,3,0,,,,
CASE-01071,PAT-01701,REP-020,DrugGamma-200mg,Rare Disease,Medicare,2025-10-12,2025-10-15,3,2025-10-17,2025-10-22,Approved,5,2025-10-23,2025-10-26,14,Resolved,0,,,3,0,1,1,1,10
CASE-01072,PAT-01913,REP-012,NeuroX-75mg,Neurology,Commercial,2025-12-17,2025-12-20,3,2025-12-18,2026-01-01,Approved,14,2026-01-05,2026-01-07,21,Resolved,0,,,8,0,1,1,1,15
CASE-01073,PAT-00935,REP-010,DrugAlpha-100mg,Cardiology,Commercial,2026-01-22,2026-01-24,2,2026-01-25,2026-02-15,Approved,21,2026-02-19,2026-02-23,32,Resolved,0,,,12,0,0,1,1,24
CASE-01074,PAT-01318,REP-024,CardioPlus-25mg,Rare Disease,Self-Pay,2026-01-28,2026-01-29,1,2026-02-01,2026-02-07,Approved,6,2026-02-17,2026-02-19,22,Resolved,0,,,12,1,1,0,0,10
CASE-01075,PAT-00203,REP-015,DrugAlpha-100mg,Immunology,Commercial,2026-04-10,2026-04-11,1,2026-04-14,2026-04-23,Approved,9,2026-04-30,2026-05-01,21,Resolved,0,,,6,0,1,1,1,13
CASE-01076,PAT-01146,REP-019,DrugBeta-50mg,Rare Disease,Medicare,2025-07-22,2025-07-23,1,2025-07-28,2025-08-12,Appeal,15,,,,In Progress,0,,,12,0,,,,
CASE-01077,PAT-01480,REP-019,NeuroX-75mg,Oncology,Commercial,2026-01-20,2026-01-23,3,2026-01-27,2026-02-03,Appeal,7,,,,Abandoned,1,Unknown,During PA,3,0,,,,
CASE-01078,PAT-01212,REP-021,CardioPlus-25mg,Immunology,Commercial,2026-04-06,2026-04-07,1,2026-04-11,2026-04-18,Approved,7,2026-04-27,2026-04-28,22,Resolved,0,,,4,1,1,1,0,12
CASE-01079,PAT-00349,REP-015,DrugGamma-200mg,Neurology,Medicare,2025-07-09,2025-07-15,6,2025-07-16,2025-07-26,Approved,10,2025-07-30,2025-07-31,22,Resolved,0,,,2,0,1,0,0,17
CASE-01080,PAT-01401,REP-020,DrugGamma-200mg,Oncology,Self-Pay,2026-04-19,2026-04-20,1,2026-04-21,2026-04-30,Approved,9,2026-05-09,2026-05-12,23,Resolved,0,,,1,1,1,0,0,11
CASE-01081,PAT-00549,REP-012,DrugAlpha-100mg,Immunology,Medicaid,2025-10-14,2025-10-15,1,2025-10-15,2025-11-09,Denied,25,,,,Abandoned,1,Side Effect Concerns,Post-PA,4,0,,,,
CASE-01082,PAT-00437,REP-024,DrugBeta-50mg,Cardiology,Medicare,2025-08-13,2025-08-15,2,2025-08-18,2025-09-07,Denied,20,,,,Abandoned,1,Side Effect Concerns,During PA,3,0,,,,
CASE-01083,PAT-01565,REP-010,DrugAlpha-100mg,Immunology,Commercial,2025-11-22,2025-11-24,2,2025-11-29,2025-12-13,Approved,14,2025-12-14,2025-12-16,24,Resolved,0,,,11,0,0,0,0,21
CASE-01084,PAT-01789,REP-012,DrugAlpha-100mg,Immunology,Medicare,2025-10-07,2025-10-08,1,2025-10-13,2025-11-09,Pending,27,,,,Abandoned,1,Switched Therapy,During PA,3,0,,,,
CASE-01085,PAT-01626,REP-019,DrugAlpha-100mg,Immunology,Commercial,2025-08-08,2025-08-10,2,2025-08-13,2025-09-01,Approved,19,2025-09-11,2025-09-11,34,Resolved,0,,,1,1,1,1,1,24
CASE-01086,PAT-00618,REP-024,DrugAlpha-100mg,Oncology,Commercial,2026-04-05,2026-04-06,1,2026-04-06,2026-04-25,Approved,19,2026-05-05,2026-05-10,35,Resolved,0,,,3,0,0,0,0,20
CASE-01087,PAT-00708,REP-012,CardioPlus-25mg,Cardiology,Commercial,2026-03-24,2026-03-27,3,2026-03-27,2026-03-30,Denied,3,,,,Abandoned,1,Insurance Delay,Post-PA,2,0,,,,
CASE-01088,PAT-00197,REP-010,DrugBeta-50mg,Rare Disease,Medicare,2025-12-29,2025-12-30,1,2026-01-02,2026-01-23,Appeal,21,,,,Open,0,,,8,0,,,,
CASE-01089,PAT-01111,REP-004,CardioPlus-25mg,Neurology,Commercial,2025-08-11,2025-08-13,2,2025-08-14,2025-08-30,Approved,16,2025-09-01,2025-09-05,25,Resolved,0,,,1,0,1,1,0,19
CASE-01090,PAT-00312,REP-015,DrugBeta-50mg,Rare Disease,Commercial,2025-12-30,2026-01-06,7,2026-01-04,2026-01-16,Denied,12,,,,In Progress,0,,,3,0,,,,
CASE-01091,PAT-00094,REP-004,DrugBeta-50mg,Immunology,Medicaid,2026-04-24,2026-05-01,7,2026-04-30,,Approved,40,2026-06-19,2026-06-21,58,Resolved,0,,,12,0,1,0,0,46
CASE-01092,PAT-00582,REP-021,CardioPlus-25mg,Oncology,Medicare,2026-03-20,2026-03-27,7,2026-03-22,2026-04-18,Denied,27,,,,In Progress,0,,,6,0,,,,
CASE-01093,PAT-00225,REP-004,DrugGamma-200mg,Immunology,VA,2025-09-09,2025-09-16,7,2025-09-16,2025-09-19,Approved,3,2025-09-26,2025-09-30,21,Resolved,0,,,3,1,1,1,1,10
CASE-01094,PAT-01470,REP-021,DrugAlpha-100mg,Rare Disease,VA,2026-03-10,2026-03-11,1,2026-03-11,2026-03-16,Denied,5,,,,Open,0,,,4,0,,,,
CASE-01095,PAT-01015,REP-024,DrugBeta-50mg,Rare Disease,Medicaid,2025-09-18,2025-09-21,3,2025-09-19,2025-09-27,Denied,8,,,,Open,0,,,5,0,,,,
CASE-01096,PAT-00864,REP-012,NeuroX-75mg,Rare Disease,Commercial,2025-12-19,2025-12-23,4,2025-12-26,2026-01-13,Appeal,18,,,,Abandoned,1,Unknown,During PA,3,0,,,,
CASE-01097,PAT-01900,REP-012,DrugGamma-200mg,Rare Disease,Medicaid,2025-10-27,2025-10-29,2,2025-11-02,2025-11-27,Approved,25,2025-12-02,2025-12-05,39,Resolved,0,,,12,0,1,1,0,31
CASE-01098,PAT-01694,REP-019,NeuroX-75mg,Oncology,Commercial,2025-10-02,2025-10-03,1,2025-10-09,2025-10-22,Appeal,13,,,,In Progress,0,,,5,0,,,,
CASE-01099,PAT-01563,REP-024,DrugGamma-200mg,Immunology,Commercial,2025-11-10,2025-11-11,1,2025-11-17,2025-11-21,Approved,4,2025-12-01,2025-12-05,25,Resolved,0,,,4,0,1,1,0,11
CASE-01100,PAT-00422,REP-021,DrugBeta-50mg,Rare Disease,Medicaid,2025-11-03,2025-11-06,3,2025-11-08,2025-12-08,Approved,30,2025-12-13,2025-12-17,44,Resolved,0,,,5,0,1,0,0,35
CASE-01101,PAT-01807,REP-019,DrugGamma-200mg,Oncology,Medicaid,2026-03-01,2026-03-02,1,2026-03-02,2026-03-25,Approved,23,2026-03-30,2026-04-04,34,Resolved,0,,,9,1,1,1,0,24
CASE-01102,PAT-01703,REP-004,NeuroX-75mg,Cardiology,Commercial,2025-12-05,2025-12-10,5,2025-12-06,2025-12-09,Approved,3,2025-12-11,2025-12-13,8,Resolved,0,,,8,1,1,0,0,4
CASE-01103,PAT-01186,REP-015,CardioPlus-25mg,Cardiology,Commercial,2025-12-08,2025-12-11,3,2025-12-09,2025-12-27,Approved,18,2026-01-03,2026-01-07,30,Resolved,0,,,12,0,1,1,1,19
CASE-01104,PAT-00367,REP-010,NeuroX-75mg,Oncology,Medicare,2025-08-27,2025-08-28,1,2025-09-01,2025-09-08,Denied,7,,,,In Progress,0,,,1,0,,,,
CASE-01105,PAT-01498,REP-024,DrugGamma-200mg,Oncology,Medicare,2025-11-12,2025-11-14,2,2025-11-14,2025-12-13,Appeal,29,,,,Open,0,,,3,0,,,,
CASE-01106,PAT-00852,REP-020,CardioPlus-25mg,Neurology,Commercial,2025-08-11,2025-08-13,2,2025-08-16,2025-08-20,Approved,4,2025-08-27,2025-08-27,16,Resolved,0,,,12,0,1,0,0,9
CASE-01107,PAT-00871,REP-015,DrugBeta-50mg,Rare Disease,Medicare,2025-09-05,2025-09-07,2,2025-09-06,2025-09-21,Approved,15,2025-09-28,2025-10-01,26,Resolved,0,,,3,1,1,1,1,16
CASE-01108,PAT-01884,REP-010,DrugGamma-200mg,Oncology,VA,2026-01-10,2026-01-11,1,2026-01-16,2026-01-18,Approved,2,2026-01-23,2026-01-27,17,Resolved,0,,,9,1,0,0,1,8
CASE-01109,PAT-00235,REP-024,DrugAlpha-100mg,Immunology,Commercial,2026-02-09,2026-02-11,2,2026-02-13,2026-02-25,Approved,12,2026-03-01,2026-03-01,20,Resolved,0,,,12,0,1,1,0,16
CASE-01110,PAT-00860,REP-019,DrugBeta-50mg,Cardiology,Medicaid,2026-01-10,2026-01-14,4,2026-01-12,2026-02-12,Denied,31,,,,Abandoned,1,Side Effect Concerns,Post-PA,4,0,,,,
CASE-01111,PAT-01587,REP-010,CardioPlus-25mg,Neurology,Commercial,2026-04-17,2026-04-20,3,2026-04-22,,Approved,13,2026-05-14,2026-05-19,32,Resolved,0,,,10,0,1,0,0,18
CASE-01112,PAT-01020,REP-019,DrugAlpha-100mg,Rare Disease,VA,2025-11-25,2025-11-30,5,2025-11-28,2025-12-06,Approved,8,2025-12-16,2025-12-17,22,Resolved,0,,,9,0,1,1,1,11
CASE-01113,PAT-00115,REP-021,NeuroX-75mg,Neurology,Commercial,2026-04-03,2026-04-04,1,2026-04-06,2026-04-13,Approved,7,2026-04-23,2026-04-28,25,Resolved,0,,,11,1,1,1,1,10
CASE-01114,PAT-00721,REP-010,NeuroX-75mg,Immunology,Medicare,2026-04-08,2026-04-09,1,2026-04-13,,Denied,22,,,,Abandoned,1,Side Effect Concerns,Post-PA,4,0,,,,
CASE-01115,PAT-01490,REP-019,DrugGamma-200mg,Immunology,Medicare,2025-11-28,2025-11-30,2,2025-11-29,2025-12-24,Denied,25,,,,In Progress,0,,,2,0,,,,
CASE-01116,PAT-00637,REP-021,DrugGamma-200mg,Oncology,Commercial,2025-07-27,2025-07-28,1,2025-07-28,2025-08-07,Approved,10,2025-08-11,2025-08-15,19,Resolved,0,,,12,0,1,1,0,11
CASE-01117,PAT-01958,REP-015,DrugAlpha-100mg,Cardiology,Medicare,2025-08-14,2025-08-16,2,2025-08-17,2025-08-28,Denied,11,,,,In Progress,0,,,11,0,,,,
CASE-01118,PAT-00792,REP-010,DrugGamma-200mg,Rare Disease,Medicaid,2026-01-31,2026-02-01,1,2026-02-05,2026-02-25,Approved,20,2026-03-07,2026-03-10,38,Resolved,0,,,8,0,1,1,1,25
CASE-01119,PAT-01871,REP-020,CardioPlus-25mg,Cardiology,Medicaid,2025-07-24,2025-07-28,4,2025-07-25,2025-08-12,Pending,18,,,,Abandoned,1,Cost Concerns,Pre-PA,2,0,,,,
CASE-01120,PAT-00353,REP-010,DrugGamma-200mg,Neurology,Commercial,2026-02-03,2026-02-05,2,2026-02-06,2026-02-19,Approved,13,2026-02-23,2026-02-27,24,Resolved,0,,,12,0,1,0,0,16
CASE-01121,PAT-01516,REP-024,DrugGamma-200mg,Oncology,Medicaid,2026-01-25,2026-01-26,1,2026-02-01,2026-02-26,Approved,25,2026-02-28,2026-03-05,39,Resolved,0,,,3,0,1,1,1,32
CASE-01122,PAT-00638,REP-012,DrugGamma-200mg,Rare Disease,Commercial,2025-07-17,2025-07-21,4,2025-07-18,2025-08-06,Approved,19,2025-08-09,2025-08-09,23,Resolved,0,,,1,0,1,1,0,20
CASE-01123,PAT-01278,REP-021,NeuroX-75mg,Oncology,Medicare,2025-08-15,2025-08-18,3,2025-08-16,2025-08-21,Appeal,5,,,,In Progress,0,,,5,0,,,,
CASE-01124,PAT-01890,REP-020,CardioPlus-25mg,Rare Disease,Commercial,2025-12-21,2025-12-27,6,2025-12-24,2025-12-30,Approved,6,2026-01-06,2026-01-09,19,Resolved,0,,,9,0,1,1,1,9
CASE-01125,PAT-01822,REP-004,CardioPlus-25mg,Rare Disease,Medicaid,2026-04-21,2026-04-23,2,2026-04-25,,Denied,14,,,,Open,0,,,10,0,,,,
CASE-01126,PAT-01870,REP-024,CardioPlus-25mg,Oncology,Medicare,2025-11-20,2025-11-27,7,2025-11-25,2025-12-21,Denied,26,,,,Abandoned,1,Unknown,During PA,2,0,,,,
CASE-01127,PAT-00913,REP-015,DrugBeta-50mg,Immunology,Commercial,2025-07-22,2025-07-24,2,2025-07-26,2025-08-07,Approved,12,2025-08-10,2025-08-10,19,Resolved,0,,,2,0,1,0,0,16
CASE-01128,PAT-00171,REP-015,DrugBeta-50mg,Cardiology,Commercial,2025-10-26,2025-10-28,2,2025-11-02,2025-11-10,Appeal,8,,,,Open,0,,,10,0,,,,
CASE-01129,PAT-01032,REP-010,DrugBeta-50mg,Cardiology,Commercial,2025-11-08,2025-11-11,3,2025-11-10,2025-11-18,Denied,8,,,,In Progress,0,,,5,0,,,,
CASE-01130,PAT-00615,REP-012,DrugAlpha-100mg,Rare Disease,Medicare,2025-12-30,2026-01-04,5,2026-01-06,2026-02-01,Approved,26,2026-02-06,2026-02-09,41,Resolved,0,,,5,0,1,1,1,33
CASE-01131,PAT-01660,REP-010,NeuroX-75mg,Cardiology,Medicaid,2026-04-29,2026-05-01,2,2026-05-02,,Approved,25,2026-06-05,2026-06-06,38,Resolved,0,,,1,0,1,1,0,28
CASE-01132,PAT-01568,REP-020,DrugAlpha-100mg,Neurology,Medicare,2025-12-29,2026-01-01,3,2026-01-03,2026-01-26,Denied,23,,,,Abandoned,1,Insurance Delay,During PA,1,0,,,,
CASE-01133,PAT-00177,REP-019,DrugBeta-50mg,Cardiology,Medicare,2026-04-21,2026-04-23,2,2026-04-23,,Approved,29,2026-05-25,2026-05-29,38,Resolved,0,,,8,1,1,1,1,31
CASE-01134,PAT-01733,REP-020,DrugBeta-50mg,Immunology,Medicare,2026-04-16,2026-04-17,1,2026-04-22,2026-04-27,Approved,5,2026-04-30,2026-05-03,17,Resolved,0,,,3,0,1,1,1,11
CASE-01135,PAT-00345,REP-015,DrugAlpha-100mg,Immunology,Commercial,2025-08-24,2025-08-28,4,2025-08-30,2025-09-19,Denied,20,,,,In Progress,0,,,4,0,,,,
CASE-01136,PAT-01440,REP-012,DrugBeta-50mg,Oncology,Medicaid,2026-03-16,2026-03-17,1,2026-03-17,2026-03-27,Approved,10,2026-04-04,2026-04-07,22,Resolved,0,,,10,0,1,1,0,11
CASE-01137,PAT-00593,REP-004,NeuroX-75mg,Oncology,Medicare,2025-12-23,2025-12-24,1,2025-12-29,2026-01-28,Approved,30,2026-01-29,2026-01-31,39,Resolved,0,,,11,1,1,1,1,36
CASE-01138,PAT-01829,REP-020,DrugAlpha-100mg,Oncology,Medicaid,2026-02-01,2026-02-03,2,2026-02-03,2026-03-11,Approved,36,2026-03-14,2026-03-16,43,Resolved,0,,,7,0,1,1,1,38
CASE-01139,PAT-01311,REP-019,CardioPlus-25mg,Neurology,Medicare,2025-10-09,2025-10-14,5,2025-10-13,2025-10-23,Approved,10,2025-10-24,2025-10-24,15,Resolved,0,,,4,0,1,1,1,14
CASE-01140,PAT-01346,REP-024,DrugBeta-50mg,Rare Disease,Self-Pay,2025-12-12,2025-12-14,2,2025-12-14,2025-12-27,Denied,13,,,,Abandoned,1,Cost Concerns,During PA,2,0,,,,
CASE-01141,PAT-01231,REP-024,DrugGamma-200mg,Cardiology,Medicaid,2026-01-27,2026-01-29,2,2026-01-30,2026-03-02,Approved,31,2026-03-08,2026-03-10,42,Resolved,0,,,5,1,0,0,0,34
CASE-01142,PAT-01113,REP-020,DrugAlpha-100mg,Neurology,VA,2026-03-30,2026-04-01,2,2026-04-04,2026-04-12,Approved,8,,,,Abandoned,1,Cost Concerns,Post-Fulfillment,1,0,,,,
CASE-01143,PAT-00629,REP-019,DrugGamma-200mg,Neurology,Medicare,2025-07-11,2025-07-13,2,2025-07-16,2025-08-01,Approved,16,2025-08-06,2025-08-10,30,Resolved,0,,,4,0,1,1,1,21
CASE-01144,PAT-01026,REP-020,DrugBeta-50mg,Rare Disease,Commercial,2025-08-31,2025-09-03,3,2025-09-07,2025-09-19,Appeal,12,,,,Open,0,,,1,0,,,,
CASE-01145,PAT-00236,REP-019,DrugBeta-50mg,Cardiology,Commercial,2025-09-16,2025-09-18,2,2025-09-22,2025-10-04,Approved,12,2025-10-08,2025-10-11,25,Resolved,0,,,5,1,1,1,1,18
CASE-01146,PAT-01990,REP-004,DrugAlpha-100mg,Rare Disease,Medicaid,2025-08-01,2025-08-04,3,2025-08-03,2025-09-05,Pending,33,,,,Open,0,,,1,0,,,,
CASE-01147,PAT-00299,REP-012,DrugBeta-50mg,Oncology,Self-Pay,2026-04-03,2026-04-06,3,2026-04-10,2026-04-17,Denied,7,,,,Abandoned,1,Side Effect Concerns,Post-PA,0,0,,,,
CASE-01148,PAT-01016,REP-004,DrugAlpha-100mg,Neurology,Commercial,2026-03-23,2026-03-29,6,2026-03-26,2026-04-12,Denied,17,,,,Abandoned,1,Side Effect Concerns,Post-PA,3,0,,,,
CASE-01149,PAT-01230,REP-024,DrugGamma-200mg,Cardiology,Medicare,2026-04-27,2026-05-01,4,2026-04-29,,Approved,17,2026-05-21,2026-05-22,25,Resolved,0,,,2,0,1,1,1,19
CASE-01150,PAT-01281,REP-004,CardioPlus-25mg,Rare Disease,Commercial,2026-03-17,2026-03-19,2,2026-03-21,2026-04-05,Denied,15,,,,Open,0,,,10,0,,,,
CASE-01151,PAT-00050,REP-021,DrugBeta-50mg,Rare Disease,Medicare,2025-10-19,2025-10-22,3,2025-10-24,2025-11-12,Denied,19,,,,Abandoned,1,Insurance Delay,Post-PA,2,0,,,,
CASE-01152,PAT-00588,REP-024,DrugBeta-50mg,Neurology,Medicare,2025-09-01,2025-09-04,3,2025-09-07,2025-09-28,Approved,21,2025-10-04,2025-10-04,33,Resolved,0,,,4,1,1,1,1,27
CASE-01153,PAT-00446,REP-004,DrugGamma-200mg,Neurology,Medicare,2025-08-20,2025-08-21,1,2025-08-26,2025-09-25,Approved,30,2025-09-28,2025-10-01,42,Resolved,0,,,1,0,1,1,1,36
CASE-01154,PAT-00577,REP-024,DrugGamma-200mg,Rare Disease,Commercial,2026-04-15,2026-04-16,1,2026-04-20,,Approved,11,2026-05-11,2026-05-12,27,Resolved,0,,,11,1,0,0,0,16
CASE-01155,PAT-01318,REP-010,CardioPlus-25mg,Rare Disease,Self-Pay,2025-08-10,2025-08-14,4,2025-08-16,2025-08-21,Denied,5,,,,Abandoned,1,Insurance Delay,Post-PA,0,0,,,,
CASE-01156,PAT-01489,REP-012,DrugAlpha-100mg,Rare Disease,Medicare,2025-11-25,2025-11-27,2,2025-11-26,2025-12-06,Approved,10,2025-12-13,2025-12-15,20,Resolved,0,,,3,1,1,1,1,11
CASE-01157,PAT-00155,REP-024,DrugBeta-50mg,Immunology,Commercial,2025-12-18,2025-12-21,3,2025-12-24,2025-12-30,Appeal,6,,,,Abandoned,1,Unknown,During PA,0,0,,,,
CASE-01158,PAT-01915,REP-021,NeuroX-75mg,Rare Disease,Self-Pay,2026-03-29,2026-04-03,5,2026-04-03,2026-04-10,Denied,7,,,,Abandoned,1,Unknown,During PA,0,0,,,,
CASE-01159,PAT-00599,REP-010,CardioPlus-25mg,Rare Disease,Commercial,2026-03-20,2026-03-21,1,2026-03-25,2026-04-05,Approved,11,2026-04-09,2026-04-10,21,Resolved,0,,,2,0,1,1,1,16
CASE-01160,PAT-01203,REP-021,NeuroX-75mg,Cardiology,Commercial,2026-02-02,2026-02-03,1,2026-02-06,2026-02-13,Denied,7,,,,Abandoned,1,Insurance Delay,During PA,3,0,,,,
CASE-01161,PAT-00309,REP-021,DrugBeta-50mg,Oncology,Commercial,2026-01-20,2026-01-22,2,2026-01-23,2026-02-11,Approved,19,2026-02-21,2026-02-21,32,Resolved,0,,,4,1,1,1,1,22
CASE-01162,PAT-01519,REP-012,DrugBeta-50mg,Immunology,Medicare,2025-07-13,2025-07-16,3,2025-07-19,2025-08-09,Approved,21,,,,Abandoned,1,Side Effect Concerns,Post-PA,1,0,,,,
CASE-01163,PAT-01331,REP-020,DrugAlpha-100mg,Oncology,Commercial,2026-04-24,2026-04-25,1,2026-04-27,,Denied,14,,,,In Progress,0,,,11,0,,,,
CASE-01164,PAT-01936,REP-012,DrugBeta-50mg,Neurology,Self-Pay,2025-07-31,2025-08-03,3,2025-08-07,2025-08-18,Approved,11,2025-08-19,2025-08-24,24,Resolved,0,,,6,0,1,1,1,18
CASE-01165,PAT-00708,REP-015,CardioPlus-25mg,Cardiology,Commercial,2025-12-31,2026-01-04,4,2026-01-05,2026-01-18,Approved,13,2026-01-27,2026-01-29,29,Resolved,0,,,4,0,1,1,1,18
CASE-01166,PAT-00117,REP-010,CardioPlus-25mg,Oncology,Self-Pay,2025-12-24,2025-12-26,2,2025-12-31,2026-01-05,Approved,5,2026-01-12,2026-01-15,22,Resolved,0,,,9,1,1,1,0,12
CASE-01167,PAT-01278,REP-004,NeuroX-75mg,Oncology,Medicare,2026-04-09,2026-04-11,2,2026-04-10,2026-04-30,Approved,20,2026-05-08,2026-05-13,34,Resolved,0,,,5,1,1,1,1,21
CASE-01168,PAT-00099,REP-020,NeuroX-75mg,Cardiology,Self-Pay,2025-12-25,2025-12-26,1,2025-12-30,2026-01-05,Approved,6,2026-01-11,2026-01-12,18,Resolved,0,,,3,1,1,0,0,11
CASE-01169,PAT-01635,REP-019,DrugAlpha-100mg,Cardiology,VA,2026-04-29,2026-04-30,1,2026-05-03,,Approved,10,2026-05-17,2026-05-20,21,Resolved,0,,,4,0,1,1,1,14
CASE-01170,PAT-01812,REP-019,NeuroX-75mg,Rare Disease,Commercial,2025-10-25,2025-10-26,1,2025-10-28,2025-11-14,Approved,17,,,,Abandoned,1,Unknown,Post-PA,3,0,,,,
CASE-01171,PAT-00588,REP-004,DrugBeta-50mg,Neurology,Medicare,2025-08-08,2025-08-10,2,2025-08-13,2025-09-11,Denied,29,,,,In Progress,0,,,5,0,,,,
CASE-01172,PAT-00642,REP-015,CardioPlus-25mg,Rare Disease,Medicare,2025-08-26,2025-08-28,2,2025-09-01,2025-09-23,Denied,22,,,,Abandoned,1,Insurance Delay,Post-PA,1,0,,,,
CASE-01173,PAT-00614,REP-015,DrugGamma-200mg,Oncology,Self-Pay,2025-07-18,2025-07-21,3,2025-07-20,2025-07-29,Denied,9,,,,Abandoned,1,Unknown,Post-PA,4,0,,,,
CASE-01174,PAT-00891,REP-010,DrugBeta-50mg,Immunology,Commercial,2026-01-10,2026-01-12,2,2026-01-17,2026-02-03,Appeal,17,,,,In Progress,0,,,3,0,,,,
CASE-01175,PAT-00562,REP-021,NeuroX-75mg,Neurology,Medicaid,2026-03-20,2026-03-22,2,2026-03-22,,Approved,40,,,,Abandoned,1,Patient Lost Contact,Post-PA,2,0,,,,
CASE-01176,PAT-00614,REP-021,DrugGamma-200mg,Oncology,Self-Pay,2026-04-10,2026-04-11,1,2026-04-15,2026-04-24,Approved,9,2026-05-03,2026-05-03,23,Resolved,0,,,12,1,1,1,1,14
CASE-01177,PAT-00897,REP-015,DrugBeta-50mg,Rare Disease,Commercial,2025-09-09,2025-09-11,2,2025-09-15,2025-09-23,Approved,8,2025-10-02,2025-10-05,26,Resolved,0,,,2,0,1,1,0,14
CASE-01178,PAT-01065,REP-019,DrugAlpha-100mg,Oncology,Commercial,2025-07-20,2025-07-23,3,2025-07-23,2025-07-30,Approved,7,2025-08-02,2025-08-03,14,Resolved,0,,,4,0,1,1,0,10
CASE-01179,PAT-01055,REP-024,DrugBeta-50mg,Oncology,Self-Pay,2026-02-27,2026-02-28,1,2026-03-05,2026-03-09,Approved,4,2026-03-19,2026-03-23,24,Resolved,0,,,2,0,1,1,0,10
CASE-01180,PAT-00671,REP-010,DrugGamma-200mg,Cardiology,Commercial,2025-11-15,2025-11-17,2,2025-11-18,2025-12-08,Approved,20,2025-12-17,2025-12-21,36,Resolved,0,,,8,1,1,1,1,23
CASE-01181,PAT-00346,REP-020,DrugGamma-200mg,Rare Disease,Medicaid,2025-10-09,2025-10-12,3,2025-10-11,2025-11-24,Appeal,44,,,,Abandoned,1,Side Effect Concerns,During PA,4,0,,,,
CASE-01182,PAT-00568,REP-020,DrugAlpha-100mg,Immunology,Medicare,2025-07-25,2025-07-27,2,2025-08-01,2025-08-07,Approved,6,2025-08-10,2025-08-10,16,Resolved,0,,,4,0,1,1,0,13
CASE-01183,PAT-00148,REP-015,DrugBeta-50mg,Oncology,Commercial,2025-12-20,2025-12-21,1,2025-12-25,2026-01-15,Approved,21,2026-01-25,2026-01-27,38,Resolved,0,,,12,0,1,1,0,26
CASE-01184,PAT-01886,REP-010,DrugGamma-200mg,Immunology,Commercial,2025-11-10,2025-11-12,2,2025-11-13,2025-11-25,Approved,12,2025-12-05,2025-12-07,27,Resolved,0,,,11,0,1,1,1,15
CASE-01185,PAT-00759,REP-019,NeuroX-75mg,Neurology,Medicaid,2025-08-29,2025-09-04,6,2025-08-31,2025-09-28,Approved,28,2025-10-08,2025-10-09,41,Resolved,0,,,5,0,1,1,1,30
CASE-01186,PAT-00035,REP-012,CardioPlus-25mg,Neurology,Medicaid,2025-11-02,2025-11-03,1,2025-11-09,2025-12-02,Denied,23,,,,Open,0,,,8,0,,,,
CASE-01187,PAT-01519,REP-015,DrugBeta-50mg,Immunology,Medicare,2025-07-27,2025-07-29,2,2025-07-31,2025-08-14,Denied,14,,,,In Progress,0,,,8,0,,,,
CASE-01188,PAT-01966,REP-024,DrugAlpha-100mg,Immunology,Medicare,2025-11-13,2025-11-14,1,2025-11-18,2025-12-03,Approved,15,2025-12-11,2025-12-14,31,Resolved,0,,,1,1,0,0,0,20
CASE-01189,PAT-01372,REP-020,NeuroX-75mg,Cardiology,Medicaid,2025-12-01,2025-12-04,3,2025-12-05,2026-01-10,Denied,36,,,,Abandoned,1,Insurance Delay,Post-PA,0,0,,,,
CASE-01190,PAT-01539,REP-021,DrugAlpha-100mg,Cardiology,Medicaid,2026-03-07,2026-03-08,1,2026-03-14,2026-04-26,Appeal,43,,,,Open,0,,,2,0,,,,
CASE-01191,PAT-00688,REP-004,DrugGamma-200mg,Cardiology,Medicaid,2025-11-27,2025-11-30,3,2025-12-04,2025-12-22,Denied,18,,,,Abandoned,1,Cost Concerns,Post-PA,4,0,,,,
CASE-01192,PAT-00780,REP-004,NeuroX-75mg,Cardiology,Medicare,2025-12-03,2025-12-04,1,2025-12-06,2026-01-01,Approved,26,2026-01-11,2026-01-15,43,Resolved,0,,,3,0,1,1,1,29
CASE-01193,PAT-00184,REP-004,DrugBeta-50mg,Cardiology,Commercial,2025-12-30,2026-01-01,2,2026-01-02,2026-01-06,Approved,4,2026-01-12,2026-01-12,13,Resolved,0,,,10,1,1,1,1,7
CASE-01194,PAT-00609,REP-024,DrugBeta-50mg,Rare Disease,Self-Pay,2026-01-14,2026-01-16,2,2026-01-17,2026-01-28,Approved,11,2026-02-06,2026-02-10,27,Resolved,0,,,9,0,1,1,1,14
CASE-01195,PAT-01965,REP-012,DrugBeta-50mg,Rare Disease,Medicare,2026-04-18,2026-04-25,7,2026-04-21,,Pending,29,,,,In Progress,0,,,11,0,,,,
CASE-01196,PAT-01971,REP-010,CardioPlus-25mg,Cardiology,Self-Pay,2025-10-20,2025-10-22,2,2025-10-22,2025-10-28,Denied,6,,,,In Progress,0,,,10,0,,,,
CASE-01197,PAT-01131,REP-012,DrugAlpha-100mg,Rare Disease,Self-Pay,2025-11-12,2025-11-19,7,2025-11-15,2025-11-20,Approved,5,,,,Abandoned,1,Insurance Delay,Post-Fulfillment,2,0,,,,
CASE-01198,PAT-01781,REP-010,DrugAlpha-100mg,Rare Disease,Commercial,2025-12-15,2025-12-17,2,2025-12-20,2026-01-02,Appeal,13,,,,Abandoned,1,Cost Concerns,During PA,1,0,,,,
CASE-01199,PAT-01131,REP-010,DrugAlpha-100mg,Rare Disease,Self-Pay,2025-09-10,2025-09-12,2,2025-09-17,2025-09-24,Approved,7,2025-09-25,2025-09-27,17,Resolved,0,,,3,1,1,1,0,14
CASE-01200,PAT-00290,REP-020,DrugAlpha-100mg,Neurology,Medicaid,2026-02-24,2026-02-26,2,2026-02-28,2026-04-06,Denied,37,,,,In Progress,0,,,8,0,,,,
CASE-01201,PAT-01737,REP-010,DrugBeta-50mg,Cardiology,Self-Pay,2026-02-08,2026-02-12,4,2026-02-15,2026-02-27,Denied,12,,,,Abandoned,1,Patient Deceased,During PA,2,0,,,,
CASE-01202,PAT-00771,REP-015,CardioPlus-25mg,Rare Disease,Commercial,2026-01-19,2026-01-25,6,2026-01-23,2026-02-01,Approved,9,2026-02-09,2026-02-13,25,Resolved,0,,,6,1,1,1,1,13
CASE-01203,PAT-01420,REP-004,DrugBeta-50mg,Immunology,Medicaid,2025-07-14,2025-07-17,3,2025-07-19,2025-08-20,Denied,32,,,,Abandoned,1,Cost Concerns,Post-PA,3,0,,,,
CASE-01204,PAT-01214,REP-012,NeuroX-75mg,Oncology,Medicare,2025-10-15,2025-10-22,7,2025-10-21,2025-11-18,Approved,28,2025-11-27,2025-12-02,48,Resolved,0,,,4,0,1,1,0,34
CASE-01205,PAT-01324,REP-012,DrugBeta-50mg,Oncology,Commercial,2025-08-10,2025-08-13,3,2025-08-12,2025-08-29,Approved,17,2025-09-02,2025-09-03,24,Resolved,0,,,3,1,1,1,1,19
CASE-01206,PAT-00856,REP-024,DrugGamma-200mg,Neurology,Commercial,2025-09-05,2025-09-07,2,2025-09-12,2025-09-28,Approved,16,2025-09-30,2025-10-05,30,Resolved,0,,,4,0,0,1,1,23
CASE-01207,PAT-01606,REP-015,DrugGamma-200mg,Immunology,Commercial,2025-10-13,2025-10-14,1,2025-10-15,2025-10-31,Approved,16,2025-11-10,2025-11-14,32,Resolved,0,,,5,0,1,1,1,18
CASE-01208,PAT-01182,REP-019,CardioPlus-25mg,Immunology,Commercial,2025-08-28,2025-08-29,1,2025-08-30,2025-09-16,Denied,17,,,,Open,0,,,10,0,,,,
CASE-01209,PAT-01255,REP-024,CardioPlus-25mg,Neurology,Medicaid,2025-10-16,2025-10-19,3,2025-10-21,2025-11-27,Approved,37,2025-11-29,2025-12-02,47,Resolved,0,,,3,0,1,1,0,42
CASE-01210,PAT-01987,REP-019,CardioPlus-25mg,Neurology,Commercial,2026-04-11,2026-04-18,7,2026-04-13,2026-04-24,Appeal,11,,,,In Progress,0,,,4,0,,,,
CASE-01211,PAT-01866,REP-024,CardioPlus-25mg,Rare Disease,Self-Pay,2026-04-14,2026-04-21,7,2026-04-16,2026-04-28,Approved,12,,,,Abandoned,1,Patient Lost Contact,Post-PA,3,0,,,,
CASE-01212,PAT-01541,REP-012,DrugBeta-50mg,Neurology,Commercial,2026-03-23,2026-03-26,3,2026-03-26,2026-03-29,Approved,3,,,,Abandoned,1,Unknown,Post-Fulfillment,0,0,,,,
CASE-01213,PAT-00399,REP-019,NeuroX-75mg,Immunology,Medicaid,2026-01-11,2026-01-13,2,2026-01-13,2026-01-24,Approved,11,2026-01-29,2026-01-31,20,Resolved,0,,,5,1,1,1,1,13
CASE-01214,PAT-00612,REP-020,DrugGamma-200mg,Cardiology,Medicaid,2025-12-25,2025-12-26,1,2025-12-29,2026-01-18,Denied,20,,,,In Progress,0,,,3,0,,,,
CASE-01215,PAT-00851,REP-020,DrugBeta-50mg,Immunology,Medicaid,2026-02-23,2026-02-26,3,2026-02-24,2026-04-04,Denied,39,,,,Open,0,,,12,0,,,,
CASE-01216,PAT-01254,REP-021,NeuroX-75mg,Oncology,Commercial,2026-04-08,2026-04-11,3,2026-04-15,2026-04-24,Approved,9,2026-04-27,2026-05-01,23,Resolved,0,,,12,0,1,1,1,16
CASE-01217,PAT-01388,REP-012,DrugAlpha-100mg,Rare Disease,Medicare,2025-07-23,2025-07-24,1,2025-07-29,2025-08-13,Approved,15,2025-08-19,2025-08-20,28,Resolved,0,,,10,0,0,0,0,21
CASE-01218,PAT-01043,REP-019,DrugGamma-200mg,Neurology,Commercial,2025-09-24,2025-09-26,2,2025-09-28,2025-10-15,Denied,17,,,,Abandoned,1,Switched Therapy,During PA,4,0,,,,
CASE-01219,PAT-00332,REP-019,DrugGamma-200mg,Immunology,Commercial,2025-07-08,2025-07-13,5,2025-07-11,2025-07-22,Approved,11,2025-07-29,2025-07-29,21,Resolved,0,,,12,0,1,1,1,14
CASE-01220,PAT-00567,REP-019,DrugAlpha-100mg,Immunology,Medicaid,2025-10-23,2025-10-24,1,2025-10-30,2025-12-12,Approved,43,2025-12-19,2025-12-24,62,Resolved,0,,,4,0,1,1,1,50
CASE-01221,PAT-00135,REP-015,DrugAlpha-100mg,Immunology,Commercial,2025-12-24,2025-12-29,5,2025-12-30,2026-01-02,Approved,3,2026-01-04,2026-01-08,15,Resolved,0,,,8,0,1,0,0,9
CASE-01222,PAT-00911,REP-015,DrugGamma-200mg,Immunology,Self-Pay,2025-11-24,2025-11-25,1,2025-11-28,2025-11-30,Denied,2,,,,Open,0,,,7,0,,,,
CASE-01223,PAT-01296,REP-024,DrugGamma-200mg,Oncology,Commercial,2025-07-03,2025-07-09,6,2025-07-09,2025-07-29,Approved,20,2025-08-07,2025-08-07,35,Resolved,0,,,6,1,1,1,1,26
CASE-01224,PAT-00410,REP-019,DrugGamma-200mg,Oncology,Commercial,2025-07-06,2025-07-12,6,2025-07-12,2025-07-17,Approved,5,2025-07-22,2025-07-24,18,Resolved,0,,,9,0,1,0,1,11
CASE-01225,PAT-01178,REP-012,DrugGamma-200mg,Oncology,Medicare,2026-01-26,2026-01-28,2,2026-01-31,2026-02-12,Approved,12,2026-02-19,2026-02-24,29,Resolved,0,,,1,1,1,1,1,17
CASE-01226,PAT-00379,REP-004,DrugAlpha-100mg,Neurology,VA,2025-09-14,2025-09-19,5,2025-09-15,2025-09-24,Approved,9,2025-09-26,2025-09-29,15,Resolved,0,,,12,0,1,0,0,10
CASE-01227,PAT-01989,REP-015,NeuroX-75mg,Neurology,Commercial,2025-12-20,2025-12-22,2,2025-12-24,2026-01-05,Approved,12,2026-01-11,2026-01-12,23,Resolved,0,,,11,1,1,0,0,16
CASE-01228,PAT-00892,REP-024,DrugAlpha-100mg,Immunology,Medicare,2026-03-26,2026-03-31,5,2026-04-02,2026-04-29,Approved,27,2026-05-03,2026-05-06,41,Resolved,0,,,2,0,1,0,0,34
CASE-01229,PAT-01735,REP-010,CardioPlus-25mg,Neurology,Medicaid,2025-11-07,2025-11-08,1,2025-11-10,2025-11-26,Approved,16,2025-12-05,2025-12-07,30,Resolved,0,,,12,0,1,1,1,19
CASE-01230,PAT-01760,REP-010,CardioPlus-25mg,Neurology,Commercial,2026-03-03,2026-03-04,1,2026-03-04,2026-03-09,Approved,5,2026-03-16,2026-03-18,15,Resolved,0,,,1,0,1,1,0,6
CASE-01231,PAT-00707,REP-015,NeuroX-75mg,Oncology,Commercial,2025-11-08,2025-11-10,2,2025-11-11,2025-11-28,Approved,17,2025-12-02,2025-12-06,28,Resolved,0,,,7,0,0,0,0,20
CASE-01232,PAT-00334,REP-019,DrugAlpha-100mg,Cardiology,Medicaid,2025-09-09,2025-09-11,2,2025-09-15,2025-10-26,Approved,41,2025-11-05,2025-11-09,61,Resolved,0,,,2,1,1,1,0,47
CASE-01233,PAT-00161,REP-004,CardioPlus-25mg,Oncology,Commercial,2026-02-11,2026-02-15,4,2026-02-16,2026-02-24,Appeal,8,,,,Open,0,,,11,0,,,,
CASE-01234,PAT-00069,REP-019,CardioPlus-25mg,Cardiology,Commercial,2026-03-03,2026-03-06,3,2026-03-05,2026-03-21,Approved,16,2026-03-22,2026-03-26,23,Resolved,0,,,2,0,1,1,0,18
CASE-01235,PAT-01076,REP-012,DrugAlpha-100mg,Rare Disease,Commercial,2025-11-24,2025-11-28,4,2025-11-30,2025-12-05,Approved,5,2025-12-07,2025-12-11,17,Resolved,0,,,7,0,1,1,1,11
CASE-01236,PAT-00906,REP-010,NeuroX-75mg,Neurology,Self-Pay,2026-01-29,2026-02-04,6,2026-02-04,2026-02-12,Approved,8,2026-02-19,2026-02-21,23,Resolved,0,,,10,0,1,1,0,14
CASE-01237,PAT-00424,REP-010,DrugAlpha-100mg,Oncology,Medicare,2025-11-07,2025-11-12,5,2025-11-10,2025-11-21,Approved,11,2025-11-23,2025-11-27,20,Resolved,0,,,11,0,1,1,0,14
CASE-01238,PAT-01658,REP-015,DrugAlpha-100mg,Cardiology,Commercial,2026-01-10,2026-01-11,1,2026-01-17,2026-01-21,Approved,4,2026-01-23,2026-01-27,17,Resolved,0,,,1,1,1,1,1,11
CASE-01239,PAT-01930,REP-021,DrugBeta-50mg,Rare Disease,Medicare,2025-11-03,2025-11-10,7,2025-11-07,2025-11-28,Pending,21,,,,In Progress,0,,,4,0,,,,
CASE-01240,PAT-00730,REP-015,CardioPlus-25mg,Oncology,Commercial,2025-11-10,2025-11-12,2,2025-11-15,2025-11-28,Approved,13,2025-12-01,2025-12-03,23,Resolved,0,,,11,1,1,1,1,18
CASE-01241,PAT-01355,REP-020,DrugAlpha-100mg,Immunology,Commercial,2026-03-26,2026-03-29,3,2026-03-31,2026-04-06,Approved,6,2026-04-08,2026-04-09,14,Resolved,0,,,6,1,1,1,0,11
CASE-01242,PAT-00786,REP-004,NeuroX-75mg,Oncology,Commercial,2026-04-28,2026-04-30,2,2026-05-01,,Approved,10,2026-05-12,2026-05-17,19,Resolved,0,,,3,0,1,0,0,13
CASE-01243,PAT-00709,REP-019,DrugGamma-200mg,Cardiology,Self-Pay,2025-12-31,2026-01-02,2,2026-01-05,2026-01-08,Approved,3,2026-01-10,2026-01-14,14,Resolved,0,,,1,0,1,1,1,8
CASE-01244,PAT-01144,REP-010,DrugBeta-50mg,Neurology,Medicare,2026-03-17,2026-03-20,3,2026-03-19,2026-03-31,Approved,12,2026-04-09,2026-04-14,28,Resolved,0,,,12,0,1,1,1,14
CASE-01245,PAT-00079,REP-010,NeuroX-75mg,Rare Disease,Self-Pay,2025-12-21,2025-12-27,6,2025-12-23,2025-12-27,Approved,4,2025-12-31,2026-01-02,12,Resolved,0,,,10,0,1,1,1,6
CASE-01246,PAT-00666,REP-004,NeuroX-75mg,Rare Disease,Commercial,2026-02-22,2026-02-25,3,2026-02-24,2026-03-16,Approved,20,,,,Abandoned,1,Switched Therapy,Post-PA,4,0,,,,
CASE-01247,PAT-00419,REP-024,DrugAlpha-100mg,Cardiology,Commercial,2025-10-10,2025-10-15,5,2025-10-17,2025-10-23,Approved,6,2025-10-29,2025-11-02,23,Resolved,0,,,5,0,1,0,0,13
CASE-01248,PAT-01984,REP-021,CardioPlus-25mg,Neurology,Commercial,2026-04-12,2026-04-14,2,2026-04-14,2026-04-18,Approved,4,2026-04-23,2026-04-25,13,Resolved,0,,,3,1,0,0,1,6
CASE-01249,PAT-00457,REP-004,NeuroX-75mg,Rare Disease,Commercial,2025-09-26,2025-09-27,1,2025-10-01,2025-10-16,Approved,15,2025-10-25,2025-10-28,32,Resolved,0,,,12,1,1,1,0,20
CASE-01250,PAT-00536,REP-020,CardioPlus-25mg,Neurology,Commercial,2026-03-14,2026-03-18,4,2026-03-18,2026-04-04,Approved,17,2026-04-13,2026-04-13,30,Resolved,0,,,7,0,1,0,0,21
CASE-01251,PAT-01569,REP-020,NeuroX-75mg,Oncology,Medicaid,2025-09-19,2025-09-22,3,2025-09-22,2025-10-05,Denied,13,,,,In Progress,0,,,3,0,,,,
CASE-01252,PAT-01817,REP-010,DrugBeta-50mg,Cardiology,Commercial,2026-02-08,2026-02-13,5,2026-02-09,2026-02-18,Approved,9,2026-02-20,2026-02-21,13,Resolved,0,,,1,0,1,1,1,10
CASE-01253,PAT-01656,REP-015,NeuroX-75mg,Immunology,VA,2026-04-15,2026-04-22,7,2026-04-16,2026-04-30,Approved,14,2026-05-05,2026-05-05,20,Resolved,0,,,12,0,1,1,0,15
CASE-01254,PAT-01161,REP-010,DrugAlpha-100mg,Cardiology,Commercial,2025-08-20,2025-08-26,6,2025-08-25,2025-09-07,Denied,13,,,,Abandoned,1,Unknown,Post-PA,1,0,,,,
CASE-01255,PAT-00178,REP-019,NeuroX-75mg,Rare Disease,Medicare,2026-02-14,2026-02-18,4,2026-02-16,2026-03-11,Appeal,23,,,,Open,0,,,6,0,,,,
CASE-01256,PAT-01753,REP-004,DrugGamma-200mg,Immunology,Medicaid,2026-03-26,2026-03-27,1,2026-03-27,2026-04-19,Denied,23,,,,Abandoned,1,Patient Deceased,Post-PA,3,0,,,,
CASE-01257,PAT-01312,REP-004,DrugBeta-50mg,Rare Disease,VA,2026-02-23,2026-02-24,1,2026-03-02,2026-03-05,Approved,3,2026-03-07,2026-03-08,13,Resolved,0,,,2,0,1,1,1,10
CASE-01258,PAT-00039,REP-020,NeuroX-75mg,Neurology,Self-Pay,2026-03-18,2026-03-19,1,2026-03-20,2026-03-22,Approved,2,2026-03-31,2026-04-05,18,Resolved,0,,,10,0,0,0,0,4
CASE-01259,PAT-00021,REP-020,DrugGamma-200mg,Rare Disease,Medicaid,2026-01-15,2026-01-21,6,2026-01-20,2026-02-13,Denied,24,,,,Abandoned,1,Side Effect Concerns,During PA,3,0,,,,
CASE-01260,PAT-01992,REP-021,CardioPlus-25mg,Immunology,Medicare,2025-07-28,2025-07-31,3,2025-08-03,2025-08-13,Pending,10,,,,In Progress,0,,,1,0,,,,
CASE-01261,PAT-00640,REP-024,DrugAlpha-100mg,Neurology,Commercial,2025-12-26,2026-01-01,6,2026-01-01,2026-01-07,Denied,6,,,,Abandoned,1,Insurance Delay,Post-PA,1,0,,,,
CASE-01262,PAT-01846,REP-020,CardioPlus-25mg,Oncology,Commercial,2026-01-20,2026-01-27,7,2026-01-27,2026-01-31,Denied,4,,,,Abandoned,1,Insurance Delay,During PA,2,0,,,,
CASE-01263,PAT-00283,REP-021,CardioPlus-25mg,Oncology,Medicare,2026-03-26,2026-03-29,3,2026-03-28,2026-04-24,Approved,27,2026-04-29,2026-05-04,39,Resolved,0,,,7,0,1,1,0,29
CASE-01264,PAT-00771,REP-010,CardioPlus-25mg,Rare Disease,Commercial,2025-09-03,2025-09-06,3,2025-09-07,2025-09-19,Approved,12,2025-09-24,2025-09-25,22,Resolved,0,,,12,1,1,1,0,16
CASE-01265,PAT-01701,REP-019,DrugGamma-200mg,Rare Disease,Medicare,2025-09-22,2025-09-24,2,2025-09-24,2025-10-22,Denied,28,,,,In Progress,0,,,5,0,,,,
CASE-01266,PAT-00028,REP-004,DrugAlpha-100mg,Neurology,Commercial,2025-12-09,2025-12-16,7,2025-12-13,2025-12-17,Approved,4,2025-12-22,2025-12-22,13,Resolved,0,,,12,0,1,1,1,8
CASE-01267,PAT-00818,REP-019,DrugBeta-50mg,Rare Disease,Commercial,2025-08-30,2025-08-31,1,2025-09-01,2025-09-12,Approved,11,2025-09-18,2025-09-19,20,Resolved,0,,,11,0,1,1,1,13
CASE-01268,PAT-01630,REP-020,DrugGamma-200mg,Immunology,Medicaid,2025-10-16,2025-10-23,7,2025-10-23,2025-11-29,Pending,37,,,,Open,0,,,5,0,,,,
CASE-01269,PAT-01999,REP-010,DrugAlpha-100mg,Immunology,Medicare,2026-02-07,2026-02-08,1,2026-02-13,2026-02-27,Approved,14,2026-03-07,2026-03-07,28,Resolved,0,,,6,0,1,1,0,20
CASE-01270,PAT-01679,REP-024,DrugBeta-50mg,Neurology,Medicaid,2026-03-05,2026-03-08,3,2026-03-12,2026-03-30,Approved,18,2026-03-31,2026-03-31,26,Resolved,0,,,2,0,1,1,0,25
CASE-01271,PAT-01847,REP-010,DrugAlpha-100mg,Immunology,Medicare,2025-08-09,2025-08-10,1,2025-08-12,2025-09-11,Approved,30,2025-09-18,2025-09-23,45,Resolved,0,,,2,1,1,1,0,33
CASE-01272,PAT-01184,REP-020,DrugBeta-50mg,Oncology,Medicaid,2026-02-16,2026-02-19,3,2026-02-18,2026-03-08,Denied,18,,,,Abandoned,1,Patient Deceased,Post-PA,1,0,,,,
CASE-01273,PAT-00199,REP-015,CardioPlus-25mg,Neurology,Commercial,2025-11-23,2025-11-24,1,2025-11-29,2025-12-18,Approved,19,2025-12-25,2025-12-30,37,Resolved,0,,,6,0,1,1,1,25
CASE-01274,PAT-00804,REP-024,DrugAlpha-100mg,Oncology,Commercial,2025-11-22,2025-11-25,3,2025-11-27,2025-12-16,Appeal,19,,,,Open,0,,,5,0,,,,
CASE-01275,PAT-01250,REP-010,NeuroX-75mg,Cardiology,VA,2026-02-04,2026-02-07,3,2026-02-05,2026-02-17,Pending,12,,,,In Progress,0,,,10,0,,,,
CASE-01276,PAT-01081,REP-012,DrugAlpha-100mg,Neurology,Medicare,2025-12-27,2025-12-30,3,2025-12-28,2026-01-24,Denied,27,,,,In Progress,0,,,7,0,,,,
CASE-01277,PAT-00087,REP-004,DrugGamma-200mg,Immunology,Medicaid,2026-03-12,2026-03-13,1,2026-03-16,2026-04-09,Denied,24,,,,Open,0,,,9,0,,,,
CASE-01278,PAT-00265,REP-024,DrugAlpha-100mg,Cardiology,Medicaid,2025-07-08,2025-07-15,7,2025-07-10,2025-08-23,Approved,44,2025-08-27,2025-08-31,54,Resolved,0,,,1,0,1,0,0,46
CASE-01279,PAT-00089,REP-021,DrugAlpha-100mg,Oncology,Commercial,2025-10-23,2025-10-24,1,2025-10-30,2025-11-15,Approved,16,2025-11-16,2025-11-20,28,Resolved,0,,,1,1,1,1,0,23
CASE-01280,PAT-00799,REP-024,NeuroX-75mg,Oncology,Medicare,2026-01-22,2026-01-23,1,2026-01-23,2026-01-30,Pending,7,,,,In Progress,0,,,12,0,,,,
CASE-01281,PAT-00304,REP-010,DrugGamma-200mg,Rare Disease,Medicaid,2025-07-29,2025-07-31,2,2025-08-04,2025-08-18,Pending,14,,,,Open,0,,,12,0,,,,
CASE-01282,PAT-01729,REP-019,CardioPlus-25mg,Rare Disease,Commercial,2025-11-18,2025-11-20,2,2025-11-19,2025-12-04,Approved,15,2025-12-14,2025-12-14,26,Resolved,0,,,8,0,1,0,0,16
CASE-01283,PAT-00237,REP-020,DrugAlpha-100mg,Cardiology,Commercial,2025-07-17,2025-07-20,3,2025-07-20,2025-07-31,Approved,11,2025-08-07,2025-08-09,23,Resolved,0,,,9,1,1,1,0,14
CASE-01284,PAT-00827,REP-024,DrugAlpha-100mg,Immunology,Commercial,2025-07-30,2025-08-03,4,2025-08-03,2025-08-22,Denied,19,,,,Abandoned,1,Cost Concerns,During PA,1,0,,,,
CASE-01285,PAT-01482,REP-012,DrugAlpha-100mg,Rare Disease,Commercial,2026-02-17,2026-02-21,4,2026-02-20,2026-03-07,Approved,15,2026-03-09,2026-03-12,23,Resolved,0,,,1,1,1,1,1,18
CASE-01286,PAT-00478,REP-012,DrugGamma-200mg,Immunology,Commercial,2025-12-09,2025-12-11,2,2025-12-11,2025-12-27,Pending,16,,,,Open,0,,,3,0,,,,
CASE-01287,PAT-00014,REP-010,NeuroX-75mg,Cardiology,Commercial,2026-04-19,2026-04-21,2,2026-04-22,,Approved,18,2026-05-14,2026-05-16,27,Resolved,0,,,5,1,1,0,0,21
CASE-01288,PAT-01276,REP-010,DrugBeta-50mg,Oncology,Commercial,2026-03-15,2026-03-17,2,2026-03-16,2026-03-28,Appeal,12,,,,Abandoned,1,Cost Concerns,During PA,0,0,,,,
CASE-01289,PAT-00266,REP-004,DrugAlpha-100mg,Rare Disease,Medicare,2025-07-13,2025-07-15,2,2025-07-14,2025-08-12,Denied,29,,,,Open,0,,,6,0,,,,
CASE-01290,PAT-00808,REP-021,DrugAlpha-100mg,Cardiology,Commercial,2026-02-12,2026-02-13,1,2026-02-17,2026-02-27,Denied,10,,,,Abandoned,1,Insurance Delay,Post-PA,2,0,,,,
CASE-01291,PAT-01612,REP-019,DrugGamma-200mg,Oncology,Commercial,2026-04-01,2026-04-05,4,2026-04-08,2026-04-16,Denied,8,,,,Abandoned,1,Patient Lost Contact,Post-PA,0,0,,,,
CASE-01292,PAT-01376,REP-012,DrugGamma-200mg,Rare Disease,Self-Pay,2025-07-22,2025-07-24,2,2025-07-24,2025-07-27,Approved,3,2025-08-06,2025-08-06,15,Resolved,0,,,11,0,1,0,0,5
CASE-01293,PAT-00277,REP-004,NeuroX-75mg,Neurology,Medicaid,2026-03-19,2026-03-21,2,2026-03-22,2026-04-16,Pending,25,,,,Open,0,,,7,0,,,,
CASE-01294,PAT-01471,REP-012,NeuroX-75mg,Immunology,Self-Pay,2026-03-13,2026-03-15,2,2026-03-20,2026-03-22,Approved,2,2026-03-28,2026-04-01,19,Resolved,0,,,6,1,1,1,0,9
CASE-01295,PAT-00027,REP-019,DrugAlpha-100mg,Immunology,Commercial,2026-04-13,2026-04-16,3,2026-04-19,2026-04-24,Approved,5,2026-05-02,2026-05-07,24,Resolved,0,,,7,0,1,1,1,11
CASE-01296,PAT-01306,REP-021,CardioPlus-25mg,Oncology,Medicaid,2025-12-28,2025-12-29,1,2025-12-31,2026-01-23,Approved,23,2026-02-02,2026-02-03,37,Resolved,0,,,9,0,0,1,0,26
CASE-01297,PAT-00341,REP-010,NeuroX-75mg,Cardiology,Commercial,2025-10-10,2025-10-12,2,2025-10-17,2025-10-26,Approved,9,2025-10-30,2025-11-02,23,Resolved,0,,,10,0,1,1,0,16
CASE-01298,PAT-00167,REP-019,CardioPlus-25mg,Neurology,Commercial,2026-03-27,2026-03-29,2,2026-04-03,2026-04-10,Approved,7,2026-04-17,2026-04-20,24,Resolved,0,,,3,0,1,1,1,14
CASE-01299,PAT-00086,REP-020,DrugAlpha-100mg,Neurology,Medicare,2025-07-14,2025-07-20,6,2025-07-16,2025-07-29,Approved,13,2025-08-05,2025-08-10,27,Resolved,0,,,2,1,1,1,0,15
CASE-01300,PAT-01878,REP-021,DrugGamma-200mg,Cardiology,Commercial,2025-07-26,2025-07-30,4,2025-07-29,2025-08-18,Approved,20,,,,Abandoned,1,Patient Lost Contact,Post-PA,2,0,,,,
CASE-01301,PAT-01070,REP-015,CardioPlus-25mg,Neurology,Self-Pay,2025-11-11,2025-11-14,3,2025-11-18,2025-11-28,Approved,10,2025-11-30,2025-12-04,23,Resolved,0,,,1,1,1,1,0,17
CASE-01302,PAT-01543,REP-012,DrugBeta-50mg,Immunology,Commercial,2026-02-24,2026-03-03,7,2026-02-27,2026-03-07,Approved,8,2026-03-08,2026-03-08,12,Resolved,0,,,10,0,0,0,0,11
CASE-01303,PAT-00004,REP-020,DrugBeta-50mg,Immunology,Medicare,2026-01-23,2026-01-24,1,2026-01-24,2026-02-02,Denied,9,,,,Abandoned,1,Insurance Delay,During PA,1,0,,,,
CASE-01304,PAT-00361,REP-020,DrugGamma-200mg,Cardiology,Medicare,2025-07-03,2025-07-07,4,2025-07-09,2025-08-07,Appeal,29,,,,Abandoned,1,Cost Concerns,During PA,3,0,,,,
CASE-01305,PAT-01739,REP-021,DrugAlpha-100mg,Oncology,Medicare,2025-11-26,2025-11-27,1,2025-12-02,2025-12-31,Denied,29,,,,Abandoned,1,Unknown,Post-PA,4,0,,,,
CASE-01306,PAT-01787,REP-019,CardioPlus-25mg,Rare Disease,Medicare,2026-04-18,2026-04-19,1,2026-04-24,,Approved,16,2026-05-14,2026-05-14,26,Resolved,0,,,6,0,1,0,1,22
CASE-01307,PAT-00239,REP-020,NeuroX-75mg,Rare Disease,Commercial,2026-04-22,2026-04-26,4,2026-04-27,,Approved,10,2026-05-17,2026-05-20,28,Resolved,0,,,10,1,1,1,1,15
CASE-01308,PAT-00249,REP-010,CardioPlus-25mg,Rare Disease,Self-Pay,2025-09-02,2025-09-04,2,2025-09-05,2025-09-15,Denied,10,,,,Open,0,,,10,0,,,,
CASE-01309,PAT-00529,REP-015,DrugAlpha-100mg,Oncology,Commercial,2026-03-12,2026-03-13,1,2026-03-13,2026-03-24,Approved,11,2026-03-26,2026-03-28,16,Resolved,0,,,9,0,1,1,1,12
CASE-01310,PAT-00532,REP-004,DrugAlpha-100mg,Immunology,Self-Pay,2026-01-29,2026-01-31,2,2026-01-30,2026-02-04,Approved,5,2026-02-12,2026-02-12,14,Resolved,0,,,7,1,1,0,0,6
CASE-01311,PAT-00630,REP-024,DrugGamma-200mg,Rare Disease,Medicare,2026-02-28,2026-03-03,3,2026-03-03,2026-03-16,Approved,13,2026-03-26,2026-03-28,28,Resolved,0,,,10,1,1,1,1,16
CASE-01312,PAT-00762,REP-012,DrugAlpha-100mg,Cardiology,Medicare,2025-12-22,2025-12-27,5,2025-12-27,2026-01-01,Approved,5,2026-01-09,2026-01-14,23,Resolved,0,,,12,0,1,0,0,10
CASE-01313,PAT-00399,REP-004,NeuroX-75mg,Immunology,Medicaid,2025-09-28,2025-10-03,5,2025-09-30,2025-10-29,Approved,29,,,,Abandoned,1,Side Effect Concerns,Post-Fulfillment,2,0,,,,
CASE-01314,PAT-00410,REP-004,DrugGamma-200mg,Oncology,Commercial,2025-11-04,2025-11-06,2,2025-11-05,2025-11-17,Approved,12,2025-11-23,2025-11-24,20,Resolved,0,,,11,0,1,1,1,13
CASE-01315,PAT-00285,REP-021,NeuroX-75mg,Rare Disease,Medicare,2025-08-04,2025-08-07,3,2025-08-08,2025-08-19,Approved,11,2025-08-24,2025-08-29,25,Resolved,0,,,9,0,1,1,0,15
CASE-01316,PAT-00770,REP-015,NeuroX-75mg,Oncology,Commercial,2026-04-15,2026-04-16,1,2026-04-18,2026-04-27,Approved,9,2026-05-01,2026-05-04,19,Resolved,0,,,12,0,1,1,1,12
CASE-01317,PAT-01488,REP-019,DrugAlpha-100mg,Immunology,Commercial,2025-08-07,2025-08-10,3,2025-08-14,2025-08-23,Approved,9,2025-08-27,2025-08-27,20,Resolved,0,,,11,1,1,1,1,16
CASE-01318,PAT-01512,REP-024,CardioPlus-25mg,Rare Disease,Self-Pay,2025-10-05,2025-10-10,5,2025-10-10,2025-10-15,Approved,5,2025-10-24,2025-10-26,21,Resolved,0,,,8,1,1,1,1,10
CASE-01319,PAT-00716,REP-020,DrugAlpha-100mg,Oncology,Commercial,2025-08-09,2025-08-12,3,2025-08-11,2025-08-26,Denied,15,,,,Abandoned,1,Cost Concerns,Post-PA,2,0,,,,
CASE-01320,PAT-00475,REP-024,DrugGamma-200mg,Cardiology,Self-Pay,2025-08-13,2025-08-16,3,2025-08-14,2025-08-28,Approved,14,2025-09-07,2025-09-10,28,Resolved,0,,,8,1,1,1,0,15
CASE-01321,PAT-01235,REP-020,NeuroX-75mg,Cardiology,Medicaid,2026-02-20,2026-02-21,1,2026-02-26,2026-03-13,Appeal,15,,,,In Progress,0,,,3,0,,,,
CASE-01322,PAT-00177,REP-004,DrugBeta-50mg,Cardiology,Medicare,2025-08-01,2025-08-06,5,2025-08-08,2025-08-28,Approved,20,2025-08-31,2025-09-04,34,Resolved,0,,,9,0,1,1,1,27
CASE-01323,PAT-01384,REP-021,DrugGamma-200mg,Neurology,Medicaid,2025-10-29,2025-10-31,2,2025-10-31,2025-11-08,Appeal,8,,,,Abandoned,1,Patient Deceased,During PA,0,0,,,,
CASE-01324,PAT-01740,REP-015,DrugGamma-200mg,Oncology,Commercial,2026-01-20,2026-01-23,3,2026-01-25,2026-01-28,Approved,3,2026-02-04,2026-02-09,20,Resolved,0,,,10,0,1,1,1,8
CASE-01325,PAT-01630,REP-019,DrugGamma-200mg,Immunology,Medicaid,2025-11-01,2025-11-06,5,2025-11-04,2025-12-04,Approved,30,2025-12-13,2025-12-15,44,Resolved,0,,,8,0,1,0,1,33
CASE-01326,PAT-00729,REP-010,DrugAlpha-100mg,Cardiology,VA,2026-04-19,2026-04-24,5,2026-04-21,2026-04-30,Approved,9,2026-05-09,2026-05-14,25,Resolved,0,,,2,0,1,0,0,11
CASE-01327,PAT-01342,REP-020,DrugGamma-200mg,Cardiology,Commercial,2026-04-04,2026-04-07,3,2026-04-11,2026-04-14,Approved,3,2026-04-19,2026-04-24,20,Resolved,0,,,8,1,1,1,0,10
CASE-01328,PAT-01704,REP-019,DrugGamma-200mg,Neurology,Commercial,2025-10-17,2025-10-20,3,2025-10-22,2025-11-01,Pending,10,,,,In Progress,0,,,4,0,,,,
CASE-01329,PAT-00218,REP-021,DrugAlpha-100mg,Cardiology,Commercial,2026-01-02,2026-01-08,6,2026-01-07,2026-01-18,Approved,11,2026-01-22,2026-01-24,22,Resolved,0,,,7,0,1,0,0,16
CASE-01330,PAT-00299,REP-020,DrugBeta-50mg,Oncology,Self-Pay,2026-02-12,2026-02-16,4,2026-02-18,2026-02-28,Approved,10,,,,Abandoned,1,Insurance Delay,Post-PA,2,0,,,,
CASE-01331,PAT-00930,REP-024,CardioPlus-25mg,Cardiology,Commercial,2026-01-22,2026-01-23,1,2026-01-28,2026-02-01,Denied,4,,,,In Progress,0,,,4,0,,,,
CASE-01332,PAT-01362,REP-004,DrugGamma-200mg,Neurology,Medicaid,2025-12-27,2025-12-28,1,2026-01-01,2026-01-31,Pending,30,,,,Open,0,,,11,0,,,,
CASE-01333,PAT-00913,REP-019,DrugBeta-50mg,Immunology,Commercial,2026-04-18,2026-04-23,5,2026-04-24,,Approved,18,,,,Abandoned,1,Cost Concerns,Post-Fulfillment,3,0,,,,
CASE-01334,PAT-00500,REP-021,DrugGamma-200mg,Immunology,Medicaid,2025-12-23,2025-12-24,1,2025-12-29,2026-01-17,Approved,19,2026-01-19,2026-01-22,30,Resolved,0,,,9,0,1,1,1,25
CASE-01335,PAT-00209,REP-021,NeuroX-75mg,Rare Disease,Commercial,2026-01-14,2026-01-15,1,2026-01-15,2026-01-23,Approved,8,2026-01-26,2026-01-28,14,Resolved,0,,,7,0,1,0,1,9
CASE-01336,PAT-00076,REP-019,DrugGamma-200mg,Immunology,Medicare,2026-04-21,2026-04-27,6,2026-04-26,,Denied,10,,,,Open,0,,,4,0,,,,
CASE-01337,PAT-00632,REP-012,DrugAlpha-100mg,Cardiology,Medicare,2026-04-06,2026-04-09,3,2026-04-09,2026-04-22,Approved,13,2026-04-27,2026-05-02,26,Resolved,0,,,7,0,0,0,0,16
CASE-01338,PAT-01451,REP-010,NeuroX-75mg,Rare Disease,Commercial,2026-04-01,2026-04-02,1,2026-04-07,2026-04-21,Approved,14,2026-04-25,2026-04-26,25,Resolved,0,,,3,0,1,1,1,20
CASE-01339,PAT-00280,REP-010,CardioPlus-25mg,Immunology,Medicare,2025-09-21,2025-09-24,3,2025-09-24,2025-10-11,Approved,17,2025-10-18,2025-10-20,29,Resolved,0,,,12,0,1,1,0,20
CASE-01340,PAT-01371,REP-004,DrugBeta-50mg,Cardiology,Medicaid,2026-01-10,2026-01-13,3,2026-01-13,2026-02-21,Approved,39,2026-02-27,2026-03-04,53,Resolved,0,,,5,1,0,0,0,42
CASE-01341,PAT-00254,REP-024,DrugGamma-200mg,Neurology,Commercial,2025-11-25,2025-11-28,3,2025-12-02,2025-12-23,Approved,21,2025-12-30,2026-01-03,39,Resolved,0,,,9,0,0,1,1,28
CASE-01342,PAT-01489,REP-024,DrugAlpha-100mg,Rare Disease,Medicare,2026-04-10,2026-04-13,3,2026-04-16,,Appeal,18,,,,Open,0,,,10,0,,,,
CASE-01343,PAT-00138,REP-019,CardioPlus-25mg,Cardiology,Medicare,2026-04-30,2026-05-03,3,2026-05-05,,Approved,19,2026-05-30,2026-05-30,30,Resolved,0,,,8,0,1,1,1,24
CASE-01344,PAT-00605,REP-004,DrugAlpha-100mg,Immunology,Medicare,2025-07-01,2025-07-04,3,2025-07-05,2025-07-16,Approved,11,2025-07-21,2025-07-24,23,Resolved,0,,,6,1,1,0,0,15
CASE-01345,PAT-01064,REP-004,NeuroX-75mg,Oncology,Self-Pay,2025-09-12,2025-09-15,3,2025-09-13,2025-09-24,Pending,11,,,,Abandoned,1,Switched Therapy,Pre-PA,4,0,,,,
CASE-01346,PAT-01687,REP-010,DrugAlpha-100mg,Oncology,Commercial,2026-04-18,2026-04-20,2,2026-04-21,,Approved,16,2026-05-17,2026-05-22,34,Resolved,0,,,8,1,1,1,1,19
CASE-01347,PAT-00808,REP-019,DrugAlpha-100mg,Cardiology,Commercial,2025-07-19,2025-07-24,5,2025-07-21,2025-08-03,Approved,13,2025-08-06,2025-08-11,23,Resolved,0,,,10,1,1,1,0,15
CASE-01348,PAT-01008,REP-021,DrugAlpha-100mg,Immunology,Medicaid,2025-11-08,2025-11-09,1,2025-11-11,2025-11-23,Approved,12,2025-11-27,2025-12-01,23,Resolved,0,,,4,0,1,1,0,15
CASE-01349,PAT-00599,REP-012,CardioPlus-25mg,Rare Disease,Commercial,2025-09-16,2025-09-18,2,2025-09-19,2025-09-25,Pending,6,,,,In Progress,0,,,4,0,,,,
CASE-01350,PAT-00464,REP-004,DrugGamma-200mg,Cardiology,Medicaid,2025-11-16,2025-11-19,3,2025-11-19,2025-12-07,Appeal,18,,,,Abandoned,1,Cost Concerns,During PA,0,0,,,,
CASE-01351,PAT-01131,REP-004,DrugAlpha-100mg,Rare Disease,Self-Pay,2026-01-21,2026-01-23,2,2026-01-26,2026-02-03,Approved,8,2026-02-05,2026-02-09,19,Resolved,0,,,1,0,1,1,0,13
CASE-01352,PAT-01873,REP-020,DrugAlpha-100mg,Rare Disease,Commercial,2025-12-20,2025-12-23,3,2025-12-25,2026-01-04,Approved,10,,,,Abandoned,1,Patient Lost Contact,Post-PA,1,0,,,,
CASE-01353,PAT-01464,REP-015,DrugBeta-50mg,Oncology,VA,2025-12-22,2025-12-29,7,2025-12-23,2025-12-30,Approved,7,2026-01-05,2026-01-09,18,Resolved,0,,,3,0,1,1,1,8
CASE-01354,PAT-01072,REP-004,DrugAlpha-100mg,Neurology,Medicaid,2026-03-04,2026-03-05,1,2026-03-06,2026-04-10,Approved,35,2026-04-11,2026-04-15,42,Resolved,0,,,5,0,1,1,1,37
CASE-01355,PAT-01343,REP-010,CardioPlus-25mg,Neurology,Medicare,2025-11-01,2025-11-07,6,2025-11-07,2025-12-02,Approved,25,2025-12-06,2025-12-06,35,Resolved,0,,,11,1,1,1,1,31
CASE-01356,PAT-01886,REP-021,DrugGamma-200mg,Immunology,Commercial,2026-04-25,2026-04-27,2,2026-04-29,,Approved,4,2026-05-12,2026-05-14,19,Resolved,0,,,6,0,1,0,1,8
CASE-01357,PAT-01374,REP-004,DrugBeta-50mg,Immunology,Medicare,2026-03-18,2026-03-20,2,2026-03-25,2026-04-20,Appeal,26,,,,Abandoned,1,Switched Therapy,During PA,3,0,,,,
CASE-01358,PAT-00957,REP-010,DrugBeta-50mg,Immunology,Commercial,2026-04-13,2026-04-14,1,2026-04-14,,Approved,20,2026-05-14,2026-05-14,31,Resolved,0,,,9,0,1,1,1,21
CASE-01359,PAT-01598,REP-010,CardioPlus-25mg,Immunology,Medicare,2026-01-10,2026-01-13,3,2026-01-14,2026-01-29,Appeal,15,,,,Abandoned,1,Switched Therapy,During PA,2,0,,,,
CASE-01360,PAT-00876,REP-021,CardioPlus-25mg,Immunology,Medicare,2026-04-15,2026-04-16,1,2026-04-22,,Approved,9,2026-05-03,2026-05-05,20,Resolved,0,,,12,0,1,1,0,16
CASE-01361,PAT-00620,REP-010,DrugBeta-50mg,Rare Disease,Medicaid,2026-01-22,2026-01-25,3,2026-01-29,2026-02-06,Appeal,8,,,,Abandoned,1,Cost Concerns,During PA,3,0,,,,
CASE-01362,PAT-01968,REP-015,NeuroX-75mg,Immunology,VA,2026-01-10,2026-01-16,6,2026-01-11,2026-01-17,Approved,6,2026-01-19,2026-01-21,11,Resolved,0,,,4,1,1,1,0,7
CASE-01363,PAT-00528,REP-020,DrugGamma-200mg,Rare Disease,Medicare,2025-07-06,2025-07-13,7,2025-07-09,2025-08-05,Approved,27,2025-08-13,2025-08-15,40,Resolved,0,,,9,1,1,1,0,30
CASE-01364,PAT-00859,REP-010,NeuroX-75mg,Neurology,VA,2025-12-10,2025-12-12,2,2025-12-15,2025-12-28,Approved,13,2025-12-30,2026-01-03,24,Resolved,0,,,12,0,1,0,0,18
CASE-01365,PAT-00502,REP-010,DrugAlpha-100mg,Immunology,Medicare,2026-01-20,2026-01-21,1,2026-01-24,2026-02-07,Denied,14,,,,In Progress,0,,,7,0,,,,
CASE-01366,PAT-00048,REP-021,DrugGamma-200mg,Oncology,Medicaid,2026-01-12,2026-01-14,2,2026-01-16,2026-01-26,Appeal,10,,,,In Progress,0,,,5,0,,,,
CASE-01367,PAT-00449,REP-010,CardioPlus-25mg,Neurology,Commercial,2026-04-05,2026-04-09,4,2026-04-07,2026-04-14,Approved,7,2026-04-20,2026-04-23,18,Resolved,0,,,3,0,1,0,0,9
CASE-01368,PAT-01503,REP-020,DrugBeta-50mg,Cardiology,Commercial,2025-09-20,2025-09-22,2,2025-09-22,2025-10-11,Approved,19,,,,Abandoned,1,Insurance Delay,Post-PA,2,0,,,,
CASE-01369,PAT-00309,REP-010,DrugBeta-50mg,Oncology,Commercial,2026-03-24,2026-03-27,3,2026-03-28,2026-04-12,Denied,15,,,,Abandoned,1,Insurance Delay,During PA,0,0,,,,
CASE-01370,PAT-00623,REP-019,CardioPlus-25mg,Oncology,Commercial,2025-09-06,2025-09-08,2,2025-09-10,2025-09-27,Approved,17,2025-09-28,2025-10-03,27,Resolved,0,,,2,0,1,1,1,21
CASE-01371,PAT-01979,REP-010,DrugBeta-50mg,Neurology,Commercial,2025-10-11,2025-10-13,2,2025-10-17,2025-10-27,Approved,10,2025-11-06,2025-11-06,26,Resolved,0,,,3,1,1,0,0,16
CASE-01372,PAT-00622,REP-019,DrugBeta-50mg,Oncology,Commercial,2025-11-25,2025-11-29,4,2025-11-26,2025-12-11,Approved,15,2025-12-13,2025-12-18,23,Resolved,0,,,5,1,1,0,0,16
CASE-01373,PAT-00413,REP-019,DrugAlpha-100mg,Neurology,Commercial,2026-01-19,2026-01-22,3,2026-01-23,2026-02-04,Approved,12,2026-02-11,2026-02-16,28,Resolved,0,,,4,1,0,0,0,16
CASE-01374,PAT-01272,REP-021,NeuroX-75mg,Oncology,Self-Pay,2025-08-14,2025-08-18,4,2025-08-19,2025-08-26,Approved,7,2025-08-30,2025-09-02,19,Resolved,0,,,9,1,1,1,1,12
CASE-01375,PAT-00589,REP-021,DrugBeta-50mg,Immunology,Commercial,2025-08-22,2025-08-23,1,2025-08-25,2025-09-08,Denied,14,,,,Abandoned,1,Insurance Delay,Post-PA,3,0,,,,
CASE-01376,PAT-00285,REP-021,NeuroX-75mg,Rare Disease,Medicare,2025-09-11,2025-09-12,1,2025-09-13,2025-09-21,Appeal,8,,,,In Progress,0,,,1,0,,,,
CASE-01377,PAT-01595,REP-012,NeuroX-75mg,Oncology,Commercial,2026-02-11,2026-02-13,2,2026-02-15,2026-02-19,Approved,4,2026-02-23,2026-02-24,13,Resolved,0,,,8,1,0,0,0,8
CASE-01378,PAT-01001,REP-019,DrugGamma-200mg,Immunology,Commercial,2025-11-10,2025-11-12,2,2025-11-17,2025-11-29,Denied,12,,,,Abandoned,1,Switched Therapy,Post-PA,1,0,,,,
CASE-01379,PAT-01292,REP-010,DrugAlpha-100mg,Neurology,Commercial,2025-10-12,2025-10-14,2,2025-10-14,2025-10-17,Denied,3,,,,Abandoned,1,Unknown,Post-PA,1,0,,,,
CASE-01380,PAT-00104,REP-012,NeuroX-75mg,Cardiology,Commercial,2026-02-28,2026-03-02,2,2026-03-05,2026-03-11,Pending,6,,,,Open,0,,,6,0,,,,
CASE-01381,PAT-00705,REP-021,DrugAlpha-100mg,Immunology,Commercial,2025-10-11,2025-10-14,3,2025-10-13,2025-10-21,Approved,8,2025-10-23,2025-10-23,12,Resolved,0,,,12,0,1,0,0,10
CASE-01382,PAT-00960,REP-019,DrugGamma-200mg,Immunology,Medicare,2025-12-30,2026-01-02,3,2026-01-05,2026-01-21,Approved,16,2026-01-31,2026-01-31,32,Resolved,0,,,12,1,1,1,1,22
CASE-01383,PAT-01218,REP-010,NeuroX-75mg,Rare Disease,Commercial,2026-01-30,2026-02-01,2,2026-02-06,2026-02-13,Denied,7,,,,In Progress,0,,,10,0,,,,
CASE-01384,PAT-00257,REP-019,DrugAlpha-100mg,Immunology,Medicaid,2025-09-26,2025-09-27,1,2025-09-29,2025-11-03,Approved,35,2025-11-06,2025-11-06,41,Resolved,0,,,11,0,1,1,1,38
CASE-01385,PAT-01665,REP-021,DrugBeta-50mg,Cardiology,Medicaid,2025-09-14,2025-09-17,3,2025-09-21,2025-10-16,Approved,25,2025-10-19,2025-10-21,37,Resolved,0,,,9,0,1,1,0,32
CASE-01386,PAT-00779,REP-012,NeuroX-75mg,Rare Disease,Commercial,2025-11-29,2025-12-02,3,2025-12-06,2025-12-16,Approved,10,2025-12-22,2025-12-24,25,Resolved,0,,,8,0,0,0,0,17
CASE-01387,PAT-01162,REP-010,CardioPlus-25mg,Rare Disease,Commercial,2026-04-19,2026-04-21,2,2026-04-23,2026-04-26,Approved,3,2026-05-01,2026-05-04,15,Resolved,0,,,7,0,1,0,0,7
CASE-01388,PAT-01336,REP-015,DrugGamma-200mg,Neurology,Medicaid,2026-01-12,2026-01-14,2,2026-01-17,2026-02-15,Approved,29,2026-02-18,2026-02-18,37,Resolved,0,,,12,1,1,1,1,34
CASE-01389,PAT-00338,REP-004,DrugBeta-50mg,Oncology,Self-Pay,2025-12-27,2025-12-31,4,2025-12-29,2026-01-04,Approved,6,2026-01-11,2026-01-15,19,Resolved,0,,,1,0,1,1,1,8
CASE-01390,PAT-01093,REP-004,CardioPlus-25mg,Cardiology,Medicare,2026-04-07,2026-04-13,6,2026-04-10,2026-04-23,Denied,13,,,,Abandoned,1,Switched Therapy,Post-PA,2,0,,,,
CASE-01391,PAT-01203,REP-024,NeuroX-75mg,Cardiology,Commercial,2026-01-22,2026-01-24,2,2026-01-29,2026-02-14,Denied,16,,,,Abandoned,1,Patient Lost Contact,Post-PA,3,0,,,,
CASE-01392,PAT-00813,REP-021,DrugAlpha-100mg,Rare Disease,Commercial,2025-07-19,2025-07-21,2,2025-07-26,2025-08-06,Approved,11,2025-08-13,2025-08-18,30,Resolved,0,,,9,0,1,1,1,18
CASE-01393,PAT-01191,REP-012,DrugGamma-200mg,Cardiology,Commercial,2025-10-15,2025-10-17,2,2025-10-17,2025-10-30,Approved,13,2025-11-07,2025-11-08,24,Resolved,0,,,2,1,1,1,1,15
CASE-01394,PAT-00087,REP-020,DrugGamma-200mg,Immunology,Medicaid,2025-12-07,2025-12-08,1,2025-12-11,2026-01-24,Denied,44,,,,In Progress,0,,,12,0,,,,
CASE-01395,PAT-01958,REP-024,DrugAlpha-100mg,Cardiology,Medicare,2026-03-20,2026-03-22,2,2026-03-26,2026-04-09,Denied,14,,,,In Progress,0,,,1,0,,,,
CASE-01396,PAT-01523,REP-019,NeuroX-75mg,Oncology,Commercial,2026-03-01,2026-03-05,4,2026-03-08,2026-03-25,Approved,17,2026-03-28,2026-04-01,31,Resolved,0,,,11,0,1,1,1,24
CASE-01397,PAT-00274,REP-015,DrugGamma-200mg,Neurology,Medicare,2025-08-31,2025-09-01,1,2025-09-06,2025-09-19,Appeal,13,,,,In Progress,0,,,4,0,,,,
CASE-01398,PAT-01394,REP-020,DrugAlpha-100mg,Rare Disease,VA,2025-09-01,2025-09-03,2,2025-09-05,2025-09-09,Approved,4,2025-09-14,2025-09-14,13,Resolved,0,,,10,0,1,1,0,8
CASE-01399,PAT-00356,REP-010,DrugBeta-50mg,Neurology,Commercial,2025-12-13,2025-12-14,1,2025-12-19,2026-01-04,Denied,16,,,,Open,0,,,7,0,,,,
CASE-01400,PAT-01833,REP-015,NeuroX-75mg,Immunology,Medicare,2026-01-23,2026-01-24,1,2026-01-27,2026-02-07,Pending,11,,,,In Progress,0,,,6,0,,,,
CASE-01401,PAT-01394,REP-010,DrugAlpha-100mg,Rare Disease,VA,2026-02-10,2026-02-15,5,2026-02-11,2026-02-14,Approved,3,,,,Abandoned,1,Side Effect Concerns,Post-PA,1,0,,,,
CASE-01402,PAT-01866,REP-024,CardioPlus-25mg,Rare Disease,Self-Pay,2025-07-02,2025-07-03,1,2025-07-05,2025-07-19,Approved,14,2025-07-22,2025-07-24,22,Resolved,0,,,10,0,1,1,0,17
CASE-01403,PAT-00787,REP-015,CardioPlus-25mg,Neurology,Commercial,2025-12-23,2025-12-24,1,2025-12-24,2026-01-10,Approved,17,2026-01-18,2026-01-23,31,Resolved,0,,,3,0,1,1,0,18
CASE-01404,PAT-01045,REP-021,CardioPlus-25mg,Oncology,Commercial,2026-01-27,2026-01-29,2,2026-02-02,2026-02-05,Denied,3,,,,In Progress,0,,,10,0,,,,
CASE-01405,PAT-00647,REP-021,DrugBeta-50mg,Immunology,Medicare,2026-02-19,2026-02-20,1,2026-02-23,2026-03-20,Approved,25,2026-03-24,2026-03-27,36,Resolved,0,,,2,0,1,1,1,29
CASE-01406,PAT-01740,REP-020,DrugGamma-200mg,Oncology,Commercial,2026-02-12,2026-02-14,2,2026-02-14,2026-03-05,Denied,19,,,,Open,0,,,7,0,,,,
CASE-01407,PAT-01219,REP-024,NeuroX-75mg,Immunology,Commercial,2025-09-20,2025-09-21,1,2025-09-27,2025-10-14,Approved,17,2025-10-21,2025-10-23,33,Resolved,0,,,8,1,1,1,0,24
CASE-01408,PAT-00221,REP-024,DrugAlpha-100mg,Cardiology,Medicare,2025-12-06,2025-12-08,2,2025-12-13,2025-12-26,Approved,13,2026-01-02,2026-01-06,31,Resolved,0,,,9,1,0,1,1,20
CASE-01409,PAT-01271,REP-012,CardioPlus-25mg,Neurology,Medicare,2026-03-18,2026-03-20,2,2026-03-21,2026-03-26,Approved,5,2026-04-05,2026-04-09,22,Resolved,0,,,7,0,1,1,1,8
CASE-01410,PAT-00268,REP-019,DrugGamma-200mg,Cardiology,Medicare,2026-04-02,2026-04-03,1,2026-04-07,,Denied,30,,,,Open,0,,,2,0,,,,
CASE-01411,PAT-01313,REP-004,CardioPlus-25mg,Rare Disease,Commercial,2025-07-07,2025-07-12,5,2025-07-11,2025-07-29,Approved,18,2025-08-01,2025-08-06,30,Resolved,0,,,12,0,1,1,1,22
CASE-01412,PAT-01498,REP-010,DrugGamma-200mg,Oncology,Medicare,2025-12-02,2025-12-03,1,2025-12-09,2026-01-01,Denied,23,,,,Abandoned,1,Unknown,During PA,0,0,,,,
CASE-01413,PAT-00310,REP-010,NeuroX-75mg,Cardiology,Medicaid,2025-07-23,2025-07-24,1,2025-07-26,2025-09-06,Approved,42,2025-09-10,2025-09-14,53,Resolved,0,,,1,1,1,1,1,45
CASE-01414,PAT-00512,REP-010,DrugAlpha-100mg,Oncology,Commercial,2026-02-11,2026-02-12,1,2026-02-12,2026-02-20,Denied,8,,,,In Progress,0,,,12,0,,,,
CASE-01415,PAT-00809,REP-004,DrugAlpha-100mg,Neurology,Commercial,2026-02-14,2026-02-21,7,2026-02-17,2026-02-22,Approved,5,2026-02-27,2026-02-27,13,Resolved,0,,,11,0,1,1,1,8
CASE-01416,PAT-01209,REP-019,DrugAlpha-100mg,Immunology,Medicare,2025-08-16,2025-08-18,2,2025-08-17,2025-09-14,Denied,28,,,,Abandoned,1,Insurance Delay,Post-PA,4,0,,,,
CASE-01417,PAT-00711,REP-004,DrugAlpha-100mg,Immunology,Medicaid,2026-03-04,2026-03-10,6,2026-03-08,2026-04-21,Denied,44,,,,Abandoned,1,Patient Lost Contact,During PA,4,0,,,,
CASE-01418,PAT-01914,REP-010,DrugAlpha-100mg,Rare Disease,Commercial,2025-09-13,2025-09-17,4,2025-09-15,2025-09-22,Pending,7,,,,In Progress,0,,,2,0,,,,
CASE-01419,PAT-00110,REP-012,NeuroX-75mg,Oncology,Commercial,2025-12-11,2025-12-18,7,2025-12-17,2025-12-27,Appeal,10,,,,Open,0,,,2,0,,,,
CASE-01420,PAT-00494,REP-012,DrugGamma-200mg,Rare Disease,Medicaid,2025-12-11,2025-12-18,7,2025-12-13,2026-01-21,Appeal,39,,,,In Progress,0,,,8,0,,,,
CASE-01421,PAT-00990,REP-004,DrugGamma-200mg,Oncology,Medicaid,2025-09-13,2025-09-20,7,2025-09-16,2025-10-13,Approved,27,2025-10-16,2025-10-17,34,Resolved,0,,,2,0,1,1,0,30
CASE-01422,PAT-00448,REP-020,DrugGamma-200mg,Immunology,Commercial,2025-08-24,2025-08-30,6,2025-08-26,2025-09-09,Denied,14,,,,Abandoned,1,Side Effect Concerns,During PA,2,0,,,,
CASE-01423,PAT-01035,REP-024,DrugAlpha-100mg,Neurology,Self-Pay,2026-03-18,2026-03-22,4,2026-03-23,2026-03-27,Approved,4,2026-04-03,2026-04-08,21,Resolved,0,,,8,0,0,0,0,9
CASE-01424,PAT-01435,REP-020,DrugGamma-200mg,Cardiology,Commercial,2026-02-04,2026-02-07,3,2026-02-10,2026-02-25,Approved,15,2026-03-07,2026-03-08,32,Resolved,0,,,6,0,1,1,0,21
CASE-01425,PAT-00072,REP-004,CardioPlus-25mg,Oncology,Commercial,2025-08-13,2025-08-14,1,2025-08-16,2025-08-26,Approved,10,2025-08-29,2025-09-02,20,Resolved,0,,,6,0,1,1,1,13
CASE-01426,PAT-01407,REP-012,DrugAlpha-100mg,Cardiology,Medicare,2026-02-20,2026-02-22,2,2026-02-22,2026-02-28,Appeal,6,,,,Abandoned,1,Side Effect Concerns,During PA,0,0,,,,
CASE-01427,PAT-00228,REP-012,CardioPlus-25mg,Oncology,Self-Pay,2026-01-05,2026-01-11,6,2026-01-08,2026-01-19,Pending,11,,,,In Progress,0,,,4,0,,,,
CASE-01428,PAT-01336,REP-010,DrugGamma-200mg,Neurology,Medicaid,2026-01-05,2026-01-12,7,2026-01-06,2026-01-23,Denied,17,,,,Abandoned,1,Cost Concerns,During PA,4,0,,,,
CASE-01429,PAT-01229,REP-021,DrugGamma-200mg,Immunology,Medicaid,2025-07-07,2025-07-08,1,2025-07-08,2025-07-27,Approved,19,,,,Abandoned,1,Switched Therapy,Post-Fulfillment,0,0,,,,
CASE-01430,PAT-01873,REP-012,DrugAlpha-100mg,Rare Disease,Commercial,2025-09-26,2025-09-27,1,2025-09-28,2025-10-16,Approved,18,2025-10-22,2025-10-26,30,Resolved,0,,,1,1,0,1,1,20
CASE-01431,PAT-01428,REP-019,DrugGamma-200mg,Immunology,Self-Pay,2026-02-27,2026-03-01,2,2026-03-01,2026-03-03,Appeal,2,,,,Abandoned,1,Side Effect Concerns,During PA,0,0,,,,
CASE-01432,PAT-00993,REP-024,DrugBeta-50mg,Immunology,Commercial,2025-07-01,2025-07-02,1,2025-07-04,2025-07-07,Denied,3,,,,Open,0,,,11,0,,,,
CASE-01433,PAT-00931,REP-020,DrugGamma-200mg,Cardiology,Medicaid,2025-10-31,2025-11-02,2,2025-11-04,2025-11-19,Denied,15,,,,In Progress,0,,,1,0,,,,
CASE-01434,PAT-01887,REP-019,NeuroX-75mg,Neurology,Self-Pay,2025-12-12,2025-12-15,3,2025-12-15,2025-12-26,Denied,11,,,,Abandoned,1,Insurance Delay,Post-PA,4,0,,,,
CASE-01435,PAT-00107,REP-004,DrugGamma-200mg,Cardiology,Medicare,2026-04-22,2026-04-24,2,2026-04-26,,Approved,11,2026-05-15,2026-05-17,25,Resolved,0,,,12,1,1,1,1,15
CASE-01436,PAT-00149,REP-004,CardioPlus-25mg,Neurology,Medicare,2026-04-08,2026-04-09,1,2026-04-11,2026-04-28,Pending,17,,,,Open,0,,,7,0,,,,
CASE-01437,PAT-00889,REP-021,CardioPlus-25mg,Cardiology,Medicaid,2025-09-01,2025-09-04,3,2025-09-04,2025-10-17,Pending,43,,,,Abandoned,1,Patient Deceased,During PA,2,0,,,,
CASE-01438,PAT-00677,REP-010,DrugGamma-200mg,Cardiology,Commercial,2025-09-13,2025-09-20,7,2025-09-17,2025-10-05,Approved,18,,,,Abandoned,1,Patient Deceased,Post-Fulfillment,2,0,,,,
CASE-01439,PAT-01701,REP-015,DrugGamma-200mg,Rare Disease,Medicare,2026-02-23,2026-03-02,7,2026-02-27,2026-03-28,Denied,29,,,,Abandoned,1,Patient Lost Contact,Post-PA,4,0,,,,
CASE-01440,PAT-00157,REP-024,CardioPlus-25mg,Oncology,Medicare,2025-10-01,2025-10-07,6,2025-10-03,2025-10-24,Approved,21,,,,Abandoned,1,Patient Lost Contact,Post-PA,3,0,,,,
CASE-01441,PAT-01304,REP-020,DrugGamma-200mg,Rare Disease,Self-Pay,2026-01-06,2026-01-07,1,2026-01-08,2026-01-21,Approved,13,2026-01-22,2026-01-25,19,Resolved,0,,,4,0,0,1,0,15
CASE-01442,PAT-01700,REP-010,CardioPlus-25mg,Neurology,Medicare,2025-07-03,2025-07-10,7,2025-07-10,2025-08-02,Approved,23,2025-08-08,2025-08-09,37,Resolved,0,,,2,0,1,1,0,30
CASE-01443,PAT-00984,REP-010,DrugBeta-50mg,Oncology,Medicaid,2026-01-16,2026-01-18,2,2026-01-19,2026-02-22,Denied,34,,,,In Progress,0,,,5,0,,,,
CASE-01444,PAT-01600,REP-021,DrugGamma-200mg,Neurology,Commercial,2025-07-16,2025-07-21,5,2025-07-18,2025-07-27,Approved,9,2025-08-04,2025-08-05,20,Resolved,0,,,6,1,1,0,0,11
CASE-01445,PAT-00015,REP-024,DrugBeta-50mg,Immunology,Commercial,2025-07-14,2025-07-18,4,2025-07-18,2025-07-21,Approved,3,2025-07-25,2025-07-29,15,Resolved,0,,,4,0,1,1,0,7
CASE-01446,PAT-00640,REP-019,DrugAlpha-100mg,Neurology,Commercial,2026-03-25,2026-03-28,3,2026-03-30,2026-04-14,Pending,15,,,,Abandoned,1,Patient Deceased,Pre-PA,3,0,,,,
CASE-01447,PAT-00595,REP-020,NeuroX-75mg,Immunology,Commercial,2025-09-01,2025-09-05,4,2025-09-06,2025-09-11,Denied,5,,,,Abandoned,1,Side Effect Concerns,During PA,3,0,,,,
CASE-01448,PAT-00198,REP-020,DrugAlpha-100mg,Rare Disease,Commercial,2025-08-11,2025-08-14,3,2025-08-13,2025-08-31,Approved,18,2025-09-04,2025-09-07,27,Resolved,0,,,3,1,1,0,0,20
CASE-01449,PAT-00291,REP-020,NeuroX-75mg,Immunology,Medicare,2025-12-04,2025-12-10,6,2025-12-06,2025-12-21,Approved,15,2025-12-30,2025-12-31,27,Resolved,0,,,10,0,1,1,1,17
CASE-01450,PAT-01336,REP-021,DrugGamma-200mg,Neurology,Medicaid,2025-07-07,2025-07-14,7,2025-07-08,2025-08-03,Denied,26,,,,In Progress,0,,,6,0,,,,
CASE-01451,PAT-01476,REP-010,DrugAlpha-100mg,Cardiology,Medicare,2026-01-29,2026-01-30,1,2026-01-31,2026-02-15,Approved,15,2026-02-21,2026-02-22,24,Resolved,0,,,3,1,1,1,0,17
CASE-01452,PAT-00269,REP-020,DrugGamma-200mg,Oncology,Medicaid,2025-07-26,2025-07-28,2,2025-07-27,2025-09-02,Denied,37,,,,Open,0,,,7,0,,,,
CASE-01453,PAT-00420,REP-020,DrugBeta-50mg,Oncology,Medicaid,2026-04-04,2026-04-08,4,2026-04-06,,Approved,35,2026-05-16,2026-05-17,43,Resolved,0,,,2,0,1,0,0,37
CASE-01454,PAT-01272,REP-019,NeuroX-75mg,Oncology,Self-Pay,2026-01-29,2026-02-02,4,2026-01-30,2026-02-08,Approved,9,2026-02-14,2026-02-17,19,Resolved,0,,,1,1,1,1,1,10
CASE-01455,PAT-00797,REP-020,NeuroX-75mg,Oncology,Self-Pay,2025-10-25,2025-10-28,3,2025-10-27,2025-11-05,Denied,9,,,,Abandoned,1,Cost Concerns,Post-PA,0,0,,,,
CASE-01456,PAT-00910,REP-015,NeuroX-75mg,Neurology,Commercial,2026-03-02,2026-03-03,1,2026-03-05,2026-03-14,Approved,9,2026-03-24,2026-03-27,25,Resolved,0,,,4,1,0,1,1,12
CASE-01457,PAT-01542,REP-015,DrugAlpha-100mg,Immunology,Commercial,2025-10-20,2025-10-25,5,2025-10-21,2025-11-06,Approved,16,2025-11-16,2025-11-19,30,Resolved,0,,,11,0,0,0,0,17
CASE-01458,PAT-00067,REP-012,CardioPlus-25mg,Cardiology,Commercial,2026-01-05,2026-01-06,1,2026-01-12,2026-01-15,Approved,3,2026-01-25,2026-01-26,21,Resolved,0,,,7,0,1,1,1,10
CASE-01459,PAT-00830,REP-010,NeuroX-75mg,Oncology,Self-Pay,2026-03-16,2026-03-17,1,2026-03-19,2026-03-27,Approved,8,2026-04-04,2026-04-04,19,Resolved,0,,,3,0,1,1,1,11
CASE-01460,PAT-01962,REP-020,CardioPlus-25mg,Oncology,Self-Pay,2025-08-14,2025-08-15,1,2025-08-17,2025-08-29,Approved,12,2025-09-03,2025-09-08,25,Resolved,0,,,5,0,1,1,1,15
CASE-01461,PAT-00840,REP-021,DrugGamma-200mg,Rare Disease,Commercial,2026-03-25,2026-03-28,3,2026-03-27,2026-04-14,Approved,18,2026-04-18,2026-04-18,24,Resolved,0,,,8,1,1,1,0,20
CASE-01462,PAT-00473,REP-019,NeuroX-75mg,Immunology,Self-Pay,2026-01-27,2026-01-29,2,2026-02-01,2026-02-13,Approved,12,2026-02-19,2026-02-20,24,Resolved,0,,,11,0,1,1,0,17
CASE-01463,PAT-01061,REP-004,NeuroX-75mg,Rare Disease,Self-Pay,2025-07-26,2025-08-01,6,2025-07-31,2025-08-10,Pending,10,,,,Open,0,,,1,0,,,,
CASE-01464,PAT-00110,REP-021,NeuroX-75mg,Oncology,Commercial,2026-04-17,2026-04-19,2,2026-04-21,,Approved,18,,,,Abandoned,1,Unknown,Post-PA,0,0,,,,
CASE-01465,PAT-01564,REP-010,DrugGamma-200mg,Oncology,Commercial,2025-10-15,2025-10-22,7,2025-10-20,2025-10-30,Approved,10,2025-11-06,2025-11-11,27,Resolved,0,,,1,0,0,0,0,15
CASE-01466,PAT-01505,REP-020,DrugGamma-200mg,Cardiology,Medicare,2025-12-11,2025-12-18,7,2025-12-13,2026-01-08,Denied,26,,,,In Progress,0,,,8,0,,,,
CASE-01467,PAT-00432,REP-004,NeuroX-75mg,Immunology,Medicare,2026-03-31,2026-04-03,3,2026-04-01,2026-04-29,Approved,28,2026-04-30,2026-05-04,34,Resolved,0,,,2,0,1,1,1,29
CASE-01468,PAT-01736,REP-020,DrugBeta-50mg,Neurology,Medicare,2026-01-29,2026-02-04,6,2026-02-02,2026-02-16,Approved,14,2026-02-25,2026-02-27,29,Resolved,0,,,8,0,1,1,1,18
CASE-01469,PAT-01737,REP-024,DrugBeta-50mg,Cardiology,Self-Pay,2025-10-03,2025-10-10,7,2025-10-05,2025-10-13,Approved,8,,,,Abandoned,1,Patient Deceased,Post-Fulfillment,0,0,,,,
CASE-01470,PAT-01315,REP-019,DrugBeta-50mg,Cardiology,Self-Pay,2025-10-03,2025-10-04,1,2025-10-04,2025-10-15,Approved,11,2025-10-19,2025-10-22,19,Resolved,0,,,2,0,1,0,1,12
CASE-01471,PAT-00695,REP-019,CardioPlus-25mg,Oncology,Self-Pay,2026-03-15,2026-03-21,6,2026-03-20,2026-03-26,Approved,6,2026-04-03,2026-04-07,23,Resolved,0,,,7,0,1,1,1,11
CASE-01472,PAT-00939,REP-004,DrugGamma-200mg,Cardiology,Medicaid,2026-04-19,2026-04-20,1,2026-04-21,,Denied,24,,,,In Progress,0,,,5,0,,,,
CASE-01473,PAT-00961,REP-021,NeuroX-75mg,Neurology,Commercial,2025-08-17,2025-08-24,7,2025-08-19,2025-08-27,Approved,8,2025-09-05,2025-09-08,22,Resolved,0,,,9,1,1,0,0,10
CASE-01474,PAT-00920,REP-024,DrugGamma-200mg,Immunology,Medicare,2026-03-07,2026-03-08,1,2026-03-10,2026-04-06,Approved,27,2026-04-12,2026-04-12,36,Resolved,0,,,9,1,1,0,0,30
CASE-01475,PAT-00478,REP-024,DrugGamma-200mg,Immunology,Commercial,2025-12-30,2026-01-06,7,2026-01-01,2026-01-06,Approved,5,2026-01-16,2026-01-17,18,Resolved,0,,,3,1,1,1,1,7
CASE-01476,PAT-00712,REP-019,CardioPlus-25mg,Cardiology,Medicare,2026-01-31,2026-02-06,6,2026-02-07,2026-02-16,Appeal,9,,,,Abandoned,1,Unknown,During PA,1,0,,,,
CASE-01477,PAT-01738,REP-012,DrugBeta-50mg,Immunology,Medicaid,2025-08-24,2025-08-25,1,2025-08-26,2025-09-11,Approved,16,2025-09-16,2025-09-18,25,Resolved,0,,,7,1,1,1,0,18
CASE-01478,PAT-01694,REP-024,NeuroX-75mg,Oncology,Commercial,2025-12-05,2025-12-10,5,2025-12-10,2025-12-25,Approved,15,,,,Abandoned,1,Unknown,Post-Fulfillment,0,0,,,,
CASE-01479,PAT-00755,REP-019,DrugBeta-50mg,Cardiology,Commercial,2026-01-18,2026-01-21,3,2026-01-25,2026-02-07,Approved,13,2026-02-14,2026-02-14,27,Resolved,0,,,10,1,1,1,1,20
CASE-01480,PAT-00705,REP-015,DrugAlpha-100mg,Immunology,Commercial,2025-09-11,2025-09-17,6,2025-09-12,2025-09-23,Approved,11,2025-09-24,2025-09-25,14,Resolved,0,,,8,0,1,1,1,12
CASE-01481,PAT-00420,REP-020,DrugBeta-50mg,Oncology,Medicaid,2026-01-21,2026-01-22,1,2026-01-27,2026-02-10,Pending,14,,,,Open,0,,,9,0,,,,
CASE-01482,PAT-01218,REP-021,NeuroX-75mg,Rare Disease,Commercial,2026-02-26,2026-03-02,4,2026-03-03,2026-03-17,Approved,14,2026-03-21,2026-03-24,26,Resolved,0,,,9,0,1,1,1,19
CASE-01483,PAT-00466,REP-015,DrugBeta-50mg,Oncology,Commercial,2026-04-06,2026-04-07,1,2026-04-12,2026-04-25,Denied,13,,,,Abandoned,1,Cost Concerns,During PA,3,0,,,,
CASE-01484,PAT-00754,REP-019,NeuroX-75mg,Cardiology,Medicare,2026-04-11,2026-04-13,2,2026-04-16,,Appeal,25,,,,Abandoned,1,Switched Therapy,During PA,2,0,,,,
CASE-01485,PAT-00187,REP-020,DrugAlpha-100mg,Neurology,Commercial,2025-11-23,2025-11-30,7,2025-11-25,2025-12-02,Approved,7,2025-12-03,2025-12-05,12,Resolved,0,,,11,1,1,0,1,9
CASE-01486,PAT-01183,REP-019,DrugBeta-50mg,Oncology,Commercial,2026-03-16,2026-03-17,1,2026-03-18,2026-04-05,Approved,18,2026-04-09,2026-04-09,24,Resolved,0,,,6,1,1,1,1,20
CASE-01487,PAT-00416,REP-015,DrugAlpha-100mg,Oncology,Commercial,2025-10-01,2025-10-06,5,2025-10-04,2025-10-08,Approved,4,2025-10-15,2025-10-18,17,Resolved,0,,,10,1,1,1,1,7
CASE-01488,PAT-00213,REP-021,NeuroX-75mg,Oncology,Medicare,2025-08-10,2025-08-13,3,2025-08-11,2025-09-02,Approved,22,2025-09-03,2025-09-05,26,Resolved,0,,,9,0,1,1,1,23
CASE-01489,PAT-01657,REP-024,NeuroX-75mg,Cardiology,Self-Pay,2025-09-18,2025-09-21,3,2025-09-23,2025-09-26,Approved,3,2025-09-30,2025-10-03,15,Resolved,0,,,10,0,1,0,0,8
CASE-01490,PAT-01054,REP-024,CardioPlus-25mg,Oncology,Commercial,2025-07-01,2025-07-03,2,2025-07-05,2025-07-22,Approved,17,2025-07-25,2025-07-29,28,Resolved,0,,,12,0,1,0,0,21
CASE-01491,PAT-00090,REP-015,DrugGamma-200mg,Cardiology,Commercial,2026-01-20,2026-01-23,3,2026-01-25,2026-02-10,Denied,16,,,,Open,0,,,8,0,,,,
CASE-01492,PAT-01427,REP-020,DrugAlpha-100mg,Immunology,Commercial,2025-10-03,2025-10-05,2,2025-10-10,2025-10-17,Approved,7,2025-10-18,2025-10-20,17,Resolved,0,,,4,0,1,1,1,14
CASE-01493,PAT-00130,REP-019,CardioPlus-25mg,Immunology,VA,2025-12-20,2025-12-27,7,2025-12-21,2026-01-02,Approved,12,2026-01-03,2026-01-05,16,Resolved,0,,,5,1,1,1,0,13
CASE-01494,PAT-01750,REP-015,CardioPlus-25mg,Cardiology,Commercial,2026-01-02,2026-01-07,5,2026-01-08,2026-01-29,Approved,21,2026-01-30,2026-02-02,31,Resolved,0,,,9,1,1,1,1,27
CASE-01495,PAT-00903,REP-004,CardioPlus-25mg,Neurology,Commercial,2025-10-12,2025-10-16,4,2025-10-19,2025-11-07,Approved,19,2025-11-17,2025-11-20,39,Resolved,0,,,6,0,1,0,1,26
CASE-01496,PAT-01637,REP-015,CardioPlus-25mg,Cardiology,Medicaid,2026-02-14,2026-02-16,2,2026-02-21,2026-03-23,Denied,30,,,,Abandoned,1,Side Effect Concerns,Post-PA,0,0,,,,
CASE-01497,PAT-01933,REP-015,CardioPlus-25mg,Rare Disease,Commercial,2025-12-09,2025-12-10,1,2025-12-12,2026-01-02,Approved,21,2026-01-09,2026-01-14,36,Resolved,0,,,11,0,1,1,1,24
CASE-01498,PAT-00535,REP-010,CardioPlus-25mg,Rare Disease,Medicare,2025-11-21,2025-11-22,1,2025-11-24,2025-12-23,Denied,29,,,,In Progress,0,,,4,0,,,,
CASE-01499,PAT-01261,REP-015,DrugGamma-200mg,Rare Disease,Medicare,2025-08-21,2025-08-26,5,2025-08-23,2025-09-06,Approved,14,2025-09-15,2025-09-17,27,Resolved,0,,,9,1,1,1,0,16
CASE-01500,PAT-00490,REP-004,DrugGamma-200mg,Neurology,Commercial,2026-01-02,2026-01-05,3,2026-01-07,2026-01-13,Approved,6,2026-01-18,2026-01-22,20,Resolved,0,,,10,0,1,0,0,11
CASE-01501,PAT-01722,REP-019,DrugBeta-50mg,Oncology,Commercial,2025-11-21,2025-11-22,1,2025-11-27,2025-12-09,Appeal,12,,,,In Progress,0,,,7,0,,,,
CASE-01502,PAT-00946,REP-010,CardioPlus-25mg,Oncology,Self-Pay,2025-07-27,2025-07-29,2,2025-08-02,2025-08-15,Approved,13,2025-08-25,2025-08-28,32,Resolved,0,,,11,1,1,1,0,19
CASE-01503,PAT-00413,REP-019,DrugAlpha-100mg,Neurology,Commercial,2025-08-19,2025-08-24,5,2025-08-24,2025-09-04,Approved,11,2025-09-07,2025-09-08,20,Resolved,0,,,8,0,1,1,1,16
CASE-01504,PAT-01246,REP-012,DrugAlpha-100mg,Cardiology,Medicaid,2026-01-23,2026-01-29,6,2026-01-27,2026-02-21,Approved,25,2026-02-24,2026-03-01,37,Resolved,0,,,3,0,1,1,1,29
CASE-01505,PAT-01191,REP-020,DrugGamma-200mg,Cardiology,Commercial,2025-07-13,2025-07-18,5,2025-07-18,2025-08-07,Approved,20,2025-08-11,2025-08-13,31,Resolved,0,,,3,0,1,1,0,25
CASE-01506,PAT-01662,REP-010,NeuroX-75mg,Cardiology,Commercial,2025-08-29,2025-08-31,2,2025-09-03,2025-09-17,Approved,14,2025-09-20,2025-09-23,25,Resolved,0,,,5,0,1,1,0,19
CASE-01507,PAT-01764,REP-004,CardioPlus-25mg,Immunology,Self-Pay,2025-10-01,2025-10-05,4,2025-10-04,2025-10-18,Denied,14,,,,In Progress,0,,,7,0,,,,
CASE-01508,PAT-00257,REP-015,DrugAlpha-100mg,Immunology,Medicaid,2025-11-28,2025-12-01,3,2025-11-30,2025-12-17,Approved,17,,,,Abandoned,1,Cost Concerns,Post-PA,2,0,,,,
CASE-01509,PAT-00801,REP-020,CardioPlus-25mg,Oncology,Commercial,2025-10-07,2025-10-09,2,2025-10-09,2025-10-18,Approved,9,2025-10-20,2025-10-24,17,Resolved,0,,,6,0,1,1,1,11
CASE-01510,PAT-01249,REP-020,DrugAlpha-100mg,Neurology,Medicare,2026-01-29,2026-02-02,4,2026-02-03,2026-02-14,Denied,11,,,,Open,0,,,3,0,,,,
CASE-01511,PAT-01704,REP-010,DrugGamma-200mg,Neurology,Commercial,2026-03-27,2026-03-31,4,2026-03-28,2026-04-18,Approved,21,2026-04-28,2026-05-02,36,Resolved,0,,,9,0,1,1,0,22
CASE-01512,PAT-00228,REP-021,CardioPlus-25mg,Oncology,Self-Pay,2025-08-12,2025-08-19,7,2025-08-13,2025-08-17,Approved,4,2025-08-19,2025-08-19,7,Resolved,0,,,7,0,1,1,1,5
CASE-01513,PAT-01253,REP-024,DrugBeta-50mg,Neurology,Medicaid,2025-11-20,2025-11-21,1,2025-11-23,2025-12-25,Denied,32,,,,Abandoned,1,Switched Therapy,Post-PA,2,0,,,,
CASE-01514,PAT-00196,REP-015,CardioPlus-25mg,Immunology,Medicaid,2025-09-03,2025-09-07,4,2025-09-06,2025-10-04,Denied,28,,,,Open,0,,,6,0,,,,
CASE-01515,PAT-00319,REP-021,DrugAlpha-100mg,Oncology,Commercial,2026-02-01,2026-02-03,2,2026-02-08,2026-03-01,Appeal,21,,,,Open,0,,,8,0,,,,
CASE-01516,PAT-00226,REP-021,DrugGamma-200mg,Immunology,Medicare,2025-08-23,2025-08-24,1,2025-08-28,2025-09-13,Approved,16,2025-09-14,2025-09-15,23,Resolved,0,,,4,0,1,1,0,21
CASE-01517,PAT-01546,REP-015,DrugAlpha-100mg,Oncology,Medicare,2026-02-02,2026-02-04,2,2026-02-09,2026-02-24,Appeal,15,,,,In Progress,0,,,11,0,,,,
CASE-01518,PAT-00111,REP-024,DrugBeta-50mg,Neurology,Medicare,2026-02-13,2026-02-16,3,2026-02-20,2026-03-18,Denied,26,,,,Abandoned,1,Patient Lost Contact,During PA,4,0,,,,
CASE-01519,PAT-00589,REP-012,DrugBeta-50mg,Immunology,Commercial,2025-11-30,2025-12-02,2,2025-12-07,2025-12-18,Approved,11,2025-12-25,2025-12-25,25,Resolved,0,,,10,0,1,1,1,18
CASE-01520,PAT-00523,REP-015,DrugBeta-50mg,Immunology,Commercial,2025-08-10,2025-08-13,3,2025-08-16,2025-09-04,Approved,19,2025-09-09,2025-09-11,32,Resolved,0,,,7,1,1,1,1,25
CASE-01521,PAT-01509,REP-004,DrugAlpha-100mg,Neurology,Medicaid,2025-12-22,2025-12-25,3,2025-12-26,2026-01-30,Approved,35,2026-01-31,2026-02-02,42,Resolved,0,,,8,0,1,1,1,39
CASE-01522,PAT-00186,REP-020,DrugBeta-50mg,Cardiology,Medicare,2025-08-14,2025-08-19,5,2025-08-16,2025-09-12,Denied,27,,,,Abandoned,1,Unknown,Post-PA,1,0,,,,
CASE-01523,PAT-00445,REP-012,CardioPlus-25mg,Cardiology,Medicare,2025-08-30,2025-08-31,1,2025-09-05,2025-09-26,Denied,21,,,,Abandoned,1,Side Effect Concerns,Post-PA,3,0,,,,
CASE-01524,PAT-00777,REP-010,DrugBeta-50mg,Rare Disease,Medicare,2026-03-13,2026-03-15,2,2026-03-20,2026-04-03,Appeal,14,,,,Open,0,,,6,0,,,,
CASE-01525,PAT-01080,REP-024,DrugGamma-200mg,Neurology,Commercial,2025-07-20,2025-07-27,7,2025-07-22,2025-08-10,Approved,19,2025-08-16,2025-08-18,29,Resolved,0,,,12,1,1,1,0,21
CASE-01526,PAT-01939,REP-015,DrugBeta-50mg,Rare Disease,VA,2025-10-30,2025-10-31,1,2025-11-01,2025-11-04,Approved,3,2025-11-09,2025-11-11,12,Resolved,0,,,4,0,0,0,0,5
CASE-01527,PAT-00044,REP-019,DrugBeta-50mg,Oncology,Medicare,2025-12-08,2025-12-10,2,2025-12-09,2025-12-14,Approved,5,2025-12-21,2025-12-26,18,Resolved,0,,,7,0,1,1,1,6
CASE-01528,PAT-00132,REP-004,DrugBeta-50mg,Neurology,Commercial,2026-02-20,2026-02-23,3,2026-02-21,2026-03-05,Denied,12,,,,In Progress,0,,,2,0,,,,
CASE-01529,PAT-00558,REP-024,DrugBeta-50mg,Rare Disease,Self-Pay,2025-11-16,2025-11-18,2,2025-11-20,2025-11-26,Approved,6,,,,Abandoned,1,Switched Therapy,Post-Fulfillment,3,0,,,,
CASE-01530,PAT-00165,REP-019,CardioPlus-25mg,Cardiology,Commercial,2026-01-28,2026-02-01,4,2026-02-03,2026-02-19,Appeal,16,,,,Open,0,,,7,0,,,,
CASE-01531,PAT-00218,REP-020,DrugAlpha-100mg,Cardiology,Commercial,2026-04-13,2026-04-20,7,2026-04-19,2026-04-28,Appeal,9,,,,Abandoned,1,Cost Concerns,During PA,1,0,,,,
CASE-01532,PAT-00843,REP-024,CardioPlus-25mg,Cardiology,Commercial,2025-09-21,2025-09-22,1,2025-09-22,2025-10-09,Approved,17,2025-10-18,2025-10-23,32,Resolved,0,,,11,0,0,0,0,18
CASE-01533,PAT-01105,REP-024,DrugGamma-200mg,Immunology,Commercial,2025-08-23,2025-08-26,3,2025-08-29,2025-09-15,Approved,17,2025-09-16,2025-09-20,28,Resolved,0,,,8,1,1,1,0,23
CASE-01534,PAT-00144,REP-010,DrugGamma-200mg,Immunology,Self-Pay,2025-11-09,2025-11-14,5,2025-11-15,2025-11-29,Approved,14,2025-12-03,2025-12-03,24,Resolved,0,,,7,0,1,1,1,20
CASE-01535,PAT-00946,REP-020,CardioPlus-25mg,Oncology,Self-Pay,2026-03-11,2026-03-15,4,2026-03-15,2026-03-27,Approved,12,2026-03-29,2026-04-02,22,Resolved,0,,,11,0,1,1,1,16
CASE-01536,PAT-00269,REP-004,DrugGamma-200mg,Oncology,Medicaid,2025-11-21,2025-11-22,1,2025-11-28,2025-12-21,Approved,23,2025-12-22,2025-12-26,35,Resolved,0,,,8,1,1,0,0,30
CASE-01537,PAT-01706,REP-010,DrugAlpha-100mg,Cardiology,Commercial,2025-11-22,2025-11-23,1,2025-11-26,2025-12-02,Approved,6,2025-12-03,2025-12-05,13,Resolved,0,,,9,0,1,1,1,10
CASE-01538,PAT-00647,REP-004,DrugBeta-50mg,Immunology,Medicare,2025-10-12,2025-10-17,5,2025-10-14,2025-11-01,Denied,18,,,,Open,0,,,11,0,,,,
CASE-01539,PAT-00441,REP-024,NeuroX-75mg,Oncology,Self-Pay,2025-08-27,2025-08-29,2,2025-08-28,2025-09-01,Approved,4,2025-09-10,2025-09-13,17,Resolved,0,,,4,0,1,1,0,5
CASE-01540,PAT-00774,REP-010,DrugAlpha-100mg,Oncology,VA,2026-01-19,2026-01-22,3,2026-01-24,2026-02-03,Approved,10,2026-02-10,2026-02-14,26,Resolved,0,,,3,0,1,1,1,15
CASE-01541,PAT-00912,REP-010,CardioPlus-25mg,Rare Disease,Commercial,2025-10-04,2025-10-08,4,2025-10-10,2025-10-20,Approved,10,2025-10-28,2025-10-31,27,Resolved,0,,,7,0,1,0,0,16
CASE-01542,PAT-00374,REP-010,DrugAlpha-100mg,Rare Disease,Commercial,2026-03-22,2026-03-24,2,2026-03-28,2026-04-10,Approved,13,2026-04-20,2026-04-24,33,Resolved,0,,,3,0,1,0,0,19
CASE-01543,PAT-00517,REP-024,DrugGamma-200mg,Immunology,Commercial,2025-08-14,2025-08-19,5,2025-08-15,2025-08-22,Approved,7,2025-08-29,2025-08-29,15,Resolved,0,,,3,1,0,1,1,8
CASE-01544,PAT-01661,REP-015,DrugBeta-50mg,Oncology,Commercial,2026-03-28,2026-03-31,3,2026-04-04,2026-04-10,Approved,6,2026-04-20,2026-04-23,26,Resolved,0,,,11,0,0,1,1,13
CASE-01545,PAT-01727,REP-019,DrugBeta-50mg,Oncology,Commercial,2025-11-08,2025-11-14,6,2025-11-09,2025-11-23,Approved,14,2025-11-28,2025-12-03,25,Resolved,0,,,4,0,0,0,0,15
CASE-01546,PAT-01463,REP-024,NeuroX-75mg,Oncology,Commercial,2026-04-19,2026-04-21,2,2026-04-22,,Approved,11,2026-05-10,2026-05-10,21,Resolved,0,,,2,1,1,1,1,14
CASE-01547,PAT-00222,REP-004,NeuroX-75mg,Rare Disease,Commercial,2025-11-26,2025-12-03,7,2025-12-01,2025-12-22,Approved,21,2025-12-28,2025-12-30,34,Resolved,0,,,10,0,1,0,1,26
CASE-01548,PAT-01501,REP-024,DrugBeta-50mg,Rare Disease,Medicare,2026-02-04,2026-02-05,1,2026-02-07,2026-03-08,Denied,29,,,,In Progress,0,,,9,0,,,,
CASE-01549,PAT-00791,REP-020,DrugBeta-50mg,Neurology,Commercial,2026-03-31,2026-04-02,2,2026-04-04,2026-04-20,Approved,16,2026-04-21,2026-04-26,26,Resolved,0,,,12,0,1,1,1,20
CASE-01550,PAT-00978,REP-024,DrugGamma-200mg,Neurology,Commercial,2025-08-29,2025-08-31,2,2025-09-04,2025-09-12,Approved,8,2025-09-18,2025-09-22,24,Resolved,0,,,4,1,1,1,1,14
CASE-01551,PAT-00994,REP-010,DrugGamma-200mg,Immunology,Medicare,2025-11-11,2025-11-13,2,2025-11-18,2025-12-10,Denied,22,,,,Open,0,,,2,0,,,,
CASE-01552,PAT-01688,REP-012,DrugGamma-200mg,Immunology,Medicare,2026-02-24,2026-03-03,7,2026-03-02,2026-03-14,Approved,12,2026-03-18,2026-03-19,23,Resolved,0,,,2,1,1,1,1,18
CASE-01553,PAT-00282,REP-010,CardioPlus-25mg,Immunology,Medicaid,2025-12-15,2025-12-17,2,2025-12-20,2026-01-23,Denied,34,,,,Open,0,,,6,0,,,,
CASE-01554,PAT-01359,REP-015,NeuroX-75mg,Oncology,VA,2025-10-04,2025-10-07,3,2025-10-11,2025-10-25,Approved,14,2025-10-31,2025-11-02,29,Resolved,0,,,11,0,1,0,0,21
CASE-01555,PAT-00033,REP-010,DrugBeta-50mg,Immunology,Commercial,2026-02-14,2026-02-20,6,2026-02-21,2026-03-02,Approved,9,,,,Abandoned,1,Unknown,Post-PA,2,0,,,,
CASE-01556,PAT-00492,REP-024,DrugBeta-50mg,Neurology,Commercial,2025-09-16,2025-09-22,6,2025-09-19,2025-10-01,Appeal,12,,,,Open,0,,,8,0,,,,
CASE-01557,PAT-01035,REP-015,DrugAlpha-100mg,Neurology,Self-Pay,2025-10-29,2025-10-30,1,2025-11-02,2025-11-10,Approved,8,2025-11-18,2025-11-23,25,Resolved,0,,,7,1,1,1,1,12
CASE-01558,PAT-01852,REP-010,DrugAlpha-100mg,Neurology,Commercial,2025-11-11,2025-11-12,1,2025-11-16,2025-11-23,Approved,7,2025-11-28,2025-12-02,21,Resolved,0,,,4,0,1,1,0,12
CASE-01559,PAT-00131,REP-019,NeuroX-75mg,Neurology,VA,2025-08-25,2025-08-27,2,2025-09-01,2025-09-11,Denied,10,,,,In Progress,0,,,6,0,,,,
CASE-01560,PAT-00822,REP-015,DrugBeta-50mg,Neurology,Medicare,2025-07-14,2025-07-15,1,2025-07-15,2025-08-10,Approved,26,2025-08-12,2025-08-15,32,Resolved,0,,,12,0,1,1,1,27
CASE-01561,PAT-01744,REP-010,DrugGamma-200mg,Cardiology,VA,2025-12-26,2025-12-28,2,2025-12-31,2026-01-11,Approved,11,2026-01-19,2026-01-19,24,Resolved,0,,,2,0,1,0,0,16
CASE-01562,PAT-01461,REP-020,DrugAlpha-100mg,Oncology,Self-Pay,2025-12-13,2025-12-16,3,2025-12-20,2025-12-27,Denied,7,,,,In Progress,0,,,4,0,,,,
CASE-01563,PAT-00198,REP-004,DrugAlpha-100mg,Rare Disease,Commercial,2025-11-12,2025-11-17,5,2025-11-13,2025-11-19,Approved,6,2025-11-20,2025-11-23,11,Resolved,0,,,11,0,1,1,1,7
CASE-01564,PAT-01314,REP-012,DrugBeta-50mg,Neurology,Commercial,2026-03-23,2026-03-24,1,2026-03-24,2026-03-31,Approved,7,,,,Abandoned,1,Switched Therapy,Post-Fulfillment,2,0,,,,
CASE-01565,PAT-00324,REP-019,DrugBeta-50mg,Neurology,Self-Pay,2025-12-05,2025-12-06,1,2025-12-12,2025-12-21,Approved,9,2025-12-27,2025-12-28,23,Resolved,0,,,9,0,1,1,1,16
CASE-01566,PAT-01719,REP-024,DrugAlpha-100mg,Oncology,Commercial,2025-12-23,2025-12-26,3,2025-12-24,2026-01-01,Approved,8,2026-01-02,2026-01-05,13,Resolved,0,,,3,1,0,1,1,9
CASE-01567,PAT-00095,REP-019,NeuroX-75mg,Rare Disease,Commercial,2025-08-04,2025-08-06,2,2025-08-07,2025-08-22,Approved,15,2025-09-01,2025-09-03,30,Resolved,0,,,3,0,1,1,1,18
CASE-01568,PAT-01464,REP-019,DrugBeta-50mg,Oncology,VA,2026-04-27,2026-04-30,3,2026-05-03,,Approved,8,2026-05-12,2026-05-16,19,Resolved,0,,,12,1,1,1,1,14
CASE-01569,PAT-01800,REP-012,CardioPlus-25mg,Immunology,Commercial,2025-10-17,2025-10-19,2,2025-10-22,2025-10-25,Appeal,3,,,,Abandoned,1,Cost Concerns,During PA,0,0,,,,
CASE-01570,PAT-00591,REP-019,NeuroX-75mg,Neurology,VA,2025-11-26,2025-12-01,5,2025-11-27,2025-12-05,Approved,8,2025-12-15,2025-12-17,21,Resolved,0,,,11,1,1,1,0,9
CASE-01571,PAT-01406,REP-021,DrugGamma-200mg,Oncology,Self-Pay,2026-04-12,2026-04-13,1,2026-04-17,2026-04-20,Approved,3,2026-04-21,2026-04-25,13,Resolved,0,,,2,0,0,1,1,8
CASE-01572,PAT-01624,REP-019,CardioPlus-25mg,Oncology,Commercial,2025-07-11,2025-07-15,4,2025-07-13,2025-07-20,Approved,7,2025-07-26,2025-07-27,16,Resolved,0,,,5,0,1,0,0,9
CASE-01573,PAT-00059,REP-021,DrugAlpha-100mg,Cardiology,Self-Pay,2025-09-27,2025-10-02,5,2025-10-04,2025-10-16,Approved,12,2025-10-25,2025-10-30,33,Resolved,0,,,10,0,1,1,1,19
CASE-01574,PAT-01770,REP-010,NeuroX-75mg,Cardiology,Commercial,2025-09-25,2025-10-02,7,2025-10-01,2025-10-12,Approved,11,2025-10-16,2025-10-19,24,Resolved,0,,,3,0,0,0,1,17
CASE-01575,PAT-00490,REP-019,DrugGamma-200mg,Neurology,Commercial,2026-01-08,2026-01-10,2,2026-01-11,2026-01-23,Appeal,12,,,,Abandoned,1,Patient Deceased,During PA,4,0,,,,
CASE-01576,PAT-01580,REP-015,NeuroX-75mg,Neurology,Commercial,2025-10-02,2025-10-04,2,2025-10-08,2025-10-12,Approved,4,2025-10-14,2025-10-17,15,Resolved,0,,,9,0,0,0,1,10
CASE-01577,PAT-00700,REP-004,NeuroX-75mg,Cardiology,Commercial,2025-09-06,2025-09-07,1,2025-09-07,2025-09-17,Denied,10,,,,Open,0,,,10,0,,,,
CASE-01578,PAT-01499,REP-012,DrugBeta-50mg,Cardiology,Medicare,2026-03-10,2026-03-11,1,2026-03-14,2026-03-31,Denied,17,,,,Abandoned,1,Cost Concerns,Post-PA,4,0,,,,
CASE-01579,PAT-01682,REP-019,NeuroX-75mg,Immunology,Commercial,2025-09-21,2025-09-27,6,2025-09-26,2025-10-15,Approved,19,2025-10-22,2025-10-27,36,Resolved,0,,,10,1,1,1,1,24
CASE-01580,PAT-01513,REP-004,DrugGamma-200mg,Rare Disease,Medicare,2025-10-15,2025-10-20,5,2025-10-20,2025-11-08,Appeal,19,,,,Abandoned,1,Insurance Delay,During PA,4,0,,,,
CASE-01581,PAT-00015,REP-010,DrugBeta-50mg,Immunology,Commercial,2025-08-02,2025-08-03,1,2025-08-08,2025-08-13,Approved,5,2025-08-16,2025-08-20,18,Resolved,0,,,12,1,1,1,1,11
CASE-01582,PAT-01889,REP-020,CardioPlus-25mg,Oncology,Medicaid,2025-12-23,2025-12-27,4,2025-12-27,2026-01-03,Approved,7,2026-01-05,2026-01-07,15,Resolved,0,,,6,0,1,0,1,11
CASE-01583,PAT-00134,REP-012,DrugAlpha-100mg,Cardiology,Commercial,2025-11-09,2025-11-14,5,2025-11-12,2025-11-17,Approved,5,2025-11-18,2025-11-19,10,Resolved,0,,,1,0,1,0,0,8
CASE-01584,PAT-01219,REP-021,NeuroX-75mg,Immunology,Commercial,2026-02-17,2026-02-19,2,2026-02-18,2026-03-06,Pending,16,,,,In Progress,0,,,6,0,,,,
CASE-01585,PAT-01966,REP-012,DrugAlpha-100mg,Immunology,Medicare,2025-08-08,2025-08-10,2,2025-08-13,2025-08-29,Denied,16,,,,In Progress,0,,,3,0,,,,
CASE-01586,PAT-01022,REP-020,CardioPlus-25mg,Oncology,Commercial,2025-10-13,2025-10-16,3,2025-10-16,2025-10-19,Pending,3,,,,Abandoned,1,Cost Concerns,Pre-PA,4,0,,,,
CASE-01587,PAT-01125,REP-021,NeuroX-75mg,Immunology,Medicaid,2025-11-20,2025-11-22,2,2025-11-24,2025-12-31,Approved,37,2026-01-05,2026-01-07,48,Resolved,0,,,7,0,0,0,0,41
CASE-01588,PAT-01266,REP-015,DrugGamma-200mg,Cardiology,Medicare,2026-04-13,2026-04-16,3,2026-04-15,,Approved,22,2026-05-13,2026-05-13,30,Resolved,0,,,10,0,1,0,0,24
CASE-01589,PAT-00730,REP-024,CardioPlus-25mg,Oncology,Commercial,2025-12-05,2025-12-12,7,2025-12-12,2025-12-19,Approved,7,2025-12-26,2025-12-27,22,Resolved,0,,,3,1,0,1,1,14
CASE-01590,PAT-00150,REP-024,DrugAlpha-100mg,Rare Disease,Commercial,2026-01-06,2026-01-07,1,2026-01-11,2026-01-28,Pending,17,,,,Open,0,,,10,0,,,,
CASE-01591,PAT-00992,REP-015,CardioPlus-25mg,Neurology,Commercial,2025-09-04,2025-09-05,1,2025-09-08,2025-09-20,Pending,12,,,,Abandoned,1,Unknown,Pre-PA,2,0,,,,
CASE-01592,PAT-00865,REP-010,NeuroX-75mg,Rare Disease,Commercial,2025-07-28,2025-08-03,6,2025-08-02,2025-08-19,Approved,17,2025-08-27,2025-08-27,30,Resolved,0,,,5,0,0,0,0,22
CASE-01593,PAT-00986,REP-021,DrugAlpha-100mg,Cardiology,VA,2025-07-13,2025-07-14,1,2025-07-16,2025-07-27,Approved,11,2025-07-29,2025-07-30,17,Resolved,0,,,5,1,1,1,1,14
CASE-01594,PAT-00593,REP-004,NeuroX-75mg,Oncology,Medicare,2025-11-29,2025-11-30,1,2025-11-30,2025-12-21,Approved,21,2025-12-22,2025-12-22,23,Resolved,0,,,5,1,1,1,1,22
CASE-01595,PAT-00908,REP-012,DrugGamma-200mg,Oncology,Commercial,2026-04-22,2026-04-23,1,2026-04-28,,Appeal,18,,,,Open,0,,,1,0,,,,
CASE-01596,PAT-01889,REP-020,CardioPlus-25mg,Oncology,Medicaid,2026-03-31,2026-04-02,2,2026-04-07,2026-04-27,Denied,20,,,,Open,0,,,10,0,,,,
CASE-01597,PAT-00197,REP-020,DrugBeta-50mg,Rare Disease,Medicare,2026-01-17,2026-01-18,1,2026-01-18,2026-02-17,Approved,30,2026-02-26,2026-03-01,43,Resolved,0,,,5,0,1,0,0,31
CASE-01598,PAT-00148,REP-019,DrugBeta-50mg,Oncology,Commercial,2025-11-04,2025-11-06,2,2025-11-07,2025-11-21,Denied,14,,,,Open,0,,,9,0,,,,
CASE-01599,PAT-01996,REP-012,DrugGamma-200mg,Neurology,Medicaid,2025-11-05,2025-11-07,2,2025-11-06,2025-12-18,Denied,42,,,,Abandoned,1,Patient Lost Contact,Post-PA,3,0,,,,
CASE-01600,PAT-01076,REP-012,DrugAlpha-100mg,Rare Disease,Commercial,2025-11-17,2025-11-18,1,2025-11-24,2025-12-04,Approved,10,2025-12-13,2025-12-13,26,Resolved,0,,,12,0,1,1,1,17
CASE-01601,PAT-01912,REP-021,CardioPlus-25mg,Immunology,Self-Pay,2025-09-17,2025-09-18,1,2025-09-23,2025-09-29,Approved,6,2025-10-04,2025-10-08,21,Resolved,0,,,2,1,1,0,0,12
CASE-01602,PAT-00999,REP-015,DrugGamma-200mg,Cardiology,Medicare,2025-09-03,2025-09-05,2,2025-09-10,2025-09-30,Approved,20,2025-10-03,2025-10-03,30,Resolved,0,,,1,1,1,0,0,27
CASE-01603,PAT-00820,REP-004,DrugAlpha-100mg,Neurology,Medicare,2025-12-26,2025-12-29,3,2025-12-31,2026-01-16,Approved,16,2026-01-21,2026-01-22,27,Resolved,0,,,6,1,1,0,1,21
CASE-01604,PAT-00730,REP-021,CardioPlus-25mg,Oncology,Commercial,2025-12-07,2025-12-08,1,2025-12-14,2026-01-02,Approved,19,2026-01-03,2026-01-06,30,Resolved,0,,,9,1,1,0,0,26
CASE-01605,PAT-00142,REP-020,NeuroX-75mg,Neurology,Commercial,2025-10-27,2025-11-01,5,2025-10-29,2025-11-03,Pending,5,,,,Abandoned,1,Patient Deceased,Pre-PA,3,0,,,,
CASE-01606,PAT-00950,REP-020,CardioPlus-25mg,Neurology,Medicare,2025-11-21,2025-11-28,7,2025-11-28,2025-12-25,Appeal,27,,,,Open,0,,,10,0,,,,
CASE-01607,PAT-00128,REP-012,DrugAlpha-100mg,Immunology,Commercial,2025-12-22,2025-12-25,3,2025-12-26,2026-01-10,Approved,15,2026-01-14,2026-01-16,25,Resolved,0,,,9,0,1,1,0,19
CASE-01608,PAT-00876,REP-015,CardioPlus-25mg,Immunology,Medicare,2026-02-13,2026-02-17,4,2026-02-18,2026-03-05,Approved,15,2026-03-11,2026-03-13,28,Resolved,0,,,2,0,1,1,0,20
CASE-01609,PAT-01934,REP-012,NeuroX-75mg,Cardiology,Commercial,2025-09-06,2025-09-10,4,2025-09-11,2025-09-28,Approved,17,2025-10-07,2025-10-11,35,Resolved,0,,,2,1,1,0,0,22
CASE-01610,PAT-01895,REP-019,DrugAlpha-100mg,Immunology,Medicare,2025-12-07,2025-12-14,7,2025-12-11,2025-12-22,Approved,11,2025-12-28,2025-12-29,22,Resolved,0,,,9,1,1,1,1,15
CASE-01611,PAT-00119,REP-021,CardioPlus-25mg,Immunology,Medicare,2026-03-07,2026-03-08,1,2026-03-08,2026-03-28,Pending,20,,,,Open,0,,,12,0,,,,
CASE-01612,PAT-01324,REP-010,DrugBeta-50mg,Oncology,Commercial,2025-11-05,2025-11-08,3,2025-11-11,2025-11-21,Approved,10,2025-11-28,2025-11-28,23,Resolved,0,,,8,0,1,1,1,16
CASE-01613,PAT-00402,REP-004,NeuroX-75mg,Neurology,Commercial,2025-11-18,2025-11-23,5,2025-11-21,2025-12-05,Approved,14,2025-12-08,2025-12-11,23,Resolved,0,,,5,1,1,1,1,17
CASE-01614,PAT-01371,REP-019,DrugBeta-50mg,Cardiology,Medicaid,2025-11-09,2025-11-15,6,2025-11-13,2025-12-12,Approved,29,2025-12-18,2025-12-18,39,Resolved,0,,,6,0,1,1,1,33
CASE-01615,PAT-00835,REP-021,NeuroX-75mg,Rare Disease,VA,2025-12-11,2025-12-14,3,2025-12-17,2025-12-26,Approved,9,2025-12-28,2025-12-28,17,Resolved,0,,,10,1,1,1,1,15
CASE-01616,PAT-01272,REP-019,NeuroX-75mg,Oncology,Self-Pay,2026-04-07,2026-04-11,4,2026-04-11,2026-04-24,Approved,13,2026-05-03,2026-05-05,28,Resolved,0,,,2,1,1,1,1,17
CASE-01617,PAT-00854,REP-021,NeuroX-75mg,Immunology,Commercial,2025-11-01,2025-11-03,2,2025-11-02,2025-11-13,Pending,11,,,,Open,0,,,12,0,,,,
CASE-01618,PAT-00712,REP-021,CardioPlus-25mg,Cardiology,Medicare,2025-08-22,2025-08-23,1,2025-08-27,2025-09-26,Denied,30,,,,Abandoned,1,Insurance Delay,During PA,2,0,,,,
CASE-01619,PAT-00094,REP-012,DrugBeta-50mg,Immunology,Medicaid,2025-07-09,2025-07-11,2,2025-07-14,2025-07-24,Approved,10,2025-07-29,2025-08-01,23,Resolved,0,,,5,0,1,0,1,15
CASE-01620,PAT-00038,REP-015,DrugAlpha-100mg,Oncology,Self-Pay,2026-02-11,2026-02-14,3,2026-02-15,2026-02-24,Approved,9,2026-02-28,2026-03-01,18,Resolved,0,,,10,0,1,1,1,13
CASE-01621,PAT-00358,REP-024,DrugBeta-50mg,Immunology,Commercial,2025-07-05,2025-07-12,7,2025-07-09,2025-07-28,Denied,19,,,,Abandoned,1,Side Effect Concerns,During PA,3,0,,,,
CASE-01622,PAT-01139,REP-020,DrugGamma-200mg,Oncology,Commercial,2025-12-01,2025-12-05,4,2025-12-07,2025-12-20,Denied,13,,,,Abandoned,1,Side Effect Concerns,Post-PA,0,0,,,,
CASE-01623,PAT-00616,REP-012,DrugAlpha-100mg,Neurology,Medicare,2025-11-26,2025-11-30,4,2025-12-02,2025-12-25,Appeal,23,,,,Abandoned,1,Side Effect Concerns,During PA,0,0,,,,
CASE-01624,PAT-00628,REP-021,DrugAlpha-100mg,Cardiology,Commercial,2025-11-13,2025-11-14,1,2025-11-16,2025-11-22,Denied,6,,,,In Progress,0,,,4,0,,,,
CASE-01625,PAT-01315,REP-004,DrugBeta-50mg,Cardiology,Self-Pay,2025-07-24,2025-07-25,1,2025-07-29,2025-08-08,Approved,10,2025-08-12,2025-08-14,21,Resolved,0,,,4,0,1,1,1,15
CASE-01626,PAT-01652,REP-012,DrugAlpha-100mg,Immunology,Commercial,2025-11-23,2025-11-26,3,2025-11-24,2025-12-12,Approved,18,2025-12-19,2025-12-19,26,Resolved,0,,,12,0,1,1,1,19
CASE-01627,PAT-00619,REP-019,DrugAlpha-100mg,Cardiology,Medicaid,2025-09-21,2025-09-24,3,2025-09-23,2025-09-30,Approved,7,2025-10-04,2025-10-04,13,Resolved,0,,,4,1,1,0,0,9
CASE-01628,PAT-01805,REP-004,DrugGamma-200mg,Cardiology,Commercial,2025-07-12,2025-07-19,7,2025-07-19,2025-08-05,Denied,17,,,,Abandoned,1,Patient Deceased,Post-PA,4,0,,,,
CASE-01629,PAT-01598,REP-020,CardioPlus-25mg,Immunology,Medicare,2025-09-23,2025-09-28,5,2025-09-25,2025-10-15,Approved,20,2025-10-19,2025-10-20,27,Resolved,0,,,4,1,0,1,1,22
CASE-01630,PAT-01411,REP-024,CardioPlus-25mg,Neurology,Medicare,2025-09-25,2025-09-26,1,2025-09-29,2025-10-08,Approved,9,2025-10-15,2025-10-16,21,Resolved,0,,,1,0,1,0,0,13
CASE-01631,PAT-01825,REP-020,NeuroX-75mg,Neurology,Commercial,2025-10-13,2025-10-16,3,2025-10-20,2025-11-04,Approved,15,2025-11-10,2025-11-12,30,Resolved,0,,,2,0,1,1,1,22
CASE-01632,PAT-00352,REP-019,NeuroX-75mg,Immunology,Medicare,2026-02-01,2026-02-02,1,2026-02-02,2026-02-17,Approved,15,2026-02-26,2026-02-26,25,Resolved,0,,,10,1,1,1,1,16
CASE-01633,PAT-01865,REP-010,DrugAlpha-100mg,Rare Disease,Commercial,2026-04-15,2026-04-22,7,2026-04-17,2026-04-27,Approved,10,2026-04-29,2026-05-03,18,Resolved,0,,,4,1,1,1,1,12
CASE-01634,PAT-00930,REP-010,CardioPlus-25mg,Cardiology,Commercial,2026-04-02,2026-04-04,2,2026-04-03,2026-04-22,Pending,19,,,,In Progress,0,,,10,0,,,,
CASE-01635,PAT-00096,REP-004,DrugAlpha-100mg,Oncology,Commercial,2026-02-24,2026-02-28,4,2026-03-01,2026-03-18,Approved,17,2026-03-24,2026-03-28,32,Resolved,0,,,10,0,1,0,0,22
CASE-01636,PAT-00626,REP-020,DrugAlpha-100mg,Oncology,Medicare,2026-01-05,2026-01-11,6,2026-01-06,2026-01-31,Approved,25,2026-02-05,2026-02-07,33,Resolved,0,,,6,0,1,1,1,26
CASE-01637,PAT-00784,REP-015,CardioPlus-25mg,Oncology,Commercial,2025-12-21,2025-12-24,3,2025-12-23,2026-01-10,Approved,18,2026-01-16,2026-01-21,31,Resolved,0,,,2,0,1,0,1,20
CASE-01638,PAT-01417,REP-012,DrugGamma-200mg,Oncology,Medicare,2025-09-07,2025-09-08,1,2025-09-14,2025-10-04,Denied,20,,,,Abandoned,1,Side Effect Concerns,Post-PA,3,0,,,,
CASE-01639,PAT-00052,REP-015,CardioPlus-25mg,Oncology,Commercial,2025-08-01,2025-08-04,3,2025-08-08,2025-08-23,Approved,15,2025-08-28,2025-08-31,30,Resolved,0,,,11,0,1,1,1,22
CASE-01640,PAT-01911,REP-021,DrugAlpha-100mg,Rare Disease,Commercial,2025-12-31,2026-01-05,5,2026-01-05,2026-01-19,Approved,14,2026-01-20,2026-01-22,22,Resolved,0,,,1,0,1,0,0,19
CASE-01641,PAT-01646,REP-024,DrugGamma-200mg,Neurology,Commercial,2025-11-09,2025-11-12,3,2025-11-15,2025-12-02,Approved,17,2025-12-05,2025-12-07,28,Resolved,0,,,9,0,1,0,0,23
CASE-01642,PAT-00517,REP-021,DrugGamma-200mg,Immunology,Commercial,2026-01-14,2026-01-16,2,2026-01-16,2026-01-29,Approved,13,2026-02-08,2026-02-08,25,Resolved,0,,,7,0,1,1,0,15
CASE-01643,PAT-01239,REP-024,NeuroX-75mg,Rare Disease,Medicare,2026-03-15,2026-03-17,2,2026-03-16,2026-04-09,Denied,24,,,,Open,0,,,9,0,,,,
CASE-01644,PAT-01239,REP-015,NeuroX-75mg,Rare Disease,Medicare,2025-11-05,2025-11-09,4,2025-11-09,2025-12-01,Approved,22,2025-12-06,2025-12-08,33,Resolved,0,,,4,0,1,1,1,26
CASE-01645,PAT-01747,REP-012,DrugAlpha-100mg,Cardiology,Commercial,2025-08-16,2025-08-17,1,2025-08-18,2025-08-21,Pending,3,,,,In Progress,0,,,8,0,,,,
CASE-01646,PAT-01999,REP-019,DrugAlpha-100mg,Immunology,Medicare,2026-01-04,2026-01-07,3,2026-01-09,2026-01-18,Denied,9,,,,Abandoned,1,Insurance Delay,Post-PA,0,0,,,,
CASE-01647,PAT-00893,REP-010,NeuroX-75mg,Oncology,Medicare,2025-11-19,2025-11-24,5,2025-11-26,2025-12-14,Approved,18,2025-12-17,2025-12-19,30,Resolved,0,,,11,0,1,1,1,25
CASE-01648,PAT-01569,REP-019,NeuroX-75mg,Oncology,Medicaid,2025-09-22,2025-09-29,7,2025-09-26,2025-10-12,Approved,16,2025-10-21,2025-10-23,31,Resolved,0,,,8,0,1,1,0,20
CASE-01649,PAT-00676,REP-019,CardioPlus-25mg,Cardiology,Medicare,2025-08-14,2025-08-15,1,2025-08-20,2025-09-01,Approved,12,2025-09-02,2025-09-03,20,Resolved,0,,,5,0,1,1,1,18
CASE-01650,PAT-00039,REP-024,NeuroX-75mg,Neurology,Self-Pay,2025-09-18,2025-09-20,2,2025-09-21,2025-09-27,Approved,6,2025-10-05,2025-10-10,22,Resolved,0,,,6,0,1,1,1,9
CASE-01651,PAT-01068,REP-015,DrugGamma-200mg,Rare Disease,Self-Pay,2025-12-25,2025-12-28,3,2025-12-31,2026-01-08,Approved,8,2026-01-15,2026-01-18,24,Resolved,0,,,5,1,1,1,0,14
CASE-01652,PAT-00830,REP-024,NeuroX-75mg,Oncology,Self-Pay,2025-08-16,2025-08-17,1,2025-08-22,2025-09-02,Denied,11,,,,In Progress,0,,,11,0,,,,
CASE-01653,PAT-01522,REP-010,DrugAlpha-100mg,Cardiology,Medicare,2026-01-13,2026-01-14,1,2026-01-15,2026-01-27,Approved,12,2026-02-02,2026-02-04,22,Resolved,0,,,12,1,0,0,0,14
CASE-01654,PAT-00312,REP-012,DrugBeta-50mg,Rare Disease,Commercial,2025-08-02,2025-08-05,3,2025-08-05,2025-08-22,Approved,17,2025-08-28,2025-08-29,27,Resolved,0,,,6,1,1,1,0,20
CASE-01655,PAT-00449,REP-015,CardioPlus-25mg,Neurology,Commercial,2025-09-11,2025-09-14,3,2025-09-16,2025-10-06,Approved,20,2025-10-14,2025-10-16,35,Resolved,0,,,10,0,1,0,0,25
CASE-01656,PAT-01977,REP-020,DrugAlpha-100mg,Oncology,Medicaid,2025-11-18,2025-11-22,4,2025-11-24,2025-12-18,Approved,24,2025-12-24,2025-12-29,41,Resolved,0,,,8,1,1,1,0,30
CASE-01657,PAT-00836,REP-010,CardioPlus-25mg,Neurology,Commercial,2026-04-16,2026-04-20,4,2026-04-20,2026-04-24,Approved,4,2026-05-02,2026-05-04,18,Resolved,0,,,9,0,1,1,0,8
CASE-01658,PAT-01485,REP-020,DrugGamma-200mg,Rare Disease,Medicare,2025-12-24,2025-12-28,4,2025-12-29,2026-01-05,Approved,7,2026-01-08,2026-01-11,18,Resolved,0,,,1,0,1,0,1,12
CASE-01659,PAT-00743,REP-020,DrugBeta-50mg,Oncology,Commercial,2026-02-27,2026-03-06,7,2026-03-03,2026-03-11,Approved,8,2026-03-15,2026-03-16,17,Resolved,0,,,11,0,1,1,0,12
CASE-01660,PAT-00863,REP-020,CardioPlus-25mg,Immunology,Medicare,2026-01-10,2026-01-12,2,2026-01-12,2026-02-02,Denied,21,,,,In Progress,0,,,3,0,,,,
CASE-01661,PAT-01092,REP-010,CardioPlus-25mg,Immunology,Self-Pay,2025-09-18,2025-09-19,1,2025-09-22,2025-09-24,Approved,2,2025-09-26,2025-09-27,9,Resolved,0,,,12,0,1,1,1,6
CASE-01662,PAT-01392,REP-019,NeuroX-75mg,Cardiology,Self-Pay,2025-11-17,2025-11-21,4,2025-11-18,2025-11-27,Approved,9,2025-12-05,2025-12-06,19,Resolved,0,,,10,0,1,1,1,10
CASE-01663,PAT-01676,REP-004,DrugGamma-200mg,Neurology,Commercial,2025-10-02,2025-10-09,7,2025-10-08,2025-10-24,Approved,16,2025-10-30,2025-10-30,28,Resolved,0,,,6,1,1,1,1,22
CASE-01664,PAT-01823,REP-020,NeuroX-75mg,Rare Disease,Commercial,2025-12-02,2025-12-05,3,2025-12-04,2025-12-10,Denied,6,,,,Abandoned,1,Insurance Delay,During PA,1,0,,,,
CASE-01665,PAT-00468,REP-021,DrugAlpha-100mg,Oncology,Medicaid,2025-10-25,2025-10-29,4,2025-10-30,2025-11-20,Denied,21,,,,Abandoned,1,Cost Concerns,Post-PA,2,0,,,,
CASE-01666,PAT-01578,REP-015,DrugGamma-200mg,Oncology,Medicaid,2026-04-12,2026-04-14,2,2026-04-13,,Approved,30,2026-05-22,2026-05-24,42,Resolved,0,,,2,0,1,1,1,31
CASE-01667,PAT-01866,REP-021,CardioPlus-25mg,Rare Disease,Self-Pay,2026-02-07,2026-02-11,4,2026-02-08,2026-02-13,Denied,5,,,,Abandoned,1,Switched Therapy,Post-PA,2,0,,,,
CASE-01668,PAT-00011,REP-020,DrugAlpha-100mg,Neurology,Self-Pay,2025-10-10,2025-10-13,3,2025-10-16,2025-10-18,Approved,2,,,,Abandoned,1,Unknown,Post-PA,0,0,,,,
CASE-01669,PAT-01766,REP-024,DrugBeta-50mg,Cardiology,Commercial,2025-09-17,2025-09-19,2,2025-09-18,2025-09-25,Approved,7,2025-09-30,2025-09-30,13,Resolved,0,,,10,1,1,1,1,8
CASE-01670,PAT-01188,REP-004,CardioPlus-25mg,Neurology,Commercial,2025-12-13,2025-12-16,3,2025-12-19,2026-01-09,Approved,21,2026-01-11,2026-01-13,31,Resolved,0,,,4,1,1,1,1,27
CASE-01671,PAT-00678,REP-024,NeuroX-75mg,Cardiology,Medicare,2026-01-25,2026-01-29,4,2026-01-31,2026-02-18,Approved,18,2026-02-26,2026-02-27,33,Resolved,0,,,11,1,1,0,0,24
CASE-01672,PAT-00332,REP-020,DrugGamma-200mg,Immunology,Commercial,2025-09-20,2025-09-22,2,2025-09-27,2025-09-30,Denied,3,,,,In Progress,0,,,12,0,,,,
CASE-01673,PAT-00523,REP-024,DrugBeta-50mg,Immunology,Commercial,2026-02-10,2026-02-14,4,2026-02-14,2026-03-07,Approved,21,2026-03-16,2026-03-20,38,Resolved,0,,,6,0,1,1,1,25
CASE-01674,PAT-01344,REP-021,DrugBeta-50mg,Rare Disease,Medicare,2025-11-09,2025-11-14,5,2025-11-13,2025-12-06,Approved,23,2025-12-16,2025-12-18,39,Resolved,0,,,3,0,1,0,1,27
CASE-01675,PAT-00678,REP-010,NeuroX-75mg,Cardiology,Medicare,2025-10-17,2025-10-20,3,2025-10-18,2025-11-12,Pending,25,,,,In Progress,0,,,7,0,,,,
CASE-01676,PAT-01791,REP-012,NeuroX-75mg,Immunology,Medicare,2026-04-24,2026-04-25,1,2026-05-01,,Appeal,8,,,,Abandoned,1,Switched Therapy,During PA,0,0,,,,
CASE-01677,PAT-00691,REP-010,CardioPlus-25mg,Cardiology,Commercial,2026-01-10,2026-01-13,3,2026-01-11,2026-01-27,Approved,16,,,,Abandoned,1,Insurance Delay,Post-PA,2,0,,,,
CASE-01678,PAT-00540,REP-024,NeuroX-75mg,Neurology,Self-Pay,2025-07-25,2025-07-28,3,2025-07-28,2025-08-02,Approved,5,2025-08-10,2025-08-14,20,Resolved,0,,,10,0,1,1,1,8
CASE-01679,PAT-01888,REP-024,DrugBeta-50mg,Rare Disease,Commercial,2025-09-26,2025-09-30,4,2025-10-01,2025-10-08,Denied,7,,,,Abandoned,1,Side Effect Concerns,Post-PA,4,0,,,,
CASE-01680,PAT-00327,REP-012,NeuroX-75mg,Neurology,Medicare,2025-10-17,2025-10-18,1,2025-10-20,2025-10-25,Appeal,5,,,,Abandoned,1,Side Effect Concerns,During PA,0,0,,,,
CASE-01681,PAT-01175,REP-012,CardioPlus-25mg,Immunology,Medicare,2025-12-22,2025-12-27,5,2025-12-25,2026-01-12,Denied,18,,,,Open,0,,,5,0,,,,
CASE-01682,PAT-00262,REP-010,DrugBeta-50mg,Neurology,Medicare,2026-02-27,2026-03-05,6,2026-03-01,2026-03-19,Approved,18,2026-03-25,2026-03-30,31,Resolved,0,,,5,0,1,1,1,20
CASE-01683,PAT-00281,REP-012,DrugAlpha-100mg,Immunology,Self-Pay,2025-10-10,2025-10-12,2,2025-10-15,2025-10-19,Denied,4,,,,Abandoned,1,Switched Therapy,Post-PA,0,0,,,,
CASE-01684,PAT-01885,REP-010,DrugBeta-50mg,Cardiology,Medicare,2026-03-01,2026-03-04,3,2026-03-03,2026-03-12,Pending,9,,,,Open,0,,,12,0,,,,
CASE-01685,PAT-00134,REP-019,DrugAlpha-100mg,Cardiology,Commercial,2025-08-01,2025-08-07,6,2025-08-04,2025-08-11,Approved,7,2025-08-16,2025-08-17,16,Resolved,0,,,4,0,1,1,1,10
CASE-01686,PAT-00682,REP-015,DrugGamma-200mg,Cardiology,Medicaid,2025-12-12,2025-12-13,1,2025-12-14,2026-01-18,Appeal,35,,,,In Progress,0,,,4,0,,,,
CASE-01687,PAT-00346,REP-010,DrugGamma-200mg,Rare Disease,Medicaid,2025-07-12,2025-07-16,4,2025-07-18,2025-08-13,Appeal,26,,,,Open,0,,,9,0,,,,
CASE-01688,PAT-01748,REP-020,CardioPlus-25mg,Neurology,Commercial,2025-10-27,2025-10-28,1,2025-11-01,2025-11-08,Denied,7,,,,In Progress,0,,,10,0,,,,
CASE-01689,PAT-00923,REP-024,DrugBeta-50mg,Immunology,Medicare,2026-02-25,2026-03-02,5,2026-02-26,2026-03-18,Approved,20,,,,Abandoned,1,Insurance Delay,Post-PA,4,0,,,,
CASE-01690,PAT-01881,REP-019,DrugBeta-50mg,Neurology,Commercial,2025-09-30,2025-10-03,3,2025-10-04,2025-10-20,Approved,16,2025-10-29,2025-11-03,34,Resolved,0,,,12,0,1,1,1,20
CASE-01691,PAT-00356,REP-020,DrugBeta-50mg,Neurology,Commercial,2025-08-09,2025-08-10,1,2025-08-14,2025-08-18,Denied,4,,,,Abandoned,1,Unknown,During PA,0,0,,,,
CASE-01692,PAT-01202,REP-019,DrugBeta-50mg,Cardiology,Commercial,2025-08-07,2025-08-08,1,2025-08-11,2025-08-19,Approved,8,2025-08-23,2025-08-28,21,Resolved,0,,,9,0,1,1,1,12
CASE-01693,PAT-01437,REP-010,CardioPlus-25mg,Cardiology,Medicare,2025-12-26,2025-12-27,1,2026-01-02,2026-01-13,Approved,11,2026-01-23,2026-01-24,29,Resolved,0,,,1,0,1,1,1,18
CASE-01694,PAT-00260,REP-020,DrugBeta-50mg,Immunology,Medicare,2025-08-05,2025-08-06,1,2025-08-12,2025-08-22,Denied,10,,,,Abandoned,1,Unknown,Post-PA,4,0,,,,
CASE-01695,PAT-01168,REP-019,DrugBeta-50mg,Neurology,Self-Pay,2025-09-20,2025-09-22,2,2025-09-25,2025-10-06,Approved,11,2025-10-15,2025-10-19,29,Resolved,0,,,9,0,0,0,1,16
CASE-01696,PAT-01703,REP-019,NeuroX-75mg,Cardiology,Commercial,2025-11-14,2025-11-16,2,2025-11-15,2025-11-23,Approved,8,2025-11-30,2025-11-30,16,Resolved,0,,,6,0,1,1,1,9
CASE-01697,PAT-01418,REP-010,CardioPlus-25mg,Immunology,Medicaid,2025-09-10,2025-09-14,4,2025-09-14,2025-10-26,Approved,42,2025-10-29,2025-11-02,53,Resolved,0,,,12,0,1,1,1,46
CASE-01698,PAT-00998,REP-012,NeuroX-75mg,Oncology,Commercial,2025-12-27,2025-12-28,1,2025-12-28,2026-01-01,Approved,4,2026-01-10,2026-01-14,18,Resolved,0,,,6,1,1,1,1,5
CASE-01699,PAT-01173,REP-012,DrugGamma-200mg,Oncology,Medicare,2025-07-17,2025-07-18,1,2025-07-24,2025-08-11,Approved,18,2025-08-17,2025-08-20,34,Resolved,0,,,3,0,1,1,0,25
CASE-01700,PAT-00237,REP-019,DrugAlpha-100mg,Cardiology,Commercial,2025-09-17,2025-09-24,7,2025-09-21,2025-10-10,Approved,19,2025-10-20,2025-10-20,33,Resolved,0,,,9,0,1,1,1,23
CASE-01701,PAT-01570,REP-021,DrugAlpha-100mg,Immunology,Self-Pay,2025-11-15,2025-11-16,1,2025-11-18,2025-12-01,Approved,13,2025-12-09,2025-12-11,26,Resolved,0,,,6,1,1,1,1,16
CASE-01702,PAT-00710,REP-019,NeuroX-75mg,Cardiology,Commercial,2025-08-15,2025-08-16,1,2025-08-18,2025-09-07,Denied,20,,,,Abandoned,1,Side Effect Concerns,During PA,0,0,,,,
CASE-01703,PAT-01152,REP-021,NeuroX-75mg,Rare Disease,Commercial,2025-09-07,2025-09-11,4,2025-09-10,2025-09-24,Approved,14,2025-09-28,2025-10-03,26,Resolved,0,,,7,0,1,1,1,17
CASE-01704,PAT-01311,REP-021,CardioPlus-25mg,Neurology,Medicare,2026-04-20,2026-04-26,6,2026-04-24,,Denied,8,,,,Abandoned,1,Patient Lost Contact,Post-PA,3,0,,,,
CASE-01705,PAT-01624,REP-019,CardioPlus-25mg,Oncology,Commercial,2025-07-19,2025-07-21,2,2025-07-23,2025-08-06,Appeal,14,,,,In Progress,0,,,9,0,,,,
CASE-01706,PAT-00693,REP-020,NeuroX-75mg,Oncology,Medicare,2025-09-09,2025-09-10,1,2025-09-15,2025-10-04,Approved,19,2025-10-11,2025-10-15,36,Resolved,0,,,2,1,1,1,1,25
CASE-01707,PAT-01130,REP-019,DrugAlpha-100mg,Rare Disease,Commercial,2025-12-10,2025-12-11,1,2025-12-12,2025-12-16,Denied,4,,,,Open,0,,,3,0,,,,
CASE-01708,PAT-01612,REP-024,DrugGamma-200mg,Oncology,Commercial,2025-08-23,2025-08-25,2,2025-08-26,2025-09-03,Denied,8,,,,In Progress,0,,,12,0,,,,
CASE-01709,PAT-01423,REP-024,DrugGamma-200mg,Rare Disease,Medicare,2026-01-15,2026-01-18,3,2026-01-19,2026-01-29,Approved,10,2026-01-31,2026-02-01,17,Resolved,0,,,6,0,1,1,1,14
CASE-01710,PAT-01850,REP-019,NeuroX-75mg,Neurology,Medicaid,2026-02-27,2026-02-28,1,2026-03-04,2026-04-07,Approved,34,2026-04-16,2026-04-19,51,Resolved,0,,,6,0,0,0,0,39
CASE-01711,PAT-00567,REP-015,DrugAlpha-100mg,Immunology,Medicaid,2025-09-13,2025-09-17,4,2025-09-18,2025-10-30,Approved,42,2025-11-03,2025-11-04,52,Resolved,0,,,11,0,1,1,0,47
CASE-01712,PAT-00916,REP-024,CardioPlus-25mg,Cardiology,Commercial,2025-08-16,2025-08-18,2,2025-08-21,2025-09-09,Appeal,19,,,,In Progress,0,,,2,0,,,,
CASE-01713,PAT-01936,REP-015,DrugBeta-50mg,Neurology,Self-Pay,2025-11-11,2025-11-18,7,2025-11-13,2025-11-21,Denied,8,,,,Abandoned,1,Unknown,During PA,2,0,,,,
CASE-01714,PAT-01712,REP-020,NeuroX-75mg,Rare Disease,Commercial,2026-01-15,2026-01-18,3,2026-01-20,2026-02-05,Appeal,16,,,,Abandoned,1,Unknown,During PA,2,0,,,,
CASE-01715,PAT-00239,REP-015,NeuroX-75mg,Rare Disease,Commercial,2025-12-12,2025-12-15,3,2025-12-18,2026-01-07,Denied,20,,,,Abandoned,1,Side Effect Concerns,Post-PA,2,0,,,,
CASE-01716,PAT-01927,REP-010,DrugGamma-200mg,Immunology,Medicaid,2026-01-11,2026-01-13,2,2026-01-18,2026-02-02,Denied,15,,,,Open,0,,,2,0,,,,
CASE-01717,PAT-01170,REP-010,NeuroX-75mg,Neurology,VA,2025-11-22,2025-11-27,5,2025-11-27,2025-12-09,Approved,12,2025-12-10,2025-12-11,19,Resolved,0,,,5,0,1,1,0,17
CASE-01718,PAT-00692,REP-012,DrugAlpha-100mg,Cardiology,Commercial,2026-01-05,2026-01-06,1,2026-01-08,2026-01-12,Pending,4,,,,Open,0,,,10,0,,,,
CASE-01719,PAT-01925,REP-024,CardioPlus-25mg,Immunology,Medicaid,2025-11-16,2025-11-22,6,2025-11-20,2026-01-01,Denied,42,,,,Open,0,,,6,0,,,,
CASE-01720,PAT-01319,REP-019,CardioPlus-25mg,Immunology,Commercial,2026-01-30,2026-02-03,4,2026-02-05,2026-02-16,Approved,11,2026-02-23,2026-02-25,26,Resolved,0,,,10,0,1,1,1,17
CASE-01721,PAT-00263,REP-004,DrugAlpha-100mg,Cardiology,Medicaid,2025-12-15,2025-12-18,3,2025-12-22,2026-01-13,Approved,22,2026-01-22,2026-01-25,41,Resolved,0,,,7,0,1,1,1,29
CASE-01722,PAT-01893,REP-010,DrugGamma-200mg,Rare Disease,Commercial,2025-09-17,2025-09-20,3,2025-09-24,2025-10-14,Approved,20,2025-10-23,2025-10-23,36,Resolved,0,,,11,1,1,1,0,27
CASE-01723,PAT-00237,REP-010,DrugAlpha-100mg,Cardiology,Commercial,2026-02-09,2026-02-12,3,2026-02-16,2026-02-19,Approved,3,2026-02-21,2026-02-26,17,Resolved,0,,,10,1,1,1,0,10
CASE-01724,PAT-01090,REP-024,DrugBeta-50mg,Neurology,Self-Pay,2025-10-12,2025-10-13,1,2025-10-14,2025-10-19,Approved,5,,,,Abandoned,1,Switched Therapy,Post-Fulfillment,0,0,,,,
CASE-01725,PAT-00982,REP-024,NeuroX-75mg,Rare Disease,Commercial,2025-12-15,2025-12-16,1,2025-12-21,2026-01-11,Approved,21,2026-01-17,2026-01-21,37,Resolved,0,,,2,1,1,1,1,27
CASE-01726,PAT-01832,REP-024,CardioPlus-25mg,Immunology,Commercial,2026-03-29,2026-03-30,1,2026-04-04,2026-04-23,Denied,19,,,,Open,0,,,5,0,,,,
CASE-01727,PAT-01386,REP-019,DrugBeta-50mg,Rare Disease,Medicaid,2025-11-16,2025-11-20,4,2025-11-17,2025-11-29,Approved,12,2025-12-04,2025-12-05,19,Resolved,0,,,2,0,1,1,1,13
CASE-01728,PAT-00830,REP-015,NeuroX-75mg,Oncology,Self-Pay,2025-09-05,2025-09-07,2,2025-09-09,2025-09-12,Approved,3,2025-09-21,2025-09-21,16,Resolved,0,,,11,0,1,1,1,7
CASE-01729,PAT-00817,REP-015,NeuroX-75mg,Cardiology,Commercial,2026-04-08,2026-04-11,3,2026-04-14,,Approved,17,2026-05-05,2026-05-06,28,Resolved,0,,,9,0,1,0,0,23
CASE-01730,PAT-01726,REP-012,DrugAlpha-100mg,Immunology,Commercial,2025-07-18,2025-07-24,6,2025-07-23,2025-08-06,Approved,14,2025-08-16,2025-08-16,29,Resolved,0,,,10,0,1,0,0,19
CASE-01731,PAT-01440,REP-024,DrugBeta-50mg,Oncology,Medicaid,2025-10-17,2025-10-19,2,2025-10-21,2025-11-27,Denied,37,,,,Abandoned,1,Patient Deceased,Post-PA,0,0,,,,
CASE-01732,PAT-01140,REP-024,NeuroX-75mg,Rare Disease,Self-Pay,2025-10-03,2025-10-06,3,2025-10-10,2025-10-22,Approved,12,2025-10-27,2025-10-29,26,Resolved,0,,,1,0,1,1,1,19
CASE-01733,PAT-01518,REP-012,DrugBeta-50mg,Neurology,Medicare,2025-09-05,2025-09-08,3,2025-09-07,2025-09-16,Approved,9,2025-09-19,2025-09-19,14,Resolved,0,,,11,1,1,0,0,11
CASE-01734,PAT-01603,REP-015,CardioPlus-25mg,Cardiology,Medicare,2025-09-27,2025-09-30,3,2025-10-02,2025-10-18,Denied,16,,,,Abandoned,1,Side Effect Concerns,During PA,2,0,,,,
CASE-01735,PAT-00639,REP-019,DrugBeta-50mg,Neurology,Commercial,2026-04-09,2026-04-13,4,2026-04-10,2026-04-25,Appeal,15,,,,In Progress,0,,,1,0,,,,
CASE-01736,PAT-01538,REP-020,NeuroX-75mg,Immunology,Medicaid,2025-09-08,2025-09-09,1,2025-09-12,2025-09-25,Appeal,13,,,,In Progress,0,,,8,0,,,,
CASE-01737,PAT-01391,REP-024,CardioPlus-25mg,Oncology,Medicare,2025-11-29,2025-11-30,1,2025-12-04,2025-12-11,Approved,7,2025-12-20,2025-12-22,23,Resolved,0,,,8,1,1,1,1,12
CASE-01738,PAT-00106,REP-019,CardioPlus-25mg,Neurology,Medicaid,2026-04-04,2026-04-07,3,2026-04-11,,Denied,22,,,,Open,0,,,6,0,,,,
CASE-01739,PAT-01766,REP-010,DrugBeta-50mg,Cardiology,Commercial,2025-07-31,2025-08-01,1,2025-08-07,2025-08-21,Approved,14,2025-08-24,2025-08-29,29,Resolved,0,,,1,0,1,1,0,21
CASE-01740,PAT-00779,REP-024,NeuroX-75mg,Rare Disease,Commercial,2025-08-02,2025-08-06,4,2025-08-03,2025-08-19,Appeal,16,,,,In Progress,0,,,11,0,,,,
CASE-01741,PAT-00868,REP-012,DrugGamma-200mg,Cardiology,Medicaid,2026-04-13,2026-04-19,6,2026-04-14,,Approved,17,2026-05-03,2026-05-04,21,Resolved,0,,,1,0,1,1,1,18
CASE-01742,PAT-00924,REP-019,DrugAlpha-100mg,Immunology,Commercial,2026-04-26,2026-05-02,6,2026-04-29,,Approved,7,2026-05-10,2026-05-10,14,Resolved,0,,,8,0,0,0,0,10
CASE-01743,PAT-01119,REP-019,NeuroX-75mg,Oncology,Commercial,2026-03-02,2026-03-04,2,2026-03-07,2026-03-28,Denied,21,,,,Abandoned,1,Switched Therapy,Post-PA,2,0,,,,
CASE-01744,PAT-00410,REP-015,DrugGamma-200mg,Oncology,Commercial,2025-09-01,2025-09-04,3,2025-09-04,2025-09-24,Pending,20,,,,Abandoned,1,Patient Lost Contact,During PA,2,0,,,,
CASE-01745,PAT-01204,REP-019,DrugGamma-200mg,Cardiology,Commercial,2025-07-01,2025-07-05,4,2025-07-08,2025-07-14,Approved,6,2025-07-20,2025-07-22,21,Resolved,0,,,3,1,1,1,1,13
CASE-01746,PAT-00555,REP-010,DrugBeta-50mg,Immunology,Commercial,2026-02-14,2026-02-18,4,2026-02-15,2026-02-25,Approved,10,,,,Abandoned,1,Insurance Delay,Post-Fulfillment,1,0,,,,
CASE-01747,PAT-01759,REP-019,DrugGamma-200mg,Cardiology,Medicaid,2025-08-10,2025-08-11,1,2025-08-12,2025-08-19,Approved,7,2025-08-21,2025-08-25,15,Resolved,0,,,11,0,1,0,0,9
CASE-01748,PAT-00639,REP-004,DrugBeta-50mg,Neurology,Commercial,2026-01-14,2026-01-17,3,2026-01-21,2026-02-05,Approved,15,2026-02-14,2026-02-18,35,Resolved,0,,,12,0,0,0,0,22
CASE-01749,PAT-00187,REP-004,DrugAlpha-100mg,Neurology,Commercial,2025-10-31,2025-11-01,1,2025-11-03,2025-11-06,Approved,3,2025-11-11,2025-11-16,16,Resolved,0,,,5,0,1,1,0,6
CASE-01750,PAT-00399,REP-010,NeuroX-75mg,Immunology,Medicaid,2025-09-10,2025-09-13,3,2025-09-11,2025-10-03,Approved,22,2025-10-07,2025-10-07,27,Resolved,0,,,7,1,1,0,0,23
CASE-01751,PAT-01850,REP-012,NeuroX-75mg,Neurology,Medicaid,2025-08-18,2025-08-20,2,2025-08-21,2025-09-30,Approved,40,2025-10-01,2025-10-06,49,Resolved,0,,,4,0,1,1,0,43
CASE-01752,PAT-01202,REP-019,DrugBeta-50mg,Cardiology,Commercial,2026-02-02,2026-02-05,3,2026-02-06,2026-02-15,Approved,9,2026-02-16,2026-02-20,18,Resolved,0,,,6,1,0,1,1,13
CASE-01753,PAT-00732,REP-015,DrugGamma-200mg,Rare Disease,Commercial,2026-02-18,2026-02-19,1,2026-02-25,2026-03-09,Denied,12,,,,Abandoned,1,Unknown,During PA,4,0,,,,
CASE-01754,PAT-01944,REP-004,DrugBeta-50mg,Rare Disease,Commercial,2026-04-21,2026-04-24,3,2026-04-25,,Approved,19,2026-05-24,2026-05-26,35,Resolved,0,,,12,0,1,1,1,23
CASE-01755,PAT-00190,REP-021,DrugGamma-200mg,Neurology,Self-Pay,2025-09-28,2025-10-01,3,2025-09-29,2025-10-01,Approved,2,2025-10-10,2025-10-10,12,Resolved,0,,,11,1,1,1,1,3
CASE-01756,PAT-01395,REP-015,NeuroX-75mg,Rare Disease,Medicare,2026-01-29,2026-01-30,1,2026-01-30,2026-02-13,Approved,14,2026-02-21,2026-02-22,24,Resolved,0,,,10,0,1,1,1,15
CASE-01757,PAT-00277,REP-004,NeuroX-75mg,Neurology,Medicaid,2025-10-22,2025-10-25,3,2025-10-23,2025-11-02,Appeal,10,,,,In Progress,0,,,6,0,,,,
CASE-01758,PAT-01158,REP-010,CardioPlus-25mg,Immunology,Commercial,2026-03-16,2026-03-17,1,2026-03-22,2026-04-12,Approved,21,2026-04-13,2026-04-15,30,Resolved,0,,,12,1,0,1,1,27
CASE-01759,PAT-01551,REP-024,CardioPlus-25mg,Immunology,Medicare,2025-08-15,2025-08-20,5,2025-08-16,2025-09-12,Denied,27,,,,Abandoned,1,Cost Concerns,Post-PA,0,0,,,,
CASE-01760,PAT-01962,REP-021,CardioPlus-25mg,Oncology,Self-Pay,2026-01-08,2026-01-09,1,2026-01-12,2026-01-21,Approved,9,2026-01-30,2026-02-02,25,Resolved,0,,,2,1,1,1,1,13
CASE-01761,PAT-00953,REP-015,NeuroX-75mg,Cardiology,Medicaid,2025-10-30,2025-11-06,7,2025-11-03,2025-11-14,Denied,11,,,,Abandoned,1,Patient Deceased,During PA,3,0,,,,
CASE-01762,PAT-00675,REP-004,NeuroX-75mg,Neurology,Commercial,2026-01-30,2026-02-02,3,2026-02-05,2026-02-25,Approved,20,2026-03-05,2026-03-09,38,Resolved,0,,,4,1,0,0,0,26
CASE-01763,PAT-00647,REP-020,DrugBeta-50mg,Immunology,Medicare,2025-09-19,2025-09-22,3,2025-09-20,2025-10-17,Denied,27,,,,Open,0,,,3,0,,,,
CASE-01764,PAT-00963,REP-012,NeuroX-75mg,Neurology,Commercial,2026-02-06,2026-02-08,2,2026-02-10,2026-02-18,Approved,8,2026-02-28,2026-02-28,22,Resolved,0,,,2,0,1,1,0,12
CASE-01765,PAT-00096,REP-019,DrugAlpha-100mg,Oncology,Commercial,2025-12-22,2025-12-25,3,2025-12-24,2026-01-06,Approved,13,2026-01-11,2026-01-11,20,Resolved,0,,,5,0,1,0,1,15
CASE-01766,PAT-01128,REP-015,DrugGamma-200mg,Cardiology,Medicare,2025-12-26,2025-12-29,3,2026-01-02,2026-01-21,Approved,19,,,,Abandoned,1,Patient Lost Contact,Post-PA,3,0,,,,
CASE-01767,PAT-01706,REP-020,DrugAlpha-100mg,Cardiology,Commercial,2026-01-28,2026-01-29,1,2026-02-01,2026-02-15,Approved,14,,,,Abandoned,1,Patient Deceased,Post-PA,0,0,,,,
CASE-01768,PAT-00323,REP-015,NeuroX-75mg,Oncology,Commercial,2025-07-08,2025-07-14,6,2025-07-10,2025-07-25,Approved,15,2025-07-26,2025-07-27,19,Resolved,0,,,11,0,0,0,1,17
CASE-01769,PAT-01045,REP-019,CardioPlus-25mg,Oncology,Commercial,2025-10-12,2025-10-15,3,2025-10-16,2025-11-01,Approved,16,2025-11-10,2025-11-13,32,Resolved,0,,,5,1,0,0,0,20
CASE-01770,PAT-01501,REP-019,DrugBeta-50mg,Rare Disease,Medicare,2025-11-11,2025-11-13,2,2025-11-13,2025-11-23,Approved,10,2025-12-02,2025-12-07,26,Resolved,0,,,6,1,0,0,0,12
CASE-01771,PAT-01295,REP-015,NeuroX-75mg,Immunology,Medicaid,2026-04-27,2026-04-29,2,2026-05-01,,Denied,8,,,,Abandoned,1,Patient Deceased,Post-PA,2,0,,,,
CASE-01772,PAT-01057,REP-020,CardioPlus-25mg,Cardiology,Self-Pay,2025-09-20,2025-09-21,1,2025-09-22,2025-09-28,Approved,6,2025-10-07,2025-10-11,21,Resolved,0,,,10,1,1,0,0,8
CASE-01773,PAT-01316,REP-024,DrugAlpha-100mg,Immunology,Commercial,2025-07-17,2025-07-19,2,2025-07-23,2025-08-11,Approved,19,2025-08-17,2025-08-18,32,Resolved,0,,,6,1,1,0,0,25
CASE-01774,PAT-00724,REP-020,DrugBeta-50mg,Neurology,Medicaid,2026-04-28,2026-05-02,4,2026-05-01,,Denied,41,,,,Open,0,,,11,0,,,,
CASE-01775,PAT-01219,REP-021,NeuroX-75mg,Immunology,Commercial,2025-10-12,2025-10-14,2,2025-10-18,2025-11-08,Approved,21,2025-11-09,2025-11-10,29,Resolved,0,,,6,1,0,0,0,27
CASE-01776,PAT-00131,REP-010,NeuroX-75mg,Neurology,VA,2025-11-08,2025-11-09,1,2025-11-12,2025-11-22,Approved,10,2025-11-29,2025-11-30,22,Resolved,0,,,8,1,1,1,0,14
CASE-01777,PAT-00334,REP-012,DrugAlpha-100mg,Cardiology,Medicaid,2026-04-14,2026-04-20,6,2026-04-15,,Approved,37,2026-06-01,2026-06-04,51,Resolved,0,,,10,1,1,1,0,38
CASE-01778,PAT-00062,REP-010,CardioPlus-25mg,Cardiology,Medicaid,2026-02-18,2026-02-21,3,2026-02-23,2026-04-02,Denied,38,,,,Open,0,,,3,0,,,,
CASE-01779,PAT-01231,REP-019,DrugGamma-200mg,Cardiology,Medicaid,2025-08-23,2025-08-24,1,2025-08-24,2025-09-01,Denied,8,,,,In Progress,0,,,1,0,,,,
CASE-01780,PAT-01509,REP-019,DrugAlpha-100mg,Neurology,Medicaid,2025-07-04,2025-07-08,4,2025-07-08,2025-08-15,Denied,38,,,,Abandoned,1,Patient Lost Contact,Post-PA,4,0,,,,
CASE-01781,PAT-01806,REP-020,DrugGamma-200mg,Immunology,Commercial,2025-10-15,2025-10-18,3,2025-10-20,2025-10-24,Approved,4,2025-11-01,2025-11-05,21,Resolved,0,,,11,0,1,0,0,9
CASE-01782,PAT-01947,REP-021,DrugBeta-50mg,Cardiology,Commercial,2026-04-12,2026-04-16,4,2026-04-16,2026-04-25,Approved,9,2026-05-05,2026-05-06,24,Resolved,0,,,1,1,1,1,1,13
CASE-01783,PAT-00393,REP-021,CardioPlus-25mg,Immunology,Commercial,2026-01-13,2026-01-14,1,2026-01-17,2026-01-30,Approved,13,2026-01-31,2026-02-05,23,Resolved,0,,,1,1,1,0,0,17
CASE-01784,PAT-00100,REP-019,CardioPlus-25mg,Rare Disease,Commercial,2026-03-11,2026-03-14,3,2026-03-16,2026-03-30,Approved,14,2026-04-08,2026-04-11,31,Resolved,0,,,10,0,1,0,0,19
CASE-01785,PAT-01584,REP-024,CardioPlus-25mg,Immunology,Medicare,2025-11-29,2025-12-02,3,2025-12-01,2025-12-12,Denied,11,,,,Abandoned,1,Patient Lost Contact,Post-PA,2,0,,,,
CASE-01786,PAT-01696,REP-019,NeuroX-75mg,Immunology,Medicare,2025-09-03,2025-09-07,4,2025-09-10,2025-09-23,Pending,13,,,,Abandoned,1,Switched Therapy,Pre-PA,0,0,,,,
CASE-01787,PAT-00966,REP-010,DrugBeta-50mg,Cardiology,Commercial,2025-07-16,2025-07-19,3,2025-07-18,2025-07-23,Denied,5,,,,In Progress,0,,,8,0,,,,
CASE-01788,PAT-00477,REP-024,DrugAlpha-100mg,Neurology,Commercial,2025-07-14,2025-07-15,1,2025-07-17,2025-08-03,Appeal,17,,,,In Progress,0,,,10,0,,,,
CASE-01789,PAT-01892,REP-012,NeuroX-75mg,Rare Disease,Medicare,2025-08-16,2025-08-21,5,2025-08-20,2025-09-03,Denied,14,,,,Open,0,,,1,0,,,,
CASE-01790,PAT-00288,REP-019,NeuroX-75mg,Neurology,Commercial,2026-02-05,2026-02-09,4,2026-02-09,2026-02-26,Approved,17,2026-02-27,2026-03-04,27,Resolved,0,,,3,0,1,1,0,21
CASE-01791,PAT-01367,REP-004,DrugGamma-200mg,Oncology,Medicaid,2025-12-18,2025-12-21,3,2025-12-24,2026-01-25,Approved,32,2026-02-03,2026-02-03,47,Resolved,0,,,11,1,0,1,1,38
CASE-01792,PAT-01781,REP-019,DrugAlpha-100mg,Rare Disease,Commercial,2025-08-20,2025-08-23,3,2025-08-22,2025-09-08,Appeal,17,,,,Abandoned,1,Unknown,During PA,0,0,,,,
CASE-01793,PAT-00824,REP-020,DrugBeta-50mg,Rare Disease,Medicare,2025-08-02,2025-08-04,2,2025-08-09,2025-09-02,Approved,24,2025-09-12,2025-09-15,44,Resolved,0,,,6,1,1,1,1,31
CASE-01794,PAT-00942,REP-015,DrugBeta-50mg,Cardiology,Medicare,2026-04-22,2026-04-25,3,2026-04-25,,Appeal,9,,,,In Progress,0,,,10,0,,,,
CASE-01795,PAT-00292,REP-012,CardioPlus-25mg,Cardiology,Medicare,2026-03-22,2026-03-25,3,2026-03-28,2026-04-24,Approved,27,2026-04-25,2026-04-30,39,Resolved,0,,,12,0,1,0,0,33
CASE-01796,PAT-00793,REP-024,DrugGamma-200mg,Oncology,Commercial,2026-03-19,2026-03-20,1,2026-03-20,2026-04-08,Approved,19,2026-04-14,2026-04-17,29,Resolved,0,,,3,0,1,0,0,20
CASE-01797,PAT-00330,REP-004,NeuroX-75mg,Oncology,Medicare,2025-08-24,2025-08-29,5,2025-08-30,2025-09-08,Approved,9,,,,Abandoned,1,Switched Therapy,Post-PA,0,0,,,,
CASE-01798,PAT-01003,REP-015,NeuroX-75mg,Cardiology,Self-Pay,2025-12-09,2025-12-12,3,2025-12-10,2025-12-24,Approved,14,2025-12-25,2025-12-25,16,Resolved,0,,,1,1,1,0,0,15
CASE-01799,PAT-00862,REP-004,NeuroX-75mg,Cardiology,Self-Pay,2025-08-14,2025-08-15,1,2025-08-20,2025-09-01,Approved,12,2025-09-07,2025-09-11,28,Resolved,0,,,3,0,0,0,0,18
CASE-01800,PAT-00440,REP-015,NeuroX-75mg,Immunology,Commercial,2025-08-03,2025-08-04,1,2025-08-06,2025-08-23,Approved,17,2025-09-01,2025-09-06,34,Resolved,0,,,1,0,1,1,0,20
CASE-01801,PAT-01270,REP-004,DrugBeta-50mg,Rare Disease,Medicaid,2025-09-30,2025-10-02,2,2025-10-06,2025-11-04,Denied,29,,,,Abandoned,1,Switched Therapy,During PA,4,0,,,,
CASE-01802,PAT-01731,REP-021,DrugBeta-50mg,Rare Disease,Commercial,2026-02-02,2026-02-05,3,2026-02-03,2026-02-14,Approved,11,2026-02-15,2026-02-17,15,Resolved,0,,,11,0,1,0,0,12
CASE-01803,PAT-01713,REP-010,DrugBeta-50mg,Oncology,Medicaid,2026-04-08,2026-04-10,2,2026-04-11,,Approved,23,2026-05-06,2026-05-06,28,Resolved,0,,,7,1,1,0,0,26
CASE-01804,PAT-00416,REP-004,DrugAlpha-100mg,Oncology,Commercial,2026-03-18,2026-03-21,3,2026-03-21,2026-03-26,Pending,5,,,,Abandoned,1,Patient Lost Contact,Pre-PA,3,0,,,,
CASE-01805,PAT-00558,REP-004,DrugBeta-50mg,Rare Disease,Self-Pay,2026-01-07,2026-01-12,5,2026-01-10,2026-01-16,Approved,6,2026-01-25,2026-01-29,22,Resolved,0,,,11,0,1,0,1,9
CASE-01806,PAT-00762,REP-019,DrugAlpha-100mg,Cardiology,Medicare,2026-02-10,2026-02-11,1,2026-02-15,2026-03-02,Denied,15,,,,Abandoned,1,Switched Therapy,During PA,0,0,,,,
CASE-01807,PAT-01871,REP-019,CardioPlus-25mg,Cardiology,Medicaid,2026-01-26,2026-01-27,1,2026-02-02,2026-02-18,Denied,16,,,,In Progress,0,,,4,0,,,,
CASE-01808,PAT-01120,REP-019,CardioPlus-25mg,Neurology,Commercial,2025-12-29,2026-01-01,3,2026-01-02,2026-01-14,Approved,12,2026-01-22,2026-01-26,28,Resolved,0,,,12,0,1,1,1,16
CASE-01809,PAT-01756,REP-012,DrugBeta-50mg,Immunology,Medicare,2025-08-15,2025-08-21,6,2025-08-17,2025-08-25,Approved,8,2025-08-31,2025-09-05,21,Resolved,0,,,10,1,1,1,1,10
CASE-01810,PAT-00748,REP-012,DrugGamma-200mg,Cardiology,Medicare,2025-12-10,2025-12-14,4,2025-12-13,2026-01-12,Approved,30,2026-01-17,2026-01-20,41,Resolved,0,,,7,1,1,1,1,33
CASE-01811,PAT-01521,REP-024,NeuroX-75mg,Cardiology,Medicaid,2025-07-01,2025-07-02,1,2025-07-06,2025-08-20,Denied,45,,,,Abandoned,1,Patient Deceased,Post-PA,0,0,,,,
CASE-01812,PAT-01837,REP-019,NeuroX-75mg,Neurology,Commercial,2025-07-24,2025-07-26,2,2025-07-26,2025-08-01,Approved,6,2025-08-07,2025-08-12,19,Resolved,0,,,11,0,1,1,1,8
CASE-01813,PAT-00549,REP-021,DrugAlpha-100mg,Immunology,Medicaid,2026-04-14,2026-04-19,5,2026-04-17,,Approved,18,2026-05-14,2026-05-14,30,Resolved,0,,,12,0,1,1,1,21
CASE-01814,PAT-00609,REP-012,DrugBeta-50mg,Rare Disease,Self-Pay,2026-02-13,2026-02-14,1,2026-02-17,2026-02-26,Approved,9,,,,Abandoned,1,Cost Concerns,Post-Fulfillment,3,0,,,,
CASE-01815,PAT-00531,REP-021,DrugAlpha-100mg,Immunology,Commercial,2026-04-03,2026-04-06,3,2026-04-07,2026-04-28,Approved,21,2026-05-08,2026-05-11,38,Resolved,0,,,3,1,0,0,0,25
CASE-01816,PAT-01406,REP-010,DrugGamma-200mg,Oncology,Self-Pay,2025-11-13,2025-11-16,3,2025-11-20,2025-11-29,Denied,9,,,,In Progress,0,,,8,0,,,,
CASE-01817,PAT-01907,REP-020,DrugAlpha-100mg,Rare Disease,Medicare,2026-03-08,2026-03-13,5,2026-03-09,2026-03-30,Pending,21,,,,Open,0,,,8,0,,,,
CASE-01818,PAT-00834,REP-012,DrugBeta-50mg,Oncology,Commercial,2025-09-09,2025-09-13,4,2025-09-14,2025-10-03,Approved,19,2025-10-09,2025-10-09,30,Resolved,0,,,1,1,1,1,0,24
CASE-01819,PAT-00524,REP-004,DrugGamma-200mg,Neurology,VA,2025-12-18,2025-12-20,2,2025-12-20,2025-12-22,Approved,2,2025-12-26,2025-12-30,12,Resolved,0,,,6,0,0,1,0,4
CASE-01820,PAT-01024,REP-024,NeuroX-75mg,Rare Disease,Medicare,2026-03-23,2026-03-26,3,2026-03-30,2026-04-22,Approved,23,2026-04-23,2026-04-24,32,Resolved,0,,,4,0,1,0,0,30
CASE-01821,PAT-00759,REP-015,NeuroX-75mg,Neurology,Medicaid,2025-11-30,2025-12-04,4,2025-12-02,2026-01-09,Approved,38,2026-01-12,2026-01-14,45,Resolved,0,,,10,0,1,1,1,40
CASE-01822,PAT-00732,REP-021,DrugGamma-200mg,Rare Disease,Commercial,2025-08-16,2025-08-17,1,2025-08-20,2025-09-05,Approved,16,2025-09-11,2025-09-14,29,Resolved,0,,,2,0,1,0,0,20
CASE-01823,PAT-01026,REP-015,DrugBeta-50mg,Rare Disease,Commercial,2026-01-23,2026-01-25,2,2026-01-27,2026-02-05,Approved,9,2026-02-06,2026-02-09,17,Resolved,0,,,5,1,1,1,0,13
CASE-01824,PAT-01537,REP-020,DrugGamma-200mg,Cardiology,Commercial,2025-07-02,2025-07-04,2,2025-07-04,2025-07-23,Approved,19,2025-07-26,2025-07-29,27,Resolved,0,,,4,0,1,1,0,21
CASE-01825,PAT-01682,REP-004,NeuroX-75mg,Immunology,Commercial,2026-01-25,2026-01-27,2,2026-02-01,2026-02-08,Approved,7,2026-02-10,2026-02-15,21,Resolved,0,,,2,0,1,1,0,14
CASE-01826,PAT-00065,REP-020,CardioPlus-25mg,Cardiology,Commercial,2026-02-03,2026-02-06,3,2026-02-07,2026-02-10,Approved,3,2026-02-15,2026-02-15,12,Resolved,0,,,10,0,1,0,0,7
CASE-01827,PAT-00676,REP-024,CardioPlus-25mg,Cardiology,Medicare,2025-11-20,2025-11-26,6,2025-11-27,2025-12-07,Denied,10,,,,Open,0,,,8,0,,,,
CASE-01828,PAT-01719,REP-010,DrugAlpha-100mg,Oncology,Commercial,2026-04-12,2026-04-13,1,2026-04-19,,Approved,15,2026-05-11,2026-05-13,31,Resolved,0,,,2,1,0,0,0,22
CASE-01829,PAT-01731,REP-004,DrugBeta-50mg,Rare Disease,Commercial,2025-11-16,2025-11-22,6,2025-11-23,2025-12-01,Approved,8,,,,Abandoned,1,Insurance Delay,Post-PA,4,0,,,,
CASE-01830,PAT-01873,REP-020,DrugAlpha-100mg,Rare Disease,Commercial,2025-09-24,2025-09-27,3,2025-09-25,2025-10-02,Approved,7,2025-10-05,2025-10-07,13,Resolved,0,,,5,0,1,1,0,8
CASE-01831,PAT-01004,REP-004,DrugBeta-50mg,Neurology,Medicare,2025-08-15,2025-08-16,1,2025-08-17,2025-08-29,Pending,12,,,,In Progress,0,,,1,0,,,,
CASE-01832,PAT-01503,REP-020,DrugBeta-50mg,Cardiology,Commercial,2025-09-28,2025-10-02,4,2025-10-04,2025-10-25,Appeal,21,,,,In Progress,0,,,1,0,,,,
CASE-01833,PAT-01649,REP-021,DrugGamma-200mg,Immunology,Medicare,2025-12-12,2025-12-13,1,2025-12-14,2026-01-09,Approved,26,2026-01-14,2026-01-15,34,Resolved,0,,,1,1,1,1,1,28
CASE-01834,PAT-00505,REP-021,DrugBeta-50mg,Oncology,Commercial,2025-10-18,2025-10-19,1,2025-10-24,2025-10-27,Approved,3,2025-11-02,2025-11-04,17,Resolved,0,,,12,0,1,1,0,9
CASE-01835,PAT-00779,REP-010,NeuroX-75mg,Rare Disease,Commercial,2026-01-14,2026-01-21,7,2026-01-15,2026-01-29,Appeal,14,,,,Abandoned,1,Cost Concerns,During PA,1,0,,,,
CASE-01836,PAT-01172,REP-019,DrugGamma-200mg,Neurology,Commercial,2026-01-01,2026-01-02,1,2026-01-02,2026-01-23,Approved,21,2026-01-27,2026-01-29,28,Resolved,0,,,6,0,1,0,1,22
CASE-01837,PAT-01823,REP-020,NeuroX-75mg,Rare Disease,Commercial,2026-01-01,2026-01-02,1,2026-01-07,2026-01-21,Approved,14,2026-01-25,2026-01-28,27,Resolved,0,,,9,0,0,0,0,20
CASE-01838,PAT-00250,REP-021,CardioPlus-25mg,Cardiology,Medicare,2025-08-12,2025-08-14,2,2025-08-14,2025-08-19,Approved,5,2025-08-28,2025-08-30,18,Resolved,0,,,2,0,1,0,0,7
CASE-01839,PAT-01809,REP-015,DrugAlpha-100mg,Neurology,Medicare,2025-10-10,2025-10-13,3,2025-10-14,2025-11-02,Denied,19,,,,Abandoned,1,Unknown,During PA,4,0,,,,
CASE-01840,PAT-00741,REP-012,NeuroX-75mg,Rare Disease,Commercial,2025-11-12,2025-11-16,4,2025-11-15,2025-12-04,Denied,19,,,,In Progress,0,,,7,0,,,,
CASE-01841,PAT-00740,REP-019,CardioPlus-25mg,Rare Disease,VA,2025-12-07,2025-12-10,3,2025-12-09,2025-12-14,Approved,5,2025-12-24,2025-12-24,17,Resolved,0,,,12,1,1,1,0,7
CASE-01842,PAT-00821,REP-004,DrugGamma-200mg,Cardiology,Medicaid,2025-07-23,2025-07-25,2,2025-07-26,2025-08-09,Approved,14,,,,Abandoned,1,Unknown,Post-PA,1,0,,,,
CASE-01843,PAT-00177,REP-024,DrugBeta-50mg,Cardiology,Medicare,2025-12-18,2025-12-21,3,2025-12-21,2025-12-30,Approved,9,2026-01-03,2026-01-04,17,Resolved,0,,,7,1,1,0,0,12
CASE-01844,PAT-00030,REP-010,CardioPlus-25mg,Neurology,Medicaid,2026-03-20,2026-03-21,1,2026-03-26,,Approved,40,2026-05-13,2026-05-17,58,Resolved,0,,,2,0,1,1,0,46
CASE-01845,PAT-01783,REP-010,DrugAlpha-100mg,Oncology,VA,2025-09-04,2025-09-06,2,2025-09-09,2025-09-18,Approved,9,2025-09-25,2025-09-27,23,Resolved,0,,,11,1,1,0,0,14
CASE-01846,PAT-00465,REP-020,DrugGamma-200mg,Cardiology,Commercial,2025-10-02,2025-10-04,2,2025-10-09,2025-10-19,Approved,10,2025-10-21,2025-10-21,19,Resolved,0,,,4,0,1,1,1,17
CASE-01847,PAT-00722,REP-004,NeuroX-75mg,Cardiology,VA,2025-10-13,2025-10-16,3,2025-10-15,2025-10-21,Denied,6,,,,Open,0,,,4,0,,,,
CASE-01848,PAT-01646,REP-019,DrugGamma-200mg,Neurology,Commercial,2025-10-25,2025-10-27,2,2025-10-29,2025-11-02,Approved,4,2025-11-03,2025-11-08,14,Resolved,0,,,11,0,1,1,0,8
CASE-01849,PAT-01790,REP-012,DrugGamma-200mg,Immunology,VA,2026-03-21,2026-03-23,2,2026-03-28,2026-04-04,Approved,7,2026-04-05,2026-04-05,15,Resolved,0,,,5,0,1,0,0,14
CASE-01850,PAT-01220,REP-024,DrugGamma-200mg,Neurology,Commercial,2025-09-29,2025-10-03,4,2025-10-06,2025-10-15,Approved,9,,,,Abandoned,1,Switched Therapy,Post-Fulfillment,3,0,,,,
CASE-01851,PAT-01760,REP-019,CardioPlus-25mg,Neurology,Commercial,2026-03-23,2026-03-26,3,2026-03-28,2026-04-09,Approved,12,2026-04-10,2026-04-13,21,Resolved,0,,,7,0,1,1,1,17
CASE-01852,PAT-01326,REP-015,DrugBeta-50mg,Immunology,Medicaid,2026-04-30,2026-05-02,2,2026-05-05,,Pending,17,,,,Open,0,,,7,0,,,,
CASE-01853,PAT-00721,REP-012,NeuroX-75mg,Immunology,Medicare,2025-11-23,2025-11-25,2,2025-11-25,2025-12-22,Approved,27,2025-12-26,2025-12-27,34,Resolved,0,,,8,1,1,1,0,29
CASE-01854,PAT-01977,REP-019,DrugAlpha-100mg,Oncology,Medicaid,2026-02-19,2026-02-22,3,2026-02-25,2026-03-12,Approved,15,,,,Abandoned,1,Cost Concerns,Post-PA,2,0,,,,
CASE-01855,PAT-00200,REP-004,CardioPlus-25mg,Immunology,Medicare,2025-10-16,2025-10-17,1,2025-10-17,2025-11-03,Approved,17,2025-11-09,2025-11-09,24,Resolved,0,,,10,0,0,0,0,18
CASE-01856,PAT-00607,REP-021,DrugGamma-200mg,Oncology,Commercial,2025-11-05,2025-11-08,3,2025-11-07,2025-11-25,Approved,18,2025-11-28,2025-11-29,24,Resolved,0,,,10,1,1,1,0,20
CASE-01857,PAT-01094,REP-020,DrugGamma-200mg,Neurology,Medicare,2025-07-10,2025-07-13,3,2025-07-13,2025-07-26,Appeal,13,,,,In Progress,0,,,12,0,,,,
CASE-01858,PAT-01554,REP-012,DrugAlpha-100mg,Immunology,Commercial,2025-07-29,2025-08-05,7,2025-08-02,2025-08-18,Approved,16,2025-08-22,2025-08-26,28,Resolved,0,,,4,0,1,0,0,20
CASE-01859,PAT-00864,REP-024,NeuroX-75mg,Rare Disease,Commercial,2026-03-24,2026-03-26,2,2026-03-28,2026-04-08,Denied,11,,,,Abandoned,1,Patient Deceased,During PA,0,0,,,,
CASE-01860,PAT-01231,REP-010,DrugGamma-200mg,Cardiology,Medicaid,2026-01-10,2026-01-11,1,2026-01-13,2026-01-21,Appeal,8,,,,Open,0,,,12,0,,,,
CASE-01861,PAT-01281,REP-019,CardioPlus-25mg,Rare Disease,Commercial,2026-04-15,2026-04-17,2,2026-04-19,2026-04-30,Approved,11,2026-05-07,2026-05-09,24,Resolved,0,,,2,0,1,1,1,15
CASE-01862,PAT-01075,REP-024,DrugAlpha-100mg,Immunology,Commercial,2025-08-31,2025-09-04,4,2025-09-07,2025-09-20,Approved,13,2025-09-29,2025-09-29,29,Resolved,0,,,4,0,1,1,0,20
CASE-01863,PAT-00569,REP-021,NeuroX-75mg,Rare Disease,VA,2025-11-06,2025-11-08,2,2025-11-07,2025-11-11,Approved,4,2025-11-13,2025-11-18,12,Resolved,0,,,1,1,1,0,0,5
CASE-01864,PAT-01232,REP-024,DrugAlpha-100mg,Cardiology,Commercial,2025-07-28,2025-07-31,3,2025-08-04,2025-08-18,Approved,14,2025-08-24,2025-08-25,28,Resolved,0,,,3,0,0,1,1,21
CASE-01865,PAT-01655,REP-004,DrugGamma-200mg,Neurology,Commercial,2025-12-30,2025-12-31,1,2026-01-02,2026-01-11,Denied,9,,,,Open,0,,,1,0,,,,
CASE-01866,PAT-00105,REP-015,CardioPlus-25mg,Oncology,Commercial,2026-04-07,2026-04-09,2,2026-04-13,2026-04-26,Approved,13,2026-05-06,2026-05-07,30,Resolved,0,,,3,1,1,0,0,19
CASE-01867,PAT-01895,REP-024,DrugAlpha-100mg,Immunology,Medicare,2025-07-07,2025-07-09,2,2025-07-14,2025-07-29,Pending,15,,,,Open,0,,,7,0,,,,
CASE-01868,PAT-00784,REP-015,CardioPlus-25mg,Oncology,Commercial,2025-08-12,2025-08-15,3,2025-08-17,2025-08-25,Approved,8,2025-08-27,2025-08-29,17,Resolved,0,,,8,1,1,1,0,13
CASE-01869,PAT-01059,REP-021,DrugGamma-200mg,Neurology,Commercial,2026-03-07,2026-03-10,3,2026-03-13,2026-03-30,Approved,17,2026-03-31,2026-04-05,29,Resolved,0,,,10,0,1,1,1,23
CASE-01870,PAT-01728,REP-004,DrugAlpha-100mg,Immunology,Commercial,2026-03-27,2026-03-28,1,2026-03-28,2026-04-12,Denied,15,,,,Open,0,,,8,0,,,,
CASE-01871,PAT-00885,REP-012,DrugBeta-50mg,Rare Disease,Self-Pay,2025-07-15,2025-07-19,4,2025-07-16,2025-07-21,Approved,5,2025-07-25,2025-07-30,15,Resolved,0,,,2,0,1,0,0,6
CASE-01872,PAT-01782,REP-020,DrugAlpha-100mg,Neurology,Self-Pay,2025-08-23,2025-08-25,2,2025-08-29,2025-09-03,Approved,5,2025-09-05,2025-09-06,14,Resolved,0,,,9,0,1,1,1,11
CASE-01873,PAT-01462,REP-024,CardioPlus-25mg,Oncology,Commercial,2026-03-08,2026-03-09,1,2026-03-12,2026-03-15,Approved,3,2026-03-25,2026-03-30,22,Resolved,0,,,6,1,1,1,0,7
CASE-01874,PAT-01760,REP-021,CardioPlus-25mg,Neurology,Commercial,2026-04-25,2026-04-27,2,2026-04-30,,Approved,5,2026-05-08,2026-05-12,17,Resolved,0,,,11,0,1,1,1,10
CASE-01875,PAT-01826,REP-004,DrugBeta-50mg,Neurology,Medicare,2025-07-29,2025-08-01,3,2025-07-30,2025-08-10,Appeal,11,,,,In Progress,0,,,6,0,,,,
CASE-01876,PAT-00335,REP-024,CardioPlus-25mg,Oncology,Medicare,2025-09-10,2025-09-12,2,2025-09-17,2025-09-25,Approved,8,2025-09-27,2025-09-28,18,Resolved,0,,,2,0,0,0,0,15
CASE-01877,PAT-00921,REP-019,DrugAlpha-100mg,Oncology,Self-Pay,2025-08-30,2025-09-02,3,2025-08-31,2025-09-05,Approved,5,2025-09-14,2025-09-18,19,Resolved,0,,,4,1,1,1,0,6
CASE-01878,PAT-00404,REP-015,NeuroX-75mg,Neurology,Medicaid,2025-07-05,2025-07-10,5,2025-07-09,2025-08-02,Approved,24,2025-08-08,2025-08-13,39,Resolved,0,,,10,0,1,1,0,28
CASE-01879,PAT-00302,REP-012,NeuroX-75mg,Oncology,Medicare,2025-12-16,2025-12-17,1,2025-12-21,2026-01-10,Approved,20,,,,Abandoned,1,Patient Deceased,Post-PA,3,0,,,,
CASE-01880,PAT-01932,REP-015,NeuroX-75mg,Cardiology,Commercial,2026-02-22,2026-02-24,2,2026-02-26,2026-03-07,Approved,9,2026-03-13,2026-03-13,19,Resolved,0,,,7,0,1,1,1,13
CASE-01881,PAT-00003,REP-020,CardioPlus-25mg,Neurology,Self-Pay,2025-09-16,2025-09-17,1,2025-09-18,2025-09-28,Approved,10,2025-10-04,2025-10-04,18,Resolved,0,,,1,1,1,1,1,12
CASE-01882,PAT-00174,REP-010,NeuroX-75mg,Oncology,Medicare,2025-12-31,2026-01-06,6,2026-01-07,2026-01-14,Denied,7,,,,In Progress,0,,,5,0,,,,
CASE-01883,PAT-01632,REP-019,DrugBeta-50mg,Neurology,Medicare,2025-10-09,2025-10-12,3,2025-10-10,2025-11-06,Approved,27,2025-11-12,2025-11-14,36,Resolved,0,,,4,1,1,1,1,28
CASE-01884,PAT-01733,REP-024,DrugBeta-50mg,Immunology,Medicare,2026-03-16,2026-03-21,5,2026-03-23,2026-04-22,Approved,30,,,,Abandoned,1,Switched Therapy,Post-PA,1,0,,,,
CASE-01885,PAT-00732,REP-020,DrugGamma-200mg,Rare Disease,Commercial,2025-09-03,2025-09-05,2,2025-09-07,2025-09-17,Appeal,10,,,,Abandoned,1,Insurance Delay,During PA,4,0,,,,
CASE-01886,PAT-01470,REP-015,DrugAlpha-100mg,Rare Disease,VA,2025-08-27,2025-09-01,5,2025-08-28,2025-09-09,Approved,12,2025-09-11,2025-09-15,19,Resolved,0,,,1,1,1,1,1,13
CASE-01887,PAT-00966,REP-010,DrugBeta-50mg,Cardiology,Commercial,2025-08-24,2025-08-25,1,2025-08-28,2025-09-08,Approved,11,2025-09-12,2025-09-12,19,Resolved,0,,,4,0,1,1,1,15
CASE-01888,PAT-00066,REP-024,DrugAlpha-100mg,Rare Disease,Commercial,2025-08-12,2025-08-13,1,2025-08-17,2025-08-21,Pending,4,,,,Open,0,,,5,0,,,,
CASE-01889,PAT-00327,REP-024,NeuroX-75mg,Neurology,Medicare,2025-12-17,2025-12-18,1,2025-12-23,2026-01-22,Denied,30,,,,Abandoned,1,Patient Deceased,Post-PA,4,0,,,,
CASE-01890,PAT-00061,REP-010,CardioPlus-25mg,Immunology,Medicaid,2026-03-02,2026-03-03,1,2026-03-08,2026-04-05,Pending,28,,,,In Progress,0,,,10,0,,,,
CASE-01891,PAT-01072,REP-010,DrugAlpha-100mg,Neurology,Medicaid,2025-07-24,2025-07-28,4,2025-07-26,2025-08-09,Approved,14,2025-08-18,2025-08-21,28,Resolved,0,,,7,0,1,1,0,16
CASE-01892,PAT-01453,REP-010,DrugGamma-200mg,Cardiology,Commercial,2026-04-08,2026-04-10,2,2026-04-10,2026-04-26,Approved,16,2026-05-04,2026-05-06,28,Resolved,0,,,12,0,1,1,0,18
CASE-01893,PAT-01255,REP-015,CardioPlus-25mg,Neurology,Medicaid,2025-08-03,2025-08-09,6,2025-08-08,2025-08-21,Appeal,13,,,,In Progress,0,,,11,0,,,,
CASE-01894,PAT-00440,REP-019,NeuroX-75mg,Immunology,Commercial,2025-08-27,2025-08-28,1,2025-08-30,2025-09-02,Approved,3,2025-09-03,2025-09-04,8,Resolved,0,,,10,1,1,0,0,6
CASE-01895,PAT-00151,REP-010,DrugBeta-50mg,Oncology,Medicaid,2025-12-01,2025-12-02,1,2025-12-04,2025-12-18,Approved,14,2025-12-27,2025-12-27,26,Resolved,0,,,4,1,1,1,1,17
CASE-01896,PAT-01775,REP-024,DrugAlpha-100mg,Rare Disease,Self-Pay,2025-09-02,2025-09-07,5,2025-09-07,2025-09-19,Approved,12,2025-09-28,2025-10-02,30,Resolved,0,,,11,0,1,1,1,17
CASE-01897,PAT-00654,REP-015,DrugGamma-200mg,Oncology,Commercial,2026-03-18,2026-03-19,1,2026-03-20,2026-04-09,Approved,20,2026-04-10,2026-04-12,25,Resolved,0,,,11,0,1,0,0,22
CASE-01898,PAT-00778,REP-021,DrugBeta-50mg,Cardiology,Commercial,2026-01-17,2026-01-18,1,2026-01-22,2026-02-03,Approved,12,2026-02-06,2026-02-11,25,Resolved,0,,,9,0,1,1,1,17
CASE-01899,PAT-01722,REP-004,DrugBeta-50mg,Oncology,Commercial,2026-02-18,2026-02-20,2,2026-02-21,2026-02-24,Approved,3,2026-03-05,2026-03-06,16,Resolved,0,,,3,0,0,0,0,6
CASE-01900,PAT-00591,REP-021,NeuroX-75mg,Neurology,VA,2025-10-24,2025-10-26,2,2025-10-30,2025-11-01,Approved,2,2025-11-09,2025-11-09,16,Resolved,0,,,7,0,1,1,1,8
CASE-01901,PAT-01778,REP-020,DrugAlpha-100mg,Rare Disease,Commercial,2025-12-11,2025-12-14,3,2025-12-16,2025-12-21,Approved,5,,,,Abandoned,1,Patient Lost Contact,Post-PA,3,0,,,,
CASE-01902,PAT-00603,REP-024,CardioPlus-25mg,Oncology,Medicare,2026-04-22,2026-04-25,3,2026-04-23,,Approved,13,2026-05-12,2026-05-12,20,Resolved,0,,,7,0,1,1,0,14
CASE-01903,PAT-01081,REP-021,DrugAlpha-100mg,Neurology,Medicare,2026-03-13,2026-03-17,4,2026-03-14,2026-03-21,Approved,7,2026-03-25,2026-03-28,15,Resolved,0,,,9,0,1,1,1,8
CASE-01904,PAT-01642,REP-012,CardioPlus-25mg,Immunology,Commercial,2026-02-16,2026-02-18,2,2026-02-21,2026-03-05,Approved,12,2026-03-15,2026-03-18,30,Resolved,0,,,1,1,0,0,0,17
CASE-01905,PAT-00573,REP-015,DrugGamma-200mg,Rare Disease,Commercial,2025-10-26,2025-11-02,7,2025-11-02,2025-11-12,Approved,10,2025-11-13,2025-11-18,23,Resolved,0,,,6,1,1,1,1,17
CASE-01906,PAT-00002,REP-012,DrugGamma-200mg,Neurology,Commercial,2026-04-22,2026-04-26,4,2026-04-23,,Approved,14,2026-05-10,2026-05-14,22,Resolved,0,,,9,0,1,1,0,15
CASE-01907,PAT-00435,REP-019,CardioPlus-25mg,Rare Disease,Commercial,2025-08-19,2025-08-26,7,2025-08-22,2025-08-28,Approved,6,2025-09-01,2025-09-04,16,Resolved,0,,,12,0,1,0,0,9
CASE-01908,PAT-01163,REP-024,NeuroX-75mg,Rare Disease,Self-Pay,2026-02-14,2026-02-15,1,2026-02-17,2026-02-24,Approved,7,2026-02-25,2026-03-02,16,Resolved,0,,,11,0,1,1,0,10
CASE-01909,PAT-00209,REP-004,NeuroX-75mg,Rare Disease,Commercial,2026-01-24,2026-01-27,3,2026-01-30,2026-02-09,Denied,10,,,,In Progress,0,,,9,0,,,,
CASE-01910,PAT-01594,REP-024,DrugBeta-50mg,Cardiology,Medicare,2025-12-17,2025-12-21,4,2025-12-18,2026-01-07,Approved,20,2026-01-11,2026-01-11,25,Resolved,0,,,1,0,1,1,1,21
CASE-01911,PAT-00816,REP-021,CardioPlus-25mg,Rare Disease,Medicaid,2025-11-06,2025-11-07,1,2025-11-10,2025-11-19,Pending,9,,,,In Progress,0,,,9,0,,,,
CASE-01912,PAT-00791,REP-021,DrugBeta-50mg,Neurology,Commercial,2025-12-18,2025-12-19,1,2025-12-24,2025-12-29,Denied,5,,,,Open,0,,,5,0,,,,
CASE-01913,PAT-00300,REP-015,DrugAlpha-100mg,Rare Disease,Medicare,2025-12-20,2025-12-22,2,2025-12-21,2026-01-05,Approved,15,,,,Abandoned,1,Insurance Delay,Post-Fulfillment,2,0,,,,
CASE-01914,PAT-01051,REP-012,DrugAlpha-100mg,Immunology,Medicare,2025-12-30,2026-01-01,2,2026-01-01,2026-01-29,Approved,28,2026-02-04,2026-02-04,36,Resolved,0,,,5,0,1,1,1,30
CASE-01915,PAT-00748,REP-012,DrugGamma-200mg,Cardiology,Medicare,2025-08-07,2025-08-14,7,2025-08-08,2025-08-26,Approved,18,2025-09-04,2025-09-07,31,Resolved,0,,,2,0,1,1,1,19
CASE-01916,PAT-01351,REP-020,DrugGamma-200mg,Immunology,VA,2025-11-16,2025-11-20,4,2025-11-20,2025-12-02,Approved,12,2025-12-09,2025-12-13,27,Resolved,0,,,2,1,1,1,1,16
CASE-01917,PAT-01680,REP-020,DrugAlpha-100mg,Rare Disease,Commercial,2025-07-18,2025-07-20,2,2025-07-21,2025-07-26,Pending,5,,,,Abandoned,1,Patient Deceased,Pre-PA,4,0,,,,
CASE-01918,PAT-00319,REP-020,DrugAlpha-100mg,Oncology,Commercial,2025-09-30,2025-10-01,1,2025-10-02,2025-10-07,Approved,5,2025-10-10,2025-10-15,15,Resolved,0,,,2,1,1,1,0,7
CASE-01919,PAT-00484,REP-024,CardioPlus-25mg,Cardiology,Commercial,2025-10-17,2025-10-18,1,2025-10-20,2025-11-08,Approved,19,2025-11-16,2025-11-19,33,Resolved,0,,,6,1,1,1,0,22
CASE-01920,PAT-00322,REP-020,NeuroX-75mg,Neurology,Medicare,2026-03-25,2026-03-30,5,2026-04-01,2026-04-16,Approved,15,2026-04-19,2026-04-24,30,Resolved,0,,,11,0,1,1,0,22
CASE-01921,PAT-01234,REP-021,CardioPlus-25mg,Immunology,Medicare,2026-04-15,2026-04-17,2,2026-04-22,2026-04-28,Approved,6,2026-05-06,2026-05-09,24,Resolved,0,,,9,1,1,1,1,13
CASE-01922,PAT-00113,REP-015,DrugGamma-200mg,Rare Disease,Medicaid,2026-03-26,2026-03-27,1,2026-04-01,2026-04-27,Approved,26,2026-05-03,2026-05-05,40,Resolved,0,,,3,1,1,0,0,32
CASE-01923,PAT-00752,REP-024,CardioPlus-25mg,Cardiology,Medicare,2025-10-28,2025-10-30,2,2025-10-29,2025-11-21,Approved,23,2025-11-29,2025-11-30,33,Resolved,0,,,12,0,1,1,1,24
CASE-01924,PAT-01972,REP-012,DrugBeta-50mg,Neurology,Commercial,2025-11-12,2025-11-13,1,2025-11-17,2025-11-28,Approved,11,2025-12-02,2025-12-06,24,Resolved,0,,,7,1,1,0,0,16
CASE-01925,PAT-00553,REP-010,NeuroX-75mg,Immunology,Medicaid,2026-01-27,2026-01-29,2,2026-02-02,2026-02-14,Appeal,12,,,,Open,0,,,8,0,,,,
CASE-01926,PAT-00851,REP-024,DrugBeta-50mg,Immunology,Medicaid,2025-07-15,2025-07-17,2,2025-07-17,2025-07-29,Approved,12,2025-08-02,2025-08-06,22,Resolved,0,,,7,1,0,1,0,14
CASE-01927,PAT-01807,REP-024,DrugGamma-200mg,Oncology,Medicaid,2025-12-02,2025-12-03,1,2025-12-05,2026-01-03,Pending,29,,,,In Progress,0,,,10,0,,,,
CASE-01928,PAT-00741,REP-004,NeuroX-75mg,Rare Disease,Commercial,2026-03-15,2026-03-17,2,2026-03-18,2026-03-30,Pending,12,,,,Open,0,,,12,0,,,,
CASE-01929,PAT-01774,REP-010,DrugBeta-50mg,Oncology,Self-Pay,2026-03-14,2026-03-17,3,2026-03-16,2026-03-29,Denied,13,,,,Abandoned,1,Patient Deceased,Post-PA,3,0,,,,
CASE-01930,PAT-00899,REP-021,DrugBeta-50mg,Oncology,Medicare,2026-02-11,2026-02-12,1,2026-02-18,2026-03-13,Approved,23,2026-03-15,2026-03-19,36,Resolved,0,,,9,0,1,0,0,30
CASE-01931,PAT-00931,REP-020,DrugGamma-200mg,Cardiology,Medicaid,2025-08-27,2025-09-01,5,2025-09-02,2025-09-28,Approved,26,2025-10-04,2025-10-04,38,Resolved,0,,,8,0,1,1,1,32
CASE-01932,PAT-01083,REP-015,DrugAlpha-100mg,Cardiology,VA,2026-03-05,2026-03-11,6,2026-03-11,2026-03-17,Approved,6,2026-03-21,2026-03-26,21,Resolved,0,,,4,0,1,0,0,12
CASE-01933,PAT-01224,REP-004,CardioPlus-25mg,Cardiology,Medicare,2026-02-05,2026-02-08,3,2026-02-06,2026-02-13,Approved,7,2026-02-18,2026-02-23,18,Resolved,0,,,3,0,1,1,1,8
CASE-01934,PAT-00330,REP-024,NeuroX-75mg,Oncology,Medicare,2025-10-23,2025-10-25,2,2025-10-25,2025-11-12,Denied,18,,,,Open,0,,,1,0,,,,
CASE-01935,PAT-01387,REP-020,DrugBeta-50mg,Rare Disease,Commercial,2025-10-31,2025-11-02,2,2025-11-05,2025-11-24,Approved,19,2025-12-03,2025-12-07,37,Resolved,0,,,8,1,1,0,0,24
CASE-01936,PAT-01282,REP-012,CardioPlus-25mg,Neurology,Medicare,2025-12-29,2026-01-01,3,2025-12-30,2026-01-08,Approved,9,2026-01-17,2026-01-19,21,Resolved,0,,,12,0,1,1,0,10
CASE-01937,PAT-01331,REP-004,DrugAlpha-100mg,Oncology,Commercial,2026-03-27,2026-04-03,7,2026-04-03,2026-04-12,Approved,9,2026-04-18,2026-04-18,22,Resolved,0,,,6,0,1,1,0,16
CASE-01938,PAT-00598,REP-004,NeuroX-75mg,Neurology,Commercial,2025-11-21,2025-11-24,3,2025-11-26,2025-12-17,Approved,21,2025-12-26,2025-12-27,36,Resolved,0,,,3,0,1,1,1,26
CASE-01939,PAT-01463,REP-019,NeuroX-75mg,Oncology,Commercial,2026-01-26,2026-01-27,1,2026-01-28,2026-02-17,Approved,20,2026-02-22,2026-02-25,30,Resolved,0,,,5,0,1,0,0,22
CASE-01940,PAT-00556,REP-019,CardioPlus-25mg,Cardiology,Medicare,2026-01-31,2026-02-03,3,2026-02-06,2026-02-16,Appeal,10,,,,In Progress,0,,,10,0,,,,
CASE-01941,PAT-00583,REP-019,DrugBeta-50mg,Rare Disease,Self-Pay,2025-12-13,2025-12-16,3,2025-12-19,2025-12-31,Approved,12,2026-01-02,2026-01-03,21,Resolved,0,,,6,0,1,1,1,18
CASE-01942,PAT-00925,REP-010,DrugBeta-50mg,Neurology,Commercial,2026-02-13,2026-02-15,2,2026-02-19,2026-03-08,Appeal,17,,,,In Progress,0,,,8,0,,,,
CASE-01943,PAT-01964,REP-019,CardioPlus-25mg,Cardiology,Medicare,2026-03-17,2026-03-20,3,2026-03-23,2026-04-05,Pending,13,,,,Open,0,,,11,0,,,,
CASE-01944,PAT-01513,REP-019,DrugGamma-200mg,Rare Disease,Medicare,2025-09-01,2025-09-03,2,2025-09-05,2025-09-10,Denied,5,,,,Abandoned,1,Unknown,During PA,3,0,,,,
CASE-01945,PAT-01199,REP-019,CardioPlus-25mg,Cardiology,Medicare,2026-02-13,2026-02-18,5,2026-02-20,2026-02-27,Approved,7,2026-03-05,2026-03-08,23,Resolved,0,,,11,1,1,1,0,14
CASE-01946,PAT-01804,REP-021,DrugBeta-50mg,Oncology,Medicaid,2025-12-22,2025-12-28,6,2025-12-27,2026-01-20,Denied,24,,,,In Progress,0,,,10,0,,,,
CASE-01947,PAT-00495,REP-019,NeuroX-75mg,Cardiology,Commercial,2026-04-27,2026-04-28,1,2026-04-29,,Appeal,14,,,,In Progress,0,,,11,0,,,,
CASE-01948,PAT-01159,REP-019,DrugBeta-50mg,Oncology,Commercial,2025-08-15,2025-08-19,4,2025-08-16,2025-08-22,Approved,6,2025-08-27,2025-08-27,12,Resolved,0,,,3,0,1,1,1,7
CASE-01949,PAT-01439,REP-012,DrugAlpha-100mg,Cardiology,Self-Pay,2025-12-09,2025-12-10,1,2025-12-16,2025-12-25,Denied,9,,,,In Progress,0,,,1,0,,,,
CASE-01950,PAT-01741,REP-015,DrugBeta-50mg,Cardiology,Commercial,2026-04-14,2026-04-17,3,2026-04-15,2026-04-25,Appeal,10,,,,Abandoned,1,Patient Deceased,During PA,2,0,,,,
CASE-01951,PAT-00673,REP-012,CardioPlus-25mg,Immunology,Commercial,2025-08-08,2025-08-12,4,2025-08-14,2025-08-18,Approved,4,2025-08-26,2025-08-31,23,Resolved,0,,,10,0,1,1,1,10
CASE-01952,PAT-01301,REP-020,DrugBeta-50mg,Immunology,Commercial,2026-01-13,2026-01-20,7,2026-01-20,2026-01-27,Denied,7,,,,Abandoned,1,Switched Therapy,During PA,2,0,,,,
CASE-01953,PAT-00591,REP-021,NeuroX-75mg,Neurology,VA,2025-07-24,2025-07-26,2,2025-07-30,2025-08-13,Approved,14,2025-08-23,2025-08-28,35,Resolved,0,,,6,1,1,0,0,20
CASE-01954,PAT-01589,REP-012,DrugBeta-50mg,Oncology,Medicare,2025-08-02,2025-08-05,3,2025-08-04,2025-08-30,Approved,26,,,,Abandoned,1,Patient Lost Contact,Post-Fulfillment,3,0,,,,
CASE-01955,PAT-00149,REP-020,CardioPlus-25mg,Neurology,Medicare,2026-01-10,2026-01-11,1,2026-01-15,2026-01-25,Approved,10,2026-01-27,2026-01-28,18,Resolved,0,,,6,0,1,0,0,15
CASE-01956,PAT-00719,REP-015,DrugBeta-50mg,Oncology,Medicare,2025-09-30,2025-10-07,7,2025-10-06,2025-10-17,Approved,11,2025-10-20,2025-10-24,24,Resolved,0,,,1,1,1,0,1,17
CASE-01957,PAT-00586,REP-024,DrugAlpha-100mg,Immunology,Medicare,2025-09-10,2025-09-12,2,2025-09-12,2025-09-28,Denied,16,,,,Abandoned,1,Switched Therapy,Post-PA,4,0,,,,
CASE-01958,PAT-01552,REP-012,DrugBeta-50mg,Rare Disease,Medicaid,2025-09-04,2025-09-06,2,2025-09-07,2025-09-15,Denied,8,,,,In Progress,0,,,8,0,,,,
CASE-01959,PAT-01894,REP-020,CardioPlus-25mg,Immunology,Commercial,2025-09-10,2025-09-12,2,2025-09-17,2025-10-07,Denied,20,,,,In Progress,0,,,12,0,,,,
CASE-01960,PAT-01183,REP-020,DrugBeta-50mg,Oncology,Commercial,2026-03-04,2026-03-07,3,2026-03-09,2026-03-24,Approved,15,2026-03-30,2026-03-31,27,Resolved,0,,,2,1,1,0,0,20
CASE-01961,PAT-00145,REP-010,DrugGamma-200mg,Rare Disease,Medicaid,2026-02-02,2026-02-03,1,2026-02-05,2026-03-22,Approved,45,2026-04-01,2026-04-04,61,Resolved,0,,,5,1,1,1,0,48
CASE-01962,PAT-00779,REP-019,NeuroX-75mg,Rare Disease,Commercial,2026-03-11,2026-03-16,5,2026-03-17,2026-03-22,Appeal,5,,,,Abandoned,1,Unknown,During PA,0,0,,,,
CASE-01963,PAT-00737,REP-012,DrugAlpha-100mg,Neurology,Self-Pay,2025-11-25,2025-11-28,3,2025-11-26,2025-12-06,Approved,10,2025-12-13,2025-12-18,23,Resolved,0,,,1,1,1,1,1,11
CASE-01964,PAT-01098,REP-004,NeuroX-75mg,Rare Disease,Commercial,2025-10-15,2025-10-22,7,2025-10-20,2025-10-23,Approved,3,2025-10-27,2025-10-27,12,Resolved,0,,,5,0,1,1,0,8
CASE-01965,PAT-00661,REP-020,DrugBeta-50mg,Immunology,Medicaid,2026-02-17,2026-02-19,2,2026-02-24,2026-04-10,Appeal,45,,,,In Progress,0,,,9,0,,,,
CASE-01966,PAT-01155,REP-024,DrugBeta-50mg,Neurology,Medicare,2026-02-03,2026-02-06,3,2026-02-05,2026-02-28,Denied,23,,,,In Progress,0,,,5,0,,,,
CASE-01967,PAT-01961,REP-024,DrugBeta-50mg,Oncology,Self-Pay,2026-03-29,2026-04-05,7,2026-04-02,2026-04-11,Approved,9,2026-04-15,2026-04-18,20,Resolved,0,,,8,0,1,0,0,13
CASE-01968,PAT-00332,REP-024,DrugGamma-200mg,Immunology,Commercial,2026-01-25,2026-01-29,4,2026-02-01,2026-02-17,Approved,16,2026-02-19,2026-02-20,26,Resolved,0,,,5,0,0,0,0,23
CASE-01969,PAT-00547,REP-020,DrugAlpha-100mg,Oncology,Medicaid,2026-02-04,2026-02-07,3,2026-02-06,2026-02-19,Approved,13,,,,Abandoned,1,Patient Deceased,Post-Fulfillment,4,0,,,,
CASE-01970,PAT-00162,REP-019,DrugBeta-50mg,Oncology,Medicaid,2026-01-25,2026-01-31,6,2026-01-27,2026-02-26,Denied,30,,,,Abandoned,1,Side Effect Concerns,During PA,2,0,,,,
CASE-01971,PAT-01602,REP-015,CardioPlus-25mg,Neurology,Commercial,2025-07-27,2025-07-30,3,2025-07-29,2025-08-13,Approved,15,2025-08-21,2025-08-24,28,Resolved,0,,,9,0,1,1,1,17
CASE-01972,PAT-00768,REP-019,CardioPlus-25mg,Oncology,Commercial,2026-04-19,2026-04-24,5,2026-04-25,,Approved,12,2026-05-14,2026-05-16,27,Resolved,0,,,5,1,1,1,0,18
CASE-01973,PAT-00253,REP-020,DrugGamma-200mg,Oncology,Commercial,2025-07-27,2025-07-28,1,2025-07-28,2025-08-18,Approved,21,2025-08-24,2025-08-29,33,Resolved,0,,,11,0,1,0,0,22
CASE-01974,PAT-01224,REP-015,CardioPlus-25mg,Cardiology,Medicare,2026-03-12,2026-03-19,7,2026-03-15,2026-04-06,Approved,22,2026-04-09,2026-04-11,30,Resolved,0,,,1,0,1,1,1,25
CASE-01975,PAT-00127,REP-020,DrugGamma-200mg,Neurology,Commercial,2025-08-26,2025-08-29,3,2025-08-27,2025-08-31,Approved,4,,,,Abandoned,1,Switched Therapy,Post-PA,4,0,,,,
CASE-01976,PAT-01507,REP-019,NeuroX-75mg,Oncology,Medicare,2025-09-09,2025-09-16,7,2025-09-16,2025-09-25,Appeal,9,,,,Open,0,,,4,0,,,,
CASE-01977,PAT-00719,REP-012,DrugBeta-50mg,Oncology,Medicare,2026-03-26,2026-03-31,5,2026-03-27,2026-04-13,Approved,17,2026-04-15,2026-04-17,22,Resolved,0,,,2,0,1,1,1,18
CASE-01978,PAT-01886,REP-020,DrugGamma-200mg,Immunology,Commercial,2025-09-06,2025-09-12,6,2025-09-11,2025-09-24,Approved,13,2025-09-30,2025-10-04,28,Resolved,0,,,9,0,1,1,1,18
CASE-01979,PAT-01348,REP-012,CardioPlus-25mg,Neurology,Medicaid,2026-01-02,2026-01-05,3,2026-01-06,2026-01-16,Approved,10,2026-01-19,2026-01-22,20,Resolved,0,,,9,0,1,1,1,14
CASE-01980,PAT-00629,REP-024,DrugGamma-200mg,Neurology,Medicare,2025-08-21,2025-08-23,2,2025-08-23,2025-09-01,Approved,9,2025-09-10,2025-09-15,25,Resolved,0,,,10,0,1,1,1,11
CASE-01981,PAT-00145,REP-019,DrugGamma-200mg,Rare Disease,Medicaid,2025-12-18,2025-12-21,3,2025-12-22,2026-01-03,Approved,12,2026-01-05,2026-01-08,21,Resolved,0,,,1,0,1,1,0,16
CASE-01982,PAT-01800,REP-021,CardioPlus-25mg,Immunology,Commercial,2026-03-04,2026-03-06,2,2026-03-07,2026-03-28,Approved,21,2026-03-30,2026-03-31,27,Resolved,0,,,1,0,1,1,1,24
CASE-01983,PAT-01078,REP-021,DrugAlpha-100mg,Rare Disease,Commercial,2025-12-18,2025-12-19,1,2025-12-24,2026-01-13,Approved,20,,,,Abandoned,1,Cost Concerns,Post-Fulfillment,4,0,,,,
CASE-01984,PAT-00561,REP-024,DrugAlpha-100mg,Cardiology,Medicare,2025-12-23,2025-12-29,6,2025-12-29,2026-01-24,Denied,26,,,,In Progress,0,,,2,0,,,,
CASE-01985,PAT-00912,REP-024,CardioPlus-25mg,Rare Disease,Commercial,2025-10-21,2025-10-22,1,2025-10-25,2025-10-31,Approved,6,,,,Abandoned,1,Unknown,Post-PA,4,0,,,,
CASE-01986,PAT-00883,REP-024,CardioPlus-25mg,Oncology,Commercial,2025-08-13,2025-08-15,2,2025-08-15,2025-08-20,Approved,5,2025-08-27,2025-08-28,15,Resolved,0,,,3,1,1,1,0,7
CASE-01987,PAT-01918,REP-004,DrugGamma-200mg,Cardiology,Commercial,2025-10-02,2025-10-03,1,2025-10-08,2025-10-16,Approved,8,2025-10-22,2025-10-26,24,Resolved,0,,,12,1,1,1,1,14
CASE-01988,PAT-00727,REP-021,DrugAlpha-100mg,Rare Disease,Medicare,2026-03-30,2026-03-31,1,2026-04-02,2026-04-15,Approved,13,2026-04-19,2026-04-24,25,Resolved,0,,,7,0,1,1,1,16
CASE-01989,PAT-00908,REP-012,DrugGamma-200mg,Oncology,Commercial,2025-09-22,2025-09-24,2,2025-09-27,2025-10-06,Denied,9,,,,Open,0,,,11,0,,,,
CASE-01990,PAT-00807,REP-010,DrugBeta-50mg,Immunology,Self-Pay,2026-02-11,2026-02-12,1,2026-02-17,2026-02-19,Pending,2,,,,In Progress,0,,,5,0,,,,
CASE-01991,PAT-01369,REP-019,DrugAlpha-100mg,Immunology,Commercial,2026-02-14,2026-02-15,1,2026-02-20,2026-02-28,Approved,8,,,,Abandoned,1,Patient Deceased,Post-Fulfillment,0,0,,,,
CASE-01992,PAT-01510,REP-021,NeuroX-75mg,Rare Disease,Commercial,2026-03-23,2026-03-24,1,2026-03-25,2026-04-11,Approved,17,2026-04-21,2026-04-21,29,Resolved,0,,,3,0,1,1,1,19
CASE-01993,PAT-00905,REP-012,CardioPlus-25mg,Neurology,Medicare,2026-01-01,2026-01-03,2,2026-01-07,2026-02-06,Pending,30,,,,Open,0,,,4,0,,,,
CASE-01994,PAT-00398,REP-020,CardioPlus-25mg,Immunology,Commercial,2026-04-12,2026-04-15,3,2026-04-14,,Approved,21,2026-05-08,2026-05-11,29,Resolved,0,,,2,0,1,1,1,23
CASE-01995,PAT-00029,REP-021,DrugAlpha-100mg,Oncology,Self-Pay,2025-09-03,2025-09-08,5,2025-09-05,2025-09-14,Approved,9,2025-09-24,2025-09-29,26,Resolved,0,,,1,0,1,1,0,11
CASE-01996,PAT-01546,REP-015,DrugAlpha-100mg,Oncology,Medicare,2025-12-15,2025-12-21,6,2025-12-17,2025-12-23,Denied,6,,,,Abandoned,1,Unknown,Post-PA,4,0,,,,
CASE-01997,PAT-00814,REP-012,DrugBeta-50mg,Immunology,Commercial,2026-01-18,2026-01-21,3,2026-01-19,2026-01-30,Denied,11,,,,Abandoned,1,Unknown,During PA,0,0,,,,
CASE-01998,PAT-00611,REP-019,CardioPlus-25mg,Rare Disease,Medicare,2025-08-16,2025-08-17,1,2025-08-22,2025-09-10,Approved,19,2025-09-16,2025-09-20,35,Resolved,0,,,9,1,1,1,0,25
CASE-01999,PAT-00460,REP-019,DrugBeta-50mg,Rare Disease,VA,2025-10-14,2025-10-16,2,2025-10-20,2025-10-23,Approved,3,2025-10-29,2025-11-03,20,Resolved,0,,,5,0,1,1,1,9
CASE-02000,PAT-01262,REP-004,CardioPlus-25mg,Neurology,Commercial,2026-02-07,2026-02-11,4,2026-02-11,2026-02-16,Approved,5,2026-02-21,2026-02-24,17,Resolved,0,,,1,0,1,1,1,9
CASE-02001,PAT-01215,REP-012,CardioPlus-25mg,Oncology,Commercial,2025-12-07,2025-12-08,1,2025-12-12,2025-12-28,Approved,16,2025-12-30,2026-01-04,28,Resolved,0,,,11,0,1,0,1,21
CASE-02002,PAT-00773,REP-020,CardioPlus-25mg,Cardiology,Commercial,2025-08-17,2025-08-20,3,2025-08-18,2025-08-26,Appeal,8,,,,Abandoned,1,Side Effect Concerns,During PA,2,0,,,,
CASE-02003,PAT-01791,REP-019,NeuroX-75mg,Immunology,Medicare,2025-12-08,2025-12-10,2,2025-12-14,2025-12-19,Denied,5,,,,Abandoned,1,Patient Deceased,During PA,4,0,,,,
CASE-02004,PAT-00684,REP-019,CardioPlus-25mg,Oncology,Commercial,2025-09-07,2025-09-09,2,2025-09-14,2025-09-17,Approved,3,,,,Abandoned,1,Cost Concerns,Post-Fulfillment,2,0,,,,
CASE-02005,PAT-00679,REP-021,CardioPlus-25mg,Oncology,Commercial,2026-03-10,2026-03-12,2,2026-03-14,2026-04-03,Approved,20,2026-04-13,2026-04-18,39,Resolved,0,,,8,1,0,0,0,24
CASE-02006,PAT-00776,REP-004,DrugBeta-50mg,Immunology,Medicare,2026-01-23,2026-01-24,1,2026-01-27,2026-02-09,Appeal,13,,,,Open,0,,,3,0,,,,
CASE-02007,PAT-01215,REP-010,CardioPlus-25mg,Oncology,Commercial,2025-11-21,2025-11-26,5,2025-11-26,2025-12-17,Appeal,21,,,,Abandoned,1,Switched Therapy,During PA,4,0,,,,
CASE-02008,PAT-00783,REP-015,NeuroX-75mg,Neurology,Medicaid,2025-07-29,2025-07-30,1,2025-08-05,2025-09-07,Approved,33,2025-09-13,2025-09-17,50,Resolved,0,,,1,0,0,0,0,40
CASE-02009,PAT-00843,REP-019,CardioPlus-25mg,Cardiology,Commercial,2026-03-24,2026-03-25,1,2026-03-30,2026-04-17,Approved,18,2026-04-20,2026-04-24,31,Resolved,0,,,11,1,1,0,0,24
CASE-02010,PAT-01642,REP-015,CardioPlus-25mg,Immunology,Commercial,2025-09-16,2025-09-19,3,2025-09-20,2025-10-10,Approved,20,2025-10-12,2025-10-14,28,Resolved,0,,,5,1,1,1,1,24
CASE-02011,PAT-00838,REP-019,DrugBeta-50mg,Cardiology,Medicare,2026-01-08,2026-01-11,3,2026-01-14,2026-01-22,Approved,8,,,,Abandoned,1,Switched Therapy,Post-Fulfillment,3,0,,,,
CASE-02012,PAT-00249,REP-015,CardioPlus-25mg,Rare Disease,Self-Pay,2025-12-02,2025-12-04,2,2025-12-07,2025-12-10,Denied,3,,,,Open,0,,,5,0,,,,
CASE-02013,PAT-01994,REP-004,NeuroX-75mg,Oncology,Self-Pay,2025-07-26,2025-07-29,3,2025-07-28,2025-08-10,Approved,13,2025-08-18,2025-08-22,27,Resolved,0,,,3,0,1,1,1,15
CASE-02014,PAT-00883,REP-010,CardioPlus-25mg,Oncology,Commercial,2025-07-07,2025-07-11,4,2025-07-13,2025-07-16,Approved,3,,,,Abandoned,1,Unknown,Post-PA,0,0,,,,
CASE-02015,PAT-00568,REP-021,DrugAlpha-100mg,Immunology,Medicare,2026-02-25,2026-03-01,4,2026-03-01,2026-03-27,Approved,26,2026-03-31,2026-04-05,39,Resolved,0,,,10,1,1,1,1,30
CASE-02016,PAT-00630,REP-020,DrugGamma-200mg,Rare Disease,Medicare,2025-10-20,2025-10-22,2,2025-10-21,2025-10-29,Pending,8,,,,In Progress,0,,,7,0,,,,
CASE-02017,PAT-01183,REP-024,DrugBeta-50mg,Oncology,Commercial,2025-07-23,2025-07-24,1,2025-07-27,2025-08-06,Denied,10,,,,Abandoned,1,Patient Lost Contact,During PA,1,0,,,,
CASE-02018,PAT-01838,REP-019,DrugAlpha-100mg,Rare Disease,Self-Pay,2025-10-31,2025-11-02,2,2025-11-01,2025-11-11,Approved,10,2025-11-17,2025-11-19,19,Resolved,0,,,2,1,1,1,1,11
CASE-02019,PAT-01410,REP-021,NeuroX-75mg,Oncology,Commercial,2025-10-31,2025-11-02,2,2025-11-03,2025-11-19,Pending,16,,,,Abandoned,1,Switched Therapy,During PA,2,0,,,,
CASE-02020,PAT-00380,REP-010,CardioPlus-25mg,Cardiology,Medicare,2025-11-18,2025-11-19,1,2025-11-20,2025-12-14,Approved,24,2025-12-23,2025-12-24,36,Resolved,0,,,11,1,1,1,1,26
CASE-02021,PAT-01663,REP-019,NeuroX-75mg,Neurology,Medicare,2025-09-10,2025-09-12,2,2025-09-11,2025-10-05,Approved,24,2025-10-13,2025-10-13,33,Resolved,0,,,2,0,1,1,0,25
CASE-02022,PAT-01783,REP-004,DrugAlpha-100mg,Oncology,VA,2026-01-02,2026-01-03,1,2026-01-05,2026-01-15,Approved,10,2026-01-24,2026-01-25,23,Resolved,0,,,2,0,1,1,1,13
CASE-02023,PAT-00146,REP-015,NeuroX-75mg,Cardiology,Commercial,2026-02-04,2026-02-08,4,2026-02-10,2026-02-17,Approved,7,2026-02-23,2026-02-27,23,Resolved,0,,,7,0,1,1,0,13
CASE-02024,PAT-00103,REP-015,DrugGamma-200mg,Rare Disease,Self-Pay,2025-08-14,2025-08-16,2,2025-08-15,2025-08-27,Approved,12,2025-08-28,2025-08-28,14,Resolved,0,,,8,0,0,0,0,13
CASE-02025,PAT-00942,REP-012,DrugBeta-50mg,Cardiology,Medicare,2025-11-24,2025-11-30,6,2025-11-28,2025-12-14,Approved,16,,,,Abandoned,1,Cost Concerns,Post-PA,3,0,,,,
CASE-02026,PAT-00283,REP-024,CardioPlus-25mg,Oncology,Medicare,2025-09-01,2025-09-03,2,2025-09-07,2025-09-25,Denied,18,,,,Open,0,,,8,0,,,,
CASE-02027,PAT-00991,REP-004,NeuroX-75mg,Neurology,Self-Pay,2026-03-06,2026-03-10,4,2026-03-11,2026-03-16,Approved,5,2026-03-22,2026-03-23,17,Resolved,0,,,5,0,1,1,1,10
CASE-02028,PAT-01226,REP-004,NeuroX-75mg,Neurology,Commercial,2026-02-01,2026-02-04,3,2026-02-02,2026-02-12,Approved,10,2026-02-14,2026-02-14,13,Resolved,0,,,12,0,1,0,0,11
CASE-02029,PAT-00886,REP-019,DrugGamma-200mg,Oncology,Medicaid,2025-09-24,2025-09-25,1,2025-09-27,2025-10-06,Approved,9,2025-10-08,2025-10-09,15,Resolved,0,,,9,0,1,1,1,12
CASE-02030,PAT-01428,REP-012,DrugGamma-200mg,Immunology,Self-Pay,2026-02-22,2026-02-28,6,2026-02-26,2026-03-09,Approved,11,2026-03-11,2026-03-16,22,Resolved,0,,,2,0,1,1,1,15
CASE-02031,PAT-01514,REP-021,DrugBeta-50mg,Cardiology,Commercial,2026-02-25,2026-03-01,4,2026-02-26,2026-03-08,Pending,10,,,,In Progress,0,,,12,0,,,,
CASE-02032,PAT-00879,REP-010,NeuroX-75mg,Immunology,Medicaid,2025-09-09,2025-09-10,1,2025-09-12,2025-10-01,Denied,19,,,,Abandoned,1,Side Effect Concerns,During PA,1,0,,,,
CASE-02033,PAT-01083,REP-015,DrugAlpha-100mg,Cardiology,VA,2025-07-30,2025-08-02,3,2025-08-05,2025-08-12,Approved,7,2025-08-16,2025-08-20,21,Resolved,0,,,11,0,0,0,0,13
CASE-02034,PAT-00533,REP-010,DrugAlpha-100mg,Immunology,Medicare,2025-07-04,2025-07-07,3,2025-07-10,2025-08-05,Approved,26,2025-08-06,2025-08-06,33,Resolved,0,,,6,0,1,1,0,32
CASE-02035,PAT-01618,REP-020,DrugAlpha-100mg,Oncology,Medicaid,2026-01-09,2026-01-10,1,2026-01-11,2026-02-24,Appeal,44,,,,In Progress,0,,,3,0,,,,
CASE-02036,PAT-01406,REP-020,DrugGamma-200mg,Oncology,Self-Pay,2025-11-20,2025-11-21,1,2025-11-26,2025-12-07,Approved,11,2025-12-14,2025-12-19,29,Resolved,0,,,10,0,1,1,1,17
CASE-02037,PAT-01894,REP-015,CardioPlus-25mg,Immunology,Commercial,2026-03-02,2026-03-07,5,2026-03-06,2026-03-14,Pending,8,,,,In Progress,0,,,8,0,,,,
CASE-02038,PAT-01042,REP-012,DrugBeta-50mg,Immunology,Commercial,2026-03-27,2026-03-28,1,2026-04-02,2026-04-10,Approved,8,,,,Abandoned,1,Insurance Delay,Post-Fulfillment,0,0,,,,
CASE-02039,PAT-01869,REP-021,DrugAlpha-100mg,Rare Disease,Commercial,2026-01-05,2026-01-08,3,2026-01-10,2026-01-24,Denied,14,,,,In Progress,0,,,4,0,,,,
CASE-02040,PAT-01791,REP-004,NeuroX-75mg,Immunology,Medicare,2026-04-28,2026-04-29,1,2026-05-02,,Denied,10,,,,Open,0,,,3,0,,,,
CASE-02041,PAT-00117,REP-024,CardioPlus-25mg,Oncology,Self-Pay,2025-11-07,2025-11-09,2,2025-11-09,2025-11-23,Approved,14,2025-11-29,2025-12-04,27,Resolved,0,,,1,0,1,1,1,16
CASE-02042,PAT-01362,REP-021,DrugGamma-200mg,Neurology,Medicaid,2026-01-17,2026-01-21,4,2026-01-22,2026-02-05,Denied,14,,,,Abandoned,1,Switched Therapy,During PA,2,0,,,,
CASE-02043,PAT-01935,REP-010,DrugAlpha-100mg,Cardiology,Medicare,2026-04-22,2026-04-26,4,2026-04-24,2026-04-30,Denied,6,,,,Abandoned,1,Insurance Delay,Post-PA,3,0,,,,
CASE-02044,PAT-01116,REP-024,DrugAlpha-100mg,Rare Disease,Commercial,2025-12-06,2025-12-10,4,2025-12-07,2025-12-26,Approved,19,2026-01-02,2026-01-07,32,Resolved,0,,,2,1,1,1,0,20
CASE-02045,PAT-01004,REP-020,DrugBeta-50mg,Neurology,Medicare,2025-09-07,2025-09-08,1,2025-09-09,2025-10-03,Approved,24,,,,Abandoned,1,Patient Deceased,Post-Fulfillment,2,0,,,,
CASE-02046,PAT-00426,REP-004,DrugBeta-50mg,Rare Disease,Commercial,2025-09-10,2025-09-14,4,2025-09-14,2025-09-24,Pending,10,,,,Open,0,,,9,0,,,,
CASE-02047,PAT-00522,REP-020,DrugGamma-200mg,Rare Disease,Medicare,2026-03-30,2026-04-04,5,2026-04-04,2026-04-22,Appeal,18,,,,Open,0,,,7,0,,,,
CASE-02048,PAT-00679,REP-010,CardioPlus-25mg,Oncology,Commercial,2026-03-29,2026-04-05,7,2026-03-31,2026-04-14,Approved,14,2026-04-21,2026-04-25,27,Resolved,0,,,1,0,1,0,0,16
CASE-02049,PAT-00623,REP-012,CardioPlus-25mg,Oncology,Commercial,2025-09-29,2025-10-02,3,2025-10-05,2025-10-16,Approved,11,2025-10-17,2025-10-21,22,Resolved,0,,,12,0,1,1,0,17
CASE-02050,PAT-01838,REP-021,DrugAlpha-100mg,Rare Disease,Self-Pay,2025-07-03,2025-07-04,1,2025-07-05,2025-07-15,Approved,10,2025-07-25,2025-07-25,22,Resolved,0,,,7,0,1,1,1,12
CASE-02051,PAT-00596,REP-020,DrugBeta-50mg,Cardiology,Commercial,2025-10-07,2025-10-09,2,2025-10-09,2025-10-12,Approved,3,2025-10-13,2025-10-14,7,Resolved,0,,,12,0,1,1,0,5
CASE-02052,PAT-00893,REP-020,NeuroX-75mg,Oncology,Medicare,2025-11-22,2025-11-23,1,2025-11-28,2025-12-07,Denied,9,,,,In Progress,0,,,6,0,,,,
CASE-02053,PAT-00837,REP-010,DrugGamma-200mg,Cardiology,Commercial,2026-03-26,2026-03-28,2,2026-04-01,2026-04-10,Appeal,9,,,,Open,0,,,6,0,,,,
CASE-02054,PAT-01245,REP-004,DrugBeta-50mg,Immunology,Commercial,2025-10-13,2025-10-16,3,2025-10-15,2025-10-21,Approved,6,2025-10-25,2025-10-30,17,Resolved,0,,,4,0,1,1,0,8
CASE-02055,PAT-00684,REP-019,CardioPlus-25mg,Oncology,Commercial,2025-09-11,2025-09-15,4,2025-09-12,2025-09-26,Approved,14,2025-10-05,2025-10-05,24,Resolved,0,,,10,0,1,0,0,15
CASE-02056,PAT-01053,REP-020,DrugGamma-200mg,Neurology,VA,2025-08-03,2025-08-08,5,2025-08-09,2025-08-14,Approved,5,2025-08-20,2025-08-21,18,Resolved,0,,,6,1,1,0,0,11
CASE-02057,PAT-00536,REP-004,CardioPlus-25mg,Neurology,Commercial,2026-03-18,2026-03-21,3,2026-03-21,2026-03-27,Approved,6,2026-03-28,2026-03-30,12,Resolved,0,,,1,1,0,0,0,9
CASE-02058,PAT-01168,REP-010,DrugBeta-50mg,Neurology,Self-Pay,2026-04-10,2026-04-11,1,2026-04-16,2026-04-27,Approved,11,2026-04-30,2026-05-04,24,Resolved,0,,,11,0,1,0,0,17
CASE-02059,PAT-01680,REP-004,DrugAlpha-100mg,Rare Disease,Commercial,2025-11-28,2025-12-01,3,2025-11-30,2025-12-13,Approved,13,2025-12-19,2025-12-23,25,Resolved,0,,,5,1,1,0,0,15
CASE-02060,PAT-00807,REP-024,DrugBeta-50mg,Immunology,Self-Pay,2026-03-20,2026-03-24,4,2026-03-22,2026-03-25,Approved,3,2026-03-29,2026-03-30,10,Resolved,0,,,8,1,1,1,1,5
CASE-02061,PAT-00455,REP-012,DrugBeta-50mg,Rare Disease,Medicaid,2026-01-15,2026-01-20,5,2026-01-22,2026-02-22,Approved,31,2026-03-04,2026-03-08,52,Resolved,0,,,7,0,1,0,0,38
CASE-02062,PAT-01110,REP-012,CardioPlus-25mg,Rare Disease,Self-Pay,2026-01-11,2026-01-17,6,2026-01-13,2026-01-24,Approved,11,2026-02-03,2026-02-03,23,Resolved,0,,,8,0,1,1,1,13
CASE-02063,PAT-00975,REP-012,DrugAlpha-100mg,Oncology,Commercial,2026-03-17,2026-03-21,4,2026-03-24,2026-04-06,Approved,13,2026-04-16,2026-04-20,34,Resolved,0,,,7,0,1,0,0,20
CASE-02064,PAT-01708,REP-012,CardioPlus-25mg,Immunology,Medicare,2025-12-14,2025-12-15,1,2025-12-15,2026-01-08,Approved,24,2026-01-16,2026-01-20,37,Resolved,0,,,5,0,1,1,0,25
CASE-02065,PAT-00196,REP-012,CardioPlus-25mg,Immunology,Medicaid,2025-11-12,2025-11-13,1,2025-11-18,2025-12-15,Denied,27,,,,Open,0,,,8,0,,,,
CASE-02066,PAT-01215,REP-012,CardioPlus-25mg,Oncology,Commercial,2026-02-07,2026-02-13,6,2026-02-14,2026-02-21,Denied,7,,,,Abandoned,1,Unknown,Post-PA,3,0,,,,
CASE-02067,PAT-00553,REP-021,NeuroX-75mg,Immunology,Medicaid,2026-03-27,2026-03-31,4,2026-04-02,2026-04-20,Approved,18,2026-04-24,2026-04-26,30,Resolved,0,,,8,0,1,1,0,24
CASE-02068,PAT-01174,REP-019,CardioPlus-25mg,Oncology,Commercial,2025-12-18,2025-12-19,1,2025-12-23,2026-01-10,Approved,18,2026-01-15,2026-01-16,29,Resolved,0,,,4,0,1,1,0,23
CASE-02069,PAT-01707,REP-004,NeuroX-75mg,Oncology,Self-Pay,2025-07-23,2025-07-27,4,2025-07-29,2025-08-04,Approved,6,2025-08-07,2025-08-08,16,Resolved,0,,,11,0,0,0,1,12
CASE-02070,PAT-01787,REP-021,CardioPlus-25mg,Rare Disease,Medicare,2025-10-24,2025-10-28,4,2025-10-28,2025-11-08,Approved,11,2025-11-13,2025-11-14,21,Resolved,0,,,7,1,1,0,0,15
CASE-02071,PAT-00487,REP-004,DrugBeta-50mg,Immunology,Self-Pay,2026-02-09,2026-02-13,4,2026-02-15,2026-02-27,Approved,12,2026-03-05,2026-03-07,26,Resolved,0,,,8,0,1,0,1,18
CASE-02072,PAT-00977,REP-019,DrugBeta-50mg,Cardiology,Commercial,2026-02-22,2026-02-23,1,2026-02-27,2026-03-19,Approved,20,2026-03-27,2026-03-28,34,Resolved,0,,,1,1,1,1,0,25
CASE-02073,PAT-00993,REP-015,DrugBeta-50mg,Immunology,Commercial,2025-09-25,2025-09-27,2,2025-09-26,2025-10-08,Approved,12,2025-10-15,2025-10-16,21,Resolved,0,,,8,0,1,0,0,13
CASE-02074,PAT-00299,REP-020,DrugBeta-50mg,Oncology,Self-Pay,2025-10-22,2025-10-26,4,2025-10-26,2025-11-02,Denied,7,,,,Abandoned,1,Insurance Delay,Post-PA,3,0,,,,
CASE-02075,PAT-01146,REP-010,DrugBeta-50mg,Rare Disease,Medicare,2026-02-18,2026-02-20,2,2026-02-22,2026-03-21,Approved,27,2026-03-23,2026-03-26,36,Resolved,0,,,12,1,1,1,0,31
CASE-02076,PAT-00230,REP-010,CardioPlus-25mg,Oncology,Commercial,2026-04-05,2026-04-06,1,2026-04-06,2026-04-20,Denied,14,,,,Abandoned,1,Side Effect Concerns,During PA,0,0,,,,
CASE-02077,PAT-00526,REP-021,NeuroX-75mg,Oncology,VA,2026-04-24,2026-04-25,1,2026-04-30,,Approved,11,,,,Abandoned,1,Switched Therapy,Post-Fulfillment,0,0,,,,
CASE-02078,PAT-01945,REP-019,NeuroX-75mg,Oncology,Medicaid,2026-02-04,2026-02-09,5,2026-02-08,2026-03-03,Approved,23,2026-03-06,2026-03-08,32,Resolved,0,,,12,0,1,1,0,27
CASE-02079,PAT-01848,REP-012,CardioPlus-25mg,Cardiology,Medicare,2025-07-29,2025-07-30,1,2025-07-31,2025-08-15,Appeal,15,,,,In Progress,0,,,2,0,,,,
CASE-02080,PAT-00984,REP-020,DrugBeta-50mg,Oncology,Medicaid,2025-10-09,2025-10-10,1,2025-10-13,2025-11-10,Approved,28,2025-11-20,2025-11-25,47,Resolved,0,,,5,1,1,0,0,32
CASE-02081,PAT-00388,REP-021,CardioPlus-25mg,Cardiology,Commercial,2025-11-25,2025-11-26,1,2025-11-27,2025-12-05,Denied,8,,,,In Progress,0,,,5,0,,,,
CASE-02082,PAT-00013,REP-004,DrugGamma-200mg,Neurology,Commercial,2025-11-09,2025-11-12,3,2025-11-16,2025-11-19,Approved,3,2025-11-28,2025-12-01,22,Resolved,0,,,6,0,1,1,1,10
CASE-02083,PAT-00594,REP-010,DrugAlpha-100mg,Rare Disease,Commercial,2025-07-09,2025-07-14,5,2025-07-12,2025-07-22,Denied,10,,,,Open,0,,,7,0,,,,
CASE-02084,PAT-01054,REP-021,CardioPlus-25mg,Oncology,Commercial,2025-09-12,2025-09-14,2,2025-09-17,2025-09-25,Approved,8,2025-09-26,2025-09-30,18,Resolved,0,,,11,0,0,1,1,13
CASE-02085,PAT-01923,REP-010,CardioPlus-25mg,Rare Disease,Commercial,2025-11-19,2025-11-24,5,2025-11-24,2025-12-10,Appeal,16,,,,In Progress,0,,,1,0,,,,
CASE-02086,PAT-01717,REP-020,NeuroX-75mg,Immunology,Medicare,2025-07-05,2025-07-06,1,2025-07-11,2025-08-05,Approved,25,2025-08-07,2025-08-08,34,Resolved,0,,,11,0,1,1,0,31
CASE-02087,PAT-01109,REP-024,CardioPlus-25mg,Rare Disease,Commercial,2025-12-17,2025-12-18,1,2025-12-22,2025-12-31,Appeal,9,,,,In Progress,0,,,12,0,,,,
CASE-02088,PAT-01326,REP-021,DrugBeta-50mg,Immunology,Medicaid,2025-07-08,2025-07-11,3,2025-07-10,2025-07-28,Approved,18,2025-07-30,2025-07-31,23,Resolved,0,,,6,1,0,0,0,20
CASE-02089,PAT-01319,REP-020,CardioPlus-25mg,Immunology,Commercial,2025-09-15,2025-09-19,4,2025-09-21,2025-09-28,Denied,7,,,,Abandoned,1,Insurance Delay,Post-PA,4,0,,,,
CASE-02090,PAT-00595,REP-020,NeuroX-75mg,Immunology,Commercial,2025-10-26,2025-10-30,4,2025-10-29,2025-11-18,Denied,20,,,,Abandoned,1,Side Effect Concerns,Post-PA,1,0,,,,
CASE-02091,PAT-00647,REP-010,DrugBeta-50mg,Immunology,Medicare,2025-09-20,2025-09-21,1,2025-09-21,2025-10-08,Approved,17,2025-10-13,2025-10-16,26,Resolved,0,,,1,0,1,0,0,18
CASE-02092,PAT-01646,REP-010,DrugGamma-200mg,Neurology,Commercial,2025-09-19,2025-09-20,1,2025-09-20,2025-09-27,Approved,7,2025-10-06,2025-10-09,20,Resolved,0,,,8,0,1,1,0,8
CASE-02093,PAT-01544,REP-020,DrugAlpha-100mg,Oncology,Commercial,2025-09-20,2025-09-21,1,2025-09-24,2025-10-15,Approved,21,2025-10-21,2025-10-25,35,Resolved,0,,,3,1,0,0,0,25
CASE-02094,PAT-00708,REP-015,CardioPlus-25mg,Cardiology,Commercial,2026-01-12,2026-01-17,5,2026-01-15,2026-01-31,Denied,16,,,,In Progress,0,,,11,0,,,,
CASE-02095,PAT-01434,REP-004,DrugBeta-50mg,Neurology,VA,2025-11-18,2025-11-21,3,2025-11-23,2025-12-05,Approved,12,2025-12-13,2025-12-18,30,Resolved,0,,,12,0,1,1,0,17
CASE-02096,PAT-01469,REP-021,NeuroX-75mg,Neurology,Commercial,2026-01-29,2026-02-01,3,2026-02-03,2026-02-09,Appeal,6,,,,Abandoned,1,Patient Lost Contact,During PA,3,0,,,,
CASE-02097,PAT-00071,REP-010,CardioPlus-25mg,Neurology,Medicaid,2025-12-17,2025-12-18,1,2025-12-23,2026-01-30,Approved,38,2026-02-06,2026-02-11,56,Resolved,0,,,7,0,1,0,0,44
CASE-02098,PAT-01531,REP-021,DrugGamma-200mg,Rare Disease,Medicare,2025-08-12,2025-08-14,2,2025-08-13,2025-09-03,Approved,21,2025-09-11,2025-09-13,32,Resolved,0,,,3,0,1,0,0,22
CASE-02099,PAT-01981,REP-004,DrugAlpha-100mg,Immunology,Commercial,2026-02-28,2026-03-04,4,2026-03-01,2026-03-17,Denied,16,,,,Abandoned,1,Patient Deceased,During PA,3,0,,,,
CASE-02100,PAT-00986,REP-021,DrugAlpha-100mg,Cardiology,VA,2026-04-25,2026-04-27,2,2026-05-02,,Approved,6,2026-05-17,2026-05-21,26,Resolved,0,,,5,0,0,0,1,13
CASE-02101,PAT-00974,REP-019,NeuroX-75mg,Neurology,Commercial,2026-01-09,2026-01-10,1,2026-01-14,2026-01-18,Approved,4,2026-01-19,2026-01-23,14,Resolved,0,,,4,0,1,0,1,9
CASE-02102,PAT-00513,REP-004,NeuroX-75mg,Cardiology,Commercial,2025-07-23,2025-07-24,1,2025-07-26,2025-07-29,Appeal,3,,,,In Progress,0,,,11,0,,,,
CASE-02103,PAT-00139,REP-015,NeuroX-75mg,Neurology,VA,2025-10-01,2025-10-03,2,2025-10-04,2025-10-10,Appeal,6,,,,Open,0,,,12,0,,,,
CASE-02104,PAT-00015,REP-004,DrugBeta-50mg,Immunology,Commercial,2025-11-25,2025-11-26,1,2025-11-28,2025-12-04,Approved,6,2025-12-10,2025-12-12,17,Resolved,0,,,12,0,1,1,1,9
CASE-02105,PAT-00658,REP-020,NeuroX-75mg,Immunology,Medicaid,2026-01-22,2026-01-23,1,2026-01-28,2026-03-05,Approved,36,2026-03-10,2026-03-11,48,Resolved,0,,,10,0,1,0,0,42
CASE-02106,PAT-01667,REP-012,DrugAlpha-100mg,Neurology,Medicaid,2026-03-28,2026-04-01,4,2026-04-02,,Appeal,30,,,,In Progress,0,,,3,0,,,,
CASE-02107,PAT-01261,REP-004,DrugGamma-200mg,Rare Disease,Medicare,2025-08-13,2025-08-19,6,2025-08-17,2025-09-02,Approved,16,2025-09-10,2025-09-13,31,Resolved,0,,,4,0,1,1,0,20
CASE-02108,PAT-00905,REP-020,CardioPlus-25mg,Neurology,Medicare,2026-02-28,2026-03-05,5,2026-03-02,2026-03-11,Pending,9,,,,Open,0,,,2,0,,,,
CASE-02109,PAT-01090,REP-010,DrugBeta-50mg,Neurology,Self-Pay,2025-12-13,2025-12-19,6,2025-12-20,2025-12-29,Approved,9,2025-12-31,2025-12-31,18,Resolved,0,,,4,0,1,0,0,16
CASE-02110,PAT-01099,REP-024,DrugGamma-200mg,Oncology,Medicaid,2026-01-02,2026-01-05,3,2026-01-07,2026-02-06,Approved,30,,,,Abandoned,1,Switched Therapy,Post-PA,0,0,,,,
CASE-02111,PAT-01385,REP-024,DrugAlpha-100mg,Neurology,Commercial,2025-11-30,2025-12-04,4,2025-12-04,2025-12-15,Approved,11,2025-12-23,2025-12-27,27,Resolved,0,,,3,1,1,0,0,15
CASE-02112,PAT-00277,REP-015,NeuroX-75mg,Neurology,Medicaid,2025-08-11,2025-08-17,6,2025-08-15,2025-09-13,Approved,29,2025-09-16,2025-09-21,41,Resolved,0,,,8,0,1,1,1,33
CASE-02113,PAT-01220,REP-019,DrugGamma-200mg,Neurology,Commercial,2025-09-04,2025-09-09,5,2025-09-11,2025-09-18,Approved,7,2025-09-24,2025-09-27,23,Resolved,0,,,12,0,1,1,1,14
CASE-02114,PAT-00229,REP-004,NeuroX-75mg,Immunology,Commercial,2026-01-13,2026-01-18,5,2026-01-17,2026-01-30,Approved,13,2026-02-07,2026-02-09,27,Resolved,0,,,10,0,1,1,1,17
CASE-02115,PAT-00738,REP-004,CardioPlus-25mg,Cardiology,Medicare,2025-10-27,2025-10-31,4,2025-11-01,2025-11-20,Approved,19,2025-11-30,2025-12-01,35,Resolved,0,,,1,1,1,1,1,24
CASE-02116,PAT-01945,REP-021,NeuroX-75mg,Oncology,Medicaid,2025-12-22,2025-12-23,1,2025-12-28,2026-01-06,Approved,9,2026-01-15,2026-01-16,25,Resolved,0,,,3,0,1,1,1,15
CASE-02117,PAT-01112,REP-004,DrugAlpha-100mg,Oncology,Commercial,2026-02-18,2026-02-19,1,2026-02-19,2026-03-11,Approved,20,2026-03-19,2026-03-19,29,Resolved,0,,,3,0,1,0,0,21
CASE-02118,PAT-00060,REP-019,DrugBeta-50mg,Neurology,Commercial,2025-11-11,2025-11-12,1,2025-11-15,2025-12-02,Approved,17,2025-12-12,2025-12-16,35,Resolved,0,,,9,1,1,0,0,21
CASE-02119,PAT-02000,REP-004,CardioPlus-25mg,Cardiology,Commercial,2026-02-02,2026-02-04,2,2026-02-04,2026-02-16,Denied,12,,,,Open,0,,,2,0,,,,
CASE-02120,PAT-00055,REP-004,NeuroX-75mg,Rare Disease,VA,2026-04-08,2026-04-13,5,2026-04-11,2026-04-25,Pending,14,,,,Open,0,,,3,0,,,,
CASE-02121,PAT-01374,REP-024,DrugBeta-50mg,Immunology,Medicare,2025-09-21,2025-09-22,1,2025-09-23,2025-10-05,Approved,12,2025-10-12,2025-10-16,25,Resolved,0,,,11,0,0,0,0,14
CASE-02122,PAT-01274,REP-021,DrugBeta-50mg,Oncology,Medicare,2025-10-25,2025-10-28,3,2025-10-26,2025-11-12,Approved,17,2025-11-19,2025-11-19,25,Resolved,0,,,10,1,1,1,1,18
CASE-02123,PAT-01083,REP-012,DrugAlpha-100mg,Cardiology,VA,2025-07-14,2025-07-16,2,2025-07-16,2025-07-20,Approved,4,,,,Abandoned,1,Patient Deceased,Post-Fulfillment,0,0,,,,
CASE-02124,PAT-00895,REP-020,DrugGamma-200mg,Immunology,Medicaid,2026-02-04,2026-02-08,4,2026-02-07,2026-03-02,Approved,23,2026-03-11,2026-03-14,38,Resolved,0,,,5,0,1,1,1,26
CASE-02125,PAT-01138,REP-015,NeuroX-75mg,Rare Disease,Commercial,2025-08-03,2025-08-08,5,2025-08-10,2025-08-22,Appeal,12,,,,In Progress,0,,,5,0,,,,
CASE-02126,PAT-00344,REP-010,DrugBeta-50mg,Oncology,Self-Pay,2025-10-17,2025-10-19,2,2025-10-24,2025-11-05,Approved,12,2025-11-10,2025-11-15,29,Resolved,0,,,11,1,0,1,0,19
CASE-02127,PAT-00808,REP-015,DrugAlpha-100mg,Cardiology,Commercial,2026-03-29,2026-03-31,2,2026-03-30,2026-04-05,Approved,6,2026-04-12,2026-04-12,14,Resolved,0,,,9,0,1,1,0,7
CASE-02128,PAT-00566,REP-019,CardioPlus-25mg,Rare Disease,Commercial,2026-04-25,2026-04-30,5,2026-04-27,,Approved,7,2026-05-11,2026-05-13,18,Resolved,0,,,11,1,1,1,1,9
CASE-02129,PAT-00078,REP-020,DrugAlpha-100mg,Rare Disease,Commercial,2025-09-09,2025-09-15,6,2025-09-10,2025-09-21,Denied,11,,,,Abandoned,1,Side Effect Concerns,During PA,2,0,,,,
CASE-02130,PAT-00270,REP-004,CardioPlus-25mg,Rare Disease,Self-Pay,2025-10-18,2025-10-20,2,2025-10-20,2025-10-22,Approved,2,2025-10-24,2025-10-24,6,Resolved,0,,,6,1,1,0,0,4
CASE-02131,PAT-00215,REP-015,DrugBeta-50mg,Cardiology,Commercial,2025-09-03,2025-09-06,3,2025-09-05,2025-09-20,Denied,15,,,,Open,0,,,4,0,,,,
CASE-02132,PAT-00974,REP-019,NeuroX-75mg,Neurology,Commercial,2025-11-23,2025-11-26,3,2025-11-26,2025-12-09,Approved,13,2025-12-10,2025-12-14,21,Resolved,0,,,6,0,1,0,1,16
CASE-02133,PAT-01066,REP-012,NeuroX-75mg,Immunology,VA,2026-03-23,2026-03-24,1,2026-03-29,2026-03-31,Approved,2,,,,Abandoned,1,Patient Deceased,Post-Fulfillment,1,0,,,,
CASE-02134,PAT-01914,REP-024,DrugAlpha-100mg,Rare Disease,Commercial,2026-03-29,2026-03-31,2,2026-04-04,2026-04-14,Approved,10,2026-04-22,2026-04-27,29,Resolved,0,,,5,1,1,0,0,16
CASE-02135,PAT-01040,REP-020,CardioPlus-25mg,Neurology,Medicare,2025-10-13,2025-10-16,3,2025-10-18,2025-11-04,Pending,17,,,,Abandoned,1,Side Effect Concerns,Pre-PA,4,0,,,,
CASE-02136,PAT-01120,REP-012,CardioPlus-25mg,Neurology,Commercial,2025-10-04,2025-10-08,4,2025-10-11,2025-10-19,Approved,8,2025-10-25,2025-10-30,26,Resolved,0,,,3,0,1,1,1,15
CASE-02137,PAT-01444,REP-012,NeuroX-75mg,Cardiology,Medicare,2025-12-09,2025-12-15,6,2025-12-14,2025-12-23,Approved,9,2025-12-24,2025-12-28,19,Resolved,0,,,4,0,1,1,1,14
CASE-02138,PAT-01383,REP-021,CardioPlus-25mg,Rare Disease,Commercial,2026-03-27,2026-04-01,5,2026-03-29,2026-04-10,Approved,12,2026-04-15,2026-04-20,24,Resolved,0,,,7,1,1,1,0,14
CASE-02139,PAT-01599,REP-021,NeuroX-75mg,Oncology,Medicare,2025-10-14,2025-10-15,1,2025-10-21,2025-11-14,Approved,24,2025-11-24,2025-11-28,45,Resolved,0,,,4,1,0,0,1,31
CASE-02140,PAT-01022,REP-020,CardioPlus-25mg,Oncology,Commercial,2025-12-04,2025-12-05,1,2025-12-09,2025-12-29,Approved,20,2026-01-03,2026-01-04,31,Resolved,0,,,3,1,1,0,1,25
CASE-02141,PAT-01537,REP-004,DrugGamma-200mg,Cardiology,Commercial,2025-12-07,2025-12-11,4,2025-12-09,2025-12-12,Appeal,3,,,,In Progress,0,,,9,0,,,,
CASE-02142,PAT-00746,REP-020,CardioPlus-25mg,Immunology,Commercial,2025-12-13,2025-12-14,1,2025-12-17,2025-12-28,Approved,11,2025-12-31,2026-01-05,23,Resolved,0,,,3,1,0,0,0,15
CASE-02143,PAT-01006,REP-021,DrugBeta-50mg,Cardiology,Medicaid,2025-11-22,2025-11-24,2,2025-11-23,2025-12-17,Approved,24,2025-12-23,2025-12-28,36,Resolved,0,,,4,0,0,1,1,25
CASE-02144,PAT-00440,REP-019,NeuroX-75mg,Immunology,Commercial,2025-08-15,2025-08-18,3,2025-08-16,2025-09-03,Approved,18,2025-09-04,2025-09-05,21,Resolved,0,,,10,0,1,0,0,19
CASE-02145,PAT-00788,REP-021,DrugAlpha-100mg,Rare Disease,Medicare,2025-12-15,2025-12-18,3,2025-12-17,2026-01-11,Approved,25,2026-01-20,2026-01-24,40,Resolved,0,,,11,0,0,0,0,27
CASE-02146,PAT-01203,REP-020,NeuroX-75mg,Cardiology,Commercial,2026-04-27,2026-04-30,3,2026-04-30,,Denied,21,,,,Abandoned,1,Insurance Delay,Post-PA,1,0,,,,
CASE-02147,PAT-01339,REP-021,DrugBeta-50mg,Cardiology,Medicaid,2025-12-29,2026-01-05,7,2026-01-02,2026-01-29,Approved,27,2026-02-08,2026-02-08,41,Resolved,0,,,1,0,1,1,1,31
CASE-02148,PAT-01249,REP-010,DrugAlpha-100mg,Neurology,Medicare,2026-03-03,2026-03-05,2,2026-03-08,2026-03-25,Approved,17,,,,Abandoned,1,Cost Concerns,Post-PA,0,0,,,,
CASE-02149,PAT-01200,REP-004,DrugBeta-50mg,Rare Disease,Self-Pay,2026-04-10,2026-04-13,3,2026-04-13,2026-04-24,Denied,11,,,,In Progress,0,,,6,0,,,,
CASE-02150,PAT-00645,REP-004,DrugBeta-50mg,Neurology,Medicaid,2025-07-09,2025-07-10,1,2025-07-16,2025-08-02,Denied,17,,,,In Progress,0,,,6,0,,,,
CASE-02151,PAT-00612,REP-021,DrugGamma-200mg,Cardiology,Medicaid,2025-07-01,2025-07-05,4,2025-07-04,2025-07-12,Denied,8,,,,Abandoned,1,Cost Concerns,Post-PA,3,0,,,,
CASE-02152,PAT-01013,REP-024,DrugAlpha-100mg,Oncology,Medicaid,2025-12-12,2025-12-15,3,2025-12-14,2026-01-11,Approved,28,2026-01-20,2026-01-22,41,Resolved,0,,,9,1,1,1,1,30
CASE-02153,PAT-00182,REP-019,DrugGamma-200mg,Rare Disease,Commercial,2026-04-20,2026-04-23,3,2026-04-24,,Approved,12,2026-05-11,2026-05-14,24,Resolved,0,,,2,1,1,0,0,16
CASE-02154,PAT-01484,REP-019,DrugBeta-50mg,Neurology,Commercial,2026-03-06,2026-03-08,2,2026-03-11,2026-03-30,Approved,19,2026-04-04,2026-04-04,29,Resolved,0,,,4,1,0,1,1,24
CASE-02155,PAT-01796,REP-012,DrugAlpha-100mg,Oncology,Commercial,2026-02-25,2026-03-01,4,2026-03-03,2026-03-23,Approved,20,2026-03-27,2026-04-01,35,Resolved,0,,,9,1,1,1,1,26
CASE-02156,PAT-00732,REP-015,DrugGamma-200mg,Rare Disease,Commercial,2025-07-12,2025-07-14,2,2025-07-13,2025-08-02,Approved,20,2025-08-03,2025-08-03,22,Resolved,0,,,11,0,1,1,0,21
CASE-02157,PAT-01371,REP-015,DrugBeta-50mg,Cardiology,Medicaid,2025-11-14,2025-11-15,1,2025-11-21,2025-12-04,Appeal,13,,,,In Progress,0,,,9,0,,,,
CASE-02158,PAT-01701,REP-021,DrugGamma-200mg,Rare Disease,Medicare,2026-03-04,2026-03-07,3,2026-03-07,2026-03-24,Denied,17,,,,In Progress,0,,,2,0,,,,
CASE-02159,PAT-00336,REP-019,DrugAlpha-100mg,Oncology,Self-Pay,2025-12-31,2026-01-01,1,2026-01-07,2026-01-14,Approved,7,2026-01-24,2026-01-25,25,Resolved,0,,,2,1,1,1,0,14
CASE-02160,PAT-01028,REP-020,NeuroX-75mg,Neurology,Commercial,2025-11-19,2025-11-20,1,2025-11-20,2025-12-01,Approved,11,2025-12-02,2025-12-02,13,Resolved,0,,,4,1,1,1,1,12
CASE-02161,PAT-00650,REP-019,DrugBeta-50mg,Rare Disease,VA,2026-03-06,2026-03-10,4,2026-03-13,2026-03-19,Approved,6,2026-03-29,2026-04-03,28,Resolved,0,,,2,0,1,1,1,13
CASE-02162,PAT-01271,REP-021,CardioPlus-25mg,Neurology,Medicare,2025-10-11,2025-10-12,1,2025-10-16,2025-10-30,Approved,14,2025-11-05,2025-11-06,26,Resolved,0,,,7,1,1,0,0,19
CASE-02163,PAT-00940,REP-024,DrugGamma-200mg,Neurology,Commercial,2025-12-09,2025-12-13,4,2025-12-10,2025-12-13,Approved,3,2025-12-23,2025-12-26,17,Resolved,0,,,7,0,1,0,0,4
CASE-02164,PAT-01762,REP-020,NeuroX-75mg,Oncology,Medicare,2026-03-19,2026-03-22,3,2026-03-21,2026-04-07,Approved,17,2026-04-16,2026-04-17,29,Resolved,0,,,9,0,1,1,1,19
CASE-02165,PAT-01108,REP-012,CardioPlus-25mg,Neurology,Self-Pay,2026-04-02,2026-04-09,7,2026-04-04,2026-04-12,Denied,8,,,,In Progress,0,,,5,0,,,,
CASE-02166,PAT-00884,REP-012,DrugAlpha-100mg,Neurology,Commercial,2026-01-01,2026-01-05,4,2026-01-02,2026-01-22,Approved,20,,,,Abandoned,1,Side Effect Concerns,Post-PA,3,0,,,,
CASE-02167,PAT-01523,REP-019,NeuroX-75mg,Oncology,Commercial,2026-02-19,2026-02-21,2,2026-02-24,2026-03-03,Approved,7,2026-03-09,2026-03-14,23,Resolved,0,,,9,0,1,1,1,12
CASE-02168,PAT-01127,REP-019,NeuroX-75mg,Immunology,Commercial,2025-07-18,2025-07-19,1,2025-07-23,2025-08-02,Denied,10,,,,In Progress,0,,,6,0,,,,
CASE-02169,PAT-01694,REP-010,NeuroX-75mg,Oncology,Commercial,2026-02-22,2026-02-26,4,2026-02-27,2026-03-10,Approved,11,,,,Abandoned,1,Side Effect Concerns,Post-Fulfillment,1,0,,,,
CASE-02170,PAT-00577,REP-012,DrugGamma-200mg,Rare Disease,Commercial,2026-01-27,2026-01-28,1,2026-01-31,2026-02-13,Approved,13,,,,Abandoned,1,Side Effect Concerns,Post-PA,0,0,,,,
CASE-02171,PAT-01496,REP-010,DrugAlpha-100mg,Cardiology,Commercial,2026-03-29,2026-03-30,1,2026-04-05,2026-04-20,Appeal,15,,,,In Progress,0,,,7,0,,,,
CASE-02172,PAT-00580,REP-012,DrugGamma-200mg,Immunology,Commercial,2025-08-04,2025-08-07,3,2025-08-11,2025-08-25,Approved,14,,,,Abandoned,1,Side Effect Concerns,Post-Fulfillment,2,0,,,,
CASE-02173,PAT-00020,REP-010,DrugBeta-50mg,Immunology,Self-Pay,2025-08-09,2025-08-12,3,2025-08-10,2025-08-21,Approved,11,2025-08-24,2025-08-24,15,Resolved,0,,,10,0,1,1,1,12
CASE-02174,PAT-01140,REP-024,NeuroX-75mg,Rare Disease,Self-Pay,2026-04-27,2026-05-02,5,2026-04-29,,Approved,13,2026-05-17,2026-05-19,22,Resolved,0,,,3,0,1,0,0,15
CASE-02175,PAT-01837,REP-012,NeuroX-75mg,Neurology,Commercial,2025-09-16,2025-09-19,3,2025-09-17,2025-09-27,Approved,10,2025-10-01,2025-10-02,16,Resolved,0,,,5,0,1,1,0,11
CASE-02176,PAT-01728,REP-019,DrugAlpha-100mg,Immunology,Commercial,2025-11-14,2025-11-15,1,2025-11-20,2025-12-04,Approved,14,2025-12-09,2025-12-12,28,Resolved,0,,,10,1,1,0,1,20
CASE-02177,PAT-01429,REP-019,NeuroX-75mg,Oncology,Commercial,2025-07-26,2025-08-01,6,2025-08-01,2025-08-19,Denied,18,,,,Abandoned,1,Cost Concerns,Post-PA,3,0,,,,
CASE-02178,PAT-00669,REP-015,DrugGamma-200mg,Cardiology,Medicare,2025-10-06,2025-10-09,3,2025-10-09,2025-10-27,Approved,18,2025-10-31,2025-11-01,26,Resolved,0,,,3,0,1,1,1,21
CASE-02179,PAT-00020,REP-024,DrugBeta-50mg,Immunology,Self-Pay,2025-07-17,2025-07-18,1,2025-07-22,2025-07-25,Approved,3,2025-07-31,2025-08-05,19,Resolved,0,,,9,1,1,1,0,8
CASE-02180,PAT-01037,REP-021,DrugBeta-50mg,Rare Disease,Commercial,2026-04-20,2026-04-23,3,2026-04-23,,Approved,9,2026-05-04,2026-05-07,17,Resolved,0,,,2,0,1,1,1,12
CASE-02181,PAT-00559,REP-024,DrugBeta-50mg,Immunology,Medicare,2025-07-16,2025-07-18,2,2025-07-19,2025-08-14,Approved,26,2025-08-19,2025-08-21,36,Resolved,0,,,3,1,1,0,0,29
CASE-02182,PAT-01933,REP-020,CardioPlus-25mg,Rare Disease,Commercial,2026-01-24,2026-01-26,2,2026-01-30,2026-02-16,Approved,17,,,,Abandoned,1,Patient Lost Contact,Post-PA,0,0,,,,
CASE-02183,PAT-00925,REP-019,DrugBeta-50mg,Neurology,Commercial,2025-12-05,2025-12-09,4,2025-12-06,2025-12-13,Approved,7,2025-12-14,2025-12-16,11,Resolved,0,,,2,0,1,1,0,8
CASE-02184,PAT-00696,REP-015,DrugBeta-50mg,Immunology,Medicare,2025-08-25,2025-08-26,1,2025-08-31,2025-09-10,Approved,10,2025-09-11,2025-09-11,17,Resolved,0,,,2,0,1,1,1,16
CASE-02185,PAT-01325,REP-021,CardioPlus-25mg,Oncology,Medicaid,2025-11-22,2025-11-26,4,2025-11-23,2025-12-11,Approved,18,2025-12-20,2025-12-20,28,Resolved,0,,,10,1,1,0,0,19
CASE-02186,PAT-00691,REP-015,CardioPlus-25mg,Cardiology,Commercial,2025-11-13,2025-11-18,5,2025-11-20,2025-12-06,Approved,16,2025-12-09,2025-12-14,31,Resolved,0,,,9,0,1,1,0,23
CASE-02187,PAT-00094,REP-012,DrugBeta-50mg,Immunology,Medicaid,2025-10-24,2025-10-25,1,2025-10-25,2025-11-03,Pending,9,,,,Open,0,,,12,0,,,,
CASE-02188,PAT-00424,REP-004,DrugAlpha-100mg,Oncology,Medicare,2025-08-20,2025-08-21,1,2025-08-22,2025-09-13,Approved,22,2025-09-14,2025-09-16,27,Resolved,0,,,7,0,1,0,0,24
CASE-02189,PAT-01535,REP-024,DrugGamma-200mg,Rare Disease,Commercial,2026-04-30,2026-05-02,2,2026-05-02,,Denied,8,,,,Open,0,,,12,0,,,,
CASE-02190,PAT-01742,REP-020,NeuroX-75mg,Neurology,Medicare,2025-11-28,2025-12-02,4,2025-11-30,2025-12-29,Approved,29,2026-01-05,2026-01-08,41,Resolved,0,,,12,0,1,1,1,31
CASE-02191,PAT-01429,REP-004,NeuroX-75mg,Oncology,Commercial,2025-09-14,2025-09-16,2,2025-09-20,2025-09-29,Appeal,9,,,,In Progress,0,,,10,0,,,,
CASE-02192,PAT-01027,REP-012,DrugGamma-200mg,Cardiology,Commercial,2025-09-25,2025-09-28,3,2025-09-28,2025-10-19,Appeal,21,,,,Abandoned,1,Switched Therapy,During PA,1,0,,,,
CASE-02193,PAT-00973,REP-010,NeuroX-75mg,Neurology,Commercial,2025-11-20,2025-11-23,3,2025-11-22,2025-12-09,Appeal,17,,,,Open,0,,,11,0,,,,
CASE-02194,PAT-01072,REP-019,DrugAlpha-100mg,Neurology,Medicaid,2025-10-25,2025-10-29,4,2025-10-28,2025-11-25,Approved,28,2025-12-03,2025-12-06,42,Resolved,0,,,4,1,1,0,0,31
CASE-02195,PAT-00310,REP-024,NeuroX-75mg,Cardiology,Medicaid,2025-09-05,2025-09-08,3,2025-09-10,2025-10-08,Appeal,28,,,,Abandoned,1,Patient Lost Contact,During PA,1,0,,,,
CASE-02196,PAT-01736,REP-019,DrugBeta-50mg,Neurology,Medicare,2026-01-02,2026-01-03,1,2026-01-07,2026-01-17,Approved,10,2026-01-20,2026-01-25,23,Resolved,0,,,2,0,1,0,1,15
CASE-02197,PAT-01657,REP-015,NeuroX-75mg,Cardiology,Self-Pay,2026-03-16,2026-03-17,1,2026-03-21,2026-03-31,Denied,10,,,,Abandoned,1,Insurance Delay,Post-PA,4,0,,,,
CASE-02198,PAT-01600,REP-019,DrugGamma-200mg,Neurology,Commercial,2025-12-17,2025-12-22,5,2025-12-20,2025-12-24,Approved,4,2025-12-27,2025-12-28,11,Resolved,0,,,11,1,1,0,1,7
CASE-02199,PAT-01142,REP-010,NeuroX-75mg,Immunology,Commercial,2025-07-28,2025-07-31,3,2025-08-02,2025-08-18,Approved,16,2025-08-20,2025-08-25,28,Resolved,0,,,2,0,1,1,1,21
CASE-02200,PAT-00093,REP-020,CardioPlus-25mg,Rare Disease,Commercial,2025-08-07,2025-08-10,3,2025-08-13,2025-08-21,Approved,8,2025-08-28,2025-09-01,25,Resolved,0,,,6,1,1,1,1,14
CASE-02201,PAT-00948,REP-015,DrugAlpha-100mg,Rare Disease,Medicaid,2026-01-25,2026-01-29,4,2026-01-27,2026-02-16,Approved,20,2026-02-17,2026-02-17,23,Resolved,0,,,9,1,1,1,0,22
CASE-02202,PAT-00663,REP-015,NeuroX-75mg,Immunology,Commercial,2026-04-24,2026-04-30,6,2026-04-30,,Approved,10,2026-05-12,2026-05-13,19,Resolved,0,,,3,0,1,1,0,16
CASE-02203,PAT-01660,REP-010,NeuroX-75mg,Cardiology,Medicaid,2025-11-02,2025-11-04,2,2025-11-04,2025-12-13,Denied,39,,,,Abandoned,1,Unknown,Post-PA,1,0,,,,
CASE-02204,PAT-01470,REP-012,DrugAlpha-100mg,Rare Disease,VA,2026-03-22,2026-03-25,3,2026-03-29,2026-04-02,Approved,4,2026-04-10,2026-04-15,24,Resolved,0,,,1,1,1,0,1,11
CASE-02205,PAT-00270,REP-020,CardioPlus-25mg,Rare Disease,Self-Pay,2026-01-05,2026-01-07,2,2026-01-12,2026-01-14,Approved,2,2026-01-21,2026-01-26,21,Resolved,0,,,2,1,1,0,0,9
CASE-02206,PAT-01865,REP-004,DrugAlpha-100mg,Rare Disease,Commercial,2025-09-15,2025-09-21,6,2025-09-19,2025-10-09,Approved,20,2025-10-19,2025-10-19,34,Resolved,0,,,4,0,1,1,0,24
CASE-02207,PAT-00679,REP-012,CardioPlus-25mg,Oncology,Commercial,2025-11-22,2025-11-26,4,2025-11-26,2025-12-03,Approved,7,2025-12-10,2025-12-11,19,Resolved,0,,,6,1,1,1,1,11
CASE-02208,PAT-01949,REP-012,CardioPlus-25mg,Cardiology,Medicare,2026-01-12,2026-01-14,2,2026-01-16,2026-01-26,Denied,10,,,,Abandoned,1,Patient Lost Contact,During PA,4,0,,,,
CASE-02209,PAT-01391,REP-021,CardioPlus-25mg,Oncology,Medicare,2025-11-16,2025-11-17,1,2025-11-23,2025-12-22,Approved,29,,,,Abandoned,1,Unknown,Post-PA,4,0,,,,
CASE-02210,PAT-01679,REP-015,DrugBeta-50mg,Neurology,Medicaid,2025-08-30,2025-09-01,2,2025-09-03,2025-09-27,Approved,24,2025-09-30,2025-10-05,36,Resolved,0,,,7,0,1,1,1,28
CASE-02211,PAT-00614,REP-010,DrugGamma-200mg,Oncology,Self-Pay,2026-01-29,2026-02-01,3,2026-02-04,2026-02-17,Approved,13,,,,Abandoned,1,Insurance Delay,Post-PA,3,0,,,,
CASE-02212,PAT-01548,REP-010,DrugBeta-50mg,Immunology,Medicaid,2026-03-18,2026-03-20,2,2026-03-25,2026-04-03,Approved,9,2026-04-05,2026-04-08,21,Resolved,0,,,1,0,1,0,1,16
CASE-02213,PAT-00506,REP-024,DrugBeta-50mg,Rare Disease,Medicare,2026-04-04,2026-04-08,4,2026-04-09,2026-04-28,Approved,19,2026-04-29,2026-05-01,27,Resolved,0,,,1,0,0,0,0,24
CASE-02214,PAT-01022,REP-015,CardioPlus-25mg,Oncology,Commercial,2026-03-04,2026-03-05,1,2026-03-05,2026-03-23,Approved,18,2026-04-02,2026-04-03,30,Resolved,0,,,4,1,1,1,1,19
CASE-02215,PAT-00154,REP-015,NeuroX-75mg,Neurology,Commercial,2025-11-01,2025-11-02,1,2025-11-03,2025-11-13,Approved,10,2025-11-23,2025-11-28,27,Resolved,0,,,12,0,1,0,1,12
CASE-02216,PAT-01847,REP-019,DrugAlpha-100mg,Immunology,Medicare,2025-10-18,2025-10-21,3,2025-10-21,2025-11-18,Denied,28,,,,Abandoned,1,Patient Lost Contact,During PA,1,0,,,,
CASE-02217,PAT-00699,REP-024,DrugBeta-50mg,Immunology,Commercial,2026-02-09,2026-02-15,6,2026-02-10,2026-03-01,Appeal,19,,,,Open,0,,,11,0,,,,
CASE-02218,PAT-00155,REP-021,DrugBeta-50mg,Immunology,Commercial,2026-04-17,2026-04-19,2,2026-04-20,2026-04-25,Appeal,5,,,,In Progress,0,,,8,0,,,,
CASE-02219,PAT-00073,REP-015,DrugGamma-200mg,Neurology,Medicare,2025-09-16,2025-09-20,4,2025-09-22,2025-09-28,Denied,6,,,,Open,0,,,6,0,,,,
CASE-02220,PAT-01789,REP-021,DrugAlpha-100mg,Immunology,Medicare,2026-01-31,2026-02-01,1,2026-02-01,2026-02-16,Approved,15,2026-02-20,2026-02-22,22,Resolved,0,,,10,0,1,1,1,16
CASE-02221,PAT-00069,REP-024,CardioPlus-25mg,Cardiology,Commercial,2026-04-06,2026-04-09,3,2026-04-12,,Denied,19,,,,Abandoned,1,Cost Concerns,During PA,2,0,,,,
CASE-02222,PAT-01559,REP-010,NeuroX-75mg,Neurology,Medicaid,2026-04-28,2026-04-29,1,2026-05-03,,Approved,44,2026-06-19,2026-06-21,54,Resolved,0,,,6,1,1,1,0,49
CASE-02223,PAT-00626,REP-004,DrugAlpha-100mg,Oncology,Medicare,2025-09-14,2025-09-19,5,2025-09-17,2025-10-12,Approved,25,2025-10-15,2025-10-17,33,Resolved,0,,,7,1,0,1,1,28
CASE-02224,PAT-01314,REP-019,DrugBeta-50mg,Neurology,Commercial,2026-02-10,2026-02-12,2,2026-02-13,2026-02-26,Approved,13,2026-03-07,2026-03-12,30,Resolved,0,,,8,0,0,1,1,16
CASE-02225,PAT-01158,REP-012,CardioPlus-25mg,Immunology,Commercial,2026-02-14,2026-02-17,3,2026-02-15,2026-02-21,Approved,6,,,,Abandoned,1,Insurance Delay,Post-Fulfillment,3,0,,,,
CASE-02226,PAT-00949,REP-015,NeuroX-75mg,Oncology,Commercial,2025-11-28,2025-12-01,3,2025-12-05,2025-12-23,Approved,18,2025-12-28,2025-12-31,33,Resolved,0,,,3,1,1,0,0,25
CASE-02227,PAT-00532,REP-015,DrugAlpha-100mg,Immunology,Self-Pay,2026-04-23,2026-04-25,2,2026-04-28,,Approved,6,2026-05-05,2026-05-06,13,Resolved,0,,,2,0,1,0,0,11
CASE-02228,PAT-00276,REP-012,DrugBeta-50mg,Cardiology,Medicare,2025-09-13,2025-09-19,6,2025-09-15,2025-10-12,Appeal,27,,,,In Progress,0,,,11,0,,,,
CASE-02229,PAT-01644,REP-015,NeuroX-75mg,Rare Disease,Medicaid,2025-08-26,2025-08-30,4,2025-08-29,2025-10-08,Approved,40,2025-10-09,2025-10-13,48,Resolved,0,,,12,1,1,1,0,43
CASE-02230,PAT-00326,REP-015,NeuroX-75mg,Oncology,Commercial,2026-02-07,2026-02-09,2,2026-02-08,2026-02-24,Approved,16,2026-03-02,2026-03-02,23,Resolved,0,,,8,0,1,1,1,17
CASE-02231,PAT-00313,REP-010,DrugAlpha-100mg,Immunology,Medicare,2026-02-23,2026-02-24,1,2026-02-24,2026-03-25,Approved,29,2026-03-26,2026-03-27,32,Resolved,0,,,9,0,1,1,1,30
CASE-02232,PAT-01383,REP-021,CardioPlus-25mg,Rare Disease,Commercial,2026-04-01,2026-04-03,2,2026-04-02,2026-04-15,Denied,13,,,,Abandoned,1,Patient Lost Contact,Post-PA,3,0,,,,
CASE-02233,PAT-01911,REP-021,DrugAlpha-100mg,Rare Disease,Commercial,2025-12-01,2025-12-03,2,2025-12-03,2025-12-15,Approved,12,2025-12-24,2025-12-29,28,Resolved,0,,,3,0,0,0,0,14
CASE-02234,PAT-01567,REP-004,CardioPlus-25mg,Immunology,Medicare,2026-04-28,2026-05-04,6,2026-05-03,,Approved,21,2026-05-31,2026-06-03,36,Resolved,0,,,1,0,0,0,0,26
CASE-02235,PAT-01498,REP-019,DrugGamma-200mg,Oncology,Medicare,2026-04-14,2026-04-15,1,2026-04-16,2026-04-26,Approved,10,,,,Abandoned,1,Insurance Delay,Post-PA,3,0,,,,
CASE-02236,PAT-00419,REP-019,DrugAlpha-100mg,Cardiology,Commercial,2026-01-05,2026-01-08,3,2026-01-06,2026-01-15,Approved,9,2026-01-17,2026-01-22,17,Resolved,0,,,9,0,1,1,1,10
CASE-02237,PAT-00154,REP-020,NeuroX-75mg,Neurology,Commercial,2026-03-11,2026-03-13,2,2026-03-14,2026-03-17,Approved,3,2026-03-26,2026-03-31,20,Resolved,0,,,12,0,1,1,1,6
CASE-02238,PAT-01693,REP-020,CardioPlus-25mg,Neurology,Commercial,2026-03-15,2026-03-19,4,2026-03-18,2026-04-03,Approved,16,2026-04-06,2026-04-11,27,Resolved,0,,,1,0,1,0,0,19
CASE-02239,PAT-01788,REP-004,CardioPlus-25mg,Neurology,Commercial,2025-12-03,2025-12-05,2,2025-12-07,2025-12-17,Appeal,10,,,,Open,0,,,3,0,,,,
CASE-02240,PAT-01641,REP-004,DrugBeta-50mg,Cardiology,Medicaid,2026-04-03,2026-04-05,2,2026-04-07,,Approved,35,2026-05-13,2026-05-17,44,Resolved,0,,,2,0,0,1,1,39
CASE-02241,PAT-00822,REP-020,DrugBeta-50mg,Neurology,Medicare,2025-09-01,2025-09-02,1,2025-09-03,2025-09-29,Approved,26,2025-10-03,2025-10-03,32,Resolved,0,,,3,1,1,1,1,28
CASE-02242,PAT-00280,REP-019,CardioPlus-25mg,Immunology,Medicare,2025-08-28,2025-09-04,7,2025-08-30,2025-09-07,Denied,8,,,,Abandoned,1,Unknown,Post-PA,0,0,,,,
CASE-02243,PAT-01052,REP-019,NeuroX-75mg,Immunology,Medicare,2026-03-28,2026-03-29,1,2026-04-04,,Approved,27,2026-05-02,2026-05-07,40,Resolved,0,,,1,0,1,1,1,34
CASE-02244,PAT-01605,REP-021,DrugBeta-50mg,Neurology,Commercial,2026-04-04,2026-04-08,4,2026-04-07,2026-04-21,Appeal,14,,,,Abandoned,1,Patient Lost Contact,During PA,4,0,,,,
CASE-02245,PAT-00932,REP-020,DrugBeta-50mg,Rare Disease,Commercial,2025-07-05,2025-07-12,7,2025-07-10,2025-07-28,Approved,18,2025-07-29,2025-07-29,24,Resolved,0,,,8,0,1,1,1,23
CASE-02246,PAT-01501,REP-024,DrugBeta-50mg,Rare Disease,Medicare,2025-11-07,2025-11-08,1,2025-11-08,2025-11-13,Appeal,5,,,,In Progress,0,,,3,0,,,,
CASE-02247,PAT-00622,REP-021,DrugBeta-50mg,Oncology,Commercial,2025-09-26,2025-10-01,5,2025-09-27,2025-10-09,Approved,12,2025-10-11,2025-10-11,15,Resolved,0,,,12,1,1,1,1,13
CASE-02248,PAT-01010,REP-019,DrugAlpha-100mg,Rare Disease,Medicare,2026-01-15,2026-01-20,5,2026-01-22,2026-02-02,Approved,11,2026-02-12,2026-02-17,33,Resolved,0,,,3,0,1,0,0,18
CASE-02249,PAT-00037,REP-004,DrugGamma-200mg,Neurology,Medicare,2025-07-01,2025-07-05,4,2025-07-03,2025-07-22,Approved,19,2025-07-28,2025-07-29,28,Resolved,0,,,6,1,1,1,0,21
CASE-02250,PAT-00688,REP-020,DrugGamma-200mg,Cardiology,Medicaid,2025-08-31,2025-09-03,3,2025-09-06,2025-09-26,Denied,20,,,,Abandoned,1,Cost Concerns,During PA,2,0,,,,
CASE-02251,PAT-00009,REP-010,DrugAlpha-100mg,Immunology,Commercial,2025-07-23,2025-07-29,6,2025-07-27,2025-08-06,Denied,10,,,,Abandoned,1,Insurance Delay,Post-PA,0,0,,,,
CASE-02252,PAT-00069,REP-012,CardioPlus-25mg,Cardiology,Commercial,2025-07-09,2025-07-13,4,2025-07-12,2025-07-26,Denied,14,,,,Open,0,,,12,0,,,,
CASE-02253,PAT-01666,REP-015,NeuroX-75mg,Neurology,Self-Pay,2026-03-19,2026-03-21,2,2026-03-21,2026-04-02,Approved,12,2026-04-03,2026-04-08,20,Resolved,0,,,8,0,1,1,0,14
CASE-02254,PAT-01405,REP-024,CardioPlus-25mg,Cardiology,Medicaid,2026-02-26,2026-03-03,5,2026-03-02,2026-03-20,Approved,18,2026-03-29,2026-03-31,33,Resolved,0,,,7,1,0,0,0,22
CASE-02255,PAT-00075,REP-019,DrugBeta-50mg,Cardiology,Commercial,2025-08-25,2025-08-26,1,2025-08-28,2025-09-13,Denied,16,,,,Open,0,,,4,0,,,,
CASE-02256,PAT-00518,REP-012,NeuroX-75mg,Neurology,Commercial,2026-01-18,2026-01-21,3,2026-01-20,2026-02-07,Approved,18,2026-02-08,2026-02-13,26,Resolved,0,,,8,0,0,1,1,20
CASE-02257,PAT-00709,REP-020,DrugGamma-200mg,Cardiology,Self-Pay,2025-11-07,2025-11-08,1,2025-11-11,2025-11-22,Approved,11,2025-12-02,2025-12-05,28,Resolved,0,,,7,0,1,1,0,15
CASE-02258,PAT-00080,REP-019,NeuroX-75mg,Cardiology,Self-Pay,2026-01-15,2026-01-19,4,2026-01-18,2026-01-21,Approved,3,2026-01-27,2026-01-27,12,Resolved,0,,,5,1,1,1,1,6
CASE-02259,PAT-01670,REP-021,DrugAlpha-100mg,Immunology,Commercial,2026-02-09,2026-02-10,1,2026-02-13,2026-02-16,Appeal,3,,,,Abandoned,1,Side Effect Concerns,During PA,3,0,,,,
CASE-02260,PAT-00288,REP-020,NeuroX-75mg,Neurology,Commercial,2026-03-22,2026-03-23,1,2026-03-27,2026-04-12,Approved,16,2026-04-17,2026-04-17,26,Resolved,0,,,12,0,1,1,1,21
CASE-02261,PAT-01471,REP-019,NeuroX-75mg,Immunology,Self-Pay,2026-04-14,2026-04-15,1,2026-04-15,2026-04-28,Approved,13,2026-05-02,2026-05-02,18,Resolved,0,,,9,0,1,1,1,14
CASE-02262,PAT-01997,REP-021,DrugAlpha-100mg,Cardiology,Medicaid,2025-09-29,2025-09-30,1,2025-09-30,2025-10-15,Denied,15,,,,Open,0,,,1,0,,,,
CASE-02263,PAT-01472,REP-021,NeuroX-75mg,Rare Disease,Commercial,2026-04-18,2026-04-21,3,2026-04-25,,Denied,11,,,,Abandoned,1,Unknown,Post-PA,4,0,,,,
CASE-02264,PAT-01097,REP-010,DrugAlpha-100mg,Cardiology,Medicaid,2026-02-26,2026-03-02,4,2026-03-05,2026-04-19,Approved,45,2026-04-26,2026-05-01,64,Resolved,0,,,3,0,1,0,1,52
CASE-02265,PAT-00252,REP-020,CardioPlus-25mg,Neurology,Commercial,2025-10-26,2025-10-31,5,2025-10-29,2025-11-19,Denied,21,,,,Abandoned,1,Unknown,During PA,3,0,,,,
CASE-02266,PAT-00800,REP-021,CardioPlus-25mg,Cardiology,Commercial,2025-08-31,2025-09-07,7,2025-09-04,2025-09-19,Approved,15,2025-09-21,2025-09-22,22,Resolved,0,,,2,1,1,1,0,19
CASE-02267,PAT-00659,REP-004,DrugBeta-50mg,Cardiology,VA,2025-11-29,2025-11-30,1,2025-12-05,2025-12-11,Approved,6,2025-12-18,2025-12-19,20,Resolved,0,,,11,0,1,0,1,12
CASE-02268,PAT-00034,REP-015,DrugGamma-200mg,Rare Disease,Medicaid,2025-07-18,2025-07-21,3,2025-07-20,2025-08-20,Approved,31,2025-08-30,2025-08-31,44,Resolved,0,,,5,0,1,1,1,33
CASE-02269,PAT-00640,REP-004,DrugAlpha-100mg,Neurology,Commercial,2025-07-22,2025-07-26,4,2025-07-28,2025-08-12,Appeal,15,,,,In Progress,0,,,4,0,,,,
CASE-02270,PAT-00908,REP-010,DrugGamma-200mg,Oncology,Commercial,2025-11-02,2025-11-03,1,2025-11-08,2025-11-26,Approved,18,2025-12-04,2025-12-08,36,Resolved,0,,,6,0,1,0,0,24
CASE-02271,PAT-00611,REP-012,CardioPlus-25mg,Rare Disease,Medicare,2026-04-22,2026-04-25,3,2026-04-27,,Approved,16,2026-05-23,2026-05-27,35,Resolved,0,,,6,0,1,0,0,21
CASE-02272,PAT-01758,REP-015,DrugAlpha-100mg,Oncology,Medicare,2026-01-18,2026-01-25,7,2026-01-19,2026-01-25,Denied,6,,,,In Progress,0,,,5,0,,,,
CASE-02273,PAT-01291,REP-010,DrugAlpha-100mg,Neurology,Self-Pay,2025-10-12,2025-10-14,2,2025-10-19,2025-10-23,Approved,4,2025-11-02,2025-11-07,26,Resolved,0,,,6,1,1,1,1,11
CASE-02274,PAT-01984,REP-004,CardioPlus-25mg,Neurology,Commercial,2025-07-14,2025-07-15,1,2025-07-18,2025-08-08,Approved,21,2025-08-09,2025-08-12,29,Resolved,0,,,10,0,1,1,0,25
CASE-02275,PAT-00776,REP-024,DrugBeta-50mg,Immunology,Medicare,2025-08-30,2025-09-03,4,2025-09-05,2025-10-05,Approved,30,2025-10-11,2025-10-11,42,Resolved,0,,,5,0,1,1,1,36
CASE-02276,PAT-00729,REP-024,DrugAlpha-100mg,Cardiology,VA,2025-10-25,2025-11-01,7,2025-11-01,2025-11-05,Approved,4,,,,Abandoned,1,Unknown,Post-PA,4,0,,,,
CASE-02277,PAT-00148,REP-012,DrugBeta-50mg,Oncology,Commercial,2025-12-30,2026-01-02,3,2026-01-02,2026-01-11,Approved,9,2026-01-18,2026-01-19,20,Resolved,0,,,9,0,1,0,0,12
CASE-02278,PAT-01890,REP-021,CardioPlus-25mg,Rare Disease,Commercial,2025-08-21,2025-08-22,1,2025-08-22,2025-09-02,Pending,11,,,,In Progress,0,,,6,0,,,,
CASE-02279,PAT-01438,REP-024,DrugAlpha-100mg,Rare Disease,Commercial,2026-03-17,2026-03-21,4,2026-03-18,2026-03-25,Approved,7,,,,Abandoned,1,Patient Deceased,Post-PA,4,0,,,,
CASE-02280,PAT-01024,REP-019,NeuroX-75mg,Rare Disease,Medicare,2025-10-20,2025-10-21,1,2025-10-22,2025-11-13,Denied,22,,,,Open,0,,,7,0,,,,
CASE-02281,PAT-01455,REP-019,CardioPlus-25mg,Rare Disease,Commercial,2026-04-25,2026-04-28,3,2026-05-02,,Appeal,20,,,,In Progress,0,,,6,0,,,,
CASE-02282,PAT-01284,REP-012,DrugBeta-50mg,Oncology,Commercial,2025-07-04,2025-07-08,4,2025-07-07,2025-07-22,Approved,15,2025-07-26,2025-07-29,25,Resolved,0,,,8,0,1,0,0,18
CASE-02283,PAT-01740,REP-015,DrugGamma-200mg,Oncology,Commercial,2025-08-21,2025-08-26,5,2025-08-28,2025-09-05,Approved,8,2025-09-09,2025-09-11,21,Resolved,0,,,12,0,1,1,0,15
CASE-02284,PAT-01170,REP-024,NeuroX-75mg,Neurology,VA,2025-10-16,2025-10-21,5,2025-10-23,2025-11-06,Approved,14,2025-11-15,2025-11-18,33,Resolved,0,,,3,0,1,1,1,21
CASE-02285,PAT-01283,REP-004,DrugAlpha-100mg,Neurology,Medicaid,2026-02-19,2026-02-20,1,2026-02-25,2026-04-02,Approved,36,2026-04-06,2026-04-11,51,Resolved,0,,,9,0,1,1,1,42
CASE-02286,PAT-01710,REP-010,DrugBeta-50mg,Cardiology,Self-Pay,2025-10-07,2025-10-12,5,2025-10-11,2025-10-21,Pending,10,,,,In Progress,0,,,11,0,,,,
CASE-02287,PAT-01169,REP-021,NeuroX-75mg,Rare Disease,Medicare,2026-01-09,2026-01-11,2,2026-01-10,2026-01-18,Pending,8,,,,In Progress,0,,,3,0,,,,
CASE-02288,PAT-01506,REP-020,NeuroX-75mg,Cardiology,Medicaid,2025-10-04,2025-10-06,2,2025-10-08,2025-11-12,Appeal,35,,,,Abandoned,1,Unknown,During PA,1,0,,,,
CASE-02289,PAT-01760,REP-015,CardioPlus-25mg,Neurology,Commercial,2025-07-24,2025-07-27,3,2025-07-30,2025-08-10,Pending,11,,,,Abandoned,1,Switched Therapy,Pre-PA,1,0,,,,
CASE-02290,PAT-01634,REP-019,DrugBeta-50mg,Rare Disease,Medicare,2026-04-16,2026-04-21,5,2026-04-20,,Approved,24,2026-05-21,2026-05-24,38,Resolved,0,,,3,1,0,0,0,28
CASE-02291,PAT-00541,REP-010,DrugBeta-50mg,Cardiology,Medicare,2026-01-16,2026-01-17,1,2026-01-17,2026-01-28,Denied,11,,,,Open,0,,,11,0,,,,
CASE-02292,PAT-01170,REP-015,NeuroX-75mg,Neurology,VA,2025-10-10,2025-10-13,3,2025-10-16,2025-10-22,Approved,6,,,,Abandoned,1,Patient Deceased,Post-PA,4,0,,,,
CASE-02293,PAT-01703,REP-015,NeuroX-75mg,Cardiology,Commercial,2026-04-09,2026-04-11,2,2026-04-14,2026-04-28,Appeal,14,,,,In Progress,0,,,6,0,,,,
CASE-02294,PAT-01569,REP-019,NeuroX-75mg,Oncology,Medicaid,2025-12-02,2025-12-05,3,2025-12-08,2025-12-21,Denied,13,,,,Abandoned,1,Patient Lost Contact,During PA,1,0,,,,
CASE-02295,PAT-01734,REP-012,CardioPlus-25mg,Immunology,Self-Pay,2025-08-25,2025-08-27,2,2025-08-29,2025-09-01,Approved,3,2025-09-03,2025-09-06,12,Resolved,0,,,5,0,1,1,1,7
CASE-02296,PAT-01624,REP-010,CardioPlus-25mg,Oncology,Commercial,2026-04-08,2026-04-14,6,2026-04-09,2026-04-15,Approved,6,2026-04-20,2026-04-23,15,Resolved,0,,,6,0,1,1,1,7
CASE-02297,PAT-01261,REP-024,DrugGamma-200mg,Rare Disease,Medicare,2026-03-24,2026-03-30,6,2026-03-31,2026-04-08,Appeal,8,,,,Open,0,,,12,0,,,,
CASE-02298,PAT-00152,REP-015,NeuroX-75mg,Neurology,Commercial,2026-04-24,2026-04-26,2,2026-04-26,,Denied,19,,,,Open,0,,,11,0,,,,
CASE-02299,PAT-01044,REP-021,CardioPlus-25mg,Oncology,Self-Pay,2025-09-05,2025-09-09,4,2025-09-08,2025-09-11,Approved,3,2025-09-18,2025-09-20,15,Resolved,0,,,2,0,1,1,1,6
CASE-02300,PAT-01916,REP-020,DrugAlpha-100mg,Neurology,Medicare,2025-11-24,2025-11-25,1,2025-11-26,2025-12-07,Approved,11,,,,Abandoned,1,Insurance Delay,Post-Fulfillment,0,0,,,,
CASE-02301,PAT-00497,REP-020,DrugAlpha-100mg,Rare Disease,Commercial,2026-01-04,2026-01-05,1,2026-01-11,2026-01-15,Denied,4,,,,In Progress,0,,,5,0,,,,
CASE-02302,PAT-00825,REP-021,CardioPlus-25mg,Rare Disease,Medicaid,2025-11-19,2025-11-20,1,2025-11-24,2026-01-06,Denied,43,,,,In Progress,0,,,7,0,,,,
CASE-02303,PAT-01970,REP-010,NeuroX-75mg,Oncology,Commercial,2026-01-21,2026-01-22,1,2026-01-25,2026-02-07,Denied,13,,,,Abandoned,1,Switched Therapy,During PA,4,0,,,,
CASE-02304,PAT-01361,REP-004,NeuroX-75mg,Immunology,Commercial,2026-01-30,2026-01-31,1,2026-02-03,2026-02-20,Appeal,17,,,,In Progress,0,,,5,0,,,,
CASE-02305,PAT-00057,REP-024,DrugAlpha-100mg,Rare Disease,Commercial,2026-04-19,2026-04-20,1,2026-04-20,,Approved,16,2026-05-13,2026-05-14,25,Resolved,0,,,3,1,1,1,1,17
CASE-02306,PAT-00572,REP-015,DrugGamma-200mg,Rare Disease,Medicaid,2025-09-28,2025-10-05,7,2025-10-01,2025-10-12,Pending,11,,,,Abandoned,1,Side Effect Concerns,Pre-PA,4,0,,,,
CASE-02307,PAT-01325,REP-012,CardioPlus-25mg,Oncology,Medicaid,2026-04-27,2026-04-29,2,2026-05-04,,Approved,22,2026-06-01,2026-06-02,36,Resolved,0,,,8,0,1,0,0,29
CASE-02308,PAT-00424,REP-021,DrugAlpha-100mg,Oncology,Medicare,2025-07-06,2025-07-07,1,2025-07-07,2025-08-02,Denied,26,,,,Abandoned,1,Patient Deceased,Post-PA,4,0,,,,
CASE-02309,PAT-01817,REP-019,DrugBeta-50mg,Cardiology,Commercial,2026-01-20,2026-01-23,3,2026-01-23,2026-02-06,Approved,14,2026-02-15,2026-02-20,31,Resolved,0,,,6,0,1,0,0,17
CASE-02310,PAT-00971,REP-015,DrugBeta-50mg,Immunology,Medicare,2026-03-17,2026-03-20,3,2026-03-20,2026-04-11,Approved,22,2026-04-21,2026-04-24,38,Resolved,0,,,2,1,1,1,0,25
CASE-02311,PAT-01711,REP-004,DrugAlpha-100mg,Neurology,Medicare,2025-11-13,2025-11-20,7,2025-11-14,2025-12-08,Approved,24,2025-12-17,2025-12-19,36,Resolved,0,,,5,1,1,1,1,25
CASE-02312,PAT-01080,REP-024,DrugGamma-200mg,Neurology,Commercial,2025-11-10,2025-11-12,2,2025-11-13,2025-11-21,Denied,8,,,,In Progress,0,,,5,0,,,,
CASE-02313,PAT-01130,REP-021,DrugAlpha-100mg,Rare Disease,Commercial,2026-03-27,2026-04-03,7,2026-03-29,2026-04-03,Approved,5,,,,Abandoned,1,Patient Deceased,Post-PA,3,0,,,,
CASE-02314,PAT-00800,REP-024,CardioPlus-25mg,Cardiology,Commercial,2025-11-13,2025-11-19,6,2025-11-18,2025-12-06,Approved,18,2025-12-12,2025-12-17,34,Resolved,0,,,11,0,1,0,0,23
CASE-02315,PAT-00446,REP-024,DrugGamma-200mg,Neurology,Medicare,2025-08-09,2025-08-11,2,2025-08-13,2025-08-24,Denied,11,,,,Abandoned,1,Patient Lost Contact,During PA,2,0,,,,
CASE-02316,PAT-00390,REP-024,DrugBeta-50mg,Immunology,Commercial,2025-12-01,2025-12-03,2,2025-12-06,2025-12-15,Appeal,9,,,,Abandoned,1,Insurance Delay,During PA,1,0,,,,
CASE-02317,PAT-00162,REP-020,DrugBeta-50mg,Oncology,Medicaid,2026-01-20,2026-01-25,5,2026-01-27,2026-02-20,Denied,24,,,,Abandoned,1,Insurance Delay,During PA,3,0,,,,
CASE-02318,PAT-01980,REP-019,DrugBeta-50mg,Cardiology,Commercial,2025-08-11,2025-08-16,5,2025-08-13,2025-08-26,Approved,13,2025-09-02,2025-09-06,26,Resolved,0,,,4,1,1,1,1,15
CASE-02319,PAT-01697,REP-004,DrugAlpha-100mg,Neurology,Commercial,2026-04-29,2026-04-30,1,2026-04-30,,Approved,21,2026-05-27,2026-05-30,31,Resolved,0,,,11,0,0,0,0,22
CASE-02320,PAT-00118,REP-010,CardioPlus-25mg,Oncology,Medicare,2026-02-24,2026-03-01,5,2026-02-26,2026-03-04,Approved,6,2026-03-08,2026-03-09,13,Resolved,0,,,1,0,1,1,0,8
CASE-02321,PAT-01064,REP-012,NeuroX-75mg,Oncology,Self-Pay,2025-12-21,2025-12-24,3,2025-12-25,2025-12-31,Pending,6,,,,In Progress,0,,,2,0,,,,
CASE-02322,PAT-01193,REP-004,DrugAlpha-100mg,Rare Disease,Medicare,2025-12-20,2025-12-24,4,2025-12-26,2026-01-02,Pending,7,,,,Abandoned,1,Side Effect Concerns,During PA,3,0,,,,
CASE-02323,PAT-00586,REP-004,DrugAlpha-100mg,Immunology,Medicare,2026-02-28,2026-03-01,1,2026-03-01,2026-03-08,Approved,7,2026-03-18,2026-03-21,21,Resolved,0,,,3,0,1,1,0,8
CASE-02324,PAT-00218,REP-021,DrugAlpha-100mg,Cardiology,Commercial,2026-03-25,2026-03-31,6,2026-04-01,2026-04-09,Appeal,8,,,,In Progress,0,,,1,0,,,,
CASE-02325,PAT-01949,REP-021,CardioPlus-25mg,Cardiology,Medicare,2026-02-01,2026-02-06,5,2026-02-08,2026-02-19,Approved,11,2026-02-28,2026-03-03,30,Resolved,0,,,1,0,1,1,1,18
CASE-02326,PAT-01802,REP-020,NeuroX-75mg,Rare Disease,Commercial,2025-08-25,2025-08-26,1,2025-08-26,2025-09-02,Approved,7,2025-09-05,2025-09-10,16,Resolved,0,,,9,1,1,1,1,8
CASE-02327,PAT-01529,REP-019,DrugBeta-50mg,Oncology,Commercial,2025-11-09,2025-11-14,5,2025-11-15,2025-11-20,Approved,5,2025-11-29,2025-12-03,24,Resolved,0,,,11,0,1,1,0,11
CASE-02328,PAT-00143,REP-004,DrugGamma-200mg,Cardiology,Medicare,2026-01-28,2026-01-29,1,2026-01-30,2026-02-15,Approved,16,2026-02-17,2026-02-18,21,Resolved,0,,,2,0,1,1,0,18
CASE-02329,PAT-00845,REP-012,DrugBeta-50mg,Immunology,Commercial,2026-03-03,2026-03-04,1,2026-03-05,2026-03-10,Approved,5,2026-03-11,2026-03-11,8,Resolved,0,,,4,0,0,0,1,7
CASE-02330,PAT-00391,REP-024,NeuroX-75mg,Neurology,Medicare,2026-04-09,2026-04-12,3,2026-04-15,,Appeal,19,,,,Abandoned,1,Patient Deceased,During PA,1,0,,,,
CASE-02331,PAT-01433,REP-024,DrugAlpha-100mg,Neurology,Medicaid,2025-11-22,2025-11-24,2,2025-11-27,2025-12-07,Approved,10,2025-12-08,2025-12-13,21,Resolved,0,,,1,0,1,1,1,15
CASE-02332,PAT-00086,REP-021,DrugAlpha-100mg,Neurology,Medicare,2025-11-05,2025-11-07,2,2025-11-11,2025-11-28,Approved,17,2025-12-03,2025-12-07,32,Resolved,0,,,6,0,1,0,0,23
CASE-02333,PAT-00648,REP-020,NeuroX-75mg,Immunology,Medicaid,2025-07-30,2025-08-01,2,2025-08-06,2025-08-29,Denied,23,,,,Open,0,,,6,0,,,,
CASE-02334,PAT-01883,REP-019,NeuroX-75mg,Oncology,Medicare,2025-10-02,2025-10-05,3,2025-10-05,2025-11-03,Approved,29,2025-11-06,2025-11-06,35,Resolved,0,,,11,0,1,1,1,32
CASE-02335,PAT-01494,REP-021,NeuroX-75mg,Cardiology,Commercial,2025-10-14,2025-10-15,1,2025-10-16,2025-10-23,Approved,7,2025-10-29,2025-10-31,17,Resolved,0,,,1,0,1,1,1,9
CASE-02336,PAT-01470,REP-021,DrugAlpha-100mg,Rare Disease,VA,2025-10-28,2025-10-29,1,2025-11-01,2025-11-10,Approved,9,2025-11-17,2025-11-19,22,Resolved,0,,,1,0,1,1,0,13
CASE-02337,PAT-01667,REP-021,DrugAlpha-100mg,Neurology,Medicaid,2026-01-10,2026-01-11,1,2026-01-12,2026-02-10,Approved,29,2026-02-17,2026-02-18,39,Resolved,0,,,5,1,1,1,0,31
CASE-02338,PAT-01778,REP-012,DrugAlpha-100mg,Rare Disease,Commercial,2026-01-03,2026-01-04,1,2026-01-10,2026-01-26,Approved,16,2026-01-27,2026-01-30,27,Resolved,0,,,3,0,1,0,0,23
CASE-02339,PAT-00445,REP-015,CardioPlus-25mg,Cardiology,Medicare,2025-07-29,2025-08-05,7,2025-08-01,2025-08-20,Appeal,19,,,,Abandoned,1,Cost Concerns,During PA,0,0,,,,
CASE-02340,PAT-00799,REP-010,NeuroX-75mg,Oncology,Medicare,2025-10-07,2025-10-08,1,2025-10-11,2025-11-06,Denied,26,,,,Open,0,,,3,0,,,,
CASE-02341,PAT-01994,REP-012,NeuroX-75mg,Oncology,Self-Pay,2026-02-01,2026-02-03,2,2026-02-03,2026-02-12,Approved,9,2026-02-18,2026-02-18,17,Resolved,0,,,3,0,1,0,0,11
CASE-02342,PAT-00686,REP-010,DrugBeta-50mg,Rare Disease,Medicaid,2026-01-20,2026-01-24,4,2026-01-24,2026-02-11,Approved,18,2026-02-12,2026-02-12,23,Resolved,0,,,11,1,0,0,0,22
CASE-02343,PAT-01089,REP-010,CardioPlus-25mg,Rare Disease,Medicare,2025-09-02,2025-09-05,3,2025-09-05,2025-09-28,Denied,23,,,,Open,0,,,12,0,,,,
CASE-02344,PAT-00588,REP-024,DrugBeta-50mg,Neurology,Medicare,2025-07-25,2025-07-26,1,2025-07-26,2025-07-31,Approved,5,2025-08-03,2025-08-04,10,Resolved,0,,,5,0,1,1,0,6
CASE-02345,PAT-00230,REP-015,CardioPlus-25mg,Oncology,Commercial,2025-07-28,2025-07-29,1,2025-07-31,2025-08-12,Approved,12,2025-08-20,2025-08-23,26,Resolved,0,,,8,0,1,0,0,15
CASE-02346,PAT-00199,REP-021,CardioPlus-25mg,Neurology,Commercial,2025-10-28,2025-11-01,4,2025-10-31,2025-11-09,Pending,9,,,,In Progress,0,,,11,0,,,,
CASE-02347,PAT-00116,REP-019,DrugBeta-50mg,Rare Disease,Commercial,2026-03-05,2026-03-12,7,2026-03-06,2026-03-19,Approved,13,2026-03-28,2026-04-02,28,Resolved,0,,,2,1,1,1,1,14
CASE-02348,PAT-00291,REP-012,NeuroX-75mg,Immunology,Medicare,2025-12-22,2025-12-24,2,2025-12-26,2026-01-02,Approved,7,2026-01-12,2026-01-12,21,Resolved,0,,,2,0,0,1,1,11
CASE-02349,PAT-01739,REP-019,DrugAlpha-100mg,Oncology,Medicare,2026-04-12,2026-04-13,1,2026-04-18,2026-04-23,Approved,5,2026-04-28,2026-05-03,21,Resolved,0,,,8,0,1,1,1,11
CASE-02350,PAT-00600,REP-010,DrugGamma-200mg,Rare Disease,Medicaid,2026-02-14,2026-02-18,4,2026-02-20,2026-03-10,Approved,18,2026-03-14,2026-03-19,33,Resolved,0,,,3,1,0,1,1,24
CASE-02351,PAT-00073,REP-024,DrugGamma-200mg,Neurology,Medicare,2025-09-28,2025-10-03,5,2025-10-02,2025-10-19,Denied,17,,,,Abandoned,1,Patient Lost Contact,During PA,3,0,,,,
CASE-02352,PAT-00757,REP-021,NeuroX-75mg,Immunology,Self-Pay,2025-09-11,2025-09-14,3,2025-09-12,2025-09-24,Approved,12,2025-09-30,2025-10-03,22,Resolved,0,,,5,0,1,1,1,13
CASE-02353,PAT-01380,REP-012,DrugAlpha-100mg,Neurology,Medicare,2025-11-15,2025-11-17,2,2025-11-18,2025-12-16,Approved,28,2025-12-18,2025-12-22,37,Resolved,0,,,4,0,1,1,0,31
CASE-02354,PAT-00424,REP-020,DrugAlpha-100mg,Oncology,Medicare,2026-03-05,2026-03-07,2,2026-03-08,2026-03-27,Approved,19,2026-04-02,2026-04-06,32,Resolved,0,,,2,0,1,1,1,22
CASE-02355,PAT-00030,REP-021,CardioPlus-25mg,Neurology,Medicaid,2025-09-05,2025-09-06,1,2025-09-12,2025-10-04,Approved,22,2025-10-11,2025-10-15,40,Resolved,0,,,10,0,1,0,0,29
CASE-02356,PAT-00588,REP-012,DrugBeta-50mg,Neurology,Medicare,2025-10-28,2025-10-30,2,2025-11-01,2025-11-30,Denied,29,,,,Open,0,,,1,0,,,,
CASE-02357,PAT-01376,REP-021,DrugGamma-200mg,Rare Disease,Self-Pay,2025-07-30,2025-08-02,3,2025-08-03,2025-08-17,Approved,14,2025-08-23,2025-08-27,28,Resolved,0,,,2,1,1,0,0,18
CASE-02358,PAT-01395,REP-019,NeuroX-75mg,Rare Disease,Medicare,2025-09-08,2025-09-13,5,2025-09-10,2025-09-27,Approved,17,2025-10-02,2025-10-04,26,Resolved,0,,,7,0,0,1,1,19
CASE-02359,PAT-01658,REP-010,DrugAlpha-100mg,Cardiology,Commercial,2025-10-11,2025-10-13,2,2025-10-18,2025-11-05,Approved,18,2025-11-06,2025-11-08,28,Resolved,0,,,7,1,1,1,1,25
CASE-02360,PAT-00847,REP-021,DrugAlpha-100mg,Immunology,Medicare,2025-08-21,2025-08-22,1,2025-08-26,2025-09-06,Approved,11,2025-09-15,2025-09-18,28,Resolved,0,,,11,0,1,1,0,16
CASE-02361,PAT-01700,REP-019,CardioPlus-25mg,Neurology,Medicare,2025-11-09,2025-11-11,2,2025-11-12,2025-11-30,Pending,18,,,,Open,0,,,9,0,,,,
CASE-02362,PAT-01615,REP-021,DrugGamma-200mg,Rare Disease,Medicare,2025-12-25,2025-12-29,4,2025-12-31,2026-01-10,Appeal,10,,,,In Progress,0,,,11,0,,,,
CASE-02363,PAT-00707,REP-019,NeuroX-75mg,Oncology,Commercial,2025-09-03,2025-09-04,1,2025-09-10,2025-09-23,Approved,13,2025-09-24,2025-09-24,21,Resolved,0,,,5,1,1,1,0,20
CASE-02364,PAT-00070,REP-004,DrugGamma-200mg,Oncology,VA,2025-07-08,2025-07-10,2,2025-07-12,2025-07-18,Approved,6,2025-07-23,2025-07-24,16,Resolved,0,,,7,1,1,1,1,10
CASE-02365,PAT-00832,REP-019,NeuroX-75mg,Cardiology,Medicaid,2026-02-10,2026-02-14,4,2026-02-15,2026-03-01,Denied,14,,,,Abandoned,1,Patient Lost Contact,During PA,1,0,,,,
CASE-02366,PAT-01310,REP-015,DrugGamma-200mg,Cardiology,Commercial,2025-07-16,2025-07-17,1,2025-07-18,2025-07-24,Approved,6,2025-07-29,2025-07-31,15,Resolved,0,,,12,1,1,1,0,8
CASE-02367,PAT-01990,REP-021,DrugAlpha-100mg,Rare Disease,Medicaid,2025-12-04,2025-12-05,1,2025-12-10,2025-12-20,Approved,10,2025-12-27,2025-12-31,27,Resolved,0,,,8,1,1,1,1,16
CASE-02368,PAT-01307,REP-020,DrugGamma-200mg,Immunology,Medicaid,2026-02-09,2026-02-11,2,2026-02-12,2026-03-21,Denied,37,,,,Abandoned,1,Insurance Delay,Post-PA,0,0,,,,
CASE-02369,PAT-01457,REP-021,DrugBeta-50mg,Cardiology,Commercial,2025-07-26,2025-07-27,1,2025-08-01,2025-08-16,Approved,15,2025-08-23,2025-08-24,29,Resolved,0,,,12,0,1,1,1,21
CASE-02370,PAT-00162,REP-004,DrugBeta-50mg,Oncology,Medicaid,2026-03-06,2026-03-07,1,2026-03-07,2026-03-25,Approved,18,2026-04-03,2026-04-04,29,Resolved,0,,,10,0,1,1,1,19
CASE-02371,PAT-00017,REP-024,CardioPlus-25mg,Oncology,Self-Pay,2025-12-08,2025-12-11,3,2025-12-11,2025-12-17,Approved,6,2025-12-24,2025-12-26,18,Resolved,0,,,12,1,1,0,0,9
CASE-02372,PAT-01700,REP-021,CardioPlus-25mg,Neurology,Medicare,2026-01-23,2026-01-25,2,2026-01-27,2026-02-17,Denied,21,,,,Open,0,,,6,0,,,,
CASE-02373,PAT-01482,REP-012,DrugAlpha-100mg,Rare Disease,Commercial,2026-01-10,2026-01-17,7,2026-01-15,2026-01-30,Approved,15,2026-02-03,2026-02-05,26,Resolved,0,,,6,1,1,0,0,20
CASE-02374,PAT-00560,REP-015,CardioPlus-25mg,Cardiology,Commercial,2025-11-27,2025-11-28,1,2025-12-02,2025-12-15,Approved,13,,,,Abandoned,1,Cost Concerns,Post-Fulfillment,3,0,,,,
CASE-02375,PAT-01812,REP-015,NeuroX-75mg,Rare Disease,Commercial,2025-12-21,2025-12-23,2,2025-12-22,2026-01-01,Approved,10,,,,Abandoned,1,Unknown,Post-Fulfillment,1,0,,,,
CASE-02376,PAT-00868,REP-012,DrugGamma-200mg,Cardiology,Medicaid,2025-07-10,2025-07-12,2,2025-07-17,2025-08-29,Denied,43,,,,In Progress,0,,,8,0,,,,
CASE-02377,PAT-01668,REP-012,NeuroX-75mg,Cardiology,VA,2026-04-05,2026-04-08,3,2026-04-07,2026-04-12,Appeal,5,,,,In Progress,0,,,5,0,,,,
CASE-02378,PAT-01402,REP-021,DrugGamma-200mg,Immunology,Commercial,2025-12-29,2026-01-01,3,2026-01-04,2026-01-23,Appeal,19,,,,In Progress,0,,,5,0,,,,
CASE-02379,PAT-01506,REP-019,NeuroX-75mg,Cardiology,Medicaid,2026-02-28,2026-03-02,2,2026-03-06,2026-04-05,Denied,30,,,,Open,0,,,9,0,,,,
CASE-02380,PAT-01735,REP-020,CardioPlus-25mg,Neurology,Medicaid,2026-01-09,2026-01-10,1,2026-01-15,2026-03-01,Approved,45,2026-03-08,2026-03-11,61,Resolved,0,,,7,0,1,1,1,51
CASE-02381,PAT-00270,REP-021,CardioPlus-25mg,Rare Disease,Self-Pay,2026-03-09,2026-03-11,2,2026-03-13,2026-03-17,Approved,4,2026-03-26,2026-03-27,18,Resolved,0,,,2,1,1,1,1,8
CASE-02382,PAT-00597,REP-004,CardioPlus-25mg,Immunology,Commercial,2025-11-23,2025-11-25,2,2025-11-28,2025-12-02,Approved,4,2025-12-09,2025-12-13,20,Resolved,0,,,2,0,1,1,1,9
CASE-02383,PAT-00927,REP-021,CardioPlus-25mg,Neurology,Commercial,2025-10-06,2025-10-11,5,2025-10-12,2025-10-24,Pending,12,,,,Open,0,,,1,0,,,,
CASE-02384,PAT-01272,REP-024,NeuroX-75mg,Oncology,Self-Pay,2025-08-11,2025-08-14,3,2025-08-15,2025-08-27,Approved,12,,,,Abandoned,1,Patient Lost Contact,Post-PA,0,0,,,,
CASE-02385,PAT-01149,REP-019,CardioPlus-25mg,Immunology,Commercial,2026-04-25,2026-04-30,5,2026-04-28,,Approved,4,2026-05-07,2026-05-07,12,Resolved,0,,,3,0,1,1,0,7
CASE-02386,PAT-01042,REP-019,DrugBeta-50mg,Immunology,Commercial,2025-07-05,2025-07-09,4,2025-07-10,2025-07-25,Approved,15,2025-08-02,2025-08-06,32,Resolved,0,,,9,0,0,0,0,20
CASE-02387,PAT-00380,REP-019,CardioPlus-25mg,Cardiology,Medicare,2025-10-27,2025-10-30,3,2025-10-31,2025-11-22,Denied,22,,,,Abandoned,1,Side Effect Concerns,Post-PA,0,0,,,,
CASE-02388,PAT-01244,REP-021,NeuroX-75mg,Rare Disease,Medicare,2026-03-14,2026-03-16,2,2026-03-20,2026-04-13,Denied,24,,,,In Progress,0,,,10,0,,,,
CASE-02389,PAT-00851,REP-024,DrugBeta-50mg,Immunology,Medicaid,2026-04-01,2026-04-05,4,2026-04-03,,Approved,32,2026-05-11,2026-05-16,45,Resolved,0,,,8,1,1,0,1,34
CASE-02390,PAT-01565,REP-021,DrugAlpha-100mg,Immunology,Commercial,2025-12-10,2025-12-15,5,2025-12-13,2025-12-20,Approved,7,2025-12-30,2026-01-02,23,Resolved,0,,,2,0,0,1,1,10
CASE-02391,PAT-00405,REP-021,NeuroX-75mg,Neurology,Commercial,2025-11-22,2025-11-28,6,2025-11-26,2025-12-14,Approved,18,2025-12-23,2025-12-27,35,Resolved,0,,,6,0,1,1,1,22
CASE-02392,PAT-00454,REP-024,DrugGamma-200mg,Neurology,Commercial,2025-08-27,2025-09-02,6,2025-09-02,2025-09-11,Denied,9,,,,In Progress,0,,,4,0,,,,
CASE-02393,PAT-00464,REP-021,DrugGamma-200mg,Cardiology,Medicaid,2026-04-23,2026-04-25,2,2026-04-28,,Denied,32,,,,Open,0,,,8,0,,,,
CASE-02394,PAT-00821,REP-024,DrugGamma-200mg,Cardiology,Medicaid,2025-10-27,2025-11-03,7,2025-11-02,2025-11-22,Denied,20,,,,Abandoned,1,Cost Concerns,Post-PA,2,0,,,,
CASE-02395,PAT-00595,REP-012,NeuroX-75mg,Immunology,Commercial,2025-11-24,2025-11-28,4,2025-11-28,2025-12-09,Denied,11,,,,Abandoned,1,Unknown,Post-PA,3,0,,,,
CASE-02396,PAT-00659,REP-020,DrugBeta-50mg,Cardiology,VA,2026-01-15,2026-01-18,3,2026-01-16,2026-01-20,Approved,4,2026-01-26,2026-01-29,14,Resolved,0,,,9,0,1,0,0,5
CASE-02397,PAT-01361,REP-020,NeuroX-75mg,Immunology,Commercial,2026-03-15,2026-03-17,2,2026-03-20,2026-04-08,Approved,19,2026-04-17,2026-04-18,34,Resolved,0,,,4,0,1,1,1,24
CASE-02398,PAT-00348,REP-004,CardioPlus-25mg,Oncology,Medicare,2025-11-29,2025-12-02,3,2025-12-02,2025-12-23,Denied,21,,,,In Progress,0,,,9,0,,,,
CASE-02399,PAT-01303,REP-019,DrugAlpha-100mg,Rare Disease,Medicaid,2026-02-09,2026-02-12,3,2026-02-10,2026-02-20,Pending,10,,,,Open,0,,,1,0,,,,
CASE-02400,PAT-01021,REP-010,DrugBeta-50mg,Cardiology,Commercial,2025-12-25,2025-12-26,1,2025-12-27,2026-01-05,Appeal,9,,,,Open,0,,,8,0,,,,
CASE-02401,PAT-00589,REP-021,DrugBeta-50mg,Immunology,Commercial,2026-04-09,2026-04-14,5,2026-04-10,2026-04-18,Denied,8,,,,Abandoned,1,Switched Therapy,Post-PA,4,0,,,,
CASE-02402,PAT-00324,REP-012,DrugBeta-50mg,Neurology,Self-Pay,2025-09-26,2025-09-28,2,2025-10-02,2025-10-10,Approved,8,2025-10-18,2025-10-20,24,Resolved,0,,,11,1,1,0,0,14
CASE-02403,PAT-00299,REP-010,DrugBeta-50mg,Oncology,Self-Pay,2025-12-10,2025-12-13,3,2025-12-17,2025-12-24,Approved,7,2025-12-26,2025-12-30,20,Resolved,0,,,1,0,1,1,1,14
CASE-02404,PAT-01565,REP-019,DrugAlpha-100mg,Immunology,Commercial,2025-12-04,2025-12-06,2,2025-12-08,2025-12-19,Denied,11,,,,In Progress,0,,,2,0,,,,
CASE-02405,PAT-00776,REP-004,DrugBeta-50mg,Immunology,Medicare,2026-04-26,2026-04-28,2,2026-05-02,,Pending,8,,,,Open,0,,,3,0,,,,
CASE-02406,PAT-01169,REP-012,NeuroX-75mg,Rare Disease,Medicare,2025-08-21,2025-08-23,2,2025-08-25,2025-09-08,Pending,14,,,,In Progress,0,,,10,0,,,,
CASE-02407,PAT-00367,REP-012,NeuroX-75mg,Oncology,Medicare,2025-11-29,2025-12-02,3,2025-12-06,2025-12-30,Denied,24,,,,Open,0,,,2,0,,,,
CASE-02408,PAT-00322,REP-019,NeuroX-75mg,Neurology,Medicare,2026-03-28,2026-03-30,2,2026-03-29,2026-04-10,Appeal,12,,,,Open,0,,,1,0,,,,
CASE-02409,PAT-00652,REP-021,DrugGamma-200mg,Rare Disease,Medicare,2026-02-14,2026-02-15,1,2026-02-19,2026-03-10,Denied,19,,,,Abandoned,1,Switched Therapy,During PA,4,0,,,,
CASE-02410,PAT-00656,REP-012,DrugGamma-200mg,Neurology,Commercial,2025-09-13,2025-09-15,2,2025-09-17,2025-09-24,Approved,7,2025-09-29,2025-10-04,21,Resolved,0,,,1,1,1,1,1,11
CASE-02411,PAT-01093,REP-021,CardioPlus-25mg,Cardiology,Medicare,2025-10-19,2025-10-20,1,2025-10-20,2025-10-26,Appeal,6,,,,Open,0,,,5,0,,,,
CASE-02412,PAT-00672,REP-021,NeuroX-75mg,Rare Disease,Medicare,2026-04-08,2026-04-13,5,2026-04-09,2026-04-19,Denied,10,,,,Abandoned,1,Insurance Delay,Post-PA,2,0,,,,
CASE-02413,PAT-00793,REP-004,DrugGamma-200mg,Oncology,Commercial,2025-09-11,2025-09-15,4,2025-09-16,2025-09-25,Approved,9,2025-09-30,2025-09-30,19,Resolved,0,,,1,0,1,0,1,14
CASE-02414,PAT-01611,REP-010,DrugBeta-50mg,Oncology,Commercial,2025-07-28,2025-07-29,1,2025-08-03,2025-08-10,Denied,7,,,,In Progress,0,,,8,0,,,,
CASE-02415,PAT-00325,REP-024,NeuroX-75mg,Cardiology,Medicare,2025-10-08,2025-10-09,1,2025-10-09,2025-10-21,Denied,12,,,,Abandoned,1,Switched Therapy,Post-PA,1,0,,,,
CASE-02416,PAT-00020,REP-019,DrugBeta-50mg,Immunology,Self-Pay,2025-11-24,2025-12-01,7,2025-11-25,2025-11-27,Approved,2,2025-11-30,2025-11-30,6,Resolved,0,,,11,0,1,0,1,3
CASE-02417,PAT-00401,REP-004,DrugGamma-200mg,Rare Disease,Commercial,2025-11-06,2025-11-08,2,2025-11-11,2025-11-18,Approved,7,2025-11-19,2025-11-20,14,Resolved,0,,,8,0,1,1,1,12
CASE-02418,PAT-00699,REP-020,DrugBeta-50mg,Immunology,Commercial,2026-02-28,2026-03-03,3,2026-03-05,2026-03-22,Approved,17,2026-03-30,2026-04-02,33,Resolved,0,,,7,0,1,1,0,22
CASE-02419,PAT-01766,REP-019,DrugBeta-50mg,Cardiology,Commercial,2025-12-16,2025-12-17,1,2025-12-18,2026-01-01,Approved,14,2026-01-04,2026-01-04,19,Resolved,0,,,1,0,1,1,0,16
CASE-02420,PAT-00456,REP-010,DrugAlpha-100mg,Rare Disease,Medicaid,2026-01-03,2026-01-05,2,2026-01-09,2026-02-16,Denied,38,,,,Open,0,,,7,0,,,,
CASE-02421,PAT-01508,REP-010,DrugAlpha-100mg,Neurology,Medicare,2025-07-15,2025-07-16,1,2025-07-16,2025-08-15,Approved,30,2025-08-21,2025-08-25,41,Resolved,0,,,8,0,1,1,1,31
CASE-02422,PAT-01874,REP-019,CardioPlus-25mg,Neurology,VA,2026-01-29,2026-01-30,1,2026-02-05,2026-02-10,Approved,5,2026-02-19,2026-02-24,26,Resolved,0,,,7,1,1,0,0,12
CASE-02423,PAT-00629,REP-021,DrugGamma-200mg,Neurology,Medicare,2026-02-10,2026-02-12,2,2026-02-14,2026-02-25,Appeal,11,,,,In Progress,0,,,3,0,,,,
CASE-02424,PAT-01928,REP-024,DrugAlpha-100mg,Rare Disease,Commercial,2025-10-12,2025-10-14,2,2025-10-19,2025-10-27,Approved,8,2025-11-03,2025-11-04,23,Resolved,0,,,12,0,0,0,0,15
CASE-02425,PAT-00309,REP-010,DrugBeta-50mg,Oncology,Commercial,2025-07-24,2025-07-26,2,2025-07-30,2025-08-20,Approved,21,2025-08-21,2025-08-24,31,Resolved,0,,,10,0,1,1,1,27
CASE-02426,PAT-00165,REP-010,CardioPlus-25mg,Cardiology,Commercial,2026-01-17,2026-01-23,6,2026-01-22,2026-02-06,Pending,15,,,,In Progress,0,,,9,0,,,,
CASE-02427,PAT-00032,REP-024,DrugGamma-200mg,Immunology,Commercial,2025-07-02,2025-07-04,2,2025-07-05,2025-07-12,Approved,7,,,,Abandoned,1,Unknown,Post-PA,3,0,,,,
CASE-02428,PAT-01775,REP-015,DrugAlpha-100mg,Rare Disease,Self-Pay,2025-10-01,2025-10-07,6,2025-10-05,2025-10-12,Denied,7,,,,In Progress,0,,,7,0,,,,
CASE-02429,PAT-01478,REP-020,DrugAlpha-100mg,Neurology,Medicare,2025-10-13,2025-10-15,2,2025-10-16,2025-11-13,Appeal,28,,,,Abandoned,1,Patient Deceased,During PA,4,0,,,,
CASE-02430,PAT-01548,REP-015,DrugBeta-50mg,Immunology,Medicaid,2026-02-14,2026-02-17,3,2026-02-17,2026-02-28,Approved,11,2026-03-04,2026-03-06,20,Resolved,0,,,10,0,1,0,1,14
CASE-02431,PAT-00722,REP-020,NeuroX-75mg,Cardiology,VA,2025-08-24,2025-08-25,1,2025-08-26,2025-09-07,Approved,12,,,,Abandoned,1,Side Effect Concerns,Post-Fulfillment,1,0,,,,
CASE-02432,PAT-01571,REP-010,NeuroX-75mg,Oncology,Commercial,2025-09-10,2025-09-12,2,2025-09-17,2025-09-24,Approved,7,2025-09-30,2025-10-02,22,Resolved,0,,,3,1,1,1,0,14
CASE-02433,PAT-01741,REP-020,DrugBeta-50mg,Cardiology,Commercial,2026-01-25,2026-01-27,2,2026-01-30,2026-02-03,Pending,4,,,,Open,0,,,10,0,,,,
CASE-02434,PAT-00714,REP-015,DrugAlpha-100mg,Cardiology,Commercial,2025-08-13,2025-08-14,1,2025-08-17,2025-08-28,Approved,11,2025-09-02,2025-09-05,23,Resolved,0,,,7,0,1,1,1,15
CASE-02435,PAT-01891,REP-024,DrugAlpha-100mg,Cardiology,Self-Pay,2025-09-08,2025-09-15,7,2025-09-13,2025-09-26,Denied,13,,,,In Progress,0,,,8,0,,,,
CASE-02436,PAT-01083,REP-024,DrugAlpha-100mg,Cardiology,VA,2025-11-08,2025-11-09,1,2025-11-12,2025-11-20,Pending,8,,,,Open,0,,,4,0,,,,
CASE-02437,PAT-00154,REP-021,NeuroX-75mg,Neurology,Commercial,2025-11-02,2025-11-06,4,2025-11-03,2025-11-24,Appeal,21,,,,Abandoned,1,Cost Concerns,During PA,1,0,,,,
CASE-02438,PAT-01255,REP-021,CardioPlus-25mg,Neurology,Medicaid,2025-07-21,2025-07-24,3,2025-07-28,2025-08-30,Approved,33,2025-09-09,2025-09-10,51,Resolved,0,,,4,0,1,1,0,40
CASE-02439,PAT-00764,REP-004,DrugBeta-50mg,Immunology,Medicare,2025-10-10,2025-10-12,2,2025-10-14,2025-10-29,Approved,15,2025-11-01,2025-11-01,22,Resolved,0,,,12,0,1,1,1,19
CASE-02440,PAT-00553,REP-012,NeuroX-75mg,Immunology,Medicaid,2025-09-22,2025-09-27,5,2025-09-26,2025-10-11,Approved,15,2025-10-15,2025-10-20,28,Resolved,0,,,5,0,1,1,0,19
CASE-02441,PAT-00966,REP-020,DrugBeta-50mg,Cardiology,Commercial,2026-03-08,2026-03-09,1,2026-03-13,2026-03-27,Approved,14,2026-04-02,2026-04-03,26,Resolved,0,,,3,0,1,1,0,19
CASE-02442,PAT-00491,REP-024,DrugBeta-50mg,Neurology,Medicare,2025-11-07,2025-11-09,2,2025-11-11,2025-12-01,Denied,20,,,,Abandoned,1,Unknown,Post-PA,1,0,,,,
CASE-02443,PAT-01081,REP-012,DrugAlpha-100mg,Neurology,Medicare,2025-12-17,2025-12-21,4,2025-12-20,2025-12-25,Approved,5,,,,Abandoned,1,Switched Therapy,Post-Fulfillment,3,0,,,,
CASE-02444,PAT-01830,REP-010,CardioPlus-25mg,Immunology,Commercial,2025-12-25,2025-12-31,6,2026-01-01,2026-01-20,Denied,19,,,,In Progress,0,,,8,0,,,,
CASE-02445,PAT-01783,REP-010,DrugAlpha-100mg,Oncology,VA,2026-03-08,2026-03-09,1,2026-03-14,2026-03-20,Approved,6,2026-03-23,2026-03-26,18,Resolved,0,,,4,0,1,0,0,12
CASE-02446,PAT-01332,REP-021,DrugAlpha-100mg,Rare Disease,Commercial,2026-04-02,2026-04-03,1,2026-04-09,2026-04-22,Approved,13,2026-04-23,2026-04-27,25,Resolved,0,,,3,1,1,1,0,20
CASE-02447,PAT-00684,REP-024,CardioPlus-25mg,Oncology,Commercial,2025-07-17,2025-07-19,2,2025-07-24,2025-08-09,Pending,16,,,,Open,0,,,2,0,,,,
CASE-02448,PAT-01820,REP-015,DrugAlpha-100mg,Rare Disease,Medicaid,2025-10-31,2025-11-02,2,2025-11-01,2025-11-08,Approved,7,2025-11-16,2025-11-21,21,Resolved,0,,,4,1,1,1,1,8
CASE-02449,PAT-01140,REP-015,NeuroX-75mg,Rare Disease,Self-Pay,2025-09-01,2025-09-07,6,2025-09-06,2025-09-12,Approved,6,2025-09-22,2025-09-23,22,Resolved,0,,,4,0,1,0,0,11
CASE-02450,PAT-01314,REP-024,DrugBeta-50mg,Neurology,Commercial,2025-09-11,2025-09-12,1,2025-09-14,2025-09-22,Approved,8,2025-09-30,2025-10-04,23,Resolved,0,,,4,0,1,1,0,11
CASE-02451,PAT-00297,REP-019,CardioPlus-25mg,Cardiology,Medicaid,2025-07-05,2025-07-10,5,2025-07-11,2025-07-30,Denied,19,,,,Abandoned,1,Side Effect Concerns,During PA,1,0,,,,
CASE-02452,PAT-00122,REP-010,DrugGamma-200mg,Immunology,Commercial,2025-11-08,2025-11-10,2,2025-11-14,2025-12-03,Approved,19,2025-12-05,2025-12-07,29,Resolved,0,,,7,1,1,1,1,25
CASE-02453,PAT-00128,REP-010,DrugAlpha-100mg,Immunology,Commercial,2026-03-08,2026-03-09,1,2026-03-14,2026-04-02,Approved,19,2026-04-08,2026-04-08,31,Resolved,0,,,4,0,1,1,1,25
CASE-02454,PAT-00348,REP-019,CardioPlus-25mg,Oncology,Medicare,2025-12-13,2025-12-15,2,2025-12-14,2025-12-21,Denied,7,,,,Abandoned,1,Patient Deceased,Post-PA,0,0,,,,
CASE-02455,PAT-01095,REP-015,CardioPlus-25mg,Cardiology,Medicare,2025-12-26,2025-12-27,1,2025-12-27,2026-01-06,Denied,10,,,,Abandoned,1,Switched Therapy,Post-PA,4,0,,,,
CASE-02456,PAT-00400,REP-024,DrugBeta-50mg,Immunology,Medicaid,2025-10-08,2025-10-10,2,2025-10-15,2025-10-26,Appeal,11,,,,In Progress,0,,,7,0,,,,
CASE-02457,PAT-01671,REP-004,DrugAlpha-100mg,Immunology,Commercial,2025-07-02,2025-07-03,1,2025-07-07,2025-07-21,Appeal,14,,,,In Progress,0,,,2,0,,,,
CASE-02458,PAT-00076,REP-020,DrugGamma-200mg,Immunology,Medicare,2025-11-08,2025-11-09,1,2025-11-12,2025-11-30,Denied,18,,,,In Progress,0,,,3,0,,,,
CASE-02459,PAT-01969,REP-015,NeuroX-75mg,Immunology,Commercial,2026-02-05,2026-02-08,3,2026-02-09,2026-02-15,Approved,6,2026-02-16,2026-02-20,15,Resolved,0,,,1,0,1,0,0,10
CASE-02460,PAT-00747,REP-019,DrugAlpha-100mg,Oncology,Commercial,2025-09-12,2025-09-13,1,2025-09-13,2025-09-19,Appeal,6,,,,In Progress,0,,,4,0,,,,
CASE-02461,PAT-01112,REP-024,DrugAlpha-100mg,Oncology,Commercial,2025-09-07,2025-09-10,3,2025-09-14,2025-09-30,Approved,16,2025-10-03,2025-10-08,31,Resolved,0,,,2,1,1,1,0,23
CASE-02462,PAT-00568,REP-020,DrugAlpha-100mg,Immunology,Medicare,2026-03-19,2026-03-20,1,2026-03-24,2026-04-10,Pending,17,,,,Open,0,,,6,0,,,,
CASE-02463,PAT-01913,REP-012,NeuroX-75mg,Neurology,Commercial,2025-08-08,2025-08-09,1,2025-08-09,2025-08-20,Appeal,11,,,,Open,0,,,5,0,,,,
CASE-02464,PAT-00121,REP-021,NeuroX-75mg,Immunology,Commercial,2025-12-25,2025-12-30,5,2025-12-26,2025-12-31,Approved,5,2026-01-02,2026-01-05,11,Resolved,0,,,10,0,1,1,1,6
CASE-02465,PAT-01214,REP-020,NeuroX-75mg,Oncology,Medicare,2025-08-18,2025-08-19,1,2025-08-24,2025-09-11,Appeal,18,,,,Open,0,,,3,0,,,,
CASE-02466,PAT-00921,REP-015,DrugAlpha-100mg,Oncology,Self-Pay,2025-07-20,2025-07-21,1,2025-07-26,2025-08-05,Approved,10,2025-08-08,2025-08-11,22,Resolved,0,,,12,0,1,1,1,16
CASE-02467,PAT-00220,REP-004,CardioPlus-25mg,Rare Disease,Medicaid,2026-04-08,2026-04-11,3,2026-04-13,,Denied,45,,,,Open,0,,,9,0,,,,
CASE-02468,PAT-00694,REP-020,DrugAlpha-100mg,Neurology,Medicare,2026-03-04,2026-03-06,2,2026-03-06,2026-04-01,Denied,26,,,,In Progress,0,,,12,0,,,,
CASE-02469,PAT-01747,REP-015,DrugAlpha-100mg,Cardiology,Commercial,2025-10-28,2025-11-01,4,2025-10-29,2025-11-12,Approved,14,2025-11-14,2025-11-19,22,Resolved,0,,,11,1,1,0,0,15
CASE-02470,PAT-00750,REP-012,CardioPlus-25mg,Cardiology,Medicaid,2026-02-18,2026-02-21,3,2026-02-25,2026-04-06,Denied,40,,,,Abandoned,1,Side Effect Concerns,During PA,0,0,,,,
CASE-02471,PAT-01980,REP-012,DrugBeta-50mg,Cardiology,Commercial,2025-07-05,2025-07-06,1,2025-07-07,2025-07-26,Approved,19,2025-08-01,2025-08-05,31,Resolved,0,,,8,1,1,0,1,21
CASE-02472,PAT-01563,REP-024,DrugGamma-200mg,Immunology,Commercial,2025-11-19,2025-11-22,3,2025-11-24,2025-12-01,Approved,7,2025-12-02,2025-12-05,16,Resolved,0,,,3,0,1,1,1,12
CASE-02473,PAT-01099,REP-024,DrugGamma-200mg,Oncology,Medicaid,2026-03-06,2026-03-10,4,2026-03-11,2026-04-11,Approved,31,2026-04-21,2026-04-26,51,Resolved,0,,,6,1,1,1,0,36
CASE-02474,PAT-00064,REP-010,DrugGamma-200mg,Rare Disease,Self-Pay,2025-07-12,2025-07-13,1,2025-07-19,2025-07-24,Approved,5,2025-08-03,2025-08-08,27,Resolved,0,,,9,1,1,1,0,12
CASE-02475,PAT-01615,REP-015,DrugGamma-200mg,Rare Disease,Medicare,2025-10-18,2025-10-22,4,2025-10-19,2025-10-27,Approved,8,2025-10-31,2025-11-02,15,Resolved,0,,,7,0,1,0,1,9
CASE-02476,PAT-01515,REP-020,DrugBeta-50mg,Immunology,Commercial,2026-01-06,2026-01-13,7,2026-01-08,2026-01-22,Approved,14,2026-01-27,2026-01-27,21,Resolved,0,,,5,0,1,1,1,16
CASE-02477,PAT-00814,REP-004,DrugBeta-50mg,Immunology,Commercial,2026-03-14,2026-03-16,2,2026-03-18,2026-03-24,Approved,6,2026-03-30,2026-04-03,20,Resolved,0,,,7,1,1,1,1,10
CASE-02478,PAT-00436,REP-010,DrugGamma-200mg,Rare Disease,Self-Pay,2025-07-30,2025-08-06,7,2025-07-31,2025-08-14,Approved,14,2025-08-19,2025-08-24,25,Resolved,0,,,12,1,1,1,1,15
CASE-02479,PAT-01427,REP-019,DrugAlpha-100mg,Immunology,Commercial,2025-09-21,2025-09-25,4,2025-09-22,2025-10-11,Appeal,19,,,,Open,0,,,12,0,,,,
CASE-02480,PAT-00332,REP-012,DrugGamma-200mg,Immunology,Commercial,2025-10-08,2025-10-10,2,2025-10-13,2025-10-22,Approved,9,2025-11-01,2025-11-06,29,Resolved,0,,,9,0,1,1,0,14
CASE-02481,PAT-01859,REP-021,DrugAlpha-100mg,Neurology,Medicaid,2025-09-14,2025-09-17,3,2025-09-21,2025-10-20,Approved,29,2025-10-24,2025-10-29,45,Resolved,0,,,6,1,1,0,0,36
CASE-02482,PAT-01827,REP-015,DrugGamma-200mg,Oncology,Medicaid,2026-02-05,2026-02-09,4,2026-02-08,2026-03-23,Approved,43,2026-03-25,2026-03-27,50,Resolved,0,,,8,1,1,0,0,46
CASE-02483,PAT-01229,REP-012,DrugGamma-200mg,Immunology,Medicaid,2026-02-24,2026-02-25,1,2026-02-25,2026-03-08,Approved,11,2026-03-14,2026-03-16,20,Resolved,0,,,6,1,1,1,1,12
CASE-02484,PAT-00549,REP-020,DrugAlpha-100mg,Immunology,Medicaid,2026-03-10,2026-03-13,3,2026-03-13,2026-03-27,Denied,14,,,,Abandoned,1,Switched Therapy,Post-PA,4,0,,,,
CASE-02485,PAT-01105,REP-019,DrugGamma-200mg,Immunology,Commercial,2025-09-07,2025-09-08,1,2025-09-10,2025-09-28,Pending,18,,,,Abandoned,1,Unknown,During PA,4,0,,,,
CASE-02486,PAT-01830,REP-015,CardioPlus-25mg,Immunology,Commercial,2025-08-30,2025-09-04,5,2025-08-31,2025-09-18,Approved,18,2025-09-27,2025-09-27,28,Resolved,0,,,11,0,1,0,1,19
CASE-02487,PAT-00077,REP-010,NeuroX-75mg,Cardiology,Commercial,2025-10-23,2025-10-27,4,2025-10-24,2025-10-28,Approved,4,2025-10-30,2025-11-02,10,Resolved,0,,,6,1,1,1,1,5
CASE-02488,PAT-01238,REP-020,NeuroX-75mg,Immunology,Medicaid,2025-07-16,2025-07-18,2,2025-07-19,2025-08-26,Approved,38,2025-09-03,2025-09-04,50,Resolved,0,,,2,0,1,0,0,41
CASE-02489,PAT-00985,REP-004,DrugBeta-50mg,Cardiology,VA,2025-07-19,2025-07-22,3,2025-07-21,2025-07-30,Approved,9,2025-08-02,2025-08-02,14,Resolved,0,,,1,0,0,0,0,11
CASE-02490,PAT-01478,REP-019,DrugAlpha-100mg,Neurology,Medicare,2025-12-18,2025-12-20,2,2025-12-22,2026-01-17,Denied,26,,,,In Progress,0,,,8,0,,,,
CASE-02491,PAT-00482,REP-004,DrugAlpha-100mg,Oncology,Medicare,2025-09-26,2025-09-27,1,2025-10-01,2025-10-30,Approved,29,2025-11-02,2025-11-02,37,Resolved,0,,,1,0,1,1,1,34
CASE-02492,PAT-00813,REP-019,DrugAlpha-100mg,Rare Disease,Commercial,2025-11-29,2025-12-02,3,2025-12-04,2025-12-14,Approved,10,2025-12-20,2025-12-23,24,Resolved,0,,,2,0,0,0,0,15
CASE-02493,PAT-00447,REP-012,DrugGamma-200mg,Neurology,Commercial,2025-11-17,2025-11-18,1,2025-11-24,2025-12-05,Appeal,11,,,,In Progress,0,,,5,0,,,,
CASE-02494,PAT-00755,REP-010,DrugBeta-50mg,Cardiology,Commercial,2026-03-19,2026-03-22,3,2026-03-26,2026-03-29,Approved,3,,,,Abandoned,1,Patient Lost Contact,Post-PA,3,0,,,,
CASE-02495,PAT-00011,REP-024,DrugAlpha-100mg,Neurology,Self-Pay,2026-04-17,2026-04-18,1,2026-04-21,2026-04-28,Approved,7,2026-04-29,2026-04-29,12,Resolved,0,,,7,1,1,1,1,11
CASE-02496,PAT-01751,REP-015,DrugBeta-50mg,Oncology,Self-Pay,2025-11-06,2025-11-09,3,2025-11-09,2025-11-21,Approved,12,2025-11-30,2025-12-02,26,Resolved,0,,,5,0,1,1,1,15
CASE-02497,PAT-00643,REP-020,CardioPlus-25mg,Cardiology,Medicaid,2026-04-29,2026-05-01,2,2026-05-01,,Approved,8,2026-05-17,2026-05-21,22,Resolved,0,,,2,1,1,1,0,10
CASE-02498,PAT-00358,REP-021,DrugBeta-50mg,Immunology,Commercial,2026-02-04,2026-02-06,2,2026-02-06,2026-02-19,Denied,13,,,,Open,0,,,2,0,,,,
CASE-02499,PAT-01489,REP-010,DrugAlpha-100mg,Rare Disease,Medicare,2025-08-28,2025-08-30,2,2025-09-04,2025-10-03,Approved,29,2025-10-05,2025-10-09,42,Resolved,0,,,2,1,1,0,0,36
CASE-02500,PAT-00922,REP-004,CardioPlus-25mg,Rare Disease,Medicare,2025-10-03,2025-10-05,2,2025-10-08,2025-10-29,Appeal,21,,,,In Progress,0,,,12,0,,,,
CASE-02501,PAT-00745,REP-020,DrugBeta-50mg,Neurology,Commercial,2025-08-05,2025-08-07,2,2025-08-07,2025-08-16,Approved,9,2025-08-20,2025-08-21,16,Resolved,0,,,4,1,1,1,1,11
CASE-02502,PAT-01653,REP-019,DrugBeta-50mg,Oncology,Commercial,2026-01-30,2026-02-01,2,2026-02-05,2026-02-16,Approved,11,2026-02-26,2026-03-03,32,Resolved,0,,,3,0,1,1,0,17
CASE-02503,PAT-00795,REP-012,DrugAlpha-100mg,Immunology,Medicare,2025-07-15,2025-07-17,2,2025-07-18,2025-08-16,Appeal,29,,,,Open,0,,,11,0,,,,
CASE-02504,PAT-00565,REP-010,CardioPlus-25mg,Neurology,Commercial,2025-08-29,2025-08-31,2,2025-09-02,2025-09-20,Approved,18,2025-09-30,2025-10-03,35,Resolved,0,,,12,0,0,0,0,22
CASE-02505,PAT-01840,REP-004,NeuroX-75mg,Rare Disease,Medicaid,2026-01-02,2026-01-06,4,2026-01-09,2026-01-31,Pending,22,,,,In Progress,0,,,3,0,,,,
CASE-02506,PAT-00540,REP-024,NeuroX-75mg,Neurology,Self-Pay,2025-08-01,2025-08-04,3,2025-08-08,2025-08-11,Approved,3,2025-08-14,2025-08-19,18,Resolved,0,,,4,0,1,1,1,10
CASE-02507,PAT-00599,REP-019,CardioPlus-25mg,Rare Disease,Commercial,2026-04-19,2026-04-21,2,2026-04-22,,Approved,14,2026-05-14,2026-05-19,30,Resolved,0,,,10,1,1,1,1,17
CASE-02508,PAT-01197,REP-004,NeuroX-75mg,Immunology,Medicare,2026-02-19,2026-02-21,2,2026-02-24,2026-03-24,Denied,28,,,,Abandoned,1,Patient Deceased,During PA,1,0,,,,
CASE-02509,PAT-00604,REP-020,NeuroX-75mg,Immunology,Commercial,2026-01-12,2026-01-14,2,2026-01-14,2026-01-20,Approved,6,2026-01-22,2026-01-27,15,Resolved,0,,,10,0,1,1,1,8
CASE-02510,PAT-01319,REP-004,CardioPlus-25mg,Immunology,Commercial,2026-02-10,2026-02-11,1,2026-02-13,2026-02-20,Approved,7,2026-02-26,2026-03-03,21,Resolved,0,,,8,0,1,1,1,10
CASE-02511,PAT-00012,REP-004,NeuroX-75mg,Neurology,Medicaid,2025-07-24,2025-07-27,3,2025-07-26,2025-08-08,Approved,13,,,,Abandoned,1,Patient Lost Contact,Post-PA,4,0,,,,
CASE-02512,PAT-01839,REP-004,DrugGamma-200mg,Immunology,Medicaid,2025-11-10,2025-11-11,1,2025-11-13,2025-12-28,Denied,45,,,,In Progress,0,,,5,0,,,,
CASE-02513,PAT-00053,REP-004,DrugBeta-50mg,Neurology,Commercial,2025-09-11,2025-09-16,5,2025-09-16,2025-10-04,Approved,18,2025-10-12,2025-10-16,35,Resolved,0,,,3,1,1,0,0,23
CASE-02514,PAT-00644,REP-020,DrugAlpha-100mg,Cardiology,Self-Pay,2026-01-03,2026-01-04,1,2026-01-08,2026-01-18,Approved,10,2026-01-22,2026-01-22,19,Resolved,0,,,11,0,1,0,1,15
CASE-02515,PAT-00316,REP-015,NeuroX-75mg,Immunology,Medicare,2025-09-15,2025-09-17,2,2025-09-21,2025-10-01,Denied,10,,,,In Progress,0,,,10,0,,,,
CASE-02516,PAT-00032,REP-015,DrugGamma-200mg,Immunology,Commercial,2025-09-06,2025-09-07,1,2025-09-09,2025-09-27,Approved,18,2025-10-06,2025-10-07,31,Resolved,0,,,11,1,1,1,1,21
CASE-02517,PAT-01167,REP-004,DrugGamma-200mg,Neurology,Medicaid,2025-10-05,2025-10-09,4,2025-10-06,2025-10-31,Appeal,25,,,,Abandoned,1,Unknown,During PA,1,0,,,,
CASE-02518,PAT-01442,REP-021,NeuroX-75mg,Cardiology,Commercial,2026-01-04,2026-01-06,2,2026-01-06,2026-01-18,Pending,12,,,,In Progress,0,,,4,0,,,,
CASE-02519,PAT-01403,REP-012,CardioPlus-25mg,Cardiology,Self-Pay,2026-03-18,2026-03-19,1,2026-03-20,2026-04-03,Approved,14,2026-04-07,2026-04-09,22,Resolved,0,,,10,1,1,1,0,16
CASE-02520,PAT-01531,REP-012,DrugGamma-200mg,Rare Disease,Medicare,2026-03-02,2026-03-06,4,2026-03-05,2026-03-14,Appeal,9,,,,Abandoned,1,Side Effect Concerns,During PA,4,0,,,,
CASE-02521,PAT-00316,REP-015,NeuroX-75mg,Immunology,Medicare,2025-08-24,2025-08-26,2,2025-08-28,2025-09-25,Denied,28,,,,Abandoned,1,Side Effect Concerns,During PA,4,0,,,,
CASE-02522,PAT-01444,REP-012,NeuroX-75mg,Cardiology,Medicare,2025-09-26,2025-09-29,3,2025-10-01,2025-10-21,Appeal,20,,,,In Progress,0,,,2,0,,,,
CASE-02523,PAT-00221,REP-021,DrugAlpha-100mg,Cardiology,Medicare,2025-08-12,2025-08-18,6,2025-08-15,2025-08-23,Approved,8,2025-08-29,2025-09-02,21,Resolved,0,,,11,0,1,1,1,11
CASE-02524,PAT-01149,REP-015,CardioPlus-25mg,Immunology,Commercial,2025-10-18,2025-10-20,2,2025-10-25,2025-11-01,Approved,7,2025-11-03,2025-11-03,16,Resolved,0,,,3,1,1,0,0,14
CASE-02525,PAT-01556,REP-012,DrugBeta-50mg,Rare Disease,Medicare,2025-12-06,2025-12-08,2,2025-12-08,2026-01-06,Approved,29,2026-01-12,2026-01-13,38,Resolved,0,,,11,0,1,1,1,31
CASE-02526,PAT-01203,REP-010,NeuroX-75mg,Cardiology,Commercial,2025-09-29,2025-09-30,1,2025-10-05,2025-10-17,Denied,12,,,,In Progress,0,,,9,0,,,,
CASE-02527,PAT-00079,REP-024,NeuroX-75mg,Rare Disease,Self-Pay,2025-09-10,2025-09-13,3,2025-09-11,2025-09-16,Approved,5,2025-09-20,2025-09-21,11,Resolved,0,,,10,0,0,0,1,6
CASE-02528,PAT-01370,REP-019,DrugGamma-200mg,Cardiology,Commercial,2025-08-22,2025-08-26,4,2025-08-23,2025-09-05,Approved,13,,,,Abandoned,1,Patient Deceased,Post-PA,4,0,,,,
CASE-02529,PAT-00583,REP-020,DrugBeta-50mg,Rare Disease,Self-Pay,2025-09-17,2025-09-20,3,2025-09-19,2025-09-27,Approved,8,2025-10-02,2025-10-05,18,Resolved,0,,,5,1,1,1,1,10
CASE-02530,PAT-01861,REP-004,DrugBeta-50mg,Immunology,Commercial,2025-10-05,2025-10-08,3,2025-10-07,2025-10-22,Pending,15,,,,Open,0,,,11,0,,,,
CASE-02531,PAT-01410,REP-015,NeuroX-75mg,Oncology,Commercial,2025-12-03,2025-12-04,1,2025-12-10,2025-12-21,Approved,11,2025-12-27,2025-12-27,24,Resolved,0,,,12,0,1,0,0,18
CASE-02532,PAT-01079,REP-004,CardioPlus-25mg,Immunology,Medicare,2025-09-28,2025-10-04,6,2025-09-29,2025-10-09,Denied,10,,,,Abandoned,1,Switched Therapy,Post-PA,0,0,,,,
CASE-02533,PAT-00184,REP-024,DrugBeta-50mg,Cardiology,Commercial,2025-07-14,2025-07-15,1,2025-07-17,2025-07-20,Approved,3,,,,Abandoned,1,Insurance Delay,Post-Fulfillment,4,0,,,,
CASE-02534,PAT-01058,REP-019,DrugBeta-50mg,Rare Disease,Commercial,2025-08-06,2025-08-09,3,2025-08-12,2025-08-31,Approved,19,2025-09-03,2025-09-03,28,Resolved,0,,,10,0,1,0,1,25
CASE-02535,PAT-00283,REP-012,CardioPlus-25mg,Oncology,Medicare,2025-10-11,2025-10-14,3,2025-10-16,2025-11-01,Approved,16,2025-11-02,2025-11-05,25,Resolved,0,,,10,1,1,1,1,21
CASE-02536,PAT-01144,REP-020,DrugBeta-50mg,Neurology,Medicare,2025-07-01,2025-07-07,6,2025-07-05,2025-08-01,Approved,27,2025-08-11,2025-08-11,41,Resolved,0,,,8,0,1,1,0,31
CASE-02537,PAT-00394,REP-024,CardioPlus-25mg,Cardiology,Commercial,2025-12-15,2025-12-20,5,2025-12-20,2025-12-23,Appeal,3,,,,In Progress,0,,,3,0,,,,
CASE-02538,PAT-01076,REP-019,DrugAlpha-100mg,Rare Disease,Commercial,2025-09-08,2025-09-15,7,2025-09-14,2025-09-27,Approved,13,2025-09-28,2025-09-30,22,Resolved,0,,,6,1,1,1,0,19
CASE-02539,PAT-00700,REP-021,NeuroX-75mg,Cardiology,Commercial,2026-01-08,2026-01-09,1,2026-01-11,2026-01-29,Approved,18,2026-01-31,2026-02-04,27,Resolved,0,,,6,1,1,1,1,21
CASE-02540,PAT-00098,REP-020,CardioPlus-25mg,Immunology,Self-Pay,2026-02-16,2026-02-21,5,2026-02-18,2026-02-23,Approved,5,2026-03-04,2026-03-05,17,Resolved,0,,,11,1,1,1,0,7
CASE-02541,PAT-01471,REP-021,NeuroX-75mg,Immunology,Self-Pay,2026-02-12,2026-02-16,4,2026-02-19,2026-02-28,Approved,9,2026-03-08,2026-03-08,24,Resolved,0,,,4,1,1,1,1,16
CASE-02542,PAT-01996,REP-019,DrugGamma-200mg,Neurology,Medicaid,2026-02-11,2026-02-12,1,2026-02-16,2026-03-08,Approved,20,2026-03-16,2026-03-17,34,Resolved,0,,,2,1,1,1,1,25
CASE-02543,PAT-01573,REP-020,CardioPlus-25mg,Cardiology,Commercial,2026-01-24,2026-01-29,5,2026-01-27,2026-02-05,Appeal,9,,,,Open,0,,,2,0,,,,
CASE-02544,PAT-00811,REP-019,DrugBeta-50mg,Immunology,Medicare,2025-08-27,2025-09-01,5,2025-08-30,2025-09-19,Approved,20,2025-09-28,2025-10-02,36,Resolved,0,,,8,0,1,0,0,23
CASE-02545,PAT-01660,REP-004,NeuroX-75mg,Cardiology,Medicaid,2025-07-28,2025-07-30,2,2025-07-30,2025-09-11,Denied,43,,,,In Progress,0,,,12,0,,,,
CASE-02546,PAT-00986,REP-010,DrugAlpha-100mg,Cardiology,VA,2025-08-09,2025-08-14,5,2025-08-16,2025-08-27,Approved,11,2025-09-01,2025-09-05,27,Resolved,0,,,4,0,1,1,0,18
CASE-02547,PAT-01843,REP-010,DrugGamma-200mg,Rare Disease,Commercial,2025-08-29,2025-08-30,1,2025-09-05,2025-09-25,Approved,20,2025-10-01,2025-10-04,36,Resolved,0,,,12,0,1,0,0,27
CASE-02548,PAT-01540,REP-021,DrugAlpha-100mg,Neurology,VA,2026-03-13,2026-03-20,7,2026-03-19,2026-03-21,Approved,2,2026-03-25,2026-03-27,14,Resolved,0,,,12,0,1,0,0,8
CASE-02549,PAT-01681,REP-019,DrugBeta-50mg,Neurology,Commercial,2025-08-17,2025-08-18,1,2025-08-19,2025-08-26,Approved,7,2025-09-01,2025-09-04,18,Resolved,0,,,3,0,1,1,0,9
CASE-02550,PAT-00231,REP-004,DrugAlpha-100mg,Rare Disease,Commercial,2025-10-26,2025-10-28,2,2025-10-29,2025-11-09,Appeal,11,,,,In Progress,0,,,8,0,,,,
CASE-02551,PAT-00284,REP-024,NeuroX-75mg,Oncology,Commercial,2026-02-10,2026-02-11,1,2026-02-17,2026-02-23,Approved,6,2026-02-24,2026-02-27,17,Resolved,0,,,8,1,1,1,0,13
CASE-02552,PAT-01776,REP-024,CardioPlus-25mg,Immunology,Medicare,2025-10-05,2025-10-06,1,2025-10-09,2025-10-16,Approved,7,2025-10-21,2025-10-26,21,Resolved,0,,,4,0,0,0,0,11
CASE-02553,PAT-00178,REP-020,NeuroX-75mg,Rare Disease,Medicare,2025-07-30,2025-08-04,5,2025-08-02,2025-08-17,Appeal,15,,,,Open,0,,,11,0,,,,
CASE-02554,PAT-00318,REP-010,CardioPlus-25mg,Oncology,Commercial,2025-07-19,2025-07-21,2,2025-07-23,2025-07-29,Denied,6,,,,Open,0,,,4,0,,,,
CASE-02555,PAT-00095,REP-012,NeuroX-75mg,Rare Disease,Commercial,2025-10-19,2025-10-23,4,2025-10-22,2025-11-08,Approved,17,2025-11-15,2025-11-17,29,Resolved,0,,,6,1,0,0,0,20
CASE-02556,PAT-01591,REP-021,NeuroX-75mg,Cardiology,Medicare,2025-12-22,2025-12-27,5,2025-12-28,2026-01-06,Approved,9,2026-01-13,2026-01-14,23,Resolved,0,,,4,0,1,1,1,15
CASE-02557,PAT-01567,REP-012,CardioPlus-25mg,Immunology,Medicare,2026-01-24,2026-01-27,3,2026-01-29,2026-02-23,Approved,25,2026-03-04,2026-03-06,41,Resolved,0,,,9,0,1,1,0,30
CASE-02558,PAT-01852,REP-024,DrugAlpha-100mg,Neurology,Commercial,2026-01-09,2026-01-12,3,2026-01-16,2026-01-31,Approved,15,2026-02-07,2026-02-07,29,Resolved,0,,,11,0,1,1,0,22
CASE-02559,PAT-01776,REP-015,CardioPlus-25mg,Immunology,Medicare,2025-08-16,2025-08-22,6,2025-08-17,2025-09-11,Approved,25,2025-09-20,2025-09-21,36,Resolved,0,,,10,1,1,1,0,26
CASE-02560,PAT-00984,REP-024,DrugBeta-50mg,Oncology,Medicaid,2026-03-28,2026-03-31,3,2026-04-03,2026-04-14,Approved,11,2026-04-22,2026-04-26,29,Resolved,0,,,8,0,1,1,1,17
CASE-02561,PAT-01767,REP-012,DrugAlpha-100mg,Cardiology,Commercial,2025-07-16,2025-07-19,3,2025-07-21,2025-08-04,Approved,14,2025-08-09,2025-08-12,27,Resolved,0,,,9,0,1,1,1,19
CASE-02562,PAT-00731,REP-024,DrugAlpha-100mg,Neurology,Commercial,2025-12-06,2025-12-13,7,2025-12-07,2025-12-20,Approved,13,2025-12-26,2025-12-27,21,Resolved,0,,,9,0,1,1,1,14
CASE-02563,PAT-00878,REP-019,CardioPlus-25mg,Immunology,Medicaid,2025-07-20,2025-07-23,3,2025-07-26,2025-08-31,Approved,36,2025-09-06,2025-09-08,50,Resolved,0,,,9,1,1,1,1,42
CASE-02564,PAT-00590,REP-012,DrugGamma-200mg,Oncology,Commercial,2025-11-03,2025-11-04,1,2025-11-06,2025-11-26,Approved,20,2025-12-01,2025-12-01,28,Resolved,0,,,9,1,1,1,1,23
CASE-02565,PAT-00807,REP-012,DrugBeta-50mg,Immunology,Self-Pay,2025-08-30,2025-09-02,3,2025-09-04,2025-09-09,Approved,5,2025-09-18,2025-09-22,23,Resolved,0,,,10,1,1,1,0,10
CASE-02566,PAT-01274,REP-024,DrugBeta-50mg,Oncology,Medicare,2026-02-03,2026-02-04,1,2026-02-05,2026-02-26,Pending,21,,,,Open,0,,,1,0,,,,
CASE-02567,PAT-00678,REP-024,NeuroX-75mg,Cardiology,Medicare,2025-12-17,2025-12-24,7,2025-12-18,2026-01-14,Approved,27,2026-01-21,2026-01-22,36,Resolved,0,,,10,0,1,1,1,28
CASE-02568,PAT-01201,REP-015,DrugBeta-50mg,Neurology,Self-Pay,2025-11-14,2025-11-21,7,2025-11-19,2025-11-23,Approved,4,2025-11-30,2025-12-02,18,Resolved,0,,,1,0,1,1,1,9
CASE-02569,PAT-01072,REP-010,DrugAlpha-100mg,Neurology,Medicaid,2026-04-24,2026-04-27,3,2026-04-28,,Approved,32,2026-06-07,2026-06-12,49,Resolved,0,,,3,0,1,1,1,36
CASE-02570,PAT-00253,REP-020,DrugGamma-200mg,Oncology,Commercial,2025-11-24,2025-11-26,2,2025-11-29,2025-12-11,Approved,12,2025-12-13,2025-12-16,22,Resolved,0,,,11,0,1,1,0,17
CASE-02571,PAT-00375,REP-004,NeuroX-75mg,Oncology,Commercial,2025-12-10,2025-12-13,3,2025-12-17,2025-12-22,Denied,5,,,,Abandoned,1,Side Effect Concerns,During PA,4,0,,,,
CASE-02572,PAT-00152,REP-020,NeuroX-75mg,Neurology,Commercial,2026-03-31,2026-04-07,7,2026-04-06,2026-04-16,Approved,10,2026-04-20,2026-04-25,25,Resolved,0,,,12,1,1,1,1,16
CASE-02573,PAT-00108,REP-019,DrugAlpha-100mg,Neurology,Medicare,2026-01-27,2026-01-29,2,2026-01-29,2026-02-17,Denied,19,,,,Open,0,,,9,0,,,,
CASE-02574,PAT-01771,REP-010,CardioPlus-25mg,Rare Disease,Commercial,2026-03-10,2026-03-12,2,2026-03-16,2026-03-27,Approved,11,2026-04-05,2026-04-06,27,Resolved,0,,,10,0,1,1,1,17
CASE-02575,PAT-01667,REP-004,DrugAlpha-100mg,Neurology,Medicaid,2026-01-02,2026-01-08,6,2026-01-06,2026-02-04,Denied,29,,,,Abandoned,1,Cost Concerns,Post-PA,3,0,,,,
CASE-02576,PAT-00972,REP-010,NeuroX-75mg,Neurology,Medicaid,2025-08-31,2025-09-02,2,2025-09-01,2025-10-10,Approved,39,2025-10-14,2025-10-19,49,Resolved,0,,,4,0,1,0,0,40
CASE-02577,PAT-01627,REP-021,NeuroX-75mg,Oncology,Medicare,2026-01-18,2026-01-21,3,2026-01-22,2026-01-27,Approved,5,2026-02-01,2026-02-04,17,Resolved,0,,,4,1,1,1,0,9
CASE-02578,PAT-00702,REP-012,DrugGamma-200mg,Immunology,Medicare,2025-09-25,2025-09-27,2,2025-09-27,2025-10-22,Approved,25,2025-10-29,2025-10-30,35,Resolved,0,,,9,0,1,0,0,27
CASE-02579,PAT-00839,REP-020,DrugGamma-200mg,Neurology,Medicare,2025-10-07,2025-10-11,4,2025-10-11,2025-10-21,Approved,10,,,,Abandoned,1,Insurance Delay,Post-Fulfillment,3,0,,,,
CASE-02580,PAT-01785,REP-021,DrugAlpha-100mg,Rare Disease,Commercial,2025-12-16,2025-12-20,4,2025-12-23,2026-01-09,Approved,17,2026-01-16,2026-01-20,35,Resolved,0,,,12,0,1,0,0,24
CASE-02581,PAT-01374,REP-004,DrugBeta-50mg,Immunology,Medicare,2025-11-15,2025-11-17,2,2025-11-17,2025-11-28,Approved,11,2025-11-30,2025-11-30,15,Resolved,0,,,4,0,1,1,0,13
CASE-02582,PAT-00074,REP-020,NeuroX-75mg,Cardiology,Medicare,2025-11-02,2025-11-06,4,2025-11-08,2025-12-08,Approved,30,2025-12-10,2025-12-11,39,Resolved,0,,,5,1,1,0,1,36
CASE-02583,PAT-00611,REP-012,CardioPlus-25mg,Rare Disease,Medicare,2025-09-14,2025-09-15,1,2025-09-21,2025-10-12,Approved,21,2025-10-15,2025-10-17,33,Resolved,0,,,6,0,0,0,0,28
CASE-02584,PAT-01323,REP-021,DrugGamma-200mg,Oncology,VA,2026-01-05,2026-01-06,1,2026-01-06,2026-01-18,Approved,12,2026-01-26,2026-01-26,21,Resolved,0,,,4,1,1,1,0,13
CASE-02585,PAT-01267,REP-019,NeuroX-75mg,Immunology,Medicare,2026-04-22,2026-04-24,2,2026-04-27,,Denied,15,,,,Open,0,,,12,0,,,,
CASE-02586,PAT-00258,REP-015,DrugBeta-50mg,Oncology,Medicare,2026-04-14,2026-04-18,4,2026-04-21,,Approved,12,2026-05-04,2026-05-08,24,Resolved,0,,,3,1,1,0,0,19
CASE-02587,PAT-00907,REP-012,DrugGamma-200mg,Immunology,Self-Pay,2026-01-26,2026-01-27,1,2026-01-29,2026-02-02,Appeal,4,,,,Open,0,,,8,0,,,,
CASE-02588,PAT-01765,REP-019,DrugBeta-50mg,Cardiology,Medicare,2025-09-14,2025-09-15,1,2025-09-20,2025-10-11,Pending,21,,,,Abandoned,1,Unknown,During PA,1,0,,,,
CASE-02589,PAT-01535,REP-019,DrugGamma-200mg,Rare Disease,Commercial,2025-11-20,2025-11-21,1,2025-11-26,2025-12-17,Approved,21,2025-12-27,2025-12-29,39,Resolved,0,,,5,0,1,1,0,27
CASE-02590,PAT-00843,REP-010,CardioPlus-25mg,Cardiology,Commercial,2026-04-11,2026-04-13,2,2026-04-18,2026-04-29,Approved,11,2026-05-02,2026-05-04,23,Resolved,0,,,4,1,1,0,0,18
CASE-02591,PAT-01076,REP-024,DrugAlpha-100mg,Rare Disease,Commercial,2025-12-30,2026-01-05,6,2026-01-05,2026-01-24,Approved,19,2026-01-30,2026-02-02,34,Resolved,0,,,2,0,0,0,0,25
CASE-02592,PAT-00342,REP-015,DrugAlpha-100mg,Cardiology,Commercial,2025-09-11,2025-09-12,1,2025-09-17,2025-09-21,Denied,4,,,,Open,0,,,4,0,,,,
CASE-02593,PAT-00634,REP-021,NeuroX-75mg,Oncology,Commercial,2026-01-17,2026-01-19,2,2026-01-22,2026-02-02,Denied,11,,,,In Progress,0,,,4,0,,,,
CASE-02594,PAT-00623,REP-004,CardioPlus-25mg,Oncology,Commercial,2026-01-28,2026-01-31,3,2026-01-30,2026-02-02,Approved,3,2026-02-04,2026-02-04,7,Resolved,0,,,2,0,1,1,1,5
CASE-02595,PAT-00091,REP-021,DrugGamma-200mg,Neurology,Medicare,2025-12-01,2025-12-02,1,2025-12-04,2025-12-09,Approved,5,2025-12-13,2025-12-18,17,Resolved,0,,,6,0,1,1,0,8
CASE-02596,PAT-00953,REP-004,NeuroX-75mg,Cardiology,Medicaid,2025-12-10,2025-12-12,2,2025-12-14,2026-01-09,Denied,26,,,,Abandoned,1,Patient Lost Contact,Post-PA,4,0,,,,
CASE-02597,PAT-00046,REP-024,NeuroX-75mg,Immunology,Self-Pay,2025-07-03,2025-07-08,5,2025-07-04,2025-07-16,Approved,12,2025-07-26,2025-07-26,23,Resolved,0,,,6,0,1,1,0,13
CASE-02598,PAT-00322,REP-010,NeuroX-75mg,Neurology,Medicare,2025-09-18,2025-09-20,2,2025-09-20,2025-10-13,Approved,23,,,,Abandoned,1,Patient Lost Contact,Post-Fulfillment,0,0,,,,
CASE-02599,PAT-01236,REP-010,NeuroX-75mg,Neurology,Medicare,2025-11-27,2025-11-28,1,2025-12-03,2025-12-16,Approved,13,2025-12-18,2025-12-23,26,Resolved,0,,,7,0,1,1,1,19
CASE-02600,PAT-00404,REP-004,NeuroX-75mg,Neurology,Medicaid,2026-04-06,2026-04-09,3,2026-04-13,,Pending,45,,,,In Progress,0,,,10,0,,,,
CASE-02601,PAT-00064,REP-020,DrugGamma-200mg,Rare Disease,Self-Pay,2025-11-02,2025-11-08,6,2025-11-03,2025-11-06,Approved,3,2025-11-16,2025-11-20,18,Resolved,0,,,7,0,1,1,1,4
CASE-02602,PAT-01729,REP-019,CardioPlus-25mg,Rare Disease,Commercial,2025-07-26,2025-07-27,1,2025-07-31,2025-08-08,Approved,8,2025-08-17,2025-08-22,27,Resolved,0,,,6,0,1,1,0,13
CASE-02603,PAT-00515,REP-021,CardioPlus-25mg,Neurology,Medicaid,2025-09-04,2025-09-07,3,2025-09-08,2025-10-02,Approved,24,,,,Abandoned,1,Insurance Delay,Post-Fulfillment,1,0,,,,
CASE-02604,PAT-01072,REP-024,DrugAlpha-100mg,Neurology,Medicaid,2025-11-13,2025-11-16,3,2025-11-19,2025-12-21,Denied,32,,,,Abandoned,1,Cost Concerns,During PA,2,0,,,,
CASE-02605,PAT-00527,REP-021,NeuroX-75mg,Immunology,Commercial,2025-10-03,2025-10-07,4,2025-10-06,2025-10-23,Approved,17,2025-10-29,2025-11-03,31,Resolved,0,,,4,0,1,1,1,20
CASE-02606,PAT-01374,REP-004,DrugBeta-50mg,Immunology,Medicare,2025-11-07,2025-11-09,2,2025-11-14,2025-11-29,Approved,15,2025-12-01,2025-12-04,27,Resolved,0,,,4,1,1,1,0,22
CASE-02607,PAT-00627,REP-020,CardioPlus-25mg,Cardiology,Self-Pay,2025-08-08,2025-08-11,3,2025-08-13,2025-08-24,Approved,11,2025-08-28,2025-09-01,24,Resolved,0,,,11,0,1,0,0,16
CASE-02608,PAT-00005,REP-004,NeuroX-75mg,Immunology,Medicare,2025-07-18,2025-07-19,1,2025-07-24,2025-08-14,Approved,21,2025-08-18,2025-08-22,35,Resolved,0,,,6,1,1,0,0,27
CASE-02609,PAT-00286,REP-010,CardioPlus-25mg,Cardiology,Commercial,2025-10-02,2025-10-03,1,2025-10-09,2025-10-27,Approved,18,2025-11-04,2025-11-07,36,Resolved,0,,,4,1,1,0,0,25
CASE-02610,PAT-01034,REP-004,NeuroX-75mg,Oncology,Medicaid,2025-08-12,2025-08-19,7,2025-08-13,2025-09-25,Pending,43,,,,Abandoned,1,Cost Concerns,During PA,3,0,,,,
CASE-02611,PAT-00677,REP-004,DrugGamma-200mg,Cardiology,Commercial,2026-02-05,2026-02-08,3,2026-02-07,2026-02-12,Denied,5,,,,In Progress,0,,,1,0,,,,
CASE-02612,PAT-01259,REP-012,DrugGamma-200mg,Oncology,Commercial,2025-07-02,2025-07-05,3,2025-07-07,2025-07-13,Approved,6,2025-07-14,2025-07-14,12,Resolved,0,,,12,1,1,1,1,11
CASE-02613,PAT-00727,REP-004,DrugAlpha-100mg,Rare Disease,Medicare,2025-12-13,2025-12-17,4,2025-12-17,2026-01-09,Approved,23,2026-01-19,2026-01-23,41,Resolved,0,,,10,1,1,1,0,27
CASE-02614,PAT-01745,REP-004,DrugAlpha-100mg,Rare Disease,Medicare,2026-04-19,2026-04-20,1,2026-04-23,,Appeal,23,,,,Open,0,,,3,0,,,,
CASE-02615,PAT-01966,REP-012,DrugAlpha-100mg,Immunology,Medicare,2025-09-14,2025-09-17,3,2025-09-15,2025-10-07,Approved,22,2025-10-16,2025-10-16,32,Resolved,0,,,6,1,1,0,1,23
CASE-02616,PAT-01051,REP-024,DrugAlpha-100mg,Immunology,Medicare,2026-04-04,2026-04-05,1,2026-04-05,,Approved,27,2026-05-11,2026-05-11,37,Resolved,0,,,6,1,1,0,0,28
CASE-02617,PAT-01650,REP-004,DrugAlpha-100mg,Cardiology,Commercial,2025-07-03,2025-07-04,1,2025-07-05,2025-07-16,Approved,11,2025-07-19,2025-07-21,18,Resolved,0,,,6,1,1,1,1,13
CASE-02618,PAT-01853,REP-004,DrugBeta-50mg,Oncology,Commercial,2025-07-12,2025-07-15,3,2025-07-13,2025-07-23,Approved,10,2025-07-28,2025-07-30,18,Resolved,0,,,10,0,1,1,1,11
CASE-02619,PAT-00705,REP-024,DrugAlpha-100mg,Immunology,Commercial,2025-07-08,2025-07-11,3,2025-07-10,2025-07-18,Approved,8,2025-07-26,2025-07-31,23,Resolved,0,,,6,0,1,1,1,10
CASE-02620,PAT-01977,REP-024,DrugAlpha-100mg,Oncology,Medicaid,2025-08-08,2025-08-09,1,2025-08-09,2025-08-22,Approved,13,2025-09-01,2025-09-05,28,Resolved,0,,,8,1,1,1,0,14
CASE-02621,PAT-00630,REP-010,DrugGamma-200mg,Rare Disease,Medicare,2025-11-30,2025-12-01,1,2025-12-01,2025-12-07,Approved,6,2025-12-13,2025-12-16,16,Resolved,0,,,5,0,1,0,1,7
CASE-02622,PAT-00756,REP-015,DrugAlpha-100mg,Cardiology,Commercial,2025-10-25,2025-10-28,3,2025-11-01,2025-11-07,Approved,6,2025-11-14,2025-11-16,22,Resolved,0,,,10,0,1,1,0,13
CASE-02623,PAT-01887,REP-024,NeuroX-75mg,Neurology,Self-Pay,2025-10-22,2025-10-28,6,2025-10-24,2025-11-07,Approved,14,2025-11-13,2025-11-13,22,Resolved,0,,,11,1,0,0,0,16
CASE-02624,PAT-00313,REP-004,DrugAlpha-100mg,Immunology,Medicare,2025-08-05,2025-08-07,2,2025-08-11,2025-09-02,Denied,22,,,,Abandoned,1,Insurance Delay,Post-PA,4,0,,,,
CASE-02625,PAT-00870,REP-021,NeuroX-75mg,Oncology,Commercial,2026-01-12,2026-01-16,4,2026-01-14,2026-02-02,Approved,19,2026-02-09,2026-02-10,29,Resolved,0,,,12,0,1,1,1,21
CASE-02626,PAT-00453,REP-010,DrugGamma-200mg,Cardiology,Medicare,2026-02-08,2026-02-15,7,2026-02-13,2026-03-07,Denied,22,,,,Open,0,,,8,0,,,,
CASE-02627,PAT-00519,REP-019,DrugAlpha-100mg,Immunology,Commercial,2026-01-09,2026-01-15,6,2026-01-11,2026-01-25,Approved,14,2026-01-29,2026-02-02,24,Resolved,0,,,1,1,1,0,0,16
CASE-02628,PAT-01636,REP-004,DrugBeta-50mg,Neurology,Medicaid,2025-09-19,2025-09-21,2,2025-09-21,2025-11-01,Approved,41,2025-11-09,2025-11-11,53,Resolved,0,,,6,1,1,1,1,43
CASE-02629,PAT-00360,REP-024,DrugAlpha-100mg,Rare Disease,Commercial,2026-02-20,2026-02-26,6,2026-02-25,2026-03-05,Pending,8,,,,In Progress,0,,,3,0,,,,
CASE-02630,PAT-00197,REP-004,DrugBeta-50mg,Rare Disease,Medicare,2025-12-04,2025-12-09,5,2025-12-10,2025-12-25,Approved,15,2026-01-04,2026-01-05,32,Resolved,0,,,12,0,0,0,0,21
CASE-02631,PAT-01694,REP-004,NeuroX-75mg,Oncology,Commercial,2025-10-18,2025-10-19,1,2025-10-22,2025-10-30,Denied,8,,,,In Progress,0,,,5,0,,,,
CASE-02632,PAT-01240,REP-010,DrugBeta-50mg,Immunology,Medicare,2025-10-01,2025-10-03,2,2025-10-03,2025-10-18,Approved,15,2025-10-20,2025-10-25,24,Resolved,0,,,6,1,0,1,1,17
CASE-02633,PAT-01957,REP-021,DrugAlpha-100mg,Oncology,Commercial,2025-09-02,2025-09-04,2,2025-09-04,2025-09-13,Approved,9,2025-09-22,2025-09-25,23,Resolved,0,,,1,0,1,1,0,11
CASE-02634,PAT-01788,REP-004,CardioPlus-25mg,Neurology,Commercial,2026-02-12,2026-02-13,1,2026-02-14,2026-03-02,Approved,16,2026-03-10,2026-03-11,27,Resolved,0,,,6,1,1,0,0,18
CASE-02635,PAT-00201,REP-019,DrugBeta-50mg,Neurology,Commercial,2025-11-06,2025-11-07,1,2025-11-12,2025-11-24,Approved,12,,,,Abandoned,1,Side Effect Concerns,Post-Fulfillment,3,0,,,,
CASE-02636,PAT-00218,REP-021,DrugAlpha-100mg,Cardiology,Commercial,2025-12-24,2025-12-26,2,2025-12-29,2026-01-10,Approved,12,2026-01-20,2026-01-22,29,Resolved,0,,,12,0,0,0,1,17
CASE-02637,PAT-00437,REP-019,DrugBeta-50mg,Cardiology,Medicare,2026-02-09,2026-02-11,2,2026-02-13,2026-02-26,Approved,13,2026-03-05,2026-03-08,27,Resolved,0,,,12,1,1,1,0,17
CASE-02638,PAT-00437,REP-010,DrugBeta-50mg,Cardiology,Medicare,2026-02-04,2026-02-05,1,2026-02-08,2026-02-19,Denied,11,,,,Open,0,,,2,0,,,,
CASE-02639,PAT-01874,REP-012,CardioPlus-25mg,Neurology,VA,2026-02-13,2026-02-14,1,2026-02-16,2026-02-25,Denied,9,,,,Abandoned,1,Insurance Delay,Post-PA,4,0,,,,
CASE-02640,PAT-00394,REP-004,CardioPlus-25mg,Cardiology,Commercial,2026-02-27,2026-03-01,2,2026-03-01,2026-03-08,Approved,7,2026-03-17,2026-03-20,21,Resolved,0,,,12,0,0,0,0,9
CASE-02641,PAT-01059,REP-012,DrugGamma-200mg,Neurology,Commercial,2026-02-06,2026-02-07,1,2026-02-09,2026-02-18,Approved,9,2026-02-21,2026-02-24,18,Resolved,0,,,11,0,1,1,1,12
CASE-02642,PAT-00316,REP-012,NeuroX-75mg,Immunology,Medicare,2026-04-18,2026-04-24,6,2026-04-19,2026-04-24,Approved,5,2026-05-02,2026-05-06,18,Resolved,0,,,11,1,1,1,1,6
CASE-02643,PAT-01689,REP-021,DrugBeta-50mg,Rare Disease,Medicare,2026-03-31,2026-04-02,2,2026-04-05,2026-04-15,Approved,10,2026-04-25,2026-04-28,28,Resolved,0,,,8,0,1,1,1,15
CASE-02644,PAT-00712,REP-010,CardioPlus-25mg,Cardiology,Medicare,2025-08-03,2025-08-06,3,2025-08-09,2025-08-20,Denied,11,,,,Open,0,,,1,0,,,,
CASE-02645,PAT-01301,REP-004,DrugBeta-50mg,Immunology,Commercial,2025-11-01,2025-11-02,1,2025-11-05,2025-11-24,Approved,19,2025-11-25,2025-11-30,29,Resolved,0,,,6,1,0,1,1,23
CASE-02646,PAT-00918,REP-010,DrugGamma-200mg,Neurology,Commercial,2025-10-16,2025-10-18,2,2025-10-21,2025-11-06,Approved,16,2025-11-07,2025-11-07,22,Resolved,0,,,12,1,1,0,0,21
CASE-02647,PAT-00103,REP-024,DrugGamma-200mg,Rare Disease,Self-Pay,2026-03-01,2026-03-02,1,2026-03-05,2026-03-16,Approved,11,2026-03-19,2026-03-20,19,Resolved,0,,,10,1,0,0,0,15
CASE-02648,PAT-00331,REP-024,NeuroX-75mg,Neurology,Commercial,2026-01-31,2026-02-02,2,2026-02-04,2026-02-15,Approved,11,2026-02-19,2026-02-23,23,Resolved,0,,,4,1,1,1,0,15
CASE-02649,PAT-01480,REP-010,NeuroX-75mg,Oncology,Commercial,2025-08-10,2025-08-12,2,2025-08-11,2025-08-24,Pending,13,,,,In Progress,0,,,9,0,,,,
CASE-02650,PAT-00669,REP-019,DrugGamma-200mg,Cardiology,Medicare,2026-02-26,2026-02-28,2,2026-03-05,2026-03-31,Pending,26,,,,Abandoned,1,Insurance Delay,During PA,1,0,,,,
CASE-02651,PAT-01454,REP-020,NeuroX-75mg,Neurology,Commercial,2025-11-01,2025-11-07,6,2025-11-06,2025-11-16,Appeal,10,,,,Open,0,,,2,0,,,,
CASE-02652,PAT-00390,REP-010,DrugBeta-50mg,Immunology,Commercial,2025-10-11,2025-10-12,1,2025-10-13,2025-10-21,Approved,8,2025-10-30,2025-11-02,22,Resolved,0,,,10,0,1,1,0,10
CASE-02653,PAT-01108,REP-012,CardioPlus-25mg,Neurology,Self-Pay,2025-10-30,2025-11-01,2,2025-11-04,2025-11-13,Approved,9,2025-11-19,2025-11-21,22,Resolved,0,,,12,1,1,1,1,14
CASE-02654,PAT-01683,REP-019,DrugBeta-50mg,Cardiology,Commercial,2026-02-09,2026-02-11,2,2026-02-15,2026-02-28,Approved,13,2026-03-10,2026-03-10,29,Resolved,0,,,8,0,1,1,0,19
CASE-02655,PAT-01517,REP-024,DrugBeta-50mg,Rare Disease,Commercial,2025-10-16,2025-10-23,7,2025-10-21,2025-11-06,Approved,16,2025-11-07,2025-11-10,25,Resolved,0,,,10,0,1,1,1,21
CASE-02656,PAT-01859,REP-024,DrugAlpha-100mg,Neurology,Medicaid,2026-04-16,2026-04-19,3,2026-04-23,,Approved,31,2026-06-01,2026-06-02,47,Resolved,0,,,5,0,0,0,1,38
CASE-02657,PAT-00229,REP-021,NeuroX-75mg,Immunology,Commercial,2025-10-05,2025-10-06,1,2025-10-07,2025-10-28,Approved,21,2025-11-06,2025-11-09,35,Resolved,0,,,9,0,1,0,1,23
CASE-02658,PAT-00985,REP-020,DrugBeta-50mg,Cardiology,VA,2026-03-23,2026-03-24,1,2026-03-28,2026-04-11,Approved,14,2026-04-12,2026-04-13,21,Resolved,0,,,11,0,1,1,1,19
CASE-02659,PAT-00842,REP-019,DrugGamma-200mg,Immunology,Medicaid,2026-03-21,2026-03-22,1,2026-03-27,,Appeal,45,,,,Open,0,,,11,0,,,,
CASE-02660,PAT-01244,REP-021,NeuroX-75mg,Rare Disease,Medicare,2026-04-15,2026-04-16,1,2026-04-20,,Denied,23,,,,In Progress,0,,,8,0,,,,
CASE-02661,PAT-01262,REP-015,CardioPlus-25mg,Neurology,Commercial,2025-09-18,2025-09-19,1,2025-09-24,2025-10-09,Approved,15,2025-10-19,2025-10-22,34,Resolved,0,,,3,0,1,1,1,21
CASE-02662,PAT-00529,REP-004,DrugAlpha-100mg,Oncology,Commercial,2026-03-07,2026-03-09,2,2026-03-11,2026-03-28,Approved,17,2026-03-30,2026-03-30,23,Resolved,0,,,5,0,0,1,1,21
CASE-02663,PAT-01708,REP-004,CardioPlus-25mg,Immunology,Medicare,2026-03-11,2026-03-15,4,2026-03-13,2026-04-06,Approved,24,2026-04-15,2026-04-17,37,Resolved,0,,,11,0,1,1,1,26
CASE-02664,PAT-00499,REP-004,DrugGamma-200mg,Oncology,Commercial,2026-02-12,2026-02-14,2,2026-02-14,2026-03-03,Appeal,17,,,,Open,0,,,5,0,,,,
CASE-02665,PAT-01434,REP-004,DrugBeta-50mg,Neurology,VA,2026-01-26,2026-02-02,7,2026-02-02,2026-02-07,Approved,5,2026-02-08,2026-02-13,18,Resolved,0,,,3,1,1,1,1,12
CASE-02666,PAT-01424,REP-012,NeuroX-75mg,Neurology,Commercial,2026-04-09,2026-04-11,2,2026-04-12,2026-04-20,Approved,8,2026-04-25,2026-04-25,16,Resolved,0,,,11,1,1,1,1,11
CASE-02667,PAT-01275,REP-024,CardioPlus-25mg,Cardiology,Commercial,2025-10-01,2025-10-07,6,2025-10-02,2025-10-21,Approved,19,2025-10-27,2025-10-28,27,Resolved,0,,,9,0,1,0,0,20
CASE-02668,PAT-01909,REP-021,NeuroX-75mg,Neurology,Commercial,2025-11-18,2025-11-22,4,2025-11-21,2025-11-30,Approved,9,2025-12-10,2025-12-14,26,Resolved,0,,,1,0,1,1,0,12
CASE-02669,PAT-01078,REP-015,DrugAlpha-100mg,Rare Disease,Commercial,2025-08-21,2025-08-25,4,2025-08-27,2025-09-15,Approved,19,2025-09-19,2025-09-20,30,Resolved,0,,,2,0,1,0,0,25
CASE-02670,PAT-00209,REP-024,NeuroX-75mg,Rare Disease,Commercial,2025-08-05,2025-08-11,6,2025-08-06,2025-08-11,Approved,5,2025-08-19,2025-08-22,17,Resolved,0,,,1,0,0,0,0,6
CASE-02671,PAT-01304,REP-004,DrugGamma-200mg,Rare Disease,Self-Pay,2026-02-09,2026-02-11,2,2026-02-11,2026-02-24,Approved,13,2026-03-04,2026-03-04,23,Resolved,0,,,7,1,1,1,0,15
CASE-02672,PAT-01514,REP-019,DrugBeta-50mg,Cardiology,Commercial,2025-10-31,2025-11-01,1,2025-11-06,2025-11-09,Pending,3,,,,Abandoned,1,Cost Concerns,During PA,0,0,,,,
CASE-02673,PAT-00206,REP-004,CardioPlus-25mg,Cardiology,Commercial,2025-09-17,2025-09-20,3,2025-09-22,2025-09-25,Approved,3,2025-10-03,2025-10-04,17,Resolved,0,,,1,1,1,0,1,8
CASE-02674,PAT-01676,REP-019,DrugGamma-200mg,Neurology,Commercial,2025-08-20,2025-08-22,2,2025-08-21,2025-08-26,Approved,5,2025-08-27,2025-08-29,9,Resolved,0,,,8,0,1,1,0,6
CASE-02675,PAT-01104,REP-020,DrugGamma-200mg,Immunology,Commercial,2025-07-08,2025-07-11,3,2025-07-14,2025-07-30,Denied,16,,,,Abandoned,1,Cost Concerns,During PA,2,0,,,,
CASE-02676,PAT-01759,REP-015,DrugGamma-200mg,Cardiology,Medicaid,2026-04-01,2026-04-02,1,2026-04-08,2026-04-20,Approved,12,2026-04-28,2026-05-03,32,Resolved,0,,,12,1,1,0,0,19
CASE-02677,PAT-00629,REP-004,DrugGamma-200mg,Neurology,Medicare,2025-11-18,2025-11-19,1,2025-11-24,2025-12-04,Approved,10,2025-12-11,2025-12-11,23,Resolved,0,,,6,1,1,1,1,16
CASE-02678,PAT-00108,REP-020,DrugAlpha-100mg,Neurology,Medicare,2025-10-04,2025-10-07,3,2025-10-09,2025-11-08,Approved,30,2025-11-17,2025-11-17,44,Resolved,0,,,10,1,0,0,0,35
CASE-02679,PAT-01160,REP-015,DrugGamma-200mg,Neurology,Medicare,2025-10-27,2025-10-29,2,2025-11-03,2025-11-11,Approved,8,2025-11-16,2025-11-20,24,Resolved,0,,,3,0,0,0,1,15
CASE-02680,PAT-01640,REP-021,CardioPlus-25mg,Neurology,VA,2026-03-27,2026-03-29,2,2026-03-29,2026-04-11,Pending,13,,,,Abandoned,1,Side Effect Concerns,Pre-PA,1,0,,,,
CASE-02681,PAT-00549,REP-024,DrugAlpha-100mg,Immunology,Medicaid,2025-11-25,2025-11-27,2,2025-12-02,2025-12-31,Denied,29,,,,Abandoned,1,Unknown,Post-PA,0,0,,,,
CASE-02682,PAT-01791,REP-019,NeuroX-75mg,Immunology,Medicare,2025-12-01,2025-12-05,4,2025-12-04,2025-12-17,Approved,13,2025-12-21,2025-12-21,20,Resolved,0,,,10,0,1,0,0,16
CASE-02683,PAT-01868,REP-024,DrugGamma-200mg,Neurology,Self-Pay,2026-03-02,2026-03-09,7,2026-03-05,2026-03-19,Approved,14,2026-03-29,2026-03-30,28,Resolved,0,,,8,0,1,1,1,17
CASE-02684,PAT-00058,REP-004,CardioPlus-25mg,Neurology,Medicare,2026-03-18,2026-03-20,2,2026-03-20,2026-03-30,Approved,10,2026-04-03,2026-04-06,19,Resolved,0,,,6,0,1,0,0,12
CASE-02685,PAT-00801,REP-015,CardioPlus-25mg,Oncology,Commercial,2025-07-21,2025-07-28,7,2025-07-23,2025-08-12,Approved,20,2025-08-20,2025-08-20,30,Resolved,0,,,12,1,1,1,0,22
CASE-02686,PAT-01592,REP-020,DrugAlpha-100mg,Immunology,Commercial,2025-09-18,2025-09-23,5,2025-09-22,2025-10-10,Approved,18,2025-10-19,2025-10-23,35,Resolved,0,,,9,0,1,1,1,22
CASE-02687,PAT-00211,REP-024,CardioPlus-25mg,Cardiology,Medicare,2026-01-20,2026-01-24,4,2026-01-21,2026-02-09,Approved,19,2026-02-17,2026-02-22,33,Resolved,0,,,11,0,1,1,1,20
CASE-02688,PAT-00733,REP-012,DrugGamma-200mg,Neurology,Commercial,2025-09-02,2025-09-04,2,2025-09-03,2025-09-16,Approved,13,2025-09-21,2025-09-26,24,Resolved,0,,,7,1,1,0,0,14
CASE-02689,PAT-00786,REP-010,NeuroX-75mg,Oncology,Commercial,2025-11-17,2025-11-18,1,2025-11-23,2025-12-02,Denied,9,,,,Open,0,,,1,0,,,,
CASE-02690,PAT-00416,REP-021,DrugAlpha-100mg,Oncology,Commercial,2025-07-25,2025-07-28,3,2025-07-31,2025-08-16,Approved,16,2025-08-17,2025-08-18,24,Resolved,0,,,2,1,1,1,0,22
CASE-02691,PAT-01257,REP-012,DrugAlpha-100mg,Oncology,Commercial,2026-01-23,2026-01-26,3,2026-01-27,2026-02-17,Approved,21,2026-02-23,2026-02-27,35,Resolved,0,,,4,1,1,1,1,25
CASE-02692,PAT-00683,REP-021,NeuroX-75mg,Cardiology,Medicare,2025-11-10,2025-11-11,1,2025-11-13,2025-11-28,Approved,15,2025-12-03,2025-12-06,26,Resolved,0,,,6,0,1,0,0,18
CASE-02693,PAT-01601,REP-020,DrugBeta-50mg,Neurology,Self-Pay,2026-02-09,2026-02-15,6,2026-02-12,2026-02-16,Approved,4,2026-02-17,2026-02-19,10,Resolved,0,,,4,1,1,1,1,7
CASE-02694,PAT-00123,REP-021,DrugBeta-50mg,Neurology,Medicaid,2026-01-25,2026-01-27,2,2026-01-30,2026-02-26,Approved,27,2026-03-03,2026-03-05,39,Resolved,0,,,1,0,1,1,0,32
CASE-02695,PAT-00835,REP-020,NeuroX-75mg,Rare Disease,VA,2025-10-01,2025-10-06,5,2025-10-03,2025-10-15,Approved,12,2025-10-23,2025-10-23,22,Resolved,0,,,12,0,1,0,1,14
CASE-02696,PAT-00235,REP-019,DrugAlpha-100mg,Immunology,Commercial,2025-11-07,2025-11-12,5,2025-11-10,2025-11-27,Appeal,17,,,,Open,0,,,3,0,,,,
CASE-02697,PAT-01474,REP-012,DrugGamma-200mg,Oncology,Self-Pay,2025-09-17,2025-09-22,5,2025-09-21,2025-10-02,Pending,11,,,,Abandoned,1,Unknown,During PA,4,0,,,,
CASE-02698,PAT-00405,REP-015,NeuroX-75mg,Neurology,Commercial,2025-11-19,2025-11-21,2,2025-11-25,2025-12-02,Approved,7,2025-12-06,2025-12-09,20,Resolved,0,,,3,1,1,0,0,13
CASE-02699,PAT-00820,REP-004,DrugAlpha-100mg,Neurology,Medicare,2025-07-19,2025-07-22,3,2025-07-20,2025-07-28,Appeal,8,,,,Open,0,,,10,0,,,,
CASE-02700,PAT-01266,REP-021,DrugGamma-200mg,Cardiology,Medicare,2025-08-26,2025-08-28,2,2025-08-31,2025-09-08,Pending,8,,,,Open,0,,,4,0,,,,
CASE-02701,PAT-00032,REP-004,DrugGamma-200mg,Immunology,Commercial,2025-07-23,2025-07-26,3,2025-07-27,2025-08-09,Denied,13,,,,Open,0,,,5,0,,,,
CASE-02702,PAT-00699,REP-019,DrugBeta-50mg,Immunology,Commercial,2025-08-21,2025-08-26,5,2025-08-28,2025-09-03,Approved,6,2025-09-10,2025-09-13,23,Resolved,0,,,9,0,0,0,0,13
CASE-02703,PAT-00420,REP-010,DrugBeta-50mg,Oncology,Medicaid,2025-09-20,2025-09-22,2,2025-09-22,2025-10-23,Approved,31,2025-10-24,2025-10-26,36,Resolved,0,,,8,1,1,0,1,33
CASE-02704,PAT-00440,REP-012,NeuroX-75mg,Immunology,Commercial,2026-04-23,2026-04-24,1,2026-04-26,,Appeal,10,,,,In Progress,0,,,6,0,,,,
CASE-02705,PAT-01197,REP-024,NeuroX-75mg,Immunology,Medicare,2025-07-02,2025-07-03,1,2025-07-07,2025-07-14,Approved,7,2025-07-23,2025-07-24,22,Resolved,0,,,7,0,1,1,0,12
CASE-02706,PAT-00799,REP-019,NeuroX-75mg,Oncology,Medicare,2025-07-30,2025-08-01,2,2025-08-01,2025-08-31,Approved,30,2025-09-09,2025-09-10,42,Resolved,0,,,5,0,1,1,1,32
CASE-02707,PAT-01279,REP-020,NeuroX-75mg,Neurology,Self-Pay,2026-01-14,2026-01-15,1,2026-01-20,2026-02-03,Approved,14,2026-02-05,2026-02-05,22,Resolved,0,,,4,1,1,0,0,20
CASE-02708,PAT-01415,REP-004,DrugAlpha-100mg,Neurology,Self-Pay,2026-01-08,2026-01-09,1,2026-01-10,2026-01-17,Approved,7,2026-01-21,2026-01-23,15,Resolved,0,,,2,0,1,1,1,9
CASE-02709,PAT-01869,REP-020,DrugAlpha-100mg,Rare Disease,Commercial,2025-12-13,2025-12-17,4,2025-12-18,2025-12-24,Approved,6,,,,Abandoned,1,Cost Concerns,Post-Fulfillment,4,0,,,,
CASE-02710,PAT-00785,REP-024,DrugGamma-200mg,Neurology,Medicare,2026-04-27,2026-04-28,1,2026-04-30,,Approved,9,2026-05-17,2026-05-21,24,Resolved,0,,,7,0,1,1,0,12
CASE-02711,PAT-01612,REP-024,DrugGamma-200mg,Oncology,Commercial,2025-07-28,2025-07-29,1,2025-08-03,2025-08-09,Approved,6,2025-08-16,2025-08-21,24,Resolved,0,,,10,0,1,1,1,12
CASE-02712,PAT-00696,REP-004,DrugBeta-50mg,Immunology,Medicare,2025-12-14,2025-12-17,3,2025-12-15,2025-12-31,Approved,16,2026-01-03,2026-01-03,20,Resolved,0,,,9,0,1,0,0,17
CASE-02713,PAT-01914,REP-024,DrugAlpha-100mg,Rare Disease,Commercial,2025-09-13,2025-09-16,3,2025-09-20,2025-10-02,Approved,12,2025-10-08,2025-10-13,30,Resolved,0,,,10,0,1,0,1,19
CASE-02714,PAT-00036,REP-012,NeuroX-75mg,Rare Disease,Commercial,2026-01-25,2026-01-26,1,2026-01-27,2026-02-04,Denied,8,,,,Abandoned,1,Patient Deceased,Post-PA,1,0,,,,
CASE-02715,PAT-01075,REP-004,DrugAlpha-100mg,Immunology,Commercial,2026-01-20,2026-01-26,6,2026-01-22,2026-01-26,Approved,4,2026-01-29,2026-02-03,14,Resolved,0,,,11,1,1,1,1,6
CASE-02716,PAT-01066,REP-020,NeuroX-75mg,Immunology,VA,2025-09-09,2025-09-14,5,2025-09-10,2025-09-15,Approved,5,2025-09-21,2025-09-22,13,Resolved,0,,,8,0,1,1,0,6
CASE-02717,PAT-01260,REP-021,DrugGamma-200mg,Neurology,Medicaid,2026-03-03,2026-03-04,1,2026-03-08,2026-03-20,Approved,12,2026-03-27,2026-03-29,26,Resolved,0,,,4,0,1,1,1,17
CASE-02718,PAT-00830,REP-015,NeuroX-75mg,Oncology,Self-Pay,2025-07-12,2025-07-15,3,2025-07-17,2025-07-27,Approved,10,2025-07-31,2025-08-02,21,Resolved,0,,,9,1,1,0,0,15
CASE-02719,PAT-00839,REP-012,DrugGamma-200mg,Neurology,Medicare,2025-08-10,2025-08-11,1,2025-08-16,2025-09-14,Denied,29,,,,Abandoned,1,Unknown,During PA,0,0,,,,
CASE-02720,PAT-00223,REP-020,DrugBeta-50mg,Cardiology,Medicare,2026-03-29,2026-04-01,3,2026-04-01,2026-04-25,Approved,24,,,,Abandoned,1,Patient Deceased,Post-Fulfillment,0,0,,,,
CASE-02721,PAT-01446,REP-019,DrugGamma-200mg,Cardiology,Self-Pay,2025-08-24,2025-08-28,4,2025-08-25,2025-09-01,Approved,7,2025-09-04,2025-09-08,15,Resolved,0,,,4,0,1,0,1,8
CASE-02722,PAT-00693,REP-019,NeuroX-75mg,Oncology,Medicare,2025-11-29,2025-12-01,2,2025-12-06,2025-12-27,Approved,21,2026-01-06,2026-01-09,41,Resolved,0,,,7,0,1,1,1,28
CASE-02723,PAT-00442,REP-015,DrugAlpha-100mg,Oncology,Commercial,2025-12-14,2025-12-15,1,2025-12-20,2025-12-27,Denied,7,,,,Open,0,,,4,0,,,,
CASE-02724,PAT-01446,REP-021,DrugGamma-200mg,Cardiology,Self-Pay,2025-11-27,2025-11-28,1,2025-12-04,2025-12-07,Approved,3,2025-12-10,2025-12-14,17,Resolved,0,,,9,1,1,1,1,10
CASE-02725,PAT-00620,REP-010,DrugBeta-50mg,Rare Disease,Medicaid,2026-01-09,2026-01-11,2,2026-01-14,2026-02-04,Approved,21,2026-02-13,2026-02-18,40,Resolved,0,,,11,0,1,0,0,26
CASE-02726,PAT-00119,REP-015,CardioPlus-25mg,Immunology,Medicare,2025-11-12,2025-11-16,4,2025-11-16,2025-12-04,Pending,18,,,,In Progress,0,,,4,0,,,,
CASE-02727,PAT-00209,REP-020,NeuroX-75mg,Rare Disease,Commercial,2025-09-19,2025-09-21,2,2025-09-20,2025-09-27,Appeal,7,,,,In Progress,0,,,6,0,,,,
CASE-02728,PAT-00091,REP-020,DrugGamma-200mg,Neurology,Medicare,2026-03-22,2026-03-26,4,2026-03-26,2026-04-13,Denied,18,,,,In Progress,0,,,11,0,,,,
CASE-02729,PAT-01454,REP-019,NeuroX-75mg,Neurology,Commercial,2025-12-23,2025-12-24,1,2025-12-29,2026-01-01,Approved,3,2026-01-10,2026-01-13,21,Resolved,0,,,10,0,1,1,0,9
CASE-02730,PAT-00414,REP-012,DrugGamma-200mg,Rare Disease,Commercial,2025-07-29,2025-08-02,4,2025-07-31,2025-08-06,Approved,6,2025-08-12,2025-08-15,17,Resolved,0,,,6,0,1,1,1,8
CASE-02731,PAT-00418,REP-021,DrugBeta-50mg,Oncology,Commercial,2025-09-10,2025-09-11,1,2025-09-11,2025-09-22,Appeal,11,,,,Open,0,,,8,0,,,,
CASE-02732,PAT-01970,REP-015,NeuroX-75mg,Oncology,Commercial,2025-07-13,2025-07-15,2,2025-07-18,2025-07-28,Approved,10,2025-08-06,2025-08-10,28,Resolved,0,,,2,0,0,0,0,15
CASE-02733,PAT-00415,REP-004,CardioPlus-25mg,Cardiology,Commercial,2025-08-03,2025-08-06,3,2025-08-05,2025-08-09,Denied,4,,,,Abandoned,1,Unknown,Post-PA,3,0,,,,
CASE-02734,PAT-01680,REP-021,DrugAlpha-100mg,Rare Disease,Commercial,2025-09-16,2025-09-19,3,2025-09-21,2025-09-30,Denied,9,,,,Abandoned,1,Unknown,Post-PA,1,0,,,,
CASE-02735,PAT-01471,REP-004,NeuroX-75mg,Immunology,Self-Pay,2025-08-12,2025-08-13,1,2025-08-18,2025-08-20,Approved,2,2025-08-24,2025-08-24,12,Resolved,0,,,11,0,1,1,1,8
CASE-02736,PAT-00688,REP-004,DrugGamma-200mg,Cardiology,Medicaid,2025-09-01,2025-09-03,2,2025-09-03,2025-09-15,Appeal,12,,,,Open,0,,,5,0,,,,
CASE-02737,PAT-00993,REP-024,DrugBeta-50mg,Immunology,Commercial,2026-02-26,2026-02-28,2,2026-03-02,2026-03-13,Denied,11,,,,Abandoned,1,Patient Lost Contact,Post-PA,1,0,,,,
CASE-02738,PAT-00775,REP-010,DrugBeta-50mg,Oncology,Commercial,2025-08-05,2025-08-08,3,2025-08-12,2025-09-01,Pending,20,,,,In Progress,0,,,3,0,,,,
CASE-02739,PAT-00410,REP-019,DrugGamma-200mg,Oncology,Commercial,2026-01-22,2026-01-27,5,2026-01-24,2026-02-05,Approved,12,2026-02-12,2026-02-13,22,Resolved,0,,,11,0,1,1,1,14
CASE-02740,PAT-01959,REP-015,CardioPlus-25mg,Immunology,Medicare,2025-09-18,2025-09-24,6,2025-09-20,2025-09-30,Approved,10,2025-10-04,2025-10-04,16,Resolved,0,,,10,0,1,0,0,12
CASE-02741,PAT-00738,REP-019,CardioPlus-25mg,Cardiology,Medicare,2025-08-19,2025-08-20,1,2025-08-20,2025-08-30,Approved,10,2025-09-08,2025-09-09,21,Resolved,0,,,9,0,1,1,1,11
CASE-02742,PAT-00833,REP-004,NeuroX-75mg,Rare Disease,Commercial,2025-11-04,2025-11-06,2,2025-11-06,2025-11-13,Appeal,7,,,,Open,0,,,10,0,,,,
CASE-02743,PAT-00241,REP-004,DrugAlpha-100mg,Neurology,Commercial,2025-11-17,2025-11-20,3,2025-11-22,2025-12-08,Pending,16,,,,In Progress,0,,,10,0,,,,
CASE-02744,PAT-00241,REP-024,DrugAlpha-100mg,Neurology,Commercial,2025-08-17,2025-08-23,6,2025-08-18,2025-08-30,Approved,12,2025-09-06,2025-09-07,21,Resolved,0,,,4,1,1,1,0,13
CASE-02745,PAT-01026,REP-024,DrugBeta-50mg,Rare Disease,Commercial,2025-09-08,2025-09-10,2,2025-09-11,2025-09-28,Approved,17,,,,Abandoned,1,Side Effect Concerns,Post-Fulfillment,0,0,,,,
CASE-02746,PAT-01467,REP-020,CardioPlus-25mg,Cardiology,VA,2025-09-04,2025-09-08,4,2025-09-07,2025-09-12,Approved,5,2025-09-13,2025-09-16,12,Resolved,0,,,10,1,1,0,0,8
CASE-02747,PAT-00203,REP-004,DrugAlpha-100mg,Immunology,Commercial,2025-11-09,2025-11-14,5,2025-11-14,2025-11-18,Approved,4,2025-11-21,2025-11-21,12,Resolved,0,,,7,1,1,1,0,9
CASE-02748,PAT-01679,REP-012,DrugBeta-50mg,Neurology,Medicaid,2025-11-03,2025-11-05,2,2025-11-04,2025-11-15,Approved,11,2025-11-16,2025-11-17,14,Resolved,0,,,4,1,1,1,1,12
CASE-02749,PAT-00026,REP-019,DrugBeta-50mg,Neurology,Self-Pay,2025-10-23,2025-10-24,1,2025-10-30,2025-11-10,Approved,11,,,,Abandoned,1,Cost Concerns,Post-PA,0,0,,,,
CASE-02750,PAT-00963,REP-021,NeuroX-75mg,Neurology,Commercial,2026-01-16,2026-01-18,2,2026-01-17,2026-01-20,Approved,3,2026-01-22,2026-01-26,10,Resolved,0,,,3,0,1,1,1,4
CASE-02751,PAT-00636,REP-010,DrugBeta-50mg,Immunology,Medicaid,2025-12-15,2025-12-18,3,2025-12-21,2026-01-22,Approved,32,2026-01-29,2026-01-31,47,Resolved,0,,,11,1,1,1,0,38
CASE-02752,PAT-01634,REP-020,DrugBeta-50mg,Rare Disease,Medicare,2025-11-05,2025-11-07,2,2025-11-11,2025-12-08,Approved,27,2025-12-09,2025-12-14,39,Resolved,0,,,9,0,1,0,0,33
CASE-02753,PAT-00442,REP-019,DrugAlpha-100mg,Oncology,Commercial,2025-11-06,2025-11-08,2,2025-11-08,2025-11-18,Approved,10,2025-11-23,2025-11-27,21,Resolved,0,,,2,0,1,0,0,12
CASE-02754,PAT-01204,REP-019,DrugGamma-200mg,Cardiology,Commercial,2026-04-22,2026-04-24,2,2026-04-24,,Approved,15,2026-05-13,2026-05-17,25,Resolved,0,,,10,1,0,0,1,17
CASE-02755,PAT-00007,REP-021,DrugAlpha-100mg,Cardiology,Commercial,2026-02-13,2026-02-16,3,2026-02-14,2026-02-27,Denied,13,,,,Abandoned,1,Patient Lost Contact,Post-PA,0,0,,,,
CASE-02756,PAT-01330,REP-004,DrugBeta-50mg,Rare Disease,Medicaid,2026-04-08,2026-04-10,2,2026-04-09,,Approved,22,2026-05-05,2026-05-06,28,Resolved,0,,,10,0,1,0,0,23
CASE-02757,PAT-00988,REP-004,DrugBeta-50mg,Immunology,Medicare,2025-07-20,2025-07-25,5,2025-07-21,2025-07-28,Approved,7,2025-08-01,2025-08-04,15,Resolved,0,,,7,1,0,0,1,8
CASE-02758,PAT-00041,REP-024,DrugGamma-200mg,Cardiology,Commercial,2025-10-02,2025-10-04,2,2025-10-07,2025-10-16,Appeal,9,,,,Abandoned,1,Insurance Delay,During PA,1,0,,,,
CASE-02759,PAT-01205,REP-015,NeuroX-75mg,Immunology,Medicare,2025-10-18,2025-10-25,7,2025-10-24,2025-11-14,Pending,21,,,,Abandoned,1,Insurance Delay,Pre-PA,2,0,,,,
CASE-02760,PAT-00651,REP-004,NeuroX-75mg,Neurology,Medicaid,2025-11-07,2025-11-10,3,2025-11-08,2025-12-17,Pending,39,,,,Open,0,,,9,0,,,,
CASE-02761,PAT-00766,REP-019,DrugGamma-200mg,Immunology,Commercial,2026-02-20,2026-02-24,4,2026-02-24,2026-03-07,Approved,11,2026-03-08,2026-03-10,18,Resolved,0,,,2,0,1,1,1,15
CASE-02762,PAT-00239,REP-012,NeuroX-75mg,Rare Disease,Commercial,2025-08-08,2025-08-10,2,2025-08-12,2025-08-18,Approved,6,2025-08-28,2025-08-31,23,Resolved,0,,,2,0,1,1,1,10
CASE-02763,PAT-01275,REP-024,CardioPlus-25mg,Cardiology,Commercial,2025-08-12,2025-08-13,1,2025-08-15,2025-08-29,Approved,14,2025-09-05,2025-09-08,27,Resolved,0,,,9,0,1,1,1,17
CASE-02764,PAT-01632,REP-024,DrugBeta-50mg,Neurology,Medicare,2025-07-14,2025-07-19,5,2025-07-16,2025-08-02,Approved,17,2025-08-10,2025-08-14,31,Resolved,0,,,2,1,1,0,1,19
CASE-02765,PAT-00180,REP-020,CardioPlus-25mg,Rare Disease,Medicare,2025-10-05,2025-10-07,2,2025-10-10,2025-10-31,Approved,21,2025-11-02,2025-11-03,29,Resolved,0,,,1,0,1,1,0,26
CASE-02766,PAT-01610,REP-004,NeuroX-75mg,Oncology,Commercial,2026-02-03,2026-02-05,2,2026-02-05,2026-02-24,Approved,19,2026-03-04,2026-03-08,33,Resolved,0,,,9,0,1,0,0,21
CASE-02767,PAT-00319,REP-024,DrugAlpha-100mg,Oncology,Commercial,2025-07-24,2025-07-29,5,2025-07-29,2025-08-16,Approved,18,,,,Abandoned,1,Insurance Delay,Post-PA,1,0,,,,
CASE-02768,PAT-01503,REP-019,DrugBeta-50mg,Cardiology,Commercial,2025-09-23,2025-09-25,2,2025-09-27,2025-10-14,Approved,17,2025-10-18,2025-10-20,27,Resolved,0,,,1,0,1,1,0,21
CASE-02769,PAT-00478,REP-020,DrugGamma-200mg,Immunology,Commercial,2026-04-02,2026-04-03,1,2026-04-07,2026-04-18,Approved,11,2026-04-25,2026-04-27,25,Resolved,0,,,12,1,1,1,0,16
CASE-02770,PAT-01211,REP-012,NeuroX-75mg,Neurology,Commercial,2025-07-29,2025-07-30,1,2025-07-30,2025-08-04,Approved,5,2025-08-06,2025-08-07,9,Resolved,0,,,11,0,1,1,1,6
CASE-02771,PAT-01617,REP-021,DrugAlpha-100mg,Rare Disease,Commercial,2025-10-03,2025-10-07,4,2025-10-05,2025-10-20,Approved,15,2025-10-28,2025-10-31,28,Resolved,0,,,6,1,1,1,1,17
CASE-02772,PAT-01971,REP-012,CardioPlus-25mg,Cardiology,Self-Pay,2025-08-15,2025-08-22,7,2025-08-16,2025-08-29,Approved,13,,,,Abandoned,1,Patient Deceased,Post-PA,4,0,,,,
CASE-02773,PAT-01758,REP-010,DrugAlpha-100mg,Oncology,Medicare,2025-07-04,2025-07-07,3,2025-07-10,2025-07-19,Approved,9,2025-07-26,2025-07-30,26,Resolved,0,,,2,1,1,0,1,15
CASE-02774,PAT-00403,REP-015,DrugGamma-200mg,Immunology,Commercial,2026-04-11,2026-04-14,3,2026-04-13,2026-04-29,Approved,16,2026-04-30,2026-05-03,22,Resolved,0,,,3,1,1,1,1,18
CASE-02775,PAT-01951,REP-019,NeuroX-75mg,Oncology,Commercial,2026-03-05,2026-03-06,1,2026-03-10,2026-03-19,Approved,9,2026-03-28,2026-04-01,27,Resolved,0,,,7,0,1,0,1,14
CASE-02776,PAT-00876,REP-010,CardioPlus-25mg,Immunology,Medicare,2026-03-05,2026-03-09,4,2026-03-09,2026-03-29,Denied,20,,,,Open,0,,,4,0,,,,
CASE-02777,PAT-00083,REP-010,CardioPlus-25mg,Cardiology,Commercial,2025-08-10,2025-08-16,6,2025-08-13,2025-09-02,Denied,20,,,,Open,0,,,11,0,,,,
CASE-02778,PAT-00335,REP-019,CardioPlus-25mg,Oncology,Medicare,2026-01-16,2026-01-19,3,2026-01-21,2026-01-30,Approved,9,2026-02-07,2026-02-07,22,Resolved,0,,,3,0,1,1,1,14
CASE-02779,PAT-00911,REP-024,DrugGamma-200mg,Immunology,Self-Pay,2026-03-09,2026-03-14,5,2026-03-16,2026-03-21,Approved,5,2026-03-30,2026-03-31,22,Resolved,0,,,5,1,1,1,1,12
CASE-02780,PAT-01541,REP-019,DrugBeta-50mg,Neurology,Commercial,2026-04-30,2026-05-06,6,2026-05-01,,Approved,16,2026-05-22,2026-05-25,25,Resolved,0,,,10,1,1,1,0,17
CASE-02781,PAT-00632,REP-019,DrugAlpha-100mg,Cardiology,Medicare,2026-03-21,2026-03-27,6,2026-03-22,2026-04-07,Approved,16,2026-04-09,2026-04-11,21,Resolved,0,,,6,0,1,1,0,17
CASE-02782,PAT-00169,REP-021,NeuroX-75mg,Rare Disease,Medicare,2025-11-04,2025-11-11,7,2025-11-10,2025-12-09,Denied,29,,,,In Progress,0,,,9,0,,,,
CASE-02783,PAT-01660,REP-020,NeuroX-75mg,Cardiology,Medicaid,2025-12-02,2025-12-04,2,2025-12-03,2026-01-16,Denied,44,,,,Open,0,,,3,0,,,,
CASE-02784,PAT-01880,REP-010,DrugBeta-50mg,Rare Disease,VA,2025-07-22,2025-07-25,3,2025-07-27,2025-08-06,Approved,10,2025-08-10,2025-08-15,24,Resolved,0,,,12,1,1,1,1,15
CASE-02785,PAT-01864,REP-012,DrugBeta-50mg,Immunology,Commercial,2025-10-04,2025-10-07,3,2025-10-08,2025-10-14,Approved,6,2025-10-18,2025-10-19,15,Resolved,0,,,6,0,1,1,1,10
CASE-02786,PAT-01949,REP-020,CardioPlus-25mg,Cardiology,Medicare,2025-09-22,2025-09-23,1,2025-09-26,2025-10-01,Approved,5,2025-10-09,2025-10-12,20,Resolved,0,,,9,0,1,1,1,9
CASE-02787,PAT-01085,REP-019,CardioPlus-25mg,Cardiology,Commercial,2026-04-02,2026-04-04,2,2026-04-08,2026-04-16,Approved,8,2026-04-21,2026-04-22,20,Resolved,0,,,2,0,1,0,0,14
CASE-02788,PAT-01925,REP-010,CardioPlus-25mg,Immunology,Medicaid,2025-07-07,2025-07-08,1,2025-07-12,2025-08-21,Approved,40,2025-08-27,2025-08-31,55,Resolved,0,,,5,1,1,1,1,45
CASE-02789,PAT-00320,REP-010,DrugAlpha-100mg,Oncology,Self-Pay,2026-03-13,2026-03-17,4,2026-03-20,2026-03-24,Approved,4,,,,Abandoned,1,Cost Concerns,Post-PA,3,0,,,,
CASE-02790,PAT-01301,REP-024,DrugBeta-50mg,Immunology,Commercial,2025-11-30,2025-12-03,3,2025-12-03,2025-12-16,Approved,13,2025-12-20,2025-12-23,23,Resolved,0,,,2,1,1,1,1,16
CASE-02791,PAT-00874,REP-019,DrugGamma-200mg,Oncology,Medicaid,2025-12-15,2025-12-16,1,2025-12-16,2026-01-05,Approved,20,2026-01-14,2026-01-18,34,Resolved,0,,,8,0,1,0,0,21
CASE-02792,PAT-01284,REP-020,DrugBeta-50mg,Oncology,Commercial,2026-04-09,2026-04-14,5,2026-04-14,,Approved,21,2026-05-15,2026-05-20,41,Resolved,0,,,1,1,1,0,0,26
CASE-02793,PAT-00035,REP-015,CardioPlus-25mg,Neurology,Medicaid,2025-12-08,2025-12-09,1,2025-12-10,2025-12-20,Approved,10,2025-12-21,2025-12-24,16,Resolved,0,,,4,0,1,1,0,12
CASE-02794,PAT-00842,REP-024,DrugGamma-200mg,Immunology,Medicaid,2025-09-15,2025-09-16,1,2025-09-19,2025-10-08,Denied,19,,,,Open,0,,,5,0,,,,
CASE-02795,PAT-01466,REP-020,DrugAlpha-100mg,Immunology,Commercial,2025-07-29,2025-08-03,5,2025-08-05,2025-08-22,Approved,17,2025-08-24,2025-08-26,28,Resolved,0,,,3,1,1,1,1,24
CASE-02796,PAT-00536,REP-021,CardioPlus-25mg,Neurology,Commercial,2026-01-31,2026-02-02,2,2026-02-01,2026-02-07,Approved,6,2026-02-12,2026-02-14,14,Resolved,0,,,7,1,1,1,0,7
CASE-02797,PAT-01027,REP-021,DrugGamma-200mg,Cardiology,Commercial,2026-04-06,2026-04-07,1,2026-04-12,2026-04-17,Denied,5,,,,Abandoned,1,Cost Concerns,Post-PA,3,0,,,,
CASE-02798,PAT-00274,REP-024,DrugGamma-200mg,Neurology,Medicare,2025-10-27,2025-10-29,2,2025-11-03,2025-11-13,Denied,10,,,,In Progress,0,,,10,0,,,,
CASE-02799,PAT-00393,REP-020,CardioPlus-25mg,Immunology,Commercial,2026-01-28,2026-01-29,1,2026-01-31,2026-02-21,Approved,21,2026-02-27,2026-03-02,33,Resolved,0,,,12,0,1,1,0,24
CASE-02800,PAT-00130,REP-019,CardioPlus-25mg,Immunology,VA,2026-01-07,2026-01-10,3,2026-01-14,2026-01-27,Approved,13,2026-01-30,2026-02-02,26,Resolved,0,,,2,1,0,0,0,20
CASE-02801,PAT-01223,REP-019,NeuroX-75mg,Cardiology,Commercial,2025-12-28,2025-12-30,2,2026-01-01,2026-01-11,Approved,10,2026-01-17,2026-01-22,25,Resolved,0,,,5,0,1,1,1,14
CASE-02802,PAT-00476,REP-024,DrugAlpha-100mg,Rare Disease,Medicare,2026-03-25,2026-03-27,2,2026-03-27,2026-04-23,Approved,27,2026-04-30,2026-05-04,40,Resolved,0,,,11,1,0,0,1,29
CASE-02803,PAT-01526,REP-019,NeuroX-75mg,Cardiology,Commercial,2025-11-07,2025-11-09,2,2025-11-10,2025-11-26,Approved,16,2025-12-02,2025-12-03,26,Resolved,0,,,8,0,0,0,1,19
CASE-02804,PAT-01373,REP-021,DrugAlpha-100mg,Neurology,Commercial,2025-09-20,2025-09-21,1,2025-09-26,2025-10-14,Denied,18,,,,In Progress,0,,,8,0,,,,
CASE-02805,PAT-00471,REP-004,DrugBeta-50mg,Oncology,Medicare,2025-07-05,2025-07-07,2,2025-07-09,2025-07-25,Approved,16,2025-07-31,2025-08-02,28,Resolved,0,,,12,0,0,0,0,20
CASE-02806,PAT-00008,REP-010,NeuroX-75mg,Immunology,Commercial,2025-10-19,2025-10-23,4,2025-10-26,2025-11-03,Denied,8,,,,In Progress,0,,,7,0,,,,
CASE-02807,PAT-00173,REP-024,CardioPlus-25mg,Cardiology,Commercial,2025-10-29,2025-10-30,1,2025-10-30,2025-11-03,Approved,4,,,,Abandoned,1,Insurance Delay,Post-Fulfillment,2,0,,,,
CASE-02808,PAT-01715,REP-020,DrugGamma-200mg,Oncology,Medicare,2026-03-28,2026-03-29,1,2026-04-02,2026-04-19,Denied,17,,,,Open,0,,,8,0,,,,
CASE-02809,PAT-01311,REP-010,CardioPlus-25mg,Neurology,Medicare,2025-11-01,2025-11-05,4,2025-11-02,2025-11-30,Appeal,28,,,,Abandoned,1,Cost Concerns,During PA,0,0,,,,
CASE-02810,PAT-00786,REP-004,NeuroX-75mg,Oncology,Commercial,2025-10-10,2025-10-12,2,2025-10-14,2025-10-26,Denied,12,,,,Open,0,,,3,0,,,,
CASE-02811,PAT-00550,REP-024,NeuroX-75mg,Cardiology,Commercial,2025-12-27,2025-12-28,1,2025-12-29,2026-01-02,Approved,4,2026-01-10,2026-01-14,18,Resolved,0,,,4,0,1,0,1,6
CASE-02812,PAT-01854,REP-010,DrugBeta-50mg,Cardiology,Commercial,2025-10-25,2025-10-31,6,2025-10-28,2025-10-31,Approved,3,2025-11-09,2025-11-12,18,Resolved,0,,,3,0,1,1,0,6
CASE-02813,PAT-01797,REP-021,DrugAlpha-100mg,Rare Disease,VA,2025-08-17,2025-08-23,6,2025-08-24,2025-09-03,Approved,10,2025-09-10,2025-09-14,28,Resolved,0,,,9,0,1,0,0,17
CASE-02814,PAT-00329,REP-015,NeuroX-75mg,Immunology,Medicare,2026-02-12,2026-02-14,2,2026-02-18,2026-03-18,Denied,28,,,,Open,0,,,3,0,,,,
CASE-02815,PAT-01354,REP-024,DrugGamma-200mg,Cardiology,Medicare,2025-08-06,2025-08-07,1,2025-08-10,2025-08-19,Denied,9,,,,Abandoned,1,Insurance Delay,During PA,4,0,,,,
CASE-02816,PAT-00310,REP-019,NeuroX-75mg,Cardiology,Medicaid,2025-10-03,2025-10-06,3,2025-10-07,2025-11-03,Approved,27,2025-11-10,2025-11-13,41,Resolved,0,,,11,0,0,0,0,31
CASE-02817,PAT-01678,REP-019,NeuroX-75mg,Immunology,Medicaid,2025-10-14,2025-10-16,2,2025-10-18,2025-11-10,Approved,23,2025-11-20,2025-11-25,42,Resolved,0,,,3,1,1,1,1,27
CASE-02818,PAT-00639,REP-021,DrugBeta-50mg,Neurology,Commercial,2026-01-22,2026-01-27,5,2026-01-27,2026-02-09,Pending,13,,,,Open,0,,,5,0,,,,
CASE-02819,PAT-00686,REP-010,DrugBeta-50mg,Rare Disease,Medicaid,2025-09-25,2025-09-27,2,2025-10-01,2025-10-18,Denied,17,,,,Abandoned,1,Cost Concerns,Post-PA,1,0,,,,
CASE-02820,PAT-01096,REP-019,NeuroX-75mg,Oncology,Commercial,2025-11-08,2025-11-09,1,2025-11-15,2025-11-27,Approved,12,2025-11-29,2025-11-29,21,Resolved,0,,,3,1,1,0,0,19
CASE-02821,PAT-01627,REP-024,NeuroX-75mg,Oncology,Medicare,2025-08-11,2025-08-15,4,2025-08-15,2025-09-14,Approved,30,,,,Abandoned,1,Patient Deceased,Post-Fulfillment,1,0,,,,
CASE-02822,PAT-01405,REP-004,CardioPlus-25mg,Cardiology,Medicaid,2025-10-28,2025-10-31,3,2025-10-29,2025-11-24,Approved,26,2025-11-26,2025-11-26,29,Resolved,0,,,1,1,1,1,0,27
CASE-02823,PAT-00479,REP-004,NeuroX-75mg,Cardiology,Commercial,2026-04-10,2026-04-11,1,2026-04-11,2026-04-22,Approved,11,2026-04-26,2026-04-28,18,Resolved,0,,,2,1,1,1,0,12
CASE-02824,PAT-00725,REP-019,DrugAlpha-100mg,Oncology,Medicaid,2026-01-26,2026-02-02,7,2026-01-28,2026-02-20,Pending,23,,,,Open,0,,,7,0,,,,
CASE-02825,PAT-00209,REP-010,NeuroX-75mg,Rare Disease,Commercial,2025-12-12,2025-12-15,3,2025-12-19,2025-12-25,Approved,6,2025-12-31,2025-12-31,19,Resolved,0,,,10,1,1,1,1,13
CASE-02826,PAT-00335,REP-021,CardioPlus-25mg,Oncology,Medicare,2025-12-15,2025-12-19,4,2025-12-21,2026-01-10,Approved,20,2026-01-18,2026-01-19,35,Resolved,0,,,2,1,0,0,0,26
CASE-02827,PAT-01788,REP-015,CardioPlus-25mg,Neurology,Commercial,2026-01-23,2026-01-25,2,2026-01-27,2026-02-01,Approved,5,2026-02-04,2026-02-08,16,Resolved,0,,,5,0,1,1,0,9
CASE-02828,PAT-00673,REP-004,CardioPlus-25mg,Immunology,Commercial,2026-02-15,2026-02-18,3,2026-02-18,2026-03-07,Approved,17,2026-03-11,2026-03-15,28,Resolved,0,,,10,0,1,1,1,20
CASE-02829,PAT-00634,REP-024,NeuroX-75mg,Oncology,Commercial,2025-12-11,2025-12-15,4,2025-12-17,2025-12-24,Approved,7,2025-12-27,2025-12-28,17,Resolved,0,,,5,0,1,0,0,13
CASE-02830,PAT-00221,REP-015,DrugAlpha-100mg,Cardiology,Medicare,2025-07-15,2025-07-22,7,2025-07-16,2025-08-01,Appeal,16,,,,Abandoned,1,Switched Therapy,During PA,1,0,,,,
CASE-02831,PAT-01744,REP-004,DrugGamma-200mg,Cardiology,VA,2026-04-02,2026-04-07,5,2026-04-03,2026-04-16,Approved,13,2026-04-19,2026-04-19,17,Resolved,0,,,3,1,0,1,1,14
CASE-02832,PAT-00638,REP-004,DrugGamma-200mg,Rare Disease,Commercial,2025-11-29,2025-12-02,3,2025-12-06,2025-12-13,Approved,7,2025-12-15,2025-12-15,16,Resolved,0,,,8,1,1,1,0,14
CASE-02833,PAT-01343,REP-021,CardioPlus-25mg,Neurology,Medicare,2025-09-09,2025-09-10,1,2025-09-13,2025-09-30,Approved,17,2025-10-10,2025-10-14,35,Resolved,0,,,8,0,1,1,1,21
CASE-02834,PAT-01147,REP-004,DrugAlpha-100mg,Cardiology,Medicaid,2025-10-31,2025-11-07,7,2025-11-02,2025-12-01,Approved,29,2025-12-07,2025-12-09,39,Resolved,0,,,8,1,1,0,1,31
CASE-02835,PAT-00753,REP-024,CardioPlus-25mg,Neurology,Medicare,2025-08-26,2025-09-02,7,2025-09-02,2025-09-27,Approved,25,2025-10-03,2025-10-08,43,Resolved,0,,,10,0,0,0,1,32
CASE-02836,PAT-01451,REP-015,NeuroX-75mg,Rare Disease,Commercial,2025-11-03,2025-11-06,3,2025-11-09,2025-11-26,Approved,17,,,,Abandoned,1,Patient Lost Contact,Post-Fulfillment,2,0,,,,
CASE-02837,PAT-01285,REP-020,DrugAlpha-100mg,Immunology,Medicaid,2025-12-25,2025-12-29,4,2026-01-01,2026-01-09,Appeal,8,,,,Abandoned,1,Switched Therapy,During PA,2,0,,,,
CASE-02838,PAT-00262,REP-010,DrugBeta-50mg,Neurology,Medicare,2025-07-03,2025-07-05,2,2025-07-08,2025-07-21,Denied,13,,,,Open,0,,,8,0,,,,
CASE-02839,PAT-00944,REP-004,CardioPlus-25mg,Neurology,Self-Pay,2026-04-17,2026-04-21,4,2026-04-20,2026-04-29,Approved,9,2026-05-04,2026-05-04,17,Resolved,0,,,5,0,1,0,0,12
CASE-02840,PAT-01705,REP-012,DrugAlpha-100mg,Neurology,Medicaid,2025-12-24,2025-12-26,2,2025-12-31,2026-02-11,Approved,42,2026-02-17,2026-02-20,58,Resolved,0,,,10,0,1,1,0,49
CASE-02841,PAT-01531,REP-015,DrugGamma-200mg,Rare Disease,Medicare,2025-07-08,2025-07-15,7,2025-07-10,2025-07-20,Denied,10,,,,Abandoned,1,Unknown,During PA,3,0,,,,
CASE-02842,PAT-00726,REP-015,DrugBeta-50mg,Cardiology,Medicaid,2025-07-11,2025-07-14,3,2025-07-12,2025-08-25,Pending,44,,,,In Progress,0,,,1,0,,,,
CASE-02843,PAT-01924,REP-004,NeuroX-75mg,Rare Disease,Self-Pay,2025-07-08,2025-07-13,5,2025-07-10,2025-07-24,Approved,14,2025-07-29,2025-07-29,21,Resolved,0,,,9,1,1,0,0,16
CASE-02844,PAT-00213,REP-021,NeuroX-75mg,Oncology,Medicare,2025-09-02,2025-09-04,2,2025-09-04,2025-09-28,Denied,24,,,,Abandoned,1,Side Effect Concerns,Post-PA,0,0,,,,
CASE-02845,PAT-00916,REP-021,CardioPlus-25mg,Cardiology,Commercial,2025-07-19,2025-07-22,3,2025-07-21,2025-08-05,Approved,15,2025-08-06,2025-08-06,18,Resolved,0,,,7,0,1,0,0,17
CASE-02846,PAT-01772,REP-004,CardioPlus-25mg,Cardiology,VA,2026-01-22,2026-01-23,1,2026-01-29,2026-01-31,Approved,2,2026-02-01,2026-02-04,13,Resolved,0,,,12,1,0,0,0,9
CASE-02847,PAT-01834,REP-020,DrugAlpha-100mg,Oncology,Commercial,2025-10-28,2025-11-02,5,2025-10-29,2025-11-14,Approved,16,2025-11-19,2025-11-23,26,Resolved,0,,,6,1,1,1,1,17
CASE-02848,PAT-01506,REP-010,NeuroX-75mg,Cardiology,Medicaid,2025-08-02,2025-08-04,2,2025-08-09,2025-08-23,Approved,14,2025-08-31,2025-09-03,32,Resolved,0,,,8,1,1,1,1,21
CASE-02849,PAT-00126,REP-020,DrugAlpha-100mg,Cardiology,Commercial,2026-04-07,2026-04-10,3,2026-04-09,2026-04-22,Approved,13,2026-04-23,2026-04-26,19,Resolved,0,,,2,1,1,1,1,15
CASE-02850,PAT-00295,REP-004,NeuroX-75mg,Rare Disease,VA,2026-02-06,2026-02-07,1,2026-02-12,2026-02-20,Approved,8,2026-02-25,2026-02-28,22,Resolved,0,,,1,0,1,0,1,14
CASE-02851,PAT-01903,REP-015,DrugGamma-200mg,Cardiology,Medicare,2026-01-14,2026-01-17,3,2026-01-19,2026-02-15,Appeal,27,,,,Open,0,,,4,0,,,,
CASE-02852,PAT-00376,REP-020,CardioPlus-25mg,Neurology,Commercial,2025-09-27,2025-09-29,2,2025-10-04,2025-10-12,Approved,8,2025-10-18,2025-10-20,23,Resolved,0,,,7,0,1,0,0,15
CASE-02853,PAT-00555,REP-015,DrugBeta-50mg,Immunology,Commercial,2025-07-28,2025-07-31,3,2025-08-03,2025-08-10,Approved,7,2025-08-19,2025-08-24,27,Resolved,0,,,11,0,1,1,1,13
CASE-02854,PAT-00123,REP-020,DrugBeta-50mg,Neurology,Medicaid,2026-04-05,2026-04-07,2,2026-04-08,,Approved,43,2026-05-25,2026-05-30,55,Resolved,0,,,8,1,0,1,1,46
CASE-02855,PAT-00642,REP-020,CardioPlus-25mg,Rare Disease,Medicare,2026-03-29,2026-03-30,1,2026-03-31,2026-04-29,Denied,29,,,,Open,0,,,6,0,,,,
CASE-02856,PAT-01266,REP-004,DrugGamma-200mg,Cardiology,Medicare,2026-02-08,2026-02-10,2,2026-02-10,2026-03-06,Approved,24,2026-03-08,2026-03-12,32,Resolved,0,,,3,1,1,0,0,26
CASE-02857,PAT-01908,REP-020,DrugBeta-50mg,Neurology,Medicare,2025-09-25,2025-09-29,4,2025-09-30,2025-10-24,Appeal,24,,,,In Progress,0,,,10,0,,,,
CASE-02858,PAT-01272,REP-004,NeuroX-75mg,Oncology,Self-Pay,2025-09-07,2025-09-10,3,2025-09-08,2025-09-12,Approved,4,2025-09-14,2025-09-19,12,Resolved,0,,,12,0,0,0,1,5
CASE-02859,PAT-01927,REP-019,DrugGamma-200mg,Immunology,Medicaid,2025-10-29,2025-11-01,3,2025-11-04,2025-12-07,Denied,33,,,,In Progress,0,,,2,0,,,,
CASE-02860,PAT-00822,REP-019,DrugBeta-50mg,Neurology,Medicare,2026-04-18,2026-04-23,5,2026-04-22,,Approved,22,2026-05-15,2026-05-18,30,Resolved,0,,,3,0,1,1,1,26
CASE-02861,PAT-00363,REP-012,CardioPlus-25mg,Cardiology,VA,2025-12-09,2025-12-11,2,2025-12-11,2025-12-19,Approved,8,2025-12-23,2025-12-24,15,Resolved,0,,,2,1,1,1,0,10
CASE-02862,PAT-00760,REP-024,DrugBeta-50mg,Cardiology,Commercial,2026-02-19,2026-02-20,1,2026-02-21,2026-03-08,Denied,15,,,,Abandoned,1,Cost Concerns,Post-PA,1,0,,,,
CASE-02863,PAT-00826,REP-019,DrugAlpha-100mg,Oncology,Medicare,2025-08-30,2025-09-02,3,2025-09-06,2025-09-29,Approved,23,2025-10-05,2025-10-06,37,Resolved,0,,,11,0,0,0,1,30
CASE-02864,PAT-01982,REP-015,NeuroX-75mg,Rare Disease,Medicare,2026-02-04,2026-02-10,6,2026-02-06,2026-02-26,Denied,20,,,,Abandoned,1,Side Effect Concerns,During PA,3,0,,,,
CASE-02865,PAT-00746,REP-015,CardioPlus-25mg,Immunology,Commercial,2026-02-03,2026-02-05,2,2026-02-08,2026-02-12,Approved,4,2026-02-15,2026-02-20,17,Resolved,0,,,9,1,1,0,1,9
CASE-02866,PAT-00904,REP-015,DrugAlpha-100mg,Immunology,Commercial,2026-03-11,2026-03-12,1,2026-03-18,2026-03-21,Approved,3,2026-03-28,2026-04-01,21,Resolved,0,,,8,0,1,1,0,10
CASE-02867,PAT-01042,REP-020,DrugBeta-50mg,Immunology,Commercial,2026-03-01,2026-03-02,1,2026-03-07,2026-03-21,Denied,14,,,,Abandoned,1,Patient Deceased,Post-PA,0,0,,,,
CASE-02868,PAT-01786,REP-015,DrugGamma-200mg,Rare Disease,Medicaid,2026-04-06,2026-04-10,4,2026-04-07,2026-04-24,Appeal,17,,,,Abandoned,1,Switched Therapy,During PA,1,0,,,,
CASE-02869,PAT-00867,REP-024,DrugBeta-50mg,Immunology,Commercial,2026-03-08,2026-03-09,1,2026-03-13,2026-03-20,Approved,7,2026-03-28,2026-03-28,20,Resolved,0,,,1,0,1,1,1,12
CASE-02870,PAT-00274,REP-021,DrugGamma-200mg,Neurology,Medicare,2026-04-10,2026-04-13,3,2026-04-12,2026-04-19,Approved,7,2026-04-22,2026-04-25,15,Resolved,0,,,1,0,1,1,1,9
CASE-02871,PAT-01795,REP-015,CardioPlus-25mg,Oncology,Medicare,2025-10-26,2025-10-30,4,2025-10-27,2025-11-03,Appeal,7,,,,In Progress,0,,,6,0,,,,
CASE-02872,PAT-00226,REP-015,DrugGamma-200mg,Immunology,Medicare,2025-09-30,2025-10-03,3,2025-10-02,2025-10-21,Approved,19,,,,Abandoned,1,Patient Deceased,Post-Fulfillment,2,0,,,,
CASE-02873,PAT-00405,REP-020,NeuroX-75mg,Neurology,Commercial,2026-01-27,2026-01-29,2,2026-02-01,2026-02-22,Approved,21,2026-02-27,2026-02-28,32,Resolved,0,,,11,1,1,0,0,26
CASE-02874,PAT-01481,REP-024,CardioPlus-25mg,Immunology,Medicaid,2026-03-31,2026-04-03,3,2026-04-03,,Approved,45,2026-05-26,2026-05-26,56,Resolved,0,,,5,0,1,1,1,48
CASE-02875,PAT-00449,REP-015,CardioPlus-25mg,Neurology,Commercial,2025-07-22,2025-07-23,1,2025-07-29,2025-08-04,Approved,6,2025-08-06,2025-08-06,15,Resolved,0,,,5,1,1,1,1,13
CASE-02876,PAT-01321,REP-012,NeuroX-75mg,Immunology,Commercial,2026-02-23,2026-02-25,2,2026-02-26,2026-03-03,Approved,5,,,,Abandoned,1,Side Effect Concerns,Post-PA,1,0,,,,
CASE-02877,PAT-00804,REP-021,DrugAlpha-100mg,Oncology,Commercial,2025-10-27,2025-10-28,1,2025-11-01,2025-11-13,Approved,12,2025-11-22,2025-11-25,29,Resolved,0,,,8,1,0,0,0,17
CASE-02878,PAT-01821,REP-024,DrugGamma-200mg,Rare Disease,Commercial,2025-11-26,2025-11-28,2,2025-11-28,2025-12-13,Approved,15,2025-12-15,2025-12-18,22,Resolved,0,,,2,0,1,1,0,17
CASE-02879,PAT-00488,REP-015,DrugAlpha-100mg,Cardiology,Medicare,2026-04-29,2026-05-01,2,2026-05-06,,Approved,29,2026-06-12,2026-06-13,45,Resolved,0,,,3,1,1,1,1,36
CASE-02880,PAT-01262,REP-004,CardioPlus-25mg,Neurology,Commercial,2025-12-15,2025-12-22,7,2025-12-19,2025-12-30,Approved,11,2026-01-01,2026-01-03,19,Resolved,0,,,7,0,1,1,0,15
CASE-02881,PAT-01359,REP-021,NeuroX-75mg,Oncology,VA,2025-10-17,2025-10-22,5,2025-10-23,2025-11-04,Approved,12,,,,Abandoned,1,Switched Therapy,Post-Fulfillment,3,0,,,,
CASE-02882,PAT-00901,REP-015,NeuroX-75mg,Neurology,Medicare,2025-07-15,2025-07-18,3,2025-07-22,2025-08-13,Denied,22,,,,Abandoned,1,Unknown,Post-PA,0,0,,,,
CASE-02883,PAT-00033,REP-021,DrugBeta-50mg,Immunology,Commercial,2025-11-05,2025-11-12,7,2025-11-10,2025-11-25,Approved,15,2025-12-03,2025-12-05,30,Resolved,0,,,10,0,1,0,0,20
CASE-02884,PAT-01157,REP-024,DrugBeta-50mg,Cardiology,Commercial,2025-09-09,2025-09-12,3,2025-09-14,2025-10-02,Approved,18,2025-10-03,2025-10-07,28,Resolved,0,,,8,0,1,1,1,23
CASE-02885,PAT-00645,REP-012,DrugBeta-50mg,Neurology,Medicaid,2025-08-14,2025-08-18,4,2025-08-18,2025-09-10,Appeal,23,,,,Open,0,,,6,0,,,,
CASE-02886,PAT-00029,REP-021,DrugAlpha-100mg,Oncology,Self-Pay,2025-10-09,2025-10-12,3,2025-10-12,2025-10-18,Denied,6,,,,Abandoned,1,Side Effect Concerns,Post-PA,0,0,,,,
CASE-02887,PAT-00855,REP-012,DrugAlpha-100mg,Immunology,Self-Pay,2025-08-27,2025-08-29,2,2025-08-30,2025-09-04,Approved,5,2025-09-08,2025-09-08,12,Resolved,0,,,2,1,1,1,1,8
CASE-02888,PAT-00181,REP-019,NeuroX-75mg,Immunology,Medicaid,2025-07-09,2025-07-10,1,2025-07-10,2025-08-14,Appeal,35,,,,In Progress,0,,,4,0,,,,
CASE-02889,PAT-01624,REP-004,CardioPlus-25mg,Oncology,Commercial,2026-02-15,2026-02-16,1,2026-02-18,2026-03-11,Approved,21,2026-03-20,2026-03-24,37,Resolved,0,,,9,0,1,1,0,24
CASE-02890,PAT-01195,REP-012,CardioPlus-25mg,Immunology,Commercial,2025-09-08,2025-09-10,2,2025-09-15,2025-09-18,Approved,3,2025-09-28,2025-10-02,24,Resolved,0,,,6,1,1,1,0,10
CASE-02891,PAT-00242,REP-012,DrugAlpha-100mg,Oncology,Commercial,2025-08-17,2025-08-19,2,2025-08-19,2025-09-01,Denied,13,,,,Abandoned,1,Cost Concerns,Post-PA,0,0,,,,
CASE-02892,PAT-01775,REP-020,DrugAlpha-100mg,Rare Disease,Self-Pay,2025-12-20,2025-12-23,3,2025-12-21,2025-12-25,Denied,4,,,,In Progress,0,,,3,0,,,,
CASE-02893,PAT-01871,REP-004,CardioPlus-25mg,Cardiology,Medicaid,2026-01-21,2026-01-26,5,2026-01-23,2026-03-08,Approved,44,2026-03-13,2026-03-14,52,Resolved,0,,,5,0,1,1,1,46
CASE-02894,PAT-01234,REP-012,CardioPlus-25mg,Immunology,Medicare,2025-08-27,2025-08-30,3,2025-08-28,2025-09-14,Approved,17,2025-09-21,2025-09-22,26,Resolved,0,,,7,1,1,1,0,18
CASE-02895,PAT-01655,REP-019,DrugGamma-200mg,Neurology,Commercial,2025-07-02,2025-07-04,2,2025-07-04,2025-07-17,Appeal,13,,,,Abandoned,1,Patient Deceased,During PA,1,0,,,,
CASE-02896,PAT-00207,REP-015,DrugGamma-200mg,Neurology,Commercial,2025-09-14,2025-09-17,3,2025-09-20,2025-10-11,Pending,21,,,,Abandoned,1,Unknown,During PA,1,0,,,,
CASE-02897,PAT-00687,REP-004,NeuroX-75mg,Neurology,Commercial,2025-08-25,2025-08-30,5,2025-08-27,2025-09-03,Approved,7,2025-09-04,2025-09-07,13,Resolved,0,,,11,0,1,1,0,9
CASE-02898,PAT-00443,REP-015,NeuroX-75mg,Cardiology,VA,2025-07-11,2025-07-14,3,2025-07-12,2025-07-15,Approved,3,2025-07-19,2025-07-24,13,Resolved,0,,,4,0,1,1,1,4
CASE-02899,PAT-01261,REP-019,DrugGamma-200mg,Rare Disease,Medicare,2025-08-07,2025-08-10,3,2025-08-10,2025-09-09,Approved,30,2025-09-13,2025-09-17,41,Resolved,0,,,3,0,1,1,1,33
CASE-02900,PAT-00165,REP-024,CardioPlus-25mg,Cardiology,Commercial,2025-12-23,2025-12-28,5,2025-12-27,2026-01-13,Approved,17,2026-01-21,2026-01-25,33,Resolved,0,,,9,0,1,0,0,21
CASE-02901,PAT-01484,REP-004,DrugBeta-50mg,Neurology,Commercial,2025-10-05,2025-10-07,2,2025-10-09,2025-10-21,Approved,12,2025-10-24,2025-10-27,22,Resolved,0,,,12,0,1,0,1,16
CASE-02902,PAT-00390,REP-010,DrugBeta-50mg,Immunology,Commercial,2025-09-27,2025-10-01,4,2025-10-02,2025-10-17,Approved,15,2025-10-26,2025-10-30,33,Resolved,0,,,6,0,1,1,0,20
CASE-02903,PAT-01674,REP-019,DrugAlpha-100mg,Oncology,VA,2026-01-29,2026-02-01,3,2026-01-31,2026-02-06,Approved,6,2026-02-15,2026-02-15,17,Resolved,0,,,2,0,1,1,0,8
CASE-02904,PAT-01995,REP-015,DrugAlpha-100mg,Cardiology,Medicare,2026-03-21,2026-03-23,2,2026-03-23,2026-03-30,Approved,7,2026-04-01,2026-04-04,14,Resolved,0,,,2,0,1,1,1,9
CASE-02905,PAT-00572,REP-024,DrugGamma-200mg,Rare Disease,Medicaid,2025-11-26,2025-11-28,2,2025-12-03,2026-01-10,Approved,38,2026-01-19,2026-01-19,54,Resolved,0,,,7,0,1,1,1,45
CASE-02906,PAT-00086,REP-015,DrugAlpha-100mg,Neurology,Medicare,2025-07-18,2025-07-25,7,2025-07-22,2025-07-27,Approved,5,2025-08-02,2025-08-04,17,Resolved,0,,,6,0,1,1,1,9
CASE-02907,PAT-01610,REP-020,NeuroX-75mg,Oncology,Commercial,2025-09-08,2025-09-12,4,2025-09-14,2025-09-26,Approved,12,2025-10-05,2025-10-07,29,Resolved,0,,,5,0,0,0,0,18
CASE-02908,PAT-00569,REP-012,NeuroX-75mg,Rare Disease,VA,2025-10-27,2025-10-30,3,2025-10-28,2025-11-05,Approved,8,2025-11-10,2025-11-13,17,Resolved,0,,,12,0,1,0,0,9
CASE-02909,PAT-01055,REP-004,DrugBeta-50mg,Oncology,Self-Pay,2025-12-03,2025-12-06,3,2025-12-05,2025-12-10,Approved,5,2025-12-14,2025-12-16,13,Resolved,0,,,1,0,1,0,1,7
CASE-02910,PAT-00231,REP-024,DrugAlpha-100mg,Rare Disease,Commercial,2025-07-14,2025-07-16,2,2025-07-17,2025-07-28,Approved,11,2025-07-29,2025-08-02,19,Resolved,0,,,7,1,1,0,0,14
CASE-02911,PAT-00697,REP-004,DrugAlpha-100mg,Immunology,Self-Pay,2025-10-24,2025-10-27,3,2025-10-25,2025-11-08,Approved,14,2025-11-18,2025-11-21,28,Resolved,0,,,5,0,0,0,0,15
CASE-02912,PAT-00758,REP-021,CardioPlus-25mg,Cardiology,Medicare,2025-12-22,2025-12-28,6,2025-12-28,2026-01-25,Approved,28,2026-01-31,2026-02-03,43,Resolved,0,,,7,0,1,1,0,34
CASE-02913,PAT-01921,REP-004,CardioPlus-25mg,Immunology,Commercial,2025-10-09,2025-10-12,3,2025-10-14,2025-10-27,Denied,13,,,,Abandoned,1,Side Effect Concerns,Post-PA,2,0,,,,
CASE-02914,PAT-01226,REP-004,NeuroX-75mg,Neurology,Commercial,2025-12-23,2025-12-26,3,2025-12-29,2026-01-15,Approved,17,2026-01-22,2026-01-22,30,Resolved,0,,,11,1,0,1,1,23
CASE-02915,PAT-00642,REP-021,CardioPlus-25mg,Rare Disease,Medicare,2025-10-12,2025-10-15,3,2025-10-17,2025-11-04,Approved,18,2025-11-08,2025-11-08,27,Resolved,0,,,6,0,1,1,0,23
CASE-02916,PAT-00377,REP-004,CardioPlus-25mg,Immunology,Commercial,2025-07-01,2025-07-03,2,2025-07-04,2025-07-21,Approved,17,2025-07-22,2025-07-22,21,Resolved,0,,,11,0,1,1,1,20
CASE-02917,PAT-01175,REP-015,CardioPlus-25mg,Immunology,Medicare,2025-07-14,2025-07-17,3,2025-07-21,2025-08-06,Pending,16,,,,In Progress,0,,,7,0,,,,
CASE-02918,PAT-01864,REP-015,DrugBeta-50mg,Immunology,Commercial,2026-02-13,2026-02-14,1,2026-02-16,2026-02-20,Approved,4,2026-03-02,2026-03-03,18,Resolved,0,,,11,1,1,1,1,7
CASE-02919,PAT-01497,REP-012,CardioPlus-25mg,Immunology,Commercial,2026-03-20,2026-03-22,2,2026-03-23,2026-03-30,Approved,7,2026-04-09,2026-04-09,20,Resolved,0,,,6,0,1,0,1,10
CASE-02920,PAT-01066,REP-024,NeuroX-75mg,Immunology,VA,2026-02-11,2026-02-16,5,2026-02-13,2026-02-27,Approved,14,2026-03-05,2026-03-10,27,Resolved,0,,,12,1,0,0,0,16
CASE-02921,PAT-01740,REP-020,DrugGamma-200mg,Oncology,Commercial,2026-03-22,2026-03-29,7,2026-03-26,2026-04-15,Denied,20,,,,Open,0,,,7,0,,,,
CASE-02922,PAT-00523,REP-015,DrugBeta-50mg,Immunology,Commercial,2026-01-12,2026-01-15,3,2026-01-14,2026-01-31,Approved,17,2026-02-04,2026-02-08,27,Resolved,0,,,10,0,1,0,0,19
CASE-02923,PAT-01688,REP-004,DrugGamma-200mg,Immunology,Medicare,2025-10-28,2025-10-30,2,2025-10-30,2025-11-12,Approved,13,2025-11-14,2025-11-17,20,Resolved,0,,,10,0,1,1,1,15
CASE-02924,PAT-00316,REP-020,NeuroX-75mg,Immunology,Medicare,2025-08-25,2025-08-30,5,2025-08-29,2025-09-24,Approved,26,2025-10-01,2025-10-05,41,Resolved,0,,,1,0,1,1,1,30
CASE-02925,PAT-01843,REP-015,DrugGamma-200mg,Rare Disease,Commercial,2025-12-10,2025-12-12,2,2025-12-14,2026-01-04,Approved,21,,,,Abandoned,1,Patient Lost Contact,Post-Fulfillment,4,0,,,,
CASE-02926,PAT-01184,REP-004,DrugBeta-50mg,Oncology,Medicaid,2026-01-16,2026-01-18,2,2026-01-20,2026-02-09,Approved,20,2026-02-10,2026-02-14,29,Resolved,0,,,5,0,1,0,0,24
CASE-02927,PAT-01570,REP-015,DrugAlpha-100mg,Immunology,Self-Pay,2025-12-28,2026-01-01,4,2026-01-04,2026-01-08,Denied,4,,,,Abandoned,1,Side Effect Concerns,During PA,3,0,,,,
CASE-02928,PAT-00715,REP-012,NeuroX-75mg,Immunology,Medicare,2026-03-27,2026-04-01,5,2026-03-29,2026-04-14,Denied,16,,,,Abandoned,1,Unknown,During PA,3,0,,,,
CASE-02929,PAT-01062,REP-020,DrugBeta-50mg,Rare Disease,Medicaid,2025-08-29,2025-09-01,3,2025-09-01,2025-10-08,Approved,37,2025-10-09,2025-10-09,41,Resolved,0,,,9,1,0,0,0,40
CASE-02930,PAT-01217,REP-004,DrugBeta-50mg,Oncology,VA,2026-04-01,2026-04-03,2,2026-04-07,2026-04-14,Pending,7,,,,Open,0,,,1,0,,,,
CASE-02931,PAT-00736,REP-010,NeuroX-75mg,Rare Disease,Commercial,2025-11-01,2025-11-04,3,2025-11-07,2025-11-19,Approved,12,2025-11-24,2025-11-25,24,Resolved,0,,,11,0,1,1,1,18
CASE-02932,PAT-00696,REP-019,DrugBeta-50mg,Immunology,Medicare,2025-10-31,2025-11-05,5,2025-11-07,2025-11-25,Denied,18,,,,Open,0,,,7,0,,,,
CASE-02933,PAT-00307,REP-021,CardioPlus-25mg,Oncology,Commercial,2025-12-11,2025-12-15,4,2025-12-14,2025-12-27,Approved,13,2026-01-02,2026-01-05,25,Resolved,0,,,5,1,0,0,0,16
CASE-02934,PAT-01696,REP-020,NeuroX-75mg,Immunology,Medicare,2026-02-25,2026-02-28,3,2026-02-26,2026-03-17,Denied,19,,,,Abandoned,1,Patient Lost Contact,Post-PA,2,0,,,,
CASE-02935,PAT-01763,REP-012,DrugBeta-50mg,Rare Disease,Commercial,2026-03-21,2026-03-24,3,2026-03-24,2026-04-09,Approved,16,2026-04-14,2026-04-16,26,Resolved,0,,,4,0,0,1,1,19
CASE-02936,PAT-01442,REP-020,NeuroX-75mg,Cardiology,Commercial,2025-08-26,2025-08-28,2,2025-08-31,2025-09-16,Denied,16,,,,In Progress,0,,,3,0,,,,
CASE-02937,PAT-00228,REP-015,CardioPlus-25mg,Oncology,Self-Pay,2025-08-05,2025-08-08,3,2025-08-12,2025-08-26,Approved,14,2025-09-03,2025-09-06,32,Resolved,0,,,3,0,0,1,0,21
CASE-02938,PAT-01524,REP-012,DrugBeta-50mg,Immunology,Medicare,2026-04-07,2026-04-08,1,2026-04-10,2026-04-27,Appeal,17,,,,Open,0,,,10,0,,,,
CASE-02939,PAT-01004,REP-019,DrugBeta-50mg,Neurology,Medicare,2026-02-27,2026-03-05,6,2026-03-02,2026-03-10,Denied,8,,,,Abandoned,1,Insurance Delay,Post-PA,0,0,,,,
CASE-02940,PAT-00510,REP-004,CardioPlus-25mg,Neurology,Medicare,2026-01-26,2026-01-27,1,2026-01-28,2026-02-16,Approved,19,2026-02-17,2026-02-19,24,Resolved,0,,,2,0,0,0,0,21
CASE-02941,PAT-01723,REP-021,DrugGamma-200mg,Oncology,Commercial,2025-11-27,2025-11-28,1,2025-11-29,2025-12-18,Appeal,19,,,,In Progress,0,,,1,0,,,,
CASE-02942,PAT-00241,REP-021,DrugAlpha-100mg,Neurology,Commercial,2026-01-09,2026-01-12,3,2026-01-11,2026-01-29,Approved,18,2026-02-02,2026-02-06,28,Resolved,0,,,2,0,1,1,1,20
CASE-02943,PAT-01687,REP-015,DrugAlpha-100mg,Oncology,Commercial,2025-09-26,2025-09-30,4,2025-09-27,2025-10-06,Approved,9,2025-10-07,2025-10-12,16,Resolved,0,,,1,0,1,0,1,10
CASE-02944,PAT-01713,REP-024,DrugBeta-50mg,Oncology,Medicaid,2026-02-28,2026-03-02,2,2026-03-01,2026-04-06,Approved,36,2026-04-16,2026-04-17,48,Resolved,0,,,8,0,1,1,0,37
CASE-02945,PAT-01517,REP-010,DrugBeta-50mg,Rare Disease,Commercial,2026-01-11,2026-01-16,5,2026-01-12,2026-01-20,Denied,8,,,,Abandoned,1,Cost Concerns,During PA,4,0,,,,
CASE-02946,PAT-01558,REP-010,DrugAlpha-100mg,Rare Disease,Medicare,2025-11-20,2025-11-25,5,2025-11-26,2025-12-12,Approved,16,2025-12-18,2025-12-21,31,Resolved,0,,,2,0,1,1,1,22
CASE-02947,PAT-00560,REP-004,CardioPlus-25mg,Cardiology,Commercial,2025-11-14,2025-11-15,1,2025-11-15,2025-11-26,Denied,11,,,,In Progress,0,,,4,0,,,,
CASE-02948,PAT-00376,REP-004,CardioPlus-25mg,Neurology,Commercial,2026-04-08,2026-04-13,5,2026-04-11,2026-04-23,Denied,12,,,,In Progress,0,,,3,0,,,,
CASE-02949,PAT-00951,REP-010,NeuroX-75mg,Neurology,Commercial,2025-11-07,2025-11-08,1,2025-11-12,2025-12-03,Approved,21,2025-12-04,2025-12-08,31,Resolved,0,,,10,0,1,1,1,26
CASE-02950,PAT-00602,REP-012,CardioPlus-25mg,Immunology,Commercial,2025-08-06,2025-08-07,1,2025-08-13,2025-08-24,Approved,11,2025-09-03,2025-09-08,33,Resolved,0,,,10,1,1,1,1,18
CASE-02951,PAT-01167,REP-012,DrugGamma-200mg,Neurology,Medicaid,2025-11-30,2025-12-01,1,2025-12-04,2025-12-23,Approved,19,2025-12-25,2025-12-26,26,Resolved,0,,,2,1,0,1,1,23
CASE-02952,PAT-01974,REP-004,DrugGamma-200mg,Oncology,Commercial,2026-03-22,2026-03-25,3,2026-03-27,2026-04-01,Approved,5,2026-04-06,2026-04-11,20,Resolved,0,,,6,0,1,0,0,10
CASE-02953,PAT-01540,REP-004,DrugAlpha-100mg,Neurology,VA,2025-07-01,2025-07-05,4,2025-07-04,2025-07-16,Approved,12,2025-07-22,2025-07-26,25,Resolved,0,,,2,0,1,0,0,15
CASE-02954,PAT-01524,REP-020,DrugBeta-50mg,Immunology,Medicare,2025-09-08,2025-09-10,2,2025-09-12,2025-10-05,Denied,23,,,,Open,0,,,3,0,,,,
CASE-02955,PAT-01341,REP-024,CardioPlus-25mg,Neurology,Medicare,2026-03-13,2026-03-20,7,2026-03-16,2026-04-04,Approved,19,2026-04-06,2026-04-08,26,Resolved,0,,,12,1,1,1,1,22
CASE-02956,PAT-00043,REP-004,DrugAlpha-100mg,Immunology,VA,2026-04-03,2026-04-05,2,2026-04-09,2026-04-18,Approved,9,2026-04-24,2026-04-27,24,Resolved,0,,,10,1,1,1,1,15
CASE-02957,PAT-00020,REP-021,DrugBeta-50mg,Immunology,Self-Pay,2026-04-14,2026-04-19,5,2026-04-16,2026-04-30,Approved,14,2026-05-03,2026-05-08,24,Resolved,0,,,1,1,1,0,0,16
CASE-02958,PAT-01152,REP-004,NeuroX-75mg,Rare Disease,Commercial,2025-09-23,2025-09-27,4,2025-09-25,2025-10-12,Denied,17,,,,In Progress,0,,,6,0,,,,
CASE-02959,PAT-01843,REP-020,DrugGamma-200mg,Rare Disease,Commercial,2026-03-06,2026-03-07,1,2026-03-08,2026-03-21,Approved,13,2026-03-22,2026-03-27,21,Resolved,0,,,3,1,1,1,0,15
CASE-02960,PAT-01369,REP-010,DrugAlpha-100mg,Immunology,Commercial,2026-04-18,2026-04-19,1,2026-04-25,,Approved,20,2026-05-17,2026-05-19,31,Resolved,0,,,9,0,1,1,1,27
CASE-02961,PAT-00292,REP-012,CardioPlus-25mg,Cardiology,Medicare,2025-12-15,2025-12-22,7,2025-12-21,2025-12-30,Approved,9,2025-12-31,2026-01-01,17,Resolved,0,,,9,0,1,1,1,15
CASE-02962,PAT-00111,REP-010,DrugBeta-50mg,Neurology,Medicare,2025-12-06,2025-12-07,1,2025-12-07,2026-01-04,Appeal,28,,,,Abandoned,1,Cost Concerns,During PA,0,0,,,,
CASE-02963,PAT-01468,REP-010,DrugAlpha-100mg,Cardiology,Medicare,2026-01-13,2026-01-16,3,2026-01-15,2026-02-07,Approved,23,2026-02-16,2026-02-19,37,Resolved,0,,,8,0,1,0,0,25
CASE-02964,PAT-00577,REP-012,DrugGamma-200mg,Rare Disease,Commercial,2026-03-02,2026-03-05,3,2026-03-03,2026-03-22,Approved,19,2026-03-28,2026-03-30,28,Resolved,0,,,3,0,0,0,1,20
CASE-02965,PAT-01890,REP-020,CardioPlus-25mg,Rare Disease,Commercial,2025-12-04,2025-12-05,1,2025-12-07,2025-12-25,Approved,18,2025-12-27,2025-12-30,26,Resolved,0,,,12,0,0,0,0,21
CASE-02966,PAT-00440,REP-024,NeuroX-75mg,Immunology,Commercial,2026-04-02,2026-04-06,4,2026-04-05,2026-04-19,Approved,14,2026-04-22,2026-04-24,22,Resolved,0,,,9,0,1,1,0,17
CASE-02967,PAT-01774,REP-020,DrugBeta-50mg,Oncology,Self-Pay,2026-03-10,2026-03-14,4,2026-03-14,2026-03-27,Denied,13,,,,In Progress,0,,,6,0,,,,
CASE-02968,PAT-00728,REP-021,DrugBeta-50mg,Cardiology,Commercial,2025-12-06,2025-12-07,1,2025-12-07,2025-12-11,Approved,4,2025-12-17,2025-12-21,15,Resolved,0,,,9,0,1,1,1,5
CASE-02969,PAT-00338,REP-021,DrugBeta-50mg,Oncology,Self-Pay,2026-03-23,2026-03-26,3,2026-03-24,2026-03-26,Approved,2,2026-03-27,2026-03-29,6,Resolved,0,,,2,1,1,1,0,3
CASE-02970,PAT-01860,REP-004,DrugAlpha-100mg,Neurology,Medicare,2025-08-15,2025-08-19,4,2025-08-19,2025-09-03,Pending,15,,,,Abandoned,1,Side Effect Concerns,During PA,2,0,,,,
CASE-02971,PAT-01977,REP-019,DrugAlpha-100mg,Oncology,Medicaid,2025-09-11,2025-09-13,2,2025-09-15,2025-10-17,Approved,32,2025-10-20,2025-10-22,41,Resolved,0,,,10,0,1,1,1,36
CASE-02972,PAT-00724,REP-020,DrugBeta-50mg,Neurology,Medicaid,2025-07-30,2025-08-01,2,2025-08-05,2025-09-01,Approved,27,2025-09-09,2025-09-13,45,Resolved,0,,,1,1,0,0,0,33
CASE-02973,PAT-00672,REP-012,NeuroX-75mg,Rare Disease,Medicare,2025-10-31,2025-11-04,4,2025-11-07,2025-11-24,Approved,17,2025-11-27,2025-11-29,29,Resolved,0,,,12,1,1,0,0,24
CASE-02974,PAT-01783,REP-024,DrugAlpha-100mg,Oncology,VA,2026-01-06,2026-01-08,2,2026-01-11,2026-01-14,Approved,3,2026-01-17,2026-01-21,15,Resolved,0,,,6,0,1,0,0,8
CASE-02975,PAT-01264,REP-012,NeuroX-75mg,Neurology,Commercial,2026-04-09,2026-04-14,5,2026-04-15,,Approved,16,,,,Abandoned,1,Side Effect Concerns,Post-PA,0,0,,,,
CASE-02976,PAT-00297,REP-015,CardioPlus-25mg,Cardiology,Medicaid,2025-09-21,2025-09-23,2,2025-09-25,2025-10-09,Approved,14,2025-10-10,2025-10-12,21,Resolved,0,,,8,0,1,0,0,18
CASE-02977,PAT-01435,REP-024,DrugGamma-200mg,Cardiology,Commercial,2025-10-25,2025-10-26,1,2025-10-31,2025-11-14,Approved,14,2025-11-17,2025-11-19,25,Resolved,0,,,8,1,0,0,0,20
CASE-02978,PAT-01981,REP-004,DrugAlpha-100mg,Immunology,Commercial,2026-03-22,2026-03-24,2,2026-03-23,2026-04-12,Approved,20,2026-04-14,2026-04-15,24,Resolved,0,,,11,0,0,0,0,21
CASE-02979,PAT-01682,REP-019,NeuroX-75mg,Immunology,Commercial,2025-10-26,2025-10-28,2,2025-10-27,2025-11-06,Approved,10,2025-11-15,2025-11-15,20,Resolved,0,,,10,0,1,1,1,11
CASE-02980,PAT-01302,REP-021,DrugBeta-50mg,Oncology,Commercial,2026-04-19,2026-04-20,1,2026-04-25,,Approved,8,2026-05-13,2026-05-14,25,Resolved,0,,,3,1,0,0,1,14
CASE-02981,PAT-01056,REP-020,DrugGamma-200mg,Oncology,Commercial,2025-07-18,2025-07-20,2,2025-07-21,2025-07-24,Approved,3,2025-07-27,2025-08-01,14,Resolved,0,,,6,1,1,1,1,6
CASE-02982,PAT-01641,REP-012,DrugBeta-50mg,Cardiology,Medicaid,2026-02-16,2026-02-17,1,2026-02-23,2026-04-01,Appeal,37,,,,Open,0,,,1,0,,,,
CASE-02983,PAT-00049,REP-010,NeuroX-75mg,Neurology,Medicare,2025-12-16,2025-12-17,1,2025-12-18,2026-01-01,Approved,14,2026-01-07,2026-01-10,25,Resolved,0,,,3,0,1,0,0,16
CASE-02984,PAT-00320,REP-020,DrugAlpha-100mg,Oncology,Self-Pay,2025-12-16,2025-12-18,2,2025-12-21,2025-12-24,Denied,3,,,,Open,0,,,1,0,,,,
CASE-02985,PAT-00669,REP-010,DrugGamma-200mg,Cardiology,Medicare,2025-08-20,2025-08-22,2,2025-08-25,2025-09-19,Approved,25,2025-09-26,2025-10-01,42,Resolved,0,,,4,0,1,1,0,30
CASE-02986,PAT-00327,REP-019,NeuroX-75mg,Neurology,Medicare,2025-09-09,2025-09-11,2,2025-09-15,2025-09-20,Approved,5,2025-09-29,2025-09-30,21,Resolved,0,,,4,0,1,1,0,11
CASE-02987,PAT-00773,REP-024,CardioPlus-25mg,Cardiology,Commercial,2025-09-17,2025-09-20,3,2025-09-19,2025-09-27,Approved,8,2025-09-28,2025-10-02,15,Resolved,0,,,2,1,1,1,1,10
CASE-02988,PAT-01918,REP-010,DrugGamma-200mg,Cardiology,Commercial,2025-10-24,2025-10-26,2,2025-10-30,2025-11-17,Approved,18,2025-11-26,2025-11-30,37,Resolved,0,,,6,0,1,0,0,24
CASE-02989,PAT-01520,REP-012,CardioPlus-25mg,Neurology,Medicare,2026-02-15,2026-02-16,1,2026-02-17,2026-03-10,Denied,21,,,,In Progress,0,,,3,0,,,,
CASE-02990,PAT-00252,REP-015,CardioPlus-25mg,Neurology,Commercial,2026-04-27,2026-04-30,3,2026-04-28,,Approved,7,2026-05-09,2026-05-10,13,Resolved,0,,,1,0,1,1,0,8
CASE-02991,PAT-01168,REP-020,DrugBeta-50mg,Neurology,Self-Pay,2025-10-07,2025-10-10,3,2025-10-11,2025-10-23,Approved,12,2025-10-26,2025-10-27,20,Resolved,0,,,12,0,1,0,0,16
CASE-02992,PAT-01844,REP-024,DrugAlpha-100mg,Cardiology,Self-Pay,2025-12-11,2025-12-12,1,2025-12-14,2025-12-17,Approved,3,2025-12-26,2025-12-28,17,Resolved,0,,,2,0,1,0,0,6
CASE-02993,PAT-01793,REP-019,CardioPlus-25mg,Cardiology,Commercial,2026-04-16,2026-04-23,7,2026-04-17,,Approved,19,2026-05-10,2026-05-12,26,Resolved,0,,,10,0,1,0,0,20
CASE-02994,PAT-00918,REP-019,DrugGamma-200mg,Neurology,Commercial,2025-10-16,2025-10-17,1,2025-10-20,2025-10-25,Denied,5,,,,In Progress,0,,,6,0,,,,
CASE-02995,PAT-00322,REP-020,NeuroX-75mg,Neurology,Medicare,2025-08-25,2025-08-26,1,2025-08-26,2025-09-14,Approved,19,2025-09-19,2025-09-20,26,Resolved,0,,,4,0,1,1,1,20
CASE-02996,PAT-01244,REP-020,NeuroX-75mg,Rare Disease,Medicare,2025-09-02,2025-09-06,4,2025-09-06,2025-10-01,Approved,25,2025-10-02,2025-10-07,35,Resolved,0,,,4,1,1,1,0,29
CASE-02997,PAT-01987,REP-019,CardioPlus-25mg,Neurology,Commercial,2026-01-16,2026-01-21,5,2026-01-19,2026-02-08,Approved,20,2026-02-15,2026-02-16,31,Resolved,0,,,9,0,1,1,1,23
CASE-02998,PAT-01256,REP-012,DrugGamma-200mg,Oncology,Commercial,2025-10-14,2025-10-17,3,2025-10-16,2025-11-05,Denied,20,,,,Abandoned,1,Cost Concerns,During PA,2,0,,,,
CASE-02999,PAT-01528,REP-021,NeuroX-75mg,Neurology,Commercial,2026-01-18,2026-01-25,7,2026-01-22,2026-02-08,Approved,17,2026-02-10,2026-02-15,28,Resolved,0,,,1,0,0,0,0,21
CASE-03000,PAT-01370,REP-004,DrugGamma-200mg,Cardiology,Commercial,2026-03-24,2026-03-25,1,2026-03-31,2026-04-16,Approved,16,2026-04-19,2026-04-19,26,Resolved,0,,,4,0,1,1,1,23
