order_id,order_date,supplier_id,product_id,warehouse_id,quantity_ordered,unit_cost,expected_delivery_date,actual_delivery_date
PO00001,2024-10-21,SUP04,SKU0006,WH05,1731,56.74,2024-11-05,2024-11-03
PO00002,2023-12-05,SUP07,SKU0036,WH03,2593,115.5,2023-12-12,2023-12-12
PO00003,2023-07-27,SUP06,SKU0024,WH05,1860,98.45,2023-08-05,2023-08-03
PO00004,2024-03-26,SUP05,SKU0061,WH02,3450,151.13,2024-04-22,2024-04-20
PO00005,2023-04-20,SUP08,SKU0069,WH05,2133,14.1,2023-05-12,2023-05-16
PO00006,2023-11-02,SUP01,SKU0045,WH03,4963,185.52,2023-11-16,2023-11-13
PO00007,2024-05-13,SUP07,SKU0054,WH04,2960,57.75,2024-05-20,2024-05-21
PO00008,2024-02-06,SUP02,SKU0043,WH02,1478,109.98,2024-03-14,2024-03-15
PO00009,2024-10-14,SUP05,SKU0029,WH02,2695,105.74,2024-11-14,2024-11-29
PO00010,2023-02-06,SUP06,SKU0086,WH01,4055,98.72,2023-02-16,2023-02-24
PO00011,2023-10-26,SUP06,SKU0081,WH05,1758,190.43,2023-11-07,2023-11-07
PO00012,2023-08-02,SUP04,SKU0012,WH05,3699,122.13,2023-08-17,2023-08-30
PO00013,2023-01-11,SUP10,SKU0092,WH04,856,83.62,2023-01-30,2023-02-18
PO00014,2023-07-06,SUP10,SKU0083,WH03,1045,87.81,2023-07-23,2023-07-23
PO00015,2023-07-30,SUP07,SKU0038,WH03,3899,47.56,2023-08-10,2023-08-08
PO00016,2023-07-29,SUP10,SKU0081,WH05,2287,196.13,2023-08-15,2023-08-15
PO00017,2024-03-13,SUP02,SKU0053,WH03,675,150.81,2024-04-19,2024-04-18
PO00018,2024-03-20,SUP01,SKU0049,WH02,504,58.62,2024-04-02,2024-04-03
PO00019,2023-02-19,SUP05,SKU0073,WH03,619,58.68,2023-03-22,2023-04-10
PO00020,2023-01-23,SUP07,SKU0060,WH02,2963,145.02,2023-02-03,2023-01-31
PO00021,2024-02-23,SUP07,SKU0069,WH01,2183,101.13,2024-03-05,2024-03-14
PO00022,2024-09-21,SUP03,SKU0005,WH05,4152,8.53,2024-10-01,2024-10-02
PO00023,2024-02-11,SUP05,SKU0060,WH01,1045,102.29,2024-03-11,2024-03-10
PO00024,2024-11-28,SUP09,SKU0020,WH01,639,75.49,2024-12-30,2024-12-29
PO00025,2024-05-07,SUP04,SKU0012,WH01,276,150.4,2024-05-22,2024-05-21
PO00026,2023-03-06,SUP02,SKU0069,WH04,3297,144.18,2023-04-12,2023-04-12
PO00027,2023-04-27,SUP01,SKU0022,WH04,4840,15.75,2023-05-09,2023-05-10
PO00028,2023-11-07,SUP10,SKU0032,WH04,3289,172.14,2023-11-26,2023-11-27
PO00029,2023-12-11,SUP01,SKU0012,WH02,298,12.52,2023-12-26,2023-12-26
PO00030,2024-08-27,SUP03,SKU0009,WH04,438,131.99,2024-09-05,2024-09-10
PO00031,2024-11-05,SUP10,SKU0090,WH03,2213,14.07,2024-11-22,2024-11-23
PO00032,2023-08-25,SUP08,SKU0054,WH03,1148,140.05,2023-09-13,2023-09-10
PO00033,2024-01-27,SUP06,SKU0001,WH04,3382,75.1,2024-02-08,2024-02-06
PO00034,2023-04-04,SUP02,SKU0073,WH03,500,41.29,2023-05-11,2023-05-08
PO00035,2024-08-26,SUP06,SKU0001,WH04,1733,157.99,2024-09-08,2024-09-07
PO00036,2023-07-25,SUP04,SKU0016,WH05,2740,196.34,2023-08-06,2023-08-07
PO00037,2023-01-18,SUP09,SKU0003,WH05,4229,122.2,2023-02-17,2023-03-03
PO00038,2024-12-31,SUP10,SKU0041,WH01,52,96.56,2025-01-16,2025-01-15
PO00039,2024-09-27,SUP07,SKU0043,WH01,2398,100.82,2024-10-09,2024-10-07
PO00040,2023-05-26,SUP06,SKU0019,WH03,3726,11.72,2023-06-03,2023-05-31
PO00041,2023-11-12,SUP09,SKU0005,WH04,3698,11.6,2023-12-15,2023-12-14
PO00042,2024-10-04,SUP05,SKU0040,WH04,2269,49.11,2024-11-02,2024-11-01
PO00043,2023-02-09,SUP08,SKU0075,WH04,2495,23.16,2023-03-02,2023-03-03
PO00044,2023-12-03,SUP05,SKU0032,WH05,1414,79.99,2024-01-02,2024-01-01
PO00045,2023-08-29,SUP05,SKU0045,WH03,4338,42.08,2023-09-25,2023-10-08
PO00046,2023-08-05,SUP02,SKU0061,WH01,4829,114.89,2023-09-10,2023-09-10
PO00047,2024-03-07,SUP05,SKU0046,WH05,3312,109.41,2024-04-05,2024-04-05
PO00048,2024-09-13,SUP10,SKU0044,WH04,4335,9.9,2024-10-02,2024-10-06
PO00049,2023-02-11,SUP04,SKU0027,WH04,3976,149.37,2023-02-24,2023-03-12
PO00050,2024-09-28,SUP10,SKU0087,WH01,852,1.04,2024-10-13,2024-10-11
PO00051,2023-06-23,SUP10,SKU0091,WH01,2764,170.19,2023-07-09,2023-07-17
PO00052,2023-05-16,SUP09,SKU0023,WH05,2171,121.52,2023-06-17,2023-07-05
PO00053,2023-12-21,SUP04,SKU0049,WH04,1509,180.65,2024-01-02,2024-01-03
PO00054,2024-07-30,SUP04,SKU0022,WH03,2744,38.57,2024-08-11,2024-08-12
PO00055,2024-07-16,SUP03,SKU0008,WH04,1538,39.41,2024-07-21,2024-07-20
PO00056,2023-12-09,SUP07,SKU0043,WH04,2570,19.76,2023-12-18,2023-12-18
PO00057,2023-04-22,SUP03,SKU0023,WH05,4084,68.44,2023-04-29,2023-04-28
PO00058,2024-04-02,SUP01,SKU0012,WH03,2090,116.04,2024-04-18,2024-04-19
PO00059,2023-07-22,SUP02,SKU0061,WH04,1151,14.78,2023-08-29,2023-08-28
PO00060,2024-09-10,SUP05,SKU0026,WH02,2316,45.66,2024-10-10,2024-10-08
PO00061,2024-06-11,SUP03,SKU0004,WH04,3705,92.84,2024-06-17,2024-06-14
PO00062,2024-11-13,SUP10,SKU0041,WH05,4814,139.05,2024-11-27,2024-11-25
PO00063,2024-04-22,SUP10,SKU0049,WH04,1962,100.3,2024-05-06,2024-05-03
PO00064,2023-04-12,SUP03,SKU0015,WH01,2051,100.38,2023-04-20,2023-04-18
PO00065,2023-01-26,SUP02,SKU0039,WH02,481,79.78,2023-03-05,2023-03-25
PO00066,2024-12-27,SUP10,SKU0043,WH02,783,17.03,2025-01-11,2025-01-10
PO00067,2023-07-06,SUP09,SKU0020,WH05,166,128.22,2023-08-05,2023-08-18
PO00068,2024-03-16,SUP08,SKU0057,WH03,398,105.86,2024-04-05,2024-04-05
PO00069,2023-02-03,SUP08,SKU0075,WH01,4510,47.19,2023-02-26,2023-02-24
PO00070,2023-09-25,SUP08,SKU0057,WH02,2992,166.83,2023-10-17,2023-10-17
PO00071,2023-01-26,SUP02,SKU0031,WH04,1868,44.86,2023-03-03,2023-02-28
PO00072,2024-12-23,SUP07,SKU0032,WH04,1194,182.17,2025-01-01,2025-01-15
PO00073,2023-12-29,SUP07,SKU0040,WH03,2727,188.61,2024-01-09,2024-01-07
PO00074,2023-11-29,SUP03,SKU0007,WH04,1261,97.61,2023-12-06,2023-12-07
PO00075,2023-01-04,SUP09,SKU0007,WH01,1453,136.51,2023-02-04,2023-02-05
PO00076,2024-01-01,SUP06,SKU0081,WH01,1644,161.37,2024-01-13,2024-01-12
PO00077,2024-01-19,SUP04,SKU0021,WH01,1032,65.1,2024-02-02,2024-02-02
PO00078,2024-12-03,SUP07,SKU0061,WH03,3816,52.42,2024-12-11,2024-12-12
PO00079,2023-09-03,SUP01,SKU0034,WH01,4234,4.7,2023-09-17,2023-09-17
PO00080,2024-07-16,SUP04,SKU0038,WH03,4334,43.78,2024-07-29,2024-07-30
PO00081,2023-11-28,SUP02,SKU0070,WH03,4753,142.6,2024-01-02,2024-01-22
PO00082,2024-11-28,SUP09,SKU0025,WH01,1310,195.0,2024-12-31,2025-01-08
PO00083,2024-02-25,SUP05,SKU0038,WH04,1778,137.76,2024-03-27,2024-03-26
PO00084,2024-11-02,SUP10,SKU0080,WH03,1336,8.72,2024-11-21,2024-11-19
PO00085,2024-09-08,SUP05,SKU0067,WH03,3812,160.05,2024-10-08,2024-10-07
PO00086,2023-06-26,SUP01,SKU0018,WH05,1141,50.76,2023-07-13,2023-07-11
PO00087,2023-05-05,SUP07,SKU0044,WH01,4577,42.11,2023-05-16,2023-05-14
PO00088,2023-08-15,SUP03,SKU0014,WH01,1897,42.0,2023-08-20,2023-08-28
PO00089,2023-09-14,SUP06,SKU0011,WH01,3296,115.47,2023-09-25,2023-09-22
PO00090,2023-11-09,SUP02,SKU0039,WH05,4639,20.49,2023-12-13,2023-12-12
PO00091,2023-08-13,SUP08,SKU0067,WH05,1740,5.81,2023-09-05,2023-09-03
PO00092,2023-02-17,SUP05,SKU0058,WH04,655,65.72,2023-03-19,2023-03-19
PO00093,2024-08-03,SUP02,SKU0063,WH05,525,138.59,2024-09-08,2024-09-14
PO00094,2023-12-25,SUP02,SKU0047,WH03,748,35.61,2024-01-30,2024-02-19
PO00095,2023-07-20,SUP08,SKU0057,WH03,533,190.03,2023-08-13,2023-08-28
PO00096,2023-08-30,SUP04,SKU0034,WH02,1507,124.66,2023-09-10,2023-09-09
PO00097,2023-01-20,SUP06,SKU0077,WH01,2032,11.99,2023-01-31,2023-02-01
PO00098,2023-08-18,SUP04,SKU0029,WH05,2327,65.13,2023-08-30,2023-08-31
PO00099,2023-08-21,SUP10,SKU0083,WH01,4893,135.73,2023-09-08,2023-09-06
PO00100,2024-10-10,SUP09,SKU0016,WH02,3593,26.31,2024-11-12,2024-11-22
PO00101,2023-04-28,SUP01,SKU0039,WH02,4129,135.23,2023-05-11,2023-05-26
PO00102,2023-08-26,SUP07,SKU0033,WH03,3787,123.86,2023-09-06,2023-09-04
PO00103,2023-12-13,SUP08,SKU0054,WH02,467,196.45,2024-01-05,2024-01-11
PO00104,2024-12-30,SUP01,SKU0032,WH02,3227,141.52,2025-01-14,2025-01-17
PO00105,2023-08-05,SUP03,SKU0021,WH01,1992,32.77,2023-08-15,2023-08-16
PO00106,2023-06-05,SUP08,SKU0060,WH04,3335,100.19,2023-06-25,2023-06-26
PO00107,2024-06-02,SUP10,SKU0081,WH03,642,139.25,2024-06-21,2024-06-22
PO00108,2024-01-12,SUP10,SKU0090,WH05,849,46.47,2024-01-27,2024-02-13
PO00109,2023-10-23,SUP07,SKU0062,WH04,4295,198.44,2023-11-04,2023-11-01
PO00110,2024-05-07,SUP01,SKU0020,WH05,4524,51.97,2024-05-23,2024-05-20
PO00111,2024-11-04,SUP04,SKU0020,WH01,820,26.63,2024-11-17,2024-11-30
PO00112,2023-02-07,SUP08,SKU0072,WH02,1573,114.14,2023-02-27,2023-02-25
PO00113,2024-07-03,SUP09,SKU0015,WH04,3033,123.28,2024-07-31,2024-08-12
PO00114,2024-05-27,SUP07,SKU0055,WH02,4170,107.29,2024-06-08,2024-06-09
PO00115,2024-12-21,SUP01,SKU0016,WH03,4020,114.18,2025-01-02,2024-12-30
PO00116,2024-10-22,SUP04,SKU0030,WH01,3976,50.63,2024-11-02,2024-10-31
PO00117,2023-02-24,SUP07,SKU0039,WH03,1802,18.18,2023-03-07,2023-03-04
PO00118,2024-04-04,SUP07,SKU0056,WH05,1834,50.76,2024-04-15,2024-04-14
PO00119,2023-06-23,SUP05,SKU0069,WH03,3360,93.47,2023-07-24,2023-07-23
PO00120,2024-05-26,SUP05,SKU0032,WH05,2460,98.22,2024-06-23,2024-06-21
PO00121,2024-04-19,SUP08,SKU0051,WH04,1647,95.78,2024-05-12,2024-05-09
PO00122,2023-07-10,SUP02,SKU0029,WH03,3201,48.71,2023-08-12,2023-08-10
PO00123,2024-08-04,SUP02,SKU0057,WH05,4846,184.14,2024-09-06,2024-09-06
PO00124,2024-08-17,SUP01,SKU0003,WH01,1811,30.05,2024-08-29,2024-09-06
PO00125,2024-11-09,SUP07,SKU0040,WH01,2477,71.87,2024-11-16,2024-11-15
PO00126,2024-11-23,SUP05,SKU0036,WH04,2912,72.58,2024-12-23,2024-12-23
PO00127,2024-05-09,SUP10,SKU0047,WH02,3576,93.8,2024-05-26,2024-05-25
PO00128,2023-09-12,SUP01,SKU0013,WH04,4293,114.91,2023-09-29,2023-10-19
PO00129,2023-01-07,SUP01,SKU0048,WH03,3367,86.04,2023-01-22,2023-01-22
PO00130,2023-02-11,SUP10,SKU0092,WH04,1825,125.56,2023-02-26,2023-03-03
PO00131,2023-08-05,SUP07,SKU0043,WH03,4332,135.22,2023-08-17,2023-08-16
PO00132,2024-11-14,SUP01,SKU0009,WH02,1802,4.83,2024-11-27,2024-12-07
PO00133,2024-01-10,SUP05,SKU0065,WH02,328,97.93,2024-02-10,2024-02-28
PO00134,2023-10-20,SUP01,SKU0025,WH02,4135,14.49,2023-11-05,2023-11-02
PO00135,2024-12-06,SUP09,SKU0016,WH04,4102,129.45,2025-01-04,2025-01-05
PO00136,2024-12-04,SUP02,SKU0038,WH05,3199,157.62,2025-01-09,2025-01-09
PO00137,2024-03-31,SUP08,SKU0070,WH05,4764,185.24,2024-04-24,2024-04-24
PO00138,2023-04-10,SUP09,SKU0019,WH02,2448,75.95,2023-05-09,2023-05-08
PO00139,2023-10-06,SUP08,SKU0066,WH03,2787,107.0,2023-10-25,2023-11-02
PO00140,2023-05-02,SUP10,SKU0044,WH03,2572,145.53,2023-05-20,2023-06-05
PO00141,2023-11-18,SUP04,SKU0042,WH01,2332,53.3,2023-11-30,2023-11-30
PO00142,2023-01-18,SUP01,SKU0040,WH03,2546,114.23,2023-02-01,2023-01-31
PO00143,2024-09-22,SUP09,SKU0012,WH04,2015,143.89,2024-10-22,2024-10-25
PO00144,2024-02-27,SUP09,SKU0009,WH02,2422,35.83,2024-03-28,2024-03-26
PO00145,2024-01-31,SUP10,SKU0030,WH03,4929,85.63,2024-02-16,2024-02-18
PO00146,2023-07-29,SUP02,SKU0030,WH04,3393,113.96,2023-09-05,2023-09-25
PO00147,2024-10-13,SUP03,SKU0021,WH03,3218,182.89,2024-10-22,2024-10-22
PO00148,2023-06-04,SUP07,SKU0071,WH01,1498,131.93,2023-06-11,2023-06-09
PO00149,2023-12-16,SUP10,SKU0045,WH02,1339,66.82,2024-01-04,2024-01-12
PO00150,2023-04-01,SUP06,SKU0005,WH04,3257,125.51,2023-04-14,2023-05-02
PO00151,2023-01-12,SUP06,SKU0004,WH01,1583,135.02,2023-01-20,2023-02-03
PO00152,2023-04-13,SUP01,SKU0046,WH01,2977,35.63,2023-04-26,2023-04-25
PO00153,2023-03-26,SUP03,SKU0011,WH03,300,96.87,2023-04-04,2023-04-02
PO00154,2023-12-29,SUP10,SKU0096,WH01,3864,31.68,2024-01-16,2024-01-15
PO00155,2023-03-21,SUP07,SKU0049,WH04,1232,193.76,2023-04-02,2023-04-01
PO00156,2023-10-31,SUP08,SKU0058,WH05,4252,87.57,2023-11-24,2023-11-22
PO00157,2024-10-19,SUP04,SKU0017,WH05,2381,172.83,2024-11-02,2024-11-20
PO00158,2023-06-07,SUP10,SKU0093,WH03,2553,49.76,2023-06-23,2023-07-09
PO00159,2023-12-05,SUP04,SKU0033,WH03,4315,145.69,2023-12-20,2023-12-19
PO00160,2024-12-23,SUP04,SKU0036,WH04,871,191.18,2025-01-03,2025-01-02
PO00161,2024-02-14,SUP09,SKU0018,WH05,471,176.8,2024-03-18,2024-03-16
PO00162,2023-01-03,SUP04,SKU0038,WH01,4820,106.48,2023-01-15,2023-01-12
PO00163,2023-12-06,SUP06,SKU0084,WH01,4715,14.72,2023-12-14,2023-12-13
PO00164,2023-12-20,SUP03,SKU0025,WH05,3028,103.12,2023-12-30,2024-01-12
PO00165,2024-03-21,SUP06,SKU0016,WH02,288,135.54,2024-03-29,2024-03-26
PO00166,2024-10-24,SUP08,SKU0064,WH05,2453,190.07,2024-11-13,2024-11-13
PO00167,2024-03-18,SUP07,SKU0053,WH05,4200,154.67,2024-03-26,2024-03-27
PO00168,2023-05-19,SUP06,SKU0024,WH01,3876,95.09,2023-05-28,2023-05-28
PO00169,2024-01-19,SUP10,SKU0094,WH01,335,4.26,2024-02-02,2024-02-14
PO00170,2023-12-27,SUP04,SKU0001,WH01,4895,104.8,2024-01-11,2024-01-09
PO00171,2023-12-10,SUP02,SKU0043,WH01,1558,73.41,2024-01-16,2024-01-16
PO00172,2024-10-04,SUP04,SKU0029,WH03,1748,89.7,2024-10-15,2024-11-01
PO00173,2024-10-23,SUP04,SKU0020,WH05,2254,46.54,2024-11-07,2024-11-05
PO00174,2023-03-31,SUP06,SKU0012,WH02,4240,20.96,2023-04-10,2023-04-11
PO00175,2024-02-28,SUP04,SKU0046,WH03,2008,71.12,2024-03-14,2024-04-03
PO00176,2024-03-29,SUP02,SKU0036,WH01,1574,186.95,2024-05-03,2024-05-04
PO00177,2023-11-21,SUP07,SKU0044,WH05,3873,12.29,2023-12-03,2023-12-01
PO00178,2024-09-08,SUP07,SKU0035,WH01,666,24.66,2024-09-20,2024-09-19
PO00179,2024-06-20,SUP01,SKU0011,WH05,4023,172.28,2024-07-06,2024-07-10
PO00180,2023-08-16,SUP06,SKU0083,WH02,218,182.38,2023-08-25,2023-08-26
PO00181,2023-02-22,SUP08,SKU0065,WH03,4294,118.05,2023-03-16,2023-03-17
PO00182,2024-08-21,SUP03,SKU0022,WH04,3758,31.06,2024-08-28,2024-08-29
PO00183,2023-10-11,SUP04,SKU0036,WH04,3674,17.14,2023-10-25,2023-10-25
PO00184,2023-07-22,SUP05,SKU0057,WH03,4372,52.31,2023-08-19,2023-08-16
PO00185,2024-02-11,SUP09,SKU0003,WH05,357,121.1,2024-03-15,2024-04-02
PO00186,2024-06-27,SUP07,SKU0062,WH03,4857,157.3,2024-07-05,2024-07-02
PO00187,2023-02-21,SUP09,SKU0011,WH01,4269,40.69,2023-03-26,2023-03-27
PO00188,2024-03-02,SUP07,SKU0057,WH05,2902,160.26,2024-03-11,2024-03-09
PO00189,2023-07-21,SUP08,SKU0071,WH04,4626,164.08,2023-08-12,2023-08-10
PO00190,2023-12-03,SUP06,SKU0092,WH05,4343,183.07,2023-12-12,2023-12-09
PO00191,2024-09-20,SUP10,SKU0035,WH03,2272,80.17,2024-10-09,2024-10-07
PO00192,2024-02-24,SUP06,SKU0022,WH01,3999,35.93,2024-03-04,2024-03-05
PO00193,2023-03-04,SUP10,SKU0087,WH05,1822,88.23,2023-03-22,2023-03-23
PO00194,2023-04-11,SUP04,SKU0044,WH05,867,5.27,2023-04-22,2023-04-22
PO00195,2024-05-22,SUP06,SKU0081,WH05,2496,150.95,2024-05-30,2024-05-30
PO00196,2024-03-02,SUP08,SKU0058,WH04,149,153.81,2024-03-25,2024-03-25
PO00197,2023-02-17,SUP10,SKU0099,WH02,1043,168.68,2023-03-04,2023-03-06
PO00198,2024-09-26,SUP10,SKU0039,WH01,617,151.59,2024-10-14,2024-10-12
PO00199,2023-07-06,SUP09,SKU0023,WH05,3481,142.06,2023-08-04,2023-08-02
PO00200,2023-03-28,SUP06,SKU0018,WH05,4873,67.23,2023-04-05,2023-04-22
PO00201,2024-06-29,SUP06,SKU0076,WH05,3014,195.7,2024-07-10,2024-07-27
PO00202,2023-06-28,SUP08,SKU0069,WH03,191,108.38,2023-07-21,2023-07-19
PO00203,2024-02-14,SUP09,SKU0021,WH01,1511,96.8,2024-03-18,2024-03-19
PO00204,2024-12-09,SUP05,SKU0067,WH04,1466,184.35,2025-01-06,2025-01-25
PO00205,2024-04-13,SUP04,SKU0037,WH04,2232,165.59,2024-04-25,2024-04-26
PO00206,2024-04-12,SUP05,SKU0045,WH01,1075,6.47,2024-05-12,2024-05-26
PO00207,2024-04-14,SUP03,SKU0018,WH03,3837,81.39,2024-04-19,2024-04-17
PO00208,2023-08-31,SUP01,SKU0050,WH01,767,65.59,2023-09-14,2023-09-12
PO00209,2024-11-20,SUP03,SKU0013,WH05,4516,33.38,2024-11-29,2024-11-29
PO00210,2023-09-01,SUP09,SKU0009,WH02,146,142.37,2023-10-02,2023-10-17
PO00211,2024-01-30,SUP01,SKU0017,WH04,2647,98.72,2024-02-15,2024-02-14
PO00212,2024-11-04,SUP03,SKU0001,WH04,447,61.84,2024-11-10,2024-11-11
PO00213,2024-01-31,SUP02,SKU0066,WH05,536,103.86,2024-03-04,2024-03-19
PO00214,2024-12-23,SUP05,SKU0058,WH04,2422,51.12,2025-01-18,2025-01-23
PO00215,2023-07-23,SUP07,SKU0074,WH03,3357,162.7,2023-08-03,2023-08-18
PO00216,2023-08-25,SUP03,SKU0010,WH01,1827,68.44,2023-08-31,2023-08-29
PO00217,2023-01-20,SUP04,SKU0043,WH05,4569,62.39,2023-02-03,2023-02-05
PO00218,2023-09-19,SUP03,SKU0024,WH03,4372,65.22,2023-09-27,2023-10-09
PO00219,2024-01-07,SUP03,SKU0014,WH04,290,56.38,2024-01-15,2024-01-13
PO00220,2023-07-03,SUP02,SKU0064,WH04,1666,193.41,2023-08-05,2023-08-08
PO00221,2023-08-07,SUP02,SKU0047,WH03,4543,60.95,2023-09-12,2023-09-09
PO00222,2024-01-10,SUP08,SKU0052,WH04,727,133.02,2024-02-02,2024-02-01
PO00223,2024-05-25,SUP08,SKU0069,WH03,4092,149.23,2024-06-13,2024-06-10
PO00224,2024-09-06,SUP04,SKU0007,WH03,3284,164.48,2024-09-21,2024-09-21
PO00225,2024-08-15,SUP07,SKU0034,WH01,2057,20.02,2024-08-25,2024-08-22
PO00226,2023-09-11,SUP03,SKU0006,WH05,3898,11.82,2023-09-18,2023-09-16
PO00227,2024-02-03,SUP07,SKU0069,WH03,4127,98.68,2024-02-14,2024-02-21
PO00228,2023-04-18,SUP03,SKU0011,WH04,3503,105.31,2023-04-25,2023-04-25
PO00229,2023-07-28,SUP07,SKU0051,WH05,3587,54.22,2023-08-04,2023-08-20
PO00230,2024-08-04,SUP08,SKU0052,WH01,4582,114.92,2024-08-23,2024-09-11
PO00231,2024-08-21,SUP06,SKU0022,WH02,2303,49.84,2024-08-30,2024-09-14
PO00232,2024-01-30,SUP05,SKU0050,WH01,4816,119.43,2024-02-25,2024-02-23
PO00233,2024-11-26,SUP04,SKU0034,WH03,2808,145.27,2024-12-09,2024-12-09
PO00234,2024-04-19,SUP09,SKU0013,WH01,2964,2.48,2024-05-22,2024-05-23
PO00235,2023-12-02,SUP03,SKU0004,WH02,4996,150.93,2023-12-11,2023-12-09
PO00236,2023-05-23,SUP02,SKU0060,WH04,4571,12.59,2023-06-25,2023-07-10
PO00237,2023-12-11,SUP02,SKU0057,WH05,3584,198.08,2024-01-17,2024-01-28
PO00238,2023-07-26,SUP02,SKU0069,WH04,1987,119.16,2023-09-02,2023-09-05
PO00239,2024-07-04,SUP09,SKU0005,WH02,726,86.56,2024-08-04,2024-08-03
PO00240,2024-09-23,SUP10,SKU0045,WH05,3515,178.2,2024-10-12,2024-10-16
PO00241,2024-05-07,SUP07,SKU0048,WH04,2880,133.33,2024-05-14,2024-05-11
PO00242,2024-12-06,SUP06,SKU0011,WH01,3702,193.16,2024-12-17,2024-12-18
PO00243,2024-08-01,SUP02,SKU0066,WH05,4318,16.09,2024-09-06,2024-09-17
PO00244,2024-07-05,SUP07,SKU0052,WH02,1851,106.87,2024-07-16,2024-07-13
PO00245,2023-01-09,SUP04,SKU0013,WH02,2329,52.32,2023-01-24,2023-01-25
PO00246,2024-04-25,SUP04,SKU0009,WH04,1883,175.2,2024-05-06,2024-05-11
PO00247,2023-09-15,SUP03,SKU0020,WH03,2101,28.63,2023-09-21,2023-09-19
PO00248,2024-06-05,SUP05,SKU0032,WH04,181,124.22,2024-07-03,2024-06-30
PO00249,2024-04-21,SUP02,SKU0048,WH03,3003,193.66,2024-05-24,2024-05-23
PO00250,2024-12-03,SUP06,SKU0080,WH04,2918,83.65,2024-12-13,2024-12-29
PO00251,2023-03-04,SUP07,SKU0038,WH02,1046,145.65,2023-03-15,2023-03-14
PO00252,2023-09-30,SUP10,SKU0099,WH02,1650,195.73,2023-10-15,2023-10-15
PO00253,2024-07-01,SUP08,SKU0062,WH01,2278,17.64,2024-07-24,2024-08-05
PO00254,2023-12-18,SUP09,SKU0025,WH01,4382,71.4,2024-01-16,2024-01-20
PO00255,2023-08-19,SUP03,SKU0015,WH05,1368,82.18,2023-08-28,2023-08-28
PO00256,2023-09-23,SUP08,SKU0053,WH04,4957,35.56,2023-10-14,2023-10-11
PO00257,2023-02-17,SUP02,SKU0035,WH02,3793,135.32,2023-03-27,2023-03-27
PO00258,2024-03-31,SUP09,SKU0022,WH04,4334,8.3,2024-05-01,2024-04-28
PO00259,2023-07-21,SUP04,SKU0043,WH04,4269,159.95,2023-08-01,2023-08-08
PO00260,2024-10-26,SUP03,SKU0014,WH05,2477,51.81,2024-11-05,2024-11-07
PO00261,2023-04-18,SUP04,SKU0019,WH02,4803,138.13,2023-05-02,2023-05-02
PO00262,2024-09-17,SUP06,SKU0011,WH03,4621,178.9,2024-09-29,2024-10-06
PO00263,2024-07-11,SUP08,SKU0057,WH01,1222,10.46,2024-08-04,2024-08-02
PO00264,2023-08-23,SUP10,SKU0031,WH04,2156,64.38,2023-09-10,2023-09-23
PO00265,2024-12-04,SUP10,SKU0049,WH02,3130,95.16,2024-12-21,2024-12-22
PO00266,2023-04-15,SUP05,SKU0050,WH02,3762,0.92,2023-05-13,2023-05-15
PO00267,2024-09-20,SUP03,SKU0014,WH01,775,87.58,2024-09-26,2024-09-27
PO00268,2024-04-08,SUP02,SKU0049,WH02,2027,47.21,2024-05-12,2024-05-23
PO00269,2023-10-10,SUP03,SKU0025,WH01,4725,35.8,2023-10-18,2023-10-15
PO00270,2023-05-05,SUP10,SKU0031,WH03,2341,94.34,2023-05-20,2023-05-17
PO00271,2024-08-10,SUP07,SKU0042,WH03,3988,75.84,2024-08-22,2024-08-20
PO00272,2024-10-25,SUP09,SKU0001,WH04,202,51.2,2024-11-26,2024-12-16
PO00273,2023-08-08,SUP04,SKU0032,WH03,738,111.82,2023-08-18,2023-08-19
PO00274,2024-03-20,SUP01,SKU0044,WH05,2536,119.65,2024-04-04,2024-04-02
PO00275,2024-10-15,SUP04,SKU0047,WH05,726,32.06,2024-10-26,2024-10-23
PO00276,2024-10-18,SUP02,SKU0040,WH01,2858,129.7,2024-11-22,2024-11-20
PO00277,2024-05-09,SUP02,SKU0070,WH04,4375,133.89,2024-06-16,2024-06-17
PO00278,2023-02-13,SUP01,SKU0038,WH03,4490,183.02,2023-02-26,2023-02-23
PO00279,2024-12-16,SUP10,SKU0086,WH03,3877,172.12,2024-12-30,2024-12-30
PO00280,2024-05-06,SUP07,SKU0032,WH02,4120,0.65,2024-05-15,2024-05-16
PO00281,2023-06-12,SUP04,SKU0012,WH05,1562,84.8,2023-06-25,2023-07-12
PO00282,2024-05-15,SUP09,SKU0020,WH01,4583,16.35,2024-06-14,2024-06-19
PO00283,2024-12-07,SUP02,SKU0072,WH03,4632,88.93,2025-01-09,2025-01-09
PO00284,2024-08-13,SUP09,SKU0018,WH02,1219,196.79,2024-09-12,2024-09-19
PO00285,2023-06-12,SUP07,SKU0067,WH03,911,101.2,2023-06-22,2023-06-22
PO00286,2023-02-07,SUP01,SKU0019,WH04,1916,158.62,2023-02-21,2023-02-22
PO00287,2024-05-03,SUP06,SKU0091,WH05,3784,44.36,2024-05-11,2024-05-08
PO00288,2023-07-06,SUP08,SKU0061,WH03,980,169.21,2023-07-30,2023-08-02
PO00289,2023-08-30,SUP03,SKU0007,WH01,82,71.49,2023-09-04,2023-09-14
PO00290,2024-03-24,SUP09,SKU0024,WH03,681,38.62,2024-04-23,2024-04-24
PO00291,2023-11-06,SUP03,SKU0009,WH01,2520,58.97,2023-11-12,2023-11-27
PO00292,2024-07-03,SUP08,SKU0051,WH02,4520,182.65,2024-07-27,2024-07-24
PO00293,2024-06-17,SUP08,SKU0073,WH03,4020,156.23,2024-07-08,2024-07-08
PO00294,2024-03-11,SUP09,SKU0016,WH03,192,163.79,2024-04-13,2024-04-14
PO00295,2023-09-09,SUP04,SKU0035,WH03,3119,136.51,2023-09-23,2023-09-27
PO00296,2024-07-24,SUP03,SKU0022,WH01,2852,197.29,2024-08-02,2024-08-07
PO00297,2024-12-24,SUP01,SKU0008,WH04,2103,37.42,2025-01-05,2025-01-24
PO00298,2023-12-08,SUP08,SKU0068,WH03,4197,104.28,2023-12-30,2023-12-31
PO00299,2024-04-11,SUP02,SKU0028,WH04,4025,37.7,2024-05-16,2024-05-15
PO00300,2023-09-27,SUP05,SKU0040,WH02,2197,31.26,2023-10-26,2023-11-02
PO00301,2023-02-02,SUP07,SKU0050,WH01,4564,21.18,2023-02-09,2023-02-11
PO00302,2024-05-02,SUP04,SKU0022,WH01,839,175.75,2024-05-12,2024-05-11
PO00303,2023-08-26,SUP04,SKU0049,WH05,3226,24.4,2023-09-06,2023-09-07
PO00304,2024-06-18,SUP06,SKU0088,WH04,2097,102.72,2024-06-27,2024-07-12
PO00305,2024-11-14,SUP01,SKU0018,WH02,3731,148.57,2024-11-27,2024-12-11
PO00306,2024-08-16,SUP03,SKU0023,WH04,4240,114.32,2024-08-25,2024-08-23
PO00307,2023-10-06,SUP09,SKU0018,WH02,1056,166.16,2023-11-03,2023-11-03
PO00308,2024-05-10,SUP04,SKU0050,WH01,1847,165.43,2024-05-23,2024-06-01
PO00309,2023-03-19,SUP02,SKU0040,WH05,4280,88.11,2023-04-21,2023-05-08
PO00310,2023-02-26,SUP09,SKU0007,WH02,2513,67.44,2023-03-29,2023-03-30
PO00311,2023-07-10,SUP05,SKU0035,WH02,4488,23.22,2023-08-05,2023-08-03
PO00312,2024-02-07,SUP10,SKU0095,WH04,3372,93.28,2024-02-23,2024-03-07
PO00313,2024-01-07,SUP10,SKU0047,WH03,3680,128.19,2024-01-21,2024-01-20
PO00314,2024-07-15,SUP06,SKU0081,WH03,2058,182.37,2024-07-27,2024-07-27
PO00315,2024-07-02,SUP06,SKU0008,WH04,1598,53.77,2024-07-14,2024-07-12
PO00316,2023-05-18,SUP10,SKU0045,WH03,386,116.04,2023-06-01,2023-06-09
PO00317,2024-01-20,SUP10,SKU0087,WH03,3955,197.56,2024-02-04,2024-02-02
PO00318,2023-09-05,SUP06,SKU0097,WH02,4077,124.79,2023-09-13,2023-09-27
PO00319,2023-11-28,SUP09,SKU0009,WH03,4930,56.73,2023-12-31,2024-01-01
PO00320,2023-05-18,SUP08,SKU0063,WH02,1501,3.81,2023-06-09,2023-06-07
PO00321,2023-12-26,SUP05,SKU0050,WH05,3207,133.04,2024-01-21,2024-01-22
PO00322,2024-09-21,SUP01,SKU0019,WH04,4234,64.03,2024-10-06,2024-10-14
PO00323,2023-05-25,SUP02,SKU0050,WH02,1500,109.23,2023-06-30,2023-07-07
PO00324,2024-05-22,SUP07,SKU0039,WH01,528,39.33,2024-05-29,2024-05-26
PO00325,2023-05-11,SUP10,SKU0083,WH01,4175,129.46,2023-05-29,2023-06-05
PO00326,2023-11-16,SUP10,SKU0089,WH04,4574,98.16,2023-11-30,2023-12-14
PO00327,2023-09-23,SUP09,SKU0020,WH04,277,64.03,2023-10-26,2023-10-27
PO00328,2023-08-03,SUP01,SKU0005,WH02,1096,69.09,2023-08-16,2023-08-17
PO00329,2024-03-31,SUP10,SKU0080,WH02,3808,178.13,2024-04-17,2024-04-16
PO00330,2023-08-19,SUP02,SKU0036,WH02,1246,113.4,2023-09-21,2023-09-18
PO00331,2024-08-15,SUP04,SKU0039,WH01,3797,65.35,2024-08-26,2024-09-07
PO00332,2024-11-14,SUP05,SKU0033,WH04,2117,142.64,2024-12-12,2024-12-09
PO00333,2023-08-07,SUP09,SKU0023,WH01,1344,65.95,2023-09-08,2023-09-14
PO00334,2024-03-01,SUP08,SKU0058,WH02,1899,112.5,2024-03-20,2024-04-07
PO00335,2024-03-18,SUP05,SKU0071,WH04,2668,113.89,2024-04-17,2024-04-25
PO00336,2024-04-23,SUP09,SKU0022,WH02,4255,155.05,2024-05-21,2024-06-06
PO00337,2023-03-30,SUP08,SKU0051,WH02,2517,100.23,2023-04-23,2023-04-20
PO00338,2023-09-26,SUP06,SKU0083,WH05,3205,79.92,2023-10-05,2023-10-15
PO00339,2024-03-12,SUP05,SKU0055,WH05,4407,56.09,2024-04-07,2024-04-05
PO00340,2023-11-10,SUP05,SKU0041,WH05,3742,50.5,2023-12-06,2023-12-12
PO00341,2024-04-04,SUP08,SKU0074,WH05,2221,69.85,2024-04-28,2024-04-26
PO00342,2023-05-18,SUP01,SKU0014,WH01,3981,144.8,2023-05-31,2023-05-31
PO00343,2024-09-28,SUP08,SKU0058,WH04,3247,13.22,2024-10-18,2024-10-19
PO00344,2023-11-05,SUP07,SKU0041,WH01,2126,37.14,2023-11-17,2023-11-14
PO00345,2024-02-19,SUP06,SKU0076,WH01,3829,91.9,2024-02-29,2024-02-27
PO00346,2023-12-12,SUP10,SKU0085,WH01,479,199.9,2023-12-28,2023-12-25
PO00347,2023-11-28,SUP05,SKU0034,WH03,835,136.12,2023-12-26,2024-01-06
PO00348,2023-08-15,SUP07,SKU0063,WH03,1125,65.11,2023-08-23,2023-08-23
PO00349,2023-06-02,SUP09,SKU0021,WH05,1079,50.84,2023-06-30,2023-06-30
PO00350,2024-08-03,SUP02,SKU0048,WH04,1352,152.83,2024-09-08,2024-09-06
PO00351,2023-12-24,SUP03,SKU0006,WH03,4898,90.2,2023-12-30,2023-12-29
PO00352,2023-01-31,SUP08,SKU0062,WH05,4609,26.66,2023-02-22,2023-02-19
PO00353,2023-03-09,SUP03,SKU0002,WH05,4009,24.61,2023-03-17,2023-03-18
PO00354,2024-01-26,SUP09,SKU0022,WH04,4088,29.34,2024-02-23,2024-03-14
PO00355,2024-04-11,SUP05,SKU0073,WH01,2014,120.06,2024-05-10,2024-05-30
PO00356,2024-05-25,SUP10,SKU0099,WH04,1768,166.13,2024-06-13,2024-06-28
PO00357,2024-06-14,SUP10,SKU0028,WH03,4929,81.47,2024-06-29,2024-06-27
PO00358,2023-10-25,SUP01,SKU0047,WH04,3303,188.21,2023-11-10,2023-11-10
PO00359,2024-12-08,SUP04,SKU0026,WH05,2117,41.1,2024-12-19,2024-12-17
PO00360,2024-07-09,SUP09,SKU0025,WH03,3562,56.2,2024-08-08,2024-08-09
PO00361,2024-10-19,SUP02,SKU0062,WH05,3331,10.53,2024-11-25,2024-11-24
PO00362,2023-09-22,SUP10,SKU0046,WH04,2873,46.41,2023-10-08,2023-10-08
PO00363,2024-04-27,SUP05,SKU0065,WH05,4159,40.24,2024-05-25,2024-05-23
PO00364,2024-09-04,SUP06,SKU0100,WH05,2172,83.08,2024-09-17,2024-10-06
PO00365,2024-10-14,SUP07,SKU0063,WH02,2883,49.5,2024-10-26,2024-10-25
PO00366,2024-03-10,SUP06,SKU0079,WH02,165,23.38,2024-03-19,2024-03-18
PO00367,2023-10-03,SUP07,SKU0045,WH01,2013,76.12,2023-10-11,2023-10-23
PO00368,2023-02-22,SUP08,SKU0059,WH05,2048,43.64,2023-03-15,2023-03-16
PO00369,2023-08-15,SUP09,SKU0019,WH04,3882,171.01,2023-09-13,2023-09-13
PO00370,2023-01-30,SUP06,SKU0099,WH02,692,82.57,2023-02-12,2023-02-13
PO00371,2024-11-16,SUP08,SKU0061,WH01,2397,93.02,2024-12-10,2024-12-26
PO00372,2023-12-13,SUP04,SKU0021,WH01,2781,146.17,2023-12-23,2023-12-27
PO00373,2023-08-15,SUP02,SKU0028,WH05,1503,33.86,2023-09-20,2023-09-21
PO00374,2024-03-01,SUP06,SKU0008,WH05,4161,95.04,2024-03-10,2024-03-09
PO00375,2024-09-16,SUP05,SKU0030,WH03,919,130.44,2024-10-16,2024-10-28
PO00376,2023-08-04,SUP06,SKU0025,WH03,1476,115.22,2023-08-13,2023-08-13
PO00377,2023-07-03,SUP08,SKU0071,WH05,2171,41.41,2023-07-22,2023-07-21
PO00378,2023-12-25,SUP05,SKU0049,WH04,2776,5.07,2024-01-25,2024-01-25
PO00379,2023-07-04,SUP04,SKU0022,WH04,2578,191.79,2023-07-18,2023-07-16
PO00380,2024-11-06,SUP02,SKU0062,WH04,377,17.23,2024-12-12,2024-12-12
PO00381,2023-05-14,SUP04,SKU0041,WH05,3799,105.14,2023-05-26,2023-05-26
PO00382,2024-06-09,SUP03,SKU0018,WH03,448,16.41,2024-06-16,2024-06-16
PO00383,2023-01-26,SUP05,SKU0039,WH03,830,169.79,2023-02-21,2023-02-21
PO00384,2024-06-06,SUP03,SKU0021,WH04,1130,108.8,2024-06-15,2024-06-12
PO00385,2024-06-26,SUP06,SKU0096,WH04,179,196.28,2024-07-07,2024-07-18
PO00386,2023-04-22,SUP08,SKU0067,WH03,248,100.9,2023-05-12,2023-05-20
PO00387,2024-11-05,SUP01,SKU0023,WH05,2962,97.15,2024-11-22,2024-11-20
PO00388,2023-08-03,SUP01,SKU0010,WH04,3796,161.6,2023-08-19,2023-08-16
PO00389,2023-02-11,SUP01,SKU0009,WH05,1318,193.27,2023-02-28,2023-02-25
PO00390,2023-01-07,SUP02,SKU0065,WH01,3005,110.21,2023-02-14,2023-02-18
PO00391,2023-06-25,SUP02,SKU0039,WH03,2497,148.89,2023-07-30,2023-07-28
PO00392,2024-11-16,SUP07,SKU0042,WH04,3848,134.1,2024-11-23,2024-11-21
PO00393,2023-09-02,SUP04,SKU0007,WH03,472,119.97,2023-09-16,2023-09-17
PO00394,2024-04-06,SUP05,SKU0044,WH05,1725,101.15,2024-05-05,2024-05-17
PO00395,2024-02-28,SUP10,SKU0042,WH01,685,145.93,2024-03-16,2024-03-14
PO00396,2023-01-22,SUP10,SKU0097,WH02,1178,169.94,2023-02-07,2023-02-05
PO00397,2023-05-28,SUP04,SKU0050,WH02,4031,115.34,2023-06-12,2023-06-10
PO00398,2024-02-25,SUP10,SKU0026,WH03,1242,111.17,2024-03-13,2024-03-25
PO00399,2024-10-02,SUP06,SKU0086,WH05,3595,123.83,2024-10-14,2024-10-14
PO00400,2024-11-20,SUP09,SKU0021,WH03,1774,74.03,2024-12-20,2025-01-06
PO00401,2023-02-19,SUP07,SKU0067,WH05,3695,49.96,2023-02-27,2023-02-24
PO00402,2024-10-12,SUP05,SKU0038,WH05,3109,125.33,2024-11-10,2024-11-22
PO00403,2024-06-17,SUP03,SKU0017,WH04,1432,26.94,2024-06-25,2024-07-10
PO00404,2024-07-12,SUP01,SKU0046,WH03,1897,137.83,2024-07-27,2024-07-25
PO00405,2023-02-23,SUP05,SKU0033,WH01,2775,122.25,2023-03-21,2023-03-18
PO00406,2023-05-25,SUP07,SKU0063,WH04,1557,196.68,2023-06-06,2023-06-25
PO00407,2024-09-05,SUP01,SKU0017,WH04,220,12.85,2024-09-19,2024-09-18
PO00408,2023-07-24,SUP05,SKU0030,WH05,1007,180.42,2023-08-20,2023-08-18
PO00409,2023-04-28,SUP04,SKU0041,WH01,2805,123.55,2023-05-12,2023-05-12
PO00410,2023-05-25,SUP09,SKU0014,WH01,2374,40.68,2023-06-27,2023-06-24
PO00411,2023-04-19,SUP03,SKU0018,WH03,2309,116.04,2023-04-26,2023-04-24
PO00412,2023-10-13,SUP03,SKU0012,WH01,2140,92.07,2023-10-21,2023-10-21
PO00413,2023-05-25,SUP04,SKU0011,WH02,4855,109.07,2023-06-05,2023-06-06
PO00414,2023-06-23,SUP10,SKU0081,WH02,3212,45.55,2023-07-07,2023-07-23
PO00415,2023-09-25,SUP08,SKU0068,WH02,453,174.49,2023-10-17,2023-10-16
PO00416,2024-08-23,SUP01,SKU0021,WH03,359,26.31,2024-09-07,2024-09-04
PO00417,2023-03-04,SUP05,SKU0039,WH05,2713,38.52,2023-04-01,2023-03-29
PO00418,2023-08-09,SUP04,SKU0021,WH02,3446,47.08,2023-08-22,2023-08-21
PO00419,2024-07-25,SUP08,SKU0061,WH01,1763,40.16,2024-08-16,2024-08-17
PO00420,2024-09-07,SUP03,SKU0015,WH03,2868,157.89,2024-09-14,2024-09-14
PO00421,2024-11-11,SUP06,SKU0006,WH02,445,30.0,2024-11-19,2024-11-18
PO00422,2023-07-17,SUP04,SKU0041,WH03,4532,11.18,2023-07-31,2023-07-31
PO00423,2024-05-20,SUP07,SKU0052,WH03,4737,195.84,2024-05-30,2024-05-28
PO00424,2023-12-07,SUP06,SKU0002,WH05,2747,91.64,2023-12-18,2023-12-15
PO00425,2024-11-29,SUP08,SKU0051,WH02,3173,65.5,2024-12-21,2025-01-10
PO00426,2023-08-26,SUP02,SKU0028,WH03,3424,28.71,2023-10-03,2023-10-16
PO00427,2023-09-29,SUP01,SKU0028,WH01,349,176.35,2023-10-11,2023-10-17
PO00428,2024-01-26,SUP02,SKU0035,WH03,739,157.26,2024-03-04,2024-03-08
PO00429,2024-03-29,SUP10,SKU0048,WH04,1494,32.65,2024-04-17,2024-04-17
PO00430,2023-12-14,SUP03,SKU0010,WH05,4497,54.08,2023-12-20,2023-12-17
PO00431,2023-02-16,SUP08,SKU0068,WH04,226,15.34,2023-03-07,2023-03-05
PO00432,2024-12-30,SUP02,SKU0057,WH03,4735,70.47,2025-02-05,2025-02-04
PO00433,2024-01-29,SUP04,SKU0013,WH01,790,60.93,2024-02-13,2024-02-12
PO00434,2023-06-12,SUP02,SKU0045,WH01,4459,134.46,2023-07-19,2023-07-17
PO00435,2024-01-16,SUP08,SKU0054,WH05,859,165.2,2024-02-07,2024-02-15
PO00436,2024-09-01,SUP01,SKU0045,WH02,1464,118.2,2024-09-16,2024-09-25
PO00437,2024-05-03,SUP02,SKU0066,WH05,3232,76.67,2024-06-07,2024-06-05
PO00438,2023-04-13,SUP02,SKU0027,WH05,4389,105.41,2023-05-20,2023-05-20
PO00439,2023-02-21,SUP09,SKU0002,WH02,3240,198.29,2023-03-24,2023-03-27
PO00440,2024-05-03,SUP02,SKU0073,WH03,326,185.95,2024-06-05,2024-06-05
PO00441,2023-09-19,SUP01,SKU0036,WH01,2637,193.38,2023-10-04,2023-10-01
PO00442,2024-11-12,SUP08,SKU0060,WH01,943,88.76,2024-12-06,2024-12-05
PO00443,2023-11-21,SUP04,SKU0023,WH04,2822,180.53,2023-12-04,2023-12-09
PO00444,2023-04-02,SUP06,SKU0003,WH02,516,81.51,2023-04-11,2023-04-09
PO00445,2023-02-02,SUP02,SKU0031,WH01,2596,153.37,2023-03-09,2023-03-23
PO00446,2024-01-20,SUP08,SKU0053,WH02,1942,111.8,2024-02-08,2024-02-05
PO00447,2023-07-12,SUP10,SKU0047,WH03,1846,193.73,2023-07-29,2023-07-29
PO00448,2023-03-28,SUP08,SKU0051,WH03,417,19.03,2023-04-16,2023-04-15
PO00449,2024-10-31,SUP06,SKU0081,WH01,2524,90.2,2024-11-10,2024-11-23
PO00450,2023-07-14,SUP06,SKU0024,WH03,235,72.72,2023-07-25,2023-07-22
PO00451,2024-12-22,SUP09,SKU0017,WH01,90,153.81,2025-01-22,2025-02-02
PO00452,2024-06-30,SUP09,SKU0022,WH03,558,148.02,2024-07-28,2024-07-26
PO00453,2023-06-10,SUP05,SKU0058,WH05,2002,95.64,2023-07-11,2023-07-12
PO00454,2023-06-25,SUP09,SKU0012,WH04,4143,187.82,2023-07-26,2023-08-15
PO00455,2024-10-05,SUP08,SKU0063,WH03,406,187.34,2024-10-28,2024-10-29
PO00456,2023-03-27,SUP01,SKU0040,WH05,4645,158.35,2023-04-12,2023-04-13
PO00457,2023-12-04,SUP01,SKU0033,WH01,280,156.43,2023-12-19,2023-12-19
PO00458,2023-08-09,SUP10,SKU0039,WH03,1782,112.3,2023-08-27,2023-08-27
PO00459,2024-03-13,SUP01,SKU0021,WH05,4752,190.18,2024-03-26,2024-03-25
PO00460,2024-12-14,SUP02,SKU0066,WH04,3776,30.5,2025-01-21,2025-01-30
PO00461,2023-10-07,SUP04,SKU0002,WH04,258,88.37,2023-10-20,2023-10-18
PO00462,2023-04-06,SUP08,SKU0068,WH03,3751,3.04,2023-04-30,2023-04-30
PO00463,2023-11-04,SUP08,SKU0051,WH01,331,81.77,2023-11-28,2023-12-09
PO00464,2023-03-09,SUP05,SKU0026,WH01,4843,126.53,2023-04-05,2023-04-02
PO00465,2024-11-10,SUP10,SKU0048,WH02,4566,135.26,2024-11-26,2024-11-27
PO00466,2023-03-16,SUP09,SKU0016,WH04,1519,182.8,2023-04-16,2023-04-26
PO00467,2024-09-12,SUP03,SKU0004,WH02,994,43.24,2024-09-18,2024-09-24
PO00468,2024-09-28,SUP02,SKU0035,WH05,4451,181.58,2024-11-05,2024-11-02
PO00469,2024-10-20,SUP09,SKU0009,WH03,514,89.82,2024-11-20,2024-11-18
PO00470,2024-11-11,SUP10,SKU0090,WH05,889,79.8,2024-11-26,2024-11-26
PO00471,2024-05-19,SUP01,SKU0019,WH03,3382,47.96,2024-06-02,2024-05-31
PO00472,2024-08-26,SUP09,SKU0014,WH04,2798,136.69,2024-09-24,2024-10-10
PO00473,2024-01-06,SUP03,SKU0010,WH04,2935,135.47,2024-01-13,2024-01-14
PO00474,2023-03-24,SUP03,SKU0019,WH03,2282,125.05,2023-03-31,2023-04-19
PO00475,2023-02-14,SUP03,SKU0014,WH03,888,138.54,2023-02-23,2023-02-20
PO00476,2024-11-17,SUP03,SKU0018,WH05,4254,32.3,2024-11-26,2024-11-24
PO00477,2024-09-20,SUP07,SKU0049,WH02,976,160.8,2024-09-30,2024-09-28
PO00478,2023-02-17,SUP10,SKU0050,WH05,3163,127.06,2023-03-08,2023-03-05
PO00479,2023-03-05,SUP08,SKU0060,WH04,1501,176.59,2023-03-28,2023-03-25
PO00480,2024-05-28,SUP03,SKU0013,WH05,2532,140.31,2024-06-06,2024-06-19
PO00481,2023-04-20,SUP05,SKU0067,WH04,2551,43.53,2023-05-18,2023-05-17
PO00482,2023-04-16,SUP07,SKU0068,WH01,2189,170.24,2023-04-24,2023-04-22
PO00483,2024-04-30,SUP10,SKU0044,WH05,2309,177.28,2024-05-15,2024-05-25
PO00484,2024-11-18,SUP04,SKU0003,WH05,698,56.57,2024-12-03,2024-11-30
PO00485,2023-09-12,SUP03,SKU0009,WH03,4781,26.9,2023-09-18,2023-09-19
PO00486,2023-08-15,SUP06,SKU0089,WH02,2080,193.73,2023-08-24,2023-09-07
PO00487,2023-12-11,SUP03,SKU0008,WH02,1870,88.01,2023-12-21,2023-12-18
PO00488,2024-02-25,SUP04,SKU0047,WH05,1199,87.75,2024-03-07,2024-03-04
PO00489,2023-12-16,SUP10,SKU0098,WH04,1063,63.48,2024-01-04,2024-01-05
PO00490,2023-12-10,SUP04,SKU0010,WH05,3060,169.03,2023-12-21,2023-12-21
PO00491,2023-06-06,SUP03,SKU0005,WH02,1985,94.85,2023-06-15,2023-07-01
PO00492,2024-04-11,SUP10,SKU0037,WH01,3143,189.01,2024-04-29,2024-05-13
PO00493,2024-12-06,SUP04,SKU0040,WH01,1205,47.79,2024-12-19,2024-12-19
PO00494,2024-09-26,SUP06,SKU0016,WH02,908,28.56,2024-10-05,2024-10-13
PO00495,2023-03-17,SUP05,SKU0036,WH01,1657,58.67,2023-04-14,2023-04-24
PO00496,2024-09-22,SUP09,SKU0007,WH05,2730,88.71,2024-10-22,2024-10-22
PO00497,2023-10-23,SUP04,SKU0039,WH05,2106,77.86,2023-11-02,2023-10-30
PO00498,2024-07-13,SUP03,SKU0022,WH05,4978,106.03,2024-07-18,2024-07-19
PO00499,2023-08-09,SUP02,SKU0028,WH04,1664,119.98,2023-09-14,2023-09-20
PO00500,2024-12-19,SUP04,SKU0003,WH03,1524,34.53,2025-01-02,2024-12-31
PO00501,2024-11-15,SUP10,SKU0046,WH02,4593,20.19,2024-12-01,2024-12-07
PO00502,2023-12-02,SUP09,SKU0010,WH02,324,142.84,2024-01-02,2024-01-01
PO00503,2024-01-15,SUP01,SKU0042,WH02,1084,165.64,2024-02-01,2024-01-29
PO00504,2023-01-26,SUP06,SKU0098,WH03,941,66.23,2023-02-07,2023-02-04
PO00505,2024-04-14,SUP06,SKU0083,WH04,2667,3.69,2024-04-23,2024-04-20
PO00506,2023-11-06,SUP09,SKU0018,WH01,1878,34.29,2023-12-07,2023-12-05
PO00507,2024-12-23,SUP08,SKU0052,WH05,4523,142.19,2025-01-13,2025-01-23
PO00508,2024-06-24,SUP02,SKU0048,WH01,957,191.72,2024-07-27,2024-07-24
PO00509,2023-03-26,SUP05,SKU0059,WH03,1367,166.6,2023-04-22,2023-04-20
PO00510,2023-01-08,SUP10,SKU0095,WH02,3119,93.29,2023-01-27,2023-01-24
PO00511,2023-08-29,SUP02,SKU0064,WH03,3841,26.75,2023-10-05,2023-10-04
PO00512,2023-05-02,SUP02,SKU0026,WH03,3047,5.53,2023-06-06,2023-06-06
PO00513,2023-04-15,SUP03,SKU0019,WH01,1476,158.85,2023-04-23,2023-04-24
PO00514,2024-05-13,SUP07,SKU0036,WH04,4178,154.2,2024-05-22,2024-06-04
PO00515,2023-04-21,SUP09,SKU0001,WH02,1586,84.29,2023-05-19,2023-05-20
PO00516,2023-04-01,SUP10,SKU0046,WH04,895,29.78,2023-04-19,2023-04-21
PO00517,2023-08-13,SUP09,SKU0025,WH02,3511,1.89,2023-09-15,2023-09-22
PO00518,2024-11-25,SUP06,SKU0023,WH05,2983,39.34,2024-12-08,2024-12-16
PO00519,2024-02-12,SUP01,SKU0039,WH03,2746,31.4,2024-02-26,2024-02-25
PO00520,2024-09-04,SUP10,SKU0076,WH03,2417,47.63,2024-09-21,2024-09-24
PO00521,2023-05-20,SUP09,SKU0006,WH04,56,1.23,2023-06-20,2023-06-17
PO00522,2024-11-09,SUP07,SKU0050,WH05,4100,138.8,2024-11-20,2024-11-17
PO00523,2024-03-13,SUP09,SKU0017,WH01,2191,76.47,2024-04-11,2024-04-10
PO00524,2023-12-07,SUP05,SKU0067,WH05,1594,26.14,2024-01-03,2024-01-12
PO00525,2023-10-10,SUP03,SKU0024,WH05,1279,2.54,2023-10-19,2023-10-16
PO00526,2024-04-02,SUP09,SKU0022,WH05,4635,85.56,2024-05-04,2024-05-07
PO00527,2023-11-03,SUP09,SKU0017,WH03,4015,178.29,2023-12-05,2023-12-05
PO00528,2023-06-18,SUP10,SKU0077,WH05,1084,119.25,2023-07-02,2023-07-10
PO00529,2023-05-02,SUP02,SKU0041,WH04,418,4.69,2023-06-04,2023-06-12
PO00530,2023-08-31,SUP08,SKU0060,WH04,1324,180.11,2023-09-21,2023-09-19
PO00531,2023-05-23,SUP06,SKU0090,WH05,483,33.03,2023-05-31,2023-05-28
PO00532,2024-11-08,SUP09,SKU0008,WH01,678,179.56,2024-12-11,2024-12-23
PO00533,2024-11-03,SUP02,SKU0055,WH01,2553,182.23,2024-12-06,2024-12-03
PO00534,2024-06-30,SUP04,SKU0023,WH03,1281,159.41,2024-07-13,2024-07-10
PO00535,2023-07-20,SUP08,SKU0075,WH01,816,37.79,2023-08-11,2023-08-12
PO00536,2024-12-21,SUP09,SKU0007,WH03,261,103.18,2025-01-20,2025-01-20
PO00537,2024-02-27,SUP08,SKU0051,WH02,3530,191.04,2024-03-20,2024-03-18
PO00538,2023-12-07,SUP09,SKU0011,WH01,1813,75.25,2024-01-09,2024-01-21
PO00539,2024-01-16,SUP09,SKU0003,WH05,1693,37.83,2024-02-17,2024-02-16
PO00540,2023-03-26,SUP03,SKU0011,WH05,2479,3.46,2023-04-01,2023-04-18
PO00541,2024-05-10,SUP08,SKU0066,WH03,3323,57.16,2024-05-31,2024-05-29
PO00542,2023-05-20,SUP08,SKU0051,WH03,4391,45.74,2023-06-13,2023-06-10
PO00543,2023-04-24,SUP08,SKU0072,WH02,1739,135.78,2023-05-18,2023-05-18
PO00544,2023-08-10,SUP09,SKU0015,WH04,3480,8.3,2023-09-10,2023-09-11
PO00545,2023-01-20,SUP01,SKU0004,WH01,4913,184.23,2023-02-01,2023-02-02
PO00546,2024-06-16,SUP02,SKU0065,WH05,2056,198.29,2024-07-21,2024-07-25
PO00547,2024-10-24,SUP06,SKU0008,WH04,2190,135.46,2024-11-06,2024-11-07
PO00548,2023-01-23,SUP05,SKU0034,WH04,241,113.98,2023-02-19,2023-02-16
PO00549,2023-04-09,SUP04,SKU0043,WH03,4412,23.56,2023-04-24,2023-04-25
PO00550,2024-01-20,SUP02,SKU0041,WH02,2791,179.89,2024-02-27,2024-03-12
PO00551,2023-01-09,SUP07,SKU0042,WH04,1350,144.18,2023-01-17,2023-01-15
PO00552,2023-11-29,SUP01,SKU0003,WH02,585,102.05,2023-12-16,2023-12-19
PO00553,2024-09-16,SUP05,SKU0075,WH01,3106,33.06,2024-10-12,2024-10-12
PO00554,2024-01-14,SUP04,SKU0012,WH03,168,132.4,2024-01-26,2024-01-27
PO00555,2023-12-24,SUP09,SKU0001,WH04,2288,171.21,2024-01-26,2024-02-07
PO00556,2024-10-10,SUP01,SKU0028,WH04,108,190.58,2024-10-27,2024-10-28
PO00557,2023-07-28,SUP06,SKU0090,WH04,1613,35.22,2023-08-08,2023-08-15
PO00558,2023-07-11,SUP07,SKU0037,WH01,3811,98.33,2023-07-21,2023-07-31
PO00559,2023-10-29,SUP09,SKU0015,WH01,2301,7.2,2023-11-27,2023-11-28
PO00560,2024-05-13,SUP10,SKU0043,WH02,4710,74.9,2024-05-31,2024-06-20
PO00561,2023-04-13,SUP06,SKU0003,WH05,2187,178.39,2023-04-25,2023-04-23
PO00562,2024-02-14,SUP09,SKU0016,WH05,995,50.91,2024-03-18,2024-03-16
PO00563,2024-07-22,SUP01,SKU0003,WH01,3164,27.7,2024-08-04,2024-08-02
PO00564,2023-04-30,SUP04,SKU0024,WH04,1034,170.64,2023-05-10,2023-05-27
PO00565,2024-10-09,SUP07,SKU0028,WH01,2791,38.83,2024-10-16,2024-10-25
PO00566,2023-04-19,SUP09,SKU0014,WH05,415,90.33,2023-05-21,2023-05-20
PO00567,2023-03-11,SUP10,SKU0079,WH02,292,6.84,2023-03-27,2023-03-26
PO00568,2024-05-25,SUP03,SKU0004,WH01,4111,116.06,2024-06-04,2024-06-02
PO00569,2023-07-24,SUP09,SKU0011,WH04,3866,0.97,2023-08-23,2023-08-22
PO00570,2023-05-22,SUP03,SKU0001,WH01,2493,33.05,2023-05-28,2023-05-28
PO00571,2024-07-13,SUP03,SKU0003,WH04,2672,89.28,2024-07-23,2024-07-22
PO00572,2023-01-15,SUP07,SKU0051,WH02,3631,9.25,2023-01-25,2023-01-23
PO00573,2024-06-04,SUP03,SKU0023,WH04,4795,93.2,2024-06-10,2024-06-10
PO00574,2024-12-23,SUP07,SKU0038,WH01,516,43.59,2025-01-03,2025-01-09
PO00575,2024-11-11,SUP07,SKU0061,WH02,1965,143.54,2024-11-21,2024-11-22
PO00576,2024-06-27,SUP02,SKU0048,WH01,1874,53.9,2024-08-03,2024-07-31
PO00577,2023-10-14,SUP05,SKU0061,WH03,3136,11.62,2023-11-12,2023-12-02
PO00578,2024-07-21,SUP02,SKU0075,WH05,1235,198.83,2024-08-26,2024-08-26
PO00579,2024-11-17,SUP01,SKU0031,WH05,987,72.02,2024-11-30,2024-11-27
PO00580,2023-10-21,SUP08,SKU0061,WH05,1786,3.54,2023-11-10,2023-11-09
PO00581,2024-10-08,SUP02,SKU0048,WH02,2366,119.83,2024-11-14,2024-11-11
PO00582,2023-01-21,SUP03,SKU0005,WH03,364,63.37,2023-01-28,2023-01-27
PO00583,2024-02-20,SUP06,SKU0082,WH02,642,145.22,2024-03-04,2024-03-05
PO00584,2023-08-04,SUP08,SKU0064,WH05,3903,39.18,2023-08-27,2023-08-26
PO00585,2023-04-20,SUP08,SKU0065,WH04,2834,87.63,2023-05-09,2023-05-07
PO00586,2024-02-21,SUP09,SKU0022,WH05,2223,37.82,2024-03-23,2024-03-29
PO00587,2023-01-30,SUP01,SKU0033,WH01,2827,55.68,2023-02-16,2023-02-15
PO00588,2023-05-15,SUP06,SKU0008,WH05,2750,103.13,2023-05-23,2023-05-26
PO00589,2023-04-08,SUP02,SKU0026,WH03,244,52.22,2023-05-16,2023-05-24
PO00590,2024-06-29,SUP01,SKU0047,WH03,96,110.12,2024-07-11,2024-07-11
PO00591,2023-08-23,SUP07,SKU0043,WH03,312,163.91,2023-08-30,2023-08-29
PO00592,2024-03-26,SUP03,SKU0014,WH03,1732,155.26,2024-04-02,2024-03-30
PO00593,2023-06-28,SUP08,SKU0069,WH02,1018,133.53,2023-07-22,2023-08-04
PO00594,2024-07-07,SUP08,SKU0052,WH05,2030,39.3,2024-07-29,2024-07-26
PO00595,2024-12-02,SUP05,SKU0055,WH04,3261,137.58,2024-12-30,2024-12-29
PO00596,2023-09-12,SUP07,SKU0033,WH04,3664,84.24,2023-09-23,2023-09-20
PO00597,2023-06-03,SUP05,SKU0071,WH04,2552,3.37,2023-07-03,2023-07-01
PO00598,2023-11-10,SUP04,SKU0046,WH01,747,173.29,2023-11-21,2023-11-20
PO00599,2024-05-12,SUP05,SKU0062,WH04,4333,21.71,2024-06-12,2024-06-30
PO00600,2023-04-08,SUP05,SKU0027,WH04,3628,45.61,2023-05-04,2023-05-01
PO00601,2023-12-04,SUP03,SKU0007,WH02,1605,89.79,2023-12-10,2023-12-08
PO00602,2024-09-03,SUP09,SKU0013,WH01,125,39.55,2024-10-03,2024-10-01
PO00603,2024-01-22,SUP02,SKU0045,WH03,4151,121.45,2024-02-27,2024-03-15
PO00604,2024-01-03,SUP02,SKU0072,WH01,4104,133.58,2024-02-09,2024-02-28
PO00605,2024-02-15,SUP10,SKU0030,WH03,3131,3.03,2024-03-01,2024-03-12
PO00606,2023-09-11,SUP02,SKU0071,WH02,3526,9.02,2023-10-14,2023-11-01
PO00607,2023-05-11,SUP01,SKU0004,WH03,508,60.86,2023-05-27,2023-05-27
PO00608,2023-05-20,SUP09,SKU0016,WH03,3516,107.8,2023-06-21,2023-06-21
PO00609,2023-10-14,SUP10,SKU0077,WH03,3818,158.18,2023-10-28,2023-10-27
PO00610,2024-12-10,SUP01,SKU0019,WH04,3537,131.64,2024-12-27,2024-12-26
PO00611,2023-06-29,SUP05,SKU0026,WH01,2988,43.04,2023-07-26,2023-07-26
PO00612,2023-02-05,SUP09,SKU0010,WH04,1581,35.94,2023-03-10,2023-03-10
PO00613,2024-06-24,SUP04,SKU0025,WH03,3695,111.36,2024-07-08,2024-07-10
PO00614,2024-11-30,SUP06,SKU0010,WH03,93,13.26,2024-12-12,2024-12-10
PO00615,2024-03-16,SUP07,SKU0047,WH04,390,128.69,2024-03-25,2024-03-22
PO00616,2024-02-12,SUP07,SKU0031,WH03,1411,11.32,2024-02-20,2024-02-18
PO00617,2024-10-02,SUP04,SKU0034,WH03,1241,157.42,2024-10-17,2024-10-31
PO00618,2023-04-21,SUP03,SKU0022,WH01,4817,170.68,2023-04-30,2023-04-28
PO00619,2024-10-06,SUP02,SKU0049,WH01,3109,82.31,2024-11-11,2024-11-09
PO00620,2024-09-02,SUP02,SKU0039,WH04,2101,31.93,2024-10-09,2024-10-06
PO00621,2024-08-09,SUP05,SKU0038,WH02,1784,74.62,2024-09-06,2024-09-05
PO00622,2023-04-12,SUP06,SKU0084,WH01,3726,149.38,2023-04-22,2023-04-19
PO00623,2023-06-16,SUP09,SKU0001,WH04,1710,11.52,2023-07-17,2023-08-06
PO00624,2024-07-01,SUP04,SKU0015,WH05,2717,134.74,2024-07-16,2024-07-16
PO00625,2024-11-10,SUP10,SKU0097,WH03,4197,58.1,2024-11-28,2024-11-26
PO00626,2024-08-11,SUP04,SKU0005,WH01,4032,193.01,2024-08-21,2024-08-26
PO00627,2024-07-17,SUP08,SKU0072,WH01,3383,138.95,2024-08-08,2024-08-18
PO00628,2024-03-05,SUP05,SKU0035,WH03,1819,143.22,2024-04-03,2024-04-21
PO00629,2023-05-10,SUP04,SKU0032,WH02,1071,54.75,2023-05-22,2023-05-23
PO00630,2024-05-17,SUP01,SKU0045,WH04,2082,103.01,2024-05-29,2024-05-29
PO00631,2023-01-29,SUP07,SKU0034,WH04,1490,55.01,2023-02-08,2023-02-07
PO00632,2024-07-12,SUP09,SKU0005,WH05,3508,0.61,2024-08-11,2024-08-10
PO00633,2023-11-06,SUP10,SKU0038,WH02,387,77.64,2023-11-21,2023-12-10
PO00634,2023-10-07,SUP05,SKU0044,WH05,4098,98.7,2023-11-04,2023-11-22
PO00635,2024-01-29,SUP10,SKU0034,WH01,2549,67.97,2024-02-12,2024-02-29
PO00636,2024-07-27,SUP06,SKU0023,WH01,3731,168.18,2024-08-06,2024-08-04
PO00637,2024-08-08,SUP09,SKU0010,WH03,2730,30.29,2024-09-09,2024-09-07
PO00638,2023-08-06,SUP05,SKU0038,WH05,4614,8.3,2023-09-03,2023-09-16
PO00639,2024-10-21,SUP10,SKU0095,WH04,768,82.1,2024-11-08,2024-11-08
PO00640,2023-02-08,SUP02,SKU0045,WH02,3551,189.03,2023-03-15,2023-03-12
PO00641,2024-12-19,SUP07,SKU0063,WH02,3102,43.32,2024-12-29,2024-12-30
PO00642,2023-02-25,SUP01,SKU0026,WH02,4991,70.36,2023-03-10,2023-03-24
PO00643,2023-12-14,SUP02,SKU0036,WH04,4147,180.43,2024-01-21,2024-01-18
PO00644,2023-04-03,SUP08,SKU0051,WH01,2201,122.63,2023-04-25,2023-05-15
PO00645,2023-11-10,SUP06,SKU0015,WH05,2571,151.46,2023-11-19,2023-11-18
PO00646,2024-01-18,SUP05,SKU0042,WH02,1605,120.1,2024-02-14,2024-02-11
PO00647,2024-04-05,SUP09,SKU0015,WH03,4861,183.58,2024-05-03,2024-04-30
PO00648,2023-06-11,SUP07,SKU0070,WH03,828,56.73,2023-06-22,2023-06-23
PO00649,2024-04-28,SUP05,SKU0056,WH05,2754,131.29,2024-05-25,2024-06-09
PO00650,2023-03-02,SUP04,SKU0029,WH03,3584,106.52,2023-03-13,2023-03-14
PO00651,2023-04-15,SUP02,SKU0058,WH02,1306,97.86,2023-05-19,2023-05-16
PO00652,2024-06-25,SUP05,SKU0035,WH05,3887,25.94,2024-07-24,2024-07-25
PO00653,2024-06-07,SUP03,SKU0007,WH02,2455,71.37,2024-06-17,2024-06-18
PO00654,2023-02-10,SUP08,SKU0052,WH02,3045,83.46,2023-03-04,2023-03-05
PO00655,2023-10-14,SUP09,SKU0002,WH03,2842,23.06,2023-11-16,2023-11-17
PO00656,2023-08-24,SUP03,SKU0001,WH03,4508,3.96,2023-08-29,2023-09-02
PO00657,2023-03-19,SUP02,SKU0055,WH02,4675,158.73,2023-04-22,2023-04-23
PO00658,2024-03-02,SUP08,SKU0055,WH05,2849,40.76,2024-03-26,2024-03-25
PO00659,2023-04-04,SUP03,SKU0015,WH02,4380,25.95,2023-04-11,2023-04-09
PO00660,2023-12-20,SUP01,SKU0049,WH01,3084,17.84,2024-01-03,2024-01-16
PO00661,2023-07-28,SUP10,SKU0078,WH01,2198,59.49,2023-08-11,2023-08-08
PO00662,2024-04-22,SUP04,SKU0002,WH05,162,165.31,2024-05-07,2024-05-04
PO00663,2024-01-19,SUP06,SKU0023,WH01,3385,82.59,2024-01-28,2024-02-17
PO00664,2023-07-12,SUP07,SKU0071,WH03,2429,58.6,2023-07-22,2023-07-19
PO00665,2024-01-08,SUP02,SKU0052,WH01,338,53.22,2024-02-15,2024-02-13
PO00666,2023-01-16,SUP10,SKU0084,WH03,4618,60.15,2023-02-03,2023-02-14
PO00667,2024-10-20,SUP03,SKU0021,WH03,347,123.74,2024-10-29,2024-10-26
PO00668,2023-12-22,SUP09,SKU0002,WH04,3479,89.62,2024-01-24,2024-01-22
PO00669,2023-12-30,SUP01,SKU0016,WH05,1974,148.66,2024-01-11,2024-01-21
PO00670,2023-03-12,SUP09,SKU0014,WH05,4453,41.82,2023-04-13,2023-04-12
PO00671,2024-02-04,SUP04,SKU0003,WH04,4650,117.97,2024-02-17,2024-02-14
PO00672,2024-11-25,SUP01,SKU0013,WH01,2320,102.94,2024-12-11,2024-12-09
PO00673,2023-02-17,SUP04,SKU0026,WH03,110,68.64,2023-03-02,2023-03-11
PO00674,2024-06-03,SUP05,SKU0026,WH03,1028,3.96,2024-07-01,2024-07-16
PO00675,2023-11-18,SUP05,SKU0038,WH04,4547,119.24,2023-12-18,2023-12-16
PO00676,2023-06-18,SUP08,SKU0065,WH05,1633,188.33,2023-07-12,2023-07-16
PO00677,2024-06-26,SUP05,SKU0047,WH03,794,144.08,2024-07-27,2024-07-26
PO00678,2023-10-15,SUP08,SKU0068,WH03,3530,162.72,2023-11-05,2023-11-05
PO00679,2024-07-24,SUP08,SKU0068,WH03,2217,129.66,2024-08-14,2024-08-13
PO00680,2024-07-13,SUP07,SKU0055,WH05,4559,160.6,2024-07-22,2024-07-19
PO00681,2024-08-18,SUP08,SKU0074,WH01,3555,165.12,2024-09-08,2024-09-08
PO00682,2024-12-31,SUP10,SKU0033,WH05,2875,90.0,2025-01-18,2025-01-19
PO00683,2023-12-09,SUP07,SKU0039,WH03,415,149.42,2023-12-19,2023-12-18
PO00684,2023-11-11,SUP03,SKU0008,WH05,311,105.96,2023-11-20,2023-11-27
PO00685,2023-03-11,SUP02,SKU0040,WH02,720,52.81,2023-04-15,2023-04-16
PO00686,2024-02-04,SUP05,SKU0053,WH04,4116,88.08,2024-03-03,2024-02-29
PO00687,2023-07-22,SUP09,SKU0013,WH05,3791,106.0,2023-08-24,2023-08-24
PO00688,2023-09-05,SUP09,SKU0003,WH02,3200,29.59,2023-10-03,2023-10-05
PO00689,2023-12-22,SUP06,SKU0005,WH04,1368,24.33,2024-01-03,2024-01-01
PO00690,2023-01-01,SUP08,SKU0064,WH03,4476,159.33,2023-01-23,2023-01-24
PO00691,2023-07-15,SUP06,SKU0100,WH04,322,138.8,2023-07-23,2023-07-23
PO00692,2023-10-16,SUP04,SKU0047,WH04,3984,33.18,2023-10-26,2023-10-23
PO00693,2024-04-23,SUP01,SKU0003,WH05,1188,35.97,2024-05-08,2024-05-07
PO00694,2024-07-15,SUP10,SKU0030,WH02,3338,104.17,2024-07-31,2024-07-31
PO00695,2023-06-25,SUP01,SKU0026,WH01,3229,51.73,2023-07-09,2023-07-22
PO00696,2024-06-15,SUP01,SKU0019,WH03,3643,92.0,2024-06-30,2024-07-20
PO00697,2023-02-17,SUP02,SKU0032,WH02,3537,103.32,2023-03-25,2023-04-05
PO00698,2023-01-29,SUP06,SKU0022,WH05,1831,20.26,2023-02-07,2023-02-15
PO00699,2023-07-17,SUP08,SKU0066,WH04,4825,98.21,2023-08-05,2023-08-06
PO00700,2023-03-31,SUP03,SKU0015,WH02,3041,158.18,2023-04-05,2023-04-03
PO00701,2023-08-03,SUP10,SKU0088,WH04,1948,77.85,2023-08-17,2023-08-17
PO00702,2023-02-27,SUP08,SKU0057,WH02,2832,143.32,2023-03-18,2023-03-15
PO00703,2023-05-29,SUP07,SKU0057,WH04,4024,59.3,2023-06-09,2023-06-08
PO00704,2023-12-24,SUP02,SKU0060,WH03,3012,86.84,2024-01-30,2024-02-10
PO00705,2024-03-03,SUP07,SKU0075,WH04,2231,123.64,2024-03-12,2024-03-10
PO00706,2024-05-06,SUP07,SKU0043,WH02,4429,158.89,2024-05-13,2024-05-19
PO00707,2024-11-21,SUP06,SKU0096,WH02,458,105.92,2024-12-04,2024-12-01
PO00708,2023-05-13,SUP01,SKU0026,WH02,2827,127.11,2023-05-30,2023-05-27
PO00709,2024-06-13,SUP09,SKU0021,WH03,2262,174.06,2024-07-15,2024-07-12
PO00710,2023-09-28,SUP07,SKU0037,WH03,2609,31.49,2023-10-06,2023-10-11
PO00711,2024-07-18,SUP04,SKU0030,WH05,3351,38.78,2024-07-29,2024-08-15
PO00712,2024-01-23,SUP06,SKU0017,WH05,4387,197.23,2024-02-01,2024-01-29
PO00713,2024-09-07,SUP04,SKU0034,WH03,1262,127.71,2024-09-21,2024-09-22
PO00714,2023-05-08,SUP03,SKU0012,WH02,4009,16.97,2023-05-17,2023-05-18
PO00715,2023-01-12,SUP04,SKU0008,WH03,2557,105.65,2023-01-26,2023-01-25
PO00716,2023-06-02,SUP05,SKU0035,WH05,1632,152.51,2023-06-28,2023-07-08
PO00717,2023-04-30,SUP02,SKU0073,WH04,2690,192.92,2023-06-05,2023-06-04
PO00718,2023-03-29,SUP10,SKU0031,WH04,2707,22.05,2023-04-13,2023-04-14
PO00719,2024-12-02,SUP10,SKU0084,WH01,706,13.01,2024-12-19,2024-12-20
PO00720,2024-06-29,SUP10,SKU0080,WH01,2078,23.73,2024-07-15,2024-07-14
PO00721,2024-12-18,SUP05,SKU0054,WH04,1272,94.39,2025-01-13,2025-01-29
PO00722,2024-12-20,SUP10,SKU0032,WH03,3213,29.18,2025-01-06,2025-01-04
PO00723,2023-05-16,SUP10,SKU0045,WH03,312,48.98,2023-05-30,2023-05-31
PO00724,2023-06-08,SUP07,SKU0063,WH03,988,43.92,2023-06-15,2023-06-16
PO00725,2023-10-12,SUP09,SKU0006,WH05,4017,12.97,2023-11-10,2023-11-10
PO00726,2023-01-03,SUP08,SKU0068,WH05,704,118.06,2023-01-25,2023-01-24
PO00727,2023-08-19,SUP08,SKU0058,WH05,3312,153.78,2023-09-09,2023-09-09
PO00728,2024-09-29,SUP07,SKU0053,WH02,3108,110.15,2024-10-06,2024-10-06
PO00729,2024-12-20,SUP08,SKU0056,WH02,1362,148.4,2025-01-09,2025-01-07
PO00730,2024-01-07,SUP09,SKU0003,WH01,1014,81.54,2024-02-05,2024-02-05
PO00731,2024-09-17,SUP07,SKU0036,WH02,3243,17.27,2024-09-27,2024-10-10
PO00732,2023-05-24,SUP09,SKU0009,WH02,4392,120.76,2023-06-23,2023-07-10
PO00733,2024-03-18,SUP02,SKU0065,WH04,75,23.45,2024-04-23,2024-05-05
PO00734,2023-08-12,SUP02,SKU0075,WH01,3835,154.91,2023-09-14,2023-09-14
PO00735,2024-12-23,SUP07,SKU0033,WH02,2130,154.09,2024-12-31,2024-12-30
PO00736,2023-02-24,SUP01,SKU0033,WH02,4510,74.79,2023-03-09,2023-03-07
PO00737,2024-01-29,SUP07,SKU0036,WH01,4323,14.2,2024-02-08,2024-02-06
PO00738,2024-04-07,SUP10,SKU0031,WH02,2774,49.67,2024-04-25,2024-04-22
PO00739,2023-01-23,SUP05,SKU0046,WH02,742,11.73,2023-02-23,2023-02-20
PO00740,2024-09-02,SUP06,SKU0022,WH02,904,37.27,2024-09-11,2024-10-01
PO00741,2024-02-27,SUP09,SKU0015,WH01,3136,35.9,2024-03-28,2024-03-25
PO00742,2023-03-19,SUP03,SKU0017,WH01,4907,178.9,2023-03-24,2023-03-23
PO00743,2024-09-21,SUP10,SKU0036,WH05,1628,97.97,2024-10-07,2024-10-04
PO00744,2024-11-13,SUP03,SKU0009,WH01,4073,87.4,2024-11-19,2024-11-16
PO00745,2023-06-04,SUP06,SKU0021,WH04,3629,122.62,2023-06-17,2023-06-17
PO00746,2023-05-24,SUP09,SKU0009,WH01,2690,126.73,2023-06-26,2023-06-23
PO00747,2023-10-24,SUP04,SKU0049,WH02,963,104.69,2023-11-07,2023-11-05
PO00748,2023-02-23,SUP04,SKU0018,WH03,694,70.15,2023-03-08,2023-03-06
PO00749,2023-10-10,SUP09,SKU0018,WH01,102,9.78,2023-11-08,2023-11-05
PO00750,2024-01-27,SUP09,SKU0008,WH04,3708,127.95,2024-02-25,2024-02-24
PO00751,2024-09-18,SUP04,SKU0038,WH03,4840,120.7,2024-09-29,2024-09-30
PO00752,2024-10-06,SUP09,SKU0008,WH03,4414,120.86,2024-11-04,2024-11-05
PO00753,2023-12-02,SUP01,SKU0042,WH03,764,186.94,2023-12-19,2023-12-20
PO00754,2024-02-18,SUP04,SKU0033,WH04,3592,172.28,2024-03-03,2024-03-09
PO00755,2023-03-23,SUP05,SKU0049,WH01,3061,118.13,2023-04-20,2023-04-18
PO00756,2024-11-28,SUP08,SKU0052,WH04,2283,165.59,2024-12-17,2024-12-16
PO00757,2023-12-11,SUP07,SKU0032,WH04,2993,146.73,2023-12-18,2023-12-18
PO00758,2024-07-11,SUP07,SKU0062,WH05,674,5.75,2024-07-22,2024-07-19
PO00759,2023-11-06,SUP01,SKU0001,WH05,4581,95.75,2023-11-18,2023-11-15
PO00760,2024-07-30,SUP06,SKU0083,WH03,744,46.02,2024-08-07,2024-08-07
PO00761,2024-06-18,SUP07,SKU0057,WH03,300,26.81,2024-06-30,2024-06-28
PO00762,2023-02-08,SUP06,SKU0002,WH01,3547,148.53,2023-02-20,2023-02-19
PO00763,2023-12-12,SUP03,SKU0004,WH03,657,21.97,2023-12-21,2023-12-20
PO00764,2023-11-24,SUP05,SKU0053,WH03,4108,128.8,2023-12-25,2023-12-24
PO00765,2024-08-20,SUP01,SKU0024,WH04,1891,22.65,2024-09-04,2024-09-06
PO00766,2024-05-31,SUP01,SKU0001,WH05,2145,163.41,2024-06-17,2024-06-16
PO00767,2023-03-03,SUP03,SKU0013,WH01,214,72.05,2023-03-12,2023-03-09
PO00768,2023-03-20,SUP07,SKU0056,WH04,508,102.86,2023-03-31,2023-03-31
PO00769,2023-03-01,SUP01,SKU0020,WH05,3938,52.87,2023-03-13,2023-03-10
PO00770,2023-11-21,SUP10,SKU0096,WH05,428,61.53,2023-12-05,2023-12-06
PO00771,2023-03-24,SUP06,SKU0016,WH03,2087,23.37,2023-04-02,2023-03-30
PO00772,2024-04-28,SUP03,SKU0006,WH04,3792,97.85,2024-05-04,2024-05-03
PO00773,2024-09-20,SUP08,SKU0057,WH03,4690,55.93,2024-10-11,2024-10-09
PO00774,2023-06-04,SUP05,SKU0061,WH03,543,17.55,2023-07-01,2023-07-10
PO00775,2023-02-21,SUP06,SKU0007,WH02,4456,123.4,2023-03-06,2023-03-11
PO00776,2024-03-11,SUP04,SKU0030,WH04,620,115.43,2024-03-23,2024-03-23
PO00777,2024-02-10,SUP08,SKU0059,WH03,2599,81.94,2024-03-05,2024-03-06
PO00778,2024-05-28,SUP08,SKU0062,WH03,399,84.67,2024-06-17,2024-06-29
PO00779,2023-06-23,SUP04,SKU0009,WH03,2461,81.87,2023-07-04,2023-07-14
PO00780,2023-02-12,SUP09,SKU0001,WH01,2537,191.39,2023-03-14,2023-03-14
PO00781,2023-02-04,SUP08,SKU0072,WH01,282,29.37,2023-02-23,2023-02-23
PO00782,2023-06-13,SUP01,SKU0040,WH03,2398,54.02,2023-06-26,2023-06-24
PO00783,2023-04-12,SUP09,SKU0022,WH02,2337,65.44,2023-05-11,2023-05-09
PO00784,2023-01-12,SUP03,SKU0025,WH04,2019,68.43,2023-01-17,2023-01-18
PO00785,2024-09-02,SUP08,SKU0073,WH01,2472,197.21,2024-09-21,2024-09-20
PO00786,2023-07-04,SUP09,SKU0010,WH04,4548,111.82,2023-08-01,2023-07-30
PO00787,2023-12-01,SUP09,SKU0010,WH04,2613,118.03,2023-12-31,2024-01-16
PO00788,2024-02-14,SUP02,SKU0027,WH04,1705,0.88,2024-03-22,2024-03-22
PO00789,2023-06-14,SUP10,SKU0089,WH01,1485,111.28,2023-06-29,2023-07-08
PO00790,2024-12-22,SUP01,SKU0019,WH03,4760,122.92,2025-01-03,2025-01-03
PO00791,2023-10-06,SUP08,SKU0056,WH01,1182,42.85,2023-10-28,2023-10-25
PO00792,2023-03-06,SUP01,SKU0003,WH04,3349,124.42,2023-03-21,2023-04-07
PO00793,2023-07-31,SUP03,SKU0006,WH02,4433,76.82,2023-08-05,2023-08-04
PO00794,2023-07-21,SUP02,SKU0061,WH03,821,47.86,2023-08-24,2023-09-07
PO00795,2023-01-15,SUP04,SKU0023,WH03,852,25.25,2023-01-28,2023-01-28
PO00796,2023-04-01,SUP10,SKU0041,WH04,3713,18.56,2023-04-18,2023-04-19
PO00797,2023-04-17,SUP02,SKU0062,WH04,4400,114.45,2023-05-21,2023-05-22
PO00798,2023-10-17,SUP10,SKU0083,WH05,3946,57.76,2023-11-02,2023-10-30
PO00799,2024-04-18,SUP09,SKU0004,WH02,2793,179.81,2024-05-16,2024-05-16
PO00800,2023-04-27,SUP04,SKU0024,WH03,1582,116.12,2023-05-07,2023-05-04
PO00801,2023-12-26,SUP09,SKU0010,WH03,1802,79.71,2024-01-26,2024-01-26
PO00802,2023-01-16,SUP02,SKU0026,WH05,2071,177.63,2023-02-21,2023-02-21
PO00803,2024-03-25,SUP06,SKU0083,WH01,2846,67.0,2024-04-05,2024-04-09
PO00804,2024-11-04,SUP09,SKU0007,WH03,4497,126.6,2024-12-07,2024-12-07
PO00805,2023-09-24,SUP05,SKU0036,WH05,4538,137.5,2023-10-21,2023-10-21
PO00806,2024-10-22,SUP10,SKU0049,WH02,3488,134.48,2024-11-06,2024-11-06
PO00807,2023-05-11,SUP05,SKU0058,WH04,4177,95.54,2023-06-09,2023-06-25
PO00808,2024-11-26,SUP02,SKU0040,WH03,2951,149.83,2024-12-30,2025-01-14
PO00809,2023-12-27,SUP07,SKU0058,WH03,2416,152.41,2024-01-07,2024-01-13
PO00810,2023-09-02,SUP05,SKU0060,WH05,3775,15.27,2023-09-30,2023-09-27
PO00811,2024-03-16,SUP10,SKU0041,WH03,1271,136.74,2024-03-31,2024-03-30
PO00812,2024-12-29,SUP07,SKU0057,WH02,3644,155.46,2025-01-07,2025-01-13
PO00813,2024-12-16,SUP06,SKU0099,WH03,4761,114.69,2024-12-26,2024-12-25
PO00814,2023-09-18,SUP10,SKU0092,WH04,1648,171.5,2023-10-03,2023-10-20
PO00815,2024-06-26,SUP02,SKU0026,WH05,3882,149.8,2024-08-01,2024-07-31
PO00816,2024-07-09,SUP07,SKU0027,WH03,1910,110.96,2024-07-18,2024-07-17
PO00817,2023-04-23,SUP03,SKU0018,WH03,2268,93.68,2023-05-01,2023-05-08
PO00818,2023-01-19,SUP05,SKU0040,WH01,3967,178.37,2023-02-17,2023-03-04
PO00819,2023-02-16,SUP09,SKU0018,WH01,3044,161.16,2023-03-21,2023-03-18
PO00820,2023-05-26,SUP02,SKU0074,WH01,1809,128.5,2023-07-01,2023-06-28
PO00821,2024-12-02,SUP02,SKU0041,WH04,1198,154.23,2025-01-08,2025-01-08
PO00822,2023-12-29,SUP10,SKU0083,WH03,2762,189.1,2024-01-15,2024-01-15
PO00823,2024-09-18,SUP09,SKU0016,WH03,3427,80.81,2024-10-18,2024-10-17
PO00824,2023-10-30,SUP05,SKU0063,WH05,4682,23.37,2023-11-28,2023-12-04
PO00825,2024-01-17,SUP02,SKU0054,WH04,3839,157.5,2024-02-20,2024-02-22
PO00826,2023-05-14,SUP03,SKU0021,WH05,2022,134.44,2023-05-20,2023-05-26
PO00827,2024-10-16,SUP04,SKU0024,WH04,4530,168.76,2024-10-29,2024-10-30
PO00828,2023-03-29,SUP02,SKU0068,WH03,2537,95.23,2023-05-03,2023-05-04
PO00829,2024-12-25,SUP03,SKU0004,WH03,1178,167.42,2024-12-31,2024-12-31
PO00830,2024-05-15,SUP08,SKU0059,WH01,1967,94.61,2024-06-05,2024-06-02
PO00831,2023-11-13,SUP07,SKU0065,WH03,2362,105.99,2023-11-20,2023-11-18
PO00832,2023-01-09,SUP02,SKU0073,WH01,4872,124.69,2023-02-15,2023-02-16
PO00833,2023-02-09,SUP07,SKU0074,WH03,2847,44.23,2023-02-17,2023-02-18
PO00834,2024-10-20,SUP03,SKU0007,WH02,3838,144.02,2024-10-25,2024-10-26
PO00835,2024-01-06,SUP10,SKU0089,WH04,4394,55.17,2024-01-25,2024-02-13
PO00836,2024-04-09,SUP09,SKU0017,WH03,4760,2.87,2024-05-09,2024-05-06
PO00837,2024-05-01,SUP10,SKU0098,WH03,2666,118.45,2024-05-17,2024-06-02
PO00838,2024-04-05,SUP08,SKU0055,WH04,4135,122.29,2024-04-27,2024-05-09
PO00839,2023-08-25,SUP09,SKU0010,WH04,1986,38.23,2023-09-27,2023-09-25
PO00840,2023-08-13,SUP03,SKU0008,WH03,3829,85.07,2023-08-18,2023-08-17
PO00841,2024-07-22,SUP08,SKU0071,WH01,2948,112.45,2024-08-10,2024-08-07
PO00842,2024-11-20,SUP03,SKU0020,WH01,2298,108.04,2024-11-27,2024-11-26
PO00843,2024-01-08,SUP10,SKU0090,WH04,2102,180.52,2024-01-24,2024-01-21
PO00844,2023-08-21,SUP09,SKU0011,WH05,3496,160.45,2023-09-21,2023-09-22
PO00845,2024-03-16,SUP06,SKU0080,WH01,4211,104.86,2024-03-27,2024-03-25
PO00846,2023-10-01,SUP09,SKU0009,WH01,3494,61.5,2023-10-30,2023-11-19
PO00847,2024-11-30,SUP08,SKU0070,WH04,2020,189.11,2024-12-24,2024-12-27
PO00848,2024-02-22,SUP03,SKU0006,WH05,3090,62.55,2024-03-01,2024-02-29
PO00849,2023-09-27,SUP09,SKU0008,WH04,2200,155.83,2023-10-27,2023-10-28
PO00850,2024-12-05,SUP07,SKU0074,WH02,1812,47.02,2024-12-12,2024-12-12
PO00851,2024-09-18,SUP08,SKU0059,WH02,2698,95.19,2024-10-09,2024-10-09
PO00852,2024-03-31,SUP05,SKU0041,WH03,2346,128.37,2024-04-26,2024-04-24
PO00853,2024-10-14,SUP07,SKU0067,WH03,4685,174.64,2024-10-21,2024-10-21
PO00854,2024-08-02,SUP09,SKU0015,WH02,1806,48.46,2024-09-01,2024-08-29
PO00855,2023-02-28,SUP05,SKU0027,WH04,4482,181.45,2023-03-26,2023-03-26
PO00856,2024-03-12,SUP01,SKU0039,WH01,1157,124.75,2024-03-25,2024-03-25
PO00857,2024-11-02,SUP06,SKU0091,WH03,489,108.04,2024-11-11,2024-11-11
PO00858,2024-12-07,SUP02,SKU0068,WH02,616,33.24,2025-01-12,2025-01-17
PO00859,2023-09-23,SUP04,SKU0025,WH03,2635,99.36,2023-10-06,2023-10-04
PO00860,2023-06-19,SUP04,SKU0012,WH03,1995,151.21,2023-07-01,2023-06-30
PO00861,2023-06-27,SUP04,SKU0015,WH03,373,186.1,2023-07-07,2023-07-04
PO00862,2023-05-24,SUP03,SKU0015,WH05,1842,162.58,2023-05-30,2023-06-06
PO00863,2023-10-24,SUP10,SKU0094,WH04,705,181.53,2023-11-08,2023-11-09
PO00864,2024-06-26,SUP07,SKU0038,WH02,4930,66.19,2024-07-04,2024-07-05
PO00865,2024-02-15,SUP03,SKU0006,WH05,4585,27.43,2024-02-23,2024-02-23
PO00866,2023-05-30,SUP02,SKU0038,WH05,2203,144.94,2023-07-05,2023-07-13
PO00867,2024-10-25,SUP01,SKU0010,WH05,1042,184.41,2024-11-11,2024-11-16
PO00868,2023-11-14,SUP04,SKU0044,WH01,3398,194.86,2023-11-29,2023-11-28
PO00869,2023-11-05,SUP06,SKU0024,WH03,4506,27.82,2023-11-16,2023-12-04
PO00870,2024-08-13,SUP05,SKU0044,WH01,3045,95.99,2024-09-08,2024-09-05
PO00871,2024-06-13,SUP06,SKU0094,WH04,4859,184.38,2024-06-22,2024-07-09
PO00872,2023-04-30,SUP08,SKU0057,WH05,758,6.45,2023-05-19,2023-05-18
PO00873,2023-02-12,SUP07,SKU0052,WH05,2934,171.12,2023-02-23,2023-02-23
PO00874,2023-12-27,SUP10,SKU0046,WH04,2994,110.25,2024-01-11,2024-01-11
PO00875,2024-10-16,SUP03,SKU0013,WH05,3738,65.42,2024-10-25,2024-10-25
PO00876,2024-06-04,SUP04,SKU0018,WH03,3773,79.59,2024-06-18,2024-07-06
PO00877,2023-02-19,SUP02,SKU0035,WH02,4507,73.57,2023-03-25,2023-03-24
PO00878,2023-05-13,SUP05,SKU0049,WH03,4726,69.43,2023-06-12,2023-06-11
PO00879,2023-02-14,SUP03,SKU0006,WH05,4574,70.35,2023-02-21,2023-02-20
PO00880,2023-04-04,SUP02,SKU0041,WH02,4968,152.72,2023-05-12,2023-05-11
PO00881,2024-10-23,SUP06,SKU0005,WH05,2997,126.68,2024-11-01,2024-11-03
PO00882,2024-04-06,SUP07,SKU0049,WH02,3939,31.39,2024-04-17,2024-04-14
PO00883,2023-02-12,SUP08,SKU0058,WH04,3827,11.91,2023-03-05,2023-03-04
PO00884,2024-09-26,SUP02,SKU0033,WH01,4431,20.65,2024-11-03,2024-11-01
PO00885,2024-04-30,SUP05,SKU0052,WH01,3630,139.49,2024-05-30,2024-05-27
PO00886,2023-04-19,SUP03,SKU0007,WH05,4516,164.48,2023-04-27,2023-05-05
PO00887,2023-03-19,SUP07,SKU0036,WH04,2787,28.31,2023-03-27,2023-03-27
PO00888,2024-10-27,SUP01,SKU0009,WH05,4155,70.64,2024-11-12,2024-11-10
PO00889,2023-02-03,SUP09,SKU0001,WH01,1149,75.56,2023-03-07,2023-03-05
PO00890,2024-11-19,SUP05,SKU0056,WH03,189,159.02,2024-12-19,2024-12-30
PO00891,2024-02-06,SUP04,SKU0005,WH01,1068,38.93,2024-02-20,2024-02-21
PO00892,2024-06-26,SUP01,SKU0030,WH04,1900,29.23,2024-07-10,2024-07-11
PO00893,2024-09-19,SUP08,SKU0070,WH05,951,197.62,2024-10-09,2024-10-15
PO00894,2023-01-13,SUP05,SKU0044,WH01,3712,176.74,2023-02-09,2023-02-22
PO00895,2023-09-18,SUP02,SKU0052,WH02,497,117.46,2023-10-25,2023-10-23
PO00896,2023-01-23,SUP03,SKU0018,WH01,3038,45.95,2023-01-30,2023-02-02
PO00897,2024-10-10,SUP09,SKU0006,WH03,738,117.69,2024-11-10,2024-11-24
PO00898,2023-11-30,SUP01,SKU0014,WH02,131,127.16,2023-12-12,2023-12-30
PO00899,2023-01-10,SUP04,SKU0009,WH05,952,117.73,2023-01-23,2023-01-22
PO00900,2023-12-27,SUP08,SKU0063,WH01,4575,193.73,2024-01-20,2024-01-18
PO00901,2023-11-16,SUP10,SKU0091,WH05,2569,57.65,2023-12-03,2023-12-23
PO00902,2023-05-23,SUP08,SKU0073,WH01,3527,182.75,2023-06-15,2023-06-15
PO00903,2023-04-16,SUP04,SKU0040,WH03,3743,97.19,2023-04-26,2023-04-23
PO00904,2024-05-14,SUP04,SKU0006,WH04,2780,13.83,2024-05-28,2024-05-31
PO00905,2023-01-28,SUP04,SKU0005,WH02,1942,127.63,2023-02-12,2023-02-11
PO00906,2024-01-31,SUP05,SKU0040,WH03,1561,183.02,2024-02-28,2024-03-19
PO00907,2023-05-04,SUP10,SKU0046,WH05,1999,38.94,2023-05-19,2023-05-24
PO00908,2024-04-20,SUP07,SKU0044,WH04,3175,133.8,2024-05-01,2024-04-30
PO00909,2023-05-01,SUP08,SKU0075,WH05,2115,107.76,2023-05-24,2023-05-23
PO00910,2024-06-24,SUP03,SKU0004,WH01,1752,78.68,2024-06-30,2024-07-08
PO00911,2023-10-28,SUP06,SKU0014,WH05,1151,70.36,2023-11-06,2023-11-06
PO00912,2023-12-08,SUP09,SKU0006,WH02,3631,73.87,2024-01-05,2024-01-07
PO00913,2024-03-15,SUP05,SKU0064,WH04,1550,186.49,2024-04-13,2024-04-12
PO00914,2024-02-04,SUP04,SKU0006,WH05,694,94.59,2024-02-18,2024-02-17
PO00915,2023-05-19,SUP02,SKU0073,WH04,1835,111.44,2023-06-23,2023-06-29
PO00916,2023-09-08,SUP10,SKU0033,WH01,3367,69.84,2023-09-22,2023-09-21
PO00917,2023-05-11,SUP10,SKU0076,WH01,740,160.84,2023-05-28,2023-06-05
PO00918,2024-01-26,SUP06,SKU0016,WH03,3935,161.78,2024-02-08,2024-02-07
PO00919,2023-09-23,SUP06,SKU0018,WH01,3918,119.07,2023-10-01,2023-10-06
PO00920,2024-04-06,SUP04,SKU0023,WH01,2061,13.27,2024-04-16,2024-04-15
PO00921,2024-02-29,SUP06,SKU0091,WH04,3936,78.17,2024-03-10,2024-03-30
PO00922,2024-06-30,SUP02,SKU0033,WH02,3724,53.63,2024-08-04,2024-08-21
PO00923,2024-08-01,SUP02,SKU0062,WH04,1518,63.19,2024-09-05,2024-09-22
PO00924,2023-12-19,SUP01,SKU0028,WH04,1652,105.48,2024-01-05,2024-01-05
PO00925,2024-10-15,SUP02,SKU0075,WH05,2401,131.18,2024-11-20,2024-12-01
PO00926,2023-02-24,SUP05,SKU0034,WH02,3218,51.4,2023-03-22,2023-03-21
PO00927,2023-11-20,SUP05,SKU0048,WH04,2181,66.97,2023-12-18,2024-01-01
PO00928,2023-08-18,SUP05,SKU0026,WH05,1847,156.36,2023-09-18,2023-10-04
PO00929,2023-04-30,SUP07,SKU0029,WH04,3803,116.93,2023-05-07,2023-05-15
PO00930,2023-07-03,SUP09,SKU0011,WH03,135,119.0,2023-08-02,2023-08-01
PO00931,2023-04-18,SUP05,SKU0031,WH04,1056,127.32,2023-05-18,2023-06-06
PO00932,2024-10-15,SUP03,SKU0017,WH04,4911,92.37,2024-10-22,2024-11-10
PO00933,2024-01-01,SUP05,SKU0034,WH02,2092,90.24,2024-01-30,2024-02-19
PO00934,2024-03-02,SUP07,SKU0032,WH05,2848,24.33,2024-03-10,2024-03-07
PO00935,2023-01-21,SUP02,SKU0052,WH03,3079,178.18,2023-02-27,2023-02-27
PO00936,2024-05-14,SUP04,SKU0050,WH04,1640,101.41,2024-05-28,2024-05-27
PO00937,2023-09-05,SUP10,SKU0090,WH02,463,160.76,2023-09-22,2023-09-19
PO00938,2023-09-26,SUP01,SKU0036,WH05,4403,56.52,2023-10-08,2023-10-05
PO00939,2023-12-11,SUP08,SKU0061,WH05,522,21.71,2024-01-02,2023-12-30
PO00940,2024-08-03,SUP05,SKU0054,WH04,1367,137.05,2024-08-29,2024-09-04
PO00941,2024-09-03,SUP10,SKU0093,WH02,4568,173.88,2024-09-17,2024-10-01
PO00942,2023-07-29,SUP08,SKU0061,WH03,3143,124.56,2023-08-17,2023-08-18
PO00943,2023-05-11,SUP01,SKU0034,WH05,1278,116.83,2023-05-23,2023-06-06
PO00944,2023-07-03,SUP06,SKU0015,WH03,69,112.37,2023-07-14,2023-07-12
PO00945,2024-02-07,SUP02,SKU0053,WH01,2466,127.9,2024-03-14,2024-03-11
PO00946,2023-04-16,SUP06,SKU0003,WH02,2040,139.23,2023-04-29,2023-04-27
PO00947,2024-03-23,SUP10,SKU0090,WH04,4212,120.4,2024-04-09,2024-04-06
PO00948,2023-10-12,SUP03,SKU0005,WH03,1611,179.32,2023-10-21,2023-11-10
PO00949,2023-09-08,SUP01,SKU0026,WH03,1082,121.22,2023-09-24,2023-09-23
PO00950,2024-10-23,SUP09,SKU0022,WH02,1424,181.47,2024-11-24,2024-12-12
PO00951,2024-10-04,SUP04,SKU0022,WH03,3365,199.84,2024-10-17,2024-10-15
PO00952,2023-01-24,SUP09,SKU0003,WH04,2725,106.71,2023-02-21,2023-03-01
PO00953,2024-09-03,SUP09,SKU0021,WH01,1690,198.1,2024-10-03,2024-10-01
PO00954,2023-12-04,SUP07,SKU0066,WH04,304,187.1,2023-12-13,2023-12-11
PO00955,2024-02-17,SUP08,SKU0062,WH02,2035,100.17,2024-03-07,2024-03-27
PO00956,2023-08-09,SUP04,SKU0030,WH05,3418,19.42,2023-08-24,2023-08-23
PO00957,2024-05-23,SUP03,SKU0024,WH01,2307,190.14,2024-05-29,2024-05-30
PO00958,2024-12-06,SUP05,SKU0070,WH04,4080,99.82,2025-01-06,2025-01-04
PO00959,2023-09-29,SUP10,SKU0036,WH05,263,191.43,2023-10-15,2023-10-16
PO00960,2023-04-16,SUP05,SKU0068,WH01,1265,100.33,2023-05-16,2023-06-01
PO00961,2024-10-12,SUP03,SKU0007,WH01,2196,65.73,2024-10-20,2024-10-25
PO00962,2023-02-09,SUP05,SKU0030,WH03,3777,126.16,2023-03-11,2023-03-15
PO00963,2023-09-22,SUP07,SKU0056,WH05,1645,140.59,2023-10-03,2023-10-02
PO00964,2023-10-13,SUP07,SKU0072,WH03,4109,134.68,2023-10-22,2023-10-19
PO00965,2023-07-20,SUP02,SKU0040,WH05,4741,134.17,2023-08-26,2023-08-23
PO00966,2024-01-09,SUP10,SKU0086,WH04,1500,143.58,2024-01-26,2024-02-10
PO00967,2023-08-08,SUP01,SKU0047,WH02,1689,157.47,2023-08-20,2023-08-21
PO00968,2024-05-25,SUP03,SKU0006,WH01,1018,104.06,2024-05-31,2024-06-14
PO00969,2024-09-30,SUP01,SKU0045,WH05,1841,121.22,2024-10-15,2024-10-13
PO00970,2024-01-21,SUP06,SKU0005,WH04,2010,169.36,2024-02-02,2024-02-03
PO00971,2023-01-31,SUP03,SKU0013,WH04,1880,156.07,2023-02-09,2023-02-07
PO00972,2023-05-28,SUP04,SKU0025,WH05,4193,193.42,2023-06-10,2023-06-11
PO00973,2023-02-01,SUP05,SKU0075,WH04,765,13.83,2023-02-28,2023-03-17
PO00974,2024-07-23,SUP10,SKU0047,WH02,2830,98.17,2024-08-11,2024-08-30
PO00975,2023-11-06,SUP09,SKU0003,WH04,2575,74.74,2023-12-07,2023-12-08
PO00976,2024-06-27,SUP06,SKU0078,WH05,3202,36.39,2024-07-10,2024-07-09
PO00977,2024-12-14,SUP05,SKU0071,WH04,4444,111.07,2025-01-13,2025-01-12
PO00978,2024-07-19,SUP02,SKU0041,WH05,518,126.75,2024-08-24,2024-08-23
PO00979,2023-08-06,SUP03,SKU0011,WH02,731,6.37,2023-08-12,2023-08-15
PO00980,2023-07-05,SUP08,SKU0067,WH01,2076,47.4,2023-07-25,2023-07-26
PO00981,2023-08-28,SUP01,SKU0029,WH04,2549,174.73,2023-09-09,2023-09-28
PO00982,2024-05-05,SUP10,SKU0028,WH05,1067,141.98,2024-05-22,2024-05-21
PO00983,2023-07-06,SUP01,SKU0004,WH02,3228,106.05,2023-07-23,2023-07-29
PO00984,2023-09-05,SUP10,SKU0084,WH03,3809,77.13,2023-09-23,2023-09-20
PO00985,2023-06-08,SUP04,SKU0032,WH02,4655,175.2,2023-06-20,2023-07-07
PO00986,2023-05-10,SUP01,SKU0029,WH01,1713,188.76,2023-05-27,2023-06-14
PO00987,2024-01-26,SUP04,SKU0018,WH04,1585,184.11,2024-02-10,2024-02-07
PO00988,2023-07-26,SUP09,SKU0010,WH05,3457,89.01,2023-08-28,2023-09-14
PO00989,2024-04-04,SUP03,SKU0010,WH01,3064,24.62,2024-04-13,2024-04-14
PO00990,2023-10-18,SUP10,SKU0098,WH05,2661,57.38,2023-11-01,2023-10-29
PO00991,2024-08-19,SUP03,SKU0024,WH04,4830,68.08,2024-08-29,2024-08-29
PO00992,2023-12-12,SUP10,SKU0032,WH01,1613,169.94,2023-12-31,2023-12-28
PO00993,2023-01-07,SUP01,SKU0034,WH02,2326,1.91,2023-01-22,2023-01-20
PO00994,2024-11-28,SUP09,SKU0007,WH04,1765,131.34,2024-12-30,2024-12-28
PO00995,2024-09-03,SUP09,SKU0017,WH02,362,128.83,2024-10-05,2024-10-03
PO00996,2023-09-26,SUP06,SKU0100,WH04,1851,179.86,2023-10-08,2023-10-18
PO00997,2024-10-25,SUP01,SKU0014,WH05,2380,0.61,2024-11-08,2024-11-07
PO00998,2023-04-05,SUP07,SKU0045,WH01,216,127.59,2023-04-15,2023-04-16
PO00999,2023-12-18,SUP02,SKU0063,WH03,1592,158.93,2024-01-20,2024-01-19
PO01000,2023-07-23,SUP10,SKU0082,WH04,2991,139.4,2023-08-11,2023-08-11
PO01001,2024-06-26,SUP06,SKU0096,WH03,401,66.36,2024-07-04,2024-07-01
PO01002,2023-03-08,SUP03,SKU0016,WH05,4299,191.02,2023-03-17,2023-03-15
PO01003,2023-09-12,SUP10,SKU0098,WH03,4775,140.75,2023-10-01,2023-09-28
PO01004,2023-09-20,SUP07,SKU0060,WH01,3632,137.64,2023-09-29,2023-09-30
PO01005,2024-06-06,SUP01,SKU0003,WH05,3092,97.82,2024-06-23,2024-06-22
PO01006,2023-06-17,SUP05,SKU0052,WH05,65,17.7,2023-07-17,2023-07-16
PO01007,2023-04-29,SUP04,SKU0033,WH03,3080,122.59,2023-05-10,2023-05-10
PO01008,2024-12-12,SUP06,SKU0080,WH04,1406,50.31,2024-12-21,2024-12-28
PO01009,2024-09-04,SUP09,SKU0020,WH01,363,10.59,2024-10-02,2024-10-01
PO01010,2023-12-14,SUP09,SKU0008,WH02,749,179.49,2024-01-11,2024-01-08
PO01011,2023-02-08,SUP02,SKU0031,WH02,3933,127.55,2023-03-14,2023-03-14
PO01012,2023-11-03,SUP04,SKU0002,WH03,4019,13.67,2023-11-13,2023-11-14
PO01013,2023-02-09,SUP04,SKU0013,WH04,2960,160.91,2023-02-22,2023-02-21
PO01014,2023-01-10,SUP09,SKU0004,WH04,641,71.72,2023-02-10,2023-02-08
PO01015,2024-07-04,SUP01,SKU0029,WH03,1812,143.61,2024-07-17,2024-07-15
PO01016,2024-08-20,SUP03,SKU0010,WH05,3124,46.82,2024-08-27,2024-08-27
PO01017,2024-12-13,SUP08,SKU0059,WH01,1685,14.46,2025-01-05,2025-01-04
PO01018,2024-10-20,SUP06,SKU0020,WH04,1172,62.12,2024-11-02,2024-10-31
PO01019,2024-11-02,SUP06,SKU0008,WH02,2595,160.79,2024-11-11,2024-11-11
PO01020,2023-01-01,SUP05,SKU0058,WH02,832,4.61,2023-01-30,2023-01-27
PO01021,2024-10-08,SUP08,SKU0057,WH02,2213,159.11,2024-10-30,2024-10-31
PO01022,2023-10-04,SUP05,SKU0054,WH03,669,132.4,2023-11-04,2023-11-04
PO01023,2024-10-19,SUP08,SKU0060,WH04,252,43.57,2024-11-12,2024-11-11
PO01024,2024-01-04,SUP04,SKU0024,WH01,1093,171.46,2024-01-19,2024-01-20
PO01025,2024-04-10,SUP07,SKU0056,WH04,1432,5.83,2024-04-21,2024-04-24
PO01026,2023-09-24,SUP07,SKU0052,WH03,873,25.85,2023-10-05,2023-10-03
PO01027,2024-03-26,SUP08,SKU0073,WH01,457,150.95,2024-04-17,2024-04-18
PO01028,2024-07-01,SUP05,SKU0045,WH03,201,170.84,2024-07-28,2024-08-17
PO01029,2024-09-18,SUP06,SKU0013,WH02,3351,66.32,2024-09-28,2024-09-25
PO01030,2024-10-21,SUP07,SKU0047,WH01,1484,56.19,2024-10-30,2024-11-18
PO01031,2023-07-18,SUP01,SKU0039,WH05,946,101.84,2023-08-03,2023-08-04
PO01032,2023-01-22,SUP04,SKU0019,WH04,4342,84.2,2023-02-01,2023-02-01
PO01033,2023-10-19,SUP05,SKU0042,WH03,1873,172.52,2023-11-19,2023-11-16
PO01034,2023-06-03,SUP03,SKU0023,WH02,2708,56.06,2023-06-09,2023-06-06
PO01035,2024-12-03,SUP05,SKU0070,WH04,291,135.74,2024-12-29,2024-12-27
PO01036,2024-02-07,SUP10,SKU0082,WH05,4137,129.39,2024-02-26,2024-03-02
PO01037,2023-04-25,SUP07,SKU0038,WH01,1295,10.23,2023-05-03,2023-05-01
PO01038,2023-08-04,SUP06,SKU0077,WH01,2654,120.59,2023-08-14,2023-08-18
PO01039,2023-02-16,SUP03,SKU0011,WH03,2108,116.73,2023-02-23,2023-02-22
PO01040,2023-11-27,SUP10,SKU0046,WH04,3673,117.66,2023-12-16,2023-12-15
PO01041,2024-07-24,SUP05,SKU0030,WH05,4334,56.69,2024-08-23,2024-08-30
PO01042,2024-02-11,SUP06,SKU0090,WH03,2503,152.91,2024-02-24,2024-02-25
PO01043,2023-11-09,SUP03,SKU0009,WH02,4421,100.77,2023-11-18,2023-11-15
PO01044,2023-02-25,SUP03,SKU0010,WH02,2366,5.61,2023-03-02,2023-03-02
PO01045,2023-02-28,SUP01,SKU0048,WH01,3980,16.84,2023-03-12,2023-03-14
PO01046,2024-06-01,SUP02,SKU0026,WH02,2159,62.24,2024-07-09,2024-07-06
PO01047,2023-10-08,SUP05,SKU0070,WH04,3850,96.67,2023-11-04,2023-11-24
PO01048,2024-06-09,SUP02,SKU0075,WH01,3155,34.84,2024-07-16,2024-07-30
PO01049,2023-04-18,SUP07,SKU0042,WH04,525,41.41,2023-04-30,2023-05-01
PO01050,2024-05-24,SUP01,SKU0036,WH03,4531,92.53,2024-06-09,2024-06-08
PO01051,2024-01-12,SUP03,SKU0021,WH01,1752,54.37,2024-01-22,2024-02-10
PO01052,2024-06-11,SUP02,SKU0061,WH05,4537,68.06,2024-07-14,2024-07-20
PO01053,2023-11-09,SUP07,SKU0073,WH02,1909,165.97,2023-11-20,2023-11-20
PO01054,2023-08-24,SUP06,SKU0089,WH04,3872,127.46,2023-09-06,2023-09-07
PO01055,2024-02-11,SUP05,SKU0067,WH02,2572,150.61,2024-03-11,2024-03-09
PO01056,2024-04-26,SUP10,SKU0082,WH04,1635,143.91,2024-05-15,2024-05-20
PO01057,2023-08-17,SUP03,SKU0014,WH02,1099,137.68,2023-08-25,2023-08-23
PO01058,2024-06-23,SUP05,SKU0063,WH02,3572,65.27,2024-07-24,2024-07-23
PO01059,2023-03-12,SUP01,SKU0043,WH04,1034,51.84,2023-03-25,2023-03-26
PO01060,2024-10-08,SUP04,SKU0030,WH02,2949,145.59,2024-10-19,2024-10-16
PO01061,2024-10-31,SUP04,SKU0049,WH01,798,113.96,2024-11-10,2024-11-30
PO01062,2024-08-04,SUP08,SKU0060,WH02,4035,101.61,2024-08-25,2024-08-25
PO01063,2023-07-23,SUP03,SKU0001,WH05,1026,85.48,2023-08-02,2023-08-03
PO01064,2024-07-29,SUP05,SKU0034,WH01,1065,54.09,2024-08-25,2024-08-22
PO01065,2024-07-31,SUP09,SKU0020,WH03,3871,63.33,2024-09-01,2024-09-21
PO01066,2024-11-16,SUP04,SKU0012,WH02,2527,59.83,2024-11-27,2024-11-27
PO01067,2023-04-06,SUP05,SKU0062,WH01,4011,170.45,2023-05-04,2023-05-02
PO01068,2024-04-09,SUP01,SKU0007,WH04,2413,150.77,2024-04-24,2024-04-23
PO01069,2024-08-04,SUP04,SKU0022,WH04,918,174.19,2024-08-18,2024-08-19
PO01070,2023-01-26,SUP07,SKU0027,WH01,4847,30.17,2023-02-03,2023-02-02
PO01071,2024-06-08,SUP02,SKU0043,WH04,4693,90.8,2024-07-13,2024-07-25
PO01072,2024-05-16,SUP10,SKU0028,WH03,3910,196.22,2024-05-30,2024-05-30
PO01073,2023-01-23,SUP02,SKU0053,WH01,4187,182.99,2023-03-02,2023-03-14
PO01074,2023-05-02,SUP09,SKU0010,WH05,1039,91.49,2023-06-02,2023-05-31
PO01075,2023-03-18,SUP06,SKU0084,WH02,3901,78.12,2023-03-30,2023-03-27
PO01076,2024-04-24,SUP06,SKU0020,WH01,213,5.81,2024-05-02,2024-04-29
PO01077,2023-05-14,SUP08,SKU0070,WH01,2824,61.51,2023-06-03,2023-06-04
PO01078,2023-06-27,SUP02,SKU0041,WH05,4817,188.54,2023-08-02,2023-07-31
PO01079,2023-02-03,SUP03,SKU0024,WH04,1594,166.0,2023-02-11,2023-02-10
PO01080,2023-04-09,SUP10,SKU0041,WH04,1108,163.21,2023-04-26,2023-04-24
PO01081,2023-05-25,SUP10,SKU0037,WH05,2893,111.88,2023-06-12,2023-06-13
PO01082,2024-05-28,SUP06,SKU0095,WH03,1300,82.35,2024-06-08,2024-06-05
PO01083,2024-01-12,SUP06,SKU0012,WH05,3762,2.14,2024-01-20,2024-01-18
PO01084,2024-04-09,SUP06,SKU0009,WH02,2521,25.9,2024-04-21,2024-05-06
PO01085,2024-12-20,SUP03,SKU0013,WH01,2610,98.11,2024-12-28,2024-12-27
PO01086,2024-05-16,SUP08,SKU0067,WH05,1992,135.06,2024-06-07,2024-06-05
PO01087,2023-07-26,SUP08,SKU0054,WH05,4294,186.18,2023-08-18,2023-08-17
PO01088,2024-04-02,SUP07,SKU0058,WH02,358,77.85,2024-04-10,2024-04-07
PO01089,2024-04-12,SUP10,SKU0037,WH03,2451,121.4,2024-04-30,2024-04-28
PO01090,2024-07-30,SUP05,SKU0028,WH05,1760,48.48,2024-08-29,2024-09-13
PO01091,2024-06-06,SUP05,SKU0061,WH03,1580,177.97,2024-07-07,2024-07-26
PO01092,2023-02-12,SUP02,SKU0053,WH03,3779,64.6,2023-03-22,2023-04-02
PO01093,2023-05-19,SUP03,SKU0006,WH01,4955,13.52,2023-05-27,2023-05-25
PO01094,2023-11-14,SUP06,SKU0018,WH03,2146,160.38,2023-11-23,2023-11-20
PO01095,2024-09-17,SUP04,SKU0049,WH03,2793,92.4,2024-09-29,2024-09-28
PO01096,2024-09-09,SUP09,SKU0023,WH03,4433,83.42,2024-10-07,2024-10-07
PO01097,2024-12-28,SUP04,SKU0037,WH02,3842,177.67,2025-01-07,2025-01-10
PO01098,2024-02-23,SUP05,SKU0028,WH01,1883,189.36,2024-03-22,2024-03-23
PO01099,2023-08-19,SUP09,SKU0011,WH01,433,121.72,2023-09-21,2023-10-01
PO01100,2023-12-13,SUP07,SKU0051,WH05,248,194.35,2023-12-20,2024-01-01
PO01101,2023-01-06,SUP02,SKU0027,WH03,2643,156.56,2023-02-12,2023-02-09
PO01102,2024-10-04,SUP03,SKU0025,WH03,552,134.25,2024-10-13,2024-10-13
PO01103,2024-01-02,SUP06,SKU0095,WH04,1965,100.39,2024-01-14,2024-01-13
PO01104,2024-02-24,SUP03,SKU0015,WH02,3865,25.21,2024-03-05,2024-03-15
PO01105,2024-12-05,SUP08,SKU0070,WH01,3252,148.44,2024-12-24,2024-12-23
PO01106,2024-03-11,SUP02,SKU0072,WH02,2286,33.88,2024-04-18,2024-04-16
PO01107,2024-08-30,SUP01,SKU0021,WH02,1135,169.53,2024-09-13,2024-09-10
PO01108,2023-08-01,SUP08,SKU0051,WH01,2923,169.53,2023-08-23,2023-08-22
PO01109,2024-07-03,SUP02,SKU0066,WH02,1174,88.82,2024-08-06,2024-08-15
PO01110,2023-11-17,SUP10,SKU0079,WH04,3510,4.93,2023-12-06,2023-12-04
PO01111,2024-04-30,SUP08,SKU0052,WH02,2567,194.07,2024-05-24,2024-05-23
PO01112,2024-01-27,SUP09,SKU0017,WH03,4112,177.96,2024-02-24,2024-02-22
PO01113,2023-11-28,SUP06,SKU0012,WH04,706,33.29,2023-12-11,2023-12-24
PO01114,2024-07-15,SUP06,SKU0095,WH04,1809,80.1,2024-07-27,2024-08-08
PO01115,2023-01-30,SUP03,SKU0020,WH02,3759,199.88,2023-02-09,2023-02-10
PO01116,2024-03-05,SUP07,SKU0053,WH04,2202,179.66,2024-03-14,2024-03-14
PO01117,2024-01-16,SUP05,SKU0063,WH01,3234,115.96,2024-02-16,2024-03-02
PO01118,2023-11-03,SUP03,SKU0008,WH02,1178,84.34,2023-11-12,2023-11-12
PO01119,2023-09-30,SUP08,SKU0057,WH04,4156,187.0,2023-10-19,2023-10-16
PO01120,2024-05-17,SUP03,SKU0014,WH05,2717,170.22,2024-05-27,2024-05-27
PO01121,2023-01-10,SUP02,SKU0030,WH05,4068,30.7,2023-02-13,2023-02-19
PO01122,2023-11-09,SUP02,SKU0029,WH02,4728,97.07,2023-12-16,2023-12-13
PO01123,2023-01-17,SUP06,SKU0080,WH01,4175,52.2,2023-01-26,2023-01-26
PO01124,2024-03-26,SUP09,SKU0015,WH04,4082,185.77,2024-04-28,2024-05-18
PO01125,2024-06-08,SUP02,SKU0051,WH01,4422,66.54,2024-07-11,2024-07-11
PO01126,2024-05-20,SUP10,SKU0026,WH03,894,168.18,2024-06-04,2024-06-24
PO01127,2024-03-24,SUP06,SKU0025,WH03,3099,32.77,2024-04-04,2024-04-02
PO01128,2023-05-03,SUP07,SKU0051,WH02,2756,19.95,2023-05-12,2023-05-27
PO01129,2024-08-20,SUP08,SKU0072,WH01,4110,49.34,2024-09-10,2024-09-07
PO01130,2024-06-18,SUP09,SKU0023,WH05,3371,29.14,2024-07-21,2024-07-24
PO01131,2024-01-17,SUP06,SKU0020,WH03,3584,121.29,2024-01-30,2024-02-02
PO01132,2023-05-25,SUP09,SKU0004,WH05,2058,181.84,2023-06-27,2023-06-28
PO01133,2024-06-29,SUP03,SKU0016,WH02,3958,51.35,2024-07-05,2024-07-17
PO01134,2023-12-28,SUP08,SKU0055,WH01,3054,8.09,2024-01-16,2024-01-14
PO01135,2023-10-17,SUP10,SKU0081,WH03,2863,113.86,2023-11-05,2023-11-02
PO01136,2023-10-26,SUP03,SKU0019,WH04,782,165.39,2023-10-31,2023-11-01
PO01137,2024-03-29,SUP05,SKU0053,WH02,2628,159.87,2024-04-27,2024-04-25
PO01138,2023-03-28,SUP08,SKU0072,WH05,4367,131.03,2023-04-19,2023-05-04
PO01139,2024-01-19,SUP03,SKU0009,WH05,419,198.24,2024-01-24,2024-01-22
PO01140,2023-08-01,SUP05,SKU0068,WH01,173,180.51,2023-08-27,2023-08-31
PO01141,2024-06-09,SUP04,SKU0038,WH01,2744,80.66,2024-06-20,2024-06-20
PO01142,2024-04-05,SUP01,SKU0032,WH05,850,174.03,2024-04-18,2024-05-07
PO01143,2023-05-02,SUP01,SKU0031,WH02,2874,85.57,2023-05-19,2023-05-18
PO01144,2023-11-12,SUP01,SKU0045,WH02,2173,165.06,2023-11-28,2023-12-03
PO01145,2024-09-30,SUP07,SKU0037,WH01,255,114.16,2024-10-12,2024-10-13
PO01146,2023-12-14,SUP04,SKU0034,WH05,2801,174.75,2023-12-28,2023-12-27
PO01147,2024-11-11,SUP09,SKU0016,WH03,458,129.23,2024-12-14,2024-12-14
PO01148,2024-08-12,SUP04,SKU0020,WH05,1695,110.38,2024-08-23,2024-08-20
PO01149,2023-02-04,SUP03,SKU0021,WH03,2225,6.51,2023-02-13,2023-02-22
PO01150,2023-12-03,SUP02,SKU0073,WH01,4053,129.97,2024-01-10,2024-01-11
PO01151,2024-07-12,SUP05,SKU0055,WH02,750,108.15,2024-08-08,2024-08-06
PO01152,2023-09-18,SUP02,SKU0070,WH02,3809,143.4,2023-10-26,2023-11-06
PO01153,2023-05-14,SUP01,SKU0033,WH01,2431,80.1,2023-05-31,2023-06-12
PO01154,2023-06-14,SUP01,SKU0038,WH02,3821,192.94,2023-06-30,2023-07-01
PO01155,2024-03-26,SUP09,SKU0004,WH01,2361,6.64,2024-04-28,2024-04-28
PO01156,2024-10-12,SUP07,SKU0031,WH02,2600,177.84,2024-10-21,2024-10-22
PO01157,2023-02-24,SUP10,SKU0099,WH05,882,39.48,2023-03-13,2023-03-10
PO01158,2024-05-16,SUP07,SKU0072,WH03,2691,1.02,2024-05-26,2024-06-07
PO01159,2024-08-25,SUP07,SKU0037,WH03,1565,43.29,2024-09-06,2024-09-06
PO01160,2024-06-14,SUP01,SKU0021,WH03,4610,17.06,2024-07-01,2024-07-02
PO01161,2023-03-16,SUP10,SKU0085,WH03,2419,164.56,2023-04-03,2023-03-31
PO01162,2024-08-24,SUP05,SKU0059,WH05,266,94.93,2024-09-23,2024-09-21
PO01163,2024-08-22,SUP04,SKU0039,WH02,3624,95.87,2024-09-05,2024-09-04
PO01164,2023-07-04,SUP05,SKU0073,WH03,3741,188.56,2023-08-03,2023-08-16
PO01165,2024-08-08,SUP08,SKU0057,WH04,544,97.64,2024-08-28,2024-08-27
PO01166,2023-02-27,SUP07,SKU0047,WH03,711,169.72,2023-03-07,2023-03-07
PO01167,2024-05-20,SUP01,SKU0048,WH04,4878,48.6,2024-06-01,2024-05-29
PO01168,2024-06-12,SUP01,SKU0046,WH03,4952,85.25,2024-06-25,2024-06-30
PO01169,2023-02-27,SUP06,SKU0023,WH02,2197,3.88,2023-03-11,2023-03-12
PO01170,2023-03-03,SUP02,SKU0034,WH04,2095,107.19,2023-04-07,2023-04-07
PO01171,2024-04-14,SUP08,SKU0066,WH04,1585,81.14,2024-05-08,2024-05-21
PO01172,2024-03-08,SUP07,SKU0059,WH02,3801,57.92,2024-03-19,2024-03-19
PO01173,2024-05-07,SUP01,SKU0003,WH04,2231,106.48,2024-05-20,2024-05-17
PO01174,2023-01-30,SUP04,SKU0006,WH04,3067,17.24,2023-02-09,2023-02-10
PO01175,2023-01-04,SUP06,SKU0091,WH05,1257,79.08,2023-01-15,2023-01-16
PO01176,2024-03-07,SUP05,SKU0068,WH02,3603,150.54,2024-04-02,2024-04-07
PO01177,2024-02-23,SUP09,SKU0016,WH01,286,91.17,2024-03-26,2024-03-26
PO01178,2024-05-26,SUP04,SKU0019,WH03,2329,12.0,2024-06-05,2024-06-05
PO01179,2023-08-28,SUP03,SKU0013,WH01,878,192.03,2023-09-07,2023-09-06
PO01180,2024-07-24,SUP07,SKU0030,WH05,3745,39.8,2024-07-31,2024-08-20
PO01181,2024-07-15,SUP04,SKU0038,WH03,1985,90.77,2024-07-29,2024-08-02
PO01182,2023-02-12,SUP04,SKU0003,WH05,2835,20.78,2023-02-26,2023-03-04
PO01183,2023-01-18,SUP08,SKU0061,WH04,2010,140.28,2023-02-11,2023-02-11
PO01184,2024-05-19,SUP05,SKU0046,WH03,3652,102.1,2024-06-17,2024-06-17
PO01185,2024-05-07,SUP07,SKU0036,WH03,1964,12.28,2024-05-19,2024-05-26
PO01186,2024-07-31,SUP05,SKU0056,WH01,3685,59.57,2024-08-30,2024-08-31
PO01187,2023-09-26,SUP09,SKU0007,WH03,3072,59.95,2023-10-24,2023-11-08
PO01188,2024-05-15,SUP05,SKU0029,WH01,2708,106.74,2024-06-11,2024-06-09
PO01189,2023-01-06,SUP10,SKU0033,WH02,3584,138.37,2023-01-25,2023-01-23
PO01190,2024-11-15,SUP10,SKU0076,WH02,1360,187.21,2024-11-29,2024-11-28
PO01191,2024-11-02,SUP06,SKU0097,WH03,114,99.5,2024-11-13,2024-11-10
PO01192,2024-02-13,SUP07,SKU0054,WH02,1164,55.92,2024-02-21,2024-02-20
PO01193,2024-06-28,SUP01,SKU0017,WH01,2089,22.28,2024-07-15,2024-07-14
PO01194,2023-06-11,SUP05,SKU0045,WH02,680,180.73,2023-07-11,2023-07-11
PO01195,2024-05-13,SUP09,SKU0009,WH02,2573,195.67,2024-06-14,2024-06-13
PO01196,2024-02-14,SUP06,SKU0002,WH01,543,15.5,2024-02-26,2024-03-14
PO01197,2024-08-24,SUP06,SKU0080,WH03,2392,73.74,2024-09-03,2024-09-02
PO01198,2024-07-26,SUP07,SKU0072,WH02,3163,192.6,2024-08-06,2024-08-03
PO01199,2023-05-22,SUP02,SKU0069,WH05,3480,64.24,2023-06-26,2023-06-25
PO01200,2023-01-01,SUP06,SKU0079,WH04,62,1.05,2023-01-10,2023-01-09
PO01201,2023-04-16,SUP03,SKU0020,WH05,3546,114.66,2023-04-22,2023-04-26
PO01202,2024-06-19,SUP09,SKU0004,WH03,551,60.61,2024-07-22,2024-07-23
PO01203,2023-08-21,SUP07,SKU0060,WH05,907,181.82,2023-08-29,2023-08-30
PO01204,2023-08-28,SUP06,SKU0077,WH04,4914,139.78,2023-09-05,2023-09-02
PO01205,2024-05-29,SUP09,SKU0011,WH03,3019,6.1,2024-06-30,2024-06-27
PO01206,2023-02-24,SUP04,SKU0049,WH03,4161,153.12,2023-03-11,2023-03-08
PO01207,2023-03-23,SUP04,SKU0023,WH05,4419,159.92,2023-04-05,2023-04-05
PO01208,2023-02-18,SUP04,SKU0037,WH03,3125,49.02,2023-03-02,2023-03-10
PO01209,2024-01-09,SUP08,SKU0060,WH05,2807,20.98,2024-01-30,2024-01-28
PO01210,2024-09-15,SUP10,SKU0030,WH03,805,122.69,2024-09-29,2024-10-17
PO01211,2024-08-13,SUP04,SKU0047,WH01,3934,47.88,2024-08-25,2024-09-11
PO01212,2023-08-22,SUP07,SKU0057,WH05,4094,99.57,2023-09-01,2023-09-01
PO01213,2024-01-12,SUP04,SKU0031,WH04,1418,113.68,2024-01-26,2024-01-26
PO01214,2024-09-26,SUP07,SKU0042,WH04,1820,169.29,2024-10-05,2024-10-05
PO01215,2023-12-17,SUP01,SKU0022,WH03,2567,106.6,2023-12-30,2024-01-03
PO01216,2023-03-19,SUP09,SKU0015,WH04,2326,23.99,2023-04-17,2023-05-04
PO01217,2023-05-30,SUP04,SKU0029,WH04,3093,108.36,2023-06-14,2023-06-14
PO01218,2023-07-25,SUP06,SKU0079,WH01,2293,36.88,2023-08-06,2023-08-20
PO01219,2023-05-01,SUP01,SKU0031,WH05,459,139.32,2023-05-13,2023-05-14
PO01220,2023-11-13,SUP01,SKU0040,WH04,2929,86.62,2023-11-29,2023-12-19
PO01221,2024-11-28,SUP09,SKU0015,WH04,2341,12.97,2024-12-27,2025-01-02
PO01222,2023-06-08,SUP04,SKU0019,WH01,4152,66.37,2023-06-22,2023-06-21
PO01223,2024-12-09,SUP02,SKU0069,WH02,4324,117.06,2025-01-12,2025-01-30
PO01224,2024-03-18,SUP09,SKU0020,WH04,644,36.75,2024-04-17,2024-04-15
PO01225,2023-09-08,SUP06,SKU0079,WH01,2979,151.8,2023-09-21,2023-10-09
PO01226,2024-05-12,SUP10,SKU0082,WH02,897,149.94,2024-05-27,2024-05-24
PO01227,2024-12-26,SUP05,SKU0052,WH05,1019,45.1,2025-01-24,2025-02-12
PO01228,2023-07-11,SUP07,SKU0038,WH03,686,119.24,2023-07-22,2023-07-19
PO01229,2024-10-20,SUP10,SKU0045,WH03,334,174.5,2024-11-07,2024-11-08
PO01230,2024-02-08,SUP03,SKU0018,WH04,3019,165.98,2024-02-15,2024-02-16
PO01231,2024-10-22,SUP07,SKU0068,WH01,78,166.12,2024-11-01,2024-11-02
PO01232,2023-04-23,SUP04,SKU0007,WH01,3850,82.14,2023-05-04,2023-05-02
PO01233,2024-02-28,SUP08,SKU0055,WH02,383,116.63,2024-03-20,2024-03-19
PO01234,2023-09-02,SUP02,SKU0073,WH05,4251,140.13,2023-10-07,2023-10-07
PO01235,2023-12-06,SUP05,SKU0046,WH03,887,116.83,2024-01-06,2024-01-21
PO01236,2023-10-23,SUP01,SKU0005,WH04,4100,65.81,2023-11-09,2023-11-07
PO01237,2023-08-07,SUP03,SKU0003,WH04,4237,87.8,2023-08-13,2023-08-17
PO01238,2024-05-03,SUP08,SKU0072,WH03,3193,153.88,2024-05-24,2024-05-23
PO01239,2024-06-27,SUP04,SKU0004,WH04,1202,157.7,2024-07-11,2024-07-10
PO01240,2024-08-28,SUP04,SKU0049,WH01,3960,124.17,2024-09-12,2024-09-29
PO01241,2024-05-10,SUP02,SKU0058,WH04,3746,92.94,2024-06-16,2024-06-16
PO01242,2023-08-23,SUP09,SKU0012,WH05,2132,88.26,2023-09-22,2023-09-20
PO01243,2024-05-08,SUP05,SKU0039,WH01,182,140.39,2024-06-05,2024-06-14
PO01244,2023-05-16,SUP04,SKU0020,WH05,2794,56.36,2023-05-31,2023-06-13
PO01245,2024-04-01,SUP05,SKU0066,WH02,1119,131.76,2024-04-28,2024-05-14
PO01246,2024-08-04,SUP02,SKU0037,WH01,4178,25.89,2024-09-08,2024-09-08
PO01247,2023-12-01,SUP02,SKU0028,WH05,232,168.85,2024-01-08,2024-01-09
PO01248,2024-01-30,SUP06,SKU0012,WH05,3349,77.61,2024-02-08,2024-02-08
PO01249,2024-01-03,SUP05,SKU0066,WH04,3731,55.76,2024-02-03,2024-02-01
PO01250,2024-04-05,SUP06,SKU0078,WH02,1766,34.22,2024-04-13,2024-04-12
PO01251,2024-05-16,SUP09,SKU0014,WH01,3807,35.52,2024-06-18,2024-06-18
PO01252,2024-01-23,SUP02,SKU0048,WH01,4983,32.07,2024-02-27,2024-02-26
PO01253,2024-01-17,SUP09,SKU0005,WH03,403,104.95,2024-02-18,2024-02-17
PO01254,2024-03-21,SUP03,SKU0008,WH02,475,164.08,2024-03-27,2024-03-26
PO01255,2023-05-08,SUP08,SKU0051,WH01,3624,84.82,2023-05-29,2023-05-27
PO01256,2024-02-14,SUP02,SKU0065,WH01,1887,50.17,2024-03-22,2024-03-20
PO01257,2023-04-16,SUP05,SKU0052,WH05,127,115.66,2023-05-13,2023-05-30
PO01258,2023-11-05,SUP07,SKU0038,WH02,938,107.22,2023-11-16,2023-11-15
PO01259,2024-05-20,SUP10,SKU0080,WH05,3987,195.82,2024-06-03,2024-06-04
PO01260,2023-04-28,SUP09,SKU0001,WH03,4301,28.42,2023-05-31,2023-05-29
PO01261,2023-04-18,SUP08,SKU0071,WH01,2257,78.44,2023-05-12,2023-05-13
PO01262,2023-11-12,SUP10,SKU0042,WH05,3464,127.04,2023-11-26,2023-11-24
PO01263,2023-01-03,SUP08,SKU0059,WH03,1657,170.99,2023-01-22,2023-01-22
PO01264,2023-05-26,SUP02,SKU0063,WH03,1372,60.43,2023-07-01,2023-07-05
PO01265,2023-04-01,SUP01,SKU0037,WH01,152,126.67,2023-04-13,2023-04-14
PO01266,2024-10-31,SUP05,SKU0050,WH04,1498,25.92,2024-11-26,2024-12-15
PO01267,2023-11-05,SUP01,SKU0020,WH01,967,84.28,2023-11-18,2023-11-25
PO01268,2023-05-20,SUP01,SKU0008,WH01,2718,98.78,2023-06-06,2023-06-06
PO01269,2024-10-30,SUP05,SKU0031,WH03,3725,184.71,2024-11-30,2024-11-30
PO01270,2023-02-04,SUP01,SKU0012,WH03,3575,181.79,2023-02-19,2023-02-16
PO01271,2023-05-21,SUP04,SKU0043,WH02,2059,6.8,2023-06-01,2023-05-31
PO01272,2024-06-12,SUP06,SKU0020,WH04,268,175.04,2024-06-23,2024-06-20
PO01273,2024-01-11,SUP10,SKU0038,WH04,503,155.52,2024-01-25,2024-02-03
PO01274,2024-06-11,SUP10,SKU0038,WH03,4613,119.13,2024-06-28,2024-07-13
PO01275,2024-05-09,SUP04,SKU0008,WH05,4651,38.0,2024-05-23,2024-05-21
PO01276,2023-11-17,SUP02,SKU0056,WH04,1369,156.77,2023-12-25,2023-12-30
PO01277,2024-06-26,SUP01,SKU0050,WH04,832,151.42,2024-07-08,2024-07-07
PO01278,2023-06-16,SUP06,SKU0001,WH01,281,82.51,2023-06-28,2023-06-26
PO01279,2024-08-01,SUP09,SKU0020,WH01,4772,191.6,2024-09-02,2024-09-03
PO01280,2023-07-23,SUP07,SKU0049,WH02,1458,48.38,2023-07-31,2023-07-29
PO01281,2023-01-21,SUP01,SKU0009,WH01,4594,181.71,2023-02-05,2023-02-03
PO01282,2023-07-23,SUP05,SKU0075,WH03,3547,175.86,2023-08-21,2023-08-30
PO01283,2024-12-16,SUP06,SKU0006,WH05,55,173.73,2024-12-24,2024-12-24
PO01284,2023-03-22,SUP02,SKU0050,WH02,4189,72.17,2023-04-27,2023-04-28
PO01285,2023-01-31,SUP10,SKU0084,WH05,3042,38.29,2023-02-18,2023-02-21
PO01286,2024-03-08,SUP07,SKU0075,WH01,2330,157.76,2024-03-19,2024-03-20
PO01287,2024-01-10,SUP07,SKU0073,WH03,4874,82.33,2024-01-21,2024-01-28
PO01288,2024-09-15,SUP05,SKU0040,WH02,1924,168.59,2024-10-12,2024-10-10
PO01289,2023-06-26,SUP07,SKU0040,WH01,3724,12.4,2023-07-04,2023-07-01
PO01290,2023-07-30,SUP07,SKU0065,WH02,4527,11.55,2023-08-09,2023-08-07
PO01291,2023-09-30,SUP03,SKU0018,WH02,4894,167.91,2023-10-08,2023-10-05
PO01292,2023-10-14,SUP02,SKU0058,WH05,2179,8.62,2023-11-19,2023-12-05
PO01293,2023-07-28,SUP05,SKU0066,WH01,4197,151.43,2023-08-24,2023-08-24
PO01294,2023-07-06,SUP08,SKU0058,WH03,2374,124.49,2023-07-27,2023-07-26
PO01295,2024-02-03,SUP02,SKU0052,WH01,4786,56.73,2024-03-12,2024-03-22
PO01296,2023-08-05,SUP04,SKU0013,WH02,1803,197.2,2023-08-16,2023-08-15
PO01297,2024-09-14,SUP07,SKU0055,WH03,2477,41.28,2024-09-25,2024-10-03
PO01298,2023-03-24,SUP04,SKU0001,WH03,643,173.69,2023-04-08,2023-04-09
PO01299,2024-06-20,SUP01,SKU0022,WH05,2481,145.32,2024-07-03,2024-06-30
PO01300,2024-08-17,SUP08,SKU0072,WH03,423,77.77,2024-09-09,2024-09-06
PO01301,2023-09-20,SUP08,SKU0075,WH04,2499,81.99,2023-10-12,2023-10-24
PO01302,2024-07-29,SUP07,SKU0041,WH05,2560,66.38,2024-08-07,2024-08-16
PO01303,2023-05-04,SUP06,SKU0084,WH03,2811,169.68,2023-05-16,2023-05-16
PO01304,2024-07-20,SUP04,SKU0043,WH04,1588,156.07,2024-08-04,2024-08-02
PO01305,2024-03-19,SUP10,SKU0092,WH05,4523,139.11,2024-04-07,2024-04-05
PO01306,2023-09-05,SUP06,SKU0076,WH04,1227,6.55,2023-09-16,2023-09-17
PO01307,2023-10-13,SUP03,SKU0014,WH01,1958,132.67,2023-10-21,2023-10-22
PO01308,2024-12-09,SUP06,SKU0006,WH02,3637,167.53,2024-12-17,2024-12-17
PO01309,2023-12-28,SUP08,SKU0058,WH01,2746,114.21,2024-01-17,2024-01-16
PO01310,2023-10-27,SUP10,SKU0033,WH01,713,55.73,2023-11-10,2023-11-11
PO01311,2023-04-08,SUP10,SKU0078,WH04,2608,144.84,2023-04-25,2023-04-24
PO01312,2023-06-01,SUP06,SKU0015,WH01,238,162.14,2023-06-12,2023-06-18
PO01313,2023-04-06,SUP03,SKU0025,WH01,2156,167.54,2023-04-11,2023-04-16
PO01314,2023-11-02,SUP06,SKU0092,WH03,4325,9.32,2023-11-13,2023-11-11
PO01315,2023-10-14,SUP02,SKU0055,WH05,3392,37.53,2023-11-17,2023-11-16
PO01316,2024-08-20,SUP03,SKU0019,WH03,1836,175.09,2024-08-25,2024-08-25
PO01317,2024-11-11,SUP07,SKU0036,WH01,1862,71.76,2024-11-23,2024-11-21
PO01318,2024-02-20,SUP05,SKU0048,WH04,2647,81.53,2024-03-22,2024-03-20
PO01319,2024-06-26,SUP07,SKU0061,WH04,4653,112.22,2024-07-08,2024-07-09
PO01320,2024-07-14,SUP02,SKU0048,WH05,1207,39.33,2024-08-17,2024-08-18
PO01321,2023-01-23,SUP10,SKU0043,WH04,3736,30.4,2023-02-09,2023-02-08
PO01322,2023-10-23,SUP07,SKU0062,WH04,2426,140.46,2023-11-01,2023-11-02
PO01323,2023-07-11,SUP04,SKU0024,WH05,1254,176.32,2023-07-26,2023-07-26
PO01324,2024-10-13,SUP09,SKU0014,WH04,4691,9.65,2024-11-12,2024-11-15
PO01325,2024-09-19,SUP04,SKU0011,WH02,305,115.26,2024-09-30,2024-10-09
PO01326,2024-05-04,SUP03,SKU0023,WH03,2593,132.54,2024-05-14,2024-05-18
PO01327,2023-03-17,SUP09,SKU0012,WH04,2786,3.17,2023-04-15,2023-04-23
PO01328,2023-01-08,SUP06,SKU0004,WH03,3312,19.33,2023-01-16,2023-01-16
PO01329,2024-02-16,SUP08,SKU0072,WH04,4260,31.71,2024-03-10,2024-03-07
PO01330,2023-06-02,SUP10,SKU0094,WH02,4420,164.55,2023-06-19,2023-06-16
PO01331,2023-05-18,SUP06,SKU0082,WH05,3538,32.48,2023-05-29,2023-05-28
PO01332,2024-08-04,SUP08,SKU0056,WH03,2447,49.77,2024-08-28,2024-09-12
PO01333,2023-08-31,SUP01,SKU0020,WH02,282,109.06,2023-09-15,2023-09-12
PO01334,2024-03-07,SUP09,SKU0010,WH01,1918,72.08,2024-04-06,2024-04-04
PO01335,2023-06-14,SUP09,SKU0020,WH05,3406,36.22,2023-07-17,2023-08-03
PO01336,2024-05-25,SUP10,SKU0084,WH05,903,176.46,2024-06-08,2024-06-25
PO01337,2024-07-02,SUP02,SKU0069,WH02,4910,189.4,2024-08-04,2024-08-24
PO01338,2023-08-27,SUP05,SKU0057,WH03,1611,40.52,2023-09-25,2023-10-15
PO01339,2023-07-22,SUP10,SKU0096,WH05,1273,131.72,2023-08-09,2023-08-09
PO01340,2024-03-29,SUP10,SKU0078,WH01,1097,104.14,2024-04-16,2024-04-19
PO01341,2024-06-15,SUP10,SKU0046,WH03,3951,154.03,2024-07-01,2024-07-14
PO01342,2024-08-26,SUP03,SKU0002,WH02,2082,141.78,2024-09-01,2024-08-29
PO01343,2024-05-29,SUP06,SKU0077,WH05,568,25.76,2024-06-07,2024-06-07
PO01344,2023-09-28,SUP07,SKU0058,WH05,4302,107.69,2023-10-05,2023-10-06
PO01345,2023-04-07,SUP10,SKU0086,WH05,3871,118.53,2023-04-24,2023-04-28
PO01346,2024-07-07,SUP01,SKU0050,WH03,2166,60.33,2024-07-22,2024-07-21
PO01347,2024-04-08,SUP10,SKU0043,WH05,794,48.03,2024-04-25,2024-04-23
PO01348,2024-08-13,SUP06,SKU0023,WH05,4120,98.18,2024-08-22,2024-08-23
PO01349,2023-04-13,SUP10,SKU0027,WH05,4458,144.87,2023-04-29,2023-04-28
PO01350,2023-04-15,SUP08,SKU0061,WH02,2437,10.08,2023-05-06,2023-05-07
PO01351,2024-07-07,SUP01,SKU0005,WH04,593,32.24,2024-07-19,2024-07-23
PO01352,2023-10-20,SUP08,SKU0056,WH01,665,59.72,2023-11-10,2023-11-09
PO01353,2024-10-31,SUP05,SKU0032,WH05,2464,45.42,2024-11-28,2024-12-02
PO01354,2023-02-10,SUP05,SKU0050,WH04,1143,52.89,2023-03-10,2023-03-09
PO01355,2023-11-08,SUP10,SKU0034,WH02,128,195.31,2023-11-22,2023-11-21
PO01356,2023-10-26,SUP04,SKU0050,WH03,3342,166.19,2023-11-08,2023-11-09
PO01357,2023-05-09,SUP10,SKU0038,WH05,3086,136.92,2023-05-28,2023-06-11
PO01358,2024-05-26,SUP07,SKU0056,WH03,2888,109.7,2024-06-07,2024-06-26
PO01359,2023-04-27,SUP04,SKU0025,WH04,4564,6.89,2023-05-12,2023-05-11
PO01360,2023-12-06,SUP01,SKU0012,WH02,1940,92.15,2023-12-22,2023-12-19
PO01361,2023-03-04,SUP09,SKU0012,WH03,870,163.18,2023-04-04,2023-04-04
PO01362,2024-04-14,SUP08,SKU0073,WH02,2686,26.88,2024-05-07,2024-05-16
PO01363,2023-06-30,SUP02,SKU0035,WH01,92,40.46,2023-08-07,2023-08-04
PO01364,2023-10-04,SUP09,SKU0022,WH02,290,85.31,2023-11-04,2023-11-02
PO01365,2024-04-24,SUP08,SKU0070,WH04,4754,50.19,2024-05-17,2024-05-18
PO01366,2024-10-16,SUP04,SKU0014,WH01,926,56.47,2024-10-29,2024-10-26
PO01367,2024-02-08,SUP09,SKU0022,WH01,408,195.61,2024-03-12,2024-03-10
PO01368,2023-07-28,SUP08,SKU0070,WH05,456,151.18,2023-08-16,2023-08-16
PO01369,2023-03-20,SUP04,SKU0010,WH01,982,43.1,2023-03-31,2023-03-28
PO01370,2024-10-02,SUP02,SKU0028,WH02,1009,175.83,2024-11-04,2024-11-04
PO01371,2024-08-29,SUP04,SKU0028,WH04,3260,39.39,2024-09-08,2024-09-21
PO01372,2024-04-01,SUP06,SKU0021,WH03,2077,183.39,2024-04-14,2024-04-20
PO01373,2023-02-05,SUP05,SKU0064,WH05,584,96.08,2023-03-06,2023-03-06
PO01374,2023-02-01,SUP03,SKU0004,WH02,1789,60.36,2023-02-08,2023-02-14
PO01375,2024-02-01,SUP10,SKU0044,WH05,4935,64.99,2024-02-19,2024-02-17
PO01376,2024-06-05,SUP05,SKU0057,WH02,3803,29.26,2024-07-01,2024-06-30
PO01377,2024-10-20,SUP09,SKU0004,WH02,3981,98.28,2024-11-19,2024-12-04
PO01378,2023-04-16,SUP07,SKU0041,WH05,3659,134.96,2023-04-24,2023-04-22
PO01379,2023-08-25,SUP01,SKU0017,WH03,2297,78.39,2023-09-10,2023-09-08
PO01380,2023-01-22,SUP08,SKU0068,WH04,2181,137.12,2023-02-11,2023-02-28
PO01381,2024-12-01,SUP06,SKU0078,WH05,2791,48.35,2024-12-11,2024-12-12
PO01382,2023-06-08,SUP07,SKU0032,WH03,4389,47.2,2023-06-20,2023-07-09
PO01383,2024-01-11,SUP05,SKU0028,WH01,2396,183.79,2024-02-10,2024-02-19
PO01384,2023-08-18,SUP05,SKU0063,WH03,3956,55.11,2023-09-17,2023-09-16
PO01385,2023-07-28,SUP06,SKU0085,WH05,567,16.94,2023-08-08,2023-08-08
PO01386,2023-02-24,SUP09,SKU0013,WH05,538,98.29,2023-03-27,2023-03-29
PO01387,2023-09-09,SUP08,SKU0073,WH04,2046,102.34,2023-10-02,2023-10-06
PO01388,2023-04-17,SUP04,SKU0025,WH02,3375,16.98,2023-05-02,2023-04-29
PO01389,2023-05-02,SUP10,SKU0092,WH05,3096,52.4,2023-05-21,2023-05-21
PO01390,2023-10-08,SUP10,SKU0028,WH04,1737,118.84,2023-10-26,2023-10-23
PO01391,2024-05-22,SUP08,SKU0069,WH02,1433,27.64,2024-06-11,2024-06-12
PO01392,2023-12-27,SUP09,SKU0006,WH05,4854,143.49,2024-01-25,2024-01-25
PO01393,2023-01-12,SUP05,SKU0058,WH01,2382,8.43,2023-02-11,2023-02-09
PO01394,2024-11-20,SUP02,SKU0056,WH03,2878,88.38,2024-12-28,2024-12-29
PO01395,2024-02-10,SUP03,SKU0025,WH04,354,116.55,2024-02-20,2024-02-17
PO01396,2024-11-21,SUP08,SKU0069,WH02,4946,6.95,2024-12-11,2024-12-12
PO01397,2023-12-05,SUP03,SKU0003,WH05,1274,170.88,2023-12-15,2023-12-14
PO01398,2023-03-15,SUP05,SKU0043,WH05,71,160.57,2023-04-12,2023-04-26
PO01399,2023-04-27,SUP08,SKU0064,WH05,2371,78.22,2023-05-20,2023-05-19
PO01400,2023-12-10,SUP05,SKU0046,WH02,1161,53.11,2024-01-09,2024-01-20
PO01401,2024-08-26,SUP03,SKU0008,WH01,289,169.28,2024-08-31,2024-09-01
PO01402,2024-11-17,SUP08,SKU0060,WH01,1806,116.33,2024-12-07,2024-12-05
PO01403,2023-06-06,SUP03,SKU0016,WH03,1385,192.94,2023-06-11,2023-06-09
PO01404,2024-10-03,SUP07,SKU0058,WH05,913,180.72,2024-10-12,2024-10-11
PO01405,2023-12-28,SUP03,SKU0004,WH05,3846,3.11,2024-01-03,2024-01-05
PO01406,2024-01-20,SUP01,SKU0012,WH05,1586,193.22,2024-02-05,2024-02-04
PO01407,2024-06-29,SUP10,SKU0100,WH03,587,25.2,2024-07-14,2024-07-15
PO01408,2023-04-13,SUP08,SKU0053,WH01,1624,88.89,2023-05-06,2023-05-05
PO01409,2023-08-26,SUP09,SKU0003,WH04,1902,113.36,2023-09-24,2023-09-23
PO01410,2024-09-18,SUP09,SKU0001,WH04,4839,196.8,2024-10-19,2024-10-17
PO01411,2023-11-08,SUP07,SKU0026,WH02,4071,55.68,2023-11-19,2023-11-27
PO01412,2023-12-24,SUP10,SKU0050,WH02,1306,47.41,2024-01-12,2024-01-17
PO01413,2023-05-22,SUP05,SKU0061,WH03,1805,179.83,2023-06-22,2023-07-08
PO01414,2024-10-22,SUP05,SKU0039,WH01,1871,197.91,2024-11-19,2024-11-18
PO01415,2023-03-09,SUP10,SKU0038,WH02,4674,20.06,2023-03-26,2023-03-27
PO01416,2023-12-04,SUP01,SKU0039,WH03,1379,187.16,2023-12-20,2023-12-20
PO01417,2024-09-30,SUP02,SKU0047,WH04,3983,89.43,2024-11-07,2024-11-05
PO01418,2023-06-12,SUP08,SKU0071,WH05,2748,120.03,2023-07-02,2023-07-02
PO01419,2024-12-31,SUP01,SKU0008,WH03,4422,38.54,2025-01-16,2025-01-30
PO01420,2024-11-21,SUP02,SKU0029,WH04,795,56.05,2024-12-28,2024-12-28
PO01421,2023-06-25,SUP05,SKU0055,WH01,4337,156.1,2023-07-25,2023-07-22
PO01422,2024-03-12,SUP04,SKU0030,WH01,3642,9.37,2024-03-25,2024-04-12
PO01423,2023-08-12,SUP03,SKU0017,WH05,2676,171.13,2023-08-18,2023-08-20
PO01424,2024-09-29,SUP05,SKU0069,WH02,4524,155.66,2024-10-26,2024-10-25
PO01425,2023-02-24,SUP07,SKU0031,WH05,272,154.29,2023-03-07,2023-03-14
PO01426,2023-02-27,SUP06,SKU0084,WH02,2888,195.68,2023-03-07,2023-03-04
PO01427,2023-08-14,SUP05,SKU0067,WH01,4864,113.51,2023-09-13,2023-09-30
PO01428,2024-04-24,SUP06,SKU0079,WH05,2272,126.85,2024-05-03,2024-05-21
PO01429,2024-04-14,SUP09,SKU0025,WH04,1472,8.28,2024-05-17,2024-05-14
PO01430,2023-03-21,SUP09,SKU0003,WH05,1388,63.36,2023-04-23,2023-05-01
PO01431,2024-05-05,SUP03,SKU0015,WH05,3051,75.18,2024-05-11,2024-05-10
PO01432,2024-12-09,SUP03,SKU0004,WH03,475,12.85,2024-12-18,2024-12-19
PO01433,2023-10-16,SUP05,SKU0033,WH03,3295,156.35,2023-11-15,2023-11-13
PO01434,2023-07-20,SUP01,SKU0041,WH03,3011,11.33,2023-08-02,2023-08-01
PO01435,2024-03-14,SUP07,SKU0034,WH05,4287,25.53,2024-03-22,2024-03-19
PO01436,2023-08-28,SUP01,SKU0005,WH03,1416,136.92,2023-09-13,2023-09-10
PO01437,2023-08-23,SUP07,SKU0059,WH05,4608,23.41,2023-09-01,2023-09-02
PO01438,2023-09-06,SUP01,SKU0042,WH04,637,37.58,2023-09-19,2023-09-16
PO01439,2024-08-15,SUP02,SKU0067,WH05,4239,62.14,2024-09-18,2024-09-18
PO01440,2023-11-08,SUP06,SKU0094,WH04,4192,108.2,2023-11-19,2023-11-20
PO01441,2024-04-16,SUP07,SKU0043,WH04,1802,190.16,2024-04-23,2024-04-24
PO01442,2024-03-01,SUP06,SKU0001,WH05,4133,108.87,2024-03-10,2024-03-08
PO01443,2024-12-24,SUP08,SKU0055,WH04,263,44.07,2025-01-14,2025-01-15
PO01444,2024-03-22,SUP03,SKU0005,WH01,3899,14.0,2024-03-28,2024-04-01
PO01445,2023-04-23,SUP06,SKU0084,WH02,4977,6.23,2023-05-02,2023-05-21
PO01446,2023-09-25,SUP04,SKU0017,WH01,3952,109.51,2023-10-10,2023-10-11
PO01447,2024-08-25,SUP06,SKU0093,WH03,2493,15.75,2024-09-04,2024-09-13
PO01448,2023-12-29,SUP07,SKU0052,WH02,2456,174.05,2024-01-09,2024-01-10
PO01449,2023-09-25,SUP10,SKU0098,WH05,2934,78.69,2023-10-12,2023-10-12
PO01450,2023-04-02,SUP03,SKU0002,WH05,4344,99.98,2023-04-09,2023-04-13
PO01451,2023-10-03,SUP01,SKU0012,WH03,2012,120.31,2023-10-17,2023-10-15
PO01452,2024-02-20,SUP05,SKU0035,WH03,3989,83.95,2024-03-22,2024-03-21
PO01453,2023-08-26,SUP06,SKU0010,WH03,4142,138.87,2023-09-06,2023-09-04
PO01454,2023-08-01,SUP02,SKU0034,WH05,445,74.62,2023-09-06,2023-09-04
PO01455,2024-11-16,SUP09,SKU0012,WH04,4452,177.22,2024-12-15,2024-12-30
PO01456,2023-04-13,SUP02,SKU0069,WH03,695,45.17,2023-05-19,2023-06-07
PO01457,2023-08-22,SUP06,SKU0092,WH01,4308,186.91,2023-09-03,2023-09-01
PO01458,2023-06-21,SUP06,SKU0098,WH05,3646,53.52,2023-06-30,2023-06-28
PO01459,2023-05-22,SUP02,SKU0066,WH04,4961,69.08,2023-06-27,2023-06-24
PO01460,2023-12-17,SUP10,SKU0029,WH04,3464,195.69,2024-01-04,2024-01-05
PO01461,2023-08-22,SUP10,SKU0044,WH04,3376,58.07,2023-09-10,2023-09-30
PO01462,2023-11-01,SUP08,SKU0055,WH03,3472,129.24,2023-11-21,2023-11-21
PO01463,2023-01-29,SUP01,SKU0007,WH03,99,139.01,2023-02-12,2023-02-09
PO01464,2023-11-05,SUP05,SKU0051,WH04,1504,185.28,2023-12-03,2023-12-13
PO01465,2024-05-12,SUP04,SKU0042,WH02,2286,86.06,2024-05-22,2024-05-19
PO01466,2024-12-08,SUP05,SKU0044,WH02,1929,167.52,2025-01-08,2025-01-06
PO01467,2024-06-30,SUP08,SKU0071,WH04,4760,199.48,2024-07-22,2024-08-06
PO01468,2024-10-02,SUP05,SKU0044,WH02,2601,74.67,2024-11-01,2024-11-21
PO01469,2023-10-29,SUP04,SKU0025,WH05,958,36.37,2023-11-09,2023-11-08
PO01470,2023-11-02,SUP03,SKU0003,WH01,721,83.52,2023-11-11,2023-11-17
PO01471,2024-06-16,SUP06,SKU0003,WH01,880,194.13,2024-06-28,2024-06-28
PO01472,2023-08-12,SUP06,SKU0092,WH01,652,86.14,2023-08-24,2023-08-24
PO01473,2023-12-16,SUP02,SKU0066,WH01,426,63.15,2024-01-23,2024-01-24
PO01474,2024-12-24,SUP10,SKU0078,WH04,182,74.8,2025-01-09,2025-01-11
PO01475,2023-03-06,SUP05,SKU0033,WH05,227,30.26,2023-04-02,2023-04-07
PO01476,2024-10-20,SUP08,SKU0070,WH02,1165,139.41,2024-11-10,2024-11-07
PO01477,2024-04-11,SUP09,SKU0002,WH04,4790,62.52,2024-05-12,2024-05-22
PO01478,2024-10-20,SUP02,SKU0036,WH05,3565,8.35,2024-11-25,2024-12-06
PO01479,2023-01-30,SUP08,SKU0054,WH03,118,43.22,2023-02-23,2023-02-24
PO01480,2024-12-23,SUP06,SKU0100,WH04,3818,195.31,2025-01-04,2025-01-04
PO01481,2024-03-13,SUP08,SKU0069,WH05,3203,178.92,2024-04-03,2024-04-01
PO01482,2024-08-30,SUP06,SKU0005,WH05,4209,44.56,2024-09-11,2024-09-08
PO01483,2024-05-19,SUP09,SKU0023,WH05,2932,109.98,2024-06-16,2024-06-15
PO01484,2023-04-02,SUP07,SKU0028,WH04,4947,71.74,2023-04-14,2023-05-04
PO01485,2024-02-06,SUP02,SKU0071,WH05,2621,119.69,2024-03-10,2024-03-10
PO01486,2023-08-10,SUP02,SKU0037,WH02,772,53.13,2023-09-13,2023-09-14
PO01487,2023-05-21,SUP07,SKU0068,WH01,4848,34.45,2023-06-02,2023-06-03
PO01488,2024-03-13,SUP01,SKU0029,WH02,1316,94.34,2024-03-26,2024-03-26
PO01489,2023-02-10,SUP05,SKU0039,WH04,4908,15.31,2023-03-11,2023-03-20
PO01490,2023-02-23,SUP06,SKU0016,WH03,3826,129.68,2023-03-03,2023-03-05
PO01491,2024-10-20,SUP01,SKU0029,WH03,4892,32.92,2024-11-03,2024-11-02
PO01492,2024-05-08,SUP06,SKU0002,WH01,1460,44.14,2024-05-18,2024-05-15
PO01493,2023-08-30,SUP02,SKU0041,WH04,2902,109.4,2023-10-02,2023-09-29
PO01494,2023-07-22,SUP05,SKU0044,WH04,147,172.3,2023-08-18,2023-08-29
PO01495,2023-04-03,SUP01,SKU0048,WH05,2092,95.16,2023-04-16,2023-04-30
PO01496,2023-12-22,SUP05,SKU0064,WH01,565,156.67,2024-01-17,2024-01-15
PO01497,2024-04-16,SUP06,SKU0094,WH02,4381,198.28,2024-04-28,2024-05-14
PO01498,2024-08-21,SUP01,SKU0002,WH04,3009,149.13,2024-09-02,2024-08-30
PO01499,2023-03-07,SUP03,SKU0002,WH03,2373,98.25,2023-03-15,2023-03-13
PO01500,2023-06-15,SUP04,SKU0050,WH02,801,176.28,2023-06-26,2023-06-26
PO01501,2024-10-19,SUP06,SKU0007,WH04,4117,34.37,2024-11-01,2024-11-02
PO01502,2023-10-29,SUP07,SKU0071,WH05,3769,31.38,2023-11-07,2023-11-08
PO01503,2024-02-25,SUP10,SKU0100,WH04,4050,4.66,2024-03-12,2024-03-27
PO01504,2023-01-02,SUP07,SKU0042,WH02,1121,3.32,2023-01-13,2023-01-14
PO01505,2024-02-02,SUP08,SKU0067,WH01,3284,110.32,2024-02-26,2024-02-27
PO01506,2023-05-07,SUP05,SKU0031,WH03,3963,193.97,2023-06-07,2023-06-20
PO01507,2023-03-04,SUP09,SKU0013,WH03,2986,2.9,2023-04-05,2023-04-14
PO01508,2024-04-03,SUP01,SKU0006,WH02,368,70.8,2024-04-19,2024-05-02
PO01509,2024-01-16,SUP10,SKU0048,WH03,412,42.51,2024-02-02,2024-02-02
PO01510,2024-11-30,SUP03,SKU0006,WH02,3989,84.14,2024-12-08,2024-12-25
PO01511,2023-03-24,SUP08,SKU0065,WH02,4669,1.78,2023-04-12,2023-04-12
PO01512,2024-11-29,SUP01,SKU0041,WH04,1837,133.14,2024-12-16,2024-12-14
PO01513,2023-05-19,SUP04,SKU0049,WH04,1039,194.28,2023-05-29,2023-05-26
PO01514,2024-09-26,SUP09,SKU0004,WH05,2764,24.23,2024-10-25,2024-10-22
PO01515,2024-11-04,SUP08,SKU0058,WH02,3831,153.95,2024-11-27,2024-12-01
PO01516,2024-01-06,SUP08,SKU0056,WH05,2391,113.71,2024-01-28,2024-01-26
PO01517,2024-02-03,SUP08,SKU0057,WH01,3982,177.23,2024-02-25,2024-02-22
PO01518,2024-02-24,SUP10,SKU0085,WH02,645,15.5,2024-03-14,2024-03-16
PO01519,2023-02-17,SUP10,SKU0049,WH05,286,74.0,2023-03-07,2023-03-06
PO01520,2023-06-05,SUP08,SKU0051,WH05,2858,39.37,2023-06-25,2023-06-25
PO01521,2024-01-10,SUP07,SKU0063,WH04,1975,134.35,2024-01-22,2024-01-22
PO01522,2024-01-12,SUP03,SKU0002,WH05,3084,44.38,2024-01-18,2024-01-21
PO01523,2024-01-27,SUP01,SKU0045,WH02,3303,113.33,2024-02-11,2024-02-11
PO01524,2023-08-31,SUP09,SKU0011,WH02,2477,100.71,2023-09-28,2023-10-17
PO01525,2024-02-27,SUP08,SKU0070,WH01,4890,60.03,2024-03-22,2024-03-20
PO01526,2024-06-06,SUP05,SKU0050,WH03,3053,11.73,2024-07-05,2024-07-22
PO01527,2024-07-04,SUP02,SKU0028,WH01,1443,173.47,2024-08-06,2024-08-10
PO01528,2023-10-17,SUP02,SKU0034,WH02,602,112.06,2023-11-23,2023-12-06
PO01529,2024-02-25,SUP06,SKU0098,WH04,3345,23.22,2024-03-07,2024-03-11
PO01530,2024-06-21,SUP09,SKU0020,WH02,3746,130.7,2024-07-23,2024-07-23
PO01531,2023-07-01,SUP03,SKU0023,WH05,2687,134.14,2023-07-09,2023-07-10
PO01532,2024-11-02,SUP01,SKU0041,WH05,1506,127.29,2024-11-18,2024-12-06
PO01533,2024-10-09,SUP03,SKU0018,WH02,3996,101.5,2024-10-15,2024-10-15
PO01534,2023-03-10,SUP04,SKU0014,WH03,4736,102.72,2023-03-20,2023-03-20
PO01535,2024-07-31,SUP03,SKU0003,WH01,4172,31.71,2024-08-07,2024-08-20
PO01536,2024-03-05,SUP07,SKU0029,WH03,1282,142.91,2024-03-17,2024-03-18
PO01537,2023-02-02,SUP01,SKU0043,WH03,3721,164.75,2023-02-17,2023-03-05
PO01538,2024-01-28,SUP07,SKU0026,WH03,549,126.19,2024-02-07,2024-02-16
PO01539,2023-01-03,SUP09,SKU0023,WH03,1799,193.55,2023-02-03,2023-02-04
PO01540,2023-04-07,SUP08,SKU0073,WH03,2470,3.77,2023-04-28,2023-04-29
PO01541,2024-02-10,SUP10,SKU0029,WH05,255,50.36,2024-02-25,2024-02-25
PO01542,2023-10-14,SUP09,SKU0014,WH02,4760,42.37,2023-11-12,2023-11-13
PO01543,2023-09-20,SUP08,SKU0074,WH05,621,23.25,2023-10-12,2023-10-25
PO01544,2023-01-31,SUP08,SKU0058,WH01,2434,123.45,2023-02-22,2023-02-22
PO01545,2023-10-25,SUP07,SKU0050,WH03,4543,22.91,2023-11-01,2023-11-18
PO01546,2024-02-02,SUP10,SKU0077,WH03,1720,173.58,2024-02-16,2024-02-14
PO01547,2023-01-22,SUP03,SKU0022,WH01,3347,144.1,2023-01-31,2023-01-28
PO01548,2024-07-22,SUP05,SKU0035,WH03,3594,101.25,2024-08-19,2024-08-22
PO01549,2023-06-26,SUP06,SKU0023,WH05,1440,119.84,2023-07-07,2023-07-06
PO01550,2024-03-23,SUP02,SKU0061,WH01,1865,179.03,2024-04-25,2024-04-24
PO01551,2024-04-27,SUP04,SKU0031,WH02,680,165.23,2024-05-12,2024-05-12
PO01552,2023-06-26,SUP05,SKU0073,WH05,3666,185.68,2023-07-23,2023-08-11
PO01553,2024-06-16,SUP08,SKU0068,WH01,1093,5.43,2024-07-07,2024-07-04
PO01554,2023-03-02,SUP07,SKU0062,WH01,4929,160.49,2023-03-11,2023-03-09
PO01555,2023-01-28,SUP06,SKU0080,WH03,4481,153.64,2023-02-07,2023-02-20
PO01556,2023-06-03,SUP03,SKU0001,WH01,1998,139.62,2023-06-11,2023-06-11
PO01557,2023-06-22,SUP09,SKU0012,WH01,818,91.59,2023-07-24,2023-07-22
PO01558,2023-08-28,SUP03,SKU0014,WH05,3999,61.63,2023-09-03,2023-09-02
PO01559,2023-01-18,SUP01,SKU0017,WH04,180,23.67,2023-02-04,2023-02-05
PO01560,2024-03-05,SUP04,SKU0005,WH01,3830,139.2,2024-03-19,2024-03-16
PO01561,2023-02-19,SUP04,SKU0022,WH01,3058,149.6,2023-03-02,2023-02-27
PO01562,2024-06-14,SUP02,SKU0046,WH03,4970,198.03,2024-07-19,2024-07-18
PO01563,2023-10-30,SUP04,SKU0025,WH03,3977,132.64,2023-11-12,2023-11-12
PO01564,2024-07-10,SUP03,SKU0008,WH01,4170,199.27,2024-07-19,2024-08-02
PO01565,2023-01-10,SUP10,SKU0037,WH03,2424,170.51,2023-01-28,2023-01-29
PO01566,2024-12-14,SUP03,SKU0021,WH05,606,66.92,2024-12-21,2024-12-26
PO01567,2024-04-26,SUP01,SKU0012,WH03,4667,167.95,2024-05-10,2024-05-23
PO01568,2023-05-18,SUP01,SKU0023,WH02,4880,2.64,2023-06-01,2023-06-01
PO01569,2023-04-04,SUP10,SKU0028,WH04,2842,77.31,2023-04-22,2023-04-19
PO01570,2024-09-29,SUP08,SKU0051,WH03,577,56.89,2024-10-18,2024-10-18
PO01571,2024-11-13,SUP10,SKU0037,WH05,2015,55.77,2024-11-27,2024-12-06
PO01572,2023-11-02,SUP09,SKU0002,WH03,4073,169.13,2023-12-05,2023-12-04
PO01573,2023-06-26,SUP08,SKU0063,WH01,3286,40.96,2023-07-20,2023-07-19
PO01574,2024-05-03,SUP09,SKU0004,WH02,3657,193.98,2024-06-04,2024-06-02
PO01575,2023-01-01,SUP01,SKU0033,WH01,3282,95.92,2023-01-17,2023-01-19
PO01576,2024-02-04,SUP08,SKU0060,WH03,3907,193.42,2024-02-23,2024-02-22
PO01577,2024-09-01,SUP03,SKU0004,WH03,1354,111.81,2024-09-08,2024-09-07
PO01578,2023-07-27,SUP04,SKU0032,WH03,628,7.36,2023-08-11,2023-08-12
PO01579,2023-01-21,SUP05,SKU0028,WH04,4183,93.84,2023-02-21,2023-02-25
PO01580,2024-03-05,SUP10,SKU0039,WH04,1161,164.78,2024-03-19,2024-03-24
PO01581,2024-03-01,SUP03,SKU0019,WH02,334,151.9,2024-03-07,2024-03-06
PO01582,2024-07-28,SUP07,SKU0033,WH01,4643,1.65,2024-08-06,2024-08-04
PO01583,2023-02-05,SUP02,SKU0075,WH05,280,127.12,2023-03-11,2023-03-10
PO01584,2023-06-26,SUP09,SKU0018,WH02,1554,160.98,2023-07-25,2023-07-22
PO01585,2024-07-01,SUP10,SKU0087,WH01,821,126.74,2024-07-20,2024-07-17
PO01586,2023-07-29,SUP06,SKU0079,WH02,804,140.27,2023-08-10,2023-08-07
PO01587,2024-08-16,SUP01,SKU0004,WH01,3515,168.28,2024-08-28,2024-08-29
PO01588,2023-10-01,SUP04,SKU0029,WH04,1150,102.79,2023-10-14,2023-10-12
PO01589,2024-04-06,SUP02,SKU0034,WH02,2493,185.16,2024-05-12,2024-05-16
PO01590,2023-07-14,SUP01,SKU0007,WH01,303,73.52,2023-07-28,2023-07-29
PO01591,2023-03-29,SUP07,SKU0055,WH05,566,146.67,2023-04-08,2023-04-06
PO01592,2024-08-15,SUP08,SKU0073,WH02,2508,71.43,2024-09-07,2024-09-05
PO01593,2024-02-19,SUP01,SKU0029,WH05,1314,71.23,2024-03-05,2024-03-06
PO01594,2023-06-09,SUP09,SKU0007,WH03,2784,151.03,2023-07-11,2023-07-11
PO01595,2024-07-24,SUP04,SKU0009,WH01,2881,33.49,2024-08-05,2024-08-02
PO01596,2023-12-31,SUP10,SKU0046,WH05,3837,7.88,2024-01-19,2024-01-16
PO01597,2023-12-20,SUP02,SKU0054,WH04,4923,42.61,2024-01-22,2024-01-20
PO01598,2023-08-08,SUP04,SKU0039,WH05,1266,173.79,2023-08-21,2023-08-19
PO01599,2024-07-07,SUP04,SKU0006,WH01,1540,175.09,2024-07-19,2024-08-04
PO01600,2024-07-07,SUP05,SKU0041,WH02,4910,143.39,2024-08-07,2024-08-04
PO01601,2024-03-21,SUP04,SKU0034,WH01,4831,68.43,2024-04-04,2024-04-04
PO01602,2023-01-23,SUP10,SKU0040,WH05,4030,15.44,2023-02-07,2023-02-04
PO01603,2023-08-17,SUP01,SKU0008,WH03,657,113.76,2023-08-30,2023-08-31
PO01604,2023-03-23,SUP07,SKU0049,WH02,3510,92.47,2023-04-01,2023-04-21
PO01605,2023-01-21,SUP07,SKU0045,WH04,151,142.18,2023-02-02,2023-01-31
PO01606,2023-08-27,SUP08,SKU0053,WH05,1544,187.17,2023-09-15,2023-09-14
PO01607,2023-04-25,SUP07,SKU0071,WH03,1068,23.87,2023-05-05,2023-05-03
PO01608,2023-12-17,SUP03,SKU0013,WH02,2231,116.24,2023-12-23,2024-01-05
PO01609,2024-02-28,SUP03,SKU0015,WH02,3148,143.98,2024-03-06,2024-03-03
PO01610,2023-09-07,SUP04,SKU0006,WH01,4997,156.69,2023-09-17,2023-10-02
PO01611,2023-06-23,SUP09,SKU0005,WH05,3027,168.37,2023-07-26,2023-07-27
PO01612,2023-01-01,SUP04,SKU0004,WH03,611,177.77,2023-01-12,2023-01-27
PO01613,2024-08-24,SUP02,SKU0042,WH01,966,76.01,2024-09-30,2024-09-30
PO01614,2023-02-07,SUP06,SKU0021,WH05,4730,95.64,2023-02-20,2023-02-19
PO01615,2023-05-20,SUP05,SKU0061,WH04,507,45.28,2023-06-17,2023-06-17
PO01616,2024-03-27,SUP08,SKU0051,WH01,3660,142.39,2024-04-15,2024-04-15
PO01617,2023-11-02,SUP05,SKU0034,WH04,2755,40.34,2023-11-30,2023-12-01
PO01618,2024-12-02,SUP03,SKU0023,WH03,2504,37.88,2024-12-11,2024-12-09
PO01619,2023-06-09,SUP02,SKU0050,WH03,693,101.14,2023-07-14,2023-07-12
PO01620,2023-04-01,SUP07,SKU0052,WH02,450,46.8,2023-04-12,2023-04-30
PO01621,2024-04-06,SUP03,SKU0015,WH01,3496,32.85,2024-04-11,2024-04-09
PO01622,2024-09-10,SUP04,SKU0018,WH01,90,73.55,2024-09-20,2024-09-29
PO01623,2024-05-28,SUP01,SKU0034,WH05,341,159.35,2024-06-09,2024-06-08
PO01624,2024-05-30,SUP06,SKU0012,WH05,2347,90.17,2024-06-09,2024-06-07
PO01625,2024-12-21,SUP07,SKU0042,WH03,4906,180.63,2024-12-30,2024-12-28
PO01626,2024-05-15,SUP06,SKU0092,WH03,2734,40.38,2024-05-24,2024-05-22
PO01627,2024-08-09,SUP03,SKU0012,WH02,1197,155.73,2024-08-16,2024-08-17
PO01628,2024-01-12,SUP08,SKU0065,WH02,1020,81.57,2024-02-04,2024-02-01
PO01629,2024-05-17,SUP02,SKU0052,WH02,296,122.33,2024-06-19,2024-06-16
PO01630,2023-03-23,SUP08,SKU0075,WH01,4777,96.57,2023-04-11,2023-04-09
PO01631,2023-11-28,SUP07,SKU0047,WH03,278,139.87,2023-12-09,2023-12-25
PO01632,2024-02-11,SUP10,SKU0076,WH02,2586,156.96,2024-02-26,2024-02-27
PO01633,2023-04-25,SUP01,SKU0042,WH01,1522,165.96,2023-05-10,2023-05-08
PO01634,2023-08-30,SUP10,SKU0093,WH02,1935,188.39,2023-09-15,2023-09-15
PO01635,2023-10-09,SUP10,SKU0037,WH03,4723,44.8,2023-10-23,2023-11-05
PO01636,2024-05-29,SUP08,SKU0069,WH04,3465,145.08,2024-06-21,2024-06-19
PO01637,2023-01-23,SUP04,SKU0045,WH02,335,56.74,2023-02-02,2023-02-03
PO01638,2023-09-16,SUP10,SKU0097,WH02,2514,161.66,2023-10-03,2023-09-30
PO01639,2023-12-18,SUP06,SKU0008,WH05,3003,161.08,2023-12-26,2024-01-10
PO01640,2024-03-22,SUP04,SKU0024,WH02,198,156.68,2024-04-05,2024-04-04
PO01641,2023-01-28,SUP07,SKU0069,WH02,4649,25.87,2023-02-08,2023-02-28
PO01642,2024-07-26,SUP03,SKU0023,WH01,2830,39.51,2024-08-01,2024-08-09
PO01643,2023-09-04,SUP07,SKU0046,WH04,3045,16.67,2023-09-15,2023-09-16
PO01644,2023-08-11,SUP09,SKU0023,WH03,2936,113.98,2023-09-10,2023-09-07
PO01645,2024-10-02,SUP01,SKU0026,WH01,253,42.4,2024-10-14,2024-10-27
PO01646,2023-12-13,SUP05,SKU0058,WH03,3785,114.98,2024-01-08,2024-01-16
PO01647,2023-02-22,SUP10,SKU0035,WH02,4833,116.44,2023-03-12,2023-03-12
PO01648,2024-05-26,SUP02,SKU0032,WH05,1587,160.44,2024-07-01,2024-07-02
PO01649,2023-10-07,SUP04,SKU0005,WH04,990,153.44,2023-10-21,2023-10-19
PO01650,2024-09-23,SUP01,SKU0047,WH04,4229,12.44,2024-10-05,2024-10-10
PO01651,2024-02-22,SUP06,SKU0025,WH02,2787,56.31,2024-03-06,2024-03-19
PO01652,2024-01-24,SUP05,SKU0032,WH04,1377,128.95,2024-02-24,2024-02-21
PO01653,2023-04-10,SUP10,SKU0032,WH02,2606,183.92,2023-04-24,2023-04-25
PO01654,2023-11-09,SUP05,SKU0067,WH01,4809,115.65,2023-12-08,2023-12-22
PO01655,2023-03-10,SUP04,SKU0034,WH01,1461,97.56,2023-03-22,2023-03-25
PO01656,2024-02-16,SUP08,SKU0064,WH02,919,92.18,2024-03-11,2024-03-09
PO01657,2024-07-24,SUP09,SKU0008,WH01,674,47.14,2024-08-21,2024-09-06
PO01658,2023-10-31,SUP04,SKU0010,WH04,3747,74.18,2023-11-13,2023-11-26
PO01659,2024-10-09,SUP08,SKU0052,WH04,3530,41.29,2024-11-01,2024-11-01
PO01660,2024-03-18,SUP10,SKU0031,WH03,1422,153.3,2024-04-03,2024-04-03
PO01661,2023-04-05,SUP10,SKU0095,WH05,4760,162.65,2023-04-20,2023-04-18
PO01662,2024-09-21,SUP05,SKU0055,WH04,1361,140.67,2024-10-22,2024-11-02
PO01663,2023-05-01,SUP06,SKU0016,WH03,3675,128.08,2023-05-11,2023-05-09
PO01664,2023-02-01,SUP06,SKU0095,WH05,2175,106.16,2023-02-10,2023-02-08
PO01665,2024-10-25,SUP05,SKU0052,WH01,4603,195.96,2024-11-23,2024-11-26
PO01666,2023-12-04,SUP04,SKU0048,WH01,887,126.07,2023-12-15,2023-12-13
PO01667,2023-04-02,SUP04,SKU0006,WH01,4927,193.11,2023-04-13,2023-04-26
PO01668,2024-10-27,SUP04,SKU0035,WH04,1274,15.77,2024-11-08,2024-11-05
PO01669,2024-07-02,SUP04,SKU0033,WH03,2804,127.61,2024-07-12,2024-07-13
PO01670,2024-07-18,SUP03,SKU0017,WH02,3697,87.51,2024-07-28,2024-07-29
PO01671,2024-07-30,SUP07,SKU0026,WH03,4006,128.9,2024-08-10,2024-08-07
PO01672,2023-07-14,SUP10,SKU0032,WH03,3835,151.83,2023-07-28,2023-07-29
PO01673,2023-03-01,SUP10,SKU0082,WH04,3246,195.1,2023-03-18,2023-03-18
PO01674,2024-02-13,SUP04,SKU0024,WH05,937,166.1,2024-02-25,2024-03-07
PO01675,2024-01-26,SUP03,SKU0010,WH05,2955,167.99,2024-02-01,2024-02-19
PO01676,2024-06-11,SUP08,SKU0053,WH03,3179,132.9,2024-07-05,2024-07-02
PO01677,2024-12-02,SUP05,SKU0062,WH03,3288,134.71,2024-12-30,2025-01-19
PO01678,2024-04-28,SUP01,SKU0021,WH04,2991,120.41,2024-05-10,2024-05-08
PO01679,2023-07-04,SUP08,SKU0063,WH02,3006,187.6,2023-07-27,2023-07-31
PO01680,2023-05-19,SUP01,SKU0002,WH05,3511,22.17,2023-05-31,2023-05-29
PO01681,2024-09-03,SUP02,SKU0068,WH02,2712,199.02,2024-10-11,2024-10-11
PO01682,2023-01-29,SUP08,SKU0062,WH04,3740,138.65,2023-02-22,2023-02-23
PO01683,2023-09-06,SUP02,SKU0060,WH01,4352,90.59,2023-10-12,2023-10-11
PO01684,2023-03-14,SUP07,SKU0029,WH01,4865,196.27,2023-03-25,2023-03-25
PO01685,2024-02-13,SUP01,SKU0043,WH03,4587,113.64,2024-02-27,2024-03-07
PO01686,2024-01-01,SUP10,SKU0043,WH03,134,96.22,2024-01-20,2024-01-27
PO01687,2024-12-24,SUP08,SKU0051,WH02,4612,125.69,2025-01-16,2025-01-13
PO01688,2024-05-14,SUP10,SKU0090,WH01,2134,15.22,2024-06-02,2024-06-02
PO01689,2024-12-11,SUP02,SKU0049,WH02,1495,69.77,2025-01-15,2025-01-27
PO01690,2024-02-09,SUP06,SKU0005,WH03,2640,95.5,2024-02-21,2024-03-12
PO01691,2023-10-24,SUP08,SKU0067,WH05,802,140.11,2023-11-16,2023-11-13
PO01692,2024-03-27,SUP06,SKU0007,WH03,2860,75.6,2024-04-04,2024-04-01
PO01693,2024-07-27,SUP10,SKU0080,WH01,758,105.05,2024-08-10,2024-08-19
PO01694,2024-10-01,SUP06,SKU0013,WH03,3101,137.21,2024-10-12,2024-10-12
PO01695,2024-01-08,SUP07,SKU0064,WH01,3521,199.49,2024-01-20,2024-01-21
PO01696,2024-06-15,SUP08,SKU0053,WH02,686,95.18,2024-07-07,2024-07-06
PO01697,2024-10-15,SUP09,SKU0005,WH04,675,70.31,2024-11-17,2024-12-04
PO01698,2023-09-02,SUP08,SKU0070,WH02,4361,171.99,2023-09-26,2023-09-24
PO01699,2024-12-17,SUP04,SKU0023,WH02,102,139.21,2024-12-31,2024-12-28
PO01700,2023-12-10,SUP05,SKU0060,WH05,4153,189.22,2024-01-05,2024-01-04
PO01701,2024-04-27,SUP06,SKU0017,WH02,1087,51.59,2024-05-09,2024-05-06
PO01702,2024-01-17,SUP06,SKU0088,WH03,4364,26.81,2024-01-29,2024-01-29
PO01703,2023-08-27,SUP09,SKU0024,WH03,4945,107.33,2023-09-27,2023-09-25
PO01704,2024-06-14,SUP08,SKU0065,WH01,4583,112.58,2024-07-05,2024-07-06
PO01705,2023-02-03,SUP08,SKU0064,WH03,519,187.59,2023-02-25,2023-02-23
PO01706,2024-08-09,SUP02,SKU0067,WH04,4983,36.68,2024-09-15,2024-09-13
PO01707,2024-09-23,SUP09,SKU0012,WH01,4210,190.54,2024-10-24,2024-10-22
PO01708,2024-03-29,SUP08,SKU0060,WH01,1151,94.27,2024-04-20,2024-04-17
PO01709,2023-12-14,SUP09,SKU0014,WH05,3781,91.13,2024-01-13,2024-01-14
PO01710,2024-09-10,SUP09,SKU0025,WH05,1316,93.49,2024-10-10,2024-10-08
PO01711,2024-11-24,SUP10,SKU0093,WH03,2352,128.25,2024-12-09,2024-12-06
PO01712,2024-10-22,SUP02,SKU0026,WH03,966,14.15,2024-11-25,2024-12-12
PO01713,2024-04-06,SUP07,SKU0068,WH05,4051,153.6,2024-04-15,2024-04-14
PO01714,2024-01-04,SUP09,SKU0012,WH03,3850,49.49,2024-02-01,2024-02-02
PO01715,2023-06-05,SUP10,SKU0050,WH04,482,137.21,2023-06-20,2023-06-19
PO01716,2023-12-18,SUP05,SKU0029,WH05,3957,184.51,2024-01-15,2024-01-16
PO01717,2023-09-05,SUP01,SKU0001,WH04,2093,150.55,2023-09-17,2023-09-16
PO01718,2024-10-21,SUP08,SKU0060,WH04,2965,164.34,2024-11-10,2024-11-12
PO01719,2023-08-03,SUP08,SKU0064,WH03,1645,181.66,2023-08-24,2023-08-22
PO01720,2024-01-15,SUP09,SKU0008,WH02,2948,184.95,2024-02-12,2024-02-09
PO01721,2024-07-22,SUP01,SKU0029,WH01,3711,165.68,2024-08-07,2024-08-18
PO01722,2024-03-31,SUP04,SKU0011,WH05,3236,65.32,2024-04-10,2024-04-11
PO01723,2024-05-23,SUP09,SKU0007,WH02,2789,166.22,2024-06-21,2024-06-28
PO01724,2024-08-15,SUP07,SKU0054,WH02,3500,106.71,2024-08-26,2024-09-12
PO01725,2023-07-11,SUP02,SKU0030,WH04,306,163.33,2023-08-15,2023-08-25
PO01726,2024-09-06,SUP01,SKU0029,WH05,4333,101.89,2024-09-22,2024-09-23
PO01727,2024-01-21,SUP06,SKU0005,WH02,2419,39.4,2024-02-01,2024-02-02
PO01728,2023-04-18,SUP01,SKU0005,WH02,1899,109.8,2023-05-04,2023-05-01
PO01729,2024-08-29,SUP09,SKU0001,WH03,2679,152.86,2024-09-30,2024-09-30
PO01730,2024-06-18,SUP04,SKU0007,WH01,2190,39.63,2024-07-02,2024-06-30
PO01731,2024-08-16,SUP07,SKU0065,WH03,4760,84.28,2024-08-23,2024-08-20
PO01732,2024-01-26,SUP01,SKU0021,WH03,4840,53.79,2024-02-09,2024-02-08
PO01733,2024-03-11,SUP03,SKU0022,WH03,4207,132.43,2024-03-20,2024-03-18
PO01734,2024-03-11,SUP02,SKU0073,WH01,3432,159.55,2024-04-17,2024-04-15
PO01735,2024-10-14,SUP03,SKU0021,WH04,4106,46.81,2024-10-21,2024-10-18
PO01736,2024-11-16,SUP05,SKU0052,WH01,335,199.72,2024-12-17,2024-12-16
PO01737,2024-10-01,SUP09,SKU0016,WH01,3937,132.53,2024-10-29,2024-10-26
PO01738,2024-08-14,SUP01,SKU0010,WH03,4485,85.17,2024-08-26,2024-09-11
PO01739,2024-10-03,SUP01,SKU0044,WH03,1921,92.13,2024-10-17,2024-10-14
PO01740,2024-08-17,SUP10,SKU0082,WH04,112,141.36,2024-08-31,2024-09-01
PO01741,2023-05-17,SUP10,SKU0030,WH04,3580,65.75,2023-06-04,2023-06-21
PO01742,2024-02-04,SUP01,SKU0006,WH01,2771,179.8,2024-02-16,2024-03-06
PO01743,2024-01-14,SUP06,SKU0018,WH04,1953,139.12,2024-01-26,2024-02-03
PO01744,2024-02-13,SUP01,SKU0036,WH04,2562,174.2,2024-02-25,2024-02-24
PO01745,2023-04-13,SUP09,SKU0006,WH05,1978,42.33,2023-05-15,2023-05-13
PO01746,2024-07-07,SUP01,SKU0026,WH02,740,113.84,2024-07-24,2024-08-08
PO01747,2023-07-29,SUP02,SKU0040,WH05,998,48.35,2023-09-01,2023-09-02
PO01748,2023-10-27,SUP05,SKU0053,WH02,72,23.93,2023-11-25,2023-11-26
PO01749,2024-02-05,SUP09,SKU0009,WH02,2863,73.49,2024-03-08,2024-03-06
PO01750,2024-08-09,SUP03,SKU0001,WH02,4891,182.03,2024-08-18,2024-08-18
PO01751,2023-10-09,SUP09,SKU0002,WH02,3740,197.68,2023-11-09,2023-11-24
PO01752,2023-03-24,SUP05,SKU0044,WH05,2753,90.62,2023-04-22,2023-04-27
PO01753,2024-09-30,SUP07,SKU0049,WH05,1945,33.6,2024-10-07,2024-10-06
PO01754,2023-05-30,SUP03,SKU0018,WH01,3708,78.07,2023-06-08,2023-06-07
PO01755,2024-12-23,SUP05,SKU0032,WH05,575,92.47,2025-01-19,2025-01-24
PO01756,2023-08-08,SUP09,SKU0016,WH03,960,167.22,2023-09-06,2023-09-07
PO01757,2023-06-19,SUP10,SKU0043,WH01,3515,98.15,2023-07-06,2023-07-19
PO01758,2023-11-13,SUP04,SKU0037,WH02,4768,136.35,2023-11-25,2023-11-22
PO01759,2024-10-02,SUP03,SKU0018,WH02,4848,174.41,2024-10-11,2024-10-08
PO01760,2024-08-05,SUP04,SKU0039,WH03,3885,175.93,2024-08-18,2024-08-15
PO01761,2024-08-06,SUP05,SKU0046,WH04,148,7.93,2024-09-04,2024-09-04
PO01762,2023-10-04,SUP09,SKU0017,WH01,4631,53.51,2023-11-06,2023-11-04
PO01763,2024-06-08,SUP03,SKU0013,WH01,1263,84.75,2024-06-14,2024-06-15
PO01764,2024-06-27,SUP10,SKU0079,WH05,1908,121.5,2024-07-13,2024-07-13
PO01765,2023-04-12,SUP06,SKU0089,WH05,1573,195.49,2023-04-23,2023-04-29
PO01766,2023-09-20,SUP03,SKU0007,WH03,3266,183.24,2023-09-29,2023-09-27
PO01767,2023-01-16,SUP05,SKU0056,WH03,4263,95.39,2023-02-13,2023-02-10
PO01768,2023-12-29,SUP01,SKU0025,WH05,2726,190.47,2024-01-11,2024-01-10
PO01769,2024-03-07,SUP09,SKU0020,WH04,4656,70.74,2024-04-08,2024-04-05
PO01770,2023-11-11,SUP08,SKU0072,WH04,2001,166.39,2023-11-30,2023-12-01
PO01771,2023-12-07,SUP02,SKU0075,WH02,3380,128.16,2024-01-09,2024-01-08
PO01772,2024-10-05,SUP08,SKU0056,WH04,4643,190.15,2024-10-28,2024-11-17
PO01773,2024-07-10,SUP09,SKU0005,WH02,1342,3.67,2024-08-07,2024-08-06
PO01774,2024-11-30,SUP05,SKU0049,WH03,1373,124.52,2024-12-27,2024-12-27
PO01775,2024-07-11,SUP01,SKU0006,WH04,1638,82.14,2024-07-23,2024-07-23
PO01776,2024-12-08,SUP01,SKU0036,WH01,996,192.24,2024-12-22,2024-12-20
PO01777,2024-06-29,SUP08,SKU0057,WH04,2831,45.1,2024-07-21,2024-07-18
PO01778,2024-05-31,SUP07,SKU0061,WH02,989,108.43,2024-06-11,2024-06-09
PO01779,2023-10-08,SUP07,SKU0064,WH02,2653,77.02,2023-10-19,2023-10-20
PO01780,2023-08-09,SUP03,SKU0019,WH05,3832,4.41,2023-08-16,2023-08-15
PO01781,2023-07-03,SUP09,SKU0005,WH02,4823,166.29,2023-08-01,2023-08-02
PO01782,2024-11-29,SUP06,SKU0001,WH03,3649,147.73,2024-12-08,2024-12-08
PO01783,2023-07-24,SUP04,SKU0047,WH05,2272,1.6,2023-08-03,2023-08-04
PO01784,2024-10-20,SUP09,SKU0007,WH01,2644,79.73,2024-11-22,2024-11-22
PO01785,2024-10-23,SUP05,SKU0028,WH03,3939,87.71,2024-11-19,2024-11-21
PO01786,2024-07-31,SUP07,SKU0051,WH02,4863,53.46,2024-08-12,2024-08-11
PO01787,2024-07-17,SUP09,SKU0004,WH02,921,135.87,2024-08-18,2024-08-15
PO01788,2024-03-19,SUP03,SKU0024,WH04,3297,13.26,2024-03-26,2024-03-25
PO01789,2024-02-21,SUP03,SKU0024,WH05,4738,111.05,2024-02-29,2024-02-26
PO01790,2024-02-06,SUP10,SKU0041,WH05,986,187.4,2024-02-21,2024-02-21
PO01791,2024-02-04,SUP03,SKU0022,WH04,356,127.91,2024-02-10,2024-02-21
PO01792,2024-10-14,SUP04,SKU0039,WH05,526,67.1,2024-10-27,2024-11-05
PO01793,2024-01-31,SUP07,SKU0053,WH04,1742,45.9,2024-02-07,2024-02-04
PO01794,2023-06-29,SUP10,SKU0037,WH05,120,131.03,2023-07-17,2023-08-02
PO01795,2024-05-18,SUP08,SKU0056,WH03,3307,111.56,2024-06-07,2024-06-04
PO01796,2024-05-28,SUP07,SKU0036,WH04,3587,70.49,2024-06-07,2024-06-07
PO01797,2024-08-05,SUP01,SKU0043,WH04,2101,68.23,2024-08-19,2024-08-19
PO01798,2023-04-03,SUP09,SKU0014,WH02,929,42.44,2023-05-02,2023-04-29
PO01799,2024-10-02,SUP08,SKU0072,WH05,3462,171.27,2024-10-21,2024-11-03
PO01800,2023-03-12,SUP09,SKU0004,WH03,3176,119.2,2023-04-09,2023-04-06
PO01801,2024-07-09,SUP06,SKU0025,WH05,658,132.81,2024-07-18,2024-07-17
PO01802,2023-07-12,SUP10,SKU0050,WH03,713,45.75,2023-07-28,2023-08-05
PO01803,2023-10-08,SUP06,SKU0020,WH04,4085,51.73,2023-10-16,2023-10-17
PO01804,2023-05-09,SUP06,SKU0018,WH05,3088,194.2,2023-05-17,2023-05-15
PO01805,2023-04-21,SUP01,SKU0045,WH03,1207,94.64,2023-05-03,2023-05-04
PO01806,2023-01-09,SUP02,SKU0043,WH01,3839,179.23,2023-02-11,2023-02-17
PO01807,2023-08-08,SUP06,SKU0096,WH04,1581,25.04,2023-08-16,2023-08-28
PO01808,2024-11-04,SUP09,SKU0001,WH03,884,169.4,2024-12-06,2024-12-25
PO01809,2023-12-18,SUP09,SKU0022,WH03,1510,52.22,2024-01-16,2024-01-13
PO01810,2024-02-08,SUP03,SKU0020,WH01,2391,88.65,2024-02-17,2024-02-17
PO01811,2024-03-28,SUP01,SKU0045,WH02,4028,17.43,2024-04-09,2024-04-07
PO01812,2024-01-06,SUP09,SKU0025,WH02,3550,159.65,2024-02-07,2024-02-20
PO01813,2023-11-13,SUP07,SKU0032,WH03,1100,176.15,2023-11-22,2023-11-23
PO01814,2024-07-23,SUP05,SKU0041,WH04,325,79.47,2024-08-18,2024-09-03
PO01815,2023-11-02,SUP08,SKU0064,WH03,716,165.54,2023-11-24,2023-11-22
PO01816,2023-11-14,SUP04,SKU0006,WH05,431,193.31,2023-11-26,2023-11-25
PO01817,2024-01-05,SUP09,SKU0008,WH05,3320,131.11,2024-02-03,2024-02-06
PO01818,2023-09-04,SUP10,SKU0084,WH03,3578,107.9,2023-09-22,2023-09-20
PO01819,2024-03-10,SUP04,SKU0023,WH01,964,113.76,2024-03-24,2024-03-23
PO01820,2023-09-02,SUP03,SKU0020,WH03,1079,34.4,2023-09-12,2023-09-09
PO01821,2023-04-14,SUP05,SKU0028,WH04,3366,57.69,2023-05-13,2023-05-27
PO01822,2024-10-24,SUP06,SKU0019,WH04,611,64.33,2024-11-05,2024-11-03
PO01823,2024-08-30,SUP02,SKU0037,WH02,3789,42.04,2024-10-03,2024-10-16
PO01824,2024-01-25,SUP06,SKU0089,WH01,4831,29.45,2024-02-07,2024-02-26
PO01825,2023-04-25,SUP01,SKU0015,WH04,1036,107.61,2023-05-12,2023-05-10
PO01826,2023-02-03,SUP03,SKU0024,WH05,896,98.43,2023-02-11,2023-02-09
PO01827,2023-10-01,SUP10,SKU0040,WH05,3140,67.83,2023-10-15,2023-10-12
PO01828,2023-12-17,SUP07,SKU0039,WH01,3821,166.88,2023-12-25,2023-12-25
PO01829,2024-06-19,SUP09,SKU0013,WH03,2755,149.93,2024-07-21,2024-07-20
PO01830,2024-11-08,SUP06,SKU0010,WH01,4322,96.79,2024-11-19,2024-11-28
PO01831,2024-09-02,SUP08,SKU0068,WH02,4936,135.62,2024-09-23,2024-10-05
PO01832,2024-10-20,SUP01,SKU0038,WH02,4779,157.8,2024-11-03,2024-11-02
PO01833,2023-02-10,SUP02,SKU0036,WH04,4766,68.64,2023-03-19,2023-03-24
PO01834,2024-02-23,SUP06,SKU0093,WH04,3919,86.76,2024-03-02,2024-03-04
PO01835,2024-01-03,SUP08,SKU0055,WH01,60,30.94,2024-01-25,2024-01-22
PO01836,2024-07-26,SUP01,SKU0042,WH03,795,197.06,2024-08-09,2024-08-08
PO01837,2024-04-09,SUP04,SKU0017,WH02,499,199.04,2024-04-19,2024-04-19
PO01838,2024-07-16,SUP02,SKU0032,WH04,4767,53.03,2024-08-23,2024-08-24
PO01839,2023-08-16,SUP05,SKU0043,WH02,3766,170.88,2023-09-14,2023-09-15
PO01840,2024-03-07,SUP08,SKU0065,WH04,147,37.1,2024-03-28,2024-03-25
PO01841,2023-09-27,SUP03,SKU0009,WH02,3290,21.65,2023-10-04,2023-10-12
PO01842,2023-11-23,SUP07,SKU0043,WH05,1710,132.13,2023-12-04,2023-12-03
PO01843,2024-04-18,SUP04,SKU0044,WH01,2942,90.94,2024-04-29,2024-05-14
PO01844,2023-01-22,SUP01,SKU0042,WH01,1249,45.38,2023-02-07,2023-02-04
PO01845,2023-10-06,SUP05,SKU0052,WH04,1299,68.42,2023-11-03,2023-11-01
PO01846,2023-02-22,SUP04,SKU0041,WH05,4936,82.58,2023-03-04,2023-03-04
PO01847,2024-01-16,SUP07,SKU0034,WH02,3061,179.56,2024-01-27,2024-01-26
PO01848,2023-11-27,SUP08,SKU0070,WH04,1259,151.95,2023-12-21,2023-12-19
PO01849,2024-03-24,SUP04,SKU0050,WH02,977,90.0,2024-04-04,2024-04-03
PO01850,2024-10-14,SUP05,SKU0069,WH02,2126,89.52,2024-11-11,2024-11-19
PO01851,2023-04-20,SUP09,SKU0007,WH04,1117,58.49,2023-05-23,2023-05-22
PO01852,2023-06-05,SUP08,SKU0051,WH03,1166,58.22,2023-06-26,2023-06-28
PO01853,2023-11-27,SUP07,SKU0061,WH02,4540,146.3,2023-12-04,2023-12-03
PO01854,2024-09-01,SUP07,SKU0069,WH05,1554,145.29,2024-09-12,2024-09-09
PO01855,2023-05-07,SUP02,SKU0049,WH05,1957,102.23,2023-06-11,2023-06-30
PO01856,2024-11-13,SUP09,SKU0009,WH02,474,18.55,2024-12-14,2025-01-02
PO01857,2023-09-16,SUP04,SKU0034,WH05,4385,14.28,2023-09-29,2023-09-27
PO01858,2024-07-24,SUP07,SKU0072,WH04,3206,49.92,2024-08-04,2024-08-03
PO01859,2023-01-23,SUP10,SKU0093,WH01,2027,30.66,2023-02-09,2023-02-26
PO01860,2024-12-07,SUP07,SKU0047,WH03,3879,158.3,2024-12-18,2024-12-18
PO01861,2023-08-18,SUP10,SKU0048,WH03,4756,27.05,2023-09-05,2023-09-06
PO01862,2023-03-05,SUP04,SKU0019,WH04,2442,82.9,2023-03-15,2023-03-16
PO01863,2024-04-17,SUP07,SKU0044,WH01,2650,121.0,2024-04-24,2024-05-14
PO01864,2024-02-06,SUP06,SKU0025,WH02,1720,76.9,2024-02-18,2024-03-01
PO01865,2023-06-29,SUP09,SKU0020,WH01,3032,100.04,2023-07-31,2023-07-29
PO01866,2024-05-18,SUP07,SKU0062,WH05,3737,12.77,2024-05-29,2024-05-29
PO01867,2023-04-08,SUP06,SKU0078,WH04,1264,11.05,2023-04-21,2023-04-19
PO01868,2023-12-11,SUP06,SKU0025,WH04,1978,177.28,2023-12-23,2023-12-23
PO01869,2024-12-12,SUP08,SKU0053,WH04,1683,151.67,2025-01-01,2024-12-29
PO01870,2023-02-22,SUP08,SKU0059,WH05,359,149.64,2023-03-14,2023-03-15
PO01871,2024-08-01,SUP06,SKU0011,WH03,1546,134.3,2024-08-10,2024-08-21
PO01872,2024-09-25,SUP09,SKU0018,WH05,4414,76.52,2024-10-26,2024-10-25
PO01873,2024-05-11,SUP04,SKU0008,WH02,4618,131.54,2024-05-25,2024-05-24
PO01874,2024-10-29,SUP06,SKU0015,WH01,3315,131.85,2024-11-07,2024-11-05
PO01875,2023-06-14,SUP01,SKU0046,WH04,1448,62.1,2023-06-29,2023-06-27
PO01876,2024-09-29,SUP05,SKU0032,WH03,1103,8.65,2024-10-25,2024-10-24
PO01877,2024-10-15,SUP01,SKU0011,WH02,3750,90.52,2024-10-29,2024-10-30
PO01878,2023-10-22,SUP08,SKU0071,WH03,1037,3.14,2023-11-15,2023-11-12
PO01879,2024-06-12,SUP06,SKU0004,WH02,1000,11.29,2024-06-22,2024-06-19
PO01880,2023-05-16,SUP07,SKU0048,WH02,2633,86.49,2023-05-28,2023-06-04
PO01881,2023-04-09,SUP03,SKU0016,WH03,743,99.73,2023-04-16,2023-04-16
PO01882,2024-09-13,SUP01,SKU0024,WH02,3564,177.63,2024-09-25,2024-09-24
PO01883,2024-06-18,SUP08,SKU0062,WH04,4239,26.57,2024-07-12,2024-07-14
PO01884,2024-09-20,SUP05,SKU0031,WH01,3600,44.66,2024-10-19,2024-11-05
PO01885,2023-03-26,SUP07,SKU0039,WH05,1946,121.37,2023-04-07,2023-04-08
PO01886,2023-08-12,SUP03,SKU0019,WH05,925,147.11,2023-08-18,2023-09-02
PO01887,2024-06-02,SUP05,SKU0057,WH03,3109,27.67,2024-06-29,2024-06-28
PO01888,2024-09-01,SUP01,SKU0050,WH02,856,168.98,2024-09-16,2024-09-16
PO01889,2023-11-03,SUP05,SKU0058,WH03,2488,55.45,2023-12-03,2023-11-30
PO01890,2023-09-15,SUP06,SKU0001,WH01,1787,161.6,2023-09-25,2023-09-29
PO01891,2024-10-11,SUP05,SKU0062,WH02,2255,105.72,2024-11-09,2024-11-13
PO01892,2024-11-27,SUP03,SKU0001,WH04,2879,126.71,2024-12-06,2024-12-05
PO01893,2024-02-11,SUP03,SKU0020,WH05,357,62.78,2024-02-19,2024-02-16
PO01894,2023-06-16,SUP09,SKU0006,WH05,4755,101.07,2023-07-16,2023-07-23
PO01895,2023-10-18,SUP09,SKU0023,WH02,1099,89.03,2023-11-19,2023-11-19
PO01896,2024-10-28,SUP01,SKU0030,WH02,3251,137.28,2024-11-12,2024-11-12
PO01897,2024-04-01,SUP03,SKU0009,WH03,1029,147.53,2024-04-11,2024-04-13
PO01898,2023-06-13,SUP02,SKU0026,WH05,592,90.11,2023-07-21,2023-07-18
PO01899,2023-03-11,SUP07,SKU0067,WH01,2169,95.36,2023-03-18,2023-03-19
PO01900,2023-05-23,SUP03,SKU0017,WH04,224,109.5,2023-05-31,2023-06-03
PO01901,2023-10-22,SUP10,SKU0049,WH03,4306,18.15,2023-11-05,2023-11-21
PO01902,2024-05-07,SUP09,SKU0007,WH03,4056,198.39,2024-06-08,2024-06-05
PO01903,2024-11-20,SUP09,SKU0016,WH01,914,163.57,2024-12-22,2025-01-11
PO01904,2024-08-08,SUP02,SKU0074,WH03,1002,90.79,2024-09-15,2024-09-22
PO01905,2024-08-13,SUP07,SKU0048,WH02,4859,58.87,2024-08-20,2024-08-17
PO01906,2023-08-08,SUP04,SKU0008,WH03,2847,32.0,2023-08-23,2023-08-20
PO01907,2023-01-11,SUP06,SKU0082,WH01,3590,27.67,2023-01-23,2023-01-23
PO01908,2023-09-20,SUP01,SKU0028,WH02,4115,24.66,2023-10-04,2023-10-02
PO01909,2024-06-12,SUP08,SKU0070,WH05,2722,54.38,2024-07-05,2024-07-04
PO01910,2024-05-10,SUP02,SKU0033,WH04,2130,81.83,2024-06-17,2024-06-18
PO01911,2023-07-24,SUP07,SKU0056,WH04,2397,30.03,2023-08-01,2023-07-29
PO01912,2023-09-11,SUP07,SKU0047,WH01,4015,110.85,2023-09-22,2023-09-23
PO01913,2023-03-07,SUP07,SKU0029,WH05,3264,53.88,2023-03-19,2023-03-18
PO01914,2024-12-24,SUP07,SKU0060,WH01,605,167.58,2025-01-02,2025-01-03
PO01915,2023-12-25,SUP07,SKU0038,WH02,4834,82.68,2024-01-01,2023-12-29
PO01916,2024-09-17,SUP10,SKU0028,WH03,232,103.06,2024-10-02,2024-10-03
PO01917,2023-03-21,SUP01,SKU0043,WH01,1358,5.17,2023-04-06,2023-04-04
PO01918,2024-02-06,SUP01,SKU0009,WH05,3583,111.44,2024-02-21,2024-02-20
PO01919,2024-04-09,SUP02,SKU0061,WH03,969,64.35,2024-05-12,2024-05-11
PO01920,2023-07-18,SUP09,SKU0013,WH02,3696,20.41,2023-08-18,2023-08-16
PO01921,2024-01-14,SUP05,SKU0030,WH02,948,146.53,2024-02-10,2024-02-08
PO01922,2023-02-21,SUP05,SKU0040,WH03,2882,32.97,2023-03-23,2023-04-10
PO01923,2024-01-20,SUP03,SKU0023,WH01,729,135.92,2024-01-26,2024-01-25
PO01924,2024-02-14,SUP08,SKU0064,WH02,4447,78.58,2024-03-04,2024-03-02
PO01925,2024-10-05,SUP09,SKU0017,WH02,1421,138.8,2024-11-03,2024-11-03
PO01926,2024-07-02,SUP03,SKU0009,WH01,390,3.23,2024-07-09,2024-07-08
PO01927,2024-06-03,SUP10,SKU0033,WH03,1751,170.38,2024-06-18,2024-06-15
PO01928,2023-10-14,SUP01,SKU0003,WH02,4311,35.13,2023-10-29,2023-11-08
PO01929,2023-05-10,SUP09,SKU0022,WH01,3634,80.1,2023-06-10,2023-06-18
PO01930,2024-04-06,SUP05,SKU0043,WH01,1820,130.63,2024-05-02,2024-04-29
PO01931,2023-08-28,SUP10,SKU0035,WH02,2362,107.34,2023-09-12,2023-09-13
PO01932,2023-04-04,SUP02,SKU0026,WH01,4218,180.49,2023-05-10,2023-05-23
PO01933,2023-07-04,SUP01,SKU0036,WH05,3713,105.02,2023-07-16,2023-07-15
PO01934,2023-05-14,SUP04,SKU0005,WH03,1021,19.11,2023-05-25,2023-05-23
PO01935,2023-04-19,SUP07,SKU0026,WH02,4937,135.4,2023-04-29,2023-04-26
PO01936,2023-05-09,SUP04,SKU0024,WH01,3492,74.51,2023-05-19,2023-05-17
PO01937,2023-04-13,SUP04,SKU0037,WH03,3480,169.74,2023-04-28,2023-04-29
PO01938,2023-09-20,SUP07,SKU0071,WH02,2186,67.12,2023-10-02,2023-10-01
PO01939,2024-11-02,SUP10,SKU0039,WH01,148,134.78,2024-11-16,2024-11-22
PO01940,2023-07-23,SUP03,SKU0010,WH01,173,23.82,2023-07-29,2023-08-03
PO01941,2024-10-28,SUP06,SKU0076,WH02,1780,13.64,2024-11-09,2024-11-08
PO01942,2024-09-01,SUP06,SKU0096,WH02,4619,10.08,2024-09-11,2024-09-18
PO01943,2023-08-09,SUP03,SKU0004,WH04,2420,152.12,2023-08-15,2023-08-16
PO01944,2023-05-30,SUP04,SKU0043,WH02,3797,135.36,2023-06-13,2023-06-13
PO01945,2024-01-21,SUP05,SKU0040,WH01,4021,28.77,2024-02-18,2024-02-17
PO01946,2023-05-12,SUP10,SKU0077,WH01,2247,161.67,2023-05-30,2023-05-31
PO01947,2023-01-17,SUP03,SKU0020,WH03,1370,100.8,2023-01-23,2023-02-02
PO01948,2023-11-18,SUP04,SKU0035,WH05,2642,106.46,2023-12-01,2023-12-01
PO01949,2024-12-05,SUP08,SKU0069,WH01,3100,163.55,2024-12-24,2024-12-22
PO01950,2023-05-18,SUP09,SKU0025,WH05,3428,191.83,2023-06-20,2023-06-21
PO01951,2023-11-20,SUP03,SKU0006,WH05,515,195.15,2023-11-27,2023-11-27
PO01952,2024-04-03,SUP04,SKU0019,WH03,1189,91.12,2024-04-14,2024-04-12
PO01953,2024-10-30,SUP04,SKU0029,WH04,3011,160.08,2024-11-11,2024-11-30
PO01954,2023-11-21,SUP05,SKU0073,WH03,707,153.02,2023-12-19,2023-12-19
PO01955,2024-07-27,SUP10,SKU0093,WH03,3614,190.89,2024-08-11,2024-08-08
PO01956,2023-08-02,SUP08,SKU0075,WH03,2905,28.29,2023-08-21,2023-08-20
PO01957,2024-03-23,SUP03,SKU0022,WH04,4724,110.78,2024-04-01,2024-04-12
PO01958,2023-03-02,SUP08,SKU0066,WH02,4871,169.76,2023-03-26,2023-04-06
PO01959,2024-02-22,SUP07,SKU0067,WH04,2594,164.23,2024-03-03,2024-02-29
PO01960,2023-05-19,SUP03,SKU0005,WH02,2907,8.36,2023-05-27,2023-05-28
PO01961,2024-10-21,SUP05,SKU0051,WH03,4137,194.64,2024-11-19,2024-11-18
PO01962,2024-02-15,SUP06,SKU0025,WH03,2845,5.89,2024-02-24,2024-02-21
PO01963,2024-01-14,SUP06,SKU0020,WH03,1017,126.64,2024-01-25,2024-01-23
PO01964,2023-08-26,SUP05,SKU0027,WH05,3623,102.48,2023-09-26,2023-10-10
PO01965,2024-05-12,SUP05,SKU0071,WH05,3548,50.52,2024-06-07,2024-06-23
PO01966,2024-08-13,SUP01,SKU0028,WH05,914,42.88,2024-08-26,2024-08-25
PO01967,2024-08-13,SUP06,SKU0092,WH05,3068,42.75,2024-08-23,2024-08-20
PO01968,2024-11-23,SUP03,SKU0005,WH03,2361,42.08,2024-12-01,2024-12-02
PO01969,2024-11-09,SUP03,SKU0001,WH02,1328,34.41,2024-11-14,2024-11-22
PO01970,2023-08-12,SUP10,SKU0039,WH01,3529,152.75,2023-08-28,2023-08-26
PO01971,2023-03-16,SUP02,SKU0038,WH05,1313,106.86,2023-04-20,2023-04-21
PO01972,2023-01-04,SUP02,SKU0071,WH04,787,144.87,2023-02-06,2023-02-16
PO01973,2024-01-05,SUP07,SKU0075,WH02,4678,123.51,2024-01-16,2024-01-15
PO01974,2024-07-14,SUP10,SKU0030,WH05,2348,123.97,2024-07-28,2024-07-27
PO01975,2023-06-16,SUP04,SKU0035,WH05,2828,21.57,2023-06-30,2023-06-30
PO01976,2023-12-31,SUP04,SKU0018,WH03,2274,17.67,2024-01-13,2024-01-12
PO01977,2023-12-11,SUP03,SKU0009,WH05,1249,113.18,2023-12-19,2023-12-20
PO01978,2024-08-24,SUP01,SKU0047,WH05,1967,47.04,2024-09-06,2024-09-04
PO01979,2024-09-17,SUP03,SKU0008,WH01,2094,4.52,2024-09-27,2024-09-24
PO01980,2023-09-28,SUP04,SKU0021,WH03,1498,18.09,2023-10-08,2023-10-06
PO01981,2024-12-28,SUP05,SKU0035,WH04,3307,75.02,2025-01-26,2025-01-27
PO01982,2023-08-19,SUP01,SKU0032,WH05,3595,116.75,2023-09-02,2023-08-30
PO01983,2024-08-05,SUP01,SKU0026,WH02,2781,16.58,2024-08-19,2024-08-19
PO01984,2024-04-01,SUP09,SKU0009,WH01,2061,119.94,2024-04-30,2024-04-28
PO01985,2023-02-27,SUP07,SKU0044,WH01,2660,35.02,2023-03-11,2023-03-11
PO01986,2024-03-07,SUP02,SKU0055,WH01,3724,65.81,2024-04-14,2024-04-13
PO01987,2024-08-26,SUP05,SKU0071,WH04,404,121.54,2024-09-26,2024-10-03
PO01988,2023-12-18,SUP07,SKU0067,WH01,2702,52.36,2023-12-27,2023-12-24
PO01989,2023-03-21,SUP01,SKU0031,WH05,4666,139.03,2023-04-06,2023-04-05
PO01990,2024-06-15,SUP02,SKU0052,WH05,3548,59.77,2024-07-20,2024-08-08
PO01991,2023-12-17,SUP07,SKU0069,WH05,2538,47.58,2023-12-27,2024-01-07
PO01992,2023-09-29,SUP10,SKU0086,WH03,4667,154.78,2023-10-17,2023-10-15
PO01993,2023-07-16,SUP03,SKU0012,WH04,4661,172.76,2023-07-25,2023-08-12
PO01994,2023-10-05,SUP01,SKU0025,WH03,3985,72.37,2023-10-22,2023-10-28
PO01995,2024-11-16,SUP05,SKU0031,WH02,3737,170.69,2024-12-17,2024-12-28
PO01996,2024-06-16,SUP05,SKU0032,WH03,1334,128.13,2024-07-17,2024-07-30
PO01997,2024-03-10,SUP04,SKU0010,WH01,4918,189.53,2024-03-24,2024-03-23
PO01998,2024-10-07,SUP09,SKU0018,WH04,3895,121.82,2024-11-06,2024-11-03
PO01999,2023-03-10,SUP06,SKU0096,WH02,716,86.98,2023-03-23,2023-03-24
PO02000,2023-07-02,SUP07,SKU0070,WH01,1580,13.29,2023-07-12,2023-07-13
PO02001,2023-03-01,SUP02,SKU0044,WH01,1115,89.34,2023-04-03,2023-04-11
PO02002,2023-03-03,SUP01,SKU0006,WH02,4801,27.1,2023-03-17,2023-03-14
PO02003,2023-12-13,SUP02,SKU0056,WH03,4607,136.9,2024-01-18,2024-01-27
PO02004,2023-03-30,SUP05,SKU0041,WH01,1908,70.86,2023-04-26,2023-04-24
PO02005,2023-02-01,SUP04,SKU0001,WH05,774,50.29,2023-02-14,2023-02-14
PO02006,2023-09-12,SUP01,SKU0002,WH04,588,50.08,2023-09-26,2023-09-23
PO02007,2023-06-12,SUP03,SKU0023,WH05,3429,135.51,2023-06-18,2023-06-15
PO02008,2023-05-11,SUP09,SKU0007,WH02,990,137.19,2023-06-09,2023-06-08
PO02009,2024-09-08,SUP09,SKU0006,WH04,4006,192.53,2024-10-09,2024-10-09
PO02010,2023-08-24,SUP07,SKU0050,WH01,4275,144.15,2023-09-01,2023-08-31
PO02011,2023-10-08,SUP01,SKU0040,WH02,2907,18.47,2023-10-23,2023-11-02
PO02012,2024-05-12,SUP05,SKU0048,WH01,4119,79.36,2024-06-08,2024-06-21
PO02013,2023-11-06,SUP09,SKU0015,WH04,3204,63.13,2023-12-07,2023-12-04
PO02014,2023-04-06,SUP05,SKU0057,WH05,1343,128.77,2023-05-04,2023-05-16
PO02015,2023-11-16,SUP03,SKU0019,WH05,4363,103.96,2023-11-25,2023-12-01
PO02016,2023-02-08,SUP03,SKU0001,WH01,2985,125.14,2023-02-15,2023-02-14
PO02017,2024-12-28,SUP04,SKU0001,WH05,4308,142.61,2025-01-07,2025-01-04
PO02018,2024-02-10,SUP04,SKU0049,WH01,4091,88.52,2024-02-21,2024-02-26
PO02019,2023-10-14,SUP07,SKU0064,WH04,1052,179.64,2023-10-22,2023-10-20
PO02020,2024-03-14,SUP02,SKU0032,WH04,3903,71.37,2024-04-17,2024-04-18
PO02021,2024-05-31,SUP06,SKU0076,WH01,2848,108.4,2024-06-11,2024-06-11
PO02022,2024-07-03,SUP02,SKU0037,WH04,1569,27.3,2024-08-08,2024-08-12
PO02023,2024-04-14,SUP01,SKU0019,WH02,1025,128.69,2024-04-26,2024-04-23
PO02024,2023-05-08,SUP05,SKU0030,WH03,3107,77.99,2023-06-05,2023-06-06
PO02025,2024-07-12,SUP10,SKU0096,WH02,1442,77.42,2024-07-27,2024-07-28
PO02026,2023-05-23,SUP10,SKU0043,WH04,3076,12.77,2023-06-07,2023-06-07
PO02027,2023-08-31,SUP07,SKU0060,WH03,1470,24.16,2023-09-09,2023-09-07
PO02028,2023-01-05,SUP10,SKU0087,WH02,1672,148.9,2023-01-19,2023-01-17
PO02029,2024-11-05,SUP01,SKU0048,WH04,1348,64.93,2024-11-20,2024-12-06
PO02030,2024-12-24,SUP08,SKU0066,WH02,348,81.21,2025-01-14,2025-01-15
PO02031,2024-07-04,SUP07,SKU0052,WH01,4386,83.96,2024-07-16,2024-07-15
PO02032,2023-03-15,SUP09,SKU0022,WH05,3988,109.71,2023-04-15,2023-04-26
PO02033,2024-06-13,SUP06,SKU0100,WH03,2558,139.15,2024-06-26,2024-06-23
PO02034,2024-04-19,SUP01,SKU0014,WH01,100,148.95,2024-05-06,2024-05-03
PO02035,2023-03-24,SUP09,SKU0021,WH04,1047,60.83,2023-04-22,2023-04-27
PO02036,2023-05-23,SUP08,SKU0055,WH05,99,85.34,2023-06-14,2023-06-13
PO02037,2024-03-18,SUP06,SKU0084,WH01,4169,28.28,2024-03-29,2024-03-30
PO02038,2023-09-26,SUP06,SKU0092,WH02,4320,197.49,2023-10-04,2023-10-11
PO02039,2024-05-13,SUP04,SKU0043,WH04,3187,33.86,2024-05-25,2024-05-25
PO02040,2023-08-28,SUP03,SKU0017,WH05,4331,96.26,2023-09-04,2023-09-05
PO02041,2024-05-06,SUP03,SKU0023,WH05,2565,52.96,2024-05-11,2024-05-11
PO02042,2024-04-19,SUP02,SKU0051,WH01,2669,41.76,2024-05-27,2024-05-25
PO02043,2024-07-28,SUP10,SKU0086,WH03,3197,175.02,2024-08-15,2024-09-02
PO02044,2023-03-13,SUP09,SKU0003,WH01,341,95.1,2023-04-14,2023-05-04
PO02045,2023-05-20,SUP08,SKU0051,WH01,2770,135.07,2023-06-09,2023-06-06
PO02046,2023-11-30,SUP06,SKU0090,WH01,3120,186.19,2023-12-09,2023-12-06
PO02047,2024-10-14,SUP07,SKU0027,WH03,2799,148.69,2024-10-21,2024-11-04
PO02048,2023-03-20,SUP07,SKU0071,WH02,2021,192.87,2023-03-29,2023-03-29
PO02049,2023-05-27,SUP10,SKU0041,WH02,4604,29.5,2023-06-10,2023-06-12
PO02050,2023-10-02,SUP04,SKU0008,WH04,1333,45.87,2023-10-13,2023-10-15
PO02051,2023-06-26,SUP07,SKU0035,WH03,251,108.07,2023-07-07,2023-07-05
PO02052,2023-11-25,SUP04,SKU0036,WH05,1897,143.98,2023-12-09,2023-12-10
PO02053,2023-11-27,SUP01,SKU0016,WH04,2326,39.43,2023-12-09,2023-12-07
PO02054,2023-06-17,SUP10,SKU0091,WH03,4400,25.78,2023-07-05,2023-07-04
PO02055,2024-05-10,SUP03,SKU0017,WH01,602,67.44,2024-05-18,2024-05-17
PO02056,2023-07-05,SUP01,SKU0050,WH05,2034,121.18,2023-07-19,2023-07-31
PO02057,2023-08-05,SUP07,SKU0072,WH05,1728,17.91,2023-08-17,2023-08-30
PO02058,2024-06-17,SUP05,SKU0028,WH05,3620,186.91,2024-07-15,2024-07-14
PO02059,2023-01-11,SUP03,SKU0024,WH03,504,2.61,2023-01-17,2023-02-05
PO02060,2023-06-15,SUP05,SKU0075,WH02,2551,175.26,2023-07-15,2023-07-22
PO02061,2023-05-17,SUP05,SKU0053,WH04,3533,106.01,2023-06-15,2023-06-16
PO02062,2024-04-07,SUP10,SKU0078,WH05,256,172.37,2024-04-24,2024-04-23
PO02063,2023-07-01,SUP10,SKU0045,WH05,929,141.99,2023-07-16,2023-07-20
PO02064,2023-04-10,SUP06,SKU0094,WH01,2136,171.9,2023-04-23,2023-05-06
PO02065,2023-10-24,SUP04,SKU0033,WH03,4331,30.92,2023-11-08,2023-11-22
PO02066,2023-02-17,SUP01,SKU0017,WH02,4468,69.95,2023-03-06,2023-03-14
PO02067,2023-05-04,SUP09,SKU0004,WH04,4747,27.81,2023-06-01,2023-06-02
PO02068,2023-08-17,SUP10,SKU0091,WH04,2970,196.15,2023-09-04,2023-09-23
PO02069,2024-10-30,SUP01,SKU0002,WH03,3562,155.76,2024-11-11,2024-11-30
PO02070,2023-02-28,SUP07,SKU0044,WH03,949,122.12,2023-03-10,2023-03-14
PO02071,2023-08-23,SUP01,SKU0041,WH04,952,30.42,2023-09-06,2023-09-14
PO02072,2024-05-03,SUP10,SKU0043,WH04,3495,113.0,2024-05-18,2024-05-15
PO02073,2023-05-27,SUP07,SKU0059,WH03,918,141.33,2023-06-05,2023-06-12
PO02074,2024-03-06,SUP07,SKU0040,WH05,3223,72.94,2024-03-17,2024-03-26
PO02075,2024-02-06,SUP01,SKU0043,WH02,1178,82.12,2024-02-23,2024-02-20
PO02076,2024-01-22,SUP03,SKU0005,WH03,3483,101.83,2024-01-30,2024-01-31
PO02077,2023-09-11,SUP07,SKU0074,WH02,2883,113.28,2023-09-23,2023-09-20
PO02078,2024-04-01,SUP01,SKU0028,WH02,4521,49.07,2024-04-15,2024-04-15
PO02079,2024-11-19,SUP09,SKU0001,WH04,3625,81.51,2024-12-19,2025-01-03
PO02080,2023-10-22,SUP06,SKU0011,WH05,4038,104.1,2023-11-04,2023-11-11
PO02081,2023-09-08,SUP02,SKU0070,WH04,727,29.23,2023-10-11,2023-10-09
PO02082,2023-09-28,SUP08,SKU0072,WH03,4854,9.44,2023-10-22,2023-10-20
PO02083,2024-11-21,SUP04,SKU0009,WH02,2036,187.28,2024-12-01,2024-12-02
PO02084,2023-05-21,SUP04,SKU0035,WH03,4629,154.62,2023-05-31,2023-05-29
PO02085,2024-06-21,SUP02,SKU0036,WH01,4995,174.44,2024-07-27,2024-07-25
PO02086,2024-01-23,SUP09,SKU0014,WH01,1528,102.73,2024-02-22,2024-02-24
PO02087,2024-08-04,SUP03,SKU0013,WH02,854,55.69,2024-08-13,2024-08-14
PO02088,2024-12-31,SUP03,SKU0016,WH04,4776,73.93,2025-01-10,2025-01-08
PO02089,2024-02-24,SUP08,SKU0063,WH04,4415,167.97,2024-03-17,2024-03-23
PO02090,2023-05-05,SUP09,SKU0021,WH01,2000,157.0,2023-06-04,2023-06-19
PO02091,2024-10-12,SUP03,SKU0009,WH04,4255,79.35,2024-10-21,2024-11-09
PO02092,2023-08-24,SUP05,SKU0061,WH02,4496,164.61,2023-09-23,2023-09-22
PO02093,2024-11-29,SUP07,SKU0068,WH02,2741,162.98,2024-12-08,2024-12-21
PO02094,2023-08-17,SUP03,SKU0012,WH03,3795,150.34,2023-08-23,2023-08-24
PO02095,2024-05-31,SUP05,SKU0050,WH03,2499,90.52,2024-06-29,2024-06-26
PO02096,2024-07-11,SUP02,SKU0054,WH05,4464,97.72,2024-08-16,2024-09-05
PO02097,2023-04-27,SUP07,SKU0033,WH02,4422,0.99,2023-05-06,2023-05-04
PO02098,2024-12-06,SUP04,SKU0002,WH01,742,111.19,2024-12-18,2024-12-19
PO02099,2023-10-20,SUP07,SKU0059,WH01,473,108.09,2023-10-30,2023-10-27
PO02100,2023-08-12,SUP09,SKU0004,WH03,1564,28.05,2023-09-13,2023-09-24
PO02101,2023-08-22,SUP03,SKU0004,WH02,3869,133.38,2023-08-30,2023-09-14
PO02102,2023-07-19,SUP10,SKU0037,WH03,1241,87.39,2023-08-03,2023-08-11
PO02103,2024-11-15,SUP02,SKU0031,WH05,1466,195.42,2024-12-20,2025-01-02
PO02104,2024-11-20,SUP10,SKU0037,WH04,1209,177.18,2024-12-04,2024-12-03
PO02105,2023-10-25,SUP02,SKU0038,WH01,3488,26.47,2023-11-27,2023-11-30
PO02106,2024-09-22,SUP08,SKU0059,WH05,4180,111.33,2024-10-11,2024-10-10
PO02107,2024-07-11,SUP01,SKU0023,WH02,3298,114.97,2024-07-23,2024-07-25
PO02108,2023-12-09,SUP09,SKU0001,WH02,2185,113.45,2024-01-08,2024-01-20
PO02109,2024-10-13,SUP09,SKU0021,WH03,2466,194.93,2024-11-10,2024-11-10
PO02110,2023-01-17,SUP10,SKU0082,WH05,2664,85.51,2023-02-03,2023-02-10
PO02111,2023-09-18,SUP07,SKU0054,WH05,3793,92.08,2023-09-28,2023-10-14
PO02112,2024-10-30,SUP10,SKU0049,WH05,4679,112.2,2024-11-14,2024-11-14
PO02113,2024-06-19,SUP01,SKU0006,WH05,4403,99.96,2024-07-06,2024-07-05
PO02114,2024-02-22,SUP04,SKU0032,WH03,136,195.37,2024-03-08,2024-03-06
PO02115,2024-09-01,SUP07,SKU0034,WH01,756,146.14,2024-09-09,2024-09-17
PO02116,2024-06-25,SUP05,SKU0058,WH04,334,48.79,2024-07-25,2024-08-09
PO02117,2023-07-30,SUP08,SKU0051,WH02,3227,143.32,2023-08-23,2023-08-24
PO02118,2023-02-06,SUP05,SKU0039,WH03,3183,103.27,2023-03-09,2023-03-24
PO02119,2024-03-29,SUP03,SKU0011,WH03,2216,92.63,2024-04-03,2024-04-01
PO02120,2023-02-09,SUP05,SKU0055,WH05,4354,175.48,2023-03-12,2023-03-25
PO02121,2024-06-01,SUP06,SKU0015,WH02,826,56.9,2024-06-14,2024-06-29
PO02122,2023-03-04,SUP03,SKU0012,WH05,3143,146.13,2023-03-12,2023-03-21
PO02123,2023-03-22,SUP05,SKU0031,WH04,2065,101.95,2023-04-21,2023-05-05
PO02124,2024-10-13,SUP01,SKU0021,WH05,2216,108.81,2024-10-25,2024-10-23
PO02125,2023-07-01,SUP04,SKU0026,WH04,4842,116.17,2023-07-15,2023-07-13
PO02126,2023-02-09,SUP04,SKU0009,WH03,3643,13.46,2023-02-23,2023-02-23
PO02127,2024-08-27,SUP07,SKU0046,WH01,4140,147.97,2024-09-08,2024-09-07
PO02128,2024-03-21,SUP01,SKU0012,WH02,2717,69.24,2024-04-06,2024-04-12
PO02129,2023-11-09,SUP10,SKU0027,WH05,243,172.04,2023-11-25,2023-11-23
PO02130,2023-12-20,SUP06,SKU0003,WH01,3056,4.13,2023-12-28,2023-12-27
PO02131,2023-04-08,SUP05,SKU0052,WH04,3587,129.93,2023-05-04,2023-05-22
PO02132,2024-07-07,SUP10,SKU0092,WH03,2677,24.15,2024-07-23,2024-07-22
PO02133,2023-05-28,SUP02,SKU0074,WH01,1577,14.77,2023-07-04,2023-07-06
PO02134,2023-12-20,SUP04,SKU0028,WH02,1061,76.15,2023-12-30,2023-12-30
PO02135,2024-09-06,SUP05,SKU0061,WH02,884,162.28,2024-10-05,2024-10-15
PO02136,2024-05-10,SUP07,SKU0026,WH03,4653,95.19,2024-05-17,2024-05-16
PO02137,2024-11-27,SUP03,SKU0013,WH02,4308,104.77,2024-12-02,2024-12-04
PO02138,2024-07-17,SUP05,SKU0074,WH03,4304,16.88,2024-08-17,2024-08-26
PO02139,2024-09-23,SUP07,SKU0068,WH05,3427,80.48,2024-10-05,2024-10-04
PO02140,2023-09-03,SUP03,SKU0007,WH02,174,90.37,2023-09-09,2023-09-10
PO02141,2024-06-30,SUP07,SKU0051,WH04,4170,86.51,2024-07-12,2024-07-22
PO02142,2023-02-09,SUP09,SKU0002,WH04,2495,109.87,2023-03-12,2023-03-09
PO02143,2024-03-04,SUP04,SKU0014,WH01,4730,70.21,2024-03-16,2024-03-17
PO02144,2023-01-15,SUP06,SKU0013,WH01,2607,93.36,2023-01-27,2023-01-26
PO02145,2023-12-20,SUP03,SKU0002,WH01,2389,51.5,2023-12-30,2023-12-27
PO02146,2024-08-12,SUP05,SKU0027,WH02,3088,124.95,2024-09-12,2024-09-24
PO02147,2023-07-27,SUP07,SKU0047,WH03,3722,149.27,2023-08-03,2023-08-09
PO02148,2024-04-01,SUP05,SKU0038,WH04,978,12.78,2024-04-29,2024-04-29
PO02149,2023-12-03,SUP09,SKU0014,WH02,1543,146.63,2024-01-02,2024-01-12
PO02150,2023-01-07,SUP07,SKU0074,WH04,2378,121.7,2023-01-16,2023-01-20
PO02151,2024-04-23,SUP07,SKU0030,WH02,2955,61.4,2024-05-03,2024-05-03
PO02152,2024-09-18,SUP09,SKU0019,WH04,2348,54.95,2024-10-21,2024-10-20
PO02153,2023-12-26,SUP06,SKU0077,WH02,2506,88.89,2024-01-04,2024-01-01
PO02154,2023-11-05,SUP01,SKU0024,WH05,4403,112.8,2023-11-18,2023-11-17
PO02155,2024-06-17,SUP01,SKU0015,WH04,661,90.59,2024-07-03,2024-06-30
PO02156,2024-07-31,SUP04,SKU0019,WH01,2577,124.97,2024-08-11,2024-08-09
PO02157,2024-03-08,SUP02,SKU0043,WH01,3342,176.39,2024-04-11,2024-04-17
PO02158,2023-11-27,SUP04,SKU0003,WH01,1140,53.27,2023-12-10,2023-12-08
PO02159,2024-10-22,SUP02,SKU0062,WH04,448,71.29,2024-11-29,2024-12-19
PO02160,2023-06-07,SUP10,SKU0076,WH03,59,194.75,2023-06-23,2023-06-22
PO02161,2023-01-10,SUP08,SKU0062,WH04,4480,154.01,2023-01-30,2023-01-29
PO02162,2023-05-09,SUP06,SKU0096,WH02,2125,41.8,2023-05-19,2023-06-05
PO02163,2024-02-25,SUP09,SKU0003,WH04,4160,40.56,2024-03-24,2024-03-24
PO02164,2023-03-19,SUP04,SKU0005,WH03,4336,77.09,2023-03-29,2023-03-30
PO02165,2023-02-25,SUP04,SKU0038,WH01,927,152.56,2023-03-08,2023-03-05
PO02166,2023-04-22,SUP01,SKU0006,WH01,4315,186.7,2023-05-09,2023-05-20
PO02167,2023-03-09,SUP08,SKU0060,WH03,2202,179.05,2023-04-02,2023-04-02
PO02168,2024-02-28,SUP03,SKU0011,WH02,2370,0.99,2024-03-09,2024-03-06
PO02169,2023-08-11,SUP06,SKU0095,WH01,415,133.89,2023-08-22,2023-08-22
PO02170,2024-07-17,SUP08,SKU0057,WH01,2528,125.74,2024-08-09,2024-08-07
PO02171,2023-02-03,SUP07,SKU0069,WH02,2336,16.76,2023-02-13,2023-03-04
PO02172,2023-10-26,SUP03,SKU0010,WH04,137,12.93,2023-11-04,2023-11-13
PO02173,2024-10-10,SUP09,SKU0024,WH05,3575,180.25,2024-11-07,2024-11-08
PO02174,2024-06-22,SUP03,SKU0006,WH01,2986,33.38,2024-07-02,2024-07-01
PO02175,2024-07-03,SUP01,SKU0032,WH04,262,146.38,2024-07-15,2024-07-16
PO02176,2024-04-08,SUP03,SKU0007,WH04,257,192.94,2024-04-13,2024-04-12
PO02177,2023-05-30,SUP10,SKU0030,WH04,3651,105.93,2023-06-13,2023-06-10
PO02178,2024-07-08,SUP04,SKU0023,WH04,3486,169.13,2024-07-21,2024-07-24
PO02179,2024-10-08,SUP06,SKU0077,WH01,2934,170.82,2024-10-18,2024-10-26
PO02180,2024-06-20,SUP06,SKU0016,WH03,3961,134.81,2024-06-30,2024-07-13
PO02181,2023-12-16,SUP06,SKU0090,WH04,829,173.23,2023-12-24,2023-12-24
PO02182,2023-04-24,SUP07,SKU0032,WH02,3537,48.39,2023-05-03,2023-05-21
PO02183,2024-10-02,SUP10,SKU0028,WH05,3604,131.02,2024-10-18,2024-10-18
PO02184,2024-05-13,SUP04,SKU0027,WH01,2019,47.15,2024-05-24,2024-05-24
PO02185,2023-10-22,SUP10,SKU0048,WH03,4589,166.09,2023-11-08,2023-11-12
PO02186,2024-03-13,SUP03,SKU0003,WH04,3243,165.46,2024-03-18,2024-03-25
PO02187,2023-04-01,SUP07,SKU0053,WH02,2985,170.4,2023-04-11,2023-04-08
PO02188,2024-11-07,SUP10,SKU0031,WH03,800,174.21,2024-11-22,2024-11-21
PO02189,2023-11-24,SUP08,SKU0067,WH02,2884,137.23,2023-12-18,2023-12-18
PO02190,2023-01-17,SUP10,SKU0027,WH01,3965,3.12,2023-02-05,2023-02-09
PO02191,2023-09-11,SUP03,SKU0021,WH01,4119,125.66,2023-09-16,2023-09-30
PO02192,2024-08-09,SUP01,SKU0047,WH04,836,70.19,2024-08-22,2024-08-22
PO02193,2024-01-15,SUP05,SKU0027,WH01,4599,97.87,2024-02-15,2024-02-20
PO02194,2023-11-28,SUP02,SKU0058,WH02,4346,63.1,2024-01-01,2023-12-29
PO02195,2024-02-19,SUP05,SKU0070,WH01,3400,192.58,2024-03-17,2024-03-16
PO02196,2024-03-16,SUP07,SKU0054,WH01,4673,184.95,2024-03-25,2024-04-08
PO02197,2024-04-11,SUP08,SKU0068,WH02,3269,150.14,2024-05-04,2024-05-05
PO02198,2024-08-26,SUP02,SKU0071,WH01,3162,180.39,2024-09-28,2024-09-28
PO02199,2023-05-29,SUP05,SKU0033,WH03,4480,120.01,2023-06-28,2023-06-29
PO02200,2024-09-09,SUP08,SKU0060,WH01,3635,88.01,2024-10-02,2024-10-18
PO02201,2024-04-10,SUP08,SKU0063,WH01,1887,118.88,2024-05-04,2024-05-03
PO02202,2023-07-26,SUP05,SKU0031,WH03,1561,81.46,2023-08-23,2023-09-05
PO02203,2023-01-18,SUP08,SKU0059,WH02,491,90.91,2023-02-06,2023-02-05
PO02204,2024-02-08,SUP01,SKU0038,WH05,4466,87.12,2024-02-21,2024-02-21
PO02205,2024-02-23,SUP03,SKU0001,WH03,771,28.67,2024-02-28,2024-02-26
PO02206,2024-12-12,SUP03,SKU0014,WH04,1832,88.93,2024-12-21,2024-12-22
PO02207,2024-07-15,SUP03,SKU0016,WH03,1229,159.32,2024-07-22,2024-08-05
PO02208,2023-10-03,SUP05,SKU0042,WH04,688,153.33,2023-10-31,2023-11-15
PO02209,2023-09-28,SUP06,SKU0088,WH04,3969,62.1,2023-10-07,2023-10-09
PO02210,2023-02-04,SUP04,SKU0038,WH03,3974,157.41,2023-02-16,2023-02-14
PO02211,2023-04-26,SUP09,SKU0008,WH02,2438,198.77,2023-05-28,2023-05-26
PO02212,2024-09-19,SUP01,SKU0050,WH05,3087,1.59,2024-10-04,2024-10-03
PO02213,2024-11-24,SUP04,SKU0026,WH02,4098,180.92,2024-12-06,2024-12-05
PO02214,2023-05-05,SUP05,SKU0037,WH01,2944,159.22,2023-05-31,2023-05-30
PO02215,2023-12-07,SUP09,SKU0010,WH02,1468,130.76,2024-01-09,2024-01-16
PO02216,2023-02-25,SUP04,SKU0041,WH01,3744,112.12,2023-03-12,2023-03-11
PO02217,2024-10-16,SUP05,SKU0030,WH01,589,72.12,2024-11-11,2024-11-08
PO02218,2024-11-10,SUP06,SKU0090,WH05,4912,123.8,2024-11-22,2024-11-21
PO02219,2023-10-17,SUP04,SKU0031,WH03,554,120.92,2023-10-28,2023-10-28
PO02220,2023-05-19,SUP09,SKU0003,WH01,2837,133.24,2023-06-19,2023-07-08
PO02221,2023-01-15,SUP08,SKU0066,WH04,535,159.25,2023-02-07,2023-02-04
PO02222,2023-03-05,SUP10,SKU0048,WH01,2129,51.86,2023-03-21,2023-03-19
PO02223,2024-04-08,SUP07,SKU0036,WH05,1877,143.91,2024-04-18,2024-04-19
PO02224,2023-03-06,SUP08,SKU0075,WH05,3041,60.54,2023-03-28,2023-03-25
PO02225,2023-05-24,SUP01,SKU0019,WH05,4418,19.61,2023-06-07,2023-06-09
PO02226,2024-05-11,SUP01,SKU0005,WH05,3658,31.13,2024-05-25,2024-05-26
PO02227,2023-11-02,SUP08,SKU0072,WH01,3304,40.81,2023-11-24,2023-11-29
PO02228,2024-09-05,SUP02,SKU0060,WH02,2007,111.78,2024-10-13,2024-10-13
PO02229,2023-06-26,SUP07,SKU0056,WH05,1736,100.83,2023-07-07,2023-07-08
PO02230,2023-03-09,SUP07,SKU0072,WH02,2568,89.22,2023-03-18,2023-03-17
PO02231,2023-03-10,SUP07,SKU0057,WH01,4048,29.33,2023-03-19,2023-03-17
PO02232,2023-12-31,SUP08,SKU0061,WH01,2831,122.92,2024-01-20,2024-01-18
PO02233,2023-10-26,SUP03,SKU0001,WH04,258,103.2,2023-11-03,2023-10-31
PO02234,2024-05-13,SUP02,SKU0063,WH01,919,55.96,2024-06-16,2024-06-23
PO02235,2024-10-16,SUP06,SKU0022,WH05,2229,89.64,2024-10-29,2024-11-03
PO02236,2023-07-03,SUP05,SKU0059,WH03,3407,129.28,2023-07-30,2023-07-27
PO02237,2024-09-15,SUP10,SKU0036,WH02,1776,69.3,2024-10-04,2024-10-04
PO02238,2023-11-28,SUP03,SKU0023,WH01,4765,66.43,2023-12-03,2023-12-04
PO02239,2023-08-24,SUP01,SKU0008,WH04,3871,156.21,2023-09-09,2023-09-06
PO02240,2024-01-29,SUP08,SKU0064,WH02,4627,115.78,2024-02-18,2024-02-15
PO02241,2023-07-05,SUP02,SKU0065,WH03,3622,155.88,2023-08-07,2023-08-27
PO02242,2023-06-09,SUP10,SKU0031,WH01,1263,14.28,2023-06-26,2023-07-11
PO02243,2023-07-12,SUP10,SKU0082,WH02,4841,186.58,2023-07-27,2023-08-06
PO02244,2023-02-19,SUP09,SKU0001,WH01,4757,42.34,2023-03-23,2023-03-27
PO02245,2024-03-07,SUP10,SKU0040,WH05,2304,180.98,2024-03-24,2024-04-11
PO02246,2024-10-30,SUP03,SKU0019,WH02,3470,162.14,2024-11-05,2024-11-08
PO02247,2023-06-29,SUP03,SKU0020,WH05,1041,25.83,2023-07-09,2023-07-20
PO02248,2023-03-15,SUP05,SKU0038,WH04,189,114.76,2023-04-13,2023-04-12
PO02249,2023-12-18,SUP02,SKU0071,WH05,3730,48.54,2024-01-22,2024-01-19
PO02250,2024-12-24,SUP05,SKU0047,WH03,639,141.03,2025-01-19,2025-01-17
PO02251,2023-08-12,SUP06,SKU0097,WH01,4231,54.82,2023-08-24,2023-08-22
PO02252,2024-05-12,SUP06,SKU0077,WH04,3467,178.37,2024-05-22,2024-05-20
PO02253,2024-12-11,SUP04,SKU0036,WH01,3515,105.49,2024-12-24,2025-01-09
PO02254,2023-02-12,SUP07,SKU0057,WH05,3148,190.04,2023-02-19,2023-02-25
PO02255,2024-03-23,SUP09,SKU0012,WH05,4632,147.13,2024-04-24,2024-04-25
PO02256,2023-03-31,SUP06,SKU0091,WH04,4506,153.55,2023-04-10,2023-04-09
PO02257,2024-04-13,SUP06,SKU0100,WH04,2727,51.76,2024-04-24,2024-05-08
PO02258,2023-10-12,SUP01,SKU0002,WH02,382,199.16,2023-10-26,2023-10-24
PO02259,2023-01-22,SUP06,SKU0020,WH05,2260,195.01,2023-02-03,2023-02-01
PO02260,2024-04-22,SUP02,SKU0028,WH04,3754,177.62,2024-05-25,2024-05-30
PO02261,2024-01-04,SUP10,SKU0032,WH01,3883,41.26,2024-01-22,2024-02-11
PO02262,2023-07-10,SUP09,SKU0021,WH04,4539,93.39,2023-08-07,2023-08-06
PO02263,2024-10-13,SUP05,SKU0028,WH05,2087,61.55,2024-11-11,2024-11-28
PO02264,2023-11-18,SUP07,SKU0046,WH05,2636,78.23,2023-11-27,2023-12-15
PO02265,2023-05-12,SUP10,SKU0076,WH02,2490,78.74,2023-05-31,2023-06-04
PO02266,2024-07-04,SUP06,SKU0017,WH03,3206,133.39,2024-07-17,2024-07-15
PO02267,2023-03-02,SUP01,SKU0024,WH02,1807,77.74,2023-03-17,2023-03-16
PO02268,2024-06-04,SUP02,SKU0057,WH05,4563,86.39,2024-07-10,2024-07-22
PO02269,2023-02-28,SUP04,SKU0048,WH03,2433,55.5,2023-03-14,2023-03-11
PO02270,2023-11-09,SUP01,SKU0017,WH05,741,154.13,2023-11-23,2023-11-24
PO02271,2024-07-09,SUP01,SKU0019,WH04,604,190.24,2024-07-21,2024-07-20
PO02272,2024-03-19,SUP05,SKU0033,WH02,63,101.78,2024-04-14,2024-04-30
PO02273,2024-02-21,SUP07,SKU0055,WH01,2463,4.35,2024-03-03,2024-03-02
PO02274,2024-11-08,SUP10,SKU0031,WH03,4359,89.01,2024-11-24,2024-12-07
PO02275,2023-06-21,SUP03,SKU0025,WH03,53,120.78,2023-07-01,2023-07-04
PO02276,2024-06-02,SUP08,SKU0054,WH02,1315,64.53,2024-06-24,2024-06-25
PO02277,2024-06-05,SUP02,SKU0038,WH05,3065,97.71,2024-07-12,2024-07-13
PO02278,2024-07-10,SUP08,SKU0068,WH04,2730,35.84,2024-08-01,2024-08-17
PO02279,2024-09-26,SUP04,SKU0047,WH01,4634,147.21,2024-10-07,2024-10-18
PO02280,2023-02-17,SUP10,SKU0088,WH04,3093,104.96,2023-03-03,2023-03-18
PO02281,2023-09-16,SUP05,SKU0074,WH01,4110,179.19,2023-10-12,2023-10-21
PO02282,2024-12-16,SUP09,SKU0005,WH02,3850,102.18,2025-01-13,2025-01-15
PO02283,2024-02-19,SUP06,SKU0084,WH03,2526,95.44,2024-03-01,2024-03-06
PO02284,2023-12-17,SUP02,SKU0060,WH03,1660,40.4,2024-01-22,2024-01-20
PO02285,2023-01-09,SUP06,SKU0009,WH02,3022,10.25,2023-01-20,2023-01-20
PO02286,2024-02-07,SUP05,SKU0073,WH04,4692,117.43,2024-03-05,2024-03-06
PO02287,2023-08-05,SUP06,SKU0019,WH03,2612,79.0,2023-08-16,2023-08-13
PO02288,2023-10-07,SUP10,SKU0093,WH05,3342,61.69,2023-10-25,2023-10-25
PO02289,2024-04-26,SUP04,SKU0032,WH01,3436,129.41,2024-05-08,2024-05-20
PO02290,2024-06-17,SUP01,SKU0014,WH04,2169,32.76,2024-07-04,2024-07-03
PO02291,2023-09-19,SUP04,SKU0017,WH02,4118,84.71,2023-09-30,2023-09-29
PO02292,2024-06-25,SUP07,SKU0041,WH01,2404,71.75,2024-07-06,2024-07-06
PO02293,2024-03-15,SUP09,SKU0011,WH03,465,64.76,2024-04-15,2024-05-05
PO02294,2024-05-23,SUP10,SKU0100,WH05,2849,111.11,2024-06-11,2024-06-09
PO02295,2023-12-30,SUP08,SKU0057,WH03,4065,157.67,2024-01-20,2024-01-19
PO02296,2023-12-02,SUP09,SKU0011,WH03,4041,25.47,2024-01-04,2024-01-03
PO02297,2024-01-20,SUP03,SKU0025,WH04,3002,9.16,2024-01-28,2024-01-29
PO02298,2023-01-05,SUP04,SKU0045,WH02,1230,168.18,2023-01-19,2023-01-17
PO02299,2023-09-09,SUP01,SKU0017,WH03,3046,159.92,2023-09-22,2023-09-21
PO02300,2023-09-15,SUP05,SKU0048,WH05,2610,12.94,2023-10-16,2023-10-14
PO02301,2024-12-25,SUP10,SKU0076,WH02,733,157.58,2025-01-13,2025-01-14
PO02302,2023-11-25,SUP05,SKU0044,WH03,4715,36.09,2023-12-23,2024-01-01
PO02303,2024-07-24,SUP02,SKU0069,WH05,4172,124.86,2024-08-27,2024-08-26
PO02304,2024-11-15,SUP08,SKU0068,WH05,1670,197.56,2024-12-05,2024-12-05
PO02305,2024-10-12,SUP02,SKU0060,WH03,3423,25.27,2024-11-16,2024-11-17
PO02306,2024-05-23,SUP04,SKU0030,WH01,773,92.75,2024-06-06,2024-06-11
PO02307,2023-07-31,SUP10,SKU0038,WH04,2459,198.53,2023-08-16,2023-09-05
PO02308,2023-11-27,SUP01,SKU0009,WH03,3879,1.95,2023-12-13,2023-12-14
PO02309,2023-10-04,SUP03,SKU0014,WH04,2873,141.64,2023-10-14,2023-10-11
PO02310,2024-04-27,SUP05,SKU0033,WH03,559,109.77,2024-05-27,2024-05-25
PO02311,2024-05-14,SUP05,SKU0072,WH04,4391,181.04,2024-06-09,2024-06-09
PO02312,2023-08-29,SUP07,SKU0045,WH01,690,22.69,2023-09-10,2023-09-08
PO02313,2023-01-25,SUP10,SKU0034,WH04,4856,182.41,2023-02-13,2023-02-13
PO02314,2024-01-15,SUP10,SKU0046,WH04,4483,137.41,2024-02-01,2024-02-07
PO02315,2024-01-27,SUP02,SKU0068,WH03,3884,93.3,2024-03-02,2024-03-13
PO02316,2023-04-27,SUP01,SKU0010,WH05,4206,44.69,2023-05-12,2023-05-09
PO02317,2023-12-27,SUP08,SKU0061,WH03,700,173.35,2024-01-18,2024-01-17
PO02318,2023-02-24,SUP04,SKU0031,WH02,606,83.13,2023-03-11,2023-03-11
PO02319,2023-03-09,SUP10,SKU0094,WH05,170,51.59,2023-03-27,2023-03-28
PO02320,2024-08-24,SUP04,SKU0044,WH03,1945,40.34,2024-09-08,2024-09-05
PO02321,2024-08-27,SUP09,SKU0016,WH01,2289,126.27,2024-09-26,2024-09-27
PO02322,2024-10-30,SUP07,SKU0059,WH03,2167,5.73,2024-11-10,2024-11-07
PO02323,2024-08-04,SUP02,SKU0042,WH01,4345,82.23,2024-09-11,2024-09-13
PO02324,2023-09-30,SUP08,SKU0065,WH04,1923,126.15,2023-10-23,2023-10-22
PO02325,2024-07-07,SUP09,SKU0010,WH03,2226,129.4,2024-08-09,2024-08-09
PO02326,2024-08-11,SUP06,SKU0020,WH02,424,76.64,2024-08-19,2024-08-17
PO02327,2023-09-19,SUP01,SKU0010,WH05,1211,176.02,2023-10-01,2023-09-30
PO02328,2024-08-11,SUP06,SKU0002,WH02,4819,155.3,2024-08-23,2024-08-24
PO02329,2024-07-03,SUP01,SKU0036,WH04,304,40.73,2024-07-18,2024-07-15
PO02330,2024-11-20,SUP09,SKU0012,WH05,496,69.81,2024-12-19,2024-12-18
PO02331,2023-03-02,SUP09,SKU0019,WH02,1191,59.7,2023-03-31,2023-04-20
PO02332,2023-09-06,SUP03,SKU0007,WH04,1235,92.07,2023-09-16,2023-09-17
PO02333,2024-02-01,SUP07,SKU0050,WH04,1113,177.29,2024-02-08,2024-02-24
PO02334,2023-09-27,SUP04,SKU0030,WH03,893,137.3,2023-10-07,2023-10-06
PO02335,2023-03-25,SUP09,SKU0015,WH05,1648,95.07,2023-04-26,2023-04-24
PO02336,2024-02-21,SUP04,SKU0038,WH05,3099,5.27,2024-03-02,2024-02-29
PO02337,2023-04-23,SUP06,SKU0009,WH01,3791,20.28,2023-05-06,2023-05-17
PO02338,2024-05-11,SUP02,SKU0036,WH03,2260,52.49,2024-06-15,2024-06-20
PO02339,2024-12-07,SUP07,SKU0046,WH03,3957,39.93,2024-12-14,2024-12-15
PO02340,2024-12-02,SUP01,SKU0027,WH02,3876,84.07,2024-12-14,2024-12-12
PO02341,2024-12-08,SUP03,SKU0016,WH05,3284,172.9,2024-12-17,2024-12-17
PO02342,2023-03-20,SUP07,SKU0036,WH01,558,192.64,2023-03-27,2023-03-27
PO02343,2023-05-29,SUP02,SKU0059,WH05,779,54.52,2023-07-03,2023-07-20
PO02344,2024-11-24,SUP04,SKU0047,WH03,2205,191.05,2024-12-09,2024-12-09
PO02345,2023-09-04,SUP04,SKU0025,WH03,4122,21.38,2023-09-14,2023-09-14
PO02346,2023-11-26,SUP09,SKU0006,WH04,4125,76.83,2023-12-28,2023-12-30
PO02347,2023-12-07,SUP04,SKU0019,WH03,1720,9.23,2023-12-21,2023-12-18
PO02348,2024-07-20,SUP07,SKU0065,WH02,2534,127.71,2024-07-28,2024-07-27
PO02349,2024-02-02,SUP02,SKU0059,WH04,3530,20.14,2024-03-11,2024-03-12
PO02350,2024-11-05,SUP02,SKU0063,WH01,4671,139.12,2024-12-08,2024-12-07
PO02351,2024-09-23,SUP09,SKU0001,WH03,2294,18.74,2024-10-21,2024-10-20
PO02352,2024-10-24,SUP04,SKU0002,WH01,2454,14.45,2024-11-03,2024-11-01
PO02353,2023-04-29,SUP02,SKU0028,WH03,1306,171.99,2023-06-02,2023-06-03
PO02354,2024-04-22,SUP02,SKU0033,WH01,4478,63.99,2024-05-26,2024-05-28
PO02355,2024-02-27,SUP07,SKU0034,WH02,4928,59.32,2024-03-05,2024-03-02
PO02356,2023-07-05,SUP07,SKU0075,WH02,1162,135.25,2023-07-12,2023-07-13
PO02357,2024-06-03,SUP06,SKU0081,WH04,3862,96.03,2024-06-15,2024-06-26
PO02358,2023-08-14,SUP02,SKU0040,WH04,968,125.04,2023-09-21,2023-09-21
PO02359,2023-06-15,SUP04,SKU0014,WH04,2026,66.44,2023-06-27,2023-06-24
PO02360,2024-05-17,SUP01,SKU0036,WH01,2306,136.03,2024-06-03,2024-06-02
PO02361,2024-03-22,SUP10,SKU0085,WH02,3104,83.96,2024-04-10,2024-04-08
PO02362,2023-02-21,SUP04,SKU0025,WH02,1524,179.32,2023-03-06,2023-03-05
PO02363,2023-09-06,SUP04,SKU0039,WH03,3708,42.81,2023-09-21,2023-09-20
PO02364,2023-09-25,SUP05,SKU0047,WH05,4617,183.82,2023-10-24,2023-10-23
PO02365,2023-11-26,SUP07,SKU0031,WH02,362,133.98,2023-12-06,2023-12-06
PO02366,2023-05-02,SUP07,SKU0037,WH03,4475,61.9,2023-05-09,2023-05-10
PO02367,2023-04-16,SUP08,SKU0062,WH04,2800,164.74,2023-05-10,2023-05-10
PO02368,2023-10-22,SUP03,SKU0023,WH01,2082,77.33,2023-10-29,2023-10-28
PO02369,2024-04-26,SUP04,SKU0013,WH05,102,30.25,2024-05-10,2024-05-11
PO02370,2024-01-26,SUP08,SKU0075,WH02,1634,192.45,2024-02-19,2024-02-18
PO02371,2023-01-07,SUP01,SKU0038,WH05,4855,43.69,2023-01-20,2023-01-17
PO02372,2024-05-28,SUP03,SKU0013,WH01,1391,145.2,2024-06-03,2024-06-01
PO02373,2023-08-20,SUP01,SKU0040,WH01,1325,46.11,2023-09-05,2023-09-03
PO02374,2023-06-12,SUP02,SKU0030,WH04,2843,4.88,2023-07-18,2023-07-18
PO02375,2024-11-12,SUP07,SKU0047,WH02,1162,16.98,2024-11-19,2024-11-27
PO02376,2023-06-22,SUP08,SKU0067,WH05,2618,109.07,2023-07-12,2023-07-13
PO02377,2023-12-05,SUP09,SKU0021,WH01,324,49.86,2024-01-04,2024-01-18
PO02378,2023-10-05,SUP04,SKU0032,WH05,3634,113.91,2023-10-20,2023-10-19
PO02379,2024-02-23,SUP10,SKU0027,WH01,1769,18.01,2024-03-11,2024-03-25
PO02380,2024-11-19,SUP08,SKU0056,WH02,4386,43.65,2024-12-11,2024-12-12
PO02381,2023-06-03,SUP06,SKU0082,WH04,3293,169.67,2023-06-13,2023-06-10
PO02382,2024-05-07,SUP09,SKU0010,WH02,721,179.54,2024-06-06,2024-06-06
PO02383,2024-10-29,SUP09,SKU0006,WH02,4789,61.91,2024-11-26,2024-11-30
PO02384,2023-09-15,SUP08,SKU0068,WH01,1608,144.41,2023-10-05,2023-10-03
PO02385,2023-12-10,SUP08,SKU0071,WH02,586,189.16,2023-12-30,2023-12-29
PO02386,2023-03-07,SUP03,SKU0009,WH04,4280,49.05,2023-03-16,2023-03-21
PO02387,2024-04-22,SUP02,SKU0056,WH05,3731,68.18,2024-05-25,2024-06-09
PO02388,2024-08-07,SUP04,SKU0026,WH02,1093,47.53,2024-08-19,2024-08-20
PO02389,2024-11-18,SUP05,SKU0045,WH03,1387,172.24,2024-12-15,2024-12-31
PO02390,2023-07-27,SUP02,SKU0066,WH05,4447,117.06,2023-08-30,2023-08-29
PO02391,2024-07-29,SUP02,SKU0075,WH03,4220,124.34,2024-08-31,2024-09-06
PO02392,2023-07-23,SUP03,SKU0007,WH04,1823,146.3,2023-07-30,2023-07-28
PO02393,2023-10-14,SUP08,SKU0073,WH03,4436,59.96,2023-11-06,2023-11-04
PO02394,2023-08-20,SUP07,SKU0037,WH05,3024,137.89,2023-08-28,2023-08-29
PO02395,2024-03-21,SUP06,SKU0007,WH02,4181,189.63,2024-03-31,2024-04-04
PO02396,2024-10-04,SUP03,SKU0002,WH05,232,182.99,2024-10-09,2024-10-08
PO02397,2023-07-29,SUP05,SKU0070,WH03,3690,153.31,2023-08-27,2023-09-01
PO02398,2023-09-04,SUP04,SKU0015,WH04,333,138.09,2023-09-18,2023-09-16
PO02399,2024-10-19,SUP09,SKU0012,WH01,1181,182.21,2024-11-20,2024-11-18
PO02400,2023-08-29,SUP09,SKU0007,WH03,955,42.83,2023-09-29,2023-09-27
PO02401,2023-12-14,SUP01,SKU0015,WH02,2616,15.36,2023-12-26,2023-12-23
PO02402,2024-01-29,SUP05,SKU0066,WH05,3686,80.64,2024-02-27,2024-02-27
PO02403,2023-06-28,SUP07,SKU0051,WH04,4404,75.57,2023-07-06,2023-07-03
PO02404,2024-09-19,SUP08,SKU0067,WH05,4849,58.91,2024-10-10,2024-10-11
PO02405,2024-02-22,SUP06,SKU0001,WH02,3981,78.63,2024-03-04,2024-03-08
PO02406,2024-12-23,SUP01,SKU0019,WH04,4034,83.8,2025-01-09,2025-01-08
PO02407,2023-06-30,SUP10,SKU0084,WH01,2627,192.1,2023-07-17,2023-07-17
PO02408,2023-09-09,SUP03,SKU0016,WH04,1107,56.24,2023-09-19,2023-09-27
PO02409,2024-12-22,SUP09,SKU0005,WH01,788,134.33,2025-01-22,2025-01-22
PO02410,2024-07-20,SUP10,SKU0090,WH04,4666,8.45,2024-08-06,2024-08-03
PO02411,2024-05-20,SUP07,SKU0056,WH02,2327,130.85,2024-05-29,2024-06-17
PO02412,2023-12-27,SUP05,SKU0057,WH02,4481,7.05,2024-01-27,2024-01-24
PO02413,2024-10-04,SUP02,SKU0072,WH01,3124,22.33,2024-11-07,2024-11-11
PO02414,2023-04-17,SUP05,SKU0073,WH02,1482,15.15,2023-05-16,2023-05-13
PO02415,2024-07-02,SUP05,SKU0049,WH02,4127,31.63,2024-07-31,2024-08-05
PO02416,2023-09-30,SUP03,SKU0006,WH01,2082,194.49,2023-10-10,2023-10-09
PO02417,2023-02-24,SUP10,SKU0089,WH02,92,188.61,2023-03-11,2023-03-10
PO02418,2023-03-29,SUP09,SKU0018,WH03,652,118.82,2023-04-27,2023-04-27
PO02419,2024-02-26,SUP01,SKU0040,WH01,130,139.87,2024-03-10,2024-03-20
PO02420,2023-01-10,SUP02,SKU0068,WH01,248,195.68,2023-02-15,2023-02-21
PO02421,2024-03-11,SUP05,SKU0041,WH04,1299,141.28,2024-04-08,2024-04-07
PO02422,2024-09-12,SUP09,SKU0008,WH04,2159,0.97,2024-10-12,2024-10-28
PO02423,2023-07-11,SUP10,SKU0028,WH03,4736,81.18,2023-07-29,2023-08-07
PO02424,2023-11-21,SUP02,SKU0044,WH02,2303,54.33,2023-12-27,2023-12-28
PO02425,2023-02-16,SUP06,SKU0093,WH03,648,189.19,2023-03-01,2023-03-18
PO02426,2024-12-05,SUP02,SKU0049,WH05,424,93.53,2025-01-11,2025-01-09
PO02427,2023-05-28,SUP03,SKU0007,WH04,2131,84.71,2023-06-02,2023-06-03
PO02428,2023-02-19,SUP09,SKU0024,WH02,3851,190.74,2023-03-24,2023-04-13
PO02429,2023-01-27,SUP01,SKU0025,WH02,3089,26.01,2023-02-12,2023-02-10
PO02430,2024-09-18,SUP01,SKU0008,WH03,1082,181.36,2024-10-04,2024-10-05
PO02431,2023-09-30,SUP01,SKU0027,WH04,4323,35.61,2023-10-17,2023-10-17
PO02432,2024-02-27,SUP10,SKU0045,WH02,4781,115.88,2024-03-13,2024-03-12
PO02433,2024-02-21,SUP03,SKU0024,WH04,4540,143.05,2024-03-01,2024-03-07
PO02434,2024-09-14,SUP08,SKU0053,WH04,3060,132.41,2024-10-08,2024-10-07
PO02435,2023-11-17,SUP07,SKU0065,WH04,1785,13.23,2023-11-29,2023-11-28
PO02436,2024-08-21,SUP05,SKU0069,WH02,1936,101.16,2024-09-18,2024-10-05
PO02437,2024-07-03,SUP06,SKU0003,WH01,3883,42.97,2024-07-15,2024-07-13
PO02438,2024-06-27,SUP03,SKU0014,WH03,4726,19.79,2024-07-02,2024-06-30
PO02439,2023-08-07,SUP05,SKU0069,WH03,3670,178.56,2023-09-05,2023-09-06
PO02440,2023-01-14,SUP06,SKU0012,WH01,2387,181.33,2023-01-25,2023-01-25
PO02441,2023-06-13,SUP09,SKU0011,WH01,3537,60.99,2023-07-13,2023-08-01
PO02442,2023-02-18,SUP08,SKU0070,WH03,3558,10.81,2023-03-11,2023-03-08
PO02443,2024-09-04,SUP09,SKU0010,WH04,4586,159.52,2024-10-04,2024-10-06
PO02444,2023-03-16,SUP05,SKU0039,WH05,412,184.74,2023-04-13,2023-04-11
PO02445,2024-11-08,SUP02,SKU0027,WH03,1647,51.68,2024-12-14,2024-12-30
PO02446,2023-08-08,SUP07,SKU0040,WH05,2599,23.38,2023-08-19,2023-08-19
PO02447,2023-12-11,SUP08,SKU0058,WH02,2245,89.14,2024-01-01,2023-12-31
PO02448,2023-08-09,SUP01,SKU0038,WH03,1094,101.54,2023-08-21,2023-08-19
PO02449,2023-09-20,SUP02,SKU0044,WH02,4031,192.36,2023-10-25,2023-10-25
PO02450,2024-11-28,SUP08,SKU0072,WH04,3850,46.04,2024-12-21,2024-12-21
PO02451,2023-01-26,SUP05,SKU0068,WH01,172,145.11,2023-02-22,2023-02-26
PO02452,2023-12-29,SUP07,SKU0072,WH02,3833,25.01,2024-01-08,2024-01-06
PO02453,2023-03-18,SUP02,SKU0054,WH05,3531,98.41,2023-04-20,2023-04-22
PO02454,2024-07-15,SUP01,SKU0018,WH02,3848,44.08,2024-07-29,2024-07-30
PO02455,2023-11-05,SUP01,SKU0011,WH02,896,195.34,2023-11-21,2023-11-20
PO02456,2023-03-31,SUP07,SKU0035,WH02,4601,151.54,2023-04-09,2023-04-08
PO02457,2023-04-19,SUP08,SKU0051,WH04,1605,23.57,2023-05-11,2023-05-11
PO02458,2023-01-15,SUP02,SKU0034,WH02,268,162.59,2023-02-18,2023-02-26
PO02459,2024-09-09,SUP01,SKU0035,WH02,3171,84.18,2024-09-24,2024-09-29
PO02460,2024-06-26,SUP09,SKU0005,WH01,2563,173.53,2024-07-29,2024-07-27
PO02461,2023-03-18,SUP02,SKU0052,WH01,1448,101.92,2023-04-24,2023-05-06
PO02462,2024-10-16,SUP07,SKU0039,WH05,3022,66.07,2024-10-28,2024-10-27
PO02463,2024-08-07,SUP01,SKU0015,WH02,281,139.36,2024-08-23,2024-08-23
PO02464,2024-12-17,SUP09,SKU0019,WH01,3264,77.16,2025-01-14,2025-01-14
PO02465,2023-12-29,SUP09,SKU0010,WH03,2788,44.58,2024-01-30,2024-01-30
PO02466,2024-11-04,SUP01,SKU0006,WH05,848,74.37,2024-11-19,2024-12-01
PO02467,2023-01-19,SUP04,SKU0012,WH04,1051,116.62,2023-01-31,2023-01-31
PO02468,2023-04-15,SUP02,SKU0028,WH03,549,132.78,2023-05-22,2023-05-19
PO02469,2023-11-04,SUP06,SKU0089,WH02,4682,185.01,2023-11-13,2023-11-29
PO02470,2024-02-19,SUP07,SKU0039,WH04,854,120.27,2024-02-26,2024-02-25
PO02471,2024-11-25,SUP06,SKU0024,WH05,3258,114.4,2024-12-03,2024-12-03
PO02472,2024-08-11,SUP07,SKU0026,WH03,881,88.39,2024-08-23,2024-08-20
PO02473,2023-06-23,SUP02,SKU0058,WH04,4044,165.84,2023-07-29,2023-07-26
PO02474,2024-05-30,SUP06,SKU0091,WH02,4947,30.55,2024-06-10,2024-06-10
PO02475,2024-06-30,SUP03,SKU0001,WH04,1522,184.72,2024-07-08,2024-07-06
PO02476,2023-10-06,SUP01,SKU0029,WH02,3728,97.01,2023-10-22,2023-10-30
PO02477,2023-04-02,SUP05,SKU0048,WH04,1150,132.38,2023-04-29,2023-04-27
PO02478,2024-10-01,SUP04,SKU0014,WH05,4388,100.0,2024-10-15,2024-10-16
PO02479,2024-02-15,SUP08,SKU0075,WH03,506,118.05,2024-03-08,2024-03-06
PO02480,2023-08-12,SUP08,SKU0064,WH04,3788,193.54,2023-09-03,2023-09-02
PO02481,2023-01-26,SUP01,SKU0037,WH03,4216,64.03,2023-02-12,2023-02-13
PO02482,2024-12-31,SUP06,SKU0095,WH02,3565,131.8,2025-01-09,2025-01-29
PO02483,2024-08-28,SUP03,SKU0001,WH01,2088,64.03,2024-09-02,2024-09-03
PO02484,2024-06-08,SUP05,SKU0034,WH03,1360,100.34,2024-07-05,2024-07-06
PO02485,2024-08-19,SUP04,SKU0016,WH05,1774,72.93,2024-09-03,2024-09-01
PO02486,2024-02-17,SUP02,SKU0068,WH02,3617,30.55,2024-03-23,2024-03-20
PO02487,2024-10-30,SUP09,SKU0025,WH02,4483,176.58,2024-11-27,2024-11-24
PO02488,2024-04-27,SUP10,SKU0089,WH05,2634,13.25,2024-05-11,2024-05-11
PO02489,2024-10-05,SUP08,SKU0065,WH05,1116,161.67,2024-10-25,2024-10-22
PO02490,2023-09-04,SUP03,SKU0024,WH04,2578,68.83,2023-09-09,2023-09-07
PO02491,2024-10-22,SUP05,SKU0038,WH04,258,1.3,2024-11-19,2024-11-16
PO02492,2024-08-11,SUP01,SKU0010,WH02,4542,170.15,2024-08-25,2024-08-26
PO02493,2024-06-26,SUP09,SKU0018,WH05,2048,198.99,2024-07-29,2024-08-14
PO02494,2024-10-02,SUP04,SKU0006,WH01,3690,108.88,2024-10-13,2024-10-13
PO02495,2024-06-02,SUP02,SKU0046,WH04,3454,82.16,2024-07-09,2024-07-06
PO02496,2024-06-19,SUP08,SKU0074,WH03,1431,56.32,2024-07-08,2024-07-07
PO02497,2023-02-03,SUP04,SKU0023,WH02,2157,198.77,2023-02-13,2023-02-11
PO02498,2024-09-21,SUP03,SKU0002,WH01,4260,19.54,2024-10-01,2024-10-21
PO02499,2023-07-07,SUP10,SKU0044,WH03,686,152.36,2023-07-22,2023-08-10
PO02500,2024-06-27,SUP09,SKU0014,WH01,4336,134.33,2024-07-29,2024-07-29
PO02501,2023-01-05,SUP03,SKU0001,WH02,1131,170.9,2023-01-14,2023-01-13
PO02502,2024-04-15,SUP03,SKU0008,WH02,4839,179.96,2024-04-21,2024-04-21
PO02503,2024-11-22,SUP10,SKU0032,WH01,2537,148.1,2024-12-08,2024-12-05
PO02504,2024-06-27,SUP09,SKU0016,WH01,2860,86.07,2024-07-26,2024-07-23
PO02505,2024-12-04,SUP10,SKU0047,WH02,2252,0.58,2024-12-23,2024-12-23
PO02506,2024-01-14,SUP10,SKU0081,WH04,4086,20.43,2024-01-29,2024-02-09
PO02507,2024-07-09,SUP06,SKU0098,WH01,4760,173.03,2024-07-19,2024-07-17
PO02508,2024-09-07,SUP02,SKU0057,WH03,860,170.84,2024-10-12,2024-10-12
PO02509,2024-09-04,SUP10,SKU0077,WH02,772,125.31,2024-09-18,2024-09-26
PO02510,2024-07-23,SUP01,SKU0026,WH05,2934,48.35,2024-08-06,2024-08-06
PO02511,2023-10-17,SUP01,SKU0005,WH05,1279,92.32,2023-11-01,2023-10-29
PO02512,2023-05-22,SUP09,SKU0017,WH04,2335,89.39,2023-06-23,2023-06-21
PO02513,2023-07-04,SUP03,SKU0002,WH05,2115,86.97,2023-07-10,2023-07-09
PO02514,2024-11-30,SUP06,SKU0099,WH01,4669,113.19,2024-12-11,2024-12-26
PO02515,2023-10-18,SUP01,SKU0048,WH04,669,15.15,2023-11-04,2023-11-10
PO02516,2023-05-17,SUP04,SKU0032,WH04,4761,25.56,2023-05-27,2023-05-25
PO02517,2024-04-15,SUP06,SKU0079,WH04,3135,3.68,2024-04-27,2024-04-26
PO02518,2023-05-21,SUP03,SKU0012,WH02,3886,167.03,2023-05-30,2023-05-27
PO02519,2024-04-11,SUP04,SKU0009,WH02,4637,120.4,2024-04-23,2024-04-21
PO02520,2024-09-16,SUP06,SKU0022,WH04,3725,140.11,2024-09-27,2024-09-29
PO02521,2023-02-06,SUP04,SKU0035,WH03,1937,97.88,2023-02-16,2023-02-14
PO02522,2024-11-30,SUP09,SKU0009,WH04,595,154.9,2024-12-28,2024-12-25
PO02523,2024-07-18,SUP05,SKU0039,WH01,3560,143.72,2024-08-18,2024-08-30
PO02524,2024-05-06,SUP01,SKU0028,WH01,4290,38.81,2024-05-20,2024-05-19
PO02525,2024-07-24,SUP10,SKU0038,WH05,4731,79.84,2024-08-08,2024-08-09
PO02526,2024-02-07,SUP02,SKU0029,WH01,2438,99.84,2024-03-16,2024-03-16
PO02527,2024-06-20,SUP05,SKU0066,WH02,4619,47.6,2024-07-16,2024-07-16
PO02528,2024-01-30,SUP06,SKU0080,WH02,1846,172.71,2024-02-10,2024-02-11
PO02529,2023-06-30,SUP03,SKU0001,WH04,1310,78.44,2023-07-07,2023-07-07
PO02530,2024-11-04,SUP07,SKU0050,WH02,428,119.84,2024-11-16,2024-12-04
PO02531,2023-11-09,SUP09,SKU0010,WH03,771,186.07,2023-12-07,2023-12-25
PO02532,2023-09-29,SUP06,SKU0092,WH02,3036,31.16,2023-10-12,2023-10-31
PO02533,2024-08-11,SUP09,SKU0024,WH01,1581,142.39,2024-09-13,2024-09-11
PO02534,2023-07-05,SUP05,SKU0030,WH03,1228,31.27,2023-08-04,2023-08-14
PO02535,2024-02-19,SUP07,SKU0064,WH03,217,9.56,2024-03-01,2024-03-11
PO02536,2023-08-06,SUP05,SKU0072,WH02,4590,137.91,2023-09-04,2023-09-04
PO02537,2024-08-17,SUP02,SKU0057,WH05,2572,137.7,2024-09-22,2024-09-20
PO02538,2023-06-24,SUP09,SKU0024,WH01,2015,190.05,2023-07-27,2023-08-13
PO02539,2024-11-21,SUP06,SKU0019,WH03,2968,188.85,2024-12-03,2024-12-18
PO02540,2024-09-01,SUP01,SKU0048,WH01,397,70.75,2024-09-18,2024-09-18
PO02541,2023-02-23,SUP03,SKU0024,WH05,4132,14.93,2023-03-02,2023-03-03
PO02542,2023-01-13,SUP04,SKU0040,WH02,268,58.68,2023-01-28,2023-01-28
PO02543,2024-08-28,SUP03,SKU0006,WH05,3810,30.43,2024-09-07,2024-09-22
PO02544,2024-01-10,SUP01,SKU0050,WH04,4700,51.86,2024-01-24,2024-01-23
PO02545,2024-10-19,SUP05,SKU0026,WH02,1373,68.3,2024-11-17,2024-12-04
PO02546,2024-05-03,SUP06,SKU0078,WH04,3157,123.66,2024-05-13,2024-05-12
PO02547,2024-09-20,SUP08,SKU0061,WH05,1044,78.45,2024-10-10,2024-10-09
PO02548,2024-04-13,SUP03,SKU0011,WH05,934,40.34,2024-04-22,2024-04-22
PO02549,2023-06-17,SUP05,SKU0057,WH03,2659,101.41,2023-07-16,2023-07-20
PO02550,2023-04-03,SUP04,SKU0050,WH04,2653,118.58,2023-04-14,2023-04-15
PO02551,2023-06-08,SUP04,SKU0014,WH04,191,160.9,2023-06-18,2023-07-03
PO02552,2024-09-22,SUP10,SKU0035,WH05,1250,52.49,2024-10-08,2024-10-17
PO02553,2024-04-24,SUP04,SKU0039,WH02,311,196.75,2024-05-09,2024-05-07
PO02554,2023-05-13,SUP07,SKU0055,WH05,4810,122.77,2023-05-22,2023-05-23
PO02555,2023-01-02,SUP05,SKU0049,WH05,954,51.24,2023-02-02,2023-01-30
PO02556,2024-04-16,SUP07,SKU0055,WH02,4797,36.66,2024-04-23,2024-05-07
PO02557,2024-02-29,SUP05,SKU0045,WH02,3124,77.21,2024-03-30,2024-03-31
PO02558,2023-07-11,SUP04,SKU0020,WH05,2710,33.24,2023-07-23,2023-07-24
PO02559,2024-08-03,SUP02,SKU0035,WH05,1378,41.82,2024-09-08,2024-09-08
PO02560,2024-12-16,SUP06,SKU0089,WH04,4421,4.96,2024-12-25,2024-12-29
PO02561,2023-05-26,SUP05,SKU0061,WH01,4792,147.82,2023-06-26,2023-07-07
PO02562,2024-02-22,SUP02,SKU0065,WH04,4881,24.47,2024-03-30,2024-04-01
PO02563,2023-08-03,SUP07,SKU0060,WH01,2378,140.88,2023-08-10,2023-08-10
PO02564,2023-01-19,SUP03,SKU0023,WH05,2290,91.54,2023-01-25,2023-01-22
PO02565,2024-08-10,SUP02,SKU0040,WH04,3791,143.5,2024-09-16,2024-09-15
PO02566,2023-09-01,SUP04,SKU0044,WH05,4756,50.63,2023-09-15,2023-09-15
PO02567,2023-03-27,SUP08,SKU0072,WH04,2480,124.9,2023-04-16,2023-04-13
PO02568,2023-02-04,SUP03,SKU0017,WH04,839,26.89,2023-02-09,2023-02-22
PO02569,2023-12-06,SUP02,SKU0056,WH02,852,89.09,2024-01-13,2024-01-31
PO02570,2024-03-28,SUP02,SKU0054,WH03,3451,103.64,2024-05-02,2024-05-02
PO02571,2024-07-09,SUP07,SKU0071,WH04,1980,74.92,2024-07-21,2024-08-03
PO02572,2023-08-02,SUP04,SKU0006,WH02,181,121.04,2023-08-12,2023-08-31
PO02573,2023-01-28,SUP09,SKU0011,WH04,451,66.2,2023-02-25,2023-03-06
PO02574,2024-08-26,SUP06,SKU0015,WH03,954,151.19,2024-09-06,2024-09-06
PO02575,2023-09-29,SUP07,SKU0045,WH03,2786,81.91,2023-10-11,2023-10-09
PO02576,2024-09-12,SUP07,SKU0049,WH01,2574,80.8,2024-09-24,2024-09-25
PO02577,2023-10-05,SUP04,SKU0031,WH03,2183,127.98,2023-10-19,2023-10-22
PO02578,2023-12-06,SUP03,SKU0024,WH01,968,140.09,2023-12-16,2023-12-19
PO02579,2023-01-05,SUP10,SKU0026,WH05,3624,36.68,2023-01-20,2023-01-31
PO02580,2024-11-05,SUP04,SKU0026,WH05,589,69.6,2024-11-19,2024-11-20
PO02581,2023-11-30,SUP08,SKU0064,WH01,1759,23.12,2023-12-24,2023-12-23
PO02582,2024-09-11,SUP01,SKU0043,WH02,4728,52.06,2024-09-26,2024-09-23
PO02583,2023-03-20,SUP09,SKU0017,WH04,197,102.07,2023-04-18,2023-05-01
PO02584,2023-10-16,SUP10,SKU0079,WH04,2820,104.88,2023-10-30,2023-10-29
PO02585,2024-02-28,SUP06,SKU0011,WH04,4447,58.73,2024-03-09,2024-03-06
PO02586,2024-03-30,SUP07,SKU0050,WH02,2890,192.45,2024-04-08,2024-04-09
PO02587,2023-08-06,SUP05,SKU0066,WH01,1684,111.49,2023-09-02,2023-09-06
PO02588,2023-11-07,SUP10,SKU0099,WH01,807,152.17,2023-11-26,2023-11-24
PO02589,2023-03-25,SUP10,SKU0028,WH01,775,139.94,2023-04-08,2023-04-08
PO02590,2024-06-03,SUP03,SKU0009,WH01,3001,170.91,2024-06-11,2024-06-10
PO02591,2024-01-11,SUP05,SKU0072,WH01,2614,23.23,2024-02-07,2024-02-24
PO02592,2024-06-09,SUP10,SKU0038,WH02,4458,161.9,2024-06-26,2024-06-23
PO02593,2024-11-15,SUP06,SKU0019,WH02,3544,55.34,2024-11-25,2024-11-23
PO02594,2024-12-05,SUP09,SKU0017,WH04,3109,165.69,2025-01-02,2025-01-02
PO02595,2023-06-11,SUP09,SKU0002,WH04,938,75.34,2023-07-11,2023-07-11
PO02596,2023-12-18,SUP07,SKU0075,WH05,3438,149.51,2023-12-25,2023-12-22
PO02597,2023-09-10,SUP06,SKU0024,WH03,898,76.44,2023-09-22,2023-09-21
PO02598,2023-12-18,SUP02,SKU0034,WH02,975,62.03,2024-01-25,2024-01-30
PO02599,2024-01-07,SUP10,SKU0097,WH04,2089,126.33,2024-01-22,2024-01-20
PO02600,2024-12-19,SUP06,SKU0092,WH05,2103,184.25,2024-12-28,2024-12-25
PO02601,2023-02-02,SUP04,SKU0007,WH05,729,55.81,2023-02-17,2023-02-14
PO02602,2024-03-02,SUP03,SKU0007,WH03,2599,191.73,2024-03-08,2024-03-07
PO02603,2024-06-21,SUP05,SKU0059,WH02,2911,182.62,2024-07-18,2024-07-15
PO02604,2024-06-03,SUP08,SKU0054,WH03,1077,7.61,2024-06-24,2024-06-23
PO02605,2023-05-08,SUP06,SKU0079,WH01,2689,68.31,2023-05-19,2023-05-16
PO02606,2024-03-08,SUP08,SKU0059,WH02,3761,68.17,2024-03-31,2024-03-29
PO02607,2023-09-29,SUP02,SKU0026,WH05,2547,16.07,2023-11-05,2023-11-05
PO02608,2024-09-05,SUP05,SKU0074,WH01,4915,73.19,2024-10-01,2024-10-20
PO02609,2024-06-21,SUP06,SKU0090,WH03,4082,9.39,2024-07-02,2024-07-17
PO02610,2023-02-25,SUP05,SKU0068,WH01,2190,97.05,2023-03-27,2023-03-24
PO02611,2023-09-13,SUP09,SKU0017,WH03,385,43.52,2023-10-16,2023-10-13
PO02612,2024-07-26,SUP04,SKU0029,WH05,4461,61.16,2024-08-10,2024-08-08
PO02613,2024-09-27,SUP07,SKU0062,WH05,2186,6.84,2024-10-05,2024-10-03
PO02614,2024-01-13,SUP04,SKU0040,WH04,4861,101.26,2024-01-24,2024-01-22
PO02615,2024-03-01,SUP02,SKU0065,WH05,648,157.6,2024-04-03,2024-04-10
PO02616,2024-11-21,SUP01,SKU0042,WH01,2267,73.75,2024-12-04,2024-12-03
PO02617,2023-12-23,SUP03,SKU0020,WH01,2173,155.16,2023-12-28,2023-12-28
PO02618,2023-05-05,SUP01,SKU0014,WH04,1956,96.55,2023-05-20,2023-05-21
PO02619,2024-08-19,SUP07,SKU0037,WH03,4412,26.39,2024-08-30,2024-09-04
PO02620,2023-09-15,SUP08,SKU0057,WH03,383,99.53,2023-10-04,2023-10-04
PO02621,2023-12-06,SUP04,SKU0018,WH03,1819,20.56,2023-12-20,2023-12-21
PO02622,2023-10-21,SUP02,SKU0067,WH05,1614,26.28,2023-11-24,2023-11-23
PO02623,2023-05-07,SUP05,SKU0052,WH01,2089,130.5,2023-06-06,2023-06-06
PO02624,2024-12-11,SUP05,SKU0031,WH01,3140,55.35,2025-01-10,2025-01-14
PO02625,2023-03-29,SUP08,SKU0055,WH04,3612,105.97,2023-04-17,2023-04-21
PO02626,2024-09-02,SUP04,SKU0016,WH04,3518,72.93,2024-09-13,2024-09-13
PO02627,2024-01-09,SUP09,SKU0019,WH05,3997,146.95,2024-02-07,2024-02-25
PO02628,2024-01-03,SUP04,SKU0043,WH02,1953,115.09,2024-01-13,2024-01-13
PO02629,2024-01-09,SUP06,SKU0088,WH02,848,25.76,2024-01-22,2024-01-22
PO02630,2023-12-01,SUP07,SKU0030,WH03,311,125.16,2023-12-12,2023-12-16
PO02631,2024-06-29,SUP07,SKU0044,WH04,98,124.55,2024-07-08,2024-07-06
PO02632,2023-07-16,SUP05,SKU0048,WH04,83,173.44,2023-08-14,2023-08-26
PO02633,2023-06-23,SUP10,SKU0090,WH01,2833,193.18,2023-07-08,2023-07-05
PO02634,2023-08-12,SUP01,SKU0002,WH04,457,58.68,2023-08-27,2023-08-25
PO02635,2024-07-29,SUP08,SKU0055,WH01,1989,11.65,2024-08-21,2024-08-18
PO02636,2024-03-27,SUP08,SKU0061,WH05,586,19.68,2024-04-17,2024-04-18
PO02637,2023-08-09,SUP01,SKU0038,WH05,1349,87.96,2023-08-25,2023-08-23
PO02638,2023-12-22,SUP07,SKU0037,WH04,1438,85.63,2024-01-02,2024-01-02
PO02639,2023-03-10,SUP08,SKU0058,WH05,3727,135.71,2023-03-30,2023-03-31
PO02640,2023-11-04,SUP02,SKU0038,WH04,1030,154.75,2023-12-12,2023-12-25
PO02641,2023-12-28,SUP09,SKU0023,WH04,4477,105.2,2024-01-25,2024-01-26
PO02642,2024-02-14,SUP06,SKU0017,WH05,4143,24.36,2024-02-27,2024-02-24
PO02643,2024-12-08,SUP09,SKU0020,WH05,2764,160.26,2025-01-06,2025-01-16
PO02644,2023-04-21,SUP10,SKU0097,WH02,4663,178.89,2023-05-08,2023-05-06
PO02645,2023-04-05,SUP07,SKU0054,WH03,2615,192.35,2023-04-15,2023-04-14
PO02646,2023-07-18,SUP07,SKU0051,WH02,4844,3.45,2023-07-25,2023-07-26
PO02647,2023-07-15,SUP08,SKU0066,WH05,4537,133.77,2023-08-03,2023-08-02
PO02648,2023-10-03,SUP10,SKU0036,WH01,4032,149.16,2023-10-18,2023-10-19
PO02649,2024-06-10,SUP09,SKU0010,WH05,2083,122.38,2024-07-08,2024-07-16
PO02650,2024-07-22,SUP02,SKU0069,WH04,3257,78.64,2024-08-25,2024-08-25
PO02651,2023-11-12,SUP06,SKU0087,WH03,3475,145.4,2023-11-20,2023-11-18
PO02652,2024-03-28,SUP05,SKU0053,WH01,567,38.73,2024-04-27,2024-05-13
PO02653,2023-03-20,SUP05,SKU0047,WH02,4276,159.98,2023-04-19,2023-04-16
PO02654,2023-05-26,SUP07,SKU0072,WH01,3498,90.54,2023-06-03,2023-06-09
PO02655,2023-01-05,SUP05,SKU0040,WH04,2998,173.61,2023-02-01,2023-01-31
PO02656,2023-08-15,SUP01,SKU0037,WH04,3815,66.97,2023-08-29,2023-08-27
PO02657,2024-03-06,SUP08,SKU0051,WH01,2161,62.92,2024-03-29,2024-04-08
PO02658,2023-04-15,SUP09,SKU0010,WH03,3832,163.24,2023-05-16,2023-05-14
PO02659,2024-07-19,SUP08,SKU0073,WH02,1188,81.5,2024-08-10,2024-08-08
PO02660,2024-09-23,SUP10,SKU0049,WH03,961,131.09,2024-10-11,2024-10-10
PO02661,2023-09-27,SUP09,SKU0008,WH01,1257,5.71,2023-10-25,2023-10-23
PO02662,2023-03-01,SUP09,SKU0002,WH04,4298,184.67,2023-04-01,2023-04-11
PO02663,2023-11-16,SUP09,SKU0022,WH03,4509,69.58,2023-12-14,2023-12-11
PO02664,2024-11-07,SUP02,SKU0062,WH03,2018,45.35,2024-12-10,2024-12-09
PO02665,2023-10-31,SUP05,SKU0042,WH03,4387,0.92,2023-11-29,2023-11-28
PO02666,2023-10-11,SUP07,SKU0041,WH05,4919,39.04,2023-10-18,2023-10-16
PO02667,2023-10-26,SUP05,SKU0071,WH02,1603,192.5,2023-11-25,2023-11-26
PO02668,2023-10-13,SUP08,SKU0071,WH05,3717,139.12,2023-11-03,2023-11-03
PO02669,2024-05-14,SUP08,SKU0054,WH01,350,187.16,2024-06-02,2024-05-31
PO02670,2023-03-08,SUP05,SKU0062,WH01,4279,72.84,2023-04-03,2023-04-01
PO02671,2024-02-26,SUP07,SKU0073,WH03,1970,27.42,2024-03-05,2024-03-06
PO02672,2023-02-19,SUP09,SKU0015,WH05,1320,24.99,2023-03-22,2023-04-01
PO02673,2024-05-01,SUP02,SKU0071,WH04,2624,136.2,2024-06-06,2024-06-25
PO02674,2023-03-09,SUP08,SKU0060,WH01,2113,39.91,2023-03-28,2023-03-29
PO02675,2023-10-21,SUP04,SKU0049,WH04,1962,151.64,2023-11-02,2023-11-01
PO02676,2024-08-26,SUP06,SKU0016,WH04,668,121.57,2024-09-08,2024-09-07
PO02677,2023-08-20,SUP01,SKU0044,WH02,2388,191.86,2023-09-03,2023-09-04
PO02678,2024-04-18,SUP02,SKU0052,WH04,2193,176.89,2024-05-24,2024-05-23
PO02679,2024-10-18,SUP06,SKU0024,WH01,2506,14.57,2024-10-28,2024-11-14
PO02680,2023-04-18,SUP05,SKU0066,WH02,3265,5.66,2023-05-16,2023-06-04
PO02681,2024-03-11,SUP10,SKU0082,WH04,416,160.36,2024-03-30,2024-03-28
PO02682,2024-08-10,SUP07,SKU0059,WH05,1474,52.88,2024-08-19,2024-08-20
PO02683,2024-05-04,SUP05,SKU0067,WH03,3043,33.22,2024-05-31,2024-06-01
PO02684,2023-06-12,SUP03,SKU0022,WH01,2197,190.57,2023-06-21,2023-07-02
PO02685,2024-08-14,SUP03,SKU0002,WH05,1047,21.7,2024-08-24,2024-08-23
PO02686,2024-06-28,SUP09,SKU0015,WH04,777,128.33,2024-07-30,2024-07-30
PO02687,2024-09-25,SUP10,SKU0091,WH05,2470,129.18,2024-10-09,2024-10-26
PO02688,2023-07-13,SUP09,SKU0001,WH03,4636,150.48,2023-08-14,2023-08-15
PO02689,2023-10-29,SUP02,SKU0033,WH05,306,162.79,2023-12-04,2023-12-03
PO02690,2024-06-24,SUP02,SKU0062,WH04,1062,91.68,2024-07-31,2024-07-28
PO02691,2024-06-13,SUP06,SKU0096,WH05,1539,198.31,2024-06-25,2024-06-24
PO02692,2024-07-02,SUP10,SKU0079,WH03,3984,48.78,2024-07-18,2024-08-05
PO02693,2023-10-08,SUP04,SKU0032,WH04,1147,36.48,2023-10-19,2023-10-20
PO02694,2023-07-18,SUP10,SKU0034,WH03,1410,21.81,2023-08-05,2023-08-05
PO02695,2024-02-24,SUP01,SKU0038,WH01,1671,78.04,2024-03-09,2024-03-09
PO02696,2024-06-13,SUP07,SKU0061,WH01,4610,94.2,2024-06-24,2024-06-25
PO02697,2024-08-27,SUP04,SKU0033,WH02,4586,167.12,2024-09-06,2024-09-03
PO02698,2023-05-28,SUP06,SKU0097,WH02,4950,41.11,2023-06-05,2023-06-06
PO02699,2024-10-21,SUP02,SKU0041,WH04,4219,62.96,2024-11-26,2024-11-24
PO02700,2023-10-25,SUP06,SKU0080,WH04,121,191.64,2023-11-02,2023-11-02
PO02701,2023-04-03,SUP08,SKU0063,WH03,4167,13.9,2023-04-24,2023-04-25
PO02702,2024-03-29,SUP10,SKU0049,WH04,1988,8.96,2024-04-16,2024-05-01
PO02703,2023-11-14,SUP04,SKU0013,WH05,1963,138.25,2023-11-27,2023-12-08
PO02704,2024-08-16,SUP04,SKU0034,WH02,4813,139.11,2024-08-29,2024-08-28
PO02705,2023-05-08,SUP08,SKU0057,WH01,72,16.94,2023-05-28,2023-05-25
PO02706,2024-05-23,SUP10,SKU0047,WH01,233,67.45,2024-06-07,2024-06-08
PO02707,2024-01-05,SUP07,SKU0062,WH02,4991,153.8,2024-01-13,2024-01-13
PO02708,2023-07-30,SUP10,SKU0098,WH01,2566,134.78,2023-08-17,2023-08-18
PO02709,2023-09-08,SUP06,SKU0014,WH01,3790,15.72,2023-09-17,2023-09-18
PO02710,2023-03-02,SUP08,SKU0075,WH01,1275,56.32,2023-03-26,2023-03-23
PO02711,2024-02-28,SUP08,SKU0065,WH02,640,183.97,2024-03-23,2024-03-23
PO02712,2023-11-22,SUP05,SKU0032,WH02,1055,91.4,2023-12-21,2023-12-20
PO02713,2024-02-06,SUP02,SKU0045,WH04,610,122.04,2024-03-11,2024-03-22
PO02714,2024-09-08,SUP02,SKU0051,WH05,788,198.31,2024-10-11,2024-10-21
PO02715,2024-02-27,SUP02,SKU0041,WH02,2213,22.52,2024-04-02,2024-03-30
PO02716,2024-04-27,SUP08,SKU0062,WH02,3157,40.6,2024-05-16,2024-05-14
PO02717,2023-11-21,SUP03,SKU0003,WH04,2620,88.29,2023-11-30,2023-12-15
PO02718,2024-08-04,SUP06,SKU0016,WH02,1017,168.78,2024-08-16,2024-09-02
PO02719,2023-08-08,SUP02,SKU0033,WH05,2289,89.39,2023-09-14,2023-09-15
PO02720,2023-05-21,SUP09,SKU0004,WH02,3940,121.05,2023-06-21,2023-06-22
PO02721,2024-12-09,SUP04,SKU0046,WH05,1860,25.22,2024-12-19,2024-12-16
PO02722,2023-08-27,SUP08,SKU0065,WH02,4105,192.87,2023-09-15,2023-09-16
PO02723,2023-02-26,SUP10,SKU0088,WH05,3295,65.62,2023-03-17,2023-04-03
PO02724,2024-07-23,SUP06,SKU0079,WH05,339,180.34,2024-08-01,2024-08-12
PO02725,2023-06-15,SUP04,SKU0046,WH01,4738,119.02,2023-06-29,2023-06-29
PO02726,2023-04-26,SUP08,SKU0075,WH04,4679,155.21,2023-05-19,2023-05-17
PO02727,2024-03-09,SUP09,SKU0023,WH04,564,48.95,2024-04-08,2024-04-16
PO02728,2024-03-10,SUP01,SKU0008,WH02,3259,151.82,2024-03-24,2024-04-13
PO02729,2023-10-19,SUP04,SKU0008,WH05,3015,43.59,2023-10-29,2023-10-29
PO02730,2023-08-31,SUP10,SKU0097,WH01,3941,60.03,2023-09-16,2023-09-17
PO02731,2024-10-14,SUP07,SKU0033,WH04,2968,132.52,2024-10-22,2024-10-19
PO02732,2024-05-18,SUP08,SKU0054,WH04,2570,19.39,2024-06-08,2024-06-07
PO02733,2024-02-25,SUP05,SKU0059,WH01,2909,56.93,2024-03-23,2024-03-20
PO02734,2023-10-18,SUP06,SKU0076,WH03,931,1.42,2023-10-26,2023-11-12
PO02735,2024-11-23,SUP07,SKU0030,WH02,3795,169.21,2024-12-03,2024-12-04
PO02736,2023-10-07,SUP03,SKU0014,WH05,2577,165.38,2023-10-13,2023-10-24
PO02737,2024-09-29,SUP07,SKU0058,WH04,1530,70.02,2024-10-10,2024-10-07
PO02738,2023-10-12,SUP01,SKU0049,WH05,3272,132.09,2023-10-24,2023-10-22
PO02739,2023-08-30,SUP06,SKU0082,WH05,2433,35.46,2023-09-09,2023-09-09
PO02740,2024-02-16,SUP07,SKU0052,WH04,2708,99.08,2024-02-28,2024-02-25
PO02741,2023-09-13,SUP06,SKU0080,WH03,157,194.11,2023-09-23,2023-09-20
PO02742,2023-02-09,SUP08,SKU0061,WH03,4435,150.51,2023-03-03,2023-03-02
PO02743,2023-08-25,SUP06,SKU0012,WH02,2563,152.73,2023-09-07,2023-09-06
PO02744,2024-08-18,SUP04,SKU0040,WH05,1014,65.63,2024-09-01,2024-09-01
PO02745,2024-01-02,SUP04,SKU0050,WH02,2833,132.0,2024-01-14,2024-01-12
PO02746,2023-08-19,SUP02,SKU0074,WH04,633,144.24,2023-09-23,2023-09-22
PO02747,2023-03-07,SUP04,SKU0021,WH01,4234,158.58,2023-03-21,2023-03-19
PO02748,2024-06-30,SUP01,SKU0045,WH04,1584,3.16,2024-07-14,2024-07-11
PO02749,2024-01-26,SUP06,SKU0001,WH02,4456,20.82,2024-02-05,2024-02-02
PO02750,2023-11-30,SUP10,SKU0079,WH02,2942,8.71,2023-12-14,2023-12-15
PO02751,2024-11-04,SUP02,SKU0036,WH02,1680,90.52,2024-12-11,2024-12-10
PO02752,2024-04-25,SUP09,SKU0020,WH04,2137,195.06,2024-05-26,2024-05-23
PO02753,2024-05-26,SUP02,SKU0046,WH01,1880,189.69,2024-06-30,2024-07-06
PO02754,2024-11-22,SUP09,SKU0017,WH03,4046,82.01,2024-12-22,2024-12-26
PO02755,2024-07-23,SUP02,SKU0054,WH04,3370,192.14,2024-08-28,2024-08-29
PO02756,2024-11-14,SUP09,SKU0005,WH04,2097,15.42,2024-12-16,2024-12-31
PO02757,2023-04-16,SUP04,SKU0001,WH01,4575,160.61,2023-04-28,2023-04-26
PO02758,2023-01-06,SUP04,SKU0024,WH05,4825,73.91,2023-01-16,2023-01-15
PO02759,2024-08-25,SUP04,SKU0009,WH02,305,70.71,2024-09-09,2024-09-09
PO02760,2023-02-04,SUP08,SKU0073,WH02,2636,28.12,2023-02-27,2023-02-27
PO02761,2023-10-24,SUP07,SKU0029,WH02,975,157.56,2023-11-04,2023-11-01
PO02762,2023-07-21,SUP02,SKU0052,WH02,371,137.13,2023-08-24,2023-08-27
PO02763,2023-01-25,SUP03,SKU0010,WH02,146,73.36,2023-01-30,2023-01-29
PO02764,2024-03-14,SUP02,SKU0071,WH03,3747,187.34,2024-04-21,2024-04-21
PO02765,2023-02-09,SUP02,SKU0074,WH02,1857,184.16,2023-03-19,2023-03-17
PO02766,2024-01-26,SUP08,SKU0051,WH01,2863,86.5,2024-02-15,2024-02-14
PO02767,2024-10-10,SUP10,SKU0038,WH01,1515,16.33,2024-10-28,2024-10-26
PO02768,2023-04-12,SUP02,SKU0039,WH04,488,33.32,2023-05-20,2023-05-25
PO02769,2023-03-26,SUP03,SKU0003,WH05,535,23.5,2023-04-04,2023-04-17
PO02770,2024-07-16,SUP10,SKU0037,WH01,214,60.25,2024-08-01,2024-07-30
PO02771,2024-03-16,SUP01,SKU0050,WH02,3490,77.89,2024-03-31,2024-03-28
PO02772,2024-09-04,SUP02,SKU0030,WH03,2520,158.26,2024-10-08,2024-10-06
PO02773,2024-10-19,SUP04,SKU0046,WH01,1295,168.87,2024-10-30,2024-11-01
PO02774,2023-12-14,SUP08,SKU0068,WH01,4999,186.13,2024-01-06,2024-01-04
PO02775,2024-09-24,SUP03,SKU0009,WH01,1812,15.94,2024-09-29,2024-10-07
PO02776,2024-01-12,SUP06,SKU0082,WH04,1974,150.33,2024-01-24,2024-02-06
PO02777,2024-07-29,SUP05,SKU0036,WH02,1351,195.13,2024-08-28,2024-08-29
PO02778,2024-10-06,SUP05,SKU0049,WH02,3656,127.71,2024-11-03,2024-11-08
PO02779,2023-07-18,SUP06,SKU0090,WH04,2613,23.43,2023-07-27,2023-08-14
PO02780,2024-03-31,SUP10,SKU0088,WH01,2772,4.76,2024-04-17,2024-04-24
PO02781,2023-03-16,SUP07,SKU0072,WH02,1238,9.66,2023-03-23,2023-03-23
PO02782,2024-04-15,SUP04,SKU0019,WH03,3097,108.85,2024-04-25,2024-04-26
PO02783,2023-06-10,SUP10,SKU0039,WH01,1584,24.44,2023-06-26,2023-07-11
PO02784,2023-06-10,SUP09,SKU0013,WH05,2940,170.26,2023-07-11,2023-07-08
PO02785,2023-06-08,SUP06,SKU0093,WH01,3604,190.57,2023-06-18,2023-06-16
PO02786,2023-08-01,SUP03,SKU0019,WH04,851,188.27,2023-08-10,2023-08-26
PO02787,2024-11-17,SUP04,SKU0008,WH01,4514,147.26,2024-11-28,2024-11-26
PO02788,2023-03-28,SUP01,SKU0025,WH02,3534,7.72,2023-04-13,2023-04-14
PO02789,2024-02-07,SUP07,SKU0041,WH05,4011,147.16,2024-02-18,2024-02-18
PO02790,2023-08-27,SUP01,SKU0032,WH01,2079,15.56,2023-09-11,2023-09-26
PO02791,2024-12-10,SUP06,SKU0084,WH04,4170,120.92,2024-12-22,2024-12-24
PO02792,2024-10-16,SUP10,SKU0097,WH03,4928,65.69,2024-11-04,2024-11-03
PO02793,2023-02-28,SUP06,SKU0020,WH05,834,72.56,2023-03-12,2023-03-10
PO02794,2024-11-06,SUP05,SKU0055,WH02,396,98.8,2024-12-04,2024-12-11
PO02795,2023-11-20,SUP10,SKU0089,WH02,2089,175.94,2023-12-04,2023-12-01
PO02796,2023-06-14,SUP03,SKU0007,WH02,793,129.27,2023-06-21,2023-07-01
PO02797,2024-08-25,SUP01,SKU0033,WH05,2589,66.67,2024-09-07,2024-09-07
PO02798,2024-10-21,SUP09,SKU0017,WH05,1220,195.66,2024-11-23,2024-11-21
PO02799,2023-08-26,SUP10,SKU0097,WH05,4950,54.8,2023-09-13,2023-09-12
PO02800,2024-10-20,SUP05,SKU0057,WH02,4719,18.17,2024-11-15,2024-11-16
PO02801,2024-06-27,SUP08,SKU0069,WH02,4280,74.73,2024-07-21,2024-07-27
PO02802,2024-04-30,SUP07,SKU0072,WH05,449,139.33,2024-05-10,2024-05-10
PO02803,2024-05-18,SUP01,SKU0041,WH03,3604,132.5,2024-05-31,2024-05-29
PO02804,2023-04-18,SUP10,SKU0048,WH02,4628,139.96,2023-05-03,2023-05-01
PO02805,2024-08-27,SUP02,SKU0042,WH03,2464,153.18,2024-09-30,2024-09-28
PO02806,2024-07-25,SUP01,SKU0023,WH03,2695,104.48,2024-08-08,2024-08-05
PO02807,2024-07-13,SUP05,SKU0028,WH01,3500,26.51,2024-08-08,2024-08-21
PO02808,2023-08-20,SUP08,SKU0071,WH03,4320,23.52,2023-09-09,2023-09-07
PO02809,2023-04-13,SUP05,SKU0043,WH05,4786,165.53,2023-05-11,2023-05-27
PO02810,2024-10-01,SUP02,SKU0044,WH01,3738,18.42,2024-11-07,2024-11-08
PO02811,2023-09-30,SUP04,SKU0013,WH03,862,19.89,2023-10-14,2023-10-12
PO02812,2024-12-05,SUP07,SKU0035,WH05,2562,3.5,2024-12-12,2024-12-12
PO02813,2024-07-10,SUP05,SKU0032,WH04,4774,175.98,2024-08-08,2024-08-20
PO02814,2024-12-26,SUP05,SKU0058,WH02,1366,49.0,2025-01-25,2025-01-23
PO02815,2023-12-21,SUP10,SKU0034,WH04,2141,134.62,2024-01-05,2024-01-04
PO02816,2024-05-21,SUP10,SKU0038,WH05,3673,198.95,2024-06-06,2024-06-08
PO02817,2024-05-09,SUP10,SKU0036,WH04,1575,121.82,2024-05-25,2024-06-12
PO02818,2023-10-28,SUP08,SKU0061,WH03,3550,112.0,2023-11-17,2023-11-14
PO02819,2024-03-24,SUP10,SKU0027,WH02,57,168.86,2024-04-10,2024-04-18
PO02820,2024-11-10,SUP06,SKU0091,WH03,2125,54.85,2024-11-21,2024-11-21
PO02821,2024-04-17,SUP05,SKU0072,WH02,3038,135.28,2024-05-17,2024-05-17
PO02822,2024-12-11,SUP09,SKU0018,WH02,3470,10.03,2025-01-10,2025-01-07
PO02823,2024-02-08,SUP08,SKU0067,WH01,4455,174.19,2024-03-02,2024-02-28
PO02824,2024-11-04,SUP02,SKU0040,WH02,1591,50.19,2024-12-09,2024-12-07
PO02825,2024-07-23,SUP01,SKU0005,WH04,1018,67.99,2024-08-04,2024-08-02
PO02826,2024-12-01,SUP10,SKU0041,WH01,2300,37.12,2024-12-16,2024-12-15
PO02827,2024-11-13,SUP05,SKU0052,WH04,1523,163.62,2024-12-14,2024-12-31
PO02828,2023-05-25,SUP03,SKU0011,WH01,3845,185.47,2023-05-31,2023-06-01
PO02829,2023-09-20,SUP07,SKU0046,WH03,3453,126.71,2023-09-30,2023-09-27
PO02830,2024-01-05,SUP03,SKU0014,WH02,2913,162.7,2024-01-12,2024-01-15
PO02831,2024-12-16,SUP07,SKU0040,WH05,3976,193.09,2024-12-26,2025-01-03
PO02832,2023-05-11,SUP07,SKU0042,WH04,1614,76.99,2023-05-20,2023-05-18
PO02833,2023-05-10,SUP05,SKU0033,WH01,2172,159.31,2023-06-10,2023-06-08
PO02834,2023-09-01,SUP04,SKU0010,WH01,2541,72.35,2023-09-14,2023-09-13
PO02835,2023-06-18,SUP10,SKU0093,WH04,1967,145.76,2023-07-03,2023-06-30
PO02836,2023-01-21,SUP01,SKU0044,WH04,1738,3.72,2023-02-07,2023-02-04
PO02837,2023-09-05,SUP09,SKU0003,WH02,3703,111.75,2023-10-06,2023-10-05
PO02838,2024-07-28,SUP06,SKU0097,WH01,1454,25.88,2024-08-09,2024-08-10
PO02839,2024-02-29,SUP10,SKU0046,WH03,3963,36.8,2024-03-17,2024-03-17
PO02840,2023-04-26,SUP05,SKU0066,WH02,880,18.32,2023-05-22,2023-05-20
PO02841,2024-03-14,SUP05,SKU0039,WH03,4775,45.66,2024-04-11,2024-04-12
PO02842,2023-10-23,SUP07,SKU0061,WH03,3467,127.27,2023-10-31,2023-10-31
PO02843,2024-11-26,SUP06,SKU0089,WH05,1990,140.28,2024-12-07,2024-12-06
PO02844,2024-07-08,SUP04,SKU0037,WH03,3878,17.45,2024-07-19,2024-07-19
PO02845,2024-10-11,SUP02,SKU0041,WH03,3992,21.09,2024-11-17,2024-11-14
PO02846,2024-01-28,SUP06,SKU0005,WH02,3770,185.38,2024-02-06,2024-02-06
PO02847,2024-05-27,SUP10,SKU0086,WH04,522,14.57,2024-06-12,2024-06-12
PO02848,2023-05-06,SUP10,SKU0049,WH04,1531,148.65,2023-05-22,2023-06-11
PO02849,2023-04-08,SUP04,SKU0049,WH01,3357,93.94,2023-04-23,2023-04-22
PO02850,2024-06-29,SUP04,SKU0007,WH05,3461,54.67,2024-07-10,2024-07-11
PO02851,2023-08-03,SUP04,SKU0008,WH04,3539,141.56,2023-08-14,2023-08-14
PO02852,2024-12-29,SUP10,SKU0087,WH03,3795,132.14,2025-01-17,2025-01-17
PO02853,2023-11-26,SUP10,SKU0088,WH04,3667,197.88,2023-12-15,2023-12-16
PO02854,2024-12-06,SUP09,SKU0010,WH01,2776,160.33,2025-01-05,2025-01-11
PO02855,2024-06-23,SUP08,SKU0062,WH04,1033,147.36,2024-07-17,2024-08-04
PO02856,2024-10-25,SUP04,SKU0033,WH02,2796,43.98,2024-11-07,2024-11-05
PO02857,2023-09-02,SUP08,SKU0074,WH04,1956,189.72,2023-09-24,2023-10-02
PO02858,2024-03-02,SUP01,SKU0016,WH02,179,71.5,2024-03-17,2024-03-18
PO02859,2024-01-08,SUP04,SKU0040,WH02,4507,139.64,2024-01-18,2024-01-19
PO02860,2024-09-29,SUP04,SKU0041,WH05,1380,3.62,2024-10-14,2024-10-22
PO02861,2024-07-11,SUP08,SKU0063,WH05,124,22.84,2024-08-01,2024-08-02
PO02862,2024-01-22,SUP03,SKU0013,WH01,2457,60.94,2024-01-31,2024-01-28
PO02863,2024-06-03,SUP08,SKU0072,WH01,3219,65.61,2024-06-25,2024-06-26
PO02864,2023-09-05,SUP07,SKU0037,WH03,266,178.92,2023-09-12,2023-09-29
PO02865,2023-03-19,SUP05,SKU0068,WH05,4437,191.16,2023-04-14,2023-04-12
PO02866,2024-12-17,SUP01,SKU0029,WH03,3598,41.16,2025-01-02,2025-01-16
PO02867,2023-05-26,SUP07,SKU0049,WH02,3105,128.77,2023-06-03,2023-06-02
PO02868,2023-05-09,SUP03,SKU0021,WH02,3855,5.57,2023-05-15,2023-05-16
PO02869,2023-11-22,SUP01,SKU0036,WH04,585,72.47,2023-12-04,2023-12-05
PO02870,2023-01-03,SUP01,SKU0022,WH01,796,52.06,2023-01-15,2023-01-14
PO02871,2024-08-04,SUP07,SKU0042,WH02,1425,177.42,2024-08-12,2024-08-10
PO02872,2024-06-11,SUP07,SKU0053,WH02,4528,127.6,2024-06-18,2024-07-03
PO02873,2024-06-29,SUP07,SKU0039,WH02,2705,123.47,2024-07-10,2024-07-11
PO02874,2023-10-17,SUP06,SKU0080,WH04,190,2.13,2023-10-28,2023-10-26
PO02875,2023-03-06,SUP05,SKU0041,WH03,3549,195.87,2023-04-06,2023-04-11
PO02876,2023-06-13,SUP06,SKU0086,WH03,1824,135.14,2023-06-24,2023-06-23
PO02877,2023-09-02,SUP02,SKU0072,WH02,1659,103.72,2023-10-06,2023-10-25
PO02878,2023-01-16,SUP03,SKU0014,WH03,1425,153.03,2023-01-22,2023-02-04
PO02879,2023-11-04,SUP05,SKU0065,WH05,528,161.8,2023-12-05,2023-12-06
PO02880,2023-01-09,SUP02,SKU0061,WH03,4164,8.34,2023-02-12,2023-02-11
PO02881,2023-11-09,SUP07,SKU0046,WH05,2061,69.18,2023-11-21,2023-11-21
PO02882,2023-10-16,SUP01,SKU0026,WH05,3081,104.29,2023-10-30,2023-10-29
PO02883,2024-09-21,SUP02,SKU0045,WH02,1470,42.94,2024-10-29,2024-10-28
PO02884,2023-08-29,SUP02,SKU0039,WH02,3952,116.45,2023-10-03,2023-10-01
PO02885,2023-04-08,SUP06,SKU0092,WH01,2675,192.4,2023-04-20,2023-04-29
PO02886,2024-01-15,SUP03,SKU0010,WH02,323,118.44,2024-01-24,2024-01-24
PO02887,2023-09-05,SUP03,SKU0021,WH05,1428,179.48,2023-09-10,2023-09-13
PO02888,2024-02-21,SUP06,SKU0098,WH04,4798,126.72,2024-03-02,2024-02-29
PO02889,2024-09-13,SUP07,SKU0069,WH03,2374,182.01,2024-09-22,2024-10-05
PO02890,2024-10-10,SUP05,SKU0054,WH04,3362,198.22,2024-11-08,2024-11-07
PO02891,2023-10-25,SUP01,SKU0020,WH02,3366,51.95,2023-11-09,2023-11-19
PO02892,2024-04-12,SUP07,SKU0070,WH02,4254,81.79,2024-04-20,2024-04-22
PO02893,2024-04-18,SUP03,SKU0018,WH03,4594,84.77,2024-04-23,2024-04-22
PO02894,2023-08-18,SUP08,SKU0073,WH04,2773,196.5,2023-09-08,2023-09-05
PO02895,2024-01-01,SUP01,SKU0022,WH02,864,81.09,2024-01-17,2024-01-16
PO02896,2024-07-23,SUP04,SKU0023,WH01,3426,16.04,2024-08-05,2024-08-03
PO02897,2023-09-07,SUP02,SKU0032,WH02,1493,153.01,2023-10-10,2023-10-07
PO02898,2023-09-24,SUP04,SKU0032,WH05,4362,11.75,2023-10-08,2023-10-06
PO02899,2024-01-24,SUP01,SKU0050,WH03,1178,149.37,2024-02-09,2024-02-06
PO02900,2023-07-11,SUP10,SKU0087,WH02,739,118.87,2023-07-30,2023-07-29
PO02901,2023-08-04,SUP06,SKU0008,WH01,847,11.99,2023-08-12,2023-08-10
PO02902,2023-10-08,SUP05,SKU0061,WH03,3648,16.68,2023-11-04,2023-11-20
PO02903,2024-01-10,SUP04,SKU0020,WH01,4046,26.35,2024-01-21,2024-01-20
PO02904,2023-11-28,SUP06,SKU0003,WH03,3279,55.52,2023-12-11,2023-12-08
PO02905,2024-05-03,SUP03,SKU0023,WH03,585,137.2,2024-05-09,2024-05-09
PO02906,2024-03-31,SUP01,SKU0009,WH01,85,17.22,2024-04-15,2024-04-17
PO02907,2024-11-11,SUP10,SKU0036,WH03,946,115.16,2024-11-27,2024-11-25
PO02908,2024-09-17,SUP03,SKU0012,WH02,3149,20.1,2024-09-23,2024-09-21
PO02909,2024-09-11,SUP02,SKU0061,WH01,4004,59.34,2024-10-19,2024-10-17
PO02910,2023-09-24,SUP10,SKU0100,WH02,3887,13.64,2023-10-08,2023-10-11
PO02911,2023-12-03,SUP10,SKU0031,WH02,3409,85.53,2023-12-22,2023-12-23
PO02912,2023-03-06,SUP08,SKU0069,WH04,2293,33.73,2023-03-30,2023-03-30
PO02913,2023-02-27,SUP04,SKU0023,WH02,3608,109.9,2023-03-14,2023-03-12
PO02914,2024-07-13,SUP01,SKU0005,WH01,885,46.46,2024-07-26,2024-07-23
PO02915,2024-07-18,SUP07,SKU0063,WH05,3480,131.94,2024-07-27,2024-07-28
PO02916,2023-09-26,SUP08,SKU0066,WH03,531,108.03,2023-10-15,2023-10-18
PO02917,2023-03-05,SUP08,SKU0071,WH02,2982,149.86,2023-03-25,2023-03-24
PO02918,2023-06-24,SUP01,SKU0018,WH03,3019,51.48,2023-07-10,2023-07-09
PO02919,2024-09-30,SUP02,SKU0042,WH02,123,37.13,2024-11-06,2024-11-10
PO02920,2023-03-19,SUP09,SKU0016,WH02,1416,5.55,2023-04-20,2023-04-21
PO02921,2024-05-02,SUP02,SKU0040,WH03,478,136.39,2024-06-07,2024-06-19
PO02922,2023-01-28,SUP01,SKU0040,WH05,912,20.75,2023-02-12,2023-02-11
PO02923,2024-03-13,SUP01,SKU0017,WH04,507,147.16,2024-03-29,2024-03-26
PO02924,2023-01-05,SUP01,SKU0022,WH04,2965,4.33,2023-01-22,2023-01-22
PO02925,2024-11-15,SUP09,SKU0005,WH05,2996,151.42,2024-12-13,2024-12-12
PO02926,2024-09-03,SUP05,SKU0067,WH04,966,106.55,2024-10-02,2024-10-06
PO02927,2024-10-09,SUP09,SKU0018,WH03,3325,76.84,2024-11-08,2024-11-28
PO02928,2024-08-04,SUP01,SKU0022,WH02,253,76.29,2024-08-18,2024-08-16
PO02929,2024-08-07,SUP10,SKU0076,WH04,2537,125.73,2024-08-23,2024-08-23
PO02930,2023-03-24,SUP03,SKU0008,WH03,4167,148.69,2023-03-29,2023-03-29
PO02931,2024-07-13,SUP08,SKU0062,WH04,3034,174.4,2024-08-05,2024-08-02
PO02932,2023-01-25,SUP04,SKU0008,WH02,1845,87.73,2023-02-06,2023-02-06
PO02933,2023-02-10,SUP04,SKU0030,WH03,1796,142.87,2023-02-23,2023-02-21
PO02934,2023-11-27,SUP02,SKU0043,WH01,2144,133.75,2024-01-02,2024-01-02
PO02935,2024-07-22,SUP09,SKU0022,WH05,3324,143.53,2024-08-21,2024-08-19
PO02936,2024-02-13,SUP06,SKU0098,WH04,572,121.3,2024-02-21,2024-02-25
PO02937,2024-03-24,SUP08,SKU0066,WH03,4215,183.66,2024-04-16,2024-04-16
PO02938,2024-02-27,SUP07,SKU0060,WH01,2906,53.79,2024-03-06,2024-03-13
PO02939,2023-07-20,SUP04,SKU0033,WH03,1092,138.51,2023-07-30,2023-07-27
PO02940,2024-02-22,SUP04,SKU0014,WH03,3959,128.13,2024-03-04,2024-03-22
PO02941,2023-12-08,SUP03,SKU0013,WH04,4938,160.28,2023-12-15,2023-12-20
PO02942,2023-07-08,SUP04,SKU0018,WH05,932,47.18,2023-07-23,2023-08-01
PO02943,2023-01-06,SUP08,SKU0057,WH05,2329,58.44,2023-01-27,2023-01-28
PO02944,2023-04-16,SUP07,SKU0026,WH03,2254,84.4,2023-04-27,2023-04-28
PO02945,2024-01-17,SUP04,SKU0001,WH05,1704,65.16,2024-01-31,2024-01-28
PO02946,2024-02-08,SUP04,SKU0003,WH05,4369,174.96,2024-02-18,2024-02-18
PO02947,2024-01-21,SUP03,SKU0023,WH01,1872,99.19,2024-01-30,2024-01-30
PO02948,2024-08-14,SUP07,SKU0048,WH03,3075,12.71,2024-08-23,2024-08-21
PO02949,2024-05-31,SUP06,SKU0001,WH05,3091,93.83,2024-06-12,2024-06-13
PO02950,2024-10-08,SUP05,SKU0029,WH03,204,181.68,2024-11-08,2024-11-06
PO02951,2024-10-14,SUP07,SKU0040,WH02,4041,123.0,2024-10-24,2024-11-07
PO02952,2023-12-20,SUP06,SKU0098,WH05,4883,184.14,2023-12-31,2023-12-31
PO02953,2023-09-16,SUP06,SKU0096,WH04,2312,11.8,2023-09-25,2023-09-29
PO02954,2024-04-12,SUP07,SKU0068,WH02,1842,69.28,2024-04-23,2024-04-21
PO02955,2023-04-23,SUP08,SKU0057,WH02,559,24.85,2023-05-15,2023-05-16
PO02956,2023-11-18,SUP03,SKU0013,WH02,1061,8.88,2023-11-28,2023-11-26
PO02957,2023-10-24,SUP04,SKU0047,WH02,2426,196.48,2023-11-08,2023-11-16
PO02958,2024-12-11,SUP06,SKU0007,WH02,4079,62.42,2024-12-21,2025-01-09
PO02959,2023-11-22,SUP09,SKU0019,WH03,2952,137.22,2023-12-25,2023-12-22
PO02960,2023-03-30,SUP07,SKU0068,WH01,3959,46.61,2023-04-10,2023-04-08
PO02961,2023-09-06,SUP04,SKU0039,WH01,2387,117.51,2023-09-17,2023-09-14
PO02962,2024-11-05,SUP04,SKU0019,WH04,4833,167.72,2024-11-15,2024-11-15
PO02963,2024-02-16,SUP08,SKU0064,WH03,2626,118.61,2024-03-07,2024-03-06
PO02964,2023-03-17,SUP01,SKU0040,WH04,4392,21.53,2023-03-30,2023-03-30
PO02965,2024-06-09,SUP03,SKU0022,WH01,3083,108.96,2024-06-17,2024-06-16
PO02966,2024-01-17,SUP10,SKU0045,WH01,793,45.89,2024-02-01,2024-02-12
PO02967,2023-09-21,SUP10,SKU0082,WH05,4963,187.43,2023-10-10,2023-10-26
PO02968,2023-07-25,SUP07,SKU0072,WH02,2373,49.42,2023-08-03,2023-08-03
PO02969,2024-08-29,SUP09,SKU0015,WH05,2409,147.57,2024-09-28,2024-09-25
PO02970,2024-05-19,SUP08,SKU0073,WH04,4592,73.59,2024-06-07,2024-06-07
PO02971,2024-09-25,SUP05,SKU0049,WH05,1954,143.51,2024-10-24,2024-10-22
PO02972,2023-04-16,SUP09,SKU0009,WH02,2251,21.98,2023-05-18,2023-05-17
PO02973,2023-02-15,SUP05,SKU0063,WH01,2412,129.92,2023-03-17,2023-03-25
PO02974,2024-07-30,SUP02,SKU0072,WH02,4420,175.1,2024-09-05,2024-09-20
PO02975,2023-04-28,SUP07,SKU0039,WH05,1946,192.04,2023-05-05,2023-05-04
PO02976,2023-02-02,SUP04,SKU0001,WH05,4836,87.68,2023-02-17,2023-03-01
PO02977,2023-08-20,SUP06,SKU0098,WH03,3791,162.98,2023-08-30,2023-08-30
PO02978,2024-10-16,SUP05,SKU0050,WH04,239,168.67,2024-11-11,2024-11-21
PO02979,2024-01-19,SUP09,SKU0005,WH04,1544,50.08,2024-02-18,2024-02-17
PO02980,2023-07-08,SUP10,SKU0026,WH01,2635,179.93,2023-07-22,2023-07-22
PO02981,2024-06-28,SUP06,SKU0091,WH05,707,136.45,2024-07-08,2024-07-11
PO02982,2023-03-28,SUP05,SKU0066,WH01,2826,55.05,2023-04-27,2023-05-12
PO02983,2024-02-08,SUP09,SKU0003,WH05,4997,113.39,2024-03-09,2024-03-06
PO02984,2024-08-25,SUP09,SKU0018,WH03,3563,186.4,2024-09-22,2024-09-19
PO02985,2024-10-20,SUP09,SKU0016,WH05,4681,87.43,2024-11-18,2024-12-05
PO02986,2023-06-28,SUP01,SKU0017,WH03,2261,6.41,2023-07-10,2023-07-11
PO02987,2024-11-25,SUP07,SKU0032,WH01,4710,21.72,2024-12-07,2024-12-21
PO02988,2024-09-30,SUP04,SKU0013,WH05,631,103.98,2024-10-10,2024-10-10
PO02989,2023-08-06,SUP01,SKU0022,WH01,4374,159.44,2023-08-21,2023-08-18
PO02990,2024-10-10,SUP08,SKU0061,WH01,1805,129.01,2024-11-01,2024-10-30
PO02991,2024-06-30,SUP04,SKU0034,WH05,2820,51.07,2024-07-13,2024-07-13
PO02992,2024-06-27,SUP04,SKU0002,WH03,1811,76.21,2024-07-07,2024-07-20
PO02993,2023-01-18,SUP07,SKU0049,WH02,2391,112.97,2023-01-28,2023-01-25
PO02994,2023-09-02,SUP10,SKU0044,WH04,3158,194.36,2023-09-21,2023-09-22
PO02995,2023-06-14,SUP03,SKU0019,WH02,2381,21.0,2023-06-21,2023-06-22
PO02996,2023-01-24,SUP03,SKU0008,WH05,4924,110.86,2023-01-29,2023-01-30
PO02997,2024-04-11,SUP03,SKU0023,WH02,1440,125.47,2024-04-20,2024-04-20
PO02998,2023-12-09,SUP06,SKU0021,WH04,4410,138.54,2023-12-22,2024-01-10
PO02999,2024-11-24,SUP04,SKU0011,WH05,3415,30.07,2024-12-05,2024-12-04
PO03000,2024-06-27,SUP08,SKU0070,WH01,3807,166.59,2024-07-21,2024-07-20
