budget_id,cost_center_id,account_id,department_id,budget_month,budget_amount
1,CC001,ACC001,DEPT03,2023-01-01,174326.96
2,CC001,ACC001,DEPT03,2023-02-01,181583.31
3,CC001,ACC001,DEPT03,2023-03-01,154466.58
4,CC001,ACC001,DEPT03,2023-04-01,165747.24
5,CC001,ACC001,DEPT03,2023-05-01,152542.32
6,CC001,ACC001,DEPT03,2023-06-01,158901.59
7,CC001,ACC001,DEPT03,2023-07-01,168556.89
8,CC001,ACC001,DEPT03,2023-08-01,152432.5
9,CC001,ACC001,DEPT03,2023-09-01,158234.81
10,CC001,ACC001,DEPT03,2023-10-01,173423.95
11,CC001,ACC001,DEPT03,2023-11-01,169889.96
12,CC001,ACC001,DEPT03,2023-12-01,158962.3
13,CC001,ACC001,DEPT03,2024-01-01,171382.6
14,CC001,ACC001,DEPT03,2024-02-01,178796.71
15,CC001,ACC001,DEPT03,2024-03-01,151757.74
16,CC001,ACC001,DEPT03,2024-04-01,178675.1
17,CC001,ACC001,DEPT03,2024-05-01,175048.95
18,CC001,ACC001,DEPT03,2024-06-01,162996.93
19,CC001,ACC001,DEPT03,2024-07-01,156774.71
20,CC001,ACC001,DEPT03,2024-08-01,183773.34
21,CC001,ACC001,DEPT03,2024-09-01,162873.82
22,CC001,ACC001,DEPT03,2024-10-01,154662.14
23,CC001,ACC001,DEPT03,2024-11-01,154795.85
24,CC001,ACC001,DEPT03,2024-12-01,180078.53
25,CC001,ACC012,DEPT03,2023-01-01,6828.72
26,CC001,ACC012,DEPT03,2023-02-01,6729.13
27,CC001,ACC012,DEPT03,2023-03-01,6480.15
28,CC001,ACC012,DEPT03,2023-04-01,7042.3
29,CC001,ACC012,DEPT03,2023-05-01,6277.24
30,CC001,ACC012,DEPT03,2023-06-01,6500.5
31,CC001,ACC012,DEPT03,2023-07-01,6857.38
32,CC001,ACC012,DEPT03,2023-08-01,6586.03
33,CC001,ACC012,DEPT03,2023-09-01,6898.95
34,CC001,ACC012,DEPT03,2023-10-01,6533.06
35,CC001,ACC012,DEPT03,2023-11-01,6696.76
36,CC001,ACC012,DEPT03,2023-12-01,5849.14
37,CC001,ACC012,DEPT03,2024-01-01,6083.42
38,CC001,ACC012,DEPT03,2024-02-01,6162.54
39,CC001,ACC012,DEPT03,2024-03-01,5892.85
40,CC001,ACC012,DEPT03,2024-04-01,6089.71
41,CC001,ACC012,DEPT03,2024-05-01,5920.14
42,CC001,ACC012,DEPT03,2024-06-01,6147.85
43,CC001,ACC012,DEPT03,2024-07-01,6608.12
44,CC001,ACC012,DEPT03,2024-08-01,6259.61
45,CC001,ACC012,DEPT03,2024-09-01,6266.5
46,CC001,ACC012,DEPT03,2024-10-01,6059.75
47,CC001,ACC012,DEPT03,2024-11-01,6133.7
48,CC001,ACC012,DEPT03,2024-12-01,6995.38
49,CC001,ACC005,DEPT03,2023-01-01,5657.08
50,CC001,ACC005,DEPT03,2023-02-01,5172.12
51,CC001,ACC005,DEPT03,2023-03-01,5789.95
52,CC001,ACC005,DEPT03,2023-04-01,5163.55
53,CC001,ACC005,DEPT03,2023-05-01,5402.77
54,CC001,ACC005,DEPT03,2023-06-01,6078.27
55,CC001,ACC005,DEPT03,2023-07-01,5691.26
56,CC001,ACC005,DEPT03,2023-08-01,5599.31
57,CC001,ACC005,DEPT03,2023-09-01,5740.66
58,CC001,ACC005,DEPT03,2023-10-01,5915.87
59,CC001,ACC005,DEPT03,2023-11-01,5841.85
60,CC001,ACC005,DEPT03,2023-12-01,5236.24
61,CC001,ACC005,DEPT03,2024-01-01,5018.17
62,CC001,ACC005,DEPT03,2024-02-01,5331.91
63,CC001,ACC005,DEPT03,2024-03-01,5279.08
64,CC001,ACC005,DEPT03,2024-04-01,5216.23
65,CC001,ACC005,DEPT03,2024-05-01,6026.66
66,CC001,ACC005,DEPT03,2024-06-01,5952.98
67,CC001,ACC005,DEPT03,2024-07-01,5331.05
68,CC001,ACC005,DEPT03,2024-08-01,5708.36
69,CC001,ACC005,DEPT03,2024-09-01,5420.69
70,CC001,ACC005,DEPT03,2024-10-01,5995.26
71,CC001,ACC005,DEPT03,2024-11-01,5490.69
72,CC001,ACC005,DEPT03,2024-12-01,5275.91
73,CC001,ACC004,DEPT03,2023-01-01,13799.28
74,CC001,ACC004,DEPT03,2023-02-01,12985.1
75,CC001,ACC004,DEPT03,2023-03-01,13862.58
76,CC001,ACC004,DEPT03,2023-04-01,14716.58
77,CC001,ACC004,DEPT03,2023-05-01,13357.69
78,CC001,ACC004,DEPT03,2023-06-01,12866.72
79,CC001,ACC004,DEPT03,2023-07-01,14988.45
80,CC001,ACC004,DEPT03,2023-08-01,13657.94
81,CC001,ACC004,DEPT03,2023-09-01,12516.62
82,CC001,ACC004,DEPT03,2023-10-01,12397.22
83,CC001,ACC004,DEPT03,2023-11-01,12567.71
84,CC001,ACC004,DEPT03,2023-12-01,13979.43
85,CC001,ACC004,DEPT03,2024-01-01,14428.29
86,CC001,ACC004,DEPT03,2024-02-01,13419.74
87,CC001,ACC004,DEPT03,2024-03-01,12441.97
88,CC001,ACC004,DEPT03,2024-04-01,13309.21
89,CC001,ACC004,DEPT03,2024-05-01,14984.58
90,CC001,ACC004,DEPT03,2024-06-01,13711.34
91,CC001,ACC004,DEPT03,2024-07-01,14916.31
92,CC001,ACC004,DEPT03,2024-08-01,14615.59
93,CC001,ACC004,DEPT03,2024-09-01,12300.07
94,CC001,ACC004,DEPT03,2024-10-01,14233.74
95,CC001,ACC004,DEPT03,2024-11-01,14127.38
96,CC001,ACC004,DEPT03,2024-12-01,13732.76
97,CC001,ACC014,DEPT03,2023-01-01,11999.65
98,CC001,ACC014,DEPT03,2023-02-01,10763.94
99,CC001,ACC014,DEPT03,2023-03-01,11518.36
100,CC001,ACC014,DEPT03,2023-04-01,11562.62
101,CC001,ACC014,DEPT03,2023-05-01,12729.89
102,CC001,ACC014,DEPT03,2023-06-01,12547.92
103,CC001,ACC014,DEPT03,2023-07-01,11118.35
104,CC001,ACC014,DEPT03,2023-08-01,11672.0
105,CC001,ACC014,DEPT03,2023-09-01,10920.56
106,CC001,ACC014,DEPT03,2023-10-01,12633.76
107,CC001,ACC014,DEPT03,2023-11-01,12535.47
108,CC001,ACC014,DEPT03,2023-12-01,11200.17
109,CC001,ACC014,DEPT03,2024-01-01,11994.96
110,CC001,ACC014,DEPT03,2024-02-01,11924.98
111,CC001,ACC014,DEPT03,2024-03-01,10860.31
112,CC001,ACC014,DEPT03,2024-04-01,12283.36
113,CC001,ACC014,DEPT03,2024-05-01,11762.55
114,CC001,ACC014,DEPT03,2024-06-01,12320.98
115,CC001,ACC014,DEPT03,2024-07-01,11741.48
116,CC001,ACC014,DEPT03,2024-08-01,10504.9
117,CC001,ACC014,DEPT03,2024-09-01,11260.19
118,CC001,ACC014,DEPT03,2024-10-01,10549.03
119,CC001,ACC014,DEPT03,2024-11-01,12672.2
120,CC001,ACC014,DEPT03,2024-12-01,12554.61
121,CC001,ACC003,DEPT03,2023-01-01,20476.78
122,CC001,ACC003,DEPT03,2023-02-01,19413.7
123,CC001,ACC003,DEPT03,2023-03-01,22906.71
124,CC001,ACC003,DEPT03,2023-04-01,23200.35
125,CC001,ACC003,DEPT03,2023-05-01,19531.8
126,CC001,ACC003,DEPT03,2023-06-01,21236.97
127,CC001,ACC003,DEPT03,2023-07-01,19461.78
128,CC001,ACC003,DEPT03,2023-08-01,22406.63
129,CC001,ACC003,DEPT03,2023-09-01,22428.92
130,CC001,ACC003,DEPT03,2023-10-01,19713.84
131,CC001,ACC003,DEPT03,2023-11-01,21191.36
132,CC001,ACC003,DEPT03,2023-12-01,21508.77
133,CC001,ACC003,DEPT03,2024-01-01,20295.94
134,CC001,ACC003,DEPT03,2024-02-01,22882.96
135,CC001,ACC003,DEPT03,2024-03-01,20969.26
136,CC001,ACC003,DEPT03,2024-04-01,20069.1
137,CC001,ACC003,DEPT03,2024-05-01,21464.02
138,CC001,ACC003,DEPT03,2024-06-01,22275.99
139,CC001,ACC003,DEPT03,2024-07-01,20023.75
140,CC001,ACC003,DEPT03,2024-08-01,20494.68
141,CC001,ACC003,DEPT03,2024-09-01,23405.65
142,CC001,ACC003,DEPT03,2024-10-01,21935.02
143,CC001,ACC003,DEPT03,2024-11-01,21032.99
144,CC001,ACC003,DEPT03,2024-12-01,21371.5
145,CC002,ACC004,DEPT02,2023-01-01,24818.62
146,CC002,ACC004,DEPT02,2023-02-01,21983.6
147,CC002,ACC004,DEPT02,2023-03-01,25400.99
148,CC002,ACC004,DEPT02,2023-04-01,22235.68
149,CC002,ACC004,DEPT02,2023-05-01,22277.27
150,CC002,ACC004,DEPT02,2023-06-01,22101.74
151,CC002,ACC004,DEPT02,2023-07-01,23560.18
152,CC002,ACC004,DEPT02,2023-08-01,24456.3
153,CC002,ACC004,DEPT02,2023-09-01,23306.79
154,CC002,ACC004,DEPT02,2023-10-01,24316.11
155,CC002,ACC004,DEPT02,2023-11-01,24578.61
156,CC002,ACC004,DEPT02,2023-12-01,25476.64
157,CC002,ACC004,DEPT02,2024-01-01,26252.31
158,CC002,ACC004,DEPT02,2024-02-01,24758.97
159,CC002,ACC004,DEPT02,2024-03-01,23133.74
160,CC002,ACC004,DEPT02,2024-04-01,24255.43
161,CC002,ACC004,DEPT02,2024-05-01,23933.94
162,CC002,ACC004,DEPT02,2024-06-01,22408.6
163,CC002,ACC004,DEPT02,2024-07-01,25162.68
164,CC002,ACC004,DEPT02,2024-08-01,23676.6
165,CC002,ACC004,DEPT02,2024-09-01,23953.66
166,CC002,ACC004,DEPT02,2024-10-01,26161.85
167,CC002,ACC004,DEPT02,2024-11-01,22212.75
168,CC002,ACC004,DEPT02,2024-12-01,25135.72
169,CC002,ACC015,DEPT02,2023-01-01,3108.34
170,CC002,ACC015,DEPT02,2023-02-01,3563.35
171,CC002,ACC015,DEPT02,2023-03-01,3612.68
172,CC002,ACC015,DEPT02,2023-04-01,3141.5
173,CC002,ACC015,DEPT02,2023-05-01,3197.61
174,CC002,ACC015,DEPT02,2023-06-01,3432.54
175,CC002,ACC015,DEPT02,2023-07-01,3162.57
176,CC002,ACC015,DEPT02,2023-08-01,3192.09
177,CC002,ACC015,DEPT02,2023-09-01,3382.34
178,CC002,ACC015,DEPT02,2023-10-01,3663.04
179,CC002,ACC015,DEPT02,2023-11-01,3118.41
180,CC002,ACC015,DEPT02,2023-12-01,3617.75
181,CC002,ACC015,DEPT02,2024-01-01,3650.42
182,CC002,ACC015,DEPT02,2024-02-01,3133.76
183,CC002,ACC015,DEPT02,2024-03-01,3511.51
184,CC002,ACC015,DEPT02,2024-04-01,3435.47
185,CC002,ACC015,DEPT02,2024-05-01,3077.09
186,CC002,ACC015,DEPT02,2024-06-01,3130.59
187,CC002,ACC015,DEPT02,2024-07-01,3580.63
188,CC002,ACC015,DEPT02,2024-08-01,3228.14
189,CC002,ACC015,DEPT02,2024-09-01,3344.02
190,CC002,ACC015,DEPT02,2024-10-01,3395.1
191,CC002,ACC015,DEPT02,2024-11-01,3656.34
192,CC002,ACC015,DEPT02,2024-12-01,3682.1
193,CC002,ACC002,DEPT02,2023-01-01,23938.4
194,CC002,ACC002,DEPT02,2023-02-01,26002.85
195,CC002,ACC002,DEPT02,2023-03-01,28853.32
196,CC002,ACC002,DEPT02,2023-04-01,28101.55
197,CC002,ACC002,DEPT02,2023-05-01,25443.63
198,CC002,ACC002,DEPT02,2023-06-01,27630.78
199,CC002,ACC002,DEPT02,2023-07-01,27811.1
200,CC002,ACC002,DEPT02,2023-08-01,28092.15
201,CC002,ACC002,DEPT02,2023-09-01,27446.17
202,CC002,ACC002,DEPT02,2023-10-01,26514.62
203,CC002,ACC002,DEPT02,2023-11-01,24936.64
204,CC002,ACC002,DEPT02,2023-12-01,25084.47
205,CC002,ACC002,DEPT02,2024-01-01,24237.9
206,CC002,ACC002,DEPT02,2024-02-01,27838.92
207,CC002,ACC002,DEPT02,2024-03-01,24251.05
208,CC002,ACC002,DEPT02,2024-04-01,25594.4
209,CC002,ACC002,DEPT02,2024-05-01,24193.55
210,CC002,ACC002,DEPT02,2024-06-01,26462.07
211,CC002,ACC002,DEPT02,2024-07-01,28815.41
212,CC002,ACC002,DEPT02,2024-08-01,26750.99
213,CC002,ACC002,DEPT02,2024-09-01,24229.37
214,CC002,ACC002,DEPT02,2024-10-01,26627.11
215,CC002,ACC002,DEPT02,2024-11-01,28453.61
216,CC002,ACC002,DEPT02,2024-12-01,24291.27
217,CC002,ACC006,DEPT02,2023-01-01,15825.15
218,CC002,ACC006,DEPT02,2023-02-01,14473.26
219,CC002,ACC006,DEPT02,2023-03-01,16060.61
220,CC002,ACC006,DEPT02,2023-04-01,14962.9
221,CC002,ACC006,DEPT02,2023-05-01,14990.19
222,CC002,ACC006,DEPT02,2023-06-01,13398.83
223,CC002,ACC006,DEPT02,2023-07-01,13523.5
224,CC002,ACC006,DEPT02,2023-08-01,15221.74
225,CC002,ACC006,DEPT02,2023-09-01,14949.77
226,CC002,ACC006,DEPT02,2023-10-01,14215.28
227,CC002,ACC006,DEPT02,2023-11-01,14051.17
228,CC002,ACC006,DEPT02,2023-12-01,15258.2
229,CC002,ACC006,DEPT02,2024-01-01,14208.83
230,CC002,ACC006,DEPT02,2024-02-01,14065.48
231,CC002,ACC006,DEPT02,2024-03-01,13667.82
232,CC002,ACC006,DEPT02,2024-04-01,15186.7
233,CC002,ACC006,DEPT02,2024-05-01,14631.01
234,CC002,ACC006,DEPT02,2024-06-01,16023.49
235,CC002,ACC006,DEPT02,2024-07-01,16043.31
236,CC002,ACC006,DEPT02,2024-08-01,13309.03
237,CC002,ACC006,DEPT02,2024-09-01,15114.86
238,CC002,ACC006,DEPT02,2024-10-01,14943.18
239,CC002,ACC006,DEPT02,2024-11-01,13576.62
240,CC002,ACC006,DEPT02,2024-12-01,14868.34
241,CC002,ACC001,DEPT02,2023-01-01,130363.04
242,CC002,ACC001,DEPT02,2023-02-01,136457.09
243,CC002,ACC001,DEPT02,2023-03-01,128571.42
244,CC002,ACC001,DEPT02,2023-04-01,133510.01
245,CC002,ACC001,DEPT02,2023-05-01,134655.44
246,CC002,ACC001,DEPT02,2023-06-01,138966.6
247,CC002,ACC001,DEPT02,2023-07-01,141922.37
248,CC002,ACC001,DEPT02,2023-08-01,135148.75
249,CC002,ACC001,DEPT02,2023-09-01,154322.39
250,CC002,ACC001,DEPT02,2023-10-01,149348.33
251,CC002,ACC001,DEPT02,2023-11-01,141520.59
252,CC002,ACC001,DEPT02,2023-12-01,145430.04
253,CC002,ACC001,DEPT02,2024-01-01,142242.74
254,CC002,ACC001,DEPT02,2024-02-01,152856.31
255,CC002,ACC001,DEPT02,2024-03-01,129550.6
256,CC002,ACC001,DEPT02,2024-04-01,151347.12
257,CC002,ACC001,DEPT02,2024-05-01,134077.94
258,CC002,ACC001,DEPT02,2024-06-01,151673.16
259,CC002,ACC001,DEPT02,2024-07-01,147528.07
260,CC002,ACC001,DEPT02,2024-08-01,131010.04
261,CC002,ACC001,DEPT02,2024-09-01,134564.52
262,CC002,ACC001,DEPT02,2024-10-01,132562.93
263,CC002,ACC001,DEPT02,2024-11-01,136284.62
264,CC002,ACC001,DEPT02,2024-12-01,145982.56
265,CC002,ACC010,DEPT02,2023-01-01,30620.47
266,CC002,ACC010,DEPT02,2023-02-01,29064.87
267,CC002,ACC010,DEPT02,2023-03-01,33084.29
268,CC002,ACC010,DEPT02,2023-04-01,27839.41
269,CC002,ACC010,DEPT02,2023-05-01,31408.87
270,CC002,ACC010,DEPT02,2023-06-01,32602.16
271,CC002,ACC010,DEPT02,2023-07-01,27798.35
272,CC002,ACC010,DEPT02,2023-08-01,29569.17
273,CC002,ACC010,DEPT02,2023-09-01,28328.93
274,CC002,ACC010,DEPT02,2023-10-01,33522.54
275,CC002,ACC010,DEPT02,2023-11-01,28517.12
276,CC002,ACC010,DEPT02,2023-12-01,30231.56
277,CC002,ACC010,DEPT02,2024-01-01,31845.55
278,CC002,ACC010,DEPT02,2024-02-01,30959.98
279,CC002,ACC010,DEPT02,2024-03-01,28213.03
280,CC002,ACC010,DEPT02,2024-04-01,33309.97
281,CC002,ACC010,DEPT02,2024-05-01,31755.94
282,CC002,ACC010,DEPT02,2024-06-01,28440.48
283,CC002,ACC010,DEPT02,2024-07-01,27749.05
284,CC002,ACC010,DEPT02,2024-08-01,29787.32
285,CC002,ACC010,DEPT02,2024-09-01,30908.71
286,CC002,ACC010,DEPT02,2024-10-01,30157.86
287,CC002,ACC010,DEPT02,2024-11-01,27784.53
288,CC002,ACC010,DEPT02,2024-12-01,29759.39
289,CC003,ACC015,DEPT04,2023-01-01,2116.6
290,CC003,ACC015,DEPT04,2023-02-01,2248.3
291,CC003,ACC015,DEPT04,2023-03-01,2289.76
292,CC003,ACC015,DEPT04,2023-04-01,2195.91
293,CC003,ACC015,DEPT04,2023-05-01,2269.66
294,CC003,ACC015,DEPT04,2023-06-01,1981.43
295,CC003,ACC015,DEPT04,2023-07-01,1950.37
296,CC003,ACC015,DEPT04,2023-08-01,2217.0
297,CC003,ACC015,DEPT04,2023-09-01,1956.46
298,CC003,ACC015,DEPT04,2023-10-01,2054.87
299,CC003,ACC015,DEPT04,2023-11-01,1957.43
300,CC003,ACC015,DEPT04,2023-12-01,2269.12
301,CC003,ACC015,DEPT04,2024-01-01,2209.68
302,CC003,ACC015,DEPT04,2024-02-01,2054.62
303,CC003,ACC015,DEPT04,2024-03-01,2162.63
304,CC003,ACC015,DEPT04,2024-04-01,2189.88
305,CC003,ACC015,DEPT04,2024-05-01,1986.21
306,CC003,ACC015,DEPT04,2024-06-01,1948.99
307,CC003,ACC015,DEPT04,2024-07-01,2175.75
308,CC003,ACC015,DEPT04,2024-08-01,2042.42
309,CC003,ACC015,DEPT04,2024-09-01,1898.6
310,CC003,ACC015,DEPT04,2024-10-01,2079.29
311,CC003,ACC015,DEPT04,2024-11-01,1965.88
312,CC003,ACC015,DEPT04,2024-12-01,2266.6
313,CC003,ACC006,DEPT04,2023-01-01,36686.26
314,CC003,ACC006,DEPT04,2023-02-01,37036.44
315,CC003,ACC006,DEPT04,2023-03-01,32565.59
316,CC003,ACC006,DEPT04,2023-04-01,35579.55
317,CC003,ACC006,DEPT04,2023-05-01,33775.99
318,CC003,ACC006,DEPT04,2023-06-01,32949.51
319,CC003,ACC006,DEPT04,2023-07-01,31507.15
320,CC003,ACC006,DEPT04,2023-08-01,36360.74
321,CC003,ACC006,DEPT04,2023-09-01,33449.71
322,CC003,ACC006,DEPT04,2023-10-01,34540.94
323,CC003,ACC006,DEPT04,2023-11-01,35713.91
324,CC003,ACC006,DEPT04,2023-12-01,36845.71
325,CC003,ACC006,DEPT04,2024-01-01,33311.83
326,CC003,ACC006,DEPT04,2024-02-01,31218.79
327,CC003,ACC006,DEPT04,2024-03-01,37075.85
328,CC003,ACC006,DEPT04,2024-04-01,32829.62
329,CC003,ACC006,DEPT04,2024-05-01,35031.77
330,CC003,ACC006,DEPT04,2024-06-01,37810.28
331,CC003,ACC006,DEPT04,2024-07-01,31292.27
332,CC003,ACC006,DEPT04,2024-08-01,35141.97
333,CC003,ACC006,DEPT04,2024-09-01,33412.07
334,CC003,ACC006,DEPT04,2024-10-01,36451.07
335,CC003,ACC006,DEPT04,2024-11-01,34037.51
336,CC003,ACC006,DEPT04,2024-12-01,37815.0
337,CC003,ACC004,DEPT04,2023-01-01,9770.51
338,CC003,ACC004,DEPT04,2023-02-01,8486.79
339,CC003,ACC004,DEPT04,2023-03-01,8223.16
340,CC003,ACC004,DEPT04,2023-04-01,8931.9
341,CC003,ACC004,DEPT04,2023-05-01,9083.65
342,CC003,ACC004,DEPT04,2023-06-01,9602.24
343,CC003,ACC004,DEPT04,2023-07-01,9385.72
344,CC003,ACC004,DEPT04,2023-08-01,9844.27
345,CC003,ACC004,DEPT04,2023-09-01,9476.53
346,CC003,ACC004,DEPT04,2023-10-01,8499.38
347,CC003,ACC004,DEPT04,2023-11-01,8923.28
348,CC003,ACC004,DEPT04,2023-12-01,9859.85
349,CC003,ACC004,DEPT04,2024-01-01,9809.0
350,CC003,ACC004,DEPT04,2024-02-01,9270.45
351,CC003,ACC004,DEPT04,2024-03-01,9343.26
352,CC003,ACC004,DEPT04,2024-04-01,8368.35
353,CC003,ACC004,DEPT04,2024-05-01,9771.5
354,CC003,ACC004,DEPT04,2024-06-01,9060.49
355,CC003,ACC004,DEPT04,2024-07-01,9349.6
356,CC003,ACC004,DEPT04,2024-08-01,8733.08
357,CC003,ACC004,DEPT04,2024-09-01,9404.46
358,CC003,ACC004,DEPT04,2024-10-01,9146.06
359,CC003,ACC004,DEPT04,2024-11-01,8489.98
360,CC003,ACC004,DEPT04,2024-12-01,9346.05
361,CC003,ACC011,DEPT04,2023-01-01,9914.22
362,CC003,ACC011,DEPT04,2023-02-01,8829.68
363,CC003,ACC011,DEPT04,2023-03-01,9576.02
364,CC003,ACC011,DEPT04,2023-04-01,9268.04
365,CC003,ACC011,DEPT04,2023-05-01,10075.91
366,CC003,ACC011,DEPT04,2023-06-01,9074.97
367,CC003,ACC011,DEPT04,2023-07-01,8897.98
368,CC003,ACC011,DEPT04,2023-08-01,9985.29
369,CC003,ACC011,DEPT04,2023-09-01,9646.96
370,CC003,ACC011,DEPT04,2023-10-01,9109.68
371,CC003,ACC011,DEPT04,2023-11-01,9335.5
372,CC003,ACC011,DEPT04,2023-12-01,9777.25
373,CC003,ACC011,DEPT04,2024-01-01,9466.58
374,CC003,ACC011,DEPT04,2024-02-01,10000.36
375,CC003,ACC011,DEPT04,2024-03-01,10314.14
376,CC003,ACC011,DEPT04,2024-04-01,9891.22
377,CC003,ACC011,DEPT04,2024-05-01,9745.55
378,CC003,ACC011,DEPT04,2024-06-01,9037.02
379,CC003,ACC011,DEPT04,2024-07-01,9755.01
380,CC003,ACC011,DEPT04,2024-08-01,9670.76
381,CC003,ACC011,DEPT04,2024-09-01,8677.34
382,CC003,ACC011,DEPT04,2024-10-01,10299.34
383,CC003,ACC011,DEPT04,2024-11-01,8944.61
384,CC003,ACC011,DEPT04,2024-12-01,9087.33
385,CC003,ACC013,DEPT04,2023-01-01,6177.21
386,CC003,ACC013,DEPT04,2023-02-01,6042.77
387,CC003,ACC013,DEPT04,2023-03-01,7289.18
388,CC003,ACC013,DEPT04,2023-04-01,6793.84
389,CC003,ACC013,DEPT04,2023-05-01,7002.81
390,CC003,ACC013,DEPT04,2023-06-01,6586.68
391,CC003,ACC013,DEPT04,2023-07-01,7159.19
392,CC003,ACC013,DEPT04,2023-08-01,6746.52
393,CC003,ACC013,DEPT04,2023-09-01,6936.16
394,CC003,ACC013,DEPT04,2023-10-01,6491.73
395,CC003,ACC013,DEPT04,2023-11-01,6512.56
396,CC003,ACC013,DEPT04,2023-12-01,6177.5
397,CC003,ACC013,DEPT04,2024-01-01,6895.33
398,CC003,ACC013,DEPT04,2024-02-01,7167.86
399,CC003,ACC013,DEPT04,2024-03-01,7125.03
400,CC003,ACC013,DEPT04,2024-04-01,7158.3
401,CC003,ACC013,DEPT04,2024-05-01,7016.01
402,CC003,ACC013,DEPT04,2024-06-01,6272.23
403,CC003,ACC013,DEPT04,2024-07-01,7050.16
404,CC003,ACC013,DEPT04,2024-08-01,6906.34
405,CC003,ACC013,DEPT04,2024-09-01,6598.82
406,CC003,ACC013,DEPT04,2024-10-01,6722.24
407,CC003,ACC013,DEPT04,2024-11-01,7200.84
408,CC003,ACC013,DEPT04,2024-12-01,6142.65
409,CC003,ACC002,DEPT04,2023-01-01,25154.42
410,CC003,ACC002,DEPT04,2023-02-01,25491.3
411,CC003,ACC002,DEPT04,2023-03-01,25632.12
412,CC003,ACC002,DEPT04,2023-04-01,24407.87
413,CC003,ACC002,DEPT04,2023-05-01,26626.84
414,CC003,ACC002,DEPT04,2023-06-01,25042.6
415,CC003,ACC002,DEPT04,2023-07-01,26929.61
416,CC003,ACC002,DEPT04,2023-08-01,27319.82
417,CC003,ACC002,DEPT04,2023-09-01,24962.38
418,CC003,ACC002,DEPT04,2023-10-01,27394.98
419,CC003,ACC002,DEPT04,2023-11-01,25059.52
420,CC003,ACC002,DEPT04,2023-12-01,23606.62
421,CC003,ACC002,DEPT04,2024-01-01,27165.16
422,CC003,ACC002,DEPT04,2024-02-01,25080.58
423,CC003,ACC002,DEPT04,2024-03-01,26609.24
424,CC003,ACC002,DEPT04,2024-04-01,27055.55
425,CC003,ACC002,DEPT04,2024-05-01,24205.26
426,CC003,ACC002,DEPT04,2024-06-01,26740.46
427,CC003,ACC002,DEPT04,2024-07-01,25255.52
428,CC003,ACC002,DEPT04,2024-08-01,24012.4
429,CC003,ACC002,DEPT04,2024-09-01,25028.92
430,CC003,ACC002,DEPT04,2024-10-01,26415.53
431,CC003,ACC002,DEPT04,2024-11-01,23988.32
432,CC003,ACC002,DEPT04,2024-12-01,24501.85
433,CC004,ACC002,DEPT04,2023-01-01,33008.75
434,CC004,ACC002,DEPT04,2023-02-01,30325.61
435,CC004,ACC002,DEPT04,2023-03-01,35448.0
436,CC004,ACC002,DEPT04,2023-04-01,32500.6
437,CC004,ACC002,DEPT04,2023-05-01,35028.6
438,CC004,ACC002,DEPT04,2023-06-01,36200.25
439,CC004,ACC002,DEPT04,2023-07-01,30041.56
440,CC004,ACC002,DEPT04,2023-08-01,35765.5
441,CC004,ACC002,DEPT04,2023-09-01,33738.37
442,CC004,ACC002,DEPT04,2023-10-01,33082.24
443,CC004,ACC002,DEPT04,2023-11-01,36178.18
444,CC004,ACC002,DEPT04,2023-12-01,31896.62
445,CC004,ACC002,DEPT04,2024-01-01,32503.99
446,CC004,ACC002,DEPT04,2024-02-01,35838.52
447,CC004,ACC002,DEPT04,2024-03-01,35466.86
448,CC004,ACC002,DEPT04,2024-04-01,33489.31
449,CC004,ACC002,DEPT04,2024-05-01,34794.88
450,CC004,ACC002,DEPT04,2024-06-01,35228.49
451,CC004,ACC002,DEPT04,2024-07-01,35879.53
452,CC004,ACC002,DEPT04,2024-08-01,33157.02
453,CC004,ACC002,DEPT04,2024-09-01,31725.95
454,CC004,ACC002,DEPT04,2024-10-01,33139.82
455,CC004,ACC002,DEPT04,2024-11-01,32496.48
456,CC004,ACC002,DEPT04,2024-12-01,34357.77
457,CC004,ACC003,DEPT04,2023-01-01,21480.93
458,CC004,ACC003,DEPT04,2023-02-01,21959.23
459,CC004,ACC003,DEPT04,2023-03-01,22284.21
460,CC004,ACC003,DEPT04,2023-04-01,22535.78
461,CC004,ACC003,DEPT04,2023-05-01,20699.44
462,CC004,ACC003,DEPT04,2023-06-01,22232.35
463,CC004,ACC003,DEPT04,2023-07-01,20936.98
464,CC004,ACC003,DEPT04,2023-08-01,21229.36
465,CC004,ACC003,DEPT04,2023-09-01,18848.4
466,CC004,ACC003,DEPT04,2023-10-01,20265.6
467,CC004,ACC003,DEPT04,2023-11-01,22067.56
468,CC004,ACC003,DEPT04,2023-12-01,19250.46
469,CC004,ACC003,DEPT04,2024-01-01,19572.94
470,CC004,ACC003,DEPT04,2024-02-01,19849.24
471,CC004,ACC003,DEPT04,2024-03-01,20372.86
472,CC004,ACC003,DEPT04,2024-04-01,19890.96
473,CC004,ACC003,DEPT04,2024-05-01,22120.14
474,CC004,ACC003,DEPT04,2024-06-01,19647.36
475,CC004,ACC003,DEPT04,2024-07-01,22414.4
476,CC004,ACC003,DEPT04,2024-08-01,20236.62
477,CC004,ACC003,DEPT04,2024-09-01,21936.23
478,CC004,ACC003,DEPT04,2024-10-01,20437.04
479,CC004,ACC003,DEPT04,2024-11-01,21583.08
480,CC004,ACC003,DEPT04,2024-12-01,18717.38
481,CC004,ACC014,DEPT04,2023-01-01,27209.62
482,CC004,ACC014,DEPT04,2023-02-01,26313.41
483,CC004,ACC014,DEPT04,2023-03-01,31431.77
484,CC004,ACC014,DEPT04,2023-04-01,26150.06
485,CC004,ACC014,DEPT04,2023-05-01,26096.91
486,CC004,ACC014,DEPT04,2023-06-01,27342.45
487,CC004,ACC014,DEPT04,2023-07-01,30751.81
488,CC004,ACC014,DEPT04,2023-08-01,29496.84
489,CC004,ACC014,DEPT04,2023-09-01,27292.12
490,CC004,ACC014,DEPT04,2023-10-01,28645.71
491,CC004,ACC014,DEPT04,2023-11-01,26577.03
492,CC004,ACC014,DEPT04,2023-12-01,31376.89
493,CC004,ACC014,DEPT04,2024-01-01,28596.6
494,CC004,ACC014,DEPT04,2024-02-01,27394.05
495,CC004,ACC014,DEPT04,2024-03-01,28042.88
496,CC004,ACC014,DEPT04,2024-04-01,29407.89
497,CC004,ACC014,DEPT04,2024-05-01,31468.92
498,CC004,ACC014,DEPT04,2024-06-01,30055.64
499,CC004,ACC014,DEPT04,2024-07-01,30397.96
500,CC004,ACC014,DEPT04,2024-08-01,26861.42
501,CC004,ACC014,DEPT04,2024-09-01,27709.65
502,CC004,ACC014,DEPT04,2024-10-01,29251.18
503,CC004,ACC014,DEPT04,2024-11-01,31268.21
504,CC004,ACC014,DEPT04,2024-12-01,29234.55
505,CC004,ACC004,DEPT04,2023-01-01,35863.65
506,CC004,ACC004,DEPT04,2023-02-01,40028.45
507,CC004,ACC004,DEPT04,2023-03-01,34561.77
508,CC004,ACC004,DEPT04,2023-04-01,37458.4
509,CC004,ACC004,DEPT04,2023-05-01,39212.66
510,CC004,ACC004,DEPT04,2023-06-01,34889.27
511,CC004,ACC004,DEPT04,2023-07-01,38231.5
512,CC004,ACC004,DEPT04,2023-08-01,35321.32
513,CC004,ACC004,DEPT04,2023-09-01,38136.36
514,CC004,ACC004,DEPT04,2023-10-01,39028.43
515,CC004,ACC004,DEPT04,2023-11-01,38960.02
516,CC004,ACC004,DEPT04,2023-12-01,37265.93
517,CC004,ACC004,DEPT04,2024-01-01,33404.94
518,CC004,ACC004,DEPT04,2024-02-01,37021.8
519,CC004,ACC004,DEPT04,2024-03-01,37969.1
520,CC004,ACC004,DEPT04,2024-04-01,33610.08
521,CC004,ACC004,DEPT04,2024-05-01,37866.27
522,CC004,ACC004,DEPT04,2024-06-01,33195.9
523,CC004,ACC004,DEPT04,2024-07-01,36192.85
524,CC004,ACC004,DEPT04,2024-08-01,36708.84
525,CC004,ACC004,DEPT04,2024-09-01,36291.9
526,CC004,ACC004,DEPT04,2024-10-01,35767.15
527,CC004,ACC004,DEPT04,2024-11-01,39661.41
528,CC004,ACC004,DEPT04,2024-12-01,36484.75
529,CC004,ACC007,DEPT04,2023-01-01,3301.27
530,CC004,ACC007,DEPT04,2023-02-01,3545.26
531,CC004,ACC007,DEPT04,2023-03-01,3636.13
532,CC004,ACC007,DEPT04,2023-04-01,3611.74
533,CC004,ACC007,DEPT04,2023-05-01,3826.15
534,CC004,ACC007,DEPT04,2023-06-01,3723.8
535,CC004,ACC007,DEPT04,2023-07-01,3505.11
536,CC004,ACC007,DEPT04,2023-08-01,3759.87
537,CC004,ACC007,DEPT04,2023-09-01,3595.2
538,CC004,ACC007,DEPT04,2023-10-01,3404.46
539,CC004,ACC007,DEPT04,2023-11-01,3350.24
540,CC004,ACC007,DEPT04,2023-12-01,3836.75
541,CC004,ACC007,DEPT04,2024-01-01,3373.84
542,CC004,ACC007,DEPT04,2024-02-01,3495.18
543,CC004,ACC007,DEPT04,2024-03-01,3706.74
544,CC004,ACC007,DEPT04,2024-04-01,3579.22
545,CC004,ACC007,DEPT04,2024-05-01,3648.65
546,CC004,ACC007,DEPT04,2024-06-01,3414.41
547,CC004,ACC007,DEPT04,2024-07-01,3525.89
548,CC004,ACC007,DEPT04,2024-08-01,3406.37
549,CC004,ACC007,DEPT04,2024-09-01,3521.12
550,CC004,ACC007,DEPT04,2024-10-01,3427.42
551,CC004,ACC007,DEPT04,2024-11-01,3359.31
552,CC004,ACC007,DEPT04,2024-12-01,3374.35
553,CC004,ACC013,DEPT04,2023-01-01,5566.35
554,CC004,ACC013,DEPT04,2023-02-01,5230.81
555,CC004,ACC013,DEPT04,2023-03-01,5190.29
556,CC004,ACC013,DEPT04,2023-04-01,4853.45
557,CC004,ACC013,DEPT04,2023-05-01,4905.49
558,CC004,ACC013,DEPT04,2023-06-01,5076.27
559,CC004,ACC013,DEPT04,2023-07-01,5230.17
560,CC004,ACC013,DEPT04,2023-08-01,4904.42
561,CC004,ACC013,DEPT04,2023-09-01,5148.35
562,CC004,ACC013,DEPT04,2023-10-01,5392.26
563,CC004,ACC013,DEPT04,2023-11-01,5119.47
564,CC004,ACC013,DEPT04,2023-12-01,4673.62
565,CC004,ACC013,DEPT04,2024-01-01,4960.2
566,CC004,ACC013,DEPT04,2024-02-01,5074.18
567,CC004,ACC013,DEPT04,2024-03-01,4907.5
568,CC004,ACC013,DEPT04,2024-04-01,5342.72
569,CC004,ACC013,DEPT04,2024-05-01,5037.57
570,CC004,ACC013,DEPT04,2024-06-01,5228.41
571,CC004,ACC013,DEPT04,2024-07-01,5011.43
572,CC004,ACC013,DEPT04,2024-08-01,5686.91
573,CC004,ACC013,DEPT04,2024-09-01,5225.22
574,CC004,ACC013,DEPT04,2024-10-01,5019.77
575,CC004,ACC013,DEPT04,2024-11-01,5125.23
576,CC004,ACC013,DEPT04,2024-12-01,4973.01
577,CC004,ACC012,DEPT04,2023-01-01,3210.93
578,CC004,ACC012,DEPT04,2023-02-01,2961.41
579,CC004,ACC012,DEPT04,2023-03-01,3224.21
580,CC004,ACC012,DEPT04,2023-04-01,3352.12
581,CC004,ACC012,DEPT04,2023-05-01,3191.79
582,CC004,ACC012,DEPT04,2023-06-01,2885.15
583,CC004,ACC012,DEPT04,2023-07-01,3221.58
584,CC004,ACC012,DEPT04,2023-08-01,2937.4
585,CC004,ACC012,DEPT04,2023-09-01,3129.94
586,CC004,ACC012,DEPT04,2023-10-01,3234.86
587,CC004,ACC012,DEPT04,2023-11-01,3134.37
588,CC004,ACC012,DEPT04,2023-12-01,3370.34
589,CC004,ACC012,DEPT04,2024-01-01,3279.4
590,CC004,ACC012,DEPT04,2024-02-01,2949.54
591,CC004,ACC012,DEPT04,2024-03-01,2989.29
592,CC004,ACC012,DEPT04,2024-04-01,2953.24
593,CC004,ACC012,DEPT04,2024-05-01,3202.77
594,CC004,ACC012,DEPT04,2024-06-01,2845.2
595,CC004,ACC012,DEPT04,2024-07-01,2795.35
596,CC004,ACC012,DEPT04,2024-08-01,2800.89
597,CC004,ACC012,DEPT04,2024-09-01,2947.01
598,CC004,ACC012,DEPT04,2024-10-01,3347.94
599,CC004,ACC012,DEPT04,2024-11-01,3159.63
600,CC004,ACC012,DEPT04,2024-12-01,3230.3
601,CC004,ACC015,DEPT04,2023-01-01,867.84
602,CC004,ACC015,DEPT04,2023-02-01,920.17
603,CC004,ACC015,DEPT04,2023-03-01,957.55
604,CC004,ACC015,DEPT04,2023-04-01,931.01
605,CC004,ACC015,DEPT04,2023-05-01,1051.17
606,CC004,ACC015,DEPT04,2023-06-01,914.04
607,CC004,ACC015,DEPT04,2023-07-01,1031.21
608,CC004,ACC015,DEPT04,2023-08-01,887.42
609,CC004,ACC015,DEPT04,2023-09-01,878.05
610,CC004,ACC015,DEPT04,2023-10-01,960.06
611,CC004,ACC015,DEPT04,2023-11-01,976.46
612,CC004,ACC015,DEPT04,2023-12-01,997.5
613,CC004,ACC015,DEPT04,2024-01-01,894.66
614,CC004,ACC015,DEPT04,2024-02-01,1021.49
615,CC004,ACC015,DEPT04,2024-03-01,1048.02
616,CC004,ACC015,DEPT04,2024-04-01,881.86
617,CC004,ACC015,DEPT04,2024-05-01,913.21
618,CC004,ACC015,DEPT04,2024-06-01,972.81
619,CC004,ACC015,DEPT04,2024-07-01,945.52
620,CC004,ACC015,DEPT04,2024-08-01,980.13
621,CC004,ACC015,DEPT04,2024-09-01,984.42
622,CC004,ACC015,DEPT04,2024-10-01,1014.67
623,CC004,ACC015,DEPT04,2024-11-01,938.64
624,CC004,ACC015,DEPT04,2024-12-01,1040.21
625,CC004,ACC009,DEPT04,2023-01-01,5969.44
626,CC004,ACC009,DEPT04,2023-02-01,5782.1
627,CC004,ACC009,DEPT04,2023-03-01,5946.1
628,CC004,ACC009,DEPT04,2023-04-01,5349.69
629,CC004,ACC009,DEPT04,2023-05-01,6405.35
630,CC004,ACC009,DEPT04,2023-06-01,5395.44
631,CC004,ACC009,DEPT04,2023-07-01,6173.81
632,CC004,ACC009,DEPT04,2023-08-01,6012.83
633,CC004,ACC009,DEPT04,2023-09-01,5589.49
634,CC004,ACC009,DEPT04,2023-10-01,5374.27
635,CC004,ACC009,DEPT04,2023-11-01,5560.42
636,CC004,ACC009,DEPT04,2023-12-01,5926.58
637,CC004,ACC009,DEPT04,2024-01-01,5462.66
638,CC004,ACC009,DEPT04,2024-02-01,5758.27
639,CC004,ACC009,DEPT04,2024-03-01,6087.75
640,CC004,ACC009,DEPT04,2024-04-01,5830.29
641,CC004,ACC009,DEPT04,2024-05-01,5317.32
642,CC004,ACC009,DEPT04,2024-06-01,5617.01
643,CC004,ACC009,DEPT04,2024-07-01,5610.69
644,CC004,ACC009,DEPT04,2024-08-01,6287.45
645,CC004,ACC009,DEPT04,2024-09-01,5362.53
646,CC004,ACC009,DEPT04,2024-10-01,5552.87
647,CC004,ACC009,DEPT04,2024-11-01,5589.39
648,CC004,ACC009,DEPT04,2024-12-01,6207.26
649,CC004,ACC011,DEPT04,2023-01-01,13818.18
650,CC004,ACC011,DEPT04,2023-02-01,12239.16
651,CC004,ACC011,DEPT04,2023-03-01,12022.81
652,CC004,ACC011,DEPT04,2023-04-01,12309.47
653,CC004,ACC011,DEPT04,2023-05-01,12111.94
654,CC004,ACC011,DEPT04,2023-06-01,12415.83
655,CC004,ACC011,DEPT04,2023-07-01,12094.35
656,CC004,ACC011,DEPT04,2023-08-01,11879.15
657,CC004,ACC011,DEPT04,2023-09-01,13788.8
658,CC004,ACC011,DEPT04,2023-10-01,13274.04
659,CC004,ACC011,DEPT04,2023-11-01,13871.16
660,CC004,ACC011,DEPT04,2023-12-01,14123.75
661,CC004,ACC011,DEPT04,2024-01-01,12867.9
662,CC004,ACC011,DEPT04,2024-02-01,12944.87
663,CC004,ACC011,DEPT04,2024-03-01,12516.02
664,CC004,ACC011,DEPT04,2024-04-01,12772.43
665,CC004,ACC011,DEPT04,2024-05-01,12433.06
666,CC004,ACC011,DEPT04,2024-06-01,13130.59
667,CC004,ACC011,DEPT04,2024-07-01,12864.27
668,CC004,ACC011,DEPT04,2024-08-01,13281.84
669,CC004,ACC011,DEPT04,2024-09-01,14040.98
670,CC004,ACC011,DEPT04,2024-10-01,13637.45
671,CC004,ACC011,DEPT04,2024-11-01,13296.63
672,CC004,ACC011,DEPT04,2024-12-01,11791.17
673,CC005,ACC011,DEPT01,2023-01-01,14935.23
674,CC005,ACC011,DEPT01,2023-02-01,16033.43
675,CC005,ACC011,DEPT01,2023-03-01,15788.3
676,CC005,ACC011,DEPT01,2023-04-01,15264.16
677,CC005,ACC011,DEPT01,2023-05-01,17560.38
678,CC005,ACC011,DEPT01,2023-06-01,15768.03
679,CC005,ACC011,DEPT01,2023-07-01,16976.73
680,CC005,ACC011,DEPT01,2023-08-01,17471.28
681,CC005,ACC011,DEPT01,2023-09-01,15877.05
682,CC005,ACC011,DEPT01,2023-10-01,15680.06
683,CC005,ACC011,DEPT01,2023-11-01,15401.21
684,CC005,ACC011,DEPT01,2023-12-01,14709.72
685,CC005,ACC011,DEPT01,2024-01-01,14889.33
686,CC005,ACC011,DEPT01,2024-02-01,15690.6
687,CC005,ACC011,DEPT01,2024-03-01,15958.38
688,CC005,ACC011,DEPT01,2024-04-01,16492.24
689,CC005,ACC011,DEPT01,2024-05-01,15654.84
690,CC005,ACC011,DEPT01,2024-06-01,16805.04
691,CC005,ACC011,DEPT01,2024-07-01,14492.8
692,CC005,ACC011,DEPT01,2024-08-01,14656.88
693,CC005,ACC011,DEPT01,2024-09-01,15181.87
694,CC005,ACC011,DEPT01,2024-10-01,14745.89
695,CC005,ACC011,DEPT01,2024-11-01,16843.53
696,CC005,ACC011,DEPT01,2024-12-01,17138.59
697,CC005,ACC014,DEPT01,2023-01-01,23066.76
698,CC005,ACC014,DEPT01,2023-02-01,27516.05
699,CC005,ACC014,DEPT01,2023-03-01,25428.32
700,CC005,ACC014,DEPT01,2023-04-01,23338.64
701,CC005,ACC014,DEPT01,2023-05-01,25717.68
702,CC005,ACC014,DEPT01,2023-06-01,26251.63
703,CC005,ACC014,DEPT01,2023-07-01,25615.46
704,CC005,ACC014,DEPT01,2023-08-01,25326.16
705,CC005,ACC014,DEPT01,2023-09-01,23325.35
706,CC005,ACC014,DEPT01,2023-10-01,24429.43
707,CC005,ACC014,DEPT01,2023-11-01,23732.26
708,CC005,ACC014,DEPT01,2023-12-01,24536.91
709,CC005,ACC014,DEPT01,2024-01-01,27574.88
710,CC005,ACC014,DEPT01,2024-02-01,25544.83
711,CC005,ACC014,DEPT01,2024-03-01,23208.81
712,CC005,ACC014,DEPT01,2024-04-01,26289.5
713,CC005,ACC014,DEPT01,2024-05-01,27157.05
714,CC005,ACC014,DEPT01,2024-06-01,26698.24
715,CC005,ACC014,DEPT01,2024-07-01,24653.34
716,CC005,ACC014,DEPT01,2024-08-01,23130.94
717,CC005,ACC014,DEPT01,2024-09-01,25151.67
718,CC005,ACC014,DEPT01,2024-10-01,24212.37
719,CC005,ACC014,DEPT01,2024-11-01,27372.76
720,CC005,ACC014,DEPT01,2024-12-01,23642.31
721,CC005,ACC010,DEPT01,2023-01-01,34398.87
722,CC005,ACC010,DEPT01,2023-02-01,31099.53
723,CC005,ACC010,DEPT01,2023-03-01,36302.97
724,CC005,ACC010,DEPT01,2023-04-01,32020.97
725,CC005,ACC010,DEPT01,2023-05-01,34784.46
726,CC005,ACC010,DEPT01,2023-06-01,32847.1
727,CC005,ACC010,DEPT01,2023-07-01,33294.88
728,CC005,ACC010,DEPT01,2023-08-01,33226.18
729,CC005,ACC010,DEPT01,2023-09-01,33123.05
730,CC005,ACC010,DEPT01,2023-10-01,31037.19
731,CC005,ACC010,DEPT01,2023-11-01,31344.37
732,CC005,ACC010,DEPT01,2023-12-01,34075.9
733,CC005,ACC010,DEPT01,2024-01-01,35057.64
734,CC005,ACC010,DEPT01,2024-02-01,30982.84
735,CC005,ACC010,DEPT01,2024-03-01,30537.14
736,CC005,ACC010,DEPT01,2024-04-01,35233.94
737,CC005,ACC010,DEPT01,2024-05-01,35780.13
738,CC005,ACC010,DEPT01,2024-06-01,32341.81
739,CC005,ACC010,DEPT01,2024-07-01,35334.45
740,CC005,ACC010,DEPT01,2024-08-01,31855.99
741,CC005,ACC010,DEPT01,2024-09-01,30087.78
742,CC005,ACC010,DEPT01,2024-10-01,34922.38
743,CC005,ACC010,DEPT01,2024-11-01,35666.96
744,CC005,ACC010,DEPT01,2024-12-01,33945.9
745,CC005,ACC013,DEPT01,2023-01-01,6030.11
746,CC005,ACC013,DEPT01,2023-02-01,5559.51
747,CC005,ACC013,DEPT01,2023-03-01,5601.99
748,CC005,ACC013,DEPT01,2023-04-01,5431.26
749,CC005,ACC013,DEPT01,2023-05-01,5915.03
750,CC005,ACC013,DEPT01,2023-06-01,5481.58
751,CC005,ACC013,DEPT01,2023-07-01,6106.08
752,CC005,ACC013,DEPT01,2023-08-01,6034.99
753,CC005,ACC013,DEPT01,2023-09-01,6159.94
754,CC005,ACC013,DEPT01,2023-10-01,5326.02
755,CC005,ACC013,DEPT01,2023-11-01,5488.05
756,CC005,ACC013,DEPT01,2023-12-01,6019.71
757,CC005,ACC013,DEPT01,2024-01-01,5519.3
758,CC005,ACC013,DEPT01,2024-02-01,5415.23
759,CC005,ACC013,DEPT01,2024-03-01,5589.21
760,CC005,ACC013,DEPT01,2024-04-01,6084.25
761,CC005,ACC013,DEPT01,2024-05-01,5486.1
762,CC005,ACC013,DEPT01,2024-06-01,6168.52
763,CC005,ACC013,DEPT01,2024-07-01,5948.21
764,CC005,ACC013,DEPT01,2024-08-01,5790.44
765,CC005,ACC013,DEPT01,2024-09-01,5228.58
766,CC005,ACC013,DEPT01,2024-10-01,6142.01
767,CC005,ACC013,DEPT01,2024-11-01,5199.52
768,CC005,ACC013,DEPT01,2024-12-01,6142.6
769,CC005,ACC001,DEPT01,2023-01-01,110260.95
770,CC005,ACC001,DEPT01,2023-02-01,128109.23
771,CC005,ACC001,DEPT01,2023-03-01,110245.31
772,CC005,ACC001,DEPT01,2023-04-01,129676.78
773,CC005,ACC001,DEPT01,2023-05-01,108223.28
774,CC005,ACC001,DEPT01,2023-06-01,111310.53
775,CC005,ACC001,DEPT01,2023-07-01,128729.84
776,CC005,ACC001,DEPT01,2023-08-01,131103.23
777,CC005,ACC001,DEPT01,2023-09-01,109648.9
778,CC005,ACC001,DEPT01,2023-10-01,126586.93
779,CC005,ACC001,DEPT01,2023-11-01,114207.46
780,CC005,ACC001,DEPT01,2023-12-01,122793.63
781,CC005,ACC001,DEPT01,2024-01-01,117382.26
782,CC005,ACC001,DEPT01,2024-02-01,109780.42
783,CC005,ACC001,DEPT01,2024-03-01,115730.45
784,CC005,ACC001,DEPT01,2024-04-01,124018.34
785,CC005,ACC001,DEPT01,2024-05-01,120645.22
786,CC005,ACC001,DEPT01,2024-06-01,130724.12
787,CC005,ACC001,DEPT01,2024-07-01,122878.47
788,CC005,ACC001,DEPT01,2024-08-01,129125.45
789,CC005,ACC001,DEPT01,2024-09-01,119550.49
790,CC005,ACC001,DEPT01,2024-10-01,120822.43
791,CC005,ACC001,DEPT01,2024-11-01,122654.62
792,CC005,ACC001,DEPT01,2024-12-01,113482.37
793,CC005,ACC005,DEPT01,2023-01-01,5544.55
794,CC005,ACC005,DEPT01,2023-02-01,5475.18
795,CC005,ACC005,DEPT01,2023-03-01,5316.39
796,CC005,ACC005,DEPT01,2023-04-01,6344.79
797,CC005,ACC005,DEPT01,2023-05-01,6092.35
798,CC005,ACC005,DEPT01,2023-06-01,6026.94
799,CC005,ACC005,DEPT01,2023-07-01,5328.12
800,CC005,ACC005,DEPT01,2023-08-01,5404.39
801,CC005,ACC005,DEPT01,2023-09-01,5558.55
802,CC005,ACC005,DEPT01,2023-10-01,5245.24
803,CC005,ACC005,DEPT01,2023-11-01,5587.39
804,CC005,ACC005,DEPT01,2023-12-01,5276.71
805,CC005,ACC005,DEPT01,2024-01-01,5626.88
806,CC005,ACC005,DEPT01,2024-02-01,5710.52
807,CC005,ACC005,DEPT01,2024-03-01,5494.54
808,CC005,ACC005,DEPT01,2024-04-01,5688.94
809,CC005,ACC005,DEPT01,2024-05-01,6001.35
810,CC005,ACC005,DEPT01,2024-06-01,5420.25
811,CC005,ACC005,DEPT01,2024-07-01,5414.48
812,CC005,ACC005,DEPT01,2024-08-01,5917.61
813,CC005,ACC005,DEPT01,2024-09-01,5654.76
814,CC005,ACC005,DEPT01,2024-10-01,6002.9
815,CC005,ACC005,DEPT01,2024-11-01,5788.1
816,CC005,ACC005,DEPT01,2024-12-01,5887.11
817,CC005,ACC015,DEPT01,2023-01-01,1587.46
818,CC005,ACC015,DEPT01,2023-02-01,1532.36
819,CC005,ACC015,DEPT01,2023-03-01,1596.4
820,CC005,ACC015,DEPT01,2023-04-01,1668.1
821,CC005,ACC015,DEPT01,2023-05-01,1534.11
822,CC005,ACC015,DEPT01,2023-06-01,1479.23
823,CC005,ACC015,DEPT01,2023-07-01,1559.25
824,CC005,ACC015,DEPT01,2023-08-01,1413.18
825,CC005,ACC015,DEPT01,2023-09-01,1682.41
826,CC005,ACC015,DEPT01,2023-10-01,1695.52
827,CC005,ACC015,DEPT01,2023-11-01,1482.79
828,CC005,ACC015,DEPT01,2023-12-01,1687.6
829,CC005,ACC015,DEPT01,2024-01-01,1603.65
830,CC005,ACC015,DEPT01,2024-02-01,1531.51
831,CC005,ACC015,DEPT01,2024-03-01,1483.71
832,CC005,ACC015,DEPT01,2024-04-01,1699.14
833,CC005,ACC015,DEPT01,2024-05-01,1654.02
834,CC005,ACC015,DEPT01,2024-06-01,1423.32
835,CC005,ACC015,DEPT01,2024-07-01,1508.19
836,CC005,ACC015,DEPT01,2024-08-01,1501.27
837,CC005,ACC015,DEPT01,2024-09-01,1481.78
838,CC005,ACC015,DEPT01,2024-10-01,1606.42
839,CC005,ACC015,DEPT01,2024-11-01,1397.14
840,CC005,ACC015,DEPT01,2024-12-01,1646.82
841,CC006,ACC005,DEPT05,2023-01-01,6733.18
842,CC006,ACC005,DEPT05,2023-02-01,6397.32
843,CC006,ACC005,DEPT05,2023-03-01,6772.14
844,CC006,ACC005,DEPT05,2023-04-01,6751.4
845,CC006,ACC005,DEPT05,2023-05-01,6826.39
846,CC006,ACC005,DEPT05,2023-06-01,6883.29
847,CC006,ACC005,DEPT05,2023-07-01,6801.89
848,CC006,ACC005,DEPT05,2023-08-01,7038.09
849,CC006,ACC005,DEPT05,2023-09-01,6761.1
850,CC006,ACC005,DEPT05,2023-10-01,7123.87
851,CC006,ACC005,DEPT05,2023-11-01,6784.96
852,CC006,ACC005,DEPT05,2023-12-01,6340.12
853,CC006,ACC005,DEPT05,2024-01-01,6514.0
854,CC006,ACC005,DEPT05,2024-02-01,6696.93
855,CC006,ACC005,DEPT05,2024-03-01,6898.36
856,CC006,ACC005,DEPT05,2024-04-01,6051.65
857,CC006,ACC005,DEPT05,2024-05-01,6321.89
858,CC006,ACC005,DEPT05,2024-06-01,6918.3
859,CC006,ACC005,DEPT05,2024-07-01,6164.38
860,CC006,ACC005,DEPT05,2024-08-01,6107.06
861,CC006,ACC005,DEPT05,2024-09-01,6643.98
862,CC006,ACC005,DEPT05,2024-10-01,7213.63
863,CC006,ACC005,DEPT05,2024-11-01,6632.7
864,CC006,ACC005,DEPT05,2024-12-01,7137.16
865,CC006,ACC001,DEPT05,2023-01-01,170924.32
866,CC006,ACC001,DEPT05,2023-02-01,191323.26
867,CC006,ACC001,DEPT05,2023-03-01,179004.48
868,CC006,ACC001,DEPT05,2023-04-01,190669.26
869,CC006,ACC001,DEPT05,2023-05-01,188515.92
870,CC006,ACC001,DEPT05,2023-06-01,173861.54
871,CC006,ACC001,DEPT05,2023-07-01,165829.25
872,CC006,ACC001,DEPT05,2023-08-01,196289.09
873,CC006,ACC001,DEPT05,2023-09-01,166748.63
874,CC006,ACC001,DEPT05,2023-10-01,196418.69
875,CC006,ACC001,DEPT05,2023-11-01,192597.05
876,CC006,ACC001,DEPT05,2023-12-01,187713.12
877,CC006,ACC001,DEPT05,2024-01-01,196901.68
878,CC006,ACC001,DEPT05,2024-02-01,196446.34
879,CC006,ACC001,DEPT05,2024-03-01,190600.96
880,CC006,ACC001,DEPT05,2024-04-01,174833.83
881,CC006,ACC001,DEPT05,2024-05-01,190101.31
882,CC006,ACC001,DEPT05,2024-06-01,162191.16
883,CC006,ACC001,DEPT05,2024-07-01,180970.81
884,CC006,ACC001,DEPT05,2024-08-01,178032.12
885,CC006,ACC001,DEPT05,2024-09-01,185866.67
886,CC006,ACC001,DEPT05,2024-10-01,185849.15
887,CC006,ACC001,DEPT05,2024-11-01,182695.07
888,CC006,ACC001,DEPT05,2024-12-01,191241.6
889,CC006,ACC010,DEPT05,2023-01-01,30607.49
890,CC006,ACC010,DEPT05,2023-02-01,31440.87
891,CC006,ACC010,DEPT05,2023-03-01,30054.09
892,CC006,ACC010,DEPT05,2023-04-01,35760.75
893,CC006,ACC010,DEPT05,2023-05-01,33616.61
894,CC006,ACC010,DEPT05,2023-06-01,35966.78
895,CC006,ACC010,DEPT05,2023-07-01,31358.15
896,CC006,ACC010,DEPT05,2023-08-01,30307.75
897,CC006,ACC010,DEPT05,2023-09-01,35359.72
898,CC006,ACC010,DEPT05,2023-10-01,35927.81
899,CC006,ACC010,DEPT05,2023-11-01,31894.95
900,CC006,ACC010,DEPT05,2023-12-01,32599.68
901,CC006,ACC010,DEPT05,2024-01-01,30816.25
902,CC006,ACC010,DEPT05,2024-02-01,36172.71
903,CC006,ACC010,DEPT05,2024-03-01,31909.39
904,CC006,ACC010,DEPT05,2024-04-01,33159.77
905,CC006,ACC010,DEPT05,2024-05-01,30533.41
906,CC006,ACC010,DEPT05,2024-06-01,35780.84
907,CC006,ACC010,DEPT05,2024-07-01,30788.93
908,CC006,ACC010,DEPT05,2024-08-01,32900.87
909,CC006,ACC010,DEPT05,2024-09-01,34341.08
910,CC006,ACC010,DEPT05,2024-10-01,34823.63
911,CC006,ACC010,DEPT05,2024-11-01,36170.81
912,CC006,ACC010,DEPT05,2024-12-01,32671.62
913,CC006,ACC011,DEPT05,2023-01-01,14539.4
914,CC006,ACC011,DEPT05,2023-02-01,15352.7
915,CC006,ACC011,DEPT05,2023-03-01,14366.03
916,CC006,ACC011,DEPT05,2023-04-01,15585.3
917,CC006,ACC011,DEPT05,2023-05-01,15331.55
918,CC006,ACC011,DEPT05,2023-06-01,17029.0
919,CC006,ACC011,DEPT05,2023-07-01,14158.91
920,CC006,ACC011,DEPT05,2023-08-01,15214.15
921,CC006,ACC011,DEPT05,2023-09-01,15441.72
922,CC006,ACC011,DEPT05,2023-10-01,17025.98
923,CC006,ACC011,DEPT05,2023-11-01,16728.9
924,CC006,ACC011,DEPT05,2023-12-01,14367.07
925,CC006,ACC011,DEPT05,2024-01-01,16198.59
926,CC006,ACC011,DEPT05,2024-02-01,15757.47
927,CC006,ACC011,DEPT05,2024-03-01,17111.22
928,CC006,ACC011,DEPT05,2024-04-01,15177.11
929,CC006,ACC011,DEPT05,2024-05-01,15300.39
930,CC006,ACC011,DEPT05,2024-06-01,14649.62
931,CC006,ACC011,DEPT05,2024-07-01,14438.31
932,CC006,ACC011,DEPT05,2024-08-01,16705.73
933,CC006,ACC011,DEPT05,2024-09-01,15477.12
934,CC006,ACC011,DEPT05,2024-10-01,16127.02
935,CC006,ACC011,DEPT05,2024-11-01,16061.22
936,CC006,ACC011,DEPT05,2024-12-01,15922.03
937,CC006,ACC014,DEPT05,2023-01-01,5851.36
938,CC006,ACC014,DEPT05,2023-02-01,5250.12
939,CC006,ACC014,DEPT05,2023-03-01,5119.91
940,CC006,ACC014,DEPT05,2023-04-01,5605.41
941,CC006,ACC014,DEPT05,2023-05-01,5056.48
942,CC006,ACC014,DEPT05,2023-06-01,5827.41
943,CC006,ACC014,DEPT05,2023-07-01,5209.82
944,CC006,ACC014,DEPT05,2023-08-01,5219.55
945,CC006,ACC014,DEPT05,2023-09-01,5943.11
946,CC006,ACC014,DEPT05,2023-10-01,5344.19
947,CC006,ACC014,DEPT05,2023-11-01,5143.85
948,CC006,ACC014,DEPT05,2023-12-01,5977.24
949,CC006,ACC014,DEPT05,2024-01-01,4983.68
950,CC006,ACC014,DEPT05,2024-02-01,5930.62
951,CC006,ACC014,DEPT05,2024-03-01,5140.68
952,CC006,ACC014,DEPT05,2024-04-01,5124.42
953,CC006,ACC014,DEPT05,2024-05-01,5257.96
954,CC006,ACC014,DEPT05,2024-06-01,5173.67
955,CC006,ACC014,DEPT05,2024-07-01,5712.19
956,CC006,ACC014,DEPT05,2024-08-01,5009.08
957,CC006,ACC014,DEPT05,2024-09-01,4996.99
958,CC006,ACC014,DEPT05,2024-10-01,5854.89
959,CC006,ACC014,DEPT05,2024-11-01,5243.88
960,CC006,ACC014,DEPT05,2024-12-01,5338.89
961,CC006,ACC013,DEPT05,2023-01-01,2021.01
962,CC006,ACC013,DEPT05,2023-02-01,2327.03
963,CC006,ACC013,DEPT05,2023-03-01,2231.3
964,CC006,ACC013,DEPT05,2023-04-01,2328.79
965,CC006,ACC013,DEPT05,2023-05-01,2209.18
966,CC006,ACC013,DEPT05,2023-06-01,2343.15
967,CC006,ACC013,DEPT05,2023-07-01,2225.6
968,CC006,ACC013,DEPT05,2023-08-01,2046.17
969,CC006,ACC013,DEPT05,2023-09-01,2221.43
970,CC006,ACC013,DEPT05,2023-10-01,2417.46
971,CC006,ACC013,DEPT05,2023-11-01,2017.0
972,CC006,ACC013,DEPT05,2023-12-01,2345.46
973,CC006,ACC013,DEPT05,2024-01-01,2382.64
974,CC006,ACC013,DEPT05,2024-02-01,2229.25
975,CC006,ACC013,DEPT05,2024-03-01,2201.1
976,CC006,ACC013,DEPT05,2024-04-01,2425.73
977,CC006,ACC013,DEPT05,2024-05-01,2024.75
978,CC006,ACC013,DEPT05,2024-06-01,2210.39
979,CC006,ACC013,DEPT05,2024-07-01,2176.05
980,CC006,ACC013,DEPT05,2024-08-01,2302.34
981,CC006,ACC013,DEPT05,2024-09-01,2215.4
982,CC006,ACC013,DEPT05,2024-10-01,2401.61
983,CC006,ACC013,DEPT05,2024-11-01,2030.38
984,CC006,ACC013,DEPT05,2024-12-01,2033.62
985,CC006,ACC008,DEPT05,2023-01-01,33138.1
986,CC006,ACC008,DEPT05,2023-02-01,34657.46
987,CC006,ACC008,DEPT05,2023-03-01,37256.29
988,CC006,ACC008,DEPT05,2023-04-01,36641.38
989,CC006,ACC008,DEPT05,2023-05-01,35021.59
990,CC006,ACC008,DEPT05,2023-06-01,39880.46
991,CC006,ACC008,DEPT05,2023-07-01,36512.19
992,CC006,ACC008,DEPT05,2023-08-01,35954.47
993,CC006,ACC008,DEPT05,2023-09-01,37055.61
994,CC006,ACC008,DEPT05,2023-10-01,33381.21
995,CC006,ACC008,DEPT05,2023-11-01,37754.94
996,CC006,ACC008,DEPT05,2023-12-01,38851.01
997,CC006,ACC008,DEPT05,2024-01-01,37385.78
998,CC006,ACC008,DEPT05,2024-02-01,38242.56
999,CC006,ACC008,DEPT05,2024-03-01,37893.28
1000,CC006,ACC008,DEPT05,2024-04-01,34222.02
1001,CC006,ACC008,DEPT05,2024-05-01,35938.79
1002,CC006,ACC008,DEPT05,2024-06-01,34319.79
1003,CC006,ACC008,DEPT05,2024-07-01,35121.36
1004,CC006,ACC008,DEPT05,2024-08-01,35952.9
1005,CC006,ACC008,DEPT05,2024-09-01,35680.66
1006,CC006,ACC008,DEPT05,2024-10-01,33351.51
1007,CC006,ACC008,DEPT05,2024-11-01,35758.86
1008,CC006,ACC008,DEPT05,2024-12-01,37488.78
1009,CC006,ACC015,DEPT05,2023-01-01,2032.6
1010,CC006,ACC015,DEPT05,2023-02-01,2369.14
1011,CC006,ACC015,DEPT05,2023-03-01,1995.25
1012,CC006,ACC015,DEPT05,2023-04-01,2329.3
1013,CC006,ACC015,DEPT05,2023-05-01,2006.65
1014,CC006,ACC015,DEPT05,2023-06-01,2008.11
1015,CC006,ACC015,DEPT05,2023-07-01,2288.68
1016,CC006,ACC015,DEPT05,2023-08-01,2320.56
1017,CC006,ACC015,DEPT05,2023-09-01,2208.98
1018,CC006,ACC015,DEPT05,2023-10-01,2222.13
1019,CC006,ACC015,DEPT05,2023-11-01,2211.26
1020,CC006,ACC015,DEPT05,2023-12-01,2109.93
1021,CC006,ACC015,DEPT05,2024-01-01,2019.32
1022,CC006,ACC015,DEPT05,2024-02-01,2120.4
1023,CC006,ACC015,DEPT05,2024-03-01,2256.59
1024,CC006,ACC015,DEPT05,2024-04-01,2293.7
1025,CC006,ACC015,DEPT05,2024-05-01,2345.16
1026,CC006,ACC015,DEPT05,2024-06-01,2280.93
1027,CC006,ACC015,DEPT05,2024-07-01,2388.98
1028,CC006,ACC015,DEPT05,2024-08-01,2228.22
1029,CC006,ACC015,DEPT05,2024-09-01,2119.54
1030,CC006,ACC015,DEPT05,2024-10-01,2218.39
1031,CC006,ACC015,DEPT05,2024-11-01,2058.86
1032,CC006,ACC015,DEPT05,2024-12-01,2252.83
1033,CC006,ACC007,DEPT05,2023-01-01,3910.03
1034,CC006,ACC007,DEPT05,2023-02-01,4535.49
1035,CC006,ACC007,DEPT05,2023-03-01,4130.08
1036,CC006,ACC007,DEPT05,2023-04-01,4465.27
1037,CC006,ACC007,DEPT05,2023-05-01,4305.32
1038,CC006,ACC007,DEPT05,2023-06-01,4503.12
1039,CC006,ACC007,DEPT05,2023-07-01,4535.31
1040,CC006,ACC007,DEPT05,2023-08-01,4645.1
1041,CC006,ACC007,DEPT05,2023-09-01,4512.63
1042,CC006,ACC007,DEPT05,2023-10-01,4338.81
1043,CC006,ACC007,DEPT05,2023-11-01,4363.53
1044,CC006,ACC007,DEPT05,2023-12-01,3840.48
1045,CC006,ACC007,DEPT05,2024-01-01,4606.52
1046,CC006,ACC007,DEPT05,2024-02-01,4521.99
1047,CC006,ACC007,DEPT05,2024-03-01,4045.13
1048,CC006,ACC007,DEPT05,2024-04-01,3971.29
1049,CC006,ACC007,DEPT05,2024-05-01,4414.44
1050,CC006,ACC007,DEPT05,2024-06-01,4080.37
1051,CC006,ACC007,DEPT05,2024-07-01,4106.54
1052,CC006,ACC007,DEPT05,2024-08-01,3823.38
1053,CC006,ACC007,DEPT05,2024-09-01,4556.27
1054,CC006,ACC007,DEPT05,2024-10-01,4298.72
1055,CC006,ACC007,DEPT05,2024-11-01,4158.27
1056,CC006,ACC007,DEPT05,2024-12-01,3938.58
1057,CC007,ACC002,DEPT02,2023-01-01,35532.15
1058,CC007,ACC002,DEPT02,2023-02-01,36708.78
1059,CC007,ACC002,DEPT02,2023-03-01,36806.02
1060,CC007,ACC002,DEPT02,2023-04-01,41513.4
1061,CC007,ACC002,DEPT02,2023-05-01,38879.94
1062,CC007,ACC002,DEPT02,2023-06-01,41070.41
1063,CC007,ACC002,DEPT02,2023-07-01,35518.19
1064,CC007,ACC002,DEPT02,2023-08-01,40086.97
1065,CC007,ACC002,DEPT02,2023-09-01,34710.89
1066,CC007,ACC002,DEPT02,2023-10-01,34953.65
1067,CC007,ACC002,DEPT02,2023-11-01,37711.83
1068,CC007,ACC002,DEPT02,2023-12-01,37566.13
1069,CC007,ACC002,DEPT02,2024-01-01,38962.73
1070,CC007,ACC002,DEPT02,2024-02-01,37491.13
1071,CC007,ACC002,DEPT02,2024-03-01,35975.86
1072,CC007,ACC002,DEPT02,2024-04-01,38240.02
1073,CC007,ACC002,DEPT02,2024-05-01,36964.63
1074,CC007,ACC002,DEPT02,2024-06-01,35177.24
1075,CC007,ACC002,DEPT02,2024-07-01,39505.49
1076,CC007,ACC002,DEPT02,2024-08-01,38856.37
1077,CC007,ACC002,DEPT02,2024-09-01,38351.32
1078,CC007,ACC002,DEPT02,2024-10-01,36684.23
1079,CC007,ACC002,DEPT02,2024-11-01,36013.62
1080,CC007,ACC002,DEPT02,2024-12-01,41841.75
1081,CC007,ACC012,DEPT02,2023-01-01,1404.78
1082,CC007,ACC012,DEPT02,2023-02-01,1626.01
1083,CC007,ACC012,DEPT02,2023-03-01,1572.87
1084,CC007,ACC012,DEPT02,2023-04-01,1571.92
1085,CC007,ACC012,DEPT02,2023-05-01,1430.16
1086,CC007,ACC012,DEPT02,2023-06-01,1379.56
1087,CC007,ACC012,DEPT02,2023-07-01,1492.26
1088,CC007,ACC012,DEPT02,2023-08-01,1472.33
1089,CC007,ACC012,DEPT02,2023-09-01,1382.31
1090,CC007,ACC012,DEPT02,2023-10-01,1502.77
1091,CC007,ACC012,DEPT02,2023-11-01,1412.45
1092,CC007,ACC012,DEPT02,2023-12-01,1510.57
1093,CC007,ACC012,DEPT02,2024-01-01,1543.22
1094,CC007,ACC012,DEPT02,2024-02-01,1449.49
1095,CC007,ACC012,DEPT02,2024-03-01,1462.3
1096,CC007,ACC012,DEPT02,2024-04-01,1565.31
1097,CC007,ACC012,DEPT02,2024-05-01,1473.99
1098,CC007,ACC012,DEPT02,2024-06-01,1481.02
1099,CC007,ACC012,DEPT02,2024-07-01,1366.98
1100,CC007,ACC012,DEPT02,2024-08-01,1437.22
1101,CC007,ACC012,DEPT02,2024-09-01,1471.92
1102,CC007,ACC012,DEPT02,2024-10-01,1464.5
1103,CC007,ACC012,DEPT02,2024-11-01,1534.88
1104,CC007,ACC012,DEPT02,2024-12-01,1430.19
1105,CC007,ACC009,DEPT02,2023-01-01,7942.85
1106,CC007,ACC009,DEPT02,2023-02-01,6788.62
1107,CC007,ACC009,DEPT02,2023-03-01,7915.84
1108,CC007,ACC009,DEPT02,2023-04-01,7207.44
1109,CC007,ACC009,DEPT02,2023-05-01,7540.94
1110,CC007,ACC009,DEPT02,2023-06-01,7064.68
1111,CC007,ACC009,DEPT02,2023-07-01,7173.46
1112,CC007,ACC009,DEPT02,2023-08-01,6692.71
1113,CC007,ACC009,DEPT02,2023-09-01,7171.95
1114,CC007,ACC009,DEPT02,2023-10-01,7120.77
1115,CC007,ACC009,DEPT02,2023-11-01,6653.16
1116,CC007,ACC009,DEPT02,2023-12-01,7803.82
1117,CC007,ACC009,DEPT02,2024-01-01,7622.6
1118,CC007,ACC009,DEPT02,2024-02-01,6860.84
1119,CC007,ACC009,DEPT02,2024-03-01,7671.0
1120,CC007,ACC009,DEPT02,2024-04-01,6649.86
1121,CC007,ACC009,DEPT02,2024-05-01,7459.01
1122,CC007,ACC009,DEPT02,2024-06-01,7309.89
1123,CC007,ACC009,DEPT02,2024-07-01,6820.64
1124,CC007,ACC009,DEPT02,2024-08-01,7666.8
1125,CC007,ACC009,DEPT02,2024-09-01,7049.06
1126,CC007,ACC009,DEPT02,2024-10-01,7931.26
1127,CC007,ACC009,DEPT02,2024-11-01,7476.76
1128,CC007,ACC009,DEPT02,2024-12-01,6753.48
1129,CC007,ACC004,DEPT02,2023-01-01,8178.51
1130,CC007,ACC004,DEPT02,2023-02-01,8036.7
1131,CC007,ACC004,DEPT02,2023-03-01,8001.22
1132,CC007,ACC004,DEPT02,2023-04-01,9043.81
1133,CC007,ACC004,DEPT02,2023-05-01,7867.92
1134,CC007,ACC004,DEPT02,2023-06-01,9374.21
1135,CC007,ACC004,DEPT02,2023-07-01,8818.18
1136,CC007,ACC004,DEPT02,2023-08-01,8536.17
1137,CC007,ACC004,DEPT02,2023-09-01,8707.76
1138,CC007,ACC004,DEPT02,2023-10-01,8734.81
1139,CC007,ACC004,DEPT02,2023-11-01,8909.64
1140,CC007,ACC004,DEPT02,2023-12-01,9255.14
1141,CC007,ACC004,DEPT02,2024-01-01,8844.05
1142,CC007,ACC004,DEPT02,2024-02-01,9434.81
1143,CC007,ACC004,DEPT02,2024-03-01,8294.14
1144,CC007,ACC004,DEPT02,2024-04-01,9408.06
1145,CC007,ACC004,DEPT02,2024-05-01,8281.99
1146,CC007,ACC004,DEPT02,2024-06-01,8494.57
1147,CC007,ACC004,DEPT02,2024-07-01,8544.71
1148,CC007,ACC004,DEPT02,2024-08-01,8824.09
1149,CC007,ACC004,DEPT02,2024-09-01,9107.74
1150,CC007,ACC004,DEPT02,2024-10-01,8755.37
1151,CC007,ACC004,DEPT02,2024-11-01,8343.55
1152,CC007,ACC004,DEPT02,2024-12-01,7865.92
1153,CC007,ACC007,DEPT02,2023-01-01,6005.46
1154,CC007,ACC007,DEPT02,2023-02-01,6443.7
1155,CC007,ACC007,DEPT02,2023-03-01,6335.62
1156,CC007,ACC007,DEPT02,2023-04-01,6808.89
1157,CC007,ACC007,DEPT02,2023-05-01,7249.21
1158,CC007,ACC007,DEPT02,2023-06-01,6075.19
1159,CC007,ACC007,DEPT02,2023-07-01,6741.94
1160,CC007,ACC007,DEPT02,2023-08-01,6464.54
1161,CC007,ACC007,DEPT02,2023-09-01,6723.74
1162,CC007,ACC007,DEPT02,2023-10-01,7218.59
1163,CC007,ACC007,DEPT02,2023-11-01,6933.63
1164,CC007,ACC007,DEPT02,2023-12-01,6009.98
1165,CC007,ACC007,DEPT02,2024-01-01,7158.8
1166,CC007,ACC007,DEPT02,2024-02-01,6712.26
1167,CC007,ACC007,DEPT02,2024-03-01,6204.81
1168,CC007,ACC007,DEPT02,2024-04-01,6756.4
1169,CC007,ACC007,DEPT02,2024-05-01,6619.23
1170,CC007,ACC007,DEPT02,2024-06-01,7223.21
1171,CC007,ACC007,DEPT02,2024-07-01,6551.94
1172,CC007,ACC007,DEPT02,2024-08-01,7028.98
1173,CC007,ACC007,DEPT02,2024-09-01,7063.94
1174,CC007,ACC007,DEPT02,2024-10-01,7255.85
1175,CC007,ACC007,DEPT02,2024-11-01,6067.29
1176,CC007,ACC007,DEPT02,2024-12-01,6810.82
1177,CC007,ACC011,DEPT02,2023-01-01,3817.62
1178,CC007,ACC011,DEPT02,2023-02-01,4025.35
1179,CC007,ACC011,DEPT02,2023-03-01,3683.06
1180,CC007,ACC011,DEPT02,2023-04-01,3745.91
1181,CC007,ACC011,DEPT02,2023-05-01,3565.64
1182,CC007,ACC011,DEPT02,2023-06-01,3971.8
1183,CC007,ACC011,DEPT02,2023-07-01,3582.88
1184,CC007,ACC011,DEPT02,2023-08-01,3866.62
1185,CC007,ACC011,DEPT02,2023-09-01,3796.56
1186,CC007,ACC011,DEPT02,2023-10-01,3337.26
1187,CC007,ACC011,DEPT02,2023-11-01,3761.37
1188,CC007,ACC011,DEPT02,2023-12-01,3544.2
1189,CC007,ACC011,DEPT02,2024-01-01,3540.57
1190,CC007,ACC011,DEPT02,2024-02-01,3707.91
1191,CC007,ACC011,DEPT02,2024-03-01,3582.26
1192,CC007,ACC011,DEPT02,2024-04-01,3483.61
1193,CC007,ACC011,DEPT02,2024-05-01,3923.14
1194,CC007,ACC011,DEPT02,2024-06-01,4005.87
1195,CC007,ACC011,DEPT02,2024-07-01,3740.7
1196,CC007,ACC011,DEPT02,2024-08-01,3409.11
1197,CC007,ACC011,DEPT02,2024-09-01,3358.62
1198,CC007,ACC011,DEPT02,2024-10-01,3785.36
1199,CC007,ACC011,DEPT02,2024-11-01,3970.93
1200,CC007,ACC011,DEPT02,2024-12-01,3526.3
1201,CC008,ACC003,DEPT02,2023-01-01,6047.21
1202,CC008,ACC003,DEPT02,2023-02-01,6331.13
1203,CC008,ACC003,DEPT02,2023-03-01,6389.31
1204,CC008,ACC003,DEPT02,2023-04-01,6290.85
1205,CC008,ACC003,DEPT02,2023-05-01,5338.94
1206,CC008,ACC003,DEPT02,2023-06-01,6009.58
1207,CC008,ACC003,DEPT02,2023-07-01,5821.33
1208,CC008,ACC003,DEPT02,2023-08-01,5251.51
1209,CC008,ACC003,DEPT02,2023-09-01,5589.31
1210,CC008,ACC003,DEPT02,2023-10-01,6335.85
1211,CC008,ACC003,DEPT02,2023-11-01,5627.51
1212,CC008,ACC003,DEPT02,2023-12-01,6120.81
1213,CC008,ACC003,DEPT02,2024-01-01,5453.48
1214,CC008,ACC003,DEPT02,2024-02-01,6392.58
1215,CC008,ACC003,DEPT02,2024-03-01,5410.41
1216,CC008,ACC003,DEPT02,2024-04-01,5574.11
1217,CC008,ACC003,DEPT02,2024-05-01,6146.34
1218,CC008,ACC003,DEPT02,2024-06-01,5820.4
1219,CC008,ACC003,DEPT02,2024-07-01,5857.69
1220,CC008,ACC003,DEPT02,2024-08-01,6088.84
1221,CC008,ACC003,DEPT02,2024-09-01,5842.3
1222,CC008,ACC003,DEPT02,2024-10-01,5999.67
1223,CC008,ACC003,DEPT02,2024-11-01,6248.94
1224,CC008,ACC003,DEPT02,2024-12-01,5948.65
1225,CC008,ACC010,DEPT02,2023-01-01,21332.67
1226,CC008,ACC010,DEPT02,2023-02-01,21454.56
1227,CC008,ACC010,DEPT02,2023-03-01,23801.3
1228,CC008,ACC010,DEPT02,2023-04-01,23489.14
1229,CC008,ACC010,DEPT02,2023-05-01,24762.96
1230,CC008,ACC010,DEPT02,2023-06-01,23931.18
1231,CC008,ACC010,DEPT02,2023-07-01,20825.92
1232,CC008,ACC010,DEPT02,2023-08-01,22295.41
1233,CC008,ACC010,DEPT02,2023-09-01,23923.86
1234,CC008,ACC010,DEPT02,2023-10-01,25069.74
1235,CC008,ACC010,DEPT02,2023-11-01,23424.3
1236,CC008,ACC010,DEPT02,2023-12-01,24074.22
1237,CC008,ACC010,DEPT02,2024-01-01,24218.19
1238,CC008,ACC010,DEPT02,2024-02-01,21698.2
1239,CC008,ACC010,DEPT02,2024-03-01,21721.88
1240,CC008,ACC010,DEPT02,2024-04-01,25051.45
1241,CC008,ACC010,DEPT02,2024-05-01,24220.8
1242,CC008,ACC010,DEPT02,2024-06-01,24769.0
1243,CC008,ACC010,DEPT02,2024-07-01,21514.92
1244,CC008,ACC010,DEPT02,2024-08-01,23734.66
1245,CC008,ACC010,DEPT02,2024-09-01,23240.16
1246,CC008,ACC010,DEPT02,2024-10-01,22645.12
1247,CC008,ACC010,DEPT02,2024-11-01,24152.36
1248,CC008,ACC010,DEPT02,2024-12-01,24192.17
1249,CC008,ACC012,DEPT02,2023-01-01,5436.26
1250,CC008,ACC012,DEPT02,2023-02-01,5152.66
1251,CC008,ACC012,DEPT02,2023-03-01,5194.26
1252,CC008,ACC012,DEPT02,2023-04-01,5641.84
1253,CC008,ACC012,DEPT02,2023-05-01,5938.41
1254,CC008,ACC012,DEPT02,2023-06-01,5031.21
1255,CC008,ACC012,DEPT02,2023-07-01,5504.71
1256,CC008,ACC012,DEPT02,2023-08-01,5383.82
1257,CC008,ACC012,DEPT02,2023-09-01,6006.16
1258,CC008,ACC012,DEPT02,2023-10-01,5759.81
1259,CC008,ACC012,DEPT02,2023-11-01,5543.74
1260,CC008,ACC012,DEPT02,2023-12-01,5111.34
1261,CC008,ACC012,DEPT02,2024-01-01,5066.25
1262,CC008,ACC012,DEPT02,2024-02-01,5150.73
1263,CC008,ACC012,DEPT02,2024-03-01,5470.15
1264,CC008,ACC012,DEPT02,2024-04-01,5540.92
1265,CC008,ACC012,DEPT02,2024-05-01,5892.04
1266,CC008,ACC012,DEPT02,2024-06-01,5074.91
1267,CC008,ACC012,DEPT02,2024-07-01,5979.86
1268,CC008,ACC012,DEPT02,2024-08-01,5876.19
1269,CC008,ACC012,DEPT02,2024-09-01,5951.27
1270,CC008,ACC012,DEPT02,2024-10-01,6001.93
1271,CC008,ACC012,DEPT02,2024-11-01,5432.1
1272,CC008,ACC012,DEPT02,2024-12-01,5411.72
1273,CC008,ACC002,DEPT02,2023-01-01,34162.57
1274,CC008,ACC002,DEPT02,2023-02-01,32033.17
1275,CC008,ACC002,DEPT02,2023-03-01,33032.52
1276,CC008,ACC002,DEPT02,2023-04-01,33690.76
1277,CC008,ACC002,DEPT02,2023-05-01,32155.37
1278,CC008,ACC002,DEPT02,2023-06-01,36459.61
1279,CC008,ACC002,DEPT02,2023-07-01,33806.86
1280,CC008,ACC002,DEPT02,2023-08-01,32483.75
1281,CC008,ACC002,DEPT02,2023-09-01,31730.42
1282,CC008,ACC002,DEPT02,2023-10-01,37876.76
1283,CC008,ACC002,DEPT02,2023-11-01,34765.87
1284,CC008,ACC002,DEPT02,2023-12-01,37273.48
1285,CC008,ACC002,DEPT02,2024-01-01,36768.2
1286,CC008,ACC002,DEPT02,2024-02-01,34742.49
1287,CC008,ACC002,DEPT02,2024-03-01,35764.94
1288,CC008,ACC002,DEPT02,2024-04-01,37796.09
1289,CC008,ACC002,DEPT02,2024-05-01,31595.48
1290,CC008,ACC002,DEPT02,2024-06-01,32970.41
1291,CC008,ACC002,DEPT02,2024-07-01,32508.01
1292,CC008,ACC002,DEPT02,2024-08-01,38036.38
1293,CC008,ACC002,DEPT02,2024-09-01,35719.72
1294,CC008,ACC002,DEPT02,2024-10-01,34421.88
1295,CC008,ACC002,DEPT02,2024-11-01,36889.37
1296,CC008,ACC002,DEPT02,2024-12-01,33124.12
1297,CC008,ACC005,DEPT02,2023-01-01,1756.01
1298,CC008,ACC005,DEPT02,2023-02-01,1904.43
1299,CC008,ACC005,DEPT02,2023-03-01,1898.45
1300,CC008,ACC005,DEPT02,2023-04-01,1690.92
1301,CC008,ACC005,DEPT02,2023-05-01,1977.71
1302,CC008,ACC005,DEPT02,2023-06-01,1852.88
1303,CC008,ACC005,DEPT02,2023-07-01,1866.3
1304,CC008,ACC005,DEPT02,2023-08-01,1901.84
1305,CC008,ACC005,DEPT02,2023-09-01,1880.75
1306,CC008,ACC005,DEPT02,2023-10-01,1933.93
1307,CC008,ACC005,DEPT02,2023-11-01,1775.59
1308,CC008,ACC005,DEPT02,2023-12-01,1668.22
1309,CC008,ACC005,DEPT02,2024-01-01,1798.39
1310,CC008,ACC005,DEPT02,2024-02-01,1879.13
1311,CC008,ACC005,DEPT02,2024-03-01,1737.06
1312,CC008,ACC005,DEPT02,2024-04-01,1915.28
1313,CC008,ACC005,DEPT02,2024-05-01,1861.64
1314,CC008,ACC005,DEPT02,2024-06-01,1801.28
1315,CC008,ACC005,DEPT02,2024-07-01,2020.96
1316,CC008,ACC005,DEPT02,2024-08-01,1869.27
1317,CC008,ACC005,DEPT02,2024-09-01,1959.08
1318,CC008,ACC005,DEPT02,2024-10-01,1855.76
1319,CC008,ACC005,DEPT02,2024-11-01,1675.18
1320,CC008,ACC005,DEPT02,2024-12-01,1991.29
1321,CC008,ACC009,DEPT02,2023-01-01,2507.9
1322,CC008,ACC009,DEPT02,2023-02-01,2500.93
1323,CC008,ACC009,DEPT02,2023-03-01,2692.87
1324,CC008,ACC009,DEPT02,2023-04-01,2492.61
1325,CC008,ACC009,DEPT02,2023-05-01,2344.02
1326,CC008,ACC009,DEPT02,2023-06-01,2433.1
1327,CC008,ACC009,DEPT02,2023-07-01,2646.57
1328,CC008,ACC009,DEPT02,2023-08-01,2362.55
1329,CC008,ACC009,DEPT02,2023-09-01,2607.98
1330,CC008,ACC009,DEPT02,2023-10-01,2697.67
1331,CC008,ACC009,DEPT02,2023-11-01,2377.82
1332,CC008,ACC009,DEPT02,2023-12-01,2490.15
1333,CC008,ACC009,DEPT02,2024-01-01,2483.09
1334,CC008,ACC009,DEPT02,2024-02-01,2639.23
1335,CC008,ACC009,DEPT02,2024-03-01,2735.5
1336,CC008,ACC009,DEPT02,2024-04-01,2660.72
1337,CC008,ACC009,DEPT02,2024-05-01,2812.7
1338,CC008,ACC009,DEPT02,2024-06-01,2554.93
1339,CC008,ACC009,DEPT02,2024-07-01,2402.9
1340,CC008,ACC009,DEPT02,2024-08-01,2378.56
1341,CC008,ACC009,DEPT02,2024-09-01,2676.82
1342,CC008,ACC009,DEPT02,2024-10-01,2793.6
1343,CC008,ACC009,DEPT02,2024-11-01,2328.33
1344,CC008,ACC009,DEPT02,2024-12-01,2412.81
1345,CC008,ACC007,DEPT02,2023-01-01,10675.81
1346,CC008,ACC007,DEPT02,2023-02-01,9545.56
1347,CC008,ACC007,DEPT02,2023-03-01,9534.62
1348,CC008,ACC007,DEPT02,2023-04-01,9709.35
1349,CC008,ACC007,DEPT02,2023-05-01,10536.3
1350,CC008,ACC007,DEPT02,2023-06-01,9858.36
1351,CC008,ACC007,DEPT02,2023-07-01,8992.57
1352,CC008,ACC007,DEPT02,2023-08-01,10202.28
1353,CC008,ACC007,DEPT02,2023-09-01,9487.12
1354,CC008,ACC007,DEPT02,2023-10-01,10628.93
1355,CC008,ACC007,DEPT02,2023-11-01,9014.74
1356,CC008,ACC007,DEPT02,2023-12-01,10219.79
1357,CC008,ACC007,DEPT02,2024-01-01,9461.56
1358,CC008,ACC007,DEPT02,2024-02-01,10504.45
1359,CC008,ACC007,DEPT02,2024-03-01,9786.12
1360,CC008,ACC007,DEPT02,2024-04-01,9712.91
1361,CC008,ACC007,DEPT02,2024-05-01,9791.64
1362,CC008,ACC007,DEPT02,2024-06-01,10815.93
1363,CC008,ACC007,DEPT02,2024-07-01,9592.03
1364,CC008,ACC007,DEPT02,2024-08-01,9290.3
1365,CC008,ACC007,DEPT02,2024-09-01,10291.81
1366,CC008,ACC007,DEPT02,2024-10-01,9648.14
1367,CC008,ACC007,DEPT02,2024-11-01,10500.39
1368,CC008,ACC007,DEPT02,2024-12-01,9448.68
1369,CC008,ACC006,DEPT02,2023-01-01,15544.48
1370,CC008,ACC006,DEPT02,2023-02-01,15563.76
1371,CC008,ACC006,DEPT02,2023-03-01,17345.61
1372,CC008,ACC006,DEPT02,2023-04-01,14774.15
1373,CC008,ACC006,DEPT02,2023-05-01,15131.82
1374,CC008,ACC006,DEPT02,2023-06-01,14528.38
1375,CC008,ACC006,DEPT02,2023-07-01,15239.62
1376,CC008,ACC006,DEPT02,2023-08-01,15137.73
1377,CC008,ACC006,DEPT02,2023-09-01,15612.09
1378,CC008,ACC006,DEPT02,2023-10-01,16469.87
1379,CC008,ACC006,DEPT02,2023-11-01,14730.55
1380,CC008,ACC006,DEPT02,2023-12-01,15605.75
1381,CC008,ACC006,DEPT02,2024-01-01,15615.92
1382,CC008,ACC006,DEPT02,2024-02-01,16498.76
1383,CC008,ACC006,DEPT02,2024-03-01,17082.07
1384,CC008,ACC006,DEPT02,2024-04-01,16145.34
1385,CC008,ACC006,DEPT02,2024-05-01,15577.44
1386,CC008,ACC006,DEPT02,2024-06-01,16223.05
1387,CC008,ACC006,DEPT02,2024-07-01,16702.87
1388,CC008,ACC006,DEPT02,2024-08-01,14385.58
1389,CC008,ACC006,DEPT02,2024-09-01,16323.16
1390,CC008,ACC006,DEPT02,2024-10-01,15486.75
1391,CC008,ACC006,DEPT02,2024-11-01,15824.11
1392,CC008,ACC006,DEPT02,2024-12-01,16571.62
1393,CC008,ACC014,DEPT02,2023-01-01,8155.75
1394,CC008,ACC014,DEPT02,2023-02-01,9627.25
1395,CC008,ACC014,DEPT02,2023-03-01,9320.22
1396,CC008,ACC014,DEPT02,2023-04-01,8888.38
1397,CC008,ACC014,DEPT02,2023-05-01,8326.91
1398,CC008,ACC014,DEPT02,2023-06-01,8524.48
1399,CC008,ACC014,DEPT02,2023-07-01,9260.95
1400,CC008,ACC014,DEPT02,2023-08-01,8751.55
1401,CC008,ACC014,DEPT02,2023-09-01,9808.68
1402,CC008,ACC014,DEPT02,2023-10-01,8157.99
1403,CC008,ACC014,DEPT02,2023-11-01,8375.88
1404,CC008,ACC014,DEPT02,2023-12-01,8909.53
1405,CC008,ACC014,DEPT02,2024-01-01,8767.41
1406,CC008,ACC014,DEPT02,2024-02-01,8898.76
1407,CC008,ACC014,DEPT02,2024-03-01,8238.09
1408,CC008,ACC014,DEPT02,2024-04-01,8347.54
1409,CC008,ACC014,DEPT02,2024-05-01,8760.19
1410,CC008,ACC014,DEPT02,2024-06-01,8665.57
1411,CC008,ACC014,DEPT02,2024-07-01,8601.32
1412,CC008,ACC014,DEPT02,2024-08-01,9828.57
1413,CC008,ACC014,DEPT02,2024-09-01,8146.34
1414,CC008,ACC014,DEPT02,2024-10-01,8434.58
1415,CC008,ACC014,DEPT02,2024-11-01,9031.61
1416,CC008,ACC014,DEPT02,2024-12-01,9744.02
1417,CC009,ACC005,DEPT08,2023-01-01,7632.57
1418,CC009,ACC005,DEPT08,2023-02-01,8638.8
1419,CC009,ACC005,DEPT08,2023-03-01,7960.52
1420,CC009,ACC005,DEPT08,2023-04-01,7372.7
1421,CC009,ACC005,DEPT08,2023-05-01,8537.28
1422,CC009,ACC005,DEPT08,2023-06-01,7898.07
1423,CC009,ACC005,DEPT08,2023-07-01,8610.41
1424,CC009,ACC005,DEPT08,2023-08-01,7887.01
1425,CC009,ACC005,DEPT08,2023-09-01,7317.12
1426,CC009,ACC005,DEPT08,2023-10-01,8264.72
1427,CC009,ACC005,DEPT08,2023-11-01,8525.63
1428,CC009,ACC005,DEPT08,2023-12-01,7686.81
1429,CC009,ACC005,DEPT08,2024-01-01,7731.21
1430,CC009,ACC005,DEPT08,2024-02-01,7280.67
1431,CC009,ACC005,DEPT08,2024-03-01,8041.82
1432,CC009,ACC005,DEPT08,2024-04-01,8598.7
1433,CC009,ACC005,DEPT08,2024-05-01,8534.95
1434,CC009,ACC005,DEPT08,2024-06-01,8312.37
1435,CC009,ACC005,DEPT08,2024-07-01,8656.1
1436,CC009,ACC005,DEPT08,2024-08-01,8194.18
1437,CC009,ACC005,DEPT08,2024-09-01,8442.98
1438,CC009,ACC005,DEPT08,2024-10-01,7988.52
1439,CC009,ACC005,DEPT08,2024-11-01,7370.66
1440,CC009,ACC005,DEPT08,2024-12-01,7497.65
1441,CC009,ACC013,DEPT08,2023-01-01,2086.67
1442,CC009,ACC013,DEPT08,2023-02-01,1785.29
1443,CC009,ACC013,DEPT08,2023-03-01,1993.45
1444,CC009,ACC013,DEPT08,2023-04-01,1920.43
1445,CC009,ACC013,DEPT08,2023-05-01,2091.91
1446,CC009,ACC013,DEPT08,2023-06-01,1992.51
1447,CC009,ACC013,DEPT08,2023-07-01,2016.29
1448,CC009,ACC013,DEPT08,2023-08-01,1808.93
1449,CC009,ACC013,DEPT08,2023-09-01,1896.92
1450,CC009,ACC013,DEPT08,2023-10-01,2169.19
1451,CC009,ACC013,DEPT08,2023-11-01,2058.47
1452,CC009,ACC013,DEPT08,2023-12-01,1982.27
1453,CC009,ACC013,DEPT08,2024-01-01,2078.3
1454,CC009,ACC013,DEPT08,2024-02-01,2099.67
1455,CC009,ACC013,DEPT08,2024-03-01,1804.01
1456,CC009,ACC013,DEPT08,2024-04-01,2158.46
1457,CC009,ACC013,DEPT08,2024-05-01,2028.28
1458,CC009,ACC013,DEPT08,2024-06-01,1952.41
1459,CC009,ACC013,DEPT08,2024-07-01,2043.18
1460,CC009,ACC013,DEPT08,2024-08-01,1910.81
1461,CC009,ACC013,DEPT08,2024-09-01,2121.22
1462,CC009,ACC013,DEPT08,2024-10-01,2082.68
1463,CC009,ACC013,DEPT08,2024-11-01,2027.28
1464,CC009,ACC013,DEPT08,2024-12-01,1846.7
1465,CC009,ACC015,DEPT08,2023-01-01,4782.85
1466,CC009,ACC015,DEPT08,2023-02-01,5246.43
1467,CC009,ACC015,DEPT08,2023-03-01,4417.1
1468,CC009,ACC015,DEPT08,2023-04-01,4483.76
1469,CC009,ACC015,DEPT08,2023-05-01,4511.74
1470,CC009,ACC015,DEPT08,2023-06-01,4523.03
1471,CC009,ACC015,DEPT08,2023-07-01,4676.24
1472,CC009,ACC015,DEPT08,2023-08-01,5051.17
1473,CC009,ACC015,DEPT08,2023-09-01,4698.89
1474,CC009,ACC015,DEPT08,2023-10-01,5275.71
1475,CC009,ACC015,DEPT08,2023-11-01,5231.13
1476,CC009,ACC015,DEPT08,2023-12-01,5183.62
1477,CC009,ACC015,DEPT08,2024-01-01,4606.37
1478,CC009,ACC015,DEPT08,2024-02-01,4979.15
1479,CC009,ACC015,DEPT08,2024-03-01,4897.49
1480,CC009,ACC015,DEPT08,2024-04-01,4484.74
1481,CC009,ACC015,DEPT08,2024-05-01,4657.0
1482,CC009,ACC015,DEPT08,2024-06-01,4880.65
1483,CC009,ACC015,DEPT08,2024-07-01,4850.69
1484,CC009,ACC015,DEPT08,2024-08-01,4526.89
1485,CC009,ACC015,DEPT08,2024-09-01,5276.39
1486,CC009,ACC015,DEPT08,2024-10-01,4512.88
1487,CC009,ACC015,DEPT08,2024-11-01,5002.1
1488,CC009,ACC015,DEPT08,2024-12-01,5062.12
1489,CC009,ACC012,DEPT08,2023-01-01,6887.86
1490,CC009,ACC012,DEPT08,2023-02-01,6528.27
1491,CC009,ACC012,DEPT08,2023-03-01,6865.56
1492,CC009,ACC012,DEPT08,2023-04-01,5838.21
1493,CC009,ACC012,DEPT08,2023-05-01,5860.24
1494,CC009,ACC012,DEPT08,2023-06-01,6628.62
1495,CC009,ACC012,DEPT08,2023-07-01,6545.23
1496,CC009,ACC012,DEPT08,2023-08-01,6641.09
1497,CC009,ACC012,DEPT08,2023-09-01,6790.43
1498,CC009,ACC012,DEPT08,2023-10-01,6338.71
1499,CC009,ACC012,DEPT08,2023-11-01,6625.44
1500,CC009,ACC012,DEPT08,2023-12-01,6443.72
1501,CC009,ACC012,DEPT08,2024-01-01,6610.2
1502,CC009,ACC012,DEPT08,2024-02-01,6175.08
1503,CC009,ACC012,DEPT08,2024-03-01,7034.99
1504,CC009,ACC012,DEPT08,2024-04-01,6424.26
1505,CC009,ACC012,DEPT08,2024-05-01,6839.07
1506,CC009,ACC012,DEPT08,2024-06-01,6684.75
1507,CC009,ACC012,DEPT08,2024-07-01,6185.09
1508,CC009,ACC012,DEPT08,2024-08-01,5895.71
1509,CC009,ACC012,DEPT08,2024-09-01,5878.87
1510,CC009,ACC012,DEPT08,2024-10-01,6368.39
1511,CC009,ACC012,DEPT08,2024-11-01,6425.95
1512,CC009,ACC012,DEPT08,2024-12-01,6064.66
1513,CC009,ACC008,DEPT08,2023-01-01,34874.97
1514,CC009,ACC008,DEPT08,2023-02-01,37815.5
1515,CC009,ACC008,DEPT08,2023-03-01,37930.27
1516,CC009,ACC008,DEPT08,2023-04-01,38847.53
1517,CC009,ACC008,DEPT08,2023-05-01,39677.97
1518,CC009,ACC008,DEPT08,2023-06-01,33557.41
1519,CC009,ACC008,DEPT08,2023-07-01,35294.96
1520,CC009,ACC008,DEPT08,2023-08-01,36679.87
1521,CC009,ACC008,DEPT08,2023-09-01,34922.31
1522,CC009,ACC008,DEPT08,2023-10-01,35990.15
1523,CC009,ACC008,DEPT08,2023-11-01,34548.06
1524,CC009,ACC008,DEPT08,2023-12-01,34406.37
1525,CC009,ACC008,DEPT08,2024-01-01,33311.36
1526,CC009,ACC008,DEPT08,2024-02-01,34712.85
1527,CC009,ACC008,DEPT08,2024-03-01,35393.59
1528,CC009,ACC008,DEPT08,2024-04-01,37069.21
1529,CC009,ACC008,DEPT08,2024-05-01,34408.92
1530,CC009,ACC008,DEPT08,2024-06-01,38880.35
1531,CC009,ACC008,DEPT08,2024-07-01,33767.08
1532,CC009,ACC008,DEPT08,2024-08-01,34982.6
1533,CC009,ACC008,DEPT08,2024-09-01,36796.08
1534,CC009,ACC008,DEPT08,2024-10-01,34875.93
1535,CC009,ACC008,DEPT08,2024-11-01,38139.85
1536,CC009,ACC008,DEPT08,2024-12-01,36220.54
1537,CC009,ACC004,DEPT08,2023-01-01,23009.66
1538,CC009,ACC004,DEPT08,2023-02-01,22134.07
1539,CC009,ACC004,DEPT08,2023-03-01,20820.51
1540,CC009,ACC004,DEPT08,2023-04-01,25064.81
1541,CC009,ACC004,DEPT08,2023-05-01,23040.43
1542,CC009,ACC004,DEPT08,2023-06-01,25163.56
1543,CC009,ACC004,DEPT08,2023-07-01,21704.16
1544,CC009,ACC004,DEPT08,2023-08-01,22338.23
1545,CC009,ACC004,DEPT08,2023-09-01,20946.47
1546,CC009,ACC004,DEPT08,2023-10-01,22991.87
1547,CC009,ACC004,DEPT08,2023-11-01,24775.31
1548,CC009,ACC004,DEPT08,2023-12-01,23725.44
1549,CC009,ACC004,DEPT08,2024-01-01,22879.98
1550,CC009,ACC004,DEPT08,2024-02-01,23184.26
1551,CC009,ACC004,DEPT08,2024-03-01,24613.43
1552,CC009,ACC004,DEPT08,2024-04-01,22697.42
1553,CC009,ACC004,DEPT08,2024-05-01,24775.84
1554,CC009,ACC004,DEPT08,2024-06-01,24062.61
1555,CC009,ACC004,DEPT08,2024-07-01,24229.92
1556,CC009,ACC004,DEPT08,2024-08-01,22398.27
1557,CC009,ACC004,DEPT08,2024-09-01,22557.74
1558,CC009,ACC004,DEPT08,2024-10-01,23338.88
1559,CC009,ACC004,DEPT08,2024-11-01,21609.85
1560,CC009,ACC004,DEPT08,2024-12-01,23260.36
1561,CC010,ACC007,DEPT08,2023-01-01,8132.79
1562,CC010,ACC007,DEPT08,2023-02-01,9640.51
1563,CC010,ACC007,DEPT08,2023-03-01,8617.17
1564,CC010,ACC007,DEPT08,2023-04-01,9323.24
1565,CC010,ACC007,DEPT08,2023-05-01,8520.65
1566,CC010,ACC007,DEPT08,2023-06-01,9576.89
1567,CC010,ACC007,DEPT08,2023-07-01,9252.93
1568,CC010,ACC007,DEPT08,2023-08-01,8274.09
1569,CC010,ACC007,DEPT08,2023-09-01,8820.05
1570,CC010,ACC007,DEPT08,2023-10-01,8804.12
1571,CC010,ACC007,DEPT08,2023-11-01,8003.36
1572,CC010,ACC007,DEPT08,2023-12-01,8164.88
1573,CC010,ACC007,DEPT08,2024-01-01,8510.0
1574,CC010,ACC007,DEPT08,2024-02-01,8757.76
1575,CC010,ACC007,DEPT08,2024-03-01,8728.25
1576,CC010,ACC007,DEPT08,2024-04-01,8991.09
1577,CC010,ACC007,DEPT08,2024-05-01,8831.29
1578,CC010,ACC007,DEPT08,2024-06-01,8501.07
1579,CC010,ACC007,DEPT08,2024-07-01,9003.08
1580,CC010,ACC007,DEPT08,2024-08-01,8209.72
1581,CC010,ACC007,DEPT08,2024-09-01,9667.86
1582,CC010,ACC007,DEPT08,2024-10-01,9225.38
1583,CC010,ACC007,DEPT08,2024-11-01,8450.48
1584,CC010,ACC007,DEPT08,2024-12-01,8515.87
1585,CC010,ACC009,DEPT08,2023-01-01,12850.34
1586,CC010,ACC009,DEPT08,2023-02-01,13300.79
1587,CC010,ACC009,DEPT08,2023-03-01,12256.52
1588,CC010,ACC009,DEPT08,2023-04-01,13574.04
1589,CC010,ACC009,DEPT08,2023-05-01,12431.61
1590,CC010,ACC009,DEPT08,2023-06-01,13211.59
1591,CC010,ACC009,DEPT08,2023-07-01,13993.21
1592,CC010,ACC009,DEPT08,2023-08-01,12981.5
1593,CC010,ACC009,DEPT08,2023-09-01,13525.54
1594,CC010,ACC009,DEPT08,2023-10-01,13343.14
1595,CC010,ACC009,DEPT08,2023-11-01,13247.94
1596,CC010,ACC009,DEPT08,2023-12-01,11559.03
1597,CC010,ACC009,DEPT08,2024-01-01,12702.88
1598,CC010,ACC009,DEPT08,2024-02-01,13960.45
1599,CC010,ACC009,DEPT08,2024-03-01,13490.17
1600,CC010,ACC009,DEPT08,2024-04-01,13472.96
1601,CC010,ACC009,DEPT08,2024-05-01,12966.01
1602,CC010,ACC009,DEPT08,2024-06-01,13333.12
1603,CC010,ACC009,DEPT08,2024-07-01,12981.04
1604,CC010,ACC009,DEPT08,2024-08-01,11926.4
1605,CC010,ACC009,DEPT08,2024-09-01,13097.23
1606,CC010,ACC009,DEPT08,2024-10-01,13073.51
1607,CC010,ACC009,DEPT08,2024-11-01,13638.95
1608,CC010,ACC009,DEPT08,2024-12-01,11868.34
1609,CC010,ACC008,DEPT08,2023-01-01,35188.05
1610,CC010,ACC008,DEPT08,2023-02-01,42305.79
1611,CC010,ACC008,DEPT08,2023-03-01,35796.25
1612,CC010,ACC008,DEPT08,2023-04-01,35089.95
1613,CC010,ACC008,DEPT08,2023-05-01,37378.75
1614,CC010,ACC008,DEPT08,2023-06-01,36118.77
1615,CC010,ACC008,DEPT08,2023-07-01,40304.69
1616,CC010,ACC008,DEPT08,2023-08-01,38129.51
1617,CC010,ACC008,DEPT08,2023-09-01,40960.63
1618,CC010,ACC008,DEPT08,2023-10-01,42090.82
1619,CC010,ACC008,DEPT08,2023-11-01,41720.4
1620,CC010,ACC008,DEPT08,2023-12-01,40656.74
1621,CC010,ACC008,DEPT08,2024-01-01,35426.52
1622,CC010,ACC008,DEPT08,2024-02-01,36015.12
1623,CC010,ACC008,DEPT08,2024-03-01,36552.92
1624,CC010,ACC008,DEPT08,2024-04-01,37466.94
1625,CC010,ACC008,DEPT08,2024-05-01,40085.15
1626,CC010,ACC008,DEPT08,2024-06-01,39023.27
1627,CC010,ACC008,DEPT08,2024-07-01,37379.21
1628,CC010,ACC008,DEPT08,2024-08-01,36287.67
1629,CC010,ACC008,DEPT08,2024-09-01,42025.62
1630,CC010,ACC008,DEPT08,2024-10-01,37601.1
1631,CC010,ACC008,DEPT08,2024-11-01,37693.97
1632,CC010,ACC008,DEPT08,2024-12-01,40937.47
1633,CC010,ACC014,DEPT08,2023-01-01,23683.0
1634,CC010,ACC014,DEPT08,2023-02-01,23913.25
1635,CC010,ACC014,DEPT08,2023-03-01,23529.98
1636,CC010,ACC014,DEPT08,2023-04-01,21606.11
1637,CC010,ACC014,DEPT08,2023-05-01,21855.93
1638,CC010,ACC014,DEPT08,2023-06-01,23290.58
1639,CC010,ACC014,DEPT08,2023-07-01,21756.23
1640,CC010,ACC014,DEPT08,2023-08-01,25200.69
1641,CC010,ACC014,DEPT08,2023-09-01,22091.21
1642,CC010,ACC014,DEPT08,2023-10-01,22051.56
1643,CC010,ACC014,DEPT08,2023-11-01,21675.24
1644,CC010,ACC014,DEPT08,2023-12-01,23967.01
1645,CC010,ACC014,DEPT08,2024-01-01,22180.66
1646,CC010,ACC014,DEPT08,2024-02-01,22326.91
1647,CC010,ACC014,DEPT08,2024-03-01,25020.14
1648,CC010,ACC014,DEPT08,2024-04-01,24383.34
1649,CC010,ACC014,DEPT08,2024-05-01,21979.97
1650,CC010,ACC014,DEPT08,2024-06-01,21281.99
1651,CC010,ACC014,DEPT08,2024-07-01,23836.39
1652,CC010,ACC014,DEPT08,2024-08-01,22469.15
1653,CC010,ACC014,DEPT08,2024-09-01,25234.07
1654,CC010,ACC014,DEPT08,2024-10-01,24489.12
1655,CC010,ACC014,DEPT08,2024-11-01,25116.42
1656,CC010,ACC014,DEPT08,2024-12-01,24425.76
1657,CC010,ACC005,DEPT08,2023-01-01,2904.34
1658,CC010,ACC005,DEPT08,2023-02-01,3163.07
1659,CC010,ACC005,DEPT08,2023-03-01,2939.97
1660,CC010,ACC005,DEPT08,2023-04-01,2998.21
1661,CC010,ACC005,DEPT08,2023-05-01,2885.42
1662,CC010,ACC005,DEPT08,2023-06-01,3020.48
1663,CC010,ACC005,DEPT08,2023-07-01,2852.43
1664,CC010,ACC005,DEPT08,2023-08-01,3056.57
1665,CC010,ACC005,DEPT08,2023-09-01,3295.86
1666,CC010,ACC005,DEPT08,2023-10-01,3152.17
1667,CC010,ACC005,DEPT08,2023-11-01,2813.13
1668,CC010,ACC005,DEPT08,2023-12-01,3103.34
1669,CC010,ACC005,DEPT08,2024-01-01,3085.84
1670,CC010,ACC005,DEPT08,2024-02-01,2876.93
1671,CC010,ACC005,DEPT08,2024-03-01,3136.2
1672,CC010,ACC005,DEPT08,2024-04-01,3052.0
1673,CC010,ACC005,DEPT08,2024-05-01,3116.85
1674,CC010,ACC005,DEPT08,2024-06-01,2761.69
1675,CC010,ACC005,DEPT08,2024-07-01,2980.57
1676,CC010,ACC005,DEPT08,2024-08-01,3165.03
1677,CC010,ACC005,DEPT08,2024-09-01,2790.85
1678,CC010,ACC005,DEPT08,2024-10-01,3197.42
1679,CC010,ACC005,DEPT08,2024-11-01,2732.99
1680,CC010,ACC005,DEPT08,2024-12-01,3063.71
1681,CC010,ACC010,DEPT08,2023-01-01,32260.94
1682,CC010,ACC010,DEPT08,2023-02-01,35733.15
1683,CC010,ACC010,DEPT08,2023-03-01,35360.82
1684,CC010,ACC010,DEPT08,2023-04-01,32724.72
1685,CC010,ACC010,DEPT08,2023-05-01,30897.03
1686,CC010,ACC010,DEPT08,2023-06-01,35923.04
1687,CC010,ACC010,DEPT08,2023-07-01,31697.24
1688,CC010,ACC010,DEPT08,2023-08-01,33832.21
1689,CC010,ACC010,DEPT08,2023-09-01,35555.01
1690,CC010,ACC010,DEPT08,2023-10-01,30173.86
1691,CC010,ACC010,DEPT08,2023-11-01,33360.39
1692,CC010,ACC010,DEPT08,2023-12-01,33104.1
1693,CC010,ACC010,DEPT08,2024-01-01,34339.9
1694,CC010,ACC010,DEPT08,2024-02-01,35743.92
1695,CC010,ACC010,DEPT08,2024-03-01,35589.81
1696,CC010,ACC010,DEPT08,2024-04-01,30736.67
1697,CC010,ACC010,DEPT08,2024-05-01,35386.1
1698,CC010,ACC010,DEPT08,2024-06-01,30741.43
1699,CC010,ACC010,DEPT08,2024-07-01,35631.92
1700,CC010,ACC010,DEPT08,2024-08-01,36141.7
1701,CC010,ACC010,DEPT08,2024-09-01,32195.77
1702,CC010,ACC010,DEPT08,2024-10-01,32842.64
1703,CC010,ACC010,DEPT08,2024-11-01,35743.52
1704,CC010,ACC010,DEPT08,2024-12-01,35911.32
1705,CC011,ACC015,DEPT06,2023-01-01,1954.7
1706,CC011,ACC015,DEPT06,2023-02-01,1795.95
1707,CC011,ACC015,DEPT06,2023-03-01,1778.36
1708,CC011,ACC015,DEPT06,2023-04-01,1936.7
1709,CC011,ACC015,DEPT06,2023-05-01,1905.54
1710,CC011,ACC015,DEPT06,2023-06-01,1769.14
1711,CC011,ACC015,DEPT06,2023-07-01,1671.14
1712,CC011,ACC015,DEPT06,2023-08-01,1642.59
1713,CC011,ACC015,DEPT06,2023-09-01,1660.34
1714,CC011,ACC015,DEPT06,2023-10-01,1765.9
1715,CC011,ACC015,DEPT06,2023-11-01,1694.09
1716,CC011,ACC015,DEPT06,2023-12-01,1668.78
1717,CC011,ACC015,DEPT06,2024-01-01,1864.79
1718,CC011,ACC015,DEPT06,2024-02-01,1884.07
1719,CC011,ACC015,DEPT06,2024-03-01,1804.66
1720,CC011,ACC015,DEPT06,2024-04-01,1872.15
1721,CC011,ACC015,DEPT06,2024-05-01,1664.97
1722,CC011,ACC015,DEPT06,2024-06-01,1907.35
1723,CC011,ACC015,DEPT06,2024-07-01,1921.92
1724,CC011,ACC015,DEPT06,2024-08-01,1896.97
1725,CC011,ACC015,DEPT06,2024-09-01,1785.97
1726,CC011,ACC015,DEPT06,2024-10-01,1633.36
1727,CC011,ACC015,DEPT06,2024-11-01,1840.8
1728,CC011,ACC015,DEPT06,2024-12-01,1668.28
1729,CC011,ACC001,DEPT06,2023-01-01,93455.76
1730,CC011,ACC001,DEPT06,2023-02-01,91991.92
1731,CC011,ACC001,DEPT06,2023-03-01,92238.72
1732,CC011,ACC001,DEPT06,2023-04-01,91749.23
1733,CC011,ACC001,DEPT06,2023-05-01,101789.88
1734,CC011,ACC001,DEPT06,2023-06-01,105670.21
1735,CC011,ACC001,DEPT06,2023-07-01,93036.19
1736,CC011,ACC001,DEPT06,2023-08-01,101191.7
1737,CC011,ACC001,DEPT06,2023-09-01,87407.65
1738,CC011,ACC001,DEPT06,2023-10-01,99850.99
1739,CC011,ACC001,DEPT06,2023-11-01,100608.26
1740,CC011,ACC001,DEPT06,2023-12-01,88389.72
1741,CC011,ACC001,DEPT06,2024-01-01,89476.65
1742,CC011,ACC001,DEPT06,2024-02-01,93130.36
1743,CC011,ACC001,DEPT06,2024-03-01,95040.9
1744,CC011,ACC001,DEPT06,2024-04-01,96922.26
1745,CC011,ACC001,DEPT06,2024-05-01,104528.72
1746,CC011,ACC001,DEPT06,2024-06-01,100817.28
1747,CC011,ACC001,DEPT06,2024-07-01,93211.18
1748,CC011,ACC001,DEPT06,2024-08-01,89460.98
1749,CC011,ACC001,DEPT06,2024-09-01,104935.82
1750,CC011,ACC001,DEPT06,2024-10-01,92902.34
1751,CC011,ACC001,DEPT06,2024-11-01,99094.26
1752,CC011,ACC001,DEPT06,2024-12-01,91431.63
1753,CC011,ACC014,DEPT06,2023-01-01,7760.79
1754,CC011,ACC014,DEPT06,2023-02-01,8752.4
1755,CC011,ACC014,DEPT06,2023-03-01,8515.58
1756,CC011,ACC014,DEPT06,2023-04-01,8198.86
1757,CC011,ACC014,DEPT06,2023-05-01,8421.34
1758,CC011,ACC014,DEPT06,2023-06-01,8290.57
1759,CC011,ACC014,DEPT06,2023-07-01,8401.79
1760,CC011,ACC014,DEPT06,2023-08-01,8612.9
1761,CC011,ACC014,DEPT06,2023-09-01,7869.57
1762,CC011,ACC014,DEPT06,2023-10-01,7918.03
1763,CC011,ACC014,DEPT06,2023-11-01,8764.09
1764,CC011,ACC014,DEPT06,2023-12-01,8961.55
1765,CC011,ACC014,DEPT06,2024-01-01,7641.84
1766,CC011,ACC014,DEPT06,2024-02-01,8250.4
1767,CC011,ACC014,DEPT06,2024-03-01,8679.07
1768,CC011,ACC014,DEPT06,2024-04-01,7635.56
1769,CC011,ACC014,DEPT06,2024-05-01,8446.24
1770,CC011,ACC014,DEPT06,2024-06-01,7608.3
1771,CC011,ACC014,DEPT06,2024-07-01,8418.69
1772,CC011,ACC014,DEPT06,2024-08-01,8348.37
1773,CC011,ACC014,DEPT06,2024-09-01,8460.47
1774,CC011,ACC014,DEPT06,2024-10-01,7755.23
1775,CC011,ACC014,DEPT06,2024-11-01,8052.55
1776,CC011,ACC014,DEPT06,2024-12-01,8373.15
1777,CC011,ACC005,DEPT06,2023-01-01,1706.82
1778,CC011,ACC005,DEPT06,2023-02-01,1843.84
1779,CC011,ACC005,DEPT06,2023-03-01,1665.3
1780,CC011,ACC005,DEPT06,2023-04-01,1817.44
1781,CC011,ACC005,DEPT06,2023-05-01,1925.65
1782,CC011,ACC005,DEPT06,2023-06-01,1796.79
1783,CC011,ACC005,DEPT06,2023-07-01,1818.49
1784,CC011,ACC005,DEPT06,2023-08-01,1798.01
1785,CC011,ACC005,DEPT06,2023-09-01,1653.26
1786,CC011,ACC005,DEPT06,2023-10-01,1800.03
1787,CC011,ACC005,DEPT06,2023-11-01,1925.01
1788,CC011,ACC005,DEPT06,2023-12-01,1894.67
1789,CC011,ACC005,DEPT06,2024-01-01,1775.94
1790,CC011,ACC005,DEPT06,2024-02-01,1928.47
1791,CC011,ACC005,DEPT06,2024-03-01,1902.84
1792,CC011,ACC005,DEPT06,2024-04-01,1842.09
1793,CC011,ACC005,DEPT06,2024-05-01,1648.74
1794,CC011,ACC005,DEPT06,2024-06-01,1757.29
1795,CC011,ACC005,DEPT06,2024-07-01,1655.44
1796,CC011,ACC005,DEPT06,2024-08-01,1992.92
1797,CC011,ACC005,DEPT06,2024-09-01,1971.32
1798,CC011,ACC005,DEPT06,2024-10-01,1657.35
1799,CC011,ACC005,DEPT06,2024-11-01,1971.03
1800,CC011,ACC005,DEPT06,2024-12-01,1643.82
1801,CC011,ACC010,DEPT06,2023-01-01,18194.82
1802,CC011,ACC010,DEPT06,2023-02-01,18183.96
1803,CC011,ACC010,DEPT06,2023-03-01,18917.79
1804,CC011,ACC010,DEPT06,2023-04-01,17769.76
1805,CC011,ACC010,DEPT06,2023-05-01,16991.0
1806,CC011,ACC010,DEPT06,2023-06-01,18967.94
1807,CC011,ACC010,DEPT06,2023-07-01,16860.19
1808,CC011,ACC010,DEPT06,2023-08-01,18542.38
1809,CC011,ACC010,DEPT06,2023-09-01,18670.66
1810,CC011,ACC010,DEPT06,2023-10-01,16836.59
1811,CC011,ACC010,DEPT06,2023-11-01,17897.01
1812,CC011,ACC010,DEPT06,2023-12-01,17824.71
1813,CC011,ACC010,DEPT06,2024-01-01,17401.72
1814,CC011,ACC010,DEPT06,2024-02-01,17796.19
1815,CC011,ACC010,DEPT06,2024-03-01,16740.33
1816,CC011,ACC010,DEPT06,2024-04-01,16155.71
1817,CC011,ACC010,DEPT06,2024-05-01,17394.67
1818,CC011,ACC010,DEPT06,2024-06-01,17365.61
1819,CC011,ACC010,DEPT06,2024-07-01,18052.85
1820,CC011,ACC010,DEPT06,2024-08-01,16308.4
1821,CC011,ACC010,DEPT06,2024-09-01,15551.4
1822,CC011,ACC010,DEPT06,2024-10-01,15617.92
1823,CC011,ACC010,DEPT06,2024-11-01,16569.71
1824,CC011,ACC010,DEPT06,2024-12-01,17865.14
1825,CC011,ACC011,DEPT06,2023-01-01,12333.84
1826,CC011,ACC011,DEPT06,2023-02-01,13048.16
1827,CC011,ACC011,DEPT06,2023-03-01,11636.69
1828,CC011,ACC011,DEPT06,2023-04-01,11878.49
1829,CC011,ACC011,DEPT06,2023-05-01,11705.66
1830,CC011,ACC011,DEPT06,2023-06-01,13327.71
1831,CC011,ACC011,DEPT06,2023-07-01,12807.13
1832,CC011,ACC011,DEPT06,2023-08-01,11306.61
1833,CC011,ACC011,DEPT06,2023-09-01,13014.14
1834,CC011,ACC011,DEPT06,2023-10-01,12057.62
1835,CC011,ACC011,DEPT06,2023-11-01,12907.7
1836,CC011,ACC011,DEPT06,2023-12-01,13196.2
1837,CC011,ACC011,DEPT06,2024-01-01,11068.36
1838,CC011,ACC011,DEPT06,2024-02-01,11535.14
1839,CC011,ACC011,DEPT06,2024-03-01,11277.32
1840,CC011,ACC011,DEPT06,2024-04-01,11112.31
1841,CC011,ACC011,DEPT06,2024-05-01,12495.25
1842,CC011,ACC011,DEPT06,2024-06-01,12753.85
1843,CC011,ACC011,DEPT06,2024-07-01,11149.32
1844,CC011,ACC011,DEPT06,2024-08-01,12845.16
1845,CC011,ACC011,DEPT06,2024-09-01,12016.01
1846,CC011,ACC011,DEPT06,2024-10-01,11604.41
1847,CC011,ACC011,DEPT06,2024-11-01,11562.57
1848,CC011,ACC011,DEPT06,2024-12-01,13147.12
1849,CC011,ACC002,DEPT06,2023-01-01,22275.1
1850,CC011,ACC002,DEPT06,2023-02-01,21319.66
1851,CC011,ACC002,DEPT06,2023-03-01,23663.5
1852,CC011,ACC002,DEPT06,2023-04-01,23288.37
1853,CC011,ACC002,DEPT06,2023-05-01,21451.6
1854,CC011,ACC002,DEPT06,2023-06-01,22693.65
1855,CC011,ACC002,DEPT06,2023-07-01,23025.8
1856,CC011,ACC002,DEPT06,2023-08-01,21459.44
1857,CC011,ACC002,DEPT06,2023-09-01,21375.31
1858,CC011,ACC002,DEPT06,2023-10-01,20669.72
1859,CC011,ACC002,DEPT06,2023-11-01,22970.96
1860,CC011,ACC002,DEPT06,2023-12-01,21015.97
1861,CC011,ACC002,DEPT06,2024-01-01,21369.68
1862,CC011,ACC002,DEPT06,2024-02-01,20303.34
1863,CC011,ACC002,DEPT06,2024-03-01,24254.37
1864,CC011,ACC002,DEPT06,2024-04-01,23948.08
1865,CC011,ACC002,DEPT06,2024-05-01,24089.92
1866,CC011,ACC002,DEPT06,2024-06-01,22818.63
1867,CC011,ACC002,DEPT06,2024-07-01,21933.69
1868,CC011,ACC002,DEPT06,2024-08-01,22238.27
1869,CC011,ACC002,DEPT06,2024-09-01,24360.19
1870,CC011,ACC002,DEPT06,2024-10-01,24223.51
1871,CC011,ACC002,DEPT06,2024-11-01,23020.5
1872,CC011,ACC002,DEPT06,2024-12-01,23530.04
1873,CC011,ACC006,DEPT06,2023-01-01,31770.68
1874,CC011,ACC006,DEPT06,2023-02-01,30044.56
1875,CC011,ACC006,DEPT06,2023-03-01,31513.06
1876,CC011,ACC006,DEPT06,2023-04-01,33955.52
1877,CC011,ACC006,DEPT06,2023-05-01,32140.28
1878,CC011,ACC006,DEPT06,2023-06-01,34568.95
1879,CC011,ACC006,DEPT06,2023-07-01,31023.71
1880,CC011,ACC006,DEPT06,2023-08-01,33652.83
1881,CC011,ACC006,DEPT06,2023-09-01,34287.42
1882,CC011,ACC006,DEPT06,2023-10-01,34991.59
1883,CC011,ACC006,DEPT06,2023-11-01,32714.57
1884,CC011,ACC006,DEPT06,2023-12-01,35334.38
1885,CC011,ACC006,DEPT06,2024-01-01,32681.62
1886,CC011,ACC006,DEPT06,2024-02-01,29946.82
1887,CC011,ACC006,DEPT06,2024-03-01,30649.69
1888,CC011,ACC006,DEPT06,2024-04-01,30394.29
1889,CC011,ACC006,DEPT06,2024-05-01,33259.47
1890,CC011,ACC006,DEPT06,2024-06-01,35039.96
1891,CC011,ACC006,DEPT06,2024-07-01,34554.69
1892,CC011,ACC006,DEPT06,2024-08-01,29677.8
1893,CC011,ACC006,DEPT06,2024-09-01,33762.74
1894,CC011,ACC006,DEPT06,2024-10-01,30311.22
1895,CC011,ACC006,DEPT06,2024-11-01,30815.15
1896,CC011,ACC006,DEPT06,2024-12-01,33433.73
1897,CC012,ACC001,DEPT06,2023-01-01,125902.52
1898,CC012,ACC001,DEPT06,2023-02-01,109674.45
1899,CC012,ACC001,DEPT06,2023-03-01,109167.4
1900,CC012,ACC001,DEPT06,2023-04-01,122003.26
1901,CC012,ACC001,DEPT06,2023-05-01,122129.05
1902,CC012,ACC001,DEPT06,2023-06-01,122302.5
1903,CC012,ACC001,DEPT06,2023-07-01,126029.31
1904,CC012,ACC001,DEPT06,2023-08-01,120936.06
1905,CC012,ACC001,DEPT06,2023-09-01,121125.59
1906,CC012,ACC001,DEPT06,2023-10-01,113976.52
1907,CC012,ACC001,DEPT06,2023-11-01,110315.1
1908,CC012,ACC001,DEPT06,2023-12-01,112230.38
1909,CC012,ACC001,DEPT06,2024-01-01,111332.94
1910,CC012,ACC001,DEPT06,2024-02-01,115596.99
1911,CC012,ACC001,DEPT06,2024-03-01,119844.28
1912,CC012,ACC001,DEPT06,2024-04-01,111923.3
1913,CC012,ACC001,DEPT06,2024-05-01,113115.58
1914,CC012,ACC001,DEPT06,2024-06-01,125293.09
1915,CC012,ACC001,DEPT06,2024-07-01,115591.26
1916,CC012,ACC001,DEPT06,2024-08-01,123431.08
1917,CC012,ACC001,DEPT06,2024-09-01,121559.58
1918,CC012,ACC001,DEPT06,2024-10-01,122472.37
1919,CC012,ACC001,DEPT06,2024-11-01,112198.22
1920,CC012,ACC001,DEPT06,2024-12-01,109472.41
1921,CC012,ACC014,DEPT06,2023-01-01,11657.99
1922,CC012,ACC014,DEPT06,2023-02-01,13756.79
1923,CC012,ACC014,DEPT06,2023-03-01,13441.77
1924,CC012,ACC014,DEPT06,2023-04-01,11582.34
1925,CC012,ACC014,DEPT06,2023-05-01,12959.77
1926,CC012,ACC014,DEPT06,2023-06-01,13038.56
1927,CC012,ACC014,DEPT06,2023-07-01,13387.3
1928,CC012,ACC014,DEPT06,2023-08-01,12297.8
1929,CC012,ACC014,DEPT06,2023-09-01,12043.9
1930,CC012,ACC014,DEPT06,2023-10-01,12130.65
1931,CC012,ACC014,DEPT06,2023-11-01,13002.03
1932,CC012,ACC014,DEPT06,2023-12-01,12170.95
1933,CC012,ACC014,DEPT06,2024-01-01,12952.93
1934,CC012,ACC014,DEPT06,2024-02-01,13960.36
1935,CC012,ACC014,DEPT06,2024-03-01,12406.47
1936,CC012,ACC014,DEPT06,2024-04-01,13498.47
1937,CC012,ACC014,DEPT06,2024-05-01,12793.87
1938,CC012,ACC014,DEPT06,2024-06-01,13396.39
1939,CC012,ACC014,DEPT06,2024-07-01,13437.52
1940,CC012,ACC014,DEPT06,2024-08-01,12722.59
1941,CC012,ACC014,DEPT06,2024-09-01,13420.02
1942,CC012,ACC014,DEPT06,2024-10-01,12443.94
1943,CC012,ACC014,DEPT06,2024-11-01,11899.68
1944,CC012,ACC014,DEPT06,2024-12-01,12942.42
1945,CC012,ACC002,DEPT06,2023-01-01,29492.66
1946,CC012,ACC002,DEPT06,2023-02-01,30045.15
1947,CC012,ACC002,DEPT06,2023-03-01,29864.09
1948,CC012,ACC002,DEPT06,2023-04-01,27492.94
1949,CC012,ACC002,DEPT06,2023-05-01,29217.42
1950,CC012,ACC002,DEPT06,2023-06-01,25032.48
1951,CC012,ACC002,DEPT06,2023-07-01,29102.11
1952,CC012,ACC002,DEPT06,2023-08-01,24891.21
1953,CC012,ACC002,DEPT06,2023-09-01,24660.65
1954,CC012,ACC002,DEPT06,2023-10-01,25378.13
1955,CC012,ACC002,DEPT06,2023-11-01,28077.16
1956,CC012,ACC002,DEPT06,2023-12-01,24997.67
1957,CC012,ACC002,DEPT06,2024-01-01,25452.21
1958,CC012,ACC002,DEPT06,2024-02-01,25822.64
1959,CC012,ACC002,DEPT06,2024-03-01,27121.18
1960,CC012,ACC002,DEPT06,2024-04-01,24956.53
1961,CC012,ACC002,DEPT06,2024-05-01,28115.61
1962,CC012,ACC002,DEPT06,2024-06-01,29736.4
1963,CC012,ACC002,DEPT06,2024-07-01,29620.64
1964,CC012,ACC002,DEPT06,2024-08-01,28233.58
1965,CC012,ACC002,DEPT06,2024-09-01,24711.81
1966,CC012,ACC002,DEPT06,2024-10-01,27538.19
1967,CC012,ACC002,DEPT06,2024-11-01,26876.72
1968,CC012,ACC002,DEPT06,2024-12-01,24717.25
1969,CC012,ACC004,DEPT06,2023-01-01,30493.15
1970,CC012,ACC004,DEPT06,2023-02-01,28985.07
1971,CC012,ACC004,DEPT06,2023-03-01,30290.16
1972,CC012,ACC004,DEPT06,2023-04-01,31474.85
1973,CC012,ACC004,DEPT06,2023-05-01,29856.34
1974,CC012,ACC004,DEPT06,2023-06-01,32939.35
1975,CC012,ACC004,DEPT06,2023-07-01,28334.59
1976,CC012,ACC004,DEPT06,2023-08-01,32808.18
1977,CC012,ACC004,DEPT06,2023-09-01,30424.41
1978,CC012,ACC004,DEPT06,2023-10-01,28708.22
1979,CC012,ACC004,DEPT06,2023-11-01,31002.06
1980,CC012,ACC004,DEPT06,2023-12-01,28777.55
1981,CC012,ACC004,DEPT06,2024-01-01,29395.34
1982,CC012,ACC004,DEPT06,2024-02-01,32062.69
1983,CC012,ACC004,DEPT06,2024-03-01,27727.56
1984,CC012,ACC004,DEPT06,2024-04-01,33057.95
1985,CC012,ACC004,DEPT06,2024-05-01,30028.46
1986,CC012,ACC004,DEPT06,2024-06-01,28721.78
1987,CC012,ACC004,DEPT06,2024-07-01,31471.08
1988,CC012,ACC004,DEPT06,2024-08-01,29065.52
1989,CC012,ACC004,DEPT06,2024-09-01,32263.28
1990,CC012,ACC004,DEPT06,2024-10-01,27737.23
1991,CC012,ACC004,DEPT06,2024-11-01,33254.01
1992,CC012,ACC004,DEPT06,2024-12-01,31184.41
1993,CC012,ACC010,DEPT06,2023-01-01,5837.81
1994,CC012,ACC010,DEPT06,2023-02-01,5804.35
1995,CC012,ACC010,DEPT06,2023-03-01,5921.98
1996,CC012,ACC010,DEPT06,2023-04-01,6113.28
1997,CC012,ACC010,DEPT06,2023-05-01,6191.94
1998,CC012,ACC010,DEPT06,2023-06-01,5453.89
1999,CC012,ACC010,DEPT06,2023-07-01,6361.51
2000,CC012,ACC010,DEPT06,2023-08-01,6122.99
2001,CC012,ACC010,DEPT06,2023-09-01,5749.73
2002,CC012,ACC010,DEPT06,2023-10-01,6518.61
2003,CC012,ACC010,DEPT06,2023-11-01,6514.46
2004,CC012,ACC010,DEPT06,2023-12-01,6420.38
2005,CC012,ACC010,DEPT06,2024-01-01,6449.37
2006,CC012,ACC010,DEPT06,2024-02-01,5628.93
2007,CC012,ACC010,DEPT06,2024-03-01,6428.09
2008,CC012,ACC010,DEPT06,2024-04-01,6179.38
2009,CC012,ACC010,DEPT06,2024-05-01,6030.02
2010,CC012,ACC010,DEPT06,2024-06-01,5678.11
2011,CC012,ACC010,DEPT06,2024-07-01,6455.33
2012,CC012,ACC010,DEPT06,2024-08-01,6170.03
2013,CC012,ACC010,DEPT06,2024-09-01,5689.16
2014,CC012,ACC010,DEPT06,2024-10-01,6001.75
2015,CC012,ACC010,DEPT06,2024-11-01,6138.7
2016,CC012,ACC010,DEPT06,2024-12-01,5568.93
2017,CC012,ACC009,DEPT06,2023-01-01,11790.89
2018,CC012,ACC009,DEPT06,2023-02-01,12290.92
2019,CC012,ACC009,DEPT06,2023-03-01,12126.5
2020,CC012,ACC009,DEPT06,2023-04-01,13892.92
2021,CC012,ACC009,DEPT06,2023-05-01,13893.47
2022,CC012,ACC009,DEPT06,2023-06-01,14175.4
2023,CC012,ACC009,DEPT06,2023-07-01,12531.45
2024,CC012,ACC009,DEPT06,2023-08-01,13222.56
2025,CC012,ACC009,DEPT06,2023-09-01,13229.71
2026,CC012,ACC009,DEPT06,2023-10-01,13967.99
2027,CC012,ACC009,DEPT06,2023-11-01,13517.82
2028,CC012,ACC009,DEPT06,2023-12-01,13161.47
2029,CC012,ACC009,DEPT06,2024-01-01,12752.27
2030,CC012,ACC009,DEPT06,2024-02-01,13681.56
2031,CC012,ACC009,DEPT06,2024-03-01,13814.08
2032,CC012,ACC009,DEPT06,2024-04-01,13549.87
2033,CC012,ACC009,DEPT06,2024-05-01,11954.79
2034,CC012,ACC009,DEPT06,2024-06-01,13696.47
2035,CC012,ACC009,DEPT06,2024-07-01,12653.08
2036,CC012,ACC009,DEPT06,2024-08-01,12005.07
2037,CC012,ACC009,DEPT06,2024-09-01,12356.16
2038,CC012,ACC009,DEPT06,2024-10-01,11948.5
2039,CC012,ACC009,DEPT06,2024-11-01,13330.17
2040,CC012,ACC009,DEPT06,2024-12-01,13352.87
2041,CC012,ACC012,DEPT06,2023-01-01,6956.99
2042,CC012,ACC012,DEPT06,2023-02-01,6139.61
2043,CC012,ACC012,DEPT06,2023-03-01,6531.1
2044,CC012,ACC012,DEPT06,2023-04-01,6721.18
2045,CC012,ACC012,DEPT06,2023-05-01,6297.57
2046,CC012,ACC012,DEPT06,2023-06-01,6014.64
2047,CC012,ACC012,DEPT06,2023-07-01,6427.95
2048,CC012,ACC012,DEPT06,2023-08-01,6202.01
2049,CC012,ACC012,DEPT06,2023-09-01,5960.71
2050,CC012,ACC012,DEPT06,2023-10-01,6469.72
2051,CC012,ACC012,DEPT06,2023-11-01,6207.92
2052,CC012,ACC012,DEPT06,2023-12-01,6706.7
2053,CC012,ACC012,DEPT06,2024-01-01,6100.18
2054,CC012,ACC012,DEPT06,2024-02-01,6037.94
2055,CC012,ACC012,DEPT06,2024-03-01,5817.94
2056,CC012,ACC012,DEPT06,2024-04-01,6065.32
2057,CC012,ACC012,DEPT06,2024-05-01,6207.83
2058,CC012,ACC012,DEPT06,2024-06-01,6721.61
2059,CC012,ACC012,DEPT06,2024-07-01,5920.69
2060,CC012,ACC012,DEPT06,2024-08-01,6220.07
2061,CC012,ACC012,DEPT06,2024-09-01,6183.28
2062,CC012,ACC012,DEPT06,2024-10-01,5840.85
2063,CC012,ACC012,DEPT06,2024-11-01,6923.97
2064,CC012,ACC012,DEPT06,2024-12-01,6290.18
2065,CC012,ACC008,DEPT06,2023-01-01,38333.94
2066,CC012,ACC008,DEPT06,2023-02-01,38209.55
2067,CC012,ACC008,DEPT06,2023-03-01,41072.23
2068,CC012,ACC008,DEPT06,2023-04-01,42121.78
2069,CC012,ACC008,DEPT06,2023-05-01,41750.75
2070,CC012,ACC008,DEPT06,2023-06-01,38342.79
2071,CC012,ACC008,DEPT06,2023-07-01,38228.89
2072,CC012,ACC008,DEPT06,2023-08-01,42098.75
2073,CC012,ACC008,DEPT06,2023-09-01,42454.45
2074,CC012,ACC008,DEPT06,2023-10-01,44016.34
2075,CC012,ACC008,DEPT06,2023-11-01,44676.69
2076,CC012,ACC008,DEPT06,2023-12-01,37585.2
2077,CC012,ACC008,DEPT06,2024-01-01,40929.21
2078,CC012,ACC008,DEPT06,2024-02-01,43972.45
2079,CC012,ACC008,DEPT06,2024-03-01,43519.95
2080,CC012,ACC008,DEPT06,2024-04-01,42143.03
2081,CC012,ACC008,DEPT06,2024-05-01,45751.29
2082,CC012,ACC008,DEPT06,2024-06-01,39504.32
2083,CC012,ACC008,DEPT06,2024-07-01,41822.92
2084,CC012,ACC008,DEPT06,2024-08-01,43190.7
2085,CC012,ACC008,DEPT06,2024-09-01,38894.27
2086,CC012,ACC008,DEPT06,2024-10-01,39722.35
2087,CC012,ACC008,DEPT06,2024-11-01,39718.09
2088,CC012,ACC008,DEPT06,2024-12-01,38697.97
2089,CC012,ACC013,DEPT06,2023-01-01,2073.2
2090,CC012,ACC013,DEPT06,2023-02-01,2083.53
2091,CC012,ACC013,DEPT06,2023-03-01,2293.15
2092,CC012,ACC013,DEPT06,2023-04-01,2110.17
2093,CC012,ACC013,DEPT06,2023-05-01,2363.28
2094,CC012,ACC013,DEPT06,2023-06-01,2266.34
2095,CC012,ACC013,DEPT06,2023-07-01,2168.63
2096,CC012,ACC013,DEPT06,2023-08-01,2221.1
2097,CC012,ACC013,DEPT06,2023-09-01,2152.16
2098,CC012,ACC013,DEPT06,2023-10-01,2012.22
2099,CC012,ACC013,DEPT06,2023-11-01,1956.34
2100,CC012,ACC013,DEPT06,2023-12-01,2125.17
2101,CC012,ACC013,DEPT06,2024-01-01,2318.74
2102,CC012,ACC013,DEPT06,2024-02-01,2118.31
2103,CC012,ACC013,DEPT06,2024-03-01,2327.68
2104,CC012,ACC013,DEPT06,2024-04-01,2144.5
2105,CC012,ACC013,DEPT06,2024-05-01,2140.33
2106,CC012,ACC013,DEPT06,2024-06-01,2310.9
2107,CC012,ACC013,DEPT06,2024-07-01,2236.02
2108,CC012,ACC013,DEPT06,2024-08-01,2211.43
2109,CC012,ACC013,DEPT06,2024-09-01,2083.82
2110,CC012,ACC013,DEPT06,2024-10-01,2215.25
2111,CC012,ACC013,DEPT06,2024-11-01,2255.23
2112,CC012,ACC013,DEPT06,2024-12-01,2161.34
2113,CC012,ACC003,DEPT06,2023-01-01,6767.43
2114,CC012,ACC003,DEPT06,2023-02-01,6658.14
2115,CC012,ACC003,DEPT06,2023-03-01,7232.52
2116,CC012,ACC003,DEPT06,2023-04-01,7091.64
2117,CC012,ACC003,DEPT06,2023-05-01,7554.28
2118,CC012,ACC003,DEPT06,2023-06-01,7297.6
2119,CC012,ACC003,DEPT06,2023-07-01,6667.46
2120,CC012,ACC003,DEPT06,2023-08-01,6604.48
2121,CC012,ACC003,DEPT06,2023-09-01,7302.97
2122,CC012,ACC003,DEPT06,2023-10-01,6721.52
2123,CC012,ACC003,DEPT06,2023-11-01,7504.97
2124,CC012,ACC003,DEPT06,2023-12-01,6493.26
2125,CC012,ACC003,DEPT06,2024-01-01,7595.04
2126,CC012,ACC003,DEPT06,2024-02-01,6465.81
2127,CC012,ACC003,DEPT06,2024-03-01,7277.76
2128,CC012,ACC003,DEPT06,2024-04-01,6254.41
2129,CC012,ACC003,DEPT06,2024-05-01,7221.94
2130,CC012,ACC003,DEPT06,2024-06-01,7520.04
2131,CC012,ACC003,DEPT06,2024-07-01,6506.87
2132,CC012,ACC003,DEPT06,2024-08-01,7319.3
2133,CC012,ACC003,DEPT06,2024-09-01,7365.72
2134,CC012,ACC003,DEPT06,2024-10-01,6312.77
2135,CC012,ACC003,DEPT06,2024-11-01,7388.53
2136,CC012,ACC003,DEPT06,2024-12-01,7315.66
2137,CC013,ACC003,DEPT07,2023-01-01,13131.74
2138,CC013,ACC003,DEPT07,2023-02-01,13091.32
2139,CC013,ACC003,DEPT07,2023-03-01,12967.99
2140,CC013,ACC003,DEPT07,2023-04-01,13970.35
2141,CC013,ACC003,DEPT07,2023-05-01,13831.6
2142,CC013,ACC003,DEPT07,2023-06-01,12669.02
2143,CC013,ACC003,DEPT07,2023-07-01,11686.22
2144,CC013,ACC003,DEPT07,2023-08-01,14086.09
2145,CC013,ACC003,DEPT07,2023-09-01,13398.86
2146,CC013,ACC003,DEPT07,2023-10-01,13683.91
2147,CC013,ACC003,DEPT07,2023-11-01,13121.14
2148,CC013,ACC003,DEPT07,2023-12-01,13946.92
2149,CC013,ACC003,DEPT07,2024-01-01,11873.25
2150,CC013,ACC003,DEPT07,2024-02-01,12230.94
2151,CC013,ACC003,DEPT07,2024-03-01,13303.7
2152,CC013,ACC003,DEPT07,2024-04-01,12019.99
2153,CC013,ACC003,DEPT07,2024-05-01,13169.71
2154,CC013,ACC003,DEPT07,2024-06-01,13042.32
2155,CC013,ACC003,DEPT07,2024-07-01,13253.05
2156,CC013,ACC003,DEPT07,2024-08-01,13257.46
2157,CC013,ACC003,DEPT07,2024-09-01,14081.92
2158,CC013,ACC003,DEPT07,2024-10-01,12445.68
2159,CC013,ACC003,DEPT07,2024-11-01,13642.53
2160,CC013,ACC003,DEPT07,2024-12-01,11864.42
2161,CC013,ACC011,DEPT07,2023-01-01,4416.31
2162,CC013,ACC011,DEPT07,2023-02-01,4907.18
2163,CC013,ACC011,DEPT07,2023-03-01,4730.55
2164,CC013,ACC011,DEPT07,2023-04-01,4851.83
2165,CC013,ACC011,DEPT07,2023-05-01,4415.4
2166,CC013,ACC011,DEPT07,2023-06-01,4558.58
2167,CC013,ACC011,DEPT07,2023-07-01,4641.77
2168,CC013,ACC011,DEPT07,2023-08-01,4844.24
2169,CC013,ACC011,DEPT07,2023-09-01,4854.42
2170,CC013,ACC011,DEPT07,2023-10-01,4349.67
2171,CC013,ACC011,DEPT07,2023-11-01,5141.79
2172,CC013,ACC011,DEPT07,2023-12-01,4660.2
2173,CC013,ACC011,DEPT07,2024-01-01,4484.99
2174,CC013,ACC011,DEPT07,2024-02-01,5069.63
2175,CC013,ACC011,DEPT07,2024-03-01,4288.98
2176,CC013,ACC011,DEPT07,2024-04-01,4986.18
2177,CC013,ACC011,DEPT07,2024-05-01,4891.56
2178,CC013,ACC011,DEPT07,2024-06-01,4534.46
2179,CC013,ACC011,DEPT07,2024-07-01,4529.54
2180,CC013,ACC011,DEPT07,2024-08-01,4942.18
2181,CC013,ACC011,DEPT07,2024-09-01,4696.06
2182,CC013,ACC011,DEPT07,2024-10-01,4534.43
2183,CC013,ACC011,DEPT07,2024-11-01,4299.98
2184,CC013,ACC011,DEPT07,2024-12-01,4883.93
2185,CC013,ACC005,DEPT07,2023-01-01,3806.4
2186,CC013,ACC005,DEPT07,2023-02-01,3787.66
2187,CC013,ACC005,DEPT07,2023-03-01,4342.8
2188,CC013,ACC005,DEPT07,2023-04-01,3769.24
2189,CC013,ACC005,DEPT07,2023-05-01,4036.35
2190,CC013,ACC005,DEPT07,2023-06-01,3841.56
2191,CC013,ACC005,DEPT07,2023-07-01,4417.2
2192,CC013,ACC005,DEPT07,2023-08-01,4525.44
2193,CC013,ACC005,DEPT07,2023-09-01,4367.56
2194,CC013,ACC005,DEPT07,2023-10-01,4180.46
2195,CC013,ACC005,DEPT07,2023-11-01,4210.39
2196,CC013,ACC005,DEPT07,2023-12-01,4026.27
2197,CC013,ACC005,DEPT07,2024-01-01,4105.76
2198,CC013,ACC005,DEPT07,2024-02-01,4135.51
2199,CC013,ACC005,DEPT07,2024-03-01,4415.29
2200,CC013,ACC005,DEPT07,2024-04-01,4275.28
2201,CC013,ACC005,DEPT07,2024-05-01,3905.76
2202,CC013,ACC005,DEPT07,2024-06-01,4298.23
2203,CC013,ACC005,DEPT07,2024-07-01,4080.11
2204,CC013,ACC005,DEPT07,2024-08-01,4364.98
2205,CC013,ACC005,DEPT07,2024-09-01,4486.41
2206,CC013,ACC005,DEPT07,2024-10-01,4125.1
2207,CC013,ACC005,DEPT07,2024-11-01,4108.42
2208,CC013,ACC005,DEPT07,2024-12-01,3754.13
2209,CC013,ACC004,DEPT07,2023-01-01,11962.93
2210,CC013,ACC004,DEPT07,2023-02-01,13027.99
2211,CC013,ACC004,DEPT07,2023-03-01,13258.94
2212,CC013,ACC004,DEPT07,2023-04-01,12711.51
2213,CC013,ACC004,DEPT07,2023-05-01,13267.69
2214,CC013,ACC004,DEPT07,2023-06-01,12610.22
2215,CC013,ACC004,DEPT07,2023-07-01,12181.87
2216,CC013,ACC004,DEPT07,2023-08-01,11759.47
2217,CC013,ACC004,DEPT07,2023-09-01,11551.37
2218,CC013,ACC004,DEPT07,2023-10-01,12945.23
2219,CC013,ACC004,DEPT07,2023-11-01,12491.54
2220,CC013,ACC004,DEPT07,2023-12-01,13684.32
2221,CC013,ACC004,DEPT07,2024-01-01,12050.71
2222,CC013,ACC004,DEPT07,2024-02-01,12239.06
2223,CC013,ACC004,DEPT07,2024-03-01,12248.84
2224,CC013,ACC004,DEPT07,2024-04-01,11552.07
2225,CC013,ACC004,DEPT07,2024-05-01,12147.3
2226,CC013,ACC004,DEPT07,2024-06-01,12412.36
2227,CC013,ACC004,DEPT07,2024-07-01,11698.01
2228,CC013,ACC004,DEPT07,2024-08-01,12952.46
2229,CC013,ACC004,DEPT07,2024-09-01,13270.47
2230,CC013,ACC004,DEPT07,2024-10-01,13566.07
2231,CC013,ACC004,DEPT07,2024-11-01,12743.61
2232,CC013,ACC004,DEPT07,2024-12-01,12948.75
2233,CC013,ACC013,DEPT07,2023-01-01,3025.39
2234,CC013,ACC013,DEPT07,2023-02-01,2947.74
2235,CC013,ACC013,DEPT07,2023-03-01,3111.41
2236,CC013,ACC013,DEPT07,2023-04-01,2963.32
2237,CC013,ACC013,DEPT07,2023-05-01,3121.09
2238,CC013,ACC013,DEPT07,2023-06-01,3253.86
2239,CC013,ACC013,DEPT07,2023-07-01,3240.06
2240,CC013,ACC013,DEPT07,2023-08-01,3143.16
2241,CC013,ACC013,DEPT07,2023-09-01,3183.79
2242,CC013,ACC013,DEPT07,2023-10-01,3216.17
2243,CC013,ACC013,DEPT07,2023-11-01,3459.92
2244,CC013,ACC013,DEPT07,2023-12-01,3467.28
2245,CC013,ACC013,DEPT07,2024-01-01,2983.67
2246,CC013,ACC013,DEPT07,2024-02-01,2979.61
2247,CC013,ACC013,DEPT07,2024-03-01,3057.48
2248,CC013,ACC013,DEPT07,2024-04-01,2992.53
2249,CC013,ACC013,DEPT07,2024-05-01,3410.64
2250,CC013,ACC013,DEPT07,2024-06-01,3268.54
2251,CC013,ACC013,DEPT07,2024-07-01,3425.67
2252,CC013,ACC013,DEPT07,2024-08-01,3480.78
2253,CC013,ACC013,DEPT07,2024-09-01,3182.47
2254,CC013,ACC013,DEPT07,2024-10-01,2997.65
2255,CC013,ACC013,DEPT07,2024-11-01,3118.2
2256,CC013,ACC013,DEPT07,2024-12-01,3231.62
2257,CC013,ACC015,DEPT07,2023-01-01,3376.32
2258,CC013,ACC015,DEPT07,2023-02-01,3433.12
2259,CC013,ACC015,DEPT07,2023-03-01,3583.34
2260,CC013,ACC015,DEPT07,2023-04-01,3400.2
2261,CC013,ACC015,DEPT07,2023-05-01,3209.96
2262,CC013,ACC015,DEPT07,2023-06-01,3483.79
2263,CC013,ACC015,DEPT07,2023-07-01,3642.31
2264,CC013,ACC015,DEPT07,2023-08-01,3246.6
2265,CC013,ACC015,DEPT07,2023-09-01,3117.42
2266,CC013,ACC015,DEPT07,2023-10-01,3249.57
2267,CC013,ACC015,DEPT07,2023-11-01,3293.47
2268,CC013,ACC015,DEPT07,2023-12-01,3631.9
2269,CC013,ACC015,DEPT07,2024-01-01,3483.97
2270,CC013,ACC015,DEPT07,2024-02-01,3626.26
2271,CC013,ACC015,DEPT07,2024-03-01,3435.59
2272,CC013,ACC015,DEPT07,2024-04-01,3446.25
2273,CC013,ACC015,DEPT07,2024-05-01,3488.82
2274,CC013,ACC015,DEPT07,2024-06-01,3279.18
2275,CC013,ACC015,DEPT07,2024-07-01,3468.46
2276,CC013,ACC015,DEPT07,2024-08-01,3776.43
2277,CC013,ACC015,DEPT07,2024-09-01,3467.73
2278,CC013,ACC015,DEPT07,2024-10-01,3615.42
2279,CC013,ACC015,DEPT07,2024-11-01,3617.64
2280,CC013,ACC015,DEPT07,2024-12-01,3398.49
2281,CC013,ACC007,DEPT07,2023-01-01,4122.77
2282,CC013,ACC007,DEPT07,2023-02-01,4382.96
2283,CC013,ACC007,DEPT07,2023-03-01,4314.06
2284,CC013,ACC007,DEPT07,2023-04-01,3974.08
2285,CC013,ACC007,DEPT07,2023-05-01,4499.17
2286,CC013,ACC007,DEPT07,2023-06-01,3793.86
2287,CC013,ACC007,DEPT07,2023-07-01,3986.88
2288,CC013,ACC007,DEPT07,2023-08-01,4488.61
2289,CC013,ACC007,DEPT07,2023-09-01,3839.69
2290,CC013,ACC007,DEPT07,2023-10-01,4491.2
2291,CC013,ACC007,DEPT07,2023-11-01,3865.14
2292,CC013,ACC007,DEPT07,2023-12-01,4446.5
2293,CC013,ACC007,DEPT07,2024-01-01,3942.56
2294,CC013,ACC007,DEPT07,2024-02-01,4384.32
2295,CC013,ACC007,DEPT07,2024-03-01,4343.74
2296,CC013,ACC007,DEPT07,2024-04-01,4487.65
2297,CC013,ACC007,DEPT07,2024-05-01,4277.72
2298,CC013,ACC007,DEPT07,2024-06-01,4125.29
2299,CC013,ACC007,DEPT07,2024-07-01,4282.65
2300,CC013,ACC007,DEPT07,2024-08-01,4423.86
2301,CC013,ACC007,DEPT07,2024-09-01,4447.87
2302,CC013,ACC007,DEPT07,2024-10-01,4441.1
2303,CC013,ACC007,DEPT07,2024-11-01,4244.08
2304,CC013,ACC007,DEPT07,2024-12-01,4212.44
2305,CC013,ACC009,DEPT07,2023-01-01,9111.88
2306,CC013,ACC009,DEPT07,2023-02-01,10694.08
2307,CC013,ACC009,DEPT07,2023-03-01,9354.41
2308,CC013,ACC009,DEPT07,2023-04-01,9901.12
2309,CC013,ACC009,DEPT07,2023-05-01,10642.15
2310,CC013,ACC009,DEPT07,2023-06-01,9787.29
2311,CC013,ACC009,DEPT07,2023-07-01,10540.19
2312,CC013,ACC009,DEPT07,2023-08-01,10374.33
2313,CC013,ACC009,DEPT07,2023-09-01,9047.88
2314,CC013,ACC009,DEPT07,2023-10-01,10247.29
2315,CC013,ACC009,DEPT07,2023-11-01,9586.6
2316,CC013,ACC009,DEPT07,2023-12-01,8898.95
2317,CC013,ACC009,DEPT07,2024-01-01,9324.52
2318,CC013,ACC009,DEPT07,2024-02-01,10063.43
2319,CC013,ACC009,DEPT07,2024-03-01,10152.3
2320,CC013,ACC009,DEPT07,2024-04-01,9042.22
2321,CC013,ACC009,DEPT07,2024-05-01,9068.68
2322,CC013,ACC009,DEPT07,2024-06-01,9411.91
2323,CC013,ACC009,DEPT07,2024-07-01,9266.42
2324,CC013,ACC009,DEPT07,2024-08-01,10429.71
2325,CC013,ACC009,DEPT07,2024-09-01,9549.72
2326,CC013,ACC009,DEPT07,2024-10-01,9060.73
2327,CC013,ACC009,DEPT07,2024-11-01,10017.58
2328,CC013,ACC009,DEPT07,2024-12-01,10008.62
2329,CC013,ACC001,DEPT07,2023-01-01,114406.83
2330,CC013,ACC001,DEPT07,2023-02-01,132386.86
2331,CC013,ACC001,DEPT07,2023-03-01,131743.9
2332,CC013,ACC001,DEPT07,2023-04-01,122591.55
2333,CC013,ACC001,DEPT07,2023-05-01,131266.77
2334,CC013,ACC001,DEPT07,2023-06-01,129889.08
2335,CC013,ACC001,DEPT07,2023-07-01,134455.17
2336,CC013,ACC001,DEPT07,2023-08-01,123887.88
2337,CC013,ACC001,DEPT07,2023-09-01,124721.74
2338,CC013,ACC001,DEPT07,2023-10-01,127069.91
2339,CC013,ACC001,DEPT07,2023-11-01,134244.9
2340,CC013,ACC001,DEPT07,2023-12-01,133701.3
2341,CC013,ACC001,DEPT07,2024-01-01,114847.54
2342,CC013,ACC001,DEPT07,2024-02-01,136826.39
2343,CC013,ACC001,DEPT07,2024-03-01,128392.25
2344,CC013,ACC001,DEPT07,2024-04-01,129953.72
2345,CC013,ACC001,DEPT07,2024-05-01,133774.78
2346,CC013,ACC001,DEPT07,2024-06-01,132413.85
2347,CC013,ACC001,DEPT07,2024-07-01,122463.15
2348,CC013,ACC001,DEPT07,2024-08-01,136725.83
2349,CC013,ACC001,DEPT07,2024-09-01,133143.21
2350,CC013,ACC001,DEPT07,2024-10-01,124888.53
2351,CC013,ACC001,DEPT07,2024-11-01,120591.58
2352,CC013,ACC001,DEPT07,2024-12-01,119609.61
2353,CC014,ACC010,DEPT07,2023-01-01,5959.82
2354,CC014,ACC010,DEPT07,2023-02-01,5113.01
2355,CC014,ACC010,DEPT07,2023-03-01,5440.71
2356,CC014,ACC010,DEPT07,2023-04-01,6028.33
2357,CC014,ACC010,DEPT07,2023-05-01,5409.19
2358,CC014,ACC010,DEPT07,2023-06-01,6032.56
2359,CC014,ACC010,DEPT07,2023-07-01,5937.84
2360,CC014,ACC010,DEPT07,2023-08-01,5907.92
2361,CC014,ACC010,DEPT07,2023-09-01,5270.95
2362,CC014,ACC010,DEPT07,2023-10-01,5899.44
2363,CC014,ACC010,DEPT07,2023-11-01,5901.82
2364,CC014,ACC010,DEPT07,2023-12-01,5042.05
2365,CC014,ACC010,DEPT07,2024-01-01,5335.24
2366,CC014,ACC010,DEPT07,2024-02-01,5030.07
2367,CC014,ACC010,DEPT07,2024-03-01,5669.02
2368,CC014,ACC010,DEPT07,2024-04-01,5651.9
2369,CC014,ACC010,DEPT07,2024-05-01,4996.44
2370,CC014,ACC010,DEPT07,2024-06-01,5626.31
2371,CC014,ACC010,DEPT07,2024-07-01,5736.51
2372,CC014,ACC010,DEPT07,2024-08-01,5768.61
2373,CC014,ACC010,DEPT07,2024-09-01,5410.76
2374,CC014,ACC010,DEPT07,2024-10-01,5039.7
2375,CC014,ACC010,DEPT07,2024-11-01,5044.08
2376,CC014,ACC010,DEPT07,2024-12-01,5173.87
2377,CC014,ACC003,DEPT07,2023-01-01,4802.99
2378,CC014,ACC003,DEPT07,2023-02-01,4732.99
2379,CC014,ACC003,DEPT07,2023-03-01,4662.85
2380,CC014,ACC003,DEPT07,2023-04-01,4250.79
2381,CC014,ACC003,DEPT07,2023-05-01,4567.15
2382,CC014,ACC003,DEPT07,2023-06-01,4356.9
2383,CC014,ACC003,DEPT07,2023-07-01,5054.43
2384,CC014,ACC003,DEPT07,2023-08-01,4897.61
2385,CC014,ACC003,DEPT07,2023-09-01,4693.62
2386,CC014,ACC003,DEPT07,2023-10-01,4459.07
2387,CC014,ACC003,DEPT07,2023-11-01,4327.42
2388,CC014,ACC003,DEPT07,2023-12-01,5003.15
2389,CC014,ACC003,DEPT07,2024-01-01,4340.5
2390,CC014,ACC003,DEPT07,2024-02-01,4589.77
2391,CC014,ACC003,DEPT07,2024-03-01,4525.36
2392,CC014,ACC003,DEPT07,2024-04-01,4604.07
2393,CC014,ACC003,DEPT07,2024-05-01,5010.14
2394,CC014,ACC003,DEPT07,2024-06-01,5067.78
2395,CC014,ACC003,DEPT07,2024-07-01,4848.15
2396,CC014,ACC003,DEPT07,2024-08-01,4881.68
2397,CC014,ACC003,DEPT07,2024-09-01,4307.69
2398,CC014,ACC003,DEPT07,2024-10-01,4774.33
2399,CC014,ACC003,DEPT07,2024-11-01,4818.68
2400,CC014,ACC003,DEPT07,2024-12-01,4397.94
2401,CC014,ACC015,DEPT07,2023-01-01,1960.96
2402,CC014,ACC015,DEPT07,2023-02-01,2183.64
2403,CC014,ACC015,DEPT07,2023-03-01,2255.05
2404,CC014,ACC015,DEPT07,2023-04-01,2128.64
2405,CC014,ACC015,DEPT07,2023-05-01,2056.37
2406,CC014,ACC015,DEPT07,2023-06-01,1962.7
2407,CC014,ACC015,DEPT07,2023-07-01,2245.35
2408,CC014,ACC015,DEPT07,2023-08-01,1930.57
2409,CC014,ACC015,DEPT07,2023-09-01,1923.55
2410,CC014,ACC015,DEPT07,2023-10-01,2176.04
2411,CC014,ACC015,DEPT07,2023-11-01,2018.57
2412,CC014,ACC015,DEPT07,2023-12-01,2050.97
2413,CC014,ACC015,DEPT07,2024-01-01,2201.45
2414,CC014,ACC015,DEPT07,2024-02-01,1975.41
2415,CC014,ACC015,DEPT07,2024-03-01,2140.52
2416,CC014,ACC015,DEPT07,2024-04-01,1975.56
2417,CC014,ACC015,DEPT07,2024-05-01,2122.37
2418,CC014,ACC015,DEPT07,2024-06-01,2172.37
2419,CC014,ACC015,DEPT07,2024-07-01,1990.86
2420,CC014,ACC015,DEPT07,2024-08-01,2263.95
2421,CC014,ACC015,DEPT07,2024-09-01,1883.47
2422,CC014,ACC015,DEPT07,2024-10-01,2224.75
2423,CC014,ACC015,DEPT07,2024-11-01,2236.71
2424,CC014,ACC015,DEPT07,2024-12-01,1957.79
2425,CC014,ACC008,DEPT07,2023-01-01,33985.6
2426,CC014,ACC008,DEPT07,2023-02-01,35457.8
2427,CC014,ACC008,DEPT07,2023-03-01,37301.95
2428,CC014,ACC008,DEPT07,2023-04-01,38299.57
2429,CC014,ACC008,DEPT07,2023-05-01,38371.89
2430,CC014,ACC008,DEPT07,2023-06-01,34353.06
2431,CC014,ACC008,DEPT07,2023-07-01,35415.28
2432,CC014,ACC008,DEPT07,2023-08-01,34365.67
2433,CC014,ACC008,DEPT07,2023-09-01,37243.33
2434,CC014,ACC008,DEPT07,2023-10-01,33132.93
2435,CC014,ACC008,DEPT07,2023-11-01,39060.11
2436,CC014,ACC008,DEPT07,2023-12-01,32705.66
2437,CC014,ACC008,DEPT07,2024-01-01,35235.61
2438,CC014,ACC008,DEPT07,2024-02-01,34912.14
2439,CC014,ACC008,DEPT07,2024-03-01,35422.19
2440,CC014,ACC008,DEPT07,2024-04-01,38699.48
2441,CC014,ACC008,DEPT07,2024-05-01,35668.82
2442,CC014,ACC008,DEPT07,2024-06-01,36578.45
2443,CC014,ACC008,DEPT07,2024-07-01,33870.52
2444,CC014,ACC008,DEPT07,2024-08-01,36032.34
2445,CC014,ACC008,DEPT07,2024-09-01,39775.11
2446,CC014,ACC008,DEPT07,2024-10-01,33147.28
2447,CC014,ACC008,DEPT07,2024-11-01,36875.69
2448,CC014,ACC008,DEPT07,2024-12-01,32718.18
2449,CC014,ACC006,DEPT07,2023-01-01,27223.52
2450,CC014,ACC006,DEPT07,2023-02-01,27354.56
2451,CC014,ACC006,DEPT07,2023-03-01,24589.8
2452,CC014,ACC006,DEPT07,2023-04-01,24030.09
2453,CC014,ACC006,DEPT07,2023-05-01,26169.49
2454,CC014,ACC006,DEPT07,2023-06-01,26443.01
2455,CC014,ACC006,DEPT07,2023-07-01,24718.32
2456,CC014,ACC006,DEPT07,2023-08-01,24611.4
2457,CC014,ACC006,DEPT07,2023-09-01,25807.56
2458,CC014,ACC006,DEPT07,2023-10-01,25291.05
2459,CC014,ACC006,DEPT07,2023-11-01,23358.32
2460,CC014,ACC006,DEPT07,2023-12-01,23011.5
2461,CC014,ACC006,DEPT07,2024-01-01,22988.53
2462,CC014,ACC006,DEPT07,2024-02-01,27215.22
2463,CC014,ACC006,DEPT07,2024-03-01,27483.25
2464,CC014,ACC006,DEPT07,2024-04-01,23371.86
2465,CC014,ACC006,DEPT07,2024-05-01,24232.22
2466,CC014,ACC006,DEPT07,2024-06-01,25535.95
2467,CC014,ACC006,DEPT07,2024-07-01,26423.5
2468,CC014,ACC006,DEPT07,2024-08-01,25854.26
2469,CC014,ACC006,DEPT07,2024-09-01,25820.7
2470,CC014,ACC006,DEPT07,2024-10-01,24148.98
2471,CC014,ACC006,DEPT07,2024-11-01,24788.16
2472,CC014,ACC006,DEPT07,2024-12-01,27378.4
2473,CC014,ACC001,DEPT07,2023-01-01,103084.72
2474,CC014,ACC001,DEPT07,2023-02-01,117862.5
2475,CC014,ACC001,DEPT07,2023-03-01,100292.91
2476,CC014,ACC001,DEPT07,2023-04-01,111076.39
2477,CC014,ACC001,DEPT07,2023-05-01,98968.46
2478,CC014,ACC001,DEPT07,2023-06-01,112244.95
2479,CC014,ACC001,DEPT07,2023-07-01,112070.54
2480,CC014,ACC001,DEPT07,2023-08-01,101589.15
2481,CC014,ACC001,DEPT07,2023-09-01,98048.01
2482,CC014,ACC001,DEPT07,2023-10-01,100754.08
2483,CC014,ACC001,DEPT07,2023-11-01,98019.46
2484,CC014,ACC001,DEPT07,2023-12-01,108558.55
2485,CC014,ACC001,DEPT07,2024-01-01,105305.8
2486,CC014,ACC001,DEPT07,2024-02-01,109010.69
2487,CC014,ACC001,DEPT07,2024-03-01,115643.69
2488,CC014,ACC001,DEPT07,2024-04-01,103405.57
2489,CC014,ACC001,DEPT07,2024-05-01,105852.56
2490,CC014,ACC001,DEPT07,2024-06-01,114063.45
2491,CC014,ACC001,DEPT07,2024-07-01,116750.76
2492,CC014,ACC001,DEPT07,2024-08-01,113697.55
2493,CC014,ACC001,DEPT07,2024-09-01,100337.89
2494,CC014,ACC001,DEPT07,2024-10-01,117325.18
2495,CC014,ACC001,DEPT07,2024-11-01,105051.72
2496,CC014,ACC001,DEPT07,2024-12-01,107100.9
2497,CC014,ACC013,DEPT07,2023-01-01,4445.72
2498,CC014,ACC013,DEPT07,2023-02-01,5110.39
2499,CC014,ACC013,DEPT07,2023-03-01,4786.02
2500,CC014,ACC013,DEPT07,2023-04-01,4663.38
2501,CC014,ACC013,DEPT07,2023-05-01,4677.04
2502,CC014,ACC013,DEPT07,2023-06-01,4252.03
2503,CC014,ACC013,DEPT07,2023-07-01,5002.4
2504,CC014,ACC013,DEPT07,2023-08-01,4356.05
2505,CC014,ACC013,DEPT07,2023-09-01,4347.11
2506,CC014,ACC013,DEPT07,2023-10-01,4922.1
2507,CC014,ACC013,DEPT07,2023-11-01,5034.99
2508,CC014,ACC013,DEPT07,2023-12-01,4829.5
2509,CC014,ACC013,DEPT07,2024-01-01,4307.93
2510,CC014,ACC013,DEPT07,2024-02-01,4891.72
2511,CC014,ACC013,DEPT07,2024-03-01,4202.68
2512,CC014,ACC013,DEPT07,2024-04-01,5001.78
2513,CC014,ACC013,DEPT07,2024-05-01,4211.75
2514,CC014,ACC013,DEPT07,2024-06-01,4243.2
2515,CC014,ACC013,DEPT07,2024-07-01,4540.02
2516,CC014,ACC013,DEPT07,2024-08-01,5059.22
2517,CC014,ACC013,DEPT07,2024-09-01,4367.32
2518,CC014,ACC013,DEPT07,2024-10-01,5096.66
2519,CC014,ACC013,DEPT07,2024-11-01,4233.29
2520,CC014,ACC013,DEPT07,2024-12-01,4949.91
2521,CC014,ACC002,DEPT07,2023-01-01,50073.05
2522,CC014,ACC002,DEPT07,2023-02-01,45885.28
2523,CC014,ACC002,DEPT07,2023-03-01,46115.92
2524,CC014,ACC002,DEPT07,2023-04-01,52599.68
2525,CC014,ACC002,DEPT07,2023-05-01,46812.01
2526,CC014,ACC002,DEPT07,2023-06-01,51726.97
2527,CC014,ACC002,DEPT07,2023-07-01,49255.6
2528,CC014,ACC002,DEPT07,2023-08-01,44864.39
2529,CC014,ACC002,DEPT07,2023-09-01,50244.2
2530,CC014,ACC002,DEPT07,2023-10-01,44216.31
2531,CC014,ACC002,DEPT07,2023-11-01,45872.36
2532,CC014,ACC002,DEPT07,2023-12-01,48714.03
2533,CC014,ACC002,DEPT07,2024-01-01,44150.82
2534,CC014,ACC002,DEPT07,2024-02-01,47598.6
2535,CC014,ACC002,DEPT07,2024-03-01,52222.23
2536,CC014,ACC002,DEPT07,2024-04-01,52115.8
2537,CC014,ACC002,DEPT07,2024-05-01,51217.38
2538,CC014,ACC002,DEPT07,2024-06-01,46722.3
2539,CC014,ACC002,DEPT07,2024-07-01,44543.74
2540,CC014,ACC002,DEPT07,2024-08-01,48140.74
2541,CC014,ACC002,DEPT07,2024-09-01,47287.76
2542,CC014,ACC002,DEPT07,2024-10-01,46536.77
2543,CC014,ACC002,DEPT07,2024-11-01,51324.01
2544,CC014,ACC002,DEPT07,2024-12-01,50887.63
2545,CC014,ACC011,DEPT07,2023-01-01,6936.25
2546,CC014,ACC011,DEPT07,2023-02-01,7796.22
2547,CC014,ACC011,DEPT07,2023-03-01,7833.17
2548,CC014,ACC011,DEPT07,2023-04-01,7517.01
2549,CC014,ACC011,DEPT07,2023-05-01,7455.14
2550,CC014,ACC011,DEPT07,2023-06-01,7190.26
2551,CC014,ACC011,DEPT07,2023-07-01,7545.63
2552,CC014,ACC011,DEPT07,2023-08-01,6626.06
2553,CC014,ACC011,DEPT07,2023-09-01,7740.0
2554,CC014,ACC011,DEPT07,2023-10-01,6445.6
2555,CC014,ACC011,DEPT07,2023-11-01,7183.12
2556,CC014,ACC011,DEPT07,2023-12-01,7317.62
2557,CC014,ACC011,DEPT07,2024-01-01,7399.57
2558,CC014,ACC011,DEPT07,2024-02-01,6425.21
2559,CC014,ACC011,DEPT07,2024-03-01,6888.86
2560,CC014,ACC011,DEPT07,2024-04-01,7492.85
2561,CC014,ACC011,DEPT07,2024-05-01,6947.65
2562,CC014,ACC011,DEPT07,2024-06-01,7463.14
2563,CC014,ACC011,DEPT07,2024-07-01,6849.67
2564,CC014,ACC011,DEPT07,2024-08-01,6703.89
2565,CC014,ACC011,DEPT07,2024-09-01,7812.26
2566,CC014,ACC011,DEPT07,2024-10-01,7009.68
2567,CC014,ACC011,DEPT07,2024-11-01,7781.02
2568,CC014,ACC011,DEPT07,2024-12-01,7797.22
2569,CC014,ACC004,DEPT07,2023-01-01,9543.47
2570,CC014,ACC004,DEPT07,2023-02-01,9072.42
2571,CC014,ACC004,DEPT07,2023-03-01,9446.93
2572,CC014,ACC004,DEPT07,2023-04-01,10672.91
2573,CC014,ACC004,DEPT07,2023-05-01,9809.48
2574,CC014,ACC004,DEPT07,2023-06-01,10772.89
2575,CC014,ACC004,DEPT07,2023-07-01,9900.13
2576,CC014,ACC004,DEPT07,2023-08-01,10478.03
2577,CC014,ACC004,DEPT07,2023-09-01,10144.34
2578,CC014,ACC004,DEPT07,2023-10-01,9993.91
2579,CC014,ACC004,DEPT07,2023-11-01,10257.04
2580,CC014,ACC004,DEPT07,2023-12-01,9772.13
2581,CC014,ACC004,DEPT07,2024-01-01,10166.55
2582,CC014,ACC004,DEPT07,2024-02-01,9109.12
2583,CC014,ACC004,DEPT07,2024-03-01,10307.41
2584,CC014,ACC004,DEPT07,2024-04-01,9245.74
2585,CC014,ACC004,DEPT07,2024-05-01,9567.13
2586,CC014,ACC004,DEPT07,2024-06-01,10683.71
2587,CC014,ACC004,DEPT07,2024-07-01,10833.71
2588,CC014,ACC004,DEPT07,2024-08-01,9769.34
2589,CC014,ACC004,DEPT07,2024-09-01,10645.75
2590,CC014,ACC004,DEPT07,2024-10-01,9636.16
2591,CC014,ACC004,DEPT07,2024-11-01,9888.75
2592,CC014,ACC004,DEPT07,2024-12-01,9451.2
2593,CC015,ACC003,DEPT03,2023-01-01,6571.33
2594,CC015,ACC003,DEPT03,2023-02-01,6492.54
2595,CC015,ACC003,DEPT03,2023-03-01,6663.79
2596,CC015,ACC003,DEPT03,2023-04-01,7231.08
2597,CC015,ACC003,DEPT03,2023-05-01,6229.38
2598,CC015,ACC003,DEPT03,2023-06-01,6362.59
2599,CC015,ACC003,DEPT03,2023-07-01,6305.3
2600,CC015,ACC003,DEPT03,2023-08-01,6113.3
2601,CC015,ACC003,DEPT03,2023-09-01,6163.19
2602,CC015,ACC003,DEPT03,2023-10-01,6862.45
2603,CC015,ACC003,DEPT03,2023-11-01,7048.14
2604,CC015,ACC003,DEPT03,2023-12-01,6876.77
2605,CC015,ACC003,DEPT03,2024-01-01,6007.99
2606,CC015,ACC003,DEPT03,2024-02-01,7060.76
2607,CC015,ACC003,DEPT03,2024-03-01,6388.38
2608,CC015,ACC003,DEPT03,2024-04-01,6075.32
2609,CC015,ACC003,DEPT03,2024-05-01,6283.08
2610,CC015,ACC003,DEPT03,2024-06-01,6425.36
2611,CC015,ACC003,DEPT03,2024-07-01,6634.06
2612,CC015,ACC003,DEPT03,2024-08-01,6850.71
2613,CC015,ACC003,DEPT03,2024-09-01,6298.89
2614,CC015,ACC003,DEPT03,2024-10-01,7265.54
2615,CC015,ACC003,DEPT03,2024-11-01,5995.75
2616,CC015,ACC003,DEPT03,2024-12-01,6489.74
2617,CC015,ACC013,DEPT03,2023-01-01,4372.08
2618,CC015,ACC013,DEPT03,2023-02-01,3957.02
2619,CC015,ACC013,DEPT03,2023-03-01,4133.79
2620,CC015,ACC013,DEPT03,2023-04-01,4418.58
2621,CC015,ACC013,DEPT03,2023-05-01,3865.33
2622,CC015,ACC013,DEPT03,2023-06-01,3758.83
2623,CC015,ACC013,DEPT03,2023-07-01,4440.64
2624,CC015,ACC013,DEPT03,2023-08-01,4567.43
2625,CC015,ACC013,DEPT03,2023-09-01,3857.76
2626,CC015,ACC013,DEPT03,2023-10-01,4435.05
2627,CC015,ACC013,DEPT03,2023-11-01,4058.97
2628,CC015,ACC013,DEPT03,2023-12-01,4273.96
2629,CC015,ACC013,DEPT03,2024-01-01,4285.94
2630,CC015,ACC013,DEPT03,2024-02-01,4233.99
2631,CC015,ACC013,DEPT03,2024-03-01,3964.49
2632,CC015,ACC013,DEPT03,2024-04-01,4425.95
2633,CC015,ACC013,DEPT03,2024-05-01,3767.03
2634,CC015,ACC013,DEPT03,2024-06-01,3802.58
2635,CC015,ACC013,DEPT03,2024-07-01,4500.72
2636,CC015,ACC013,DEPT03,2024-08-01,4118.28
2637,CC015,ACC013,DEPT03,2024-09-01,3856.16
2638,CC015,ACC013,DEPT03,2024-10-01,4502.87
2639,CC015,ACC013,DEPT03,2024-11-01,4439.79
2640,CC015,ACC013,DEPT03,2024-12-01,4025.08
2641,CC015,ACC014,DEPT03,2023-01-01,6020.08
2642,CC015,ACC014,DEPT03,2023-02-01,5664.52
2643,CC015,ACC014,DEPT03,2023-03-01,6157.07
2644,CC015,ACC014,DEPT03,2023-04-01,6457.77
2645,CC015,ACC014,DEPT03,2023-05-01,5939.99
2646,CC015,ACC014,DEPT03,2023-06-01,5496.44
2647,CC015,ACC014,DEPT03,2023-07-01,6289.73
2648,CC015,ACC014,DEPT03,2023-08-01,5670.37
2649,CC015,ACC014,DEPT03,2023-09-01,5721.22
2650,CC015,ACC014,DEPT03,2023-10-01,5687.77
2651,CC015,ACC014,DEPT03,2023-11-01,5800.27
2652,CC015,ACC014,DEPT03,2023-12-01,6532.69
2653,CC015,ACC014,DEPT03,2024-01-01,5502.71
2654,CC015,ACC014,DEPT03,2024-02-01,6212.03
2655,CC015,ACC014,DEPT03,2024-03-01,5758.92
2656,CC015,ACC014,DEPT03,2024-04-01,5818.77
2657,CC015,ACC014,DEPT03,2024-05-01,5960.61
2658,CC015,ACC014,DEPT03,2024-06-01,6128.92
2659,CC015,ACC014,DEPT03,2024-07-01,5534.66
2660,CC015,ACC014,DEPT03,2024-08-01,5800.17
2661,CC015,ACC014,DEPT03,2024-09-01,5627.2
2662,CC015,ACC014,DEPT03,2024-10-01,5702.71
2663,CC015,ACC014,DEPT03,2024-11-01,6534.18
2664,CC015,ACC014,DEPT03,2024-12-01,6098.73
2665,CC015,ACC010,DEPT03,2023-01-01,25368.36
2666,CC015,ACC010,DEPT03,2023-02-01,25333.33
2667,CC015,ACC010,DEPT03,2023-03-01,26264.2
2668,CC015,ACC010,DEPT03,2023-04-01,25271.47
2669,CC015,ACC010,DEPT03,2023-05-01,23248.55
2670,CC015,ACC010,DEPT03,2023-06-01,24135.63
2671,CC015,ACC010,DEPT03,2023-07-01,23849.33
2672,CC015,ACC010,DEPT03,2023-08-01,25897.1
2673,CC015,ACC010,DEPT03,2023-09-01,23934.08
2674,CC015,ACC010,DEPT03,2023-10-01,23388.59
2675,CC015,ACC010,DEPT03,2023-11-01,22390.7
2676,CC015,ACC010,DEPT03,2023-12-01,23056.05
2677,CC015,ACC010,DEPT03,2024-01-01,22578.28
2678,CC015,ACC010,DEPT03,2024-02-01,25816.18
2679,CC015,ACC010,DEPT03,2024-03-01,25255.31
2680,CC015,ACC010,DEPT03,2024-04-01,21810.7
2681,CC015,ACC010,DEPT03,2024-05-01,26274.38
2682,CC015,ACC010,DEPT03,2024-06-01,24063.45
2683,CC015,ACC010,DEPT03,2024-07-01,25199.35
2684,CC015,ACC010,DEPT03,2024-08-01,26313.01
2685,CC015,ACC010,DEPT03,2024-09-01,26190.4
2686,CC015,ACC010,DEPT03,2024-10-01,22009.46
2687,CC015,ACC010,DEPT03,2024-11-01,24673.15
2688,CC015,ACC010,DEPT03,2024-12-01,22805.57
2689,CC015,ACC002,DEPT03,2023-01-01,57045.27
2690,CC015,ACC002,DEPT03,2023-02-01,47975.0
2691,CC015,ACC002,DEPT03,2023-03-01,57878.55
2692,CC015,ACC002,DEPT03,2023-04-01,49696.73
2693,CC015,ACC002,DEPT03,2023-05-01,56300.2
2694,CC015,ACC002,DEPT03,2023-06-01,55783.01
2695,CC015,ACC002,DEPT03,2023-07-01,51122.46
2696,CC015,ACC002,DEPT03,2023-08-01,56223.51
2697,CC015,ACC002,DEPT03,2023-09-01,56286.68
2698,CC015,ACC002,DEPT03,2023-10-01,49240.65
2699,CC015,ACC002,DEPT03,2023-11-01,53625.66
2700,CC015,ACC002,DEPT03,2023-12-01,55875.89
2701,CC015,ACC002,DEPT03,2024-01-01,54732.47
2702,CC015,ACC002,DEPT03,2024-02-01,57010.73
2703,CC015,ACC002,DEPT03,2024-03-01,47683.29
2704,CC015,ACC002,DEPT03,2024-04-01,54763.37
2705,CC015,ACC002,DEPT03,2024-05-01,57364.33
2706,CC015,ACC002,DEPT03,2024-06-01,53321.2
2707,CC015,ACC002,DEPT03,2024-07-01,53315.96
2708,CC015,ACC002,DEPT03,2024-08-01,49368.42
2709,CC015,ACC002,DEPT03,2024-09-01,57790.25
2710,CC015,ACC002,DEPT03,2024-10-01,56670.04
2711,CC015,ACC002,DEPT03,2024-11-01,52569.55
2712,CC015,ACC002,DEPT03,2024-12-01,50640.68
2713,CC015,ACC015,DEPT03,2023-01-01,2485.13
2714,CC015,ACC015,DEPT03,2023-02-01,2562.21
2715,CC015,ACC015,DEPT03,2023-03-01,2554.73
2716,CC015,ACC015,DEPT03,2023-04-01,2721.28
2717,CC015,ACC015,DEPT03,2023-05-01,2436.64
2718,CC015,ACC015,DEPT03,2023-06-01,2933.21
2719,CC015,ACC015,DEPT03,2023-07-01,2545.34
2720,CC015,ACC015,DEPT03,2023-08-01,2506.91
2721,CC015,ACC015,DEPT03,2023-09-01,2824.41
2722,CC015,ACC015,DEPT03,2023-10-01,2933.69
2723,CC015,ACC015,DEPT03,2023-11-01,2893.36
2724,CC015,ACC015,DEPT03,2023-12-01,2611.46
2725,CC015,ACC015,DEPT03,2024-01-01,2448.13
2726,CC015,ACC015,DEPT03,2024-02-01,2753.85
2727,CC015,ACC015,DEPT03,2024-03-01,2932.85
2728,CC015,ACC015,DEPT03,2024-04-01,2855.5
2729,CC015,ACC015,DEPT03,2024-05-01,2894.55
2730,CC015,ACC015,DEPT03,2024-06-01,2902.23
2731,CC015,ACC015,DEPT03,2024-07-01,2956.31
2732,CC015,ACC015,DEPT03,2024-08-01,2638.53
2733,CC015,ACC015,DEPT03,2024-09-01,2946.22
2734,CC015,ACC015,DEPT03,2024-10-01,2650.44
2735,CC015,ACC015,DEPT03,2024-11-01,2490.97
2736,CC015,ACC015,DEPT03,2024-12-01,2599.64
2737,CC015,ACC011,DEPT03,2023-01-01,4955.28
2738,CC015,ACC011,DEPT03,2023-02-01,5797.06
2739,CC015,ACC011,DEPT03,2023-03-01,5630.18
2740,CC015,ACC011,DEPT03,2023-04-01,5809.79
2741,CC015,ACC011,DEPT03,2023-05-01,5478.4
2742,CC015,ACC011,DEPT03,2023-06-01,4973.05
2743,CC015,ACC011,DEPT03,2023-07-01,5818.39
2744,CC015,ACC011,DEPT03,2023-08-01,5525.61
2745,CC015,ACC011,DEPT03,2023-09-01,5775.94
2746,CC015,ACC011,DEPT03,2023-10-01,5625.02
2747,CC015,ACC011,DEPT03,2023-11-01,5025.22
2748,CC015,ACC011,DEPT03,2023-12-01,5414.32
2749,CC015,ACC011,DEPT03,2024-01-01,4974.27
2750,CC015,ACC011,DEPT03,2024-02-01,5114.15
2751,CC015,ACC011,DEPT03,2024-03-01,5520.23
2752,CC015,ACC011,DEPT03,2024-04-01,4923.2
2753,CC015,ACC011,DEPT03,2024-05-01,5563.14
2754,CC015,ACC011,DEPT03,2024-06-01,5797.16
2755,CC015,ACC011,DEPT03,2024-07-01,5797.06
2756,CC015,ACC011,DEPT03,2024-08-01,5204.35
2757,CC015,ACC011,DEPT03,2024-09-01,5845.56
2758,CC015,ACC011,DEPT03,2024-10-01,5814.6
2759,CC015,ACC011,DEPT03,2024-11-01,4822.16
2760,CC015,ACC011,DEPT03,2024-12-01,5428.61
2761,CC016,ACC004,DEPT04,2023-01-01,36767.35
2762,CC016,ACC004,DEPT04,2023-02-01,42418.32
2763,CC016,ACC004,DEPT04,2023-03-01,36143.82
2764,CC016,ACC004,DEPT04,2023-04-01,41029.24
2765,CC016,ACC004,DEPT04,2023-05-01,40478.95
2766,CC016,ACC004,DEPT04,2023-06-01,42428.83
2767,CC016,ACC004,DEPT04,2023-07-01,38962.91
2768,CC016,ACC004,DEPT04,2023-08-01,37533.95
2769,CC016,ACC004,DEPT04,2023-09-01,37410.51
2770,CC016,ACC004,DEPT04,2023-10-01,35978.96
2771,CC016,ACC004,DEPT04,2023-11-01,37466.57
2772,CC016,ACC004,DEPT04,2023-12-01,36295.91
2773,CC016,ACC004,DEPT04,2024-01-01,35455.05
2774,CC016,ACC004,DEPT04,2024-02-01,38484.85
2775,CC016,ACC004,DEPT04,2024-03-01,41215.28
2776,CC016,ACC004,DEPT04,2024-04-01,43078.24
2777,CC016,ACC004,DEPT04,2024-05-01,42412.27
2778,CC016,ACC004,DEPT04,2024-06-01,39328.8
2779,CC016,ACC004,DEPT04,2024-07-01,38427.95
2780,CC016,ACC004,DEPT04,2024-08-01,39745.8
2781,CC016,ACC004,DEPT04,2024-09-01,36243.88
2782,CC016,ACC004,DEPT04,2024-10-01,39221.73
2783,CC016,ACC004,DEPT04,2024-11-01,42250.79
2784,CC016,ACC004,DEPT04,2024-12-01,40572.42
2785,CC016,ACC011,DEPT04,2023-01-01,13691.17
2786,CC016,ACC011,DEPT04,2023-02-01,13429.99
2787,CC016,ACC011,DEPT04,2023-03-01,15697.0
2788,CC016,ACC011,DEPT04,2023-04-01,14079.51
2789,CC016,ACC011,DEPT04,2023-05-01,14149.42
2790,CC016,ACC011,DEPT04,2023-06-01,16007.96
2791,CC016,ACC011,DEPT04,2023-07-01,13431.43
2792,CC016,ACC011,DEPT04,2023-08-01,13713.04
2793,CC016,ACC011,DEPT04,2023-09-01,14316.03
2794,CC016,ACC011,DEPT04,2023-10-01,15362.92
2795,CC016,ACC011,DEPT04,2023-11-01,14819.87
2796,CC016,ACC011,DEPT04,2023-12-01,15850.76
2797,CC016,ACC011,DEPT04,2024-01-01,13486.94
2798,CC016,ACC011,DEPT04,2024-02-01,14957.83
2799,CC016,ACC011,DEPT04,2024-03-01,15015.43
2800,CC016,ACC011,DEPT04,2024-04-01,14631.04
2801,CC016,ACC011,DEPT04,2024-05-01,13304.56
2802,CC016,ACC011,DEPT04,2024-06-01,15980.89
2803,CC016,ACC011,DEPT04,2024-07-01,13698.04
2804,CC016,ACC011,DEPT04,2024-08-01,15826.18
2805,CC016,ACC011,DEPT04,2024-09-01,13674.87
2806,CC016,ACC011,DEPT04,2024-10-01,13510.88
2807,CC016,ACC011,DEPT04,2024-11-01,13817.12
2808,CC016,ACC011,DEPT04,2024-12-01,13771.41
2809,CC016,ACC010,DEPT04,2023-01-01,27066.76
2810,CC016,ACC010,DEPT04,2023-02-01,27107.9
2811,CC016,ACC010,DEPT04,2023-03-01,24699.23
2812,CC016,ACC010,DEPT04,2023-04-01,24783.5
2813,CC016,ACC010,DEPT04,2023-05-01,24555.57
2814,CC016,ACC010,DEPT04,2023-06-01,23581.58
2815,CC016,ACC010,DEPT04,2023-07-01,26287.9
2816,CC016,ACC010,DEPT04,2023-08-01,27677.43
2817,CC016,ACC010,DEPT04,2023-09-01,24120.4
2818,CC016,ACC010,DEPT04,2023-10-01,25194.55
2819,CC016,ACC010,DEPT04,2023-11-01,25540.67
2820,CC016,ACC010,DEPT04,2023-12-01,24851.01
2821,CC016,ACC010,DEPT04,2024-01-01,26755.68
2822,CC016,ACC010,DEPT04,2024-02-01,26435.34
2823,CC016,ACC010,DEPT04,2024-03-01,24359.26
2824,CC016,ACC010,DEPT04,2024-04-01,23457.7
2825,CC016,ACC010,DEPT04,2024-05-01,24209.77
2826,CC016,ACC010,DEPT04,2024-06-01,24836.82
2827,CC016,ACC010,DEPT04,2024-07-01,23749.0
2828,CC016,ACC010,DEPT04,2024-08-01,27697.72
2829,CC016,ACC010,DEPT04,2024-09-01,24922.56
2830,CC016,ACC010,DEPT04,2024-10-01,25384.46
2831,CC016,ACC010,DEPT04,2024-11-01,25859.39
2832,CC016,ACC010,DEPT04,2024-12-01,26750.6
2833,CC016,ACC002,DEPT04,2023-01-01,23854.15
2834,CC016,ACC002,DEPT04,2023-02-01,22155.25
2835,CC016,ACC002,DEPT04,2023-03-01,25468.51
2836,CC016,ACC002,DEPT04,2023-04-01,23027.86
2837,CC016,ACC002,DEPT04,2023-05-01,23389.04
2838,CC016,ACC002,DEPT04,2023-06-01,22526.08
2839,CC016,ACC002,DEPT04,2023-07-01,23480.23
2840,CC016,ACC002,DEPT04,2023-08-01,22350.85
2841,CC016,ACC002,DEPT04,2023-09-01,22550.98
2842,CC016,ACC002,DEPT04,2023-10-01,21572.43
2843,CC016,ACC002,DEPT04,2023-11-01,24838.32
2844,CC016,ACC002,DEPT04,2023-12-01,24437.45
2845,CC016,ACC002,DEPT04,2024-01-01,21686.25
2846,CC016,ACC002,DEPT04,2024-02-01,22906.75
2847,CC016,ACC002,DEPT04,2024-03-01,23841.49
2848,CC016,ACC002,DEPT04,2024-04-01,25871.49
2849,CC016,ACC002,DEPT04,2024-05-01,24069.8
2850,CC016,ACC002,DEPT04,2024-06-01,23898.96
2851,CC016,ACC002,DEPT04,2024-07-01,25257.14
2852,CC016,ACC002,DEPT04,2024-08-01,25151.24
2853,CC016,ACC002,DEPT04,2024-09-01,23260.68
2854,CC016,ACC002,DEPT04,2024-10-01,23813.43
2855,CC016,ACC002,DEPT04,2024-11-01,25380.55
2856,CC016,ACC002,DEPT04,2024-12-01,23526.42
2857,CC016,ACC008,DEPT04,2023-01-01,45640.17
2858,CC016,ACC008,DEPT04,2023-02-01,41996.24
2859,CC016,ACC008,DEPT04,2023-03-01,49551.99
2860,CC016,ACC008,DEPT04,2023-04-01,47823.41
2861,CC016,ACC008,DEPT04,2023-05-01,45877.16
2862,CC016,ACC008,DEPT04,2023-06-01,49530.69
2863,CC016,ACC008,DEPT04,2023-07-01,48613.49
2864,CC016,ACC008,DEPT04,2023-08-01,47486.16
2865,CC016,ACC008,DEPT04,2023-09-01,46960.98
2866,CC016,ACC008,DEPT04,2023-10-01,42375.27
2867,CC016,ACC008,DEPT04,2023-11-01,48216.71
2868,CC016,ACC008,DEPT04,2023-12-01,42857.67
2869,CC016,ACC008,DEPT04,2024-01-01,50300.3
2870,CC016,ACC008,DEPT04,2024-02-01,50188.38
2871,CC016,ACC008,DEPT04,2024-03-01,48686.96
2872,CC016,ACC008,DEPT04,2024-04-01,42429.42
2873,CC016,ACC008,DEPT04,2024-05-01,45155.11
2874,CC016,ACC008,DEPT04,2024-06-01,50336.18
2875,CC016,ACC008,DEPT04,2024-07-01,45265.34
2876,CC016,ACC008,DEPT04,2024-08-01,50418.63
2877,CC016,ACC008,DEPT04,2024-09-01,47024.75
2878,CC016,ACC008,DEPT04,2024-10-01,48922.18
2879,CC016,ACC008,DEPT04,2024-11-01,43637.32
2880,CC016,ACC008,DEPT04,2024-12-01,49625.61
2881,CC016,ACC003,DEPT04,2023-01-01,21110.4
2882,CC016,ACC003,DEPT04,2023-02-01,22594.58
2883,CC016,ACC003,DEPT04,2023-03-01,22637.36
2884,CC016,ACC003,DEPT04,2023-04-01,22308.12
2885,CC016,ACC003,DEPT04,2023-05-01,22077.35
2886,CC016,ACC003,DEPT04,2023-06-01,22918.41
2887,CC016,ACC003,DEPT04,2023-07-01,24838.12
2888,CC016,ACC003,DEPT04,2023-08-01,24436.37
2889,CC016,ACC003,DEPT04,2023-09-01,23680.65
2890,CC016,ACC003,DEPT04,2023-10-01,23216.12
2891,CC016,ACC003,DEPT04,2023-11-01,22740.16
2892,CC016,ACC003,DEPT04,2023-12-01,22716.35
2893,CC016,ACC003,DEPT04,2024-01-01,21485.68
2894,CC016,ACC003,DEPT04,2024-02-01,23518.29
2895,CC016,ACC003,DEPT04,2024-03-01,24306.14
2896,CC016,ACC003,DEPT04,2024-04-01,25144.05
2897,CC016,ACC003,DEPT04,2024-05-01,25076.0
2898,CC016,ACC003,DEPT04,2024-06-01,23401.57
2899,CC016,ACC003,DEPT04,2024-07-01,21267.46
2900,CC016,ACC003,DEPT04,2024-08-01,22123.07
2901,CC016,ACC003,DEPT04,2024-09-01,23276.54
2902,CC016,ACC003,DEPT04,2024-10-01,22390.13
2903,CC016,ACC003,DEPT04,2024-11-01,22699.93
2904,CC016,ACC003,DEPT04,2024-12-01,22571.21
2905,CC016,ACC006,DEPT04,2023-01-01,44949.6
2906,CC016,ACC006,DEPT04,2023-02-01,39921.47
2907,CC016,ACC006,DEPT04,2023-03-01,42014.99
2908,CC016,ACC006,DEPT04,2023-04-01,40857.48
2909,CC016,ACC006,DEPT04,2023-05-01,44946.9
2910,CC016,ACC006,DEPT04,2023-06-01,45694.8
2911,CC016,ACC006,DEPT04,2023-07-01,39933.06
2912,CC016,ACC006,DEPT04,2023-08-01,47418.48
2913,CC016,ACC006,DEPT04,2023-09-01,42508.39
2914,CC016,ACC006,DEPT04,2023-10-01,41682.11
2915,CC016,ACC006,DEPT04,2023-11-01,46153.09
2916,CC016,ACC006,DEPT04,2023-12-01,47693.52
2917,CC016,ACC006,DEPT04,2024-01-01,47484.09
2918,CC016,ACC006,DEPT04,2024-02-01,39769.85
2919,CC016,ACC006,DEPT04,2024-03-01,46783.36
2920,CC016,ACC006,DEPT04,2024-04-01,42258.18
2921,CC016,ACC006,DEPT04,2024-05-01,42058.38
2922,CC016,ACC006,DEPT04,2024-06-01,43917.2
2923,CC016,ACC006,DEPT04,2024-07-01,45716.99
2924,CC016,ACC006,DEPT04,2024-08-01,40455.98
2925,CC016,ACC006,DEPT04,2024-09-01,47236.59
2926,CC016,ACC006,DEPT04,2024-10-01,40774.19
2927,CC016,ACC006,DEPT04,2024-11-01,48163.21
2928,CC016,ACC006,DEPT04,2024-12-01,43490.41
2929,CC016,ACC012,DEPT04,2023-01-01,8043.54
2930,CC016,ACC012,DEPT04,2023-02-01,8292.05
2931,CC016,ACC012,DEPT04,2023-03-01,8677.89
2932,CC016,ACC012,DEPT04,2023-04-01,7906.12
2933,CC016,ACC012,DEPT04,2023-05-01,7945.68
2934,CC016,ACC012,DEPT04,2023-06-01,8978.78
2935,CC016,ACC012,DEPT04,2023-07-01,8838.76
2936,CC016,ACC012,DEPT04,2023-08-01,8870.04
2937,CC016,ACC012,DEPT04,2023-09-01,9051.67
2938,CC016,ACC012,DEPT04,2023-10-01,8973.8
2939,CC016,ACC012,DEPT04,2023-11-01,8458.16
2940,CC016,ACC012,DEPT04,2023-12-01,7857.27
2941,CC016,ACC012,DEPT04,2024-01-01,8113.87
2942,CC016,ACC012,DEPT04,2024-02-01,8443.87
2943,CC016,ACC012,DEPT04,2024-03-01,7817.94
2944,CC016,ACC012,DEPT04,2024-04-01,9024.86
2945,CC016,ACC012,DEPT04,2024-05-01,9072.15
2946,CC016,ACC012,DEPT04,2024-06-01,7637.99
2947,CC016,ACC012,DEPT04,2024-07-01,7914.26
2948,CC016,ACC012,DEPT04,2024-08-01,8993.89
2949,CC016,ACC012,DEPT04,2024-09-01,9000.72
2950,CC016,ACC012,DEPT04,2024-10-01,8009.93
2951,CC016,ACC012,DEPT04,2024-11-01,8358.96
2952,CC016,ACC012,DEPT04,2024-12-01,9137.41
2953,CC016,ACC014,DEPT04,2023-01-01,21593.51
2954,CC016,ACC014,DEPT04,2023-02-01,24079.12
2955,CC016,ACC014,DEPT04,2023-03-01,22639.04
2956,CC016,ACC014,DEPT04,2023-04-01,23228.33
2957,CC016,ACC014,DEPT04,2023-05-01,20914.56
2958,CC016,ACC014,DEPT04,2023-06-01,20492.51
2959,CC016,ACC014,DEPT04,2023-07-01,22038.99
2960,CC016,ACC014,DEPT04,2023-08-01,23041.22
2961,CC016,ACC014,DEPT04,2023-09-01,21157.5
2962,CC016,ACC014,DEPT04,2023-10-01,24291.6
2963,CC016,ACC014,DEPT04,2023-11-01,23008.82
2964,CC016,ACC014,DEPT04,2023-12-01,21936.29
2965,CC016,ACC014,DEPT04,2024-01-01,21093.86
2966,CC016,ACC014,DEPT04,2024-02-01,24400.2
2967,CC016,ACC014,DEPT04,2024-03-01,23741.94
2968,CC016,ACC014,DEPT04,2024-04-01,23470.05
2969,CC016,ACC014,DEPT04,2024-05-01,21643.68
2970,CC016,ACC014,DEPT04,2024-06-01,22102.77
2971,CC016,ACC014,DEPT04,2024-07-01,21091.12
2972,CC016,ACC014,DEPT04,2024-08-01,22942.68
2973,CC016,ACC014,DEPT04,2024-09-01,24718.75
2974,CC016,ACC014,DEPT04,2024-10-01,24231.12
2975,CC016,ACC014,DEPT04,2024-11-01,23282.47
2976,CC016,ACC014,DEPT04,2024-12-01,23419.59
2977,CC016,ACC013,DEPT04,2023-01-01,2831.4
2978,CC016,ACC013,DEPT04,2023-02-01,2606.79
2979,CC016,ACC013,DEPT04,2023-03-01,3045.24
2980,CC016,ACC013,DEPT04,2023-04-01,3037.9
2981,CC016,ACC013,DEPT04,2023-05-01,2600.36
2982,CC016,ACC013,DEPT04,2023-06-01,3120.91
2983,CC016,ACC013,DEPT04,2023-07-01,2968.58
2984,CC016,ACC013,DEPT04,2023-08-01,2941.92
2985,CC016,ACC013,DEPT04,2023-09-01,2600.11
2986,CC016,ACC013,DEPT04,2023-10-01,2740.78
2987,CC016,ACC013,DEPT04,2023-11-01,3059.53
2988,CC016,ACC013,DEPT04,2023-12-01,2771.39
2989,CC016,ACC013,DEPT04,2024-01-01,3152.93
2990,CC016,ACC013,DEPT04,2024-02-01,2965.91
2991,CC016,ACC013,DEPT04,2024-03-01,2839.64
2992,CC016,ACC013,DEPT04,2024-04-01,2812.35
2993,CC016,ACC013,DEPT04,2024-05-01,2796.33
2994,CC016,ACC013,DEPT04,2024-06-01,2740.56
2995,CC016,ACC013,DEPT04,2024-07-01,2864.38
2996,CC016,ACC013,DEPT04,2024-08-01,2985.78
2997,CC016,ACC013,DEPT04,2024-09-01,3070.62
2998,CC016,ACC013,DEPT04,2024-10-01,2824.27
2999,CC016,ACC013,DEPT04,2024-11-01,2654.23
3000,CC016,ACC013,DEPT04,2024-12-01,2890.23
3001,CC017,ACC009,DEPT01,2023-01-01,3106.28
3002,CC017,ACC009,DEPT01,2023-02-01,2909.46
3003,CC017,ACC009,DEPT01,2023-03-01,3034.48
3004,CC017,ACC009,DEPT01,2023-04-01,2694.7
3005,CC017,ACC009,DEPT01,2023-05-01,2949.36
3006,CC017,ACC009,DEPT01,2023-06-01,3051.96
3007,CC017,ACC009,DEPT01,2023-07-01,2716.0
3008,CC017,ACC009,DEPT01,2023-08-01,2631.75
3009,CC017,ACC009,DEPT01,2023-09-01,2980.13
3010,CC017,ACC009,DEPT01,2023-10-01,3056.1
3011,CC017,ACC009,DEPT01,2023-11-01,3002.75
3012,CC017,ACC009,DEPT01,2023-12-01,3001.01
3013,CC017,ACC009,DEPT01,2024-01-01,2886.5
3014,CC017,ACC009,DEPT01,2024-02-01,2920.74
3015,CC017,ACC009,DEPT01,2024-03-01,2932.19
3016,CC017,ACC009,DEPT01,2024-04-01,2955.12
3017,CC017,ACC009,DEPT01,2024-05-01,2917.83
3018,CC017,ACC009,DEPT01,2024-06-01,3111.44
3019,CC017,ACC009,DEPT01,2024-07-01,2693.72
3020,CC017,ACC009,DEPT01,2024-08-01,2783.79
3021,CC017,ACC009,DEPT01,2024-09-01,2766.65
3022,CC017,ACC009,DEPT01,2024-10-01,2566.88
3023,CC017,ACC009,DEPT01,2024-11-01,2947.64
3024,CC017,ACC009,DEPT01,2024-12-01,2870.66
3025,CC017,ACC011,DEPT01,2023-01-01,6510.77
3026,CC017,ACC011,DEPT01,2023-02-01,5882.7
3027,CC017,ACC011,DEPT01,2023-03-01,6271.7
3028,CC017,ACC011,DEPT01,2023-04-01,6583.46
3029,CC017,ACC011,DEPT01,2023-05-01,6734.97
3030,CC017,ACC011,DEPT01,2023-06-01,6442.66
3031,CC017,ACC011,DEPT01,2023-07-01,6237.67
3032,CC017,ACC011,DEPT01,2023-08-01,6658.85
3033,CC017,ACC011,DEPT01,2023-09-01,6652.9
3034,CC017,ACC011,DEPT01,2023-10-01,6697.56
3035,CC017,ACC011,DEPT01,2023-11-01,5831.34
3036,CC017,ACC011,DEPT01,2023-12-01,5727.29
3037,CC017,ACC011,DEPT01,2024-01-01,5765.08
3038,CC017,ACC011,DEPT01,2024-02-01,5927.91
3039,CC017,ACC011,DEPT01,2024-03-01,6612.67
3040,CC017,ACC011,DEPT01,2024-04-01,6556.08
3041,CC017,ACC011,DEPT01,2024-05-01,5833.75
3042,CC017,ACC011,DEPT01,2024-06-01,6452.43
3043,CC017,ACC011,DEPT01,2024-07-01,6023.8
3044,CC017,ACC011,DEPT01,2024-08-01,5716.94
3045,CC017,ACC011,DEPT01,2024-09-01,6048.28
3046,CC017,ACC011,DEPT01,2024-10-01,6532.77
3047,CC017,ACC011,DEPT01,2024-11-01,5988.24
3048,CC017,ACC011,DEPT01,2024-12-01,6587.44
3049,CC017,ACC010,DEPT01,2023-01-01,14224.09
3050,CC017,ACC010,DEPT01,2023-02-01,14324.16
3051,CC017,ACC010,DEPT01,2023-03-01,15988.91
3052,CC017,ACC010,DEPT01,2023-04-01,14851.48
3053,CC017,ACC010,DEPT01,2023-05-01,16034.26
3054,CC017,ACC010,DEPT01,2023-06-01,15189.23
3055,CC017,ACC010,DEPT01,2023-07-01,16267.04
3056,CC017,ACC010,DEPT01,2023-08-01,13658.35
3057,CC017,ACC010,DEPT01,2023-09-01,16103.08
3058,CC017,ACC010,DEPT01,2023-10-01,14940.94
3059,CC017,ACC010,DEPT01,2023-11-01,16037.56
3060,CC017,ACC010,DEPT01,2023-12-01,14585.95
3061,CC017,ACC010,DEPT01,2024-01-01,14337.02
3062,CC017,ACC010,DEPT01,2024-02-01,13607.09
3063,CC017,ACC010,DEPT01,2024-03-01,15997.95
3064,CC017,ACC010,DEPT01,2024-04-01,13856.0
3065,CC017,ACC010,DEPT01,2024-05-01,14044.03
3066,CC017,ACC010,DEPT01,2024-06-01,14668.19
3067,CC017,ACC010,DEPT01,2024-07-01,15146.89
3068,CC017,ACC010,DEPT01,2024-08-01,16154.46
3069,CC017,ACC010,DEPT01,2024-09-01,14812.74
3070,CC017,ACC010,DEPT01,2024-10-01,14390.89
3071,CC017,ACC010,DEPT01,2024-11-01,15583.91
3072,CC017,ACC010,DEPT01,2024-12-01,15772.96
3073,CC017,ACC013,DEPT01,2023-01-01,4528.72
3074,CC017,ACC013,DEPT01,2023-02-01,4127.83
3075,CC017,ACC013,DEPT01,2023-03-01,4531.78
3076,CC017,ACC013,DEPT01,2023-04-01,3975.92
3077,CC017,ACC013,DEPT01,2023-05-01,4213.18
3078,CC017,ACC013,DEPT01,2023-06-01,4643.6
3079,CC017,ACC013,DEPT01,2023-07-01,4120.57
3080,CC017,ACC013,DEPT01,2023-08-01,4646.5
3081,CC017,ACC013,DEPT01,2023-09-01,4403.87
3082,CC017,ACC013,DEPT01,2023-10-01,4645.7
3083,CC017,ACC013,DEPT01,2023-11-01,4049.47
3084,CC017,ACC013,DEPT01,2023-12-01,4514.11
3085,CC017,ACC013,DEPT01,2024-01-01,4530.88
3086,CC017,ACC013,DEPT01,2024-02-01,4327.8
3087,CC017,ACC013,DEPT01,2024-03-01,4823.77
3088,CC017,ACC013,DEPT01,2024-04-01,4310.08
3089,CC017,ACC013,DEPT01,2024-05-01,4005.06
3090,CC017,ACC013,DEPT01,2024-06-01,4147.76
3091,CC017,ACC013,DEPT01,2024-07-01,4301.06
3092,CC017,ACC013,DEPT01,2024-08-01,3984.18
3093,CC017,ACC013,DEPT01,2024-09-01,4256.15
3094,CC017,ACC013,DEPT01,2024-10-01,4707.18
3095,CC017,ACC013,DEPT01,2024-11-01,4139.96
3096,CC017,ACC013,DEPT01,2024-12-01,4569.07
3097,CC017,ACC005,DEPT01,2023-01-01,5116.2
3098,CC017,ACC005,DEPT01,2023-02-01,5595.3
3099,CC017,ACC005,DEPT01,2023-03-01,5219.12
3100,CC017,ACC005,DEPT01,2023-04-01,4987.03
3101,CC017,ACC005,DEPT01,2023-05-01,5261.35
3102,CC017,ACC005,DEPT01,2023-06-01,5482.34
3103,CC017,ACC005,DEPT01,2023-07-01,5028.07
3104,CC017,ACC005,DEPT01,2023-08-01,5735.71
3105,CC017,ACC005,DEPT01,2023-09-01,5169.4
3106,CC017,ACC005,DEPT01,2023-10-01,5161.45
3107,CC017,ACC005,DEPT01,2023-11-01,5632.27
3108,CC017,ACC005,DEPT01,2023-12-01,5490.63
3109,CC017,ACC005,DEPT01,2024-01-01,5212.1
3110,CC017,ACC005,DEPT01,2024-02-01,5804.8
3111,CC017,ACC005,DEPT01,2024-03-01,5920.61
3112,CC017,ACC005,DEPT01,2024-04-01,5217.37
3113,CC017,ACC005,DEPT01,2024-05-01,5819.24
3114,CC017,ACC005,DEPT01,2024-06-01,5235.17
3115,CC017,ACC005,DEPT01,2024-07-01,5051.13
3116,CC017,ACC005,DEPT01,2024-08-01,5869.56
3117,CC017,ACC005,DEPT01,2024-09-01,5837.37
3118,CC017,ACC005,DEPT01,2024-10-01,5282.73
3119,CC017,ACC005,DEPT01,2024-11-01,5094.22
3120,CC017,ACC005,DEPT01,2024-12-01,5631.55
3121,CC017,ACC014,DEPT01,2023-01-01,8667.78
3122,CC017,ACC014,DEPT01,2023-02-01,8428.68
3123,CC017,ACC014,DEPT01,2023-03-01,7731.97
3124,CC017,ACC014,DEPT01,2023-04-01,8059.22
3125,CC017,ACC014,DEPT01,2023-05-01,8529.44
3126,CC017,ACC014,DEPT01,2023-06-01,7514.0
3127,CC017,ACC014,DEPT01,2023-07-01,8903.71
3128,CC017,ACC014,DEPT01,2023-08-01,7875.72
3129,CC017,ACC014,DEPT01,2023-09-01,8337.66
3130,CC017,ACC014,DEPT01,2023-10-01,7532.59
3131,CC017,ACC014,DEPT01,2023-11-01,9099.35
3132,CC017,ACC014,DEPT01,2023-12-01,8548.37
3133,CC017,ACC014,DEPT01,2024-01-01,8534.46
3134,CC017,ACC014,DEPT01,2024-02-01,7484.82
3135,CC017,ACC014,DEPT01,2024-03-01,8594.38
3136,CC017,ACC014,DEPT01,2024-04-01,8142.32
3137,CC017,ACC014,DEPT01,2024-05-01,8081.84
3138,CC017,ACC014,DEPT01,2024-06-01,8358.45
3139,CC017,ACC014,DEPT01,2024-07-01,8237.74
3140,CC017,ACC014,DEPT01,2024-08-01,7705.71
3141,CC017,ACC014,DEPT01,2024-09-01,8603.39
3142,CC017,ACC014,DEPT01,2024-10-01,8495.94
3143,CC017,ACC014,DEPT01,2024-11-01,7950.79
3144,CC017,ACC014,DEPT01,2024-12-01,8547.87
3145,CC017,ACC002,DEPT01,2023-01-01,44360.14
3146,CC017,ACC002,DEPT01,2023-02-01,47481.7
3147,CC017,ACC002,DEPT01,2023-03-01,43124.99
3148,CC017,ACC002,DEPT01,2023-04-01,49574.34
3149,CC017,ACC002,DEPT01,2023-05-01,42825.07
3150,CC017,ACC002,DEPT01,2023-06-01,48533.81
3151,CC017,ACC002,DEPT01,2023-07-01,42944.3
3152,CC017,ACC002,DEPT01,2023-08-01,42909.69
3153,CC017,ACC002,DEPT01,2023-09-01,42837.62
3154,CC017,ACC002,DEPT01,2023-10-01,43696.77
3155,CC017,ACC002,DEPT01,2023-11-01,43707.03
3156,CC017,ACC002,DEPT01,2023-12-01,44295.19
3157,CC017,ACC002,DEPT01,2024-01-01,46714.57
3158,CC017,ACC002,DEPT01,2024-02-01,43724.92
3159,CC017,ACC002,DEPT01,2024-03-01,48391.25
3160,CC017,ACC002,DEPT01,2024-04-01,44596.11
3161,CC017,ACC002,DEPT01,2024-05-01,42215.85
3162,CC017,ACC002,DEPT01,2024-06-01,46465.42
3163,CC017,ACC002,DEPT01,2024-07-01,43780.91
3164,CC017,ACC002,DEPT01,2024-08-01,50527.32
3165,CC017,ACC002,DEPT01,2024-09-01,44923.96
3166,CC017,ACC002,DEPT01,2024-10-01,41874.85
3167,CC017,ACC002,DEPT01,2024-11-01,48095.48
3168,CC017,ACC002,DEPT01,2024-12-01,50283.25
3169,CC017,ACC008,DEPT01,2023-01-01,45728.4
3170,CC017,ACC008,DEPT01,2023-02-01,41129.24
3171,CC017,ACC008,DEPT01,2023-03-01,40606.74
3172,CC017,ACC008,DEPT01,2023-04-01,44336.68
3173,CC017,ACC008,DEPT01,2023-05-01,46210.91
3174,CC017,ACC008,DEPT01,2023-06-01,40705.89
3175,CC017,ACC008,DEPT01,2023-07-01,42073.59
3176,CC017,ACC008,DEPT01,2023-08-01,41854.8
3177,CC017,ACC008,DEPT01,2023-09-01,48556.17
3178,CC017,ACC008,DEPT01,2023-10-01,42428.61
3179,CC017,ACC008,DEPT01,2023-11-01,43917.1
3180,CC017,ACC008,DEPT01,2023-12-01,40692.79
3181,CC017,ACC008,DEPT01,2024-01-01,41355.33
3182,CC017,ACC008,DEPT01,2024-02-01,40158.76
3183,CC017,ACC008,DEPT01,2024-03-01,42380.35
3184,CC017,ACC008,DEPT01,2024-04-01,46901.23
3185,CC017,ACC008,DEPT01,2024-05-01,42576.22
3186,CC017,ACC008,DEPT01,2024-06-01,46343.4
3187,CC017,ACC008,DEPT01,2024-07-01,40650.23
3188,CC017,ACC008,DEPT01,2024-08-01,46517.36
3189,CC017,ACC008,DEPT01,2024-09-01,40215.78
3190,CC017,ACC008,DEPT01,2024-10-01,47347.13
3191,CC017,ACC008,DEPT01,2024-11-01,45678.27
3192,CC017,ACC008,DEPT01,2024-12-01,41318.27
3193,CC018,ACC015,DEPT05,2023-01-01,992.05
3194,CC018,ACC015,DEPT05,2023-02-01,1003.45
3195,CC018,ACC015,DEPT05,2023-03-01,1080.21
3196,CC018,ACC015,DEPT05,2023-04-01,1050.69
3197,CC018,ACC015,DEPT05,2023-05-01,1007.84
3198,CC018,ACC015,DEPT05,2023-06-01,996.4
3199,CC018,ACC015,DEPT05,2023-07-01,1090.41
3200,CC018,ACC015,DEPT05,2023-08-01,944.78
3201,CC018,ACC015,DEPT05,2023-09-01,937.85
3202,CC018,ACC015,DEPT05,2023-10-01,1058.08
3203,CC018,ACC015,DEPT05,2023-11-01,1109.74
3204,CC018,ACC015,DEPT05,2023-12-01,1081.96
3205,CC018,ACC015,DEPT05,2024-01-01,932.02
3206,CC018,ACC015,DEPT05,2024-02-01,1095.5
3207,CC018,ACC015,DEPT05,2024-03-01,1008.74
3208,CC018,ACC015,DEPT05,2024-04-01,1026.2
3209,CC018,ACC015,DEPT05,2024-05-01,999.73
3210,CC018,ACC015,DEPT05,2024-06-01,1034.78
3211,CC018,ACC015,DEPT05,2024-07-01,1068.76
3212,CC018,ACC015,DEPT05,2024-08-01,1034.79
3213,CC018,ACC015,DEPT05,2024-09-01,1085.65
3214,CC018,ACC015,DEPT05,2024-10-01,1089.16
3215,CC018,ACC015,DEPT05,2024-11-01,1058.26
3216,CC018,ACC015,DEPT05,2024-12-01,1091.56
3217,CC018,ACC008,DEPT05,2023-01-01,31831.99
3218,CC018,ACC008,DEPT05,2023-02-01,34381.24
3219,CC018,ACC008,DEPT05,2023-03-01,31529.28
3220,CC018,ACC008,DEPT05,2023-04-01,29121.19
3221,CC018,ACC008,DEPT05,2023-05-01,32896.76
3222,CC018,ACC008,DEPT05,2023-06-01,28795.89
3223,CC018,ACC008,DEPT05,2023-07-01,34258.32
3224,CC018,ACC008,DEPT05,2023-08-01,32066.16
3225,CC018,ACC008,DEPT05,2023-09-01,33462.49
3226,CC018,ACC008,DEPT05,2023-10-01,33335.81
3227,CC018,ACC008,DEPT05,2023-11-01,30146.38
3228,CC018,ACC008,DEPT05,2023-12-01,34816.26
3229,CC018,ACC008,DEPT05,2024-01-01,34289.03
3230,CC018,ACC008,DEPT05,2024-02-01,32029.67
3231,CC018,ACC008,DEPT05,2024-03-01,33109.06
3232,CC018,ACC008,DEPT05,2024-04-01,32662.34
3233,CC018,ACC008,DEPT05,2024-05-01,31479.25
3234,CC018,ACC008,DEPT05,2024-06-01,33354.18
3235,CC018,ACC008,DEPT05,2024-07-01,31792.47
3236,CC018,ACC008,DEPT05,2024-08-01,32952.52
3237,CC018,ACC008,DEPT05,2024-09-01,32810.17
3238,CC018,ACC008,DEPT05,2024-10-01,29665.66
3239,CC018,ACC008,DEPT05,2024-11-01,33990.97
3240,CC018,ACC008,DEPT05,2024-12-01,34409.75
3241,CC018,ACC010,DEPT05,2023-01-01,21103.15
3242,CC018,ACC010,DEPT05,2023-02-01,25419.19
3243,CC018,ACC010,DEPT05,2023-03-01,23413.46
3244,CC018,ACC010,DEPT05,2023-04-01,23243.77
3245,CC018,ACC010,DEPT05,2023-05-01,23367.94
3246,CC018,ACC010,DEPT05,2023-06-01,21822.35
3247,CC018,ACC010,DEPT05,2023-07-01,24563.48
3248,CC018,ACC010,DEPT05,2023-08-01,22548.44
3249,CC018,ACC010,DEPT05,2023-09-01,22596.43
3250,CC018,ACC010,DEPT05,2023-10-01,22349.75
3251,CC018,ACC010,DEPT05,2023-11-01,23419.83
3252,CC018,ACC010,DEPT05,2023-12-01,23623.61
3253,CC018,ACC010,DEPT05,2024-01-01,22819.75
3254,CC018,ACC010,DEPT05,2024-02-01,24870.67
3255,CC018,ACC010,DEPT05,2024-03-01,21417.41
3256,CC018,ACC010,DEPT05,2024-04-01,23126.36
3257,CC018,ACC010,DEPT05,2024-05-01,23729.04
3258,CC018,ACC010,DEPT05,2024-06-01,21460.39
3259,CC018,ACC010,DEPT05,2024-07-01,23380.2
3260,CC018,ACC010,DEPT05,2024-08-01,22527.05
3261,CC018,ACC010,DEPT05,2024-09-01,25635.75
3262,CC018,ACC010,DEPT05,2024-10-01,24534.52
3263,CC018,ACC010,DEPT05,2024-11-01,21131.79
3264,CC018,ACC010,DEPT05,2024-12-01,22935.76
3265,CC018,ACC005,DEPT05,2023-01-01,1263.11
3266,CC018,ACC005,DEPT05,2023-02-01,1332.35
3267,CC018,ACC005,DEPT05,2023-03-01,1323.82
3268,CC018,ACC005,DEPT05,2023-04-01,1366.69
3269,CC018,ACC005,DEPT05,2023-05-01,1285.23
3270,CC018,ACC005,DEPT05,2023-06-01,1348.42
3271,CC018,ACC005,DEPT05,2023-07-01,1266.42
3272,CC018,ACC005,DEPT05,2023-08-01,1289.5
3273,CC018,ACC005,DEPT05,2023-09-01,1239.87
3274,CC018,ACC005,DEPT05,2023-10-01,1211.01
3275,CC018,ACC005,DEPT05,2023-11-01,1332.2
3276,CC018,ACC005,DEPT05,2023-12-01,1330.02
3277,CC018,ACC005,DEPT05,2024-01-01,1336.96
3278,CC018,ACC005,DEPT05,2024-02-01,1208.79
3279,CC018,ACC005,DEPT05,2024-03-01,1317.72
3280,CC018,ACC005,DEPT05,2024-04-01,1275.83
3281,CC018,ACC005,DEPT05,2024-05-01,1305.02
3282,CC018,ACC005,DEPT05,2024-06-01,1216.62
3283,CC018,ACC005,DEPT05,2024-07-01,1238.95
3284,CC018,ACC005,DEPT05,2024-08-01,1150.12
3285,CC018,ACC005,DEPT05,2024-09-01,1290.58
3286,CC018,ACC005,DEPT05,2024-10-01,1126.29
3287,CC018,ACC005,DEPT05,2024-11-01,1214.58
3288,CC018,ACC005,DEPT05,2024-12-01,1284.26
3289,CC018,ACC002,DEPT05,2023-01-01,52492.46
3290,CC018,ACC002,DEPT05,2023-02-01,50685.06
3291,CC018,ACC002,DEPT05,2023-03-01,47902.53
3292,CC018,ACC002,DEPT05,2023-04-01,56123.75
3293,CC018,ACC002,DEPT05,2023-05-01,51917.7
3294,CC018,ACC002,DEPT05,2023-06-01,55343.41
3295,CC018,ACC002,DEPT05,2023-07-01,54518.45
3296,CC018,ACC002,DEPT05,2023-08-01,51052.36
3297,CC018,ACC002,DEPT05,2023-09-01,49441.29
3298,CC018,ACC002,DEPT05,2023-10-01,48834.3
3299,CC018,ACC002,DEPT05,2023-11-01,48052.53
3300,CC018,ACC002,DEPT05,2023-12-01,55659.08
3301,CC018,ACC002,DEPT05,2024-01-01,49038.84
3302,CC018,ACC002,DEPT05,2024-02-01,55371.65
3303,CC018,ACC002,DEPT05,2024-03-01,48778.74
3304,CC018,ACC002,DEPT05,2024-04-01,50311.13
3305,CC018,ACC002,DEPT05,2024-05-01,54670.68
3306,CC018,ACC002,DEPT05,2024-06-01,47280.43
3307,CC018,ACC002,DEPT05,2024-07-01,53382.12
3308,CC018,ACC002,DEPT05,2024-08-01,53786.66
3309,CC018,ACC002,DEPT05,2024-09-01,48078.25
3310,CC018,ACC002,DEPT05,2024-10-01,56070.48
3311,CC018,ACC002,DEPT05,2024-11-01,51553.37
3312,CC018,ACC002,DEPT05,2024-12-01,52925.33
3313,CC018,ACC006,DEPT05,2023-01-01,49495.78
3314,CC018,ACC006,DEPT05,2023-02-01,40803.74
3315,CC018,ACC006,DEPT05,2023-03-01,47433.64
3316,CC018,ACC006,DEPT05,2023-04-01,45776.0
3317,CC018,ACC006,DEPT05,2023-05-01,44685.18
3318,CC018,ACC006,DEPT05,2023-06-01,46064.92
3319,CC018,ACC006,DEPT05,2023-07-01,49138.11
3320,CC018,ACC006,DEPT05,2023-08-01,47840.08
3321,CC018,ACC006,DEPT05,2023-09-01,49009.57
3322,CC018,ACC006,DEPT05,2023-10-01,47031.46
3323,CC018,ACC006,DEPT05,2023-11-01,42337.5
3324,CC018,ACC006,DEPT05,2023-12-01,48149.55
3325,CC018,ACC006,DEPT05,2024-01-01,41702.52
3326,CC018,ACC006,DEPT05,2024-02-01,46720.78
3327,CC018,ACC006,DEPT05,2024-03-01,46255.52
3328,CC018,ACC006,DEPT05,2024-04-01,43679.95
3329,CC018,ACC006,DEPT05,2024-05-01,48748.76
3330,CC018,ACC006,DEPT05,2024-06-01,44557.03
3331,CC018,ACC006,DEPT05,2024-07-01,46281.18
3332,CC018,ACC006,DEPT05,2024-08-01,47037.78
3333,CC018,ACC006,DEPT05,2024-09-01,43013.18
3334,CC018,ACC006,DEPT05,2024-10-01,44368.66
3335,CC018,ACC006,DEPT05,2024-11-01,43870.33
3336,CC018,ACC006,DEPT05,2024-12-01,43429.3
3337,CC018,ACC013,DEPT05,2023-01-01,6153.55
3338,CC018,ACC013,DEPT05,2023-02-01,6769.6
3339,CC018,ACC013,DEPT05,2023-03-01,7146.27
3340,CC018,ACC013,DEPT05,2023-04-01,6649.89
3341,CC018,ACC013,DEPT05,2023-05-01,7088.74
3342,CC018,ACC013,DEPT05,2023-06-01,6697.0
3343,CC018,ACC013,DEPT05,2023-07-01,6386.69
3344,CC018,ACC013,DEPT05,2023-08-01,6947.77
3345,CC018,ACC013,DEPT05,2023-09-01,6704.67
3346,CC018,ACC013,DEPT05,2023-10-01,6258.57
3347,CC018,ACC013,DEPT05,2023-11-01,6248.45
3348,CC018,ACC013,DEPT05,2023-12-01,6918.01
3349,CC018,ACC013,DEPT05,2024-01-01,6881.16
3350,CC018,ACC013,DEPT05,2024-02-01,7192.38
3351,CC018,ACC013,DEPT05,2024-03-01,6146.24
3352,CC018,ACC013,DEPT05,2024-04-01,6912.71
3353,CC018,ACC013,DEPT05,2024-05-01,7264.01
3354,CC018,ACC013,DEPT05,2024-06-01,6206.13
3355,CC018,ACC013,DEPT05,2024-07-01,6689.95
3356,CC018,ACC013,DEPT05,2024-08-01,6815.18
3357,CC018,ACC013,DEPT05,2024-09-01,6912.66
3358,CC018,ACC013,DEPT05,2024-10-01,6979.55
3359,CC018,ACC013,DEPT05,2024-11-01,6716.21
3360,CC018,ACC013,DEPT05,2024-12-01,6743.44
3361,CC018,ACC003,DEPT05,2023-01-01,24736.44
3362,CC018,ACC003,DEPT05,2023-02-01,24566.09
3363,CC018,ACC003,DEPT05,2023-03-01,25608.8
3364,CC018,ACC003,DEPT05,2023-04-01,23899.78
3365,CC018,ACC003,DEPT05,2023-05-01,25530.99
3366,CC018,ACC003,DEPT05,2023-06-01,23370.33
3367,CC018,ACC003,DEPT05,2023-07-01,21425.57
3368,CC018,ACC003,DEPT05,2023-08-01,21870.43
3369,CC018,ACC003,DEPT05,2023-09-01,23173.22
3370,CC018,ACC003,DEPT05,2023-10-01,21616.88
3371,CC018,ACC003,DEPT05,2023-11-01,21633.68
3372,CC018,ACC003,DEPT05,2023-12-01,22632.49
3373,CC018,ACC003,DEPT05,2024-01-01,25094.46
3374,CC018,ACC003,DEPT05,2024-02-01,26034.52
3375,CC018,ACC003,DEPT05,2024-03-01,24609.51
3376,CC018,ACC003,DEPT05,2024-04-01,22060.15
3377,CC018,ACC003,DEPT05,2024-05-01,21659.46
3378,CC018,ACC003,DEPT05,2024-06-01,25088.88
3379,CC018,ACC003,DEPT05,2024-07-01,22333.49
3380,CC018,ACC003,DEPT05,2024-08-01,23934.3
3381,CC018,ACC003,DEPT05,2024-09-01,23067.88
3382,CC018,ACC003,DEPT05,2024-10-01,23513.75
3383,CC018,ACC003,DEPT05,2024-11-01,24290.08
3384,CC018,ACC003,DEPT05,2024-12-01,24572.18
3385,CC019,ACC014,DEPT02,2023-01-01,6028.26
3386,CC019,ACC014,DEPT02,2023-02-01,6071.46
3387,CC019,ACC014,DEPT02,2023-03-01,6530.29
3388,CC019,ACC014,DEPT02,2023-04-01,6403.14
3389,CC019,ACC014,DEPT02,2023-05-01,6749.75
3390,CC019,ACC014,DEPT02,2023-06-01,5623.49
3391,CC019,ACC014,DEPT02,2023-07-01,6475.4
3392,CC019,ACC014,DEPT02,2023-08-01,5807.84
3393,CC019,ACC014,DEPT02,2023-09-01,6629.99
3394,CC019,ACC014,DEPT02,2023-10-01,6619.61
3395,CC019,ACC014,DEPT02,2023-11-01,6104.19
3396,CC019,ACC014,DEPT02,2023-12-01,5835.58
3397,CC019,ACC014,DEPT02,2024-01-01,6339.71
3398,CC019,ACC014,DEPT02,2024-02-01,6433.26
3399,CC019,ACC014,DEPT02,2024-03-01,6011.17
3400,CC019,ACC014,DEPT02,2024-04-01,6283.64
3401,CC019,ACC014,DEPT02,2024-05-01,6468.96
3402,CC019,ACC014,DEPT02,2024-06-01,5799.67
3403,CC019,ACC014,DEPT02,2024-07-01,6452.24
3404,CC019,ACC014,DEPT02,2024-08-01,5796.0
3405,CC019,ACC014,DEPT02,2024-09-01,6111.29
3406,CC019,ACC014,DEPT02,2024-10-01,6771.51
3407,CC019,ACC014,DEPT02,2024-11-01,5649.01
3408,CC019,ACC014,DEPT02,2024-12-01,6745.61
3409,CC019,ACC004,DEPT02,2023-01-01,28388.5
3410,CC019,ACC004,DEPT02,2023-02-01,27904.72
3411,CC019,ACC004,DEPT02,2023-03-01,29370.3
3412,CC019,ACC004,DEPT02,2023-04-01,29278.9
3413,CC019,ACC004,DEPT02,2023-05-01,28644.0
3414,CC019,ACC004,DEPT02,2023-06-01,32854.23
3415,CC019,ACC004,DEPT02,2023-07-01,27689.7
3416,CC019,ACC004,DEPT02,2023-08-01,30520.87
3417,CC019,ACC004,DEPT02,2023-09-01,33416.43
3418,CC019,ACC004,DEPT02,2023-10-01,27900.46
3419,CC019,ACC004,DEPT02,2023-11-01,33361.94
3420,CC019,ACC004,DEPT02,2023-12-01,31323.17
3421,CC019,ACC004,DEPT02,2024-01-01,32409.58
3422,CC019,ACC004,DEPT02,2024-02-01,31498.23
3423,CC019,ACC004,DEPT02,2024-03-01,32836.57
3424,CC019,ACC004,DEPT02,2024-04-01,29505.77
3425,CC019,ACC004,DEPT02,2024-05-01,32509.43
3426,CC019,ACC004,DEPT02,2024-06-01,31036.04
3427,CC019,ACC004,DEPT02,2024-07-01,28102.9
3428,CC019,ACC004,DEPT02,2024-08-01,32004.1
3429,CC019,ACC004,DEPT02,2024-09-01,30883.85
3430,CC019,ACC004,DEPT02,2024-10-01,33536.23
3431,CC019,ACC004,DEPT02,2024-11-01,30854.42
3432,CC019,ACC004,DEPT02,2024-12-01,32487.0
3433,CC019,ACC012,DEPT02,2023-01-01,2455.31
3434,CC019,ACC012,DEPT02,2023-02-01,2387.31
3435,CC019,ACC012,DEPT02,2023-03-01,2361.01
3436,CC019,ACC012,DEPT02,2023-04-01,2621.0
3437,CC019,ACC012,DEPT02,2023-05-01,2513.86
3438,CC019,ACC012,DEPT02,2023-06-01,2352.09
3439,CC019,ACC012,DEPT02,2023-07-01,2333.83
3440,CC019,ACC012,DEPT02,2023-08-01,2653.57
3441,CC019,ACC012,DEPT02,2023-09-01,2491.92
3442,CC019,ACC012,DEPT02,2023-10-01,2422.09
3443,CC019,ACC012,DEPT02,2023-11-01,2464.2
3444,CC019,ACC012,DEPT02,2023-12-01,2557.09
3445,CC019,ACC012,DEPT02,2024-01-01,2507.02
3446,CC019,ACC012,DEPT02,2024-02-01,2246.76
3447,CC019,ACC012,DEPT02,2024-03-01,2359.36
3448,CC019,ACC012,DEPT02,2024-04-01,2307.92
3449,CC019,ACC012,DEPT02,2024-05-01,2503.6
3450,CC019,ACC012,DEPT02,2024-06-01,2638.14
3451,CC019,ACC012,DEPT02,2024-07-01,2309.61
3452,CC019,ACC012,DEPT02,2024-08-01,2210.32
3453,CC019,ACC012,DEPT02,2024-09-01,2622.1
3454,CC019,ACC012,DEPT02,2024-10-01,2376.58
3455,CC019,ACC012,DEPT02,2024-11-01,2578.55
3456,CC019,ACC012,DEPT02,2024-12-01,2246.1
3457,CC019,ACC011,DEPT02,2023-01-01,7691.82
3458,CC019,ACC011,DEPT02,2023-02-01,6662.21
3459,CC019,ACC011,DEPT02,2023-03-01,7386.88
3460,CC019,ACC011,DEPT02,2023-04-01,7760.32
3461,CC019,ACC011,DEPT02,2023-05-01,7383.11
3462,CC019,ACC011,DEPT02,2023-06-01,7374.9
3463,CC019,ACC011,DEPT02,2023-07-01,7342.61
3464,CC019,ACC011,DEPT02,2023-08-01,7062.31
3465,CC019,ACC011,DEPT02,2023-09-01,7585.15
3466,CC019,ACC011,DEPT02,2023-10-01,7097.47
3467,CC019,ACC011,DEPT02,2023-11-01,6747.08
3468,CC019,ACC011,DEPT02,2023-12-01,6767.12
3469,CC019,ACC011,DEPT02,2024-01-01,8056.47
3470,CC019,ACC011,DEPT02,2024-02-01,7764.48
3471,CC019,ACC011,DEPT02,2024-03-01,7410.93
3472,CC019,ACC011,DEPT02,2024-04-01,7548.94
3473,CC019,ACC011,DEPT02,2024-05-01,6936.19
3474,CC019,ACC011,DEPT02,2024-06-01,7552.74
3475,CC019,ACC011,DEPT02,2024-07-01,6939.72
3476,CC019,ACC011,DEPT02,2024-08-01,7635.03
3477,CC019,ACC011,DEPT02,2024-09-01,7856.28
3478,CC019,ACC011,DEPT02,2024-10-01,6928.53
3479,CC019,ACC011,DEPT02,2024-11-01,7846.09
3480,CC019,ACC011,DEPT02,2024-12-01,7919.55
3481,CC019,ACC009,DEPT02,2023-01-01,11487.14
3482,CC019,ACC009,DEPT02,2023-02-01,12375.14
3483,CC019,ACC009,DEPT02,2023-03-01,10641.95
3484,CC019,ACC009,DEPT02,2023-04-01,12070.91
3485,CC019,ACC009,DEPT02,2023-05-01,10529.37
3486,CC019,ACC009,DEPT02,2023-06-01,12142.65
3487,CC019,ACC009,DEPT02,2023-07-01,10562.27
3488,CC019,ACC009,DEPT02,2023-08-01,10644.58
3489,CC019,ACC009,DEPT02,2023-09-01,10888.38
3490,CC019,ACC009,DEPT02,2023-10-01,11060.42
3491,CC019,ACC009,DEPT02,2023-11-01,10638.05
3492,CC019,ACC009,DEPT02,2023-12-01,12386.47
3493,CC019,ACC009,DEPT02,2024-01-01,12594.48
3494,CC019,ACC009,DEPT02,2024-02-01,11422.88
3495,CC019,ACC009,DEPT02,2024-03-01,11524.12
3496,CC019,ACC009,DEPT02,2024-04-01,11415.47
3497,CC019,ACC009,DEPT02,2024-05-01,11210.54
3498,CC019,ACC009,DEPT02,2024-06-01,11380.68
3499,CC019,ACC009,DEPT02,2024-07-01,10749.45
3500,CC019,ACC009,DEPT02,2024-08-01,10487.82
3501,CC019,ACC009,DEPT02,2024-09-01,12150.61
3502,CC019,ACC009,DEPT02,2024-10-01,10621.28
3503,CC019,ACC009,DEPT02,2024-11-01,12210.34
3504,CC019,ACC009,DEPT02,2024-12-01,10580.03
3505,CC019,ACC007,DEPT02,2023-01-01,10184.18
3506,CC019,ACC007,DEPT02,2023-02-01,10488.46
3507,CC019,ACC007,DEPT02,2023-03-01,10041.9
3508,CC019,ACC007,DEPT02,2023-04-01,10872.21
3509,CC019,ACC007,DEPT02,2023-05-01,10705.93
3510,CC019,ACC007,DEPT02,2023-06-01,10024.46
3511,CC019,ACC007,DEPT02,2023-07-01,11377.07
3512,CC019,ACC007,DEPT02,2023-08-01,10233.9
3513,CC019,ACC007,DEPT02,2023-09-01,11157.84
3514,CC019,ACC007,DEPT02,2023-10-01,9498.87
3515,CC019,ACC007,DEPT02,2023-11-01,9761.99
3516,CC019,ACC007,DEPT02,2023-12-01,9895.21
3517,CC019,ACC007,DEPT02,2024-01-01,10999.83
3518,CC019,ACC007,DEPT02,2024-02-01,11104.69
3519,CC019,ACC007,DEPT02,2024-03-01,11215.17
3520,CC019,ACC007,DEPT02,2024-04-01,10052.68
3521,CC019,ACC007,DEPT02,2024-05-01,10763.54
3522,CC019,ACC007,DEPT02,2024-06-01,10059.14
3523,CC019,ACC007,DEPT02,2024-07-01,11293.81
3524,CC019,ACC007,DEPT02,2024-08-01,11458.15
3525,CC019,ACC007,DEPT02,2024-09-01,11252.22
3526,CC019,ACC007,DEPT02,2024-10-01,10792.67
3527,CC019,ACC007,DEPT02,2024-11-01,11441.44
3528,CC019,ACC007,DEPT02,2024-12-01,9457.64
3529,CC019,ACC015,DEPT02,2023-01-01,4118.25
3530,CC019,ACC015,DEPT02,2023-02-01,4029.87
3531,CC019,ACC015,DEPT02,2023-03-01,4500.97
3532,CC019,ACC015,DEPT02,2023-04-01,4342.47
3533,CC019,ACC015,DEPT02,2023-05-01,4478.62
3534,CC019,ACC015,DEPT02,2023-06-01,4068.34
3535,CC019,ACC015,DEPT02,2023-07-01,4179.18
3536,CC019,ACC015,DEPT02,2023-08-01,4650.67
3537,CC019,ACC015,DEPT02,2023-09-01,4636.92
3538,CC019,ACC015,DEPT02,2023-10-01,4180.68
3539,CC019,ACC015,DEPT02,2023-11-01,4796.36
3540,CC019,ACC015,DEPT02,2023-12-01,4748.3
3541,CC019,ACC015,DEPT02,2024-01-01,4119.21
3542,CC019,ACC015,DEPT02,2024-02-01,4156.06
3543,CC019,ACC015,DEPT02,2024-03-01,4540.16
3544,CC019,ACC015,DEPT02,2024-04-01,4217.06
3545,CC019,ACC015,DEPT02,2024-05-01,4094.51
3546,CC019,ACC015,DEPT02,2024-06-01,4588.16
3547,CC019,ACC015,DEPT02,2024-07-01,4496.16
3548,CC019,ACC015,DEPT02,2024-08-01,4041.06
3549,CC019,ACC015,DEPT02,2024-09-01,4659.2
3550,CC019,ACC015,DEPT02,2024-10-01,4871.29
3551,CC019,ACC015,DEPT02,2024-11-01,4479.8
3552,CC019,ACC015,DEPT02,2024-12-01,4564.82
3553,CC019,ACC005,DEPT02,2023-01-01,1563.93
3554,CC019,ACC005,DEPT02,2023-02-01,1436.62
3555,CC019,ACC005,DEPT02,2023-03-01,1420.51
3556,CC019,ACC005,DEPT02,2023-04-01,1536.38
3557,CC019,ACC005,DEPT02,2023-05-01,1648.56
3558,CC019,ACC005,DEPT02,2023-06-01,1468.81
3559,CC019,ACC005,DEPT02,2023-07-01,1563.81
3560,CC019,ACC005,DEPT02,2023-08-01,1431.73
3561,CC019,ACC005,DEPT02,2023-09-01,1447.04
3562,CC019,ACC005,DEPT02,2023-10-01,1381.92
3563,CC019,ACC005,DEPT02,2023-11-01,1419.33
3564,CC019,ACC005,DEPT02,2023-12-01,1507.74
3565,CC019,ACC005,DEPT02,2024-01-01,1460.1
3566,CC019,ACC005,DEPT02,2024-02-01,1560.22
3567,CC019,ACC005,DEPT02,2024-03-01,1570.51
3568,CC019,ACC005,DEPT02,2024-04-01,1406.9
3569,CC019,ACC005,DEPT02,2024-05-01,1532.23
3570,CC019,ACC005,DEPT02,2024-06-01,1605.06
3571,CC019,ACC005,DEPT02,2024-07-01,1650.71
3572,CC019,ACC005,DEPT02,2024-08-01,1411.81
3573,CC019,ACC005,DEPT02,2024-09-01,1455.53
3574,CC019,ACC005,DEPT02,2024-10-01,1598.4
3575,CC019,ACC005,DEPT02,2024-11-01,1576.18
3576,CC019,ACC005,DEPT02,2024-12-01,1554.6
3577,CC019,ACC006,DEPT02,2023-01-01,28542.28
3578,CC019,ACC006,DEPT02,2023-02-01,30422.36
3579,CC019,ACC006,DEPT02,2023-03-01,28378.27
3580,CC019,ACC006,DEPT02,2023-04-01,29249.85
3581,CC019,ACC006,DEPT02,2023-05-01,29046.65
3582,CC019,ACC006,DEPT02,2023-06-01,30981.44
3583,CC019,ACC006,DEPT02,2023-07-01,29291.06
3584,CC019,ACC006,DEPT02,2023-08-01,27070.06
3585,CC019,ACC006,DEPT02,2023-09-01,30222.49
3586,CC019,ACC006,DEPT02,2023-10-01,26912.3
3587,CC019,ACC006,DEPT02,2023-11-01,28079.03
3588,CC019,ACC006,DEPT02,2023-12-01,31284.96
3589,CC019,ACC006,DEPT02,2024-01-01,31665.88
3590,CC019,ACC006,DEPT02,2024-02-01,27584.58
3591,CC019,ACC006,DEPT02,2024-03-01,30739.32
3592,CC019,ACC006,DEPT02,2024-04-01,30111.29
3593,CC019,ACC006,DEPT02,2024-05-01,30703.38
3594,CC019,ACC006,DEPT02,2024-06-01,31670.63
3595,CC019,ACC006,DEPT02,2024-07-01,31420.9
3596,CC019,ACC006,DEPT02,2024-08-01,30140.7
3597,CC019,ACC006,DEPT02,2024-09-01,31203.9
3598,CC019,ACC006,DEPT02,2024-10-01,29831.01
3599,CC019,ACC006,DEPT02,2024-11-01,30948.74
3600,CC019,ACC006,DEPT02,2024-12-01,27680.48
3601,CC019,ACC010,DEPT02,2023-01-01,5807.66
3602,CC019,ACC010,DEPT02,2023-02-01,6580.33
3603,CC019,ACC010,DEPT02,2023-03-01,6148.09
3604,CC019,ACC010,DEPT02,2023-04-01,6287.45
3605,CC019,ACC010,DEPT02,2023-05-01,5671.04
3606,CC019,ACC010,DEPT02,2023-06-01,5968.54
3607,CC019,ACC010,DEPT02,2023-07-01,6577.22
3608,CC019,ACC010,DEPT02,2023-08-01,6209.0
3609,CC019,ACC010,DEPT02,2023-09-01,6535.41
3610,CC019,ACC010,DEPT02,2023-10-01,5653.05
3611,CC019,ACC010,DEPT02,2023-11-01,6101.06
3612,CC019,ACC010,DEPT02,2023-12-01,5600.19
3613,CC019,ACC010,DEPT02,2024-01-01,5933.61
3614,CC019,ACC010,DEPT02,2024-02-01,5502.64
3615,CC019,ACC010,DEPT02,2024-03-01,5781.14
3616,CC019,ACC010,DEPT02,2024-04-01,6665.74
3617,CC019,ACC010,DEPT02,2024-05-01,6687.52
3618,CC019,ACC010,DEPT02,2024-06-01,6324.36
3619,CC019,ACC010,DEPT02,2024-07-01,6413.46
3620,CC019,ACC010,DEPT02,2024-08-01,5660.96
3621,CC019,ACC010,DEPT02,2024-09-01,5683.96
3622,CC019,ACC010,DEPT02,2024-10-01,6180.64
3623,CC019,ACC010,DEPT02,2024-11-01,6179.98
3624,CC019,ACC010,DEPT02,2024-12-01,6553.74
3625,CC020,ACC012,DEPT06,2023-01-01,2940.32
3626,CC020,ACC012,DEPT06,2023-02-01,2921.6
3627,CC020,ACC012,DEPT06,2023-03-01,3189.79
3628,CC020,ACC012,DEPT06,2023-04-01,3096.79
3629,CC020,ACC012,DEPT06,2023-05-01,3265.62
3630,CC020,ACC012,DEPT06,2023-06-01,3016.69
3631,CC020,ACC012,DEPT06,2023-07-01,3343.66
3632,CC020,ACC012,DEPT06,2023-08-01,3321.22
3633,CC020,ACC012,DEPT06,2023-09-01,2801.8
3634,CC020,ACC012,DEPT06,2023-10-01,3177.41
3635,CC020,ACC012,DEPT06,2023-11-01,2840.88
3636,CC020,ACC012,DEPT06,2023-12-01,3374.85
3637,CC020,ACC012,DEPT06,2024-01-01,3168.18
3638,CC020,ACC012,DEPT06,2024-02-01,2945.96
3639,CC020,ACC012,DEPT06,2024-03-01,3235.04
3640,CC020,ACC012,DEPT06,2024-04-01,3134.28
3641,CC020,ACC012,DEPT06,2024-05-01,3129.05
3642,CC020,ACC012,DEPT06,2024-06-01,3009.63
3643,CC020,ACC012,DEPT06,2024-07-01,3010.78
3644,CC020,ACC012,DEPT06,2024-08-01,3139.86
3645,CC020,ACC012,DEPT06,2024-09-01,3331.51
3646,CC020,ACC012,DEPT06,2024-10-01,2825.21
3647,CC020,ACC012,DEPT06,2024-11-01,2932.44
3648,CC020,ACC012,DEPT06,2024-12-01,3377.46
3649,CC020,ACC015,DEPT06,2023-01-01,1474.74
3650,CC020,ACC015,DEPT06,2023-02-01,1598.41
3651,CC020,ACC015,DEPT06,2023-03-01,1456.46
3652,CC020,ACC015,DEPT06,2023-04-01,1591.02
3653,CC020,ACC015,DEPT06,2023-05-01,1619.43
3654,CC020,ACC015,DEPT06,2023-06-01,1354.73
3655,CC020,ACC015,DEPT06,2023-07-01,1617.89
3656,CC020,ACC015,DEPT06,2023-08-01,1484.98
3657,CC020,ACC015,DEPT06,2023-09-01,1421.88
3658,CC020,ACC015,DEPT06,2023-10-01,1507.42
3659,CC020,ACC015,DEPT06,2023-11-01,1437.16
3660,CC020,ACC015,DEPT06,2023-12-01,1397.91
3661,CC020,ACC015,DEPT06,2024-01-01,1400.05
3662,CC020,ACC015,DEPT06,2024-02-01,1533.71
3663,CC020,ACC015,DEPT06,2024-03-01,1598.33
3664,CC020,ACC015,DEPT06,2024-04-01,1551.48
3665,CC020,ACC015,DEPT06,2024-05-01,1477.38
3666,CC020,ACC015,DEPT06,2024-06-01,1452.01
3667,CC020,ACC015,DEPT06,2024-07-01,1386.81
3668,CC020,ACC015,DEPT06,2024-08-01,1555.72
3669,CC020,ACC015,DEPT06,2024-09-01,1496.74
3670,CC020,ACC015,DEPT06,2024-10-01,1530.34
3671,CC020,ACC015,DEPT06,2024-11-01,1547.31
3672,CC020,ACC015,DEPT06,2024-12-01,1476.26
3673,CC020,ACC008,DEPT06,2023-01-01,21777.4
3674,CC020,ACC008,DEPT06,2023-02-01,23963.02
3675,CC020,ACC008,DEPT06,2023-03-01,21809.58
3676,CC020,ACC008,DEPT06,2023-04-01,23587.95
3677,CC020,ACC008,DEPT06,2023-05-01,25367.43
3678,CC020,ACC008,DEPT06,2023-06-01,21866.72
3679,CC020,ACC008,DEPT06,2023-07-01,21958.37
3680,CC020,ACC008,DEPT06,2023-08-01,25516.37
3681,CC020,ACC008,DEPT06,2023-09-01,23606.77
3682,CC020,ACC008,DEPT06,2023-10-01,23083.57
3683,CC020,ACC008,DEPT06,2023-11-01,25736.58
3684,CC020,ACC008,DEPT06,2023-12-01,24176.07
3685,CC020,ACC008,DEPT06,2024-01-01,25309.61
3686,CC020,ACC008,DEPT06,2024-02-01,24601.24
3687,CC020,ACC008,DEPT06,2024-03-01,25040.42
3688,CC020,ACC008,DEPT06,2024-04-01,25633.1
3689,CC020,ACC008,DEPT06,2024-05-01,22194.84
3690,CC020,ACC008,DEPT06,2024-06-01,24029.74
3691,CC020,ACC008,DEPT06,2024-07-01,23393.94
3692,CC020,ACC008,DEPT06,2024-08-01,23442.2
3693,CC020,ACC008,DEPT06,2024-09-01,22207.87
3694,CC020,ACC008,DEPT06,2024-10-01,23108.56
3695,CC020,ACC008,DEPT06,2024-11-01,21847.17
3696,CC020,ACC008,DEPT06,2024-12-01,23917.37
3697,CC020,ACC006,DEPT06,2023-01-01,65294.62
3698,CC020,ACC006,DEPT06,2023-02-01,63862.01
3699,CC020,ACC006,DEPT06,2023-03-01,59489.47
3700,CC020,ACC006,DEPT06,2023-04-01,66089.64
3701,CC020,ACC006,DEPT06,2023-05-01,69107.12
3702,CC020,ACC006,DEPT06,2023-06-01,64954.61
3703,CC020,ACC006,DEPT06,2023-07-01,58229.27
3704,CC020,ACC006,DEPT06,2023-08-01,62172.13
3705,CC020,ACC006,DEPT06,2023-09-01,59036.92
3706,CC020,ACC006,DEPT06,2023-10-01,57562.97
3707,CC020,ACC006,DEPT06,2023-11-01,64013.76
3708,CC020,ACC006,DEPT06,2023-12-01,68941.28
3709,CC020,ACC006,DEPT06,2024-01-01,66074.05
3710,CC020,ACC006,DEPT06,2024-02-01,67885.69
3711,CC020,ACC006,DEPT06,2024-03-01,65069.03
3712,CC020,ACC006,DEPT06,2024-04-01,59613.1
3713,CC020,ACC006,DEPT06,2024-05-01,68842.75
3714,CC020,ACC006,DEPT06,2024-06-01,64996.42
3715,CC020,ACC006,DEPT06,2024-07-01,68538.71
3716,CC020,ACC006,DEPT06,2024-08-01,64124.88
3717,CC020,ACC006,DEPT06,2024-09-01,66940.9
3718,CC020,ACC006,DEPT06,2024-10-01,58539.57
3719,CC020,ACC006,DEPT06,2024-11-01,65755.74
3720,CC020,ACC006,DEPT06,2024-12-01,68847.55
3721,CC020,ACC001,DEPT06,2023-01-01,130277.62
3722,CC020,ACC001,DEPT06,2023-02-01,157383.62
3723,CC020,ACC001,DEPT06,2023-03-01,149882.34
3724,CC020,ACC001,DEPT06,2023-04-01,142731.64
3725,CC020,ACC001,DEPT06,2023-05-01,142418.69
3726,CC020,ACC001,DEPT06,2023-06-01,155562.81
3727,CC020,ACC001,DEPT06,2023-07-01,150434.67
3728,CC020,ACC001,DEPT06,2023-08-01,142658.11
3729,CC020,ACC001,DEPT06,2023-09-01,157403.5
3730,CC020,ACC001,DEPT06,2023-10-01,144196.92
3731,CC020,ACC001,DEPT06,2023-11-01,152490.45
3732,CC020,ACC001,DEPT06,2023-12-01,140387.88
3733,CC020,ACC001,DEPT06,2024-01-01,153530.92
3734,CC020,ACC001,DEPT06,2024-02-01,156518.92
3735,CC020,ACC001,DEPT06,2024-03-01,154473.58
3736,CC020,ACC001,DEPT06,2024-04-01,146917.47
3737,CC020,ACC001,DEPT06,2024-05-01,142557.77
3738,CC020,ACC001,DEPT06,2024-06-01,137609.37
3739,CC020,ACC001,DEPT06,2024-07-01,152409.04
3740,CC020,ACC001,DEPT06,2024-08-01,156583.36
3741,CC020,ACC001,DEPT06,2024-09-01,132668.81
3742,CC020,ACC001,DEPT06,2024-10-01,147559.18
3743,CC020,ACC001,DEPT06,2024-11-01,145980.02
3744,CC020,ACC001,DEPT06,2024-12-01,137704.5
3745,CC020,ACC004,DEPT06,2023-01-01,5444.4
3746,CC020,ACC004,DEPT06,2023-02-01,4679.67
3747,CC020,ACC004,DEPT06,2023-03-01,5214.83
3748,CC020,ACC004,DEPT06,2023-04-01,5211.95
3749,CC020,ACC004,DEPT06,2023-05-01,5061.68
3750,CC020,ACC004,DEPT06,2023-06-01,4885.57
3751,CC020,ACC004,DEPT06,2023-07-01,5507.37
3752,CC020,ACC004,DEPT06,2023-08-01,5096.79
3753,CC020,ACC004,DEPT06,2023-09-01,4782.95
3754,CC020,ACC004,DEPT06,2023-10-01,5114.67
3755,CC020,ACC004,DEPT06,2023-11-01,5280.07
3756,CC020,ACC004,DEPT06,2023-12-01,4943.59
3757,CC020,ACC004,DEPT06,2024-01-01,5228.92
3758,CC020,ACC004,DEPT06,2024-02-01,5258.58
3759,CC020,ACC004,DEPT06,2024-03-01,5307.6
3760,CC020,ACC004,DEPT06,2024-04-01,5702.06
3761,CC020,ACC004,DEPT06,2024-05-01,5084.96
3762,CC020,ACC004,DEPT06,2024-06-01,4883.78
3763,CC020,ACC004,DEPT06,2024-07-01,5245.53
3764,CC020,ACC004,DEPT06,2024-08-01,5251.2
3765,CC020,ACC004,DEPT06,2024-09-01,4857.85
3766,CC020,ACC004,DEPT06,2024-10-01,5252.79
3767,CC020,ACC004,DEPT06,2024-11-01,5174.57
3768,CC020,ACC004,DEPT06,2024-12-01,5698.64
3769,CC020,ACC013,DEPT06,2023-01-01,5320.14
3770,CC020,ACC013,DEPT06,2023-02-01,4940.8
3771,CC020,ACC013,DEPT06,2023-03-01,4678.47
3772,CC020,ACC013,DEPT06,2023-04-01,5410.56
3773,CC020,ACC013,DEPT06,2023-05-01,4659.33
3774,CC020,ACC013,DEPT06,2023-06-01,4770.98
3775,CC020,ACC013,DEPT06,2023-07-01,5329.13
3776,CC020,ACC013,DEPT06,2023-08-01,5496.72
3777,CC020,ACC013,DEPT06,2023-09-01,4640.35
3778,CC020,ACC013,DEPT06,2023-10-01,5051.97
3779,CC020,ACC013,DEPT06,2023-11-01,5332.13
3780,CC020,ACC013,DEPT06,2023-12-01,5347.03
3781,CC020,ACC013,DEPT06,2024-01-01,5158.58
3782,CC020,ACC013,DEPT06,2024-02-01,5229.73
3783,CC020,ACC013,DEPT06,2024-03-01,4591.71
3784,CC020,ACC013,DEPT06,2024-04-01,4931.7
3785,CC020,ACC013,DEPT06,2024-05-01,5180.62
3786,CC020,ACC013,DEPT06,2024-06-01,5350.58
3787,CC020,ACC013,DEPT06,2024-07-01,5369.63
3788,CC020,ACC013,DEPT06,2024-08-01,5014.98
3789,CC020,ACC013,DEPT06,2024-09-01,5144.68
3790,CC020,ACC013,DEPT06,2024-10-01,4628.11
3791,CC020,ACC013,DEPT06,2024-11-01,4804.59
3792,CC020,ACC013,DEPT06,2024-12-01,4913.27
