snapshot_date,employee_id,department_id,job_level,salary,performance_rating,engagement_score,is_active
2023-01-01,EMP004,DEP05,JL3,105066.0,4,6.8,1
2023-01-01,EMP007,DEP04,JL3,91792.0,3,5.0,1
2023-01-01,EMP008,DEP02,JL5,190895.0,4,3.6,1
2023-01-01,EMP009,DEP05,JL2,70361.0,5,5.6,1
2023-01-01,EMP015,DEP01,JL2,75027.0,5,6.6,1
2023-01-01,EMP017,DEP05,JL5,193854.0,5,8.9,1
2023-01-01,EMP023,DEP04,JL3,86380.0,3,3.3,1
2023-01-01,EMP030,DEP04,JL2,61805.0,4,8.0,1
2023-01-01,EMP032,DEP02,JL2,60326.0,4,5.8,1
2023-01-01,EMP036,DEP08,JL4,130263.0,4,5.8,1
2023-01-01,EMP037,DEP01,JL3,97377.0,4,5.2,1
2023-01-01,EMP038,DEP07,JL4,120093.0,3,4.0,1
2023-01-01,EMP039,DEP07,JL3,82431.0,4,8.1,1
2023-01-01,EMP043,DEP01,JL4,118284.0,3,3.9,1
2023-01-01,EMP044,DEP03,JL5,169759.0,3,4.9,1
2023-01-01,EMP050,DEP02,JL2,58890.0,3,2.6,1
2023-01-01,EMP052,DEP06,JL1,46333.0,3,4.4,1
2023-01-01,EMP054,DEP05,JL3,92386.0,4,7.3,1
2023-01-01,EMP055,DEP04,JL3,102080.0,3,4.8,1
2023-01-01,EMP056,DEP02,JL3,97857.0,4,4.7,1
2023-01-01,EMP058,DEP02,JL4,132782.0,3,3.3,1
2023-01-01,EMP061,DEP01,JL5,182600.0,5,8.2,1
2023-01-01,EMP062,DEP01,JL3,97242.0,3,4.3,1
2023-01-01,EMP063,DEP04,JL5,187706.0,1,1.6,1
2023-01-01,EMP064,DEP04,JL4,130945.0,4,4.7,1
2023-01-01,EMP066,DEP07,JL3,84898.0,4,7.1,1
2023-01-01,EMP068,DEP03,JL3,95343.0,5,6.7,1
2023-01-01,EMP069,DEP06,JL3,97844.0,4,7.0,1
2023-01-01,EMP070,DEP01,JL4,138692.0,2,2.8,1
2023-01-01,EMP071,DEP03,JL3,91879.0,3,5.9,1
2023-01-01,EMP073,DEP06,JL3,94522.0,4,6.1,1
2023-01-01,EMP075,DEP07,JL3,89322.0,4,6.7,1
2023-01-01,EMP076,DEP05,JL5,222798.0,4,8.0,1
2023-01-01,EMP077,DEP08,JL3,98242.0,3,4.2,1
2023-01-01,EMP079,DEP01,JL3,101745.0,4,5.9,1
2023-01-01,EMP080,DEP01,JL3,91941.0,3,6.3,1
2023-01-01,EMP081,DEP01,JL3,93173.0,4,7.4,1
2023-01-01,EMP082,DEP07,JL4,139462.0,4,5.9,1
2023-01-01,EMP083,DEP07,JL2,64312.0,3,4.7,1
2023-01-01,EMP084,DEP04,JL4,128358.0,4,4.9,1
2023-01-01,EMP086,DEP02,JL2,68024.0,3,6.3,1
2023-01-01,EMP088,DEP03,JL3,109845.0,4,6.2,1
2023-01-01,EMP089,DEP03,JL4,142327.0,3,3.6,1
2023-01-01,EMP090,DEP04,JL3,99075.0,4,4.9,1
2023-01-01,EMP092,DEP02,JL3,89699.0,4,5.0,1
2023-01-01,EMP093,DEP03,JL4,138231.0,3,4.3,1
2023-01-01,EMP095,DEP04,JL2,62927.0,2,3.7,1
2023-01-01,EMP096,DEP07,JL3,102218.0,3,5.8,1
2023-01-01,EMP097,DEP08,JL4,142356.0,5,6.9,1
2023-01-01,EMP100,DEP02,JL4,136588.0,3,4.2,1
2023-01-01,EMP101,DEP03,JL4,130171.0,3,5.4,1
2023-01-01,EMP103,DEP03,JL4,122353.0,3,3.0,1
2023-01-01,EMP104,DEP01,JL1,44563.0,4,5.9,1
2023-01-01,EMP105,DEP04,JL3,84775.0,5,8.2,1
2023-01-01,EMP107,DEP07,JL4,119998.0,5,7.8,1
2023-01-01,EMP109,DEP04,JL3,92137.0,3,6.0,1
2023-01-01,EMP110,DEP04,JL4,124778.0,3,3.4,1
2023-01-01,EMP111,DEP08,JL2,56978.0,3,4.5,1
2023-01-01,EMP113,DEP01,JL3,102766.0,5,9.3,1
2023-01-01,EMP114,DEP03,JL1,44902.0,3,5.1,1
2023-01-01,EMP116,DEP05,JL3,98057.0,4,6.8,1
2023-01-01,EMP117,DEP03,JL4,132158.0,5,7.8,1
2023-01-01,EMP118,DEP01,JL3,89020.0,3,3.1,1
2023-01-01,EMP119,DEP01,JL4,129077.0,3,2.4,1
2023-01-01,EMP121,DEP03,JL3,110501.0,3,2.6,1
2023-01-01,EMP122,DEP04,JL5,188802.0,4,3.5,1
2023-01-01,EMP123,DEP01,JL4,129384.0,2,4.4,1
2023-01-01,EMP125,DEP03,JL3,103972.0,4,8.2,1
2023-01-01,EMP126,DEP04,JL3,103280.0,4,5.6,1
2023-01-01,EMP127,DEP03,JL5,164760.0,5,7.2,1
2023-01-01,EMP128,DEP04,JL3,85886.0,4,6.5,1
2023-01-01,EMP129,DEP04,JL4,118863.0,4,5.2,1
2023-01-01,EMP130,DEP01,JL4,119384.0,3,4.1,1
2023-01-01,EMP131,DEP06,JL3,97891.0,5,7.8,1
2023-01-01,EMP132,DEP01,JL3,101574.0,5,7.8,1
2023-01-01,EMP133,DEP01,JL4,135612.0,4,6.4,1
2023-01-01,EMP135,DEP06,JL3,103596.0,3,6.7,1
2023-01-01,EMP137,DEP01,JL3,99575.0,3,4.9,1
2023-01-01,EMP138,DEP01,JL4,122631.0,3,4.8,1
2023-01-01,EMP140,DEP03,JL3,98869.0,3,5.7,1
2023-01-01,EMP142,DEP02,JL3,98756.0,3,7.0,1
2023-01-01,EMP143,DEP02,JL3,111320.0,3,4.4,1
2023-01-01,EMP144,DEP04,JL4,125863.0,3,5.3,1
2023-01-01,EMP146,DEP08,JL3,114240.0,2,2.4,1
2023-01-01,EMP147,DEP04,JL5,192830.0,4,8.0,1
2023-01-01,EMP148,DEP01,JL3,106085.0,4,6.1,1
2023-01-01,EMP150,DEP03,JL4,134317.0,5,7.0,1
2023-01-01,EMP151,DEP01,JL4,112598.0,5,7.7,1
2023-01-01,EMP152,DEP04,JL4,123454.0,3,4.8,1
2023-01-01,EMP154,DEP08,JL4,125689.0,4,4.2,1
2023-01-01,EMP157,DEP06,JL4,130155.0,4,6.8,1
2023-01-01,EMP158,DEP04,JL3,102590.0,3,3.0,1
2023-01-01,EMP159,DEP03,JL4,134212.0,4,6.6,1
2023-01-01,EMP160,DEP08,JL4,119397.0,5,7.6,1
2023-01-01,EMP161,DEP06,JL3,104005.0,4,4.7,1
2023-01-01,EMP162,DEP02,JL2,61499.0,3,5.3,1
2023-01-01,EMP163,DEP01,JL4,124479.0,4,4.1,1
2023-01-01,EMP165,DEP07,JL5,194520.0,3,4.6,1
2023-01-01,EMP166,DEP05,JL2,58008.0,4,4.1,1
2023-01-01,EMP167,DEP04,JL4,132059.0,4,5.3,1
2023-01-01,EMP168,DEP02,JL4,124547.0,3,4.9,1
2023-01-01,EMP169,DEP05,JL3,104131.0,3,2.9,1
2023-01-01,EMP171,DEP03,JL4,135750.0,4,6.6,1
2023-01-01,EMP172,DEP01,JL4,137652.0,5,7.3,1
2023-01-01,EMP173,DEP01,JL3,112125.0,4,5.1,1
2023-01-01,EMP174,DEP03,JL3,92167.0,4,6.9,1
2023-01-01,EMP175,DEP05,JL3,88521.0,1,2.5,1
2023-01-01,EMP176,DEP05,JL3,94621.0,3,5.2,1
2023-01-01,EMP177,DEP02,JL3,107545.0,5,7.8,1
2023-01-01,EMP178,DEP05,JL3,100942.0,5,5.8,1
2023-01-01,EMP179,DEP06,JL3,94785.0,3,3.9,1
2023-01-01,EMP180,DEP04,JL3,90734.0,5,8.3,1
2023-01-01,EMP183,DEP03,JL5,157660.0,4,5.4,1
2023-01-01,EMP184,DEP07,JL2,67289.0,4,6.5,1
2023-01-01,EMP185,DEP01,JL4,113570.0,3,5.6,1
2023-01-01,EMP188,DEP08,JL4,136565.0,4,8.5,1
2023-01-01,EMP189,DEP08,JL2,68760.0,3,5.6,1
2023-01-01,EMP190,DEP07,JL4,131635.0,4,3.9,1
2023-01-01,EMP191,DEP03,JL4,136793.0,4,6.1,1
2023-01-01,EMP192,DEP04,JL5,155424.0,3,3.5,1
2023-01-01,EMP193,DEP01,JL3,100591.0,3,3.8,1
2023-01-01,EMP194,DEP03,JL3,87161.0,4,5.3,1
2023-01-01,EMP195,DEP01,JL5,167970.0,2,5.1,1
2023-01-01,EMP199,DEP03,JL4,121310.0,4,5.1,1
2023-01-01,EMP200,DEP01,JL3,98359.0,3,3.9,1
2023-02-01,EMP007,DEP04,JL3,84157.0,4,5.6,1
2023-02-01,EMP008,DEP02,JL5,159993.0,3,4.3,1
2023-02-01,EMP009,DEP05,JL2,65632.0,4,6.5,1
2023-02-01,EMP015,DEP01,JL2,67715.0,3,5.9,1
2023-02-01,EMP017,DEP05,JL5,179809.0,4,5.4,1
2023-02-01,EMP023,DEP04,JL3,103791.0,5,10.0,1
2023-02-01,EMP030,DEP04,JL2,68353.0,4,5.9,1
2023-02-01,EMP032,DEP02,JL2,63840.0,4,4.9,1
2023-02-01,EMP036,DEP08,JL4,124722.0,4,5.0,1
2023-02-01,EMP037,DEP01,JL3,94825.0,4,5.5,1
2023-02-01,EMP038,DEP07,JL4,128254.0,4,6.7,1
2023-02-01,EMP039,DEP07,JL3,90688.0,4,4.3,1
2023-02-01,EMP043,DEP01,JL4,126360.0,4,5.7,1
2023-02-01,EMP044,DEP03,JL5,184278.0,3,3.1,1
2023-02-01,EMP050,DEP02,JL2,57351.0,2,1.8,1
2023-02-01,EMP054,DEP05,JL3,100798.0,3,3.5,1
2023-02-01,EMP055,DEP04,JL3,98262.0,4,6.8,1
2023-02-01,EMP056,DEP02,JL3,100895.0,3,3.8,1
2023-02-01,EMP058,DEP02,JL4,140205.0,1,2.8,1
2023-02-01,EMP061,DEP01,JL5,178049.0,3,4.7,1
2023-02-01,EMP062,DEP01,JL3,104932.0,3,3.1,1
2023-02-01,EMP063,DEP04,JL5,190348.0,3,6.1,1
2023-02-01,EMP064,DEP04,JL4,128830.0,3,4.0,1
2023-02-01,EMP066,DEP07,JL3,90911.0,5,7.9,1
2023-02-01,EMP068,DEP03,JL3,105906.0,3,4.9,1
2023-02-01,EMP069,DEP06,JL3,105824.0,2,3.5,1
2023-02-01,EMP070,DEP01,JL4,137989.0,4,8.3,1
2023-02-01,EMP071,DEP03,JL3,88362.0,4,4.5,1
2023-02-01,EMP073,DEP06,JL3,97336.0,4,4.7,1
2023-02-01,EMP075,DEP07,JL3,104049.0,4,6.0,1
2023-02-01,EMP076,DEP05,JL5,198206.0,1,1.8,1
2023-02-01,EMP077,DEP08,JL3,95552.0,3,1.6,1
2023-02-01,EMP079,DEP01,JL3,91299.0,4,4.8,1
2023-02-01,EMP080,DEP01,JL3,81144.0,3,7.5,1
2023-02-01,EMP081,DEP01,JL3,92185.0,4,4.6,1
2023-02-01,EMP082,DEP07,JL4,141249.0,4,6.1,1
2023-02-01,EMP083,DEP07,JL2,60282.0,2,2.4,1
2023-02-01,EMP084,DEP04,JL4,135034.0,4,6.7,1
2023-02-01,EMP086,DEP02,JL2,65576.0,3,4.9,1
2023-02-01,EMP088,DEP03,JL3,104704.0,3,1.9,1
2023-02-01,EMP089,DEP03,JL4,141513.0,5,6.8,1
2023-02-01,EMP090,DEP04,JL3,105115.0,3,4.1,1
2023-02-01,EMP092,DEP02,JL3,97420.0,2,1.1,1
2023-02-01,EMP093,DEP03,JL4,144854.0,3,5.4,1
2023-02-01,EMP095,DEP04,JL2,57605.0,5,8.0,1
2023-02-01,EMP096,DEP07,JL3,103713.0,3,4.3,1
2023-02-01,EMP097,DEP08,JL4,123146.0,4,5.9,1
2023-02-01,EMP100,DEP02,JL4,119786.0,4,5.7,1
2023-02-01,EMP101,DEP03,JL4,131539.0,3,4.9,1
2023-02-01,EMP103,DEP03,JL4,132394.0,4,4.7,1
2023-02-01,EMP104,DEP01,JL1,43256.0,4,5.6,1
2023-02-01,EMP105,DEP04,JL3,82464.0,1,3.9,1
2023-02-01,EMP107,DEP07,JL4,126093.0,3,5.4,1
2023-02-01,EMP109,DEP04,JL3,106795.0,3,3.2,1
2023-02-01,EMP110,DEP04,JL4,136855.0,4,8.1,1
2023-02-01,EMP111,DEP08,JL2,75269.0,3,4.0,1
2023-02-01,EMP113,DEP01,JL3,101827.0,4,4.7,1
2023-02-01,EMP114,DEP03,JL1,43960.0,4,5.1,1
2023-02-01,EMP116,DEP05,JL3,103721.0,3,4.8,1
2023-02-01,EMP117,DEP03,JL4,133843.0,3,5.7,1
2023-02-01,EMP118,DEP01,JL3,96256.0,4,7.8,1
2023-02-01,EMP119,DEP01,JL4,120716.0,4,5.8,1
2023-02-01,EMP121,DEP03,JL3,93510.0,2,2.7,1
2023-02-01,EMP122,DEP04,JL5,200186.0,3,3.5,1
2023-02-01,EMP123,DEP01,JL4,129610.0,3,5.4,1
2023-02-01,EMP125,DEP03,JL3,97457.0,5,7.0,1
2023-02-01,EMP126,DEP04,JL3,87394.0,3,5.1,1
2023-02-01,EMP127,DEP03,JL5,192956.0,2,4.3,1
2023-02-01,EMP128,DEP04,JL3,92708.0,4,5.4,1
2023-02-01,EMP129,DEP04,JL4,118964.0,2,4.1,1
2023-02-01,EMP130,DEP01,JL4,135574.0,5,7.4,1
2023-02-01,EMP131,DEP06,JL3,103585.0,2,3.8,1
2023-02-01,EMP132,DEP01,JL3,98120.0,3,5.4,1
2023-02-01,EMP133,DEP01,JL4,126386.0,3,3.4,1
2023-02-01,EMP135,DEP06,JL3,98610.0,3,4.2,1
2023-02-01,EMP137,DEP01,JL3,92856.0,2,2.4,1
2023-02-01,EMP138,DEP01,JL4,137108.0,3,3.5,1
2023-02-01,EMP140,DEP03,JL3,97095.0,4,5.9,1
2023-02-01,EMP142,DEP02,JL3,103717.0,4,5.9,1
2023-02-01,EMP143,DEP02,JL3,95984.0,3,5.0,1
2023-02-01,EMP144,DEP04,JL4,135016.0,4,4.8,1
2023-02-01,EMP146,DEP08,JL3,93629.0,3,3.2,1
2023-02-01,EMP147,DEP04,JL5,181251.0,4,4.0,1
2023-02-01,EMP148,DEP01,JL3,100642.0,5,7.7,1
2023-02-01,EMP150,DEP03,JL4,148496.0,4,6.3,1
2023-02-01,EMP151,DEP01,JL4,123568.0,4,5.6,1
2023-02-01,EMP152,DEP04,JL4,132890.0,3,4.2,1
2023-02-01,EMP154,DEP08,JL4,133195.0,2,4.9,1
2023-02-01,EMP157,DEP06,JL4,141820.0,5,7.1,1
2023-02-01,EMP158,DEP04,JL3,116784.0,3,5.3,1
2023-02-01,EMP159,DEP03,JL4,120452.0,4,4.7,1
2023-02-01,EMP160,DEP08,JL4,138625.0,3,5.8,1
2023-02-01,EMP161,DEP06,JL3,97320.0,3,4.3,1
2023-02-01,EMP162,DEP02,JL2,63279.0,3,5.1,1
2023-02-01,EMP163,DEP01,JL4,124220.0,4,5.1,1
2023-02-01,EMP165,DEP07,JL5,219229.0,4,8.1,1
2023-02-01,EMP166,DEP05,JL2,55663.0,5,7.9,1
2023-02-01,EMP167,DEP04,JL4,135821.0,4,6.8,1
2023-02-01,EMP168,DEP02,JL4,129160.0,4,6.1,1
2023-02-01,EMP169,DEP05,JL3,107305.0,4,4.5,1
2023-02-01,EMP171,DEP03,JL4,123070.0,5,4.6,1
2023-02-01,EMP172,DEP01,JL4,115683.0,4,4.3,1
2023-02-01,EMP173,DEP01,JL3,98048.0,4,7.2,1
2023-02-01,EMP174,DEP03,JL3,100722.0,2,2.4,1
2023-02-01,EMP175,DEP05,JL3,94626.0,1,2.1,1
2023-02-01,EMP176,DEP05,JL3,115067.0,5,8.8,1
2023-02-01,EMP177,DEP02,JL3,110899.0,4,3.7,1
2023-02-01,EMP178,DEP05,JL3,103264.0,4,5.7,1
2023-02-01,EMP179,DEP06,JL3,96495.0,3,6.1,1
2023-02-01,EMP180,DEP04,JL3,87144.0,4,4.8,1
2023-02-01,EMP183,DEP03,JL5,160948.0,3,3.3,1
2023-02-01,EMP184,DEP07,JL2,67395.0,3,4.3,1
2023-02-01,EMP185,DEP01,JL4,125724.0,5,6.7,1
2023-02-01,EMP188,DEP08,JL4,142490.0,4,5.9,1
2023-02-01,EMP189,DEP08,JL2,67358.0,3,6.3,1
2023-02-01,EMP190,DEP07,JL4,127422.0,4,4.9,1
2023-02-01,EMP191,DEP03,JL4,131104.0,4,7.5,1
2023-02-01,EMP192,DEP04,JL5,184795.0,2,3.6,1
2023-02-01,EMP193,DEP01,JL3,105920.0,2,3.0,1
2023-02-01,EMP194,DEP03,JL3,96838.0,4,7.7,1
2023-02-01,EMP195,DEP01,JL5,170836.0,3,5.1,1
2023-02-01,EMP199,DEP03,JL4,126358.0,2,2.1,1
2023-02-01,EMP200,DEP01,JL3,98395.0,4,7.3,1
2023-03-01,EMP007,DEP04,JL3,99803.0,3,5.9,1
2023-03-01,EMP008,DEP02,JL5,192170.0,3,4.9,1
2023-03-01,EMP009,DEP05,JL2,76129.0,4,5.7,1
2023-03-01,EMP015,DEP01,JL2,69568.0,5,8.5,1
2023-03-01,EMP017,DEP05,JL5,165209.0,3,4.9,1
2023-03-01,EMP023,DEP04,JL3,84648.0,1,1.2,1
2023-03-01,EMP030,DEP04,JL2,60477.0,3,4.9,1
2023-03-01,EMP032,DEP02,JL2,79861.0,5,5.9,1
2023-03-01,EMP036,DEP08,JL4,140466.0,3,3.3,1
2023-03-01,EMP037,DEP01,JL3,94855.0,5,7.2,1
2023-03-01,EMP038,DEP07,JL4,127569.0,5,7.3,1
2023-03-01,EMP039,DEP07,JL3,92646.0,2,3.7,1
2023-03-01,EMP043,DEP01,JL4,129754.0,4,5.6,1
2023-03-01,EMP044,DEP03,JL5,168542.0,4,5.7,1
2023-03-01,EMP050,DEP02,JL2,65008.0,3,4.8,1
2023-03-01,EMP054,DEP05,JL3,85763.0,3,3.3,1
2023-03-01,EMP055,DEP04,JL3,106081.0,3,4.7,1
2023-03-01,EMP056,DEP02,JL3,102010.0,3,6.3,1
2023-03-01,EMP058,DEP02,JL4,141984.0,4,6.0,1
2023-03-01,EMP061,DEP01,JL5,190093.0,5,6.9,1
2023-03-01,EMP062,DEP01,JL3,91995.0,3,5.4,1
2023-03-01,EMP063,DEP04,JL5,195721.0,3,3.4,1
2023-03-01,EMP064,DEP04,JL4,130281.0,3,3.7,1
2023-03-01,EMP066,DEP07,JL3,105193.0,3,4.8,1
2023-03-01,EMP068,DEP03,JL3,88587.0,3,5.2,1
2023-03-01,EMP069,DEP06,JL3,99874.0,3,4.9,1
2023-03-01,EMP070,DEP01,JL4,124958.0,4,6.7,1
2023-03-01,EMP071,DEP03,JL3,98271.0,3,3.3,1
2023-03-01,EMP073,DEP06,JL3,99375.0,4,6.0,1
2023-03-01,EMP075,DEP07,JL3,83102.0,4,6.6,1
2023-03-01,EMP076,DEP05,JL5,175281.0,4,7.3,1
2023-03-01,EMP077,DEP08,JL3,92345.0,4,4.8,1
2023-03-01,EMP079,DEP01,JL3,93993.0,3,5.8,1
2023-03-01,EMP080,DEP01,JL3,82007.0,4,6.1,1
2023-03-01,EMP081,DEP01,JL3,92867.0,4,6.0,1
2023-03-01,EMP082,DEP07,JL4,137390.0,2,2.5,1
2023-03-01,EMP083,DEP07,JL2,81545.0,3,5.6,1
2023-03-01,EMP084,DEP04,JL4,128303.0,5,6.5,1
2023-03-01,EMP086,DEP02,JL2,58334.0,4,7.6,1
2023-03-01,EMP088,DEP03,JL3,110768.0,3,3.3,1
2023-03-01,EMP089,DEP03,JL4,150493.0,4,4.8,1
2023-03-01,EMP090,DEP04,JL3,97088.0,3,4.0,1
2023-03-01,EMP092,DEP02,JL3,93732.0,4,4.9,1
2023-03-01,EMP093,DEP03,JL4,149361.0,4,4.6,1
2023-03-01,EMP095,DEP04,JL2,71397.0,4,5.9,1
2023-03-01,EMP096,DEP07,JL3,109650.0,3,2.8,1
2023-03-01,EMP097,DEP08,JL4,134563.0,3,3.7,1
2023-03-01,EMP100,DEP02,JL4,138051.0,4,9.2,1
2023-03-01,EMP101,DEP03,JL4,124041.0,2,3.3,1
2023-03-01,EMP103,DEP03,JL4,137412.0,4,8.2,1
2023-03-01,EMP104,DEP01,JL1,43530.0,5,9.1,1
2023-03-01,EMP105,DEP04,JL3,96594.0,4,5.0,1
2023-03-01,EMP107,DEP07,JL4,124934.0,3,4.4,1
2023-03-01,EMP109,DEP04,JL3,105956.0,3,2.9,1
2023-03-01,EMP110,DEP04,JL4,137720.0,5,8.3,1
2023-03-01,EMP111,DEP08,JL2,60096.0,3,6.2,1
2023-03-01,EMP113,DEP01,JL3,106028.0,4,4.7,1
2023-03-01,EMP114,DEP03,JL1,52446.0,2,2.9,1
2023-03-01,EMP116,DEP05,JL3,100376.0,3,4.2,1
2023-03-01,EMP117,DEP03,JL4,108289.0,4,5.5,1
2023-03-01,EMP118,DEP01,JL3,94312.0,3,4.4,1
2023-03-01,EMP119,DEP01,JL4,128541.0,4,5.2,1
2023-03-01,EMP121,DEP03,JL3,98795.0,4,7.0,1
2023-03-01,EMP122,DEP04,JL5,184401.0,3,6.1,1
2023-03-01,EMP123,DEP01,JL4,128884.0,4,4.9,1
2023-03-01,EMP125,DEP03,JL3,97013.0,5,9.3,1
2023-03-01,EMP126,DEP04,JL3,108910.0,4,7.0,1
2023-03-01,EMP127,DEP03,JL5,178357.0,3,4.3,1
2023-03-01,EMP128,DEP04,JL3,97726.0,4,6.2,1
2023-03-01,EMP129,DEP04,JL4,122048.0,3,2.2,1
2023-03-01,EMP130,DEP01,JL4,132898.0,5,8.0,1
2023-03-01,EMP131,DEP06,JL3,99485.0,3,2.6,1
2023-03-01,EMP132,DEP01,JL3,100669.0,4,3.9,1
2023-03-01,EMP133,DEP01,JL4,135392.0,4,6.7,1
2023-03-01,EMP135,DEP06,JL3,92304.0,2,2.6,1
2023-03-01,EMP137,DEP01,JL3,97843.0,3,5.5,1
2023-03-01,EMP138,DEP01,JL4,113740.0,2,6.0,1
2023-03-01,EMP140,DEP03,JL3,98673.0,4,6.3,1
2023-03-01,EMP142,DEP02,JL3,96850.0,3,5.3,1
2023-03-01,EMP143,DEP02,JL3,98905.0,4,4.4,1
2023-03-01,EMP144,DEP04,JL4,122229.0,4,6.0,1
2023-03-01,EMP146,DEP08,JL3,89464.0,3,5.2,1
2023-03-01,EMP147,DEP04,JL5,182912.0,3,4.5,1
2023-03-01,EMP148,DEP01,JL3,85086.0,4,8.1,1
2023-03-01,EMP150,DEP03,JL4,136385.0,3,4.2,1
2023-03-01,EMP151,DEP01,JL4,122976.0,5,8.0,1
2023-03-01,EMP152,DEP04,JL4,131679.0,4,4.9,1
2023-03-01,EMP154,DEP08,JL4,119992.0,3,5.1,1
2023-03-01,EMP157,DEP06,JL4,134790.0,4,6.2,1
2023-03-01,EMP158,DEP04,JL3,107569.0,3,3.5,1
2023-03-01,EMP159,DEP03,JL4,146509.0,3,4.8,1
2023-03-01,EMP160,DEP08,JL4,110232.0,4,5.5,1
2023-03-01,EMP161,DEP06,JL3,94062.0,4,5.8,1
2023-03-01,EMP162,DEP02,JL2,65207.0,5,7.1,1
2023-03-01,EMP163,DEP01,JL4,131374.0,3,5.1,1
2023-03-01,EMP165,DEP07,JL5,203390.0,3,5.4,1
2023-03-01,EMP166,DEP05,JL2,77854.0,4,7.9,1
2023-03-01,EMP167,DEP04,JL4,128430.0,3,4.1,1
2023-03-01,EMP168,DEP02,JL4,136189.0,3,4.8,1
2023-03-01,EMP169,DEP05,JL3,109618.0,3,4.8,1
2023-03-01,EMP171,DEP03,JL4,139559.0,2,3.8,1
2023-03-01,EMP172,DEP01,JL4,120154.0,3,4.2,1
2023-03-01,EMP173,DEP01,JL3,105510.0,5,6.0,1
2023-03-01,EMP174,DEP03,JL3,95868.0,3,3.8,1
2023-03-01,EMP175,DEP05,JL3,87562.0,3,3.4,1
2023-03-01,EMP176,DEP05,JL3,98390.0,3,3.9,1
2023-03-01,EMP177,DEP02,JL3,101611.0,3,4.9,1
2023-03-01,EMP178,DEP05,JL3,101930.0,2,4.8,1
2023-03-01,EMP179,DEP06,JL3,95368.0,4,7.2,1
2023-03-01,EMP180,DEP04,JL3,95927.0,2,1.2,1
2023-03-01,EMP183,DEP03,JL5,178599.0,5,7.2,1
2023-03-01,EMP184,DEP07,JL2,66580.0,2,3.6,1
2023-03-01,EMP185,DEP01,JL4,130124.0,3,3.9,1
2023-03-01,EMP188,DEP08,JL4,138101.0,4,4.7,1
2023-03-01,EMP189,DEP08,JL2,72351.0,2,1.9,1
2023-03-01,EMP190,DEP07,JL4,120099.0,3,7.1,1
2023-03-01,EMP191,DEP03,JL4,140373.0,4,5.2,1
2023-03-01,EMP192,DEP04,JL5,192187.0,2,3.2,1
2023-03-01,EMP193,DEP01,JL3,102844.0,3,2.6,1
2023-03-01,EMP194,DEP03,JL3,88247.0,4,6.4,1
2023-03-01,EMP195,DEP01,JL5,169781.0,4,6.8,1
2023-03-01,EMP198,DEP07,JL2,66454.0,4,7.1,1
2023-03-01,EMP199,DEP03,JL4,126230.0,3,4.8,1
2023-03-01,EMP200,DEP01,JL3,96656.0,3,4.1,1
2023-04-01,EMP007,DEP04,JL3,101493.0,3,6.0,1
2023-04-01,EMP008,DEP02,JL5,188963.0,3,2.7,1
2023-04-01,EMP009,DEP05,JL2,68504.0,4,6.1,1
2023-04-01,EMP015,DEP01,JL2,70747.0,4,5.5,1
2023-04-01,EMP017,DEP05,JL5,162283.0,3,4.8,1
2023-04-01,EMP023,DEP04,JL3,79830.0,3,3.8,1
2023-04-01,EMP030,DEP04,JL2,67211.0,4,6.7,1
2023-04-01,EMP032,DEP02,JL2,57218.0,2,2.8,1
2023-04-01,EMP035,DEP01,JL2,68797.0,3,5.4,1
2023-04-01,EMP036,DEP08,JL4,125857.0,5,8.2,1
2023-04-01,EMP037,DEP01,JL3,89476.0,3,5.6,1
2023-04-01,EMP038,DEP07,JL4,141322.0,3,4.9,1
2023-04-01,EMP039,DEP07,JL3,96318.0,2,5.3,1
2023-04-01,EMP043,DEP01,JL4,137791.0,4,7.2,1
2023-04-01,EMP044,DEP03,JL5,185047.0,4,6.3,1
2023-04-01,EMP050,DEP02,JL2,66802.0,4,8.4,1
2023-04-01,EMP054,DEP05,JL3,108724.0,3,5.0,1
2023-04-01,EMP055,DEP04,JL3,105073.0,3,6.2,1
2023-04-01,EMP056,DEP02,JL3,103807.0,4,6.1,1
2023-04-01,EMP058,DEP02,JL4,133446.0,3,4.5,1
2023-04-01,EMP061,DEP01,JL5,198813.0,4,6.7,1
2023-04-01,EMP062,DEP01,JL3,94120.0,4,5.1,1
2023-04-01,EMP063,DEP04,JL5,173216.0,2,3.9,1
2023-04-01,EMP064,DEP04,JL4,134025.0,3,3.2,1
2023-04-01,EMP065,DEP05,JL2,67324.0,5,8.4,1
2023-04-01,EMP066,DEP07,JL3,97094.0,3,4.5,1
2023-04-01,EMP068,DEP03,JL3,99170.0,4,7.2,1
2023-04-01,EMP069,DEP06,JL3,99796.0,3,5.7,1
2023-04-01,EMP070,DEP01,JL4,139254.0,4,4.1,1
2023-04-01,EMP071,DEP03,JL3,103976.0,4,7.5,1
2023-04-01,EMP073,DEP06,JL3,100658.0,4,6.4,1
2023-04-01,EMP075,DEP07,JL3,85516.0,3,4.2,1
2023-04-01,EMP076,DEP05,JL5,172100.0,4,8.3,1
2023-04-01,EMP077,DEP08,JL3,106940.0,2,2.8,1
2023-04-01,EMP079,DEP01,JL3,102253.0,3,3.7,1
2023-04-01,EMP080,DEP01,JL3,100041.0,3,4.8,1
2023-04-01,EMP081,DEP01,JL3,96840.0,1,1.3,1
2023-04-01,EMP082,DEP07,JL4,145342.0,4,5.8,1
2023-04-01,EMP083,DEP07,JL2,72715.0,3,3.1,1
2023-04-01,EMP084,DEP04,JL4,127521.0,4,6.5,1
2023-04-01,EMP085,DEP04,JL3,91783.0,4,6.6,1
2023-04-01,EMP086,DEP02,JL2,65158.0,4,5.9,1
2023-04-01,EMP088,DEP03,JL3,95557.0,4,6.8,1
2023-04-01,EMP089,DEP03,JL4,128185.0,4,6.3,1
2023-04-01,EMP090,DEP04,JL3,101552.0,4,7.0,1
2023-04-01,EMP092,DEP02,JL3,96298.0,3,2.6,1
2023-04-01,EMP093,DEP03,JL4,137458.0,3,3.4,1
2023-04-01,EMP095,DEP04,JL2,61751.0,4,6.2,1
2023-04-01,EMP096,DEP07,JL3,111311.0,2,4.4,1
2023-04-01,EMP097,DEP08,JL4,124914.0,3,2.1,1
2023-04-01,EMP100,DEP02,JL4,123639.0,4,7.2,1
2023-04-01,EMP101,DEP03,JL4,129516.0,4,5.3,1
2023-04-01,EMP103,DEP03,JL4,133057.0,3,3.6,1
2023-04-01,EMP104,DEP01,JL1,47231.0,3,5.5,1
2023-04-01,EMP105,DEP04,JL3,89676.0,4,6.1,1
2023-04-01,EMP107,DEP07,JL4,121974.0,4,4.7,1
2023-04-01,EMP109,DEP04,JL3,98756.0,4,4.6,1
2023-04-01,EMP110,DEP04,JL4,126696.0,2,3.5,1
2023-04-01,EMP111,DEP08,JL2,61160.0,3,4.9,1
2023-04-01,EMP113,DEP01,JL3,87104.0,4,4.5,1
2023-04-01,EMP114,DEP03,JL1,48520.0,5,7.1,1
2023-04-01,EMP115,DEP04,JL2,72606.0,4,5.1,1
2023-04-01,EMP116,DEP05,JL3,100312.0,5,5.5,1
2023-04-01,EMP117,DEP03,JL4,123866.0,4,4.7,1
2023-04-01,EMP118,DEP01,JL3,110410.0,3,4.6,1
2023-04-01,EMP119,DEP01,JL4,126792.0,4,5.7,1
2023-04-01,EMP121,DEP03,JL3,102825.0,4,5.0,1
2023-04-01,EMP122,DEP04,JL5,180438.0,4,3.0,1
2023-04-01,EMP123,DEP01,JL4,132529.0,4,4.9,1
2023-04-01,EMP125,DEP03,JL3,102956.0,4,5.1,1
2023-04-01,EMP126,DEP04,JL3,97844.0,5,7.2,1
2023-04-01,EMP127,DEP03,JL5,184829.0,2,2.3,1
2023-04-01,EMP128,DEP04,JL3,92032.0,4,5.1,1
2023-04-01,EMP129,DEP04,JL4,109393.0,3,1.6,1
2023-04-01,EMP130,DEP01,JL4,132833.0,3,5.4,1
2023-04-01,EMP131,DEP06,JL3,102415.0,3,3.6,1
2023-04-01,EMP132,DEP01,JL3,91900.0,3,6.6,1
2023-04-01,EMP133,DEP01,JL4,122786.0,3,5.5,1
2023-04-01,EMP135,DEP06,JL3,91059.0,3,7.0,1
2023-04-01,EMP137,DEP01,JL3,94968.0,5,9.3,1
2023-04-01,EMP138,DEP01,JL4,124055.0,3,5.5,1
2023-04-01,EMP140,DEP03,JL3,98882.0,4,5.3,1
2023-04-01,EMP142,DEP02,JL3,101625.0,3,3.7,1
2023-04-01,EMP143,DEP02,JL3,107727.0,4,6.8,1
2023-04-01,EMP144,DEP04,JL4,127458.0,3,5.2,1
2023-04-01,EMP146,DEP08,JL3,105256.0,2,2.9,1
2023-04-01,EMP147,DEP04,JL5,178612.0,5,7.3,1
2023-04-01,EMP148,DEP01,JL3,103886.0,4,7.4,1
2023-04-01,EMP150,DEP03,JL4,134568.0,3,5.4,1
2023-04-01,EMP151,DEP01,JL4,128692.0,3,6.1,1
2023-04-01,EMP152,DEP04,JL4,127598.0,1,1.8,1
2023-04-01,EMP154,DEP08,JL4,128298.0,5,6.5,1
2023-04-01,EMP157,DEP06,JL4,128926.0,5,8.3,1
2023-04-01,EMP158,DEP04,JL3,96809.0,5,7.0,1
2023-04-01,EMP159,DEP03,JL4,143093.0,3,5.5,1
2023-04-01,EMP160,DEP08,JL4,141644.0,1,1.0,1
2023-04-01,EMP161,DEP06,JL3,104136.0,4,8.1,1
2023-04-01,EMP162,DEP02,JL2,69623.0,4,5.0,1
2023-04-01,EMP163,DEP01,JL4,129853.0,1,1.0,1
2023-04-01,EMP165,DEP07,JL5,192345.0,3,1.9,1
2023-04-01,EMP166,DEP05,JL2,65468.0,4,9.4,1
2023-04-01,EMP167,DEP04,JL4,123824.0,1,1.0,1
2023-04-01,EMP168,DEP02,JL4,128241.0,4,5.6,1
2023-04-01,EMP169,DEP05,JL3,114411.0,2,5.9,1
2023-04-01,EMP171,DEP03,JL4,136088.0,4,5.3,1
2023-04-01,EMP172,DEP01,JL4,126275.0,3,2.7,1
2023-04-01,EMP173,DEP01,JL3,107236.0,3,4.2,1
2023-04-01,EMP174,DEP03,JL3,109977.0,4,5.3,1
2023-04-01,EMP175,DEP05,JL3,95574.0,2,4.3,1
2023-04-01,EMP176,DEP05,JL3,103183.0,5,7.7,1
2023-04-01,EMP177,DEP02,JL3,99817.0,3,5.1,1
2023-04-01,EMP178,DEP05,JL3,98978.0,2,3.2,1
2023-04-01,EMP179,DEP06,JL3,92818.0,3,5.2,1
2023-04-01,EMP180,DEP04,JL3,90222.0,4,6.7,1
2023-04-01,EMP183,DEP03,JL5,163696.0,2,2.1,1
2023-04-01,EMP184,DEP07,JL2,64710.0,3,6.0,1
2023-04-01,EMP185,DEP01,JL4,110391.0,2,3.0,1
2023-04-01,EMP188,DEP08,JL4,148069.0,4,6.6,1
2023-04-01,EMP189,DEP08,JL2,64717.0,4,5.1,1
2023-04-01,EMP190,DEP07,JL4,131080.0,3,3.9,1
2023-04-01,EMP191,DEP03,JL4,120820.0,4,7.1,1
2023-04-01,EMP192,DEP04,JL5,175353.0,3,5.0,1
2023-04-01,EMP193,DEP01,JL3,99708.0,2,4.1,1
2023-04-01,EMP194,DEP03,JL3,98191.0,4,6.5,1
2023-04-01,EMP195,DEP01,JL5,177835.0,2,2.8,1
2023-04-01,EMP198,DEP07,JL2,64051.0,3,3.5,1
2023-04-01,EMP199,DEP03,JL4,128694.0,2,2.6,1
2023-04-01,EMP200,DEP01,JL3,107481.0,4,6.2,1
2023-05-01,EMP007,DEP04,JL3,92342.0,3,5.9,1
2023-05-01,EMP008,DEP02,JL5,179591.0,4,5.2,1
2023-05-01,EMP009,DEP05,JL2,61870.0,3,3.4,1
2023-05-01,EMP015,DEP01,JL2,66533.0,4,5.5,1
2023-05-01,EMP017,DEP05,JL5,189002.0,4,6.4,1
2023-05-01,EMP023,DEP04,JL3,98617.0,5,6.2,1
2023-05-01,EMP032,DEP02,JL2,62002.0,4,4.6,1
2023-05-01,EMP035,DEP01,JL2,64320.0,3,6.4,1
2023-05-01,EMP036,DEP08,JL4,129283.0,3,5.1,1
2023-05-01,EMP037,DEP01,JL3,102830.0,3,5.2,1
2023-05-01,EMP038,DEP07,JL4,143033.0,4,5.4,1
2023-05-01,EMP039,DEP07,JL3,88784.0,3,5.8,1
2023-05-01,EMP043,DEP01,JL4,129856.0,5,8.8,1
2023-05-01,EMP044,DEP03,JL5,187351.0,2,3.2,1
2023-05-01,EMP050,DEP02,JL2,68585.0,5,7.0,1
2023-05-01,EMP054,DEP05,JL3,93818.0,4,7.4,1
2023-05-01,EMP055,DEP04,JL3,92221.0,4,6.3,1
2023-05-01,EMP056,DEP02,JL3,106551.0,4,6.1,1
2023-05-01,EMP058,DEP02,JL4,137794.0,1,1.3,1
2023-05-01,EMP061,DEP01,JL5,201238.0,4,3.3,1
2023-05-01,EMP062,DEP01,JL3,87671.0,5,6.7,1
2023-05-01,EMP063,DEP04,JL5,200258.0,4,6.9,1
2023-05-01,EMP064,DEP04,JL4,120578.0,4,3.5,1
2023-05-01,EMP065,DEP05,JL2,77819.0,3,6.7,1
2023-05-01,EMP066,DEP07,JL3,96634.0,3,5.4,1
2023-05-01,EMP068,DEP03,JL3,91223.0,5,7.6,1
2023-05-01,EMP069,DEP06,JL3,98069.0,4,4.2,1
2023-05-01,EMP070,DEP01,JL4,136010.0,2,1.8,1
2023-05-01,EMP071,DEP03,JL3,102033.0,4,7.9,1
2023-05-01,EMP072,DEP01,JL2,61682.0,4,6.8,1
2023-05-01,EMP073,DEP06,JL3,105162.0,4,5.9,1
2023-05-01,EMP075,DEP07,JL3,87907.0,3,4.1,1
2023-05-01,EMP076,DEP05,JL5,181154.0,4,5.6,1
2023-05-01,EMP077,DEP08,JL3,100941.0,3,4.2,1
2023-05-01,EMP079,DEP01,JL3,112823.0,3,5.3,1
2023-05-01,EMP080,DEP01,JL3,97402.0,3,4.7,1
2023-05-01,EMP081,DEP01,JL3,98113.0,4,9.5,1
2023-05-01,EMP082,DEP07,JL4,129599.0,4,5.0,1
2023-05-01,EMP083,DEP07,JL2,69184.0,4,6.6,1
2023-05-01,EMP084,DEP04,JL4,126639.0,5,8.6,1
2023-05-01,EMP085,DEP04,JL3,93209.0,2,4.5,1
2023-05-01,EMP086,DEP02,JL2,66524.0,5,7.8,1
2023-05-01,EMP088,DEP03,JL3,98477.0,4,6.7,1
2023-05-01,EMP089,DEP03,JL4,139260.0,5,8.9,1
2023-05-01,EMP090,DEP04,JL3,111418.0,4,4.7,1
2023-05-01,EMP092,DEP02,JL3,95765.0,5,8.7,1
2023-05-01,EMP093,DEP03,JL4,133806.0,5,8.5,1
2023-05-01,EMP095,DEP04,JL2,64396.0,5,7.9,1
2023-05-01,EMP096,DEP07,JL3,111122.0,3,5.6,1
2023-05-01,EMP097,DEP08,JL4,138395.0,5,6.7,1
2023-05-01,EMP100,DEP02,JL4,123860.0,3,4.7,1
2023-05-01,EMP101,DEP03,JL4,136703.0,3,6.1,1
2023-05-01,EMP103,DEP03,JL4,137526.0,4,6.9,1
2023-05-01,EMP104,DEP01,JL1,44083.0,2,4.5,1
2023-05-01,EMP105,DEP04,JL3,102339.0,3,5.2,1
2023-05-01,EMP107,DEP07,JL4,115828.0,4,6.5,1
2023-05-01,EMP109,DEP04,JL3,98465.0,4,7.6,1
2023-05-01,EMP110,DEP04,JL4,132318.0,3,4.1,1
2023-05-01,EMP111,DEP08,JL2,57005.0,4,6.9,1
2023-05-01,EMP113,DEP01,JL3,98915.0,3,4.6,1
2023-05-01,EMP114,DEP03,JL1,47199.0,4,7.3,1
2023-05-01,EMP115,DEP04,JL2,69758.0,3,3.5,1
2023-05-01,EMP116,DEP05,JL3,106136.0,4,6.9,1
2023-05-01,EMP117,DEP03,JL4,127763.0,3,4.1,1
2023-05-01,EMP118,DEP01,JL3,93310.0,3,4.7,1
2023-05-01,EMP119,DEP01,JL4,136564.0,2,3.8,1
2023-05-01,EMP121,DEP03,JL3,101569.0,3,5.6,1
2023-05-01,EMP122,DEP04,JL5,172333.0,4,5.5,1
2023-05-01,EMP123,DEP01,JL4,135448.0,5,7.9,1
2023-05-01,EMP125,DEP03,JL3,102485.0,5,5.3,1
2023-05-01,EMP126,DEP04,JL3,92578.0,3,6.0,1
2023-05-01,EMP127,DEP03,JL5,162712.0,4,4.1,1
2023-05-01,EMP128,DEP04,JL3,91518.0,4,5.9,1
2023-05-01,EMP129,DEP04,JL4,128109.0,3,4.6,1
2023-05-01,EMP130,DEP01,JL4,122523.0,4,5.8,1
2023-05-01,EMP131,DEP06,JL3,100192.0,3,5.0,1
2023-05-01,EMP132,DEP01,JL3,93945.0,4,7.4,1
2023-05-01,EMP133,DEP01,JL4,149650.0,2,4.6,1
2023-05-01,EMP135,DEP06,JL3,97786.0,4,5.8,1
2023-05-01,EMP137,DEP01,JL3,97885.0,3,4.2,1
2023-05-01,EMP138,DEP01,JL4,123711.0,4,8.4,1
2023-05-01,EMP140,DEP03,JL3,103024.0,5,6.7,1
2023-05-01,EMP142,DEP02,JL3,105205.0,3,5.3,1
2023-05-01,EMP143,DEP02,JL3,107780.0,3,4.5,1
2023-05-01,EMP144,DEP04,JL4,138122.0,4,7.6,1
2023-05-01,EMP146,DEP08,JL3,101660.0,1,1.4,1
2023-05-01,EMP147,DEP04,JL5,182880.0,3,3.8,1
2023-05-01,EMP148,DEP01,JL3,100016.0,2,1.0,1
2023-05-01,EMP150,DEP03,JL4,131812.0,3,5.0,1
2023-05-01,EMP151,DEP01,JL4,128535.0,2,2.7,1
2023-05-01,EMP152,DEP04,JL4,124486.0,4,7.7,1
2023-05-01,EMP154,DEP08,JL4,123050.0,4,6.5,1
2023-05-01,EMP157,DEP06,JL4,123219.0,5,9.2,1
2023-05-01,EMP158,DEP04,JL3,100685.0,4,5.2,1
2023-05-01,EMP159,DEP03,JL4,119898.0,4,5.6,1
2023-05-01,EMP160,DEP08,JL4,138270.0,4,5.9,1
2023-05-01,EMP161,DEP06,JL3,103281.0,3,6.5,1
2023-05-01,EMP162,DEP02,JL2,63797.0,4,6.7,1
2023-05-01,EMP163,DEP01,JL4,129464.0,1,2.6,1
2023-05-01,EMP165,DEP07,JL5,204305.0,3,6.4,1
2023-05-01,EMP166,DEP05,JL2,54549.0,3,2.8,1
2023-05-01,EMP167,DEP04,JL4,130131.0,3,5.2,1
2023-05-01,EMP168,DEP02,JL4,128034.0,3,2.9,1
2023-05-01,EMP169,DEP05,JL3,95797.0,2,2.9,1
2023-05-01,EMP171,DEP03,JL4,144461.0,4,7.8,1
2023-05-01,EMP172,DEP01,JL4,134978.0,3,2.4,1
2023-05-01,EMP173,DEP01,JL3,113043.0,4,4.1,1
2023-05-01,EMP174,DEP03,JL3,116785.0,4,5.8,1
2023-05-01,EMP175,DEP05,JL3,98004.0,3,5.5,1
2023-05-01,EMP176,DEP05,JL3,95031.0,5,8.0,1
2023-05-01,EMP177,DEP02,JL3,99786.0,3,4.2,1
2023-05-01,EMP178,DEP05,JL3,107498.0,4,5.2,1
2023-05-01,EMP179,DEP06,JL3,98916.0,5,9.0,1
2023-05-01,EMP180,DEP04,JL3,96740.0,4,5.0,1
2023-05-01,EMP183,DEP03,JL5,181440.0,4,6.9,1
2023-05-01,EMP184,DEP07,JL2,64546.0,5,8.6,1
2023-05-01,EMP185,DEP01,JL4,110035.0,3,5.6,1
2023-05-01,EMP188,DEP08,JL4,141580.0,3,3.4,1
2023-05-01,EMP189,DEP08,JL2,62228.0,3,5.2,1
2023-05-01,EMP190,DEP07,JL4,121590.0,3,4.7,1
2023-05-01,EMP191,DEP03,JL4,139345.0,5,8.4,1
2023-05-01,EMP192,DEP04,JL5,198980.0,5,6.5,1
2023-05-01,EMP193,DEP01,JL3,104962.0,4,6.1,1
2023-05-01,EMP194,DEP03,JL3,92547.0,5,6.9,1
2023-05-01,EMP195,DEP01,JL5,216188.0,3,3.8,1
2023-05-01,EMP198,DEP07,JL2,62724.0,3,3.0,1
2023-05-01,EMP199,DEP03,JL4,127281.0,4,3.9,1
2023-05-01,EMP200,DEP01,JL3,104098.0,5,6.6,1
2023-06-01,EMP007,DEP04,JL3,102590.0,4,5.6,1
2023-06-01,EMP008,DEP02,JL5,175370.0,4,4.9,1
2023-06-01,EMP014,DEP08,JL2,63341.0,3,3.0,1
2023-06-01,EMP015,DEP01,JL2,67477.0,4,5.7,1
2023-06-01,EMP017,DEP05,JL5,184680.0,5,7.3,1
2023-06-01,EMP023,DEP04,JL3,92735.0,4,7.2,1
2023-06-01,EMP032,DEP02,JL2,64357.0,1,2.6,1
2023-06-01,EMP035,DEP01,JL2,64099.0,4,5.6,1
2023-06-01,EMP036,DEP08,JL4,114181.0,3,3.4,1
2023-06-01,EMP037,DEP01,JL3,82665.0,4,5.6,1
2023-06-01,EMP038,DEP07,JL4,135289.0,4,7.5,1
2023-06-01,EMP039,DEP07,JL3,86979.0,4,7.6,1
2023-06-01,EMP043,DEP01,JL4,112671.0,2,4.4,1
2023-06-01,EMP044,DEP03,JL5,155906.0,3,4.8,1
2023-06-01,EMP050,DEP02,JL2,69373.0,3,4.1,1
2023-06-01,EMP054,DEP05,JL3,100922.0,5,7.7,1
2023-06-01,EMP055,DEP04,JL3,113983.0,4,6.9,1
2023-06-01,EMP056,DEP02,JL3,109809.0,3,5.0,1
2023-06-01,EMP058,DEP02,JL4,138842.0,1,1.0,1
2023-06-01,EMP061,DEP01,JL5,180227.0,5,6.9,1
2023-06-01,EMP062,DEP01,JL3,98213.0,4,1.9,1
2023-06-01,EMP063,DEP04,JL5,210381.0,4,5.2,1
2023-06-01,EMP064,DEP04,JL4,133722.0,4,5.8,1
2023-06-01,EMP065,DEP05,JL2,59042.0,3,3.1,1
2023-06-01,EMP066,DEP07,JL3,90693.0,2,4.5,1
2023-06-01,EMP068,DEP03,JL3,92944.0,4,6.2,1
2023-06-01,EMP069,DEP06,JL3,110276.0,2,4.5,1
2023-06-01,EMP070,DEP01,JL4,123703.0,3,5.7,1
2023-06-01,EMP071,DEP03,JL3,91438.0,4,6.1,1
2023-06-01,EMP072,DEP01,JL2,54757.0,3,4.4,1
2023-06-01,EMP073,DEP06,JL3,110946.0,3,2.2,1
2023-06-01,EMP075,DEP07,JL3,101125.0,3,3.6,1
2023-06-01,EMP076,DEP05,JL5,185480.0,3,4.7,1
2023-06-01,EMP077,DEP08,JL3,92815.0,3,4.7,1
2023-06-01,EMP079,DEP01,JL3,97180.0,3,6.3,1
2023-06-01,EMP080,DEP01,JL3,90758.0,4,5.5,1
2023-06-01,EMP081,DEP01,JL3,101647.0,4,7.1,1
2023-06-01,EMP082,DEP07,JL4,139976.0,5,6.0,1
2023-06-01,EMP083,DEP07,JL2,66262.0,5,8.9,1
2023-06-01,EMP084,DEP04,JL4,138237.0,4,4.9,1
2023-06-01,EMP085,DEP04,JL3,95157.0,4,7.5,1
2023-06-01,EMP086,DEP02,JL2,68489.0,4,6.3,1
2023-06-01,EMP088,DEP03,JL3,118845.0,4,7.1,1
2023-06-01,EMP089,DEP03,JL4,139990.0,4,5.1,1
2023-06-01,EMP090,DEP04,JL3,83397.0,4,7.3,1
2023-06-01,EMP092,DEP02,JL3,104270.0,4,6.4,1
2023-06-01,EMP093,DEP03,JL4,134655.0,3,5.5,1
2023-06-01,EMP095,DEP04,JL2,71115.0,5,7.7,1
2023-06-01,EMP096,DEP07,JL3,118134.0,3,4.6,1
2023-06-01,EMP097,DEP08,JL4,136854.0,5,6.7,1
2023-06-01,EMP100,DEP02,JL4,135239.0,3,2.8,1
2023-06-01,EMP101,DEP03,JL4,138528.0,4,5.3,1
2023-06-01,EMP103,DEP03,JL4,134458.0,3,7.5,1
2023-06-01,EMP104,DEP01,JL1,43319.0,4,8.0,1
2023-06-01,EMP105,DEP04,JL3,99719.0,2,3.3,1
2023-06-01,EMP107,DEP07,JL4,105959.0,3,5.8,1
2023-06-01,EMP109,DEP04,JL3,90123.0,5,5.3,1
2023-06-01,EMP110,DEP04,JL4,135402.0,3,3.5,1
2023-06-01,EMP111,DEP08,JL2,73583.0,3,5.0,1
2023-06-01,EMP113,DEP01,JL3,98894.0,1,2.8,1
2023-06-01,EMP114,DEP03,JL1,48885.0,5,9.5,1
2023-06-01,EMP115,DEP04,JL2,62691.0,4,6.9,1
2023-06-01,EMP116,DEP05,JL3,89578.0,5,9.3,1
2023-06-01,EMP117,DEP03,JL4,122576.0,4,7.8,1
2023-06-01,EMP118,DEP01,JL3,96572.0,4,5.1,1
2023-06-01,EMP119,DEP01,JL4,129159.0,3,3.4,1
2023-06-01,EMP121,DEP03,JL3,109185.0,3,6.1,1
2023-06-01,EMP122,DEP04,JL5,160335.0,4,3.7,1
2023-06-01,EMP123,DEP01,JL4,138645.0,3,3.9,1
2023-06-01,EMP125,DEP03,JL3,99374.0,4,5.9,1
2023-06-01,EMP126,DEP04,JL3,98304.0,4,5.5,1
2023-06-01,EMP127,DEP03,JL5,216577.0,4,4.3,1
2023-06-01,EMP128,DEP04,JL3,88344.0,4,5.4,1
2023-06-01,EMP129,DEP04,JL4,127797.0,3,5.0,1
2023-06-01,EMP130,DEP01,JL4,132382.0,3,5.2,1
2023-06-01,EMP131,DEP06,JL3,104369.0,5,10.0,1
2023-06-01,EMP132,DEP01,JL3,99564.0,2,2.5,1
2023-06-01,EMP133,DEP01,JL4,126273.0,3,4.8,1
2023-06-01,EMP135,DEP06,JL3,105519.0,4,6.2,1
2023-06-01,EMP137,DEP01,JL3,106682.0,3,3.5,1
2023-06-01,EMP138,DEP01,JL4,120326.0,3,4.7,1
2023-06-01,EMP140,DEP03,JL3,92354.0,5,9.3,1
2023-06-01,EMP142,DEP02,JL3,96874.0,4,4.9,1
2023-06-01,EMP143,DEP02,JL3,104562.0,3,4.7,1
2023-06-01,EMP144,DEP04,JL4,128066.0,3,4.4,1
2023-06-01,EMP146,DEP08,JL3,102910.0,3,5.1,1
2023-06-01,EMP147,DEP04,JL5,199278.0,4,3.8,1
2023-06-01,EMP148,DEP01,JL3,113788.0,3,4.0,1
2023-06-01,EMP150,DEP03,JL4,135732.0,2,2.3,1
2023-06-01,EMP151,DEP01,JL4,119066.0,3,4.3,1
2023-06-01,EMP152,DEP04,JL4,121305.0,3,3.7,1
2023-06-01,EMP154,DEP08,JL4,116899.0,3,3.2,1
2023-06-01,EMP157,DEP06,JL4,142799.0,3,6.5,1
2023-06-01,EMP158,DEP04,JL3,99189.0,5,8.5,1
2023-06-01,EMP159,DEP03,JL4,136858.0,4,4.4,1
2023-06-01,EMP160,DEP08,JL4,117516.0,4,5.1,1
2023-06-01,EMP161,DEP06,JL3,100303.0,2,2.2,1
2023-06-01,EMP162,DEP02,JL2,60536.0,5,7.3,1
2023-06-01,EMP163,DEP01,JL4,124976.0,4,4.6,1
2023-06-01,EMP165,DEP07,JL5,174945.0,4,3.8,1
2023-06-01,EMP166,DEP05,JL2,71050.0,4,6.5,1
2023-06-01,EMP167,DEP04,JL4,127673.0,4,6.9,1
2023-06-01,EMP168,DEP02,JL4,131096.0,4,5.2,1
2023-06-01,EMP169,DEP05,JL3,92795.0,2,2.4,1
2023-06-01,EMP171,DEP03,JL4,141224.0,4,6.8,1
2023-06-01,EMP172,DEP01,JL4,125432.0,3,6.8,1
2023-06-01,EMP173,DEP01,JL3,101118.0,3,5.5,1
2023-06-01,EMP174,DEP03,JL3,109730.0,2,4.5,1
2023-06-01,EMP175,DEP05,JL3,102353.0,3,3.7,1
2023-06-01,EMP176,DEP05,JL3,99592.0,5,8.8,1
2023-06-01,EMP177,DEP02,JL3,100880.0,2,2.4,1
2023-06-01,EMP178,DEP05,JL3,101283.0,3,6.0,1
2023-06-01,EMP179,DEP06,JL3,83969.0,4,4.6,1
2023-06-01,EMP180,DEP04,JL3,94658.0,4,6.4,1
2023-06-01,EMP183,DEP03,JL5,177623.0,5,6.4,1
2023-06-01,EMP184,DEP07,JL2,62191.0,4,3.1,1
2023-06-01,EMP185,DEP01,JL4,129986.0,4,6.9,1
2023-06-01,EMP188,DEP08,JL4,129880.0,3,3.8,1
2023-06-01,EMP189,DEP08,JL2,63577.0,2,3.6,1
2023-06-01,EMP190,DEP07,JL4,132262.0,2,4.2,1
2023-06-01,EMP191,DEP03,JL4,150099.0,4,6.6,1
2023-06-01,EMP192,DEP04,JL5,165487.0,4,4.4,1
2023-06-01,EMP193,DEP01,JL3,103746.0,4,6.6,1
2023-06-01,EMP194,DEP03,JL3,94436.0,3,5.0,1
2023-06-01,EMP195,DEP01,JL5,205188.0,2,1.0,1
2023-06-01,EMP198,DEP07,JL2,72403.0,5,6.4,1
2023-06-01,EMP199,DEP03,JL4,126946.0,4,6.7,1
2023-06-01,EMP200,DEP01,JL3,100432.0,5,4.5,1
2023-07-01,EMP007,DEP04,JL3,89015.0,1,1.0,1
2023-07-01,EMP008,DEP02,JL5,165507.0,3,4.9,1
2023-07-01,EMP013,DEP02,JL2,62593.0,3,5.4,1
2023-07-01,EMP014,DEP08,JL2,68997.0,4,5.3,1
2023-07-01,EMP015,DEP01,JL2,66108.0,3,4.0,1
2023-07-01,EMP017,DEP05,JL5,180984.0,4,4.5,1
2023-07-01,EMP023,DEP04,JL3,97514.0,3,4.8,1
2023-07-01,EMP034,DEP08,JL1,47066.0,3,6.6,1
2023-07-01,EMP035,DEP01,JL2,70404.0,3,3.7,1
2023-07-01,EMP036,DEP08,JL4,140028.0,4,4.7,1
2023-07-01,EMP038,DEP07,JL4,146035.0,5,6.0,1
2023-07-01,EMP039,DEP07,JL3,89704.0,3,4.5,1
2023-07-01,EMP043,DEP01,JL4,122039.0,4,5.1,1
2023-07-01,EMP044,DEP03,JL5,186019.0,3,3.6,1
2023-07-01,EMP050,DEP02,JL2,70080.0,3,5.2,1
2023-07-01,EMP054,DEP05,JL3,107140.0,3,4.7,1
2023-07-01,EMP055,DEP04,JL3,98260.0,3,3.1,1
2023-07-01,EMP056,DEP02,JL3,97881.0,5,8.3,1
2023-07-01,EMP058,DEP02,JL4,137341.0,4,5.1,1
2023-07-01,EMP061,DEP01,JL5,175619.0,3,2.3,1
2023-07-01,EMP062,DEP01,JL3,99220.0,4,5.4,1
2023-07-01,EMP063,DEP04,JL5,177123.0,3,3.4,1
2023-07-01,EMP064,DEP04,JL4,133536.0,3,4.9,1
2023-07-01,EMP065,DEP05,JL2,57863.0,5,6.9,1
2023-07-01,EMP066,DEP07,JL3,93844.0,4,6.8,1
2023-07-01,EMP068,DEP03,JL3,89201.0,4,3.4,1
2023-07-01,EMP069,DEP06,JL3,97469.0,4,6.1,1
2023-07-01,EMP070,DEP01,JL4,123735.0,3,5.8,1
2023-07-01,EMP071,DEP03,JL3,101664.0,3,5.2,1
2023-07-01,EMP072,DEP01,JL2,67026.0,4,6.4,1
2023-07-01,EMP073,DEP06,JL3,105084.0,5,7.9,1
2023-07-01,EMP075,DEP07,JL3,80299.0,4,5.9,1
2023-07-01,EMP076,DEP05,JL5,186779.0,3,4.4,1
2023-07-01,EMP077,DEP08,JL3,88919.0,4,3.0,1
2023-07-01,EMP079,DEP01,JL3,108333.0,3,4.2,1
2023-07-01,EMP080,DEP01,JL3,88519.0,2,2.1,1
2023-07-01,EMP081,DEP01,JL3,95922.0,1,1.0,1
2023-07-01,EMP082,DEP07,JL4,136083.0,4,6.4,1
2023-07-01,EMP083,DEP07,JL2,72584.0,3,4.4,1
2023-07-01,EMP084,DEP04,JL4,127471.0,5,7.5,1
2023-07-01,EMP085,DEP04,JL3,82653.0,4,3.9,1
2023-07-01,EMP086,DEP02,JL2,71537.0,4,7.6,1
2023-07-01,EMP088,DEP03,JL3,103390.0,2,3.9,1
2023-07-01,EMP089,DEP03,JL4,137377.0,3,3.7,1
2023-07-01,EMP090,DEP04,JL3,113763.0,5,6.1,1
2023-07-01,EMP092,DEP02,JL3,104570.0,3,3.0,1
2023-07-01,EMP093,DEP03,JL4,136707.0,3,3.1,1
2023-07-01,EMP095,DEP04,JL2,64398.0,4,7.3,1
2023-07-01,EMP096,DEP07,JL3,105416.0,3,3.9,1
2023-07-01,EMP097,DEP08,JL4,142079.0,3,4.3,1
2023-07-01,EMP100,DEP02,JL4,137019.0,3,4.5,1
2023-07-01,EMP101,DEP03,JL4,137072.0,4,6.3,1
2023-07-01,EMP103,DEP03,JL4,132773.0,3,1.3,1
2023-07-01,EMP104,DEP01,JL1,44823.0,4,5.1,1
2023-07-01,EMP105,DEP04,JL3,87661.0,4,5.5,1
2023-07-01,EMP107,DEP07,JL4,134645.0,3,5.6,1
2023-07-01,EMP109,DEP04,JL3,93060.0,2,4.4,1
2023-07-01,EMP110,DEP04,JL4,121908.0,3,5.5,1
2023-07-01,EMP111,DEP08,JL2,67257.0,3,4.4,1
2023-07-01,EMP113,DEP01,JL3,101917.0,5,5.4,1
2023-07-01,EMP114,DEP03,JL1,46224.0,4,6.9,1
2023-07-01,EMP115,DEP04,JL2,70745.0,3,5.9,1
2023-07-01,EMP116,DEP05,JL3,89270.0,4,5.5,1
2023-07-01,EMP117,DEP03,JL4,132293.0,1,1.3,1
2023-07-01,EMP118,DEP01,JL3,103198.0,4,6.3,1
2023-07-01,EMP119,DEP01,JL4,132100.0,4,6.8,1
2023-07-01,EMP120,DEP04,JL3,85372.0,4,4.4,1
2023-07-01,EMP121,DEP03,JL3,99380.0,5,9.1,1
2023-07-01,EMP122,DEP04,JL5,183038.0,4,5.9,1
2023-07-01,EMP123,DEP01,JL4,129952.0,4,6.3,1
2023-07-01,EMP125,DEP03,JL3,101696.0,4,7.5,1
2023-07-01,EMP126,DEP04,JL3,101486.0,5,6.7,1
2023-07-01,EMP127,DEP03,JL5,179185.0,2,1.1,1
2023-07-01,EMP128,DEP04,JL3,95192.0,2,2.9,1
2023-07-01,EMP129,DEP04,JL4,125674.0,4,6.8,1
2023-07-01,EMP130,DEP01,JL4,125286.0,4,4.0,1
2023-07-01,EMP131,DEP06,JL3,95853.0,4,5.9,1
2023-07-01,EMP132,DEP01,JL3,88954.0,4,8.4,1
2023-07-01,EMP133,DEP01,JL4,140046.0,4,6.4,1
2023-07-01,EMP134,DEP02,JL3,91268.0,3,4.3,1
2023-07-01,EMP135,DEP06,JL3,92881.0,4,6.4,1
2023-07-01,EMP136,DEP06,JL2,60265.0,4,7.1,1
2023-07-01,EMP137,DEP01,JL3,109247.0,2,3.0,1
2023-07-01,EMP138,DEP01,JL4,130677.0,4,7.0,1
2023-07-01,EMP140,DEP03,JL3,102346.0,5,6.8,1
2023-07-01,EMP142,DEP02,JL3,111265.0,4,7.1,1
2023-07-01,EMP143,DEP02,JL3,94917.0,4,6.3,1
2023-07-01,EMP144,DEP04,JL4,126529.0,4,4.7,1
2023-07-01,EMP146,DEP08,JL3,98968.0,3,6.2,1
2023-07-01,EMP147,DEP04,JL5,186272.0,2,1.9,1
2023-07-01,EMP148,DEP01,JL3,95520.0,4,6.5,1
2023-07-01,EMP150,DEP03,JL4,123904.0,4,5.6,1
2023-07-01,EMP151,DEP01,JL4,117536.0,4,8.0,1
2023-07-01,EMP152,DEP04,JL4,139112.0,5,7.6,1
2023-07-01,EMP154,DEP08,JL4,128621.0,4,4.8,1
2023-07-01,EMP157,DEP06,JL4,129368.0,4,4.7,1
2023-07-01,EMP158,DEP04,JL3,109047.0,3,4.1,1
2023-07-01,EMP159,DEP03,JL4,135925.0,3,4.4,1
2023-07-01,EMP160,DEP08,JL4,123820.0,4,9.1,1
2023-07-01,EMP161,DEP06,JL3,111344.0,2,2.5,1
2023-07-01,EMP162,DEP02,JL2,68926.0,3,5.3,1
2023-07-01,EMP163,DEP01,JL4,141542.0,4,5.5,1
2023-07-01,EMP164,DEP05,JL3,91357.0,4,4.7,1
2023-07-01,EMP165,DEP07,JL5,190960.0,4,7.4,1
2023-07-01,EMP166,DEP05,JL2,61228.0,5,6.1,1
2023-07-01,EMP167,DEP04,JL4,135447.0,1,1.0,1
2023-07-01,EMP168,DEP02,JL4,128970.0,5,7.0,1
2023-07-01,EMP169,DEP05,JL3,111848.0,4,7.1,1
2023-07-01,EMP171,DEP03,JL4,134536.0,4,5.6,1
2023-07-01,EMP172,DEP01,JL4,128070.0,4,5.2,1
2023-07-01,EMP173,DEP01,JL3,100494.0,3,6.5,1
2023-07-01,EMP174,DEP03,JL3,113378.0,3,5.0,1
2023-07-01,EMP175,DEP05,JL3,103867.0,1,2.3,1
2023-07-01,EMP176,DEP05,JL3,93746.0,3,5.8,1
2023-07-01,EMP177,DEP02,JL3,92280.0,2,5.5,1
2023-07-01,EMP178,DEP05,JL3,115437.0,3,3.4,1
2023-07-01,EMP179,DEP06,JL3,95857.0,5,6.9,1
2023-07-01,EMP180,DEP04,JL3,89571.0,4,5.7,1
2023-07-01,EMP183,DEP03,JL5,183672.0,3,4.4,1
2023-07-01,EMP184,DEP07,JL2,59904.0,4,4.0,1
2023-07-01,EMP185,DEP01,JL4,139472.0,4,5.6,1
2023-07-01,EMP188,DEP08,JL4,138925.0,3,5.0,1
2023-07-01,EMP189,DEP08,JL2,65903.0,3,4.8,1
2023-07-01,EMP190,DEP07,JL4,135355.0,4,7.0,1
2023-07-01,EMP191,DEP03,JL4,141336.0,4,5.4,1
2023-07-01,EMP192,DEP04,JL5,190701.0,4,8.7,1
2023-07-01,EMP193,DEP01,JL3,103294.0,4,6.0,1
2023-07-01,EMP194,DEP03,JL3,93352.0,2,4.5,1
2023-07-01,EMP195,DEP01,JL5,163224.0,3,5.2,1
2023-07-01,EMP198,DEP07,JL2,68518.0,3,5.3,1
2023-07-01,EMP199,DEP03,JL4,128261.0,5,6.9,1
2023-07-01,EMP200,DEP01,JL3,101878.0,4,7.8,1
2023-08-01,EMP007,DEP04,JL3,97024.0,2,3.2,1
2023-08-01,EMP008,DEP02,JL5,180403.0,5,7.6,1
2023-08-01,EMP013,DEP02,JL2,62919.0,5,6.9,1
2023-08-01,EMP014,DEP08,JL2,65674.0,3,4.3,1
2023-08-01,EMP015,DEP01,JL2,67000.0,2,1.9,1
2023-08-01,EMP017,DEP05,JL5,180202.0,4,7.0,1
2023-08-01,EMP023,DEP04,JL3,100823.0,3,2.9,1
2023-08-01,EMP026,DEP01,JL2,71287.0,4,6.5,1
2023-08-01,EMP034,DEP08,JL1,45006.0,4,6.2,1
2023-08-01,EMP035,DEP01,JL2,61004.0,3,4.6,1
2023-08-01,EMP036,DEP08,JL4,135060.0,3,3.7,1
2023-08-01,EMP038,DEP07,JL4,142625.0,4,8.1,1
2023-08-01,EMP039,DEP07,JL3,97475.0,3,3.4,1
2023-08-01,EMP041,DEP01,JL1,41821.0,4,6.8,1
2023-08-01,EMP043,DEP01,JL4,126279.0,3,6.2,1
2023-08-01,EMP044,DEP03,JL5,190317.0,4,6.5,1
2023-08-01,EMP050,DEP02,JL2,54754.0,3,3.3,1
2023-08-01,EMP054,DEP05,JL3,98533.0,5,6.6,1
2023-08-01,EMP055,DEP04,JL3,106454.0,4,6.5,1
2023-08-01,EMP056,DEP02,JL3,99569.0,4,7.1,1
2023-08-01,EMP058,DEP02,JL4,128056.0,3,4.7,1
2023-08-01,EMP061,DEP01,JL5,191289.0,4,7.5,1
2023-08-01,EMP062,DEP01,JL3,96623.0,5,7.6,1
2023-08-01,EMP063,DEP04,JL5,196423.0,3,4.6,1
2023-08-01,EMP064,DEP04,JL4,129703.0,5,7.5,1
2023-08-01,EMP065,DEP05,JL2,63435.0,2,2.4,1
2023-08-01,EMP066,DEP07,JL3,92997.0,3,4.3,1
2023-08-01,EMP068,DEP03,JL3,96920.0,4,6.1,1
2023-08-01,EMP069,DEP06,JL3,100569.0,3,6.1,1
2023-08-01,EMP070,DEP01,JL4,126348.0,3,1.9,1
2023-08-01,EMP071,DEP03,JL3,100157.0,3,4.6,1
2023-08-01,EMP072,DEP01,JL2,57612.0,5,7.8,1
2023-08-01,EMP073,DEP06,JL3,87295.0,1,4.0,1
2023-08-01,EMP075,DEP07,JL3,100802.0,3,5.9,1
2023-08-01,EMP076,DEP05,JL5,169472.0,3,4.8,1
2023-08-01,EMP077,DEP08,JL3,90447.0,5,7.8,1
2023-08-01,EMP079,DEP01,JL3,107564.0,3,4.7,1
2023-08-01,EMP080,DEP01,JL3,102270.0,4,5.9,1
2023-08-01,EMP081,DEP01,JL3,91989.0,4,4.9,1
2023-08-01,EMP082,DEP07,JL4,133784.0,4,6.1,1
2023-08-01,EMP083,DEP07,JL2,58534.0,3,3.7,1
2023-08-01,EMP084,DEP04,JL4,137670.0,3,6.4,1
2023-08-01,EMP085,DEP04,JL3,91506.0,4,7.2,1
2023-08-01,EMP086,DEP02,JL2,71268.0,4,7.1,1
2023-08-01,EMP088,DEP03,JL3,117579.0,3,4.3,1
2023-08-01,EMP089,DEP03,JL4,138626.0,3,4.9,1
2023-08-01,EMP090,DEP04,JL3,117080.0,5,7.7,1
2023-08-01,EMP092,DEP02,JL3,105007.0,3,5.8,1
2023-08-01,EMP093,DEP03,JL4,143856.0,4,7.0,1
2023-08-01,EMP095,DEP04,JL2,66512.0,3,4.0,1
2023-08-01,EMP096,DEP07,JL3,98991.0,5,7.4,1
2023-08-01,EMP097,DEP08,JL4,127008.0,4,6.5,1
2023-08-01,EMP100,DEP02,JL4,124515.0,4,6.3,1
2023-08-01,EMP101,DEP03,JL4,123118.0,4,4.9,1
2023-08-01,EMP103,DEP03,JL4,142624.0,4,7.1,1
2023-08-01,EMP104,DEP01,JL1,44065.0,2,2.5,1
2023-08-01,EMP105,DEP04,JL3,95589.0,3,5.4,1
2023-08-01,EMP107,DEP07,JL4,122564.0,3,3.9,1
2023-08-01,EMP109,DEP04,JL3,100846.0,4,6.3,1
2023-08-01,EMP110,DEP04,JL4,123420.0,3,6.1,1
2023-08-01,EMP111,DEP08,JL2,74583.0,1,2.7,1
2023-08-01,EMP113,DEP01,JL3,95836.0,2,2.7,1
2023-08-01,EMP114,DEP03,JL1,42731.0,1,2.7,1
2023-08-01,EMP115,DEP04,JL2,59750.0,3,4.4,1
2023-08-01,EMP116,DEP05,JL3,97926.0,2,2.9,1
2023-08-01,EMP117,DEP03,JL4,131027.0,2,1.0,1
2023-08-01,EMP118,DEP01,JL3,115590.0,3,4.1,1
2023-08-01,EMP119,DEP01,JL4,129692.0,4,4.1,1
2023-08-01,EMP120,DEP04,JL3,83837.0,3,4.7,1
2023-08-01,EMP121,DEP03,JL3,94797.0,1,1.0,1
2023-08-01,EMP122,DEP04,JL5,191463.0,5,8.8,1
2023-08-01,EMP123,DEP01,JL4,133936.0,5,8.0,1
2023-08-01,EMP125,DEP03,JL3,103974.0,3,2.9,1
2023-08-01,EMP126,DEP04,JL3,100850.0,4,5.3,1
2023-08-01,EMP127,DEP03,JL5,161336.0,4,8.7,1
2023-08-01,EMP128,DEP04,JL3,90687.0,4,8.2,1
2023-08-01,EMP129,DEP04,JL4,118651.0,5,8.9,1
2023-08-01,EMP130,DEP01,JL4,133987.0,2,1.3,1
2023-08-01,EMP131,DEP06,JL3,96114.0,4,4.7,1
2023-08-01,EMP132,DEP01,JL3,93422.0,4,5.7,1
2023-08-01,EMP133,DEP01,JL4,122715.0,3,6.5,1
2023-08-01,EMP134,DEP02,JL3,93622.0,1,1.5,1
2023-08-01,EMP135,DEP06,JL3,87288.0,3,6.1,1
2023-08-01,EMP136,DEP06,JL2,65342.0,3,4.8,1
2023-08-01,EMP137,DEP01,JL3,106337.0,4,4.7,1
2023-08-01,EMP138,DEP01,JL4,130460.0,4,5.5,1
2023-08-01,EMP140,DEP03,JL3,99324.0,4,3.7,1
2023-08-01,EMP142,DEP02,JL3,105900.0,3,3.7,1
2023-08-01,EMP143,DEP02,JL3,107770.0,3,5.5,1
2023-08-01,EMP144,DEP04,JL4,123077.0,4,5.2,1
2023-08-01,EMP146,DEP08,JL3,102453.0,4,5.8,1
2023-08-01,EMP147,DEP04,JL5,190917.0,3,4.7,1
2023-08-01,EMP148,DEP01,JL3,100948.0,4,6.7,1
2023-08-01,EMP150,DEP03,JL4,127287.0,3,7.0,1
2023-08-01,EMP151,DEP01,JL4,128848.0,4,6.9,1
2023-08-01,EMP152,DEP04,JL4,138926.0,3,4.9,1
2023-08-01,EMP154,DEP08,JL4,123246.0,4,4.4,1
2023-08-01,EMP157,DEP06,JL4,148465.0,3,2.7,1
2023-08-01,EMP158,DEP04,JL3,92748.0,3,5.2,1
2023-08-01,EMP159,DEP03,JL4,138845.0,5,7.2,1
2023-08-01,EMP160,DEP08,JL4,154764.0,2,1.8,1
2023-08-01,EMP161,DEP06,JL3,109579.0,3,3.1,1
2023-08-01,EMP162,DEP02,JL2,79275.0,3,5.3,1
2023-08-01,EMP163,DEP01,JL4,132901.0,4,8.0,1
2023-08-01,EMP164,DEP05,JL3,86681.0,4,4.9,1
2023-08-01,EMP165,DEP07,JL5,183234.0,5,7.1,1
2023-08-01,EMP166,DEP05,JL2,61471.0,3,3.3,1
2023-08-01,EMP167,DEP04,JL4,143356.0,4,4.8,1
2023-08-01,EMP168,DEP02,JL4,123975.0,3,6.3,1
2023-08-01,EMP169,DEP05,JL3,109927.0,4,7.6,1
2023-08-01,EMP171,DEP03,JL4,123827.0,4,5.5,1
2023-08-01,EMP172,DEP01,JL4,132641.0,3,4.8,1
2023-08-01,EMP173,DEP01,JL3,107566.0,2,1.9,1
2023-08-01,EMP174,DEP03,JL3,103943.0,5,8.4,1
2023-08-01,EMP175,DEP05,JL3,99160.0,4,5.3,1
2023-08-01,EMP176,DEP05,JL3,100644.0,3,5.1,1
2023-08-01,EMP177,DEP02,JL3,110405.0,4,8.0,1
2023-08-01,EMP178,DEP05,JL3,105915.0,3,4.4,1
2023-08-01,EMP179,DEP06,JL3,95825.0,3,4.7,1
2023-08-01,EMP180,DEP04,JL3,91769.0,5,9.5,1
2023-08-01,EMP183,DEP03,JL5,182277.0,4,5.8,1
2023-08-01,EMP184,DEP07,JL2,57286.0,2,3.9,1
2023-08-01,EMP185,DEP01,JL4,118036.0,3,3.9,1
2023-08-01,EMP188,DEP08,JL4,140165.0,3,3.7,1
2023-08-01,EMP189,DEP08,JL2,55769.0,3,3.7,1
2023-08-01,EMP190,DEP07,JL4,131762.0,3,5.7,1
2023-08-01,EMP191,DEP03,JL4,137347.0,4,7.1,1
2023-08-01,EMP192,DEP04,JL5,175969.0,4,6.5,1
2023-08-01,EMP193,DEP01,JL3,112114.0,4,6.5,1
2023-08-01,EMP194,DEP03,JL3,99453.0,4,6.3,1
2023-08-01,EMP195,DEP01,JL5,185473.0,3,3.9,1
2023-08-01,EMP198,DEP07,JL2,70582.0,2,4.6,1
2023-08-01,EMP199,DEP03,JL4,139223.0,4,6.7,1
2023-08-01,EMP200,DEP01,JL3,104628.0,3,3.7,1
2023-09-01,EMP002,DEP04,JL2,67262.0,4,6.0,1
2023-09-01,EMP007,DEP04,JL3,93212.0,2,4.2,1
2023-09-01,EMP008,DEP02,JL5,170033.0,4,7.4,1
2023-09-01,EMP013,DEP02,JL2,61442.0,4,6.4,1
2023-09-01,EMP014,DEP08,JL2,61457.0,3,3.2,1
2023-09-01,EMP015,DEP01,JL2,67072.0,2,1.3,1
2023-09-01,EMP017,DEP05,JL5,200289.0,3,4.2,1
2023-09-01,EMP023,DEP04,JL3,93631.0,4,8.6,1
2023-09-01,EMP026,DEP01,JL2,61575.0,4,6.5,1
2023-09-01,EMP034,DEP08,JL1,41155.0,4,5.7,1
2023-09-01,EMP035,DEP01,JL2,61728.0,4,8.1,1
2023-09-01,EMP036,DEP08,JL4,136963.0,1,1.5,1
2023-09-01,EMP038,DEP07,JL4,127963.0,4,5.0,1
2023-09-01,EMP039,DEP07,JL3,93942.0,5,6.6,1
2023-09-01,EMP041,DEP01,JL1,42082.0,3,3.9,1
2023-09-01,EMP043,DEP01,JL4,131065.0,5,8.3,1
2023-09-01,EMP044,DEP03,JL5,203967.0,2,1.8,1
2023-09-01,EMP050,DEP02,JL2,59693.0,4,5.3,1
2023-09-01,EMP053,DEP01,JL2,63911.0,5,8.8,1
2023-09-01,EMP054,DEP05,JL3,93057.0,5,7.0,1
2023-09-01,EMP055,DEP04,JL3,110851.0,3,6.0,1
2023-09-01,EMP056,DEP02,JL3,106082.0,2,4.9,1
2023-09-01,EMP057,DEP03,JL1,45588.0,5,7.6,1
2023-09-01,EMP058,DEP02,JL4,137723.0,3,4.0,1
2023-09-01,EMP061,DEP01,JL5,175054.0,5,10.0,1
2023-09-01,EMP062,DEP01,JL3,84117.0,4,6.5,1
2023-09-01,EMP063,DEP04,JL5,183172.0,4,4.4,1
2023-09-01,EMP064,DEP04,JL4,138278.0,3,1.5,1
2023-09-01,EMP065,DEP05,JL2,60824.0,4,4.8,1
2023-09-01,EMP066,DEP07,JL3,106424.0,3,4.9,1
2023-09-01,EMP068,DEP03,JL3,104641.0,2,1.6,1
2023-09-01,EMP069,DEP06,JL3,95085.0,5,7.2,1
2023-09-01,EMP070,DEP01,JL4,128261.0,4,4.2,1
2023-09-01,EMP071,DEP03,JL3,103356.0,3,6.8,1
2023-09-01,EMP072,DEP01,JL2,60215.0,2,3.7,1
2023-09-01,EMP073,DEP06,JL3,107345.0,4,4.4,1
2023-09-01,EMP075,DEP07,JL3,100321.0,3,5.0,1
2023-09-01,EMP076,DEP05,JL5,200603.0,3,3.1,1
2023-09-01,EMP077,DEP08,JL3,110224.0,4,6.1,1
2023-09-01,EMP079,DEP01,JL3,112641.0,4,4.6,1
2023-09-01,EMP080,DEP01,JL3,98455.0,3,5.1,1
2023-09-01,EMP081,DEP01,JL3,102391.0,5,8.3,1
2023-09-01,EMP082,DEP07,JL4,130177.0,1,1.2,1
2023-09-01,EMP083,DEP07,JL2,72903.0,4,6.7,1
2023-09-01,EMP084,DEP04,JL4,128359.0,5,8.4,1
2023-09-01,EMP085,DEP04,JL3,98435.0,2,2.7,1
2023-09-01,EMP086,DEP02,JL2,56318.0,3,4.6,1
2023-09-01,EMP088,DEP03,JL3,122029.0,4,4.7,1
2023-09-01,EMP089,DEP03,JL4,152366.0,4,4.0,1
2023-09-01,EMP090,DEP04,JL3,114584.0,4,7.9,1
2023-09-01,EMP092,DEP02,JL3,102212.0,4,5.8,1
2023-09-01,EMP093,DEP03,JL4,133061.0,1,1.0,1
2023-09-01,EMP095,DEP04,JL2,59368.0,4,6.2,1
2023-09-01,EMP096,DEP07,JL3,110002.0,3,5.4,1
2023-09-01,EMP097,DEP08,JL4,124219.0,5,6.7,1
2023-09-01,EMP100,DEP02,JL4,123849.0,3,4.3,1
2023-09-01,EMP101,DEP03,JL4,142768.0,5,8.5,1
2023-09-01,EMP103,DEP03,JL4,148518.0,1,1.0,1
2023-09-01,EMP104,DEP01,JL1,47263.0,2,3.4,1
2023-09-01,EMP105,DEP04,JL3,105279.0,2,4.7,1
2023-09-01,EMP107,DEP07,JL4,137622.0,5,8.5,1
2023-09-01,EMP109,DEP04,JL3,102191.0,3,3.7,1
2023-09-01,EMP110,DEP04,JL4,132907.0,4,7.8,1
2023-09-01,EMP111,DEP08,JL2,75910.0,3,3.9,1
2023-09-01,EMP113,DEP01,JL3,107653.0,4,5.8,1
2023-09-01,EMP114,DEP03,JL1,47822.0,3,6.0,1
2023-09-01,EMP115,DEP04,JL2,69737.0,2,3.7,1
2023-09-01,EMP116,DEP05,JL3,115016.0,3,4.4,1
2023-09-01,EMP117,DEP03,JL4,130651.0,3,7.5,1
2023-09-01,EMP118,DEP01,JL3,104711.0,3,4.8,1
2023-09-01,EMP119,DEP01,JL4,124989.0,4,4.3,1
2023-09-01,EMP120,DEP04,JL3,96595.0,3,2.8,1
2023-09-01,EMP121,DEP03,JL3,101965.0,4,6.3,1
2023-09-01,EMP122,DEP04,JL5,172182.0,5,6.8,1
2023-09-01,EMP123,DEP01,JL4,125747.0,1,1.0,1
2023-09-01,EMP125,DEP03,JL3,97104.0,3,4.0,1
2023-09-01,EMP126,DEP04,JL3,85619.0,4,5.7,1
2023-09-01,EMP127,DEP03,JL5,189008.0,4,7.4,1
2023-09-01,EMP128,DEP04,JL3,90645.0,3,4.2,1
2023-09-01,EMP129,DEP04,JL4,130659.0,5,8.4,1
2023-09-01,EMP130,DEP01,JL4,129935.0,3,4.2,1
2023-09-01,EMP131,DEP06,JL3,107760.0,3,4.7,1
2023-09-01,EMP132,DEP01,JL3,85811.0,3,7.8,1
2023-09-01,EMP133,DEP01,JL4,143641.0,3,5.8,1
2023-09-01,EMP134,DEP02,JL3,88468.0,3,3.7,1
2023-09-01,EMP135,DEP06,JL3,91422.0,3,1.1,1
2023-09-01,EMP136,DEP06,JL2,60587.0,3,6.3,1
2023-09-01,EMP137,DEP01,JL3,100863.0,5,8.6,1
2023-09-01,EMP138,DEP01,JL4,133362.0,4,8.0,1
2023-09-01,EMP140,DEP03,JL3,99088.0,3,3.1,1
2023-09-01,EMP142,DEP02,JL3,91380.0,3,5.2,1
2023-09-01,EMP143,DEP02,JL3,95539.0,3,4.7,1
2023-09-01,EMP144,DEP04,JL4,131178.0,4,7.1,1
2023-09-01,EMP146,DEP08,JL3,111700.0,3,4.0,1
2023-09-01,EMP147,DEP04,JL5,196329.0,4,5.9,1
2023-09-01,EMP148,DEP01,JL3,103686.0,4,7.4,1
2023-09-01,EMP150,DEP03,JL4,124314.0,3,2.9,1
2023-09-01,EMP151,DEP01,JL4,128942.0,4,6.7,1
2023-09-01,EMP152,DEP04,JL4,119012.0,5,7.3,1
2023-09-01,EMP154,DEP08,JL4,122471.0,4,6.7,1
2023-09-01,EMP156,DEP02,JL1,41382.0,4,6.1,1
2023-09-01,EMP157,DEP06,JL4,148620.0,3,2.7,1
2023-09-01,EMP158,DEP04,JL3,105565.0,3,5.6,1
2023-09-01,EMP159,DEP03,JL4,139204.0,4,8.8,1
2023-09-01,EMP160,DEP08,JL4,136249.0,4,6.6,1
2023-09-01,EMP161,DEP06,JL3,99674.0,4,6.7,1
2023-09-01,EMP162,DEP02,JL2,68783.0,3,3.5,1
2023-09-01,EMP163,DEP01,JL4,135113.0,3,4.5,1
2023-09-01,EMP164,DEP05,JL3,88015.0,2,4.6,1
2023-09-01,EMP165,DEP07,JL5,183454.0,4,7.4,1
2023-09-01,EMP166,DEP05,JL2,67841.0,4,6.0,1
2023-09-01,EMP167,DEP04,JL4,126744.0,4,5.8,1
2023-09-01,EMP168,DEP02,JL4,134442.0,5,7.0,1
2023-09-01,EMP169,DEP05,JL3,99929.0,5,8.0,1
2023-09-01,EMP171,DEP03,JL4,141935.0,5,6.2,1
2023-09-01,EMP172,DEP01,JL4,125740.0,3,4.4,1
2023-09-01,EMP173,DEP01,JL3,107007.0,2,1.8,1
2023-09-01,EMP174,DEP03,JL3,109496.0,4,5.9,1
2023-09-01,EMP175,DEP05,JL3,97325.0,4,5.4,1
2023-09-01,EMP176,DEP05,JL3,108194.0,5,5.4,1
2023-09-01,EMP177,DEP02,JL3,92671.0,4,4.1,1
2023-09-01,EMP178,DEP05,JL3,108327.0,4,7.0,1
2023-09-01,EMP179,DEP06,JL3,96584.0,4,4.8,1
2023-09-01,EMP180,DEP04,JL3,91325.0,3,4.1,1
2023-09-01,EMP183,DEP03,JL5,171973.0,3,6.1,1
2023-09-01,EMP184,DEP07,JL2,60718.0,3,4.1,1
2023-09-01,EMP185,DEP01,JL4,142085.0,4,5.0,1
2023-09-01,EMP186,DEP03,JL2,69455.0,3,3.8,1
2023-09-01,EMP188,DEP08,JL4,135603.0,3,5.5,1
2023-09-01,EMP189,DEP08,JL2,70727.0,2,5.2,1
2023-09-01,EMP190,DEP07,JL4,138890.0,3,5.3,1
2023-09-01,EMP191,DEP03,JL4,135637.0,3,4.7,1
2023-09-01,EMP192,DEP04,JL5,174349.0,4,7.0,1
2023-09-01,EMP193,DEP01,JL3,102907.0,4,3.5,1
2023-09-01,EMP194,DEP03,JL3,95749.0,5,6.3,1
2023-09-01,EMP195,DEP01,JL5,203810.0,3,4.4,1
2023-09-01,EMP198,DEP07,JL2,72295.0,2,3.0,1
2023-09-01,EMP199,DEP03,JL4,128767.0,4,6.2,1
2023-09-01,EMP200,DEP01,JL3,99042.0,2,1.0,1
2023-10-01,EMP002,DEP04,JL2,65275.0,2,4.1,1
2023-10-01,EMP007,DEP04,JL3,88752.0,4,6.4,1
2023-10-01,EMP013,DEP02,JL2,71150.0,1,2.7,1
2023-10-01,EMP014,DEP08,JL2,66214.0,3,3.3,1
2023-10-01,EMP015,DEP01,JL2,59183.0,3,4.3,1
2023-10-01,EMP017,DEP05,JL5,176201.0,5,7.4,1
2023-10-01,EMP023,DEP04,JL3,85017.0,3,3.8,1
2023-10-01,EMP026,DEP01,JL2,72117.0,4,6.8,1
2023-10-01,EMP027,DEP04,JL2,64499.0,5,5.5,1
2023-10-01,EMP034,DEP08,JL1,47763.0,3,1.7,1
2023-10-01,EMP035,DEP01,JL2,66236.0,4,7.5,1
2023-10-01,EMP036,DEP08,JL4,145203.0,5,8.4,1
2023-10-01,EMP038,DEP07,JL4,139734.0,4,7.9,1
2023-10-01,EMP039,DEP07,JL3,99291.0,4,6.2,1
2023-10-01,EMP041,DEP01,JL1,51913.0,4,6.0,1
2023-10-01,EMP043,DEP01,JL4,128207.0,1,4.5,1
2023-10-01,EMP044,DEP03,JL5,205874.0,4,6.7,1
2023-10-01,EMP050,DEP02,JL2,62766.0,2,4.1,1
2023-10-01,EMP053,DEP01,JL2,66475.0,3,5.4,1
2023-10-01,EMP054,DEP05,JL3,97420.0,4,8.2,1
2023-10-01,EMP055,DEP04,JL3,95595.0,3,2.3,1
2023-10-01,EMP056,DEP02,JL3,107879.0,3,5.7,1
2023-10-01,EMP057,DEP03,JL1,40638.0,4,6.2,1
2023-10-01,EMP058,DEP02,JL4,125448.0,4,5.2,1
2023-10-01,EMP059,DEP04,JL1,51075.0,3,3.8,1
2023-10-01,EMP061,DEP01,JL5,187459.0,4,6.4,1
2023-10-01,EMP062,DEP01,JL3,94145.0,3,2.7,1
2023-10-01,EMP063,DEP04,JL5,191670.0,5,6.4,1
2023-10-01,EMP064,DEP04,JL4,130329.0,2,2.4,1
2023-10-01,EMP065,DEP05,JL2,69038.0,4,5.7,1
2023-10-01,EMP066,DEP07,JL3,101636.0,4,6.7,1
2023-10-01,EMP068,DEP03,JL3,95491.0,4,7.4,1
2023-10-01,EMP069,DEP06,JL3,102796.0,5,9.0,1
2023-10-01,EMP070,DEP01,JL4,125330.0,2,2.0,1
2023-10-01,EMP071,DEP03,JL3,99243.0,3,4.5,1
2023-10-01,EMP072,DEP01,JL2,58573.0,4,5.1,1
2023-10-01,EMP073,DEP06,JL3,108102.0,5,4.9,1
2023-10-01,EMP075,DEP07,JL3,94165.0,4,6.5,1
2023-10-01,EMP076,DEP05,JL5,197981.0,4,7.1,1
2023-10-01,EMP077,DEP08,JL3,99290.0,4,6.4,1
2023-10-01,EMP079,DEP01,JL3,94362.0,4,7.3,1
2023-10-01,EMP080,DEP01,JL3,85298.0,3,4.3,1
2023-10-01,EMP081,DEP01,JL3,93163.0,5,6.4,1
2023-10-01,EMP082,DEP07,JL4,123617.0,3,4.8,1
2023-10-01,EMP083,DEP07,JL2,75296.0,1,1.0,1
2023-10-01,EMP084,DEP04,JL4,115583.0,4,6.3,1
2023-10-01,EMP085,DEP04,JL3,100567.0,4,5.8,1
2023-10-01,EMP086,DEP02,JL2,62956.0,3,5.8,1
2023-10-01,EMP088,DEP03,JL3,113157.0,3,4.1,1
2023-10-01,EMP089,DEP03,JL4,147361.0,5,7.6,1
2023-10-01,EMP090,DEP04,JL3,93283.0,3,5.1,1
2023-10-01,EMP092,DEP02,JL3,95829.0,3,4.0,1
2023-10-01,EMP093,DEP03,JL4,143254.0,2,1.0,1
2023-10-01,EMP095,DEP04,JL2,61651.0,4,4.6,1
2023-10-01,EMP096,DEP07,JL3,102229.0,4,5.7,1
2023-10-01,EMP097,DEP08,JL4,125945.0,2,4.2,1
2023-10-01,EMP100,DEP02,JL4,124539.0,4,7.0,1
2023-10-01,EMP101,DEP03,JL4,135769.0,3,4.9,1
2023-10-01,EMP103,DEP03,JL4,136765.0,4,4.5,1
2023-10-01,EMP104,DEP01,JL1,46529.0,3,6.8,1
2023-10-01,EMP105,DEP04,JL3,96281.0,3,6.8,1
2023-10-01,EMP107,DEP07,JL4,127654.0,4,6.6,1
2023-10-01,EMP109,DEP04,JL3,98662.0,3,4.6,1
2023-10-01,EMP110,DEP04,JL4,121080.0,1,1.8,1
2023-10-01,EMP111,DEP08,JL2,66881.0,4,6.8,1
2023-10-01,EMP113,DEP01,JL3,91781.0,3,5.1,1
2023-10-01,EMP114,DEP03,JL1,48516.0,5,6.0,1
2023-10-01,EMP115,DEP04,JL2,65741.0,5,4.8,1
2023-10-01,EMP116,DEP05,JL3,107295.0,3,3.8,1
2023-10-01,EMP117,DEP03,JL4,122751.0,5,6.5,1
2023-10-01,EMP118,DEP01,JL3,93533.0,3,5.2,1
2023-10-01,EMP119,DEP01,JL4,129247.0,3,4.2,1
2023-10-01,EMP120,DEP04,JL3,89723.0,5,7.5,1
2023-10-01,EMP121,DEP03,JL3,110069.0,3,2.1,1
2023-10-01,EMP122,DEP04,JL5,165172.0,3,4.7,1
2023-10-01,EMP123,DEP01,JL4,135171.0,1,1.0,1
2023-10-01,EMP125,DEP03,JL3,104140.0,3,6.0,1
2023-10-01,EMP126,DEP04,JL3,88998.0,3,7.3,1
2023-10-01,EMP127,DEP03,JL5,179628.0,5,7.0,1
2023-10-01,EMP128,DEP04,JL3,106977.0,4,6.3,1
2023-10-01,EMP129,DEP04,JL4,146398.0,4,6.1,1
2023-10-01,EMP130,DEP01,JL4,128262.0,4,5.5,1
2023-10-01,EMP131,DEP06,JL3,103759.0,4,6.1,1
2023-10-01,EMP132,DEP01,JL3,99711.0,4,6.3,1
2023-10-01,EMP133,DEP01,JL4,133219.0,4,6.3,1
2023-10-01,EMP134,DEP02,JL3,95691.0,4,6.0,1
2023-10-01,EMP135,DEP06,JL3,89246.0,5,7.7,1
2023-10-01,EMP136,DEP06,JL2,68339.0,1,1.9,1
2023-10-01,EMP137,DEP01,JL3,103087.0,5,8.1,1
2023-10-01,EMP138,DEP01,JL4,123633.0,3,4.1,1
2023-10-01,EMP140,DEP03,JL3,114418.0,3,4.9,1
2023-10-01,EMP142,DEP02,JL3,95882.0,3,3.9,1
2023-10-01,EMP143,DEP02,JL3,111226.0,4,6.6,1
2023-10-01,EMP144,DEP04,JL4,132831.0,3,4.5,1
2023-10-01,EMP146,DEP08,JL3,107107.0,4,5.9,1
2023-10-01,EMP147,DEP04,JL5,191024.0,4,8.3,1
2023-10-01,EMP148,DEP01,JL3,114257.0,3,4.3,1
2023-10-01,EMP150,DEP03,JL4,141355.0,3,3.3,1
2023-10-01,EMP151,DEP01,JL4,114152.0,3,3.7,1
2023-10-01,EMP152,DEP04,JL4,118939.0,2,2.2,1
2023-10-01,EMP154,DEP08,JL4,116470.0,3,4.8,1
2023-10-01,EMP156,DEP02,JL1,40152.0,4,5.0,1
2023-10-01,EMP157,DEP06,JL4,144081.0,2,4.1,1
2023-10-01,EMP158,DEP04,JL3,100947.0,4,5.8,1
2023-10-01,EMP159,DEP03,JL4,116179.0,3,3.2,1
2023-10-01,EMP160,DEP08,JL4,132106.0,1,1.0,1
2023-10-01,EMP161,DEP06,JL3,98587.0,4,6.5,1
2023-10-01,EMP162,DEP02,JL2,62677.0,5,6.8,1
2023-10-01,EMP163,DEP01,JL4,131416.0,4,7.1,1
2023-10-01,EMP164,DEP05,JL3,92635.0,3,4.6,1
2023-10-01,EMP165,DEP07,JL5,187637.0,3,5.3,1
2023-10-01,EMP166,DEP05,JL2,70029.0,4,6.3,1
2023-10-01,EMP167,DEP04,JL4,123014.0,3,4.9,1
2023-10-01,EMP168,DEP02,JL4,133096.0,3,5.1,1
2023-10-01,EMP169,DEP05,JL3,96505.0,2,3.2,1
2023-10-01,EMP171,DEP03,JL4,138702.0,3,5.2,1
2023-10-01,EMP172,DEP01,JL4,136293.0,3,5.3,1
2023-10-01,EMP173,DEP01,JL3,104975.0,3,6.6,1
2023-10-01,EMP174,DEP03,JL3,99779.0,4,5.3,1
2023-10-01,EMP175,DEP05,JL3,99465.0,3,7.1,1
2023-10-01,EMP176,DEP05,JL3,101524.0,3,4.5,1
2023-10-01,EMP177,DEP02,JL3,108421.0,3,4.1,1
2023-10-01,EMP178,DEP05,JL3,110420.0,5,5.2,1
2023-10-01,EMP179,DEP06,JL3,97544.0,5,6.2,1
2023-10-01,EMP180,DEP04,JL3,91761.0,4,3.9,1
2023-10-01,EMP183,DEP03,JL5,213999.0,3,4.3,1
2023-10-01,EMP184,DEP07,JL2,72715.0,3,2.3,1
2023-10-01,EMP185,DEP01,JL4,130251.0,4,5.7,1
2023-10-01,EMP186,DEP03,JL2,66085.0,2,5.7,1
2023-10-01,EMP188,DEP08,JL4,144647.0,3,3.8,1
2023-10-01,EMP189,DEP08,JL2,65856.0,3,5.5,1
2023-10-01,EMP190,DEP07,JL4,129657.0,3,5.1,1
2023-10-01,EMP191,DEP03,JL4,133862.0,5,7.4,1
2023-10-01,EMP192,DEP04,JL5,180716.0,5,7.4,1
2023-10-01,EMP193,DEP01,JL3,102418.0,3,3.7,1
2023-10-01,EMP194,DEP03,JL3,96962.0,4,5.7,1
2023-10-01,EMP195,DEP01,JL5,175536.0,4,5.8,1
2023-10-01,EMP198,DEP07,JL2,78152.0,2,4.9,1
2023-10-01,EMP199,DEP03,JL4,135290.0,3,3.8,1
2023-10-01,EMP200,DEP01,JL3,100950.0,3,4.7,1
2023-11-01,EMP002,DEP04,JL2,62465.0,2,4.3,1
2023-11-01,EMP007,DEP04,JL3,103542.0,4,5.1,1
2023-11-01,EMP013,DEP02,JL2,62338.0,3,2.7,1
2023-11-01,EMP014,DEP08,JL2,67259.0,4,7.0,1
2023-11-01,EMP015,DEP01,JL2,60114.0,3,3.0,1
2023-11-01,EMP017,DEP05,JL5,202078.0,4,5.3,1
2023-11-01,EMP023,DEP04,JL3,92173.0,4,6.1,1
2023-11-01,EMP026,DEP01,JL2,73670.0,4,7.8,1
2023-11-01,EMP027,DEP04,JL2,62889.0,3,3.1,1
2023-11-01,EMP034,DEP08,JL1,43693.0,4,6.7,1
2023-11-01,EMP035,DEP01,JL2,71791.0,3,3.7,1
2023-11-01,EMP036,DEP08,JL4,134056.0,3,3.1,1
2023-11-01,EMP038,DEP07,JL4,131041.0,4,6.8,1
2023-11-01,EMP039,DEP07,JL3,106206.0,3,4.8,1
2023-11-01,EMP041,DEP01,JL1,41592.0,3,5.0,1
2023-11-01,EMP043,DEP01,JL4,123692.0,1,1.0,1
2023-11-01,EMP044,DEP03,JL5,196218.0,5,6.9,1
2023-11-01,EMP050,DEP02,JL2,60930.0,3,3.0,1
2023-11-01,EMP053,DEP01,JL2,62373.0,3,1.2,1
2023-11-01,EMP054,DEP05,JL3,104379.0,3,6.2,1
2023-11-01,EMP055,DEP04,JL3,107332.0,3,5.6,1
2023-11-01,EMP056,DEP02,JL3,104257.0,3,5.5,1
2023-11-01,EMP057,DEP03,JL1,46193.0,3,5.6,1
2023-11-01,EMP058,DEP02,JL4,128775.0,4,5.0,1
2023-11-01,EMP059,DEP04,JL1,47124.0,2,2.4,1
2023-11-01,EMP061,DEP01,JL5,172424.0,3,5.6,1
2023-11-01,EMP062,DEP01,JL3,95026.0,4,4.9,1
2023-11-01,EMP063,DEP04,JL5,181659.0,3,4.8,1
2023-11-01,EMP064,DEP04,JL4,133727.0,1,3.6,1
2023-11-01,EMP065,DEP05,JL2,58330.0,3,4.4,1
2023-11-01,EMP066,DEP07,JL3,99660.0,4,4.1,1
2023-11-01,EMP068,DEP03,JL3,103590.0,5,5.2,1
2023-11-01,EMP069,DEP06,JL3,99373.0,3,4.6,1
2023-11-01,EMP070,DEP01,JL4,131204.0,3,3.2,1
2023-11-01,EMP071,DEP03,JL3,98771.0,3,5.3,1
2023-11-01,EMP072,DEP01,JL2,67855.0,3,3.6,1
2023-11-01,EMP073,DEP06,JL3,104856.0,3,4.8,1
2023-11-01,EMP075,DEP07,JL3,91909.0,4,3.8,1
2023-11-01,EMP076,DEP05,JL5,196205.0,4,4.1,1
2023-11-01,EMP077,DEP08,JL3,91990.0,3,4.8,1
2023-11-01,EMP079,DEP01,JL3,95318.0,3,4.0,1
2023-11-01,EMP080,DEP01,JL3,102179.0,4,4.1,1
2023-11-01,EMP081,DEP01,JL3,91556.0,3,5.2,1
2023-11-01,EMP082,DEP07,JL4,139562.0,3,5.3,1
2023-11-01,EMP083,DEP07,JL2,73566.0,2,3.6,1
2023-11-01,EMP084,DEP04,JL4,125609.0,2,4.6,1
2023-11-01,EMP085,DEP04,JL3,98794.0,4,6.6,1
2023-11-01,EMP086,DEP02,JL2,77971.0,3,5.8,1
2023-11-01,EMP088,DEP03,JL3,101088.0,3,3.7,1
2023-11-01,EMP089,DEP03,JL4,133579.0,2,1.0,1
2023-11-01,EMP090,DEP04,JL3,109007.0,3,6.1,1
2023-11-01,EMP092,DEP02,JL3,91597.0,4,3.1,1
2023-11-01,EMP093,DEP03,JL4,137595.0,4,5.9,1
2023-11-01,EMP095,DEP04,JL2,75043.0,5,4.2,1
2023-11-01,EMP096,DEP07,JL3,97812.0,2,1.0,1
2023-11-01,EMP097,DEP08,JL4,129737.0,2,1.8,1
2023-11-01,EMP100,DEP02,JL4,122989.0,5,6.6,1
2023-11-01,EMP101,DEP03,JL4,132475.0,4,5.7,1
2023-11-01,EMP103,DEP03,JL4,133916.0,4,8.7,1
2023-11-01,EMP104,DEP01,JL1,48339.0,2,4.6,1
2023-11-01,EMP105,DEP04,JL3,97130.0,2,3.7,1
2023-11-01,EMP107,DEP07,JL4,131011.0,4,6.0,1
2023-11-01,EMP109,DEP04,JL3,89931.0,3,4.4,1
2023-11-01,EMP110,DEP04,JL4,142050.0,3,2.0,1
2023-11-01,EMP111,DEP08,JL2,64146.0,4,4.2,1
2023-11-01,EMP113,DEP01,JL3,95363.0,4,7.3,1
2023-11-01,EMP114,DEP03,JL1,53584.0,3,5.8,1
2023-11-01,EMP115,DEP04,JL2,67020.0,4,5.3,1
2023-11-01,EMP116,DEP05,JL3,108919.0,3,4.2,1
2023-11-01,EMP117,DEP03,JL4,123126.0,3,2.6,1
2023-11-01,EMP118,DEP01,JL3,96564.0,3,5.5,1
2023-11-01,EMP119,DEP01,JL4,118435.0,4,7.4,1
2023-11-01,EMP120,DEP04,JL3,85045.0,3,3.7,1
2023-11-01,EMP121,DEP03,JL3,110040.0,4,6.8,1
2023-11-01,EMP122,DEP04,JL5,160670.0,3,4.3,1
2023-11-01,EMP123,DEP01,JL4,146047.0,3,3.6,1
2023-11-01,EMP125,DEP03,JL3,110503.0,3,4.1,1
2023-11-01,EMP126,DEP04,JL3,97173.0,3,7.0,1
2023-11-01,EMP127,DEP03,JL5,194843.0,4,6.0,1
2023-11-01,EMP128,DEP04,JL3,98046.0,3,5.3,1
2023-11-01,EMP129,DEP04,JL4,137635.0,3,1.6,1
2023-11-01,EMP130,DEP01,JL4,111551.0,3,4.2,1
2023-11-01,EMP131,DEP06,JL3,102353.0,3,3.5,1
2023-11-01,EMP132,DEP01,JL3,94184.0,3,3.0,1
2023-11-01,EMP133,DEP01,JL4,136434.0,4,7.8,1
2023-11-01,EMP134,DEP02,JL3,91788.0,4,6.8,1
2023-11-01,EMP135,DEP06,JL3,85517.0,4,7.0,1
2023-11-01,EMP136,DEP06,JL2,65906.0,4,5.5,1
2023-11-01,EMP137,DEP01,JL3,110582.0,3,3.5,1
2023-11-01,EMP138,DEP01,JL4,133299.0,5,6.6,1
2023-11-01,EMP140,DEP03,JL3,111346.0,3,3.9,1
2023-11-01,EMP142,DEP02,JL3,98327.0,3,3.5,1
2023-11-01,EMP143,DEP02,JL3,107952.0,2,5.4,1
2023-11-01,EMP144,DEP04,JL4,145523.0,4,6.9,1
2023-11-01,EMP146,DEP08,JL3,94462.0,3,5.1,1
2023-11-01,EMP147,DEP04,JL5,202500.0,3,4.4,1
2023-11-01,EMP148,DEP01,JL3,115090.0,1,4.2,1
2023-11-01,EMP150,DEP03,JL4,125226.0,1,2.3,1
2023-11-01,EMP151,DEP01,JL4,133028.0,3,4.2,1
2023-11-01,EMP152,DEP04,JL4,125997.0,4,5.3,1
2023-11-01,EMP154,DEP08,JL4,138137.0,3,5.3,1
2023-11-01,EMP156,DEP02,JL1,48778.0,2,2.9,1
2023-11-01,EMP157,DEP06,JL4,148850.0,3,6.1,1
2023-11-01,EMP158,DEP04,JL3,92091.0,3,4.6,1
2023-11-01,EMP159,DEP03,JL4,133209.0,2,3.4,1
2023-11-01,EMP160,DEP08,JL4,139366.0,5,8.5,1
2023-11-01,EMP161,DEP06,JL3,122104.0,3,4.4,1
2023-11-01,EMP162,DEP02,JL2,63197.0,3,1.7,1
2023-11-01,EMP163,DEP01,JL4,114311.0,4,6.9,1
2023-11-01,EMP164,DEP05,JL3,86526.0,4,7.7,1
2023-11-01,EMP165,DEP07,JL5,196914.0,4,6.2,1
2023-11-01,EMP166,DEP05,JL2,65091.0,4,4.5,1
2023-11-01,EMP167,DEP04,JL4,142560.0,3,5.0,1
2023-11-01,EMP168,DEP02,JL4,130529.0,4,4.6,1
2023-11-01,EMP169,DEP05,JL3,96983.0,3,6.7,1
2023-11-01,EMP171,DEP03,JL4,139142.0,2,1.6,1
2023-11-01,EMP172,DEP01,JL4,134098.0,3,6.5,1
2023-11-01,EMP173,DEP01,JL3,101995.0,4,7.0,1
2023-11-01,EMP174,DEP03,JL3,108038.0,2,1.6,1
2023-11-01,EMP175,DEP05,JL3,89496.0,4,6.5,1
2023-11-01,EMP176,DEP05,JL3,88543.0,4,6.5,1
2023-11-01,EMP177,DEP02,JL3,95806.0,4,5.7,1
2023-11-01,EMP178,DEP05,JL3,112986.0,5,9.2,1
2023-11-01,EMP179,DEP06,JL3,82896.0,3,4.0,1
2023-11-01,EMP180,DEP04,JL3,101651.0,3,4.2,1
2023-11-01,EMP183,DEP03,JL5,197239.0,3,4.0,1
2023-11-01,EMP184,DEP07,JL2,64211.0,5,7.4,1
2023-11-01,EMP185,DEP01,JL4,126256.0,4,5.0,1
2023-11-01,EMP186,DEP03,JL2,57589.0,3,3.1,1
2023-11-01,EMP188,DEP08,JL4,140477.0,4,5.8,1
2023-11-01,EMP189,DEP08,JL2,58532.0,4,6.5,1
2023-11-01,EMP190,DEP07,JL4,125377.0,2,2.9,1
2023-11-01,EMP191,DEP03,JL4,130229.0,3,5.1,1
2023-11-01,EMP192,DEP04,JL5,182905.0,3,3.9,1
2023-11-01,EMP193,DEP01,JL3,113016.0,4,6.6,1
2023-11-01,EMP194,DEP03,JL3,108235.0,2,2.9,1
2023-11-01,EMP195,DEP01,JL5,181533.0,3,4.8,1
2023-11-01,EMP198,DEP07,JL2,62649.0,5,6.9,1
2023-11-01,EMP199,DEP03,JL4,137497.0,3,4.2,1
2023-11-01,EMP200,DEP01,JL3,100909.0,4,9.1,1
2023-12-01,EMP002,DEP04,JL2,55562.0,4,5.1,1
2023-12-01,EMP007,DEP04,JL3,95699.0,3,6.1,1
2023-12-01,EMP013,DEP02,JL2,67775.0,3,6.2,1
2023-12-01,EMP014,DEP08,JL2,66316.0,1,1.0,1
2023-12-01,EMP015,DEP01,JL2,50600.0,3,7.5,1
2023-12-01,EMP017,DEP05,JL5,195135.0,4,5.1,1
2023-12-01,EMP023,DEP04,JL3,91770.0,4,7.7,1
2023-12-01,EMP026,DEP01,JL2,64259.0,4,5.0,1
2023-12-01,EMP027,DEP04,JL2,65761.0,2,2.4,1
2023-12-01,EMP034,DEP08,JL1,41610.0,4,4.6,1
2023-12-01,EMP035,DEP01,JL2,55334.0,4,7.8,1
2023-12-01,EMP036,DEP08,JL4,125871.0,4,5.8,1
2023-12-01,EMP038,DEP07,JL4,138917.0,5,7.2,1
2023-12-01,EMP039,DEP07,JL3,92238.0,3,5.9,1
2023-12-01,EMP041,DEP01,JL1,43711.0,5,7.2,1
2023-12-01,EMP043,DEP01,JL4,133408.0,4,4.8,1
2023-12-01,EMP044,DEP03,JL5,175529.0,3,4.8,1
2023-12-01,EMP050,DEP02,JL2,62362.0,4,3.7,1
2023-12-01,EMP053,DEP01,JL2,58042.0,3,6.3,1
2023-12-01,EMP054,DEP05,JL3,88471.0,3,4.3,1
2023-12-01,EMP055,DEP04,JL3,116343.0,4,7.5,1
2023-12-01,EMP056,DEP02,JL3,118882.0,4,6.3,1
2023-12-01,EMP057,DEP03,JL1,43914.0,4,6.1,1
2023-12-01,EMP058,DEP02,JL4,130717.0,3,3.3,1
2023-12-01,EMP059,DEP04,JL1,42862.0,4,5.5,1
2023-12-01,EMP061,DEP01,JL5,176762.0,3,3.8,1
2023-12-01,EMP062,DEP01,JL3,102116.0,4,6.7,1
2023-12-01,EMP063,DEP04,JL5,189503.0,5,8.2,1
2023-12-01,EMP064,DEP04,JL4,127206.0,3,4.0,1
2023-12-01,EMP065,DEP05,JL2,66072.0,2,5.5,1
2023-12-01,EMP066,DEP07,JL3,94835.0,1,1.2,1
2023-12-01,EMP068,DEP03,JL3,97828.0,5,8.4,1
2023-12-01,EMP069,DEP06,JL3,103856.0,3,4.2,1
2023-12-01,EMP070,DEP01,JL4,142391.0,3,3.6,1
2023-12-01,EMP071,DEP03,JL3,99009.0,4,5.5,1
2023-12-01,EMP072,DEP01,JL2,71500.0,4,7.5,1
2023-12-01,EMP073,DEP06,JL3,101115.0,4,7.4,1
2023-12-01,EMP075,DEP07,JL3,99767.0,4,7.3,1
2023-12-01,EMP076,DEP05,JL5,194002.0,3,4.0,1
2023-12-01,EMP077,DEP08,JL3,103685.0,4,6.3,1
2023-12-01,EMP079,DEP01,JL3,112739.0,3,2.2,1
2023-12-01,EMP080,DEP01,JL3,102370.0,2,2.8,1
2023-12-01,EMP081,DEP01,JL3,105097.0,3,4.1,1
2023-12-01,EMP082,DEP07,JL4,140144.0,4,4.9,1
2023-12-01,EMP083,DEP07,JL2,69244.0,4,7.1,1
2023-12-01,EMP084,DEP04,JL4,130234.0,3,3.7,1
2023-12-01,EMP085,DEP04,JL3,89160.0,3,4.7,1
2023-12-01,EMP086,DEP02,JL2,70208.0,3,3.5,1
2023-12-01,EMP088,DEP03,JL3,118154.0,4,5.7,1
2023-12-01,EMP089,DEP03,JL4,143921.0,3,7.7,1
2023-12-01,EMP090,DEP04,JL3,112445.0,3,2.7,1
2023-12-01,EMP092,DEP02,JL3,106106.0,4,5.4,1
2023-12-01,EMP093,DEP03,JL4,147824.0,4,2.8,1
2023-12-01,EMP095,DEP04,JL2,64451.0,5,7.2,1
2023-12-01,EMP096,DEP07,JL3,96718.0,4,5.2,1
2023-12-01,EMP097,DEP08,JL4,124127.0,3,3.6,1
2023-12-01,EMP100,DEP02,JL4,117577.0,1,1.0,1
2023-12-01,EMP101,DEP03,JL4,140001.0,4,6.4,1
2023-12-01,EMP103,DEP03,JL4,138903.0,2,4.5,1
2023-12-01,EMP104,DEP01,JL1,49145.0,3,3.8,1
2023-12-01,EMP105,DEP04,JL3,98290.0,4,5.7,1
2023-12-01,EMP106,DEP01,JL2,63110.0,4,5.9,1
2023-12-01,EMP107,DEP07,JL4,123754.0,4,4.9,1
2023-12-01,EMP109,DEP04,JL3,94987.0,3,6.4,1
2023-12-01,EMP110,DEP04,JL4,131111.0,3,3.9,1
2023-12-01,EMP111,DEP08,JL2,73691.0,1,2.2,1
2023-12-01,EMP113,DEP01,JL3,103242.0,5,6.7,1
2023-12-01,EMP114,DEP03,JL1,42634.0,3,4.1,1
2023-12-01,EMP115,DEP04,JL2,65047.0,3,6.6,1
2023-12-01,EMP116,DEP05,JL3,103221.0,3,4.4,1
2023-12-01,EMP117,DEP03,JL4,136427.0,4,6.7,1
2023-12-01,EMP118,DEP01,JL3,100547.0,4,7.3,1
2023-12-01,EMP119,DEP01,JL4,122178.0,4,6.4,1
2023-12-01,EMP120,DEP04,JL3,102863.0,4,3.0,1
2023-12-01,EMP121,DEP03,JL3,103898.0,4,6.6,1
2023-12-01,EMP122,DEP04,JL5,182759.0,1,1.0,1
2023-12-01,EMP123,DEP01,JL4,105727.0,3,4.1,1
2023-12-01,EMP125,DEP03,JL3,99506.0,3,4.9,1
2023-12-01,EMP126,DEP04,JL3,96422.0,4,5.7,1
2023-12-01,EMP127,DEP03,JL5,207704.0,4,5.2,1
2023-12-01,EMP128,DEP04,JL3,99875.0,3,4.9,1
2023-12-01,EMP129,DEP04,JL4,127818.0,3,6.1,1
2023-12-01,EMP130,DEP01,JL4,134218.0,3,2.6,1
2023-12-01,EMP131,DEP06,JL3,104096.0,3,3.3,1
2023-12-01,EMP132,DEP01,JL3,102778.0,3,6.2,1
2023-12-01,EMP133,DEP01,JL4,143728.0,3,6.0,1
2023-12-01,EMP134,DEP02,JL3,91764.0,3,5.6,1
2023-12-01,EMP135,DEP06,JL3,91743.0,5,9.8,1
2023-12-01,EMP136,DEP06,JL2,66670.0,4,7.5,1
2023-12-01,EMP137,DEP01,JL3,105719.0,5,6.5,1
2023-12-01,EMP138,DEP01,JL4,135933.0,2,2.9,1
2023-12-01,EMP140,DEP03,JL3,95620.0,4,5.9,1
2023-12-01,EMP142,DEP02,JL3,95493.0,3,6.4,1
2023-12-01,EMP143,DEP02,JL3,115711.0,4,5.7,1
2023-12-01,EMP144,DEP04,JL4,135025.0,5,10.0,1
2023-12-01,EMP146,DEP08,JL3,98533.0,4,8.1,1
2023-12-01,EMP147,DEP04,JL5,174342.0,3,3.7,1
2023-12-01,EMP148,DEP01,JL3,102180.0,4,5.5,1
2023-12-01,EMP150,DEP03,JL4,125509.0,2,2.7,1
2023-12-01,EMP151,DEP01,JL4,127851.0,3,7.8,1
2023-12-01,EMP152,DEP04,JL4,127258.0,4,5.3,1
2023-12-01,EMP154,DEP08,JL4,130154.0,4,7.9,1
2023-12-01,EMP156,DEP02,JL1,47055.0,5,5.8,1
2023-12-01,EMP157,DEP06,JL4,148835.0,4,6.0,1
2023-12-01,EMP158,DEP04,JL3,110372.0,3,5.6,1
2023-12-01,EMP159,DEP03,JL4,137193.0,4,6.0,1
2023-12-01,EMP160,DEP08,JL4,126032.0,3,2.9,1
2023-12-01,EMP161,DEP06,JL3,99345.0,2,3.3,1
2023-12-01,EMP162,DEP02,JL2,63664.0,3,5.2,1
2023-12-01,EMP163,DEP01,JL4,117753.0,4,5.7,1
2023-12-01,EMP164,DEP05,JL3,88735.0,4,5.2,1
2023-12-01,EMP165,DEP07,JL5,204816.0,4,5.2,1
2023-12-01,EMP166,DEP05,JL2,72637.0,3,5.3,1
2023-12-01,EMP167,DEP04,JL4,136142.0,4,7.1,1
2023-12-01,EMP168,DEP02,JL4,132423.0,1,1.9,1
2023-12-01,EMP169,DEP05,JL3,117826.0,3,5.5,1
2023-12-01,EMP171,DEP03,JL4,140499.0,3,5.2,1
2023-12-01,EMP172,DEP01,JL4,131601.0,4,7.2,1
2023-12-01,EMP173,DEP01,JL3,101966.0,4,5.8,1
2023-12-01,EMP174,DEP03,JL3,102756.0,3,4.4,1
2023-12-01,EMP175,DEP05,JL3,89920.0,5,6.7,1
2023-12-01,EMP176,DEP05,JL3,100789.0,4,7.8,1
2023-12-01,EMP177,DEP02,JL3,104536.0,4,3.0,1
2023-12-01,EMP178,DEP05,JL3,116297.0,3,5.2,1
2023-12-01,EMP179,DEP06,JL3,97310.0,5,7.0,1
2023-12-01,EMP180,DEP04,JL3,102103.0,4,6.9,1
2023-12-01,EMP182,DEP02,JL2,70008.0,5,6.9,1
2023-12-01,EMP183,DEP03,JL5,205253.0,3,4.7,1
2023-12-01,EMP184,DEP07,JL2,61091.0,4,4.7,1
2023-12-01,EMP185,DEP01,JL4,120692.0,3,3.1,1
2023-12-01,EMP186,DEP03,JL2,65442.0,2,2.6,1
2023-12-01,EMP188,DEP08,JL4,145569.0,5,9.8,1
2023-12-01,EMP189,DEP08,JL2,72066.0,3,3.7,1
2023-12-01,EMP190,DEP07,JL4,118225.0,3,5.0,1
2023-12-01,EMP191,DEP03,JL4,129649.0,3,1.5,1
2023-12-01,EMP192,DEP04,JL5,199708.0,3,2.3,1
2023-12-01,EMP193,DEP01,JL3,108478.0,3,4.2,1
2023-12-01,EMP194,DEP03,JL3,91203.0,3,6.4,1
2023-12-01,EMP195,DEP01,JL5,154418.0,3,3.6,1
2023-12-01,EMP198,DEP07,JL2,63711.0,3,4.3,1
2023-12-01,EMP199,DEP03,JL4,139141.0,4,6.0,1
2023-12-01,EMP200,DEP01,JL3,105690.0,4,4.7,1
2024-01-01,EMP002,DEP04,JL2,59920.0,3,5.1,1
2024-01-01,EMP006,DEP05,JL1,44820.0,4,6.7,1
2024-01-01,EMP007,DEP04,JL3,81814.0,3,3.8,1
2024-01-01,EMP013,DEP02,JL2,71004.0,3,4.6,1
2024-01-01,EMP014,DEP08,JL2,64548.0,5,5.1,1
2024-01-01,EMP015,DEP01,JL2,73138.0,4,5.2,1
2024-01-01,EMP017,DEP05,JL5,147846.0,4,5.8,1
2024-01-01,EMP023,DEP04,JL3,94428.0,2,1.7,1
2024-01-01,EMP026,DEP01,JL2,69758.0,4,4.1,1
2024-01-01,EMP027,DEP04,JL2,72430.0,3,4.6,1
2024-01-01,EMP035,DEP01,JL2,56983.0,4,7.4,1
2024-01-01,EMP036,DEP08,JL4,126708.0,3,3.9,1
2024-01-01,EMP038,DEP07,JL4,143000.0,2,1.6,1
2024-01-01,EMP039,DEP07,JL3,97523.0,1,3.1,1
2024-01-01,EMP041,DEP01,JL1,36440.0,3,4.5,1
2024-01-01,EMP043,DEP01,JL4,129751.0,3,4.4,1
2024-01-01,EMP044,DEP03,JL5,174721.0,3,3.5,1
2024-01-01,EMP050,DEP02,JL2,62417.0,3,3.4,1
2024-01-01,EMP053,DEP01,JL2,60806.0,3,3.8,1
2024-01-01,EMP054,DEP05,JL3,105329.0,4,5.8,1
2024-01-01,EMP055,DEP04,JL3,117560.0,5,6.7,1
2024-01-01,EMP056,DEP02,JL3,103574.0,1,1.0,1
2024-01-01,EMP057,DEP03,JL1,48533.0,4,4.5,1
2024-01-01,EMP058,DEP02,JL4,134540.0,4,4.8,1
2024-01-01,EMP059,DEP04,JL1,44552.0,3,4.1,1
2024-01-01,EMP060,DEP04,JL2,62725.0,4,6.5,1
2024-01-01,EMP061,DEP01,JL5,173982.0,3,5.1,1
2024-01-01,EMP062,DEP01,JL3,98692.0,3,5.6,1
2024-01-01,EMP063,DEP04,JL5,216698.0,4,5.2,1
2024-01-01,EMP064,DEP04,JL4,137496.0,5,8.2,1
2024-01-01,EMP065,DEP05,JL2,68346.0,2,4.2,1
2024-01-01,EMP066,DEP07,JL3,102720.0,4,6.9,1
2024-01-01,EMP068,DEP03,JL3,94734.0,3,6.1,1
2024-01-01,EMP069,DEP06,JL3,104367.0,3,5.2,1
2024-01-01,EMP070,DEP01,JL4,122277.0,3,5.9,1
2024-01-01,EMP071,DEP03,JL3,109432.0,5,7.0,1
2024-01-01,EMP072,DEP01,JL2,69592.0,3,3.1,1
2024-01-01,EMP073,DEP06,JL3,110776.0,3,2.4,1
2024-01-01,EMP075,DEP07,JL3,106206.0,4,4.7,1
2024-01-01,EMP076,DEP05,JL5,199375.0,2,4.0,1
2024-01-01,EMP077,DEP08,JL3,94434.0,3,5.9,1
2024-01-01,EMP079,DEP01,JL3,103740.0,2,1.2,1
2024-01-01,EMP080,DEP01,JL3,103407.0,5,7.0,1
2024-01-01,EMP081,DEP01,JL3,102641.0,3,2.7,1
2024-01-01,EMP082,DEP07,JL4,142767.0,4,6.7,1
2024-01-01,EMP083,DEP07,JL2,72221.0,2,2.8,1
2024-01-01,EMP084,DEP04,JL4,132480.0,2,4.7,1
2024-01-01,EMP085,DEP04,JL3,89024.0,3,5.7,1
2024-01-01,EMP086,DEP02,JL2,56934.0,3,4.2,1
2024-01-01,EMP088,DEP03,JL3,99058.0,4,5.6,1
2024-01-01,EMP089,DEP03,JL4,134231.0,4,7.1,1
2024-01-01,EMP090,DEP04,JL3,97057.0,4,5.7,1
2024-01-01,EMP092,DEP02,JL3,88421.0,3,4.7,1
2024-01-01,EMP093,DEP03,JL4,127887.0,3,4.3,1
2024-01-01,EMP095,DEP04,JL2,70448.0,4,5.7,1
2024-01-01,EMP096,DEP07,JL3,113320.0,3,5.7,1
2024-01-01,EMP097,DEP08,JL4,134743.0,3,3.5,1
2024-01-01,EMP100,DEP02,JL4,122361.0,3,4.0,1
2024-01-01,EMP101,DEP03,JL4,137893.0,4,7.7,1
2024-01-01,EMP103,DEP03,JL4,135450.0,4,6.1,1
2024-01-01,EMP104,DEP01,JL1,42382.0,3,4.9,1
2024-01-01,EMP105,DEP04,JL3,96516.0,3,5.5,1
2024-01-01,EMP106,DEP01,JL2,76481.0,4,6.7,1
2024-01-01,EMP107,DEP07,JL4,132199.0,3,4.4,1
2024-01-01,EMP109,DEP04,JL3,100088.0,2,2.2,1
2024-01-01,EMP110,DEP04,JL4,138631.0,3,7.2,1
2024-01-01,EMP111,DEP08,JL2,64552.0,3,5.6,1
2024-01-01,EMP113,DEP01,JL3,109427.0,3,6.0,1
2024-01-01,EMP114,DEP03,JL1,47176.0,4,6.6,1
2024-01-01,EMP115,DEP04,JL2,66658.0,2,4.7,1
2024-01-01,EMP116,DEP05,JL3,98113.0,1,2.3,1
2024-01-01,EMP117,DEP03,JL4,113896.0,4,6.2,1
2024-01-01,EMP118,DEP01,JL3,97646.0,4,6.7,1
2024-01-01,EMP119,DEP01,JL4,125550.0,4,5.6,1
2024-01-01,EMP120,DEP04,JL3,93260.0,4,4.7,1
2024-01-01,EMP121,DEP03,JL3,95953.0,3,6.6,1
2024-01-01,EMP122,DEP04,JL5,195336.0,4,5.8,1
2024-01-01,EMP123,DEP01,JL4,129381.0,3,4.6,1
2024-01-01,EMP125,DEP03,JL3,104422.0,5,8.3,1
2024-01-01,EMP126,DEP04,JL3,95628.0,3,6.4,1
2024-01-01,EMP127,DEP03,JL5,206281.0,3,5.7,1
2024-01-01,EMP128,DEP04,JL3,98517.0,4,5.5,1
2024-01-01,EMP129,DEP04,JL4,123256.0,3,5.1,1
2024-01-01,EMP130,DEP01,JL4,137202.0,4,4.3,1
2024-01-01,EMP131,DEP06,JL3,99778.0,4,5.5,1
2024-01-01,EMP132,DEP01,JL3,84787.0,4,5.2,1
2024-01-01,EMP133,DEP01,JL4,149957.0,4,5.3,1
2024-01-01,EMP134,DEP02,JL3,98417.0,2,3.8,1
2024-01-01,EMP135,DEP06,JL3,93085.0,4,3.8,1
2024-01-01,EMP136,DEP06,JL2,60824.0,4,6.9,1
2024-01-01,EMP137,DEP01,JL3,99780.0,2,5.4,1
2024-01-01,EMP138,DEP01,JL4,123380.0,3,4.2,1
2024-01-01,EMP140,DEP03,JL3,96751.0,3,3.7,1
2024-01-01,EMP141,DEP07,JL1,42801.0,3,4.8,1
2024-01-01,EMP142,DEP02,JL3,94887.0,4,6.2,1
2024-01-01,EMP143,DEP02,JL3,106298.0,4,6.3,1
2024-01-01,EMP144,DEP04,JL4,138420.0,3,6.8,1
2024-01-01,EMP146,DEP08,JL3,101416.0,3,6.3,1
2024-01-01,EMP147,DEP04,JL5,185612.0,2,4.8,1
2024-01-01,EMP148,DEP01,JL3,88312.0,4,5.0,1
2024-01-01,EMP150,DEP03,JL4,144399.0,4,6.0,1
2024-01-01,EMP151,DEP01,JL4,125809.0,3,5.3,1
2024-01-01,EMP152,DEP04,JL4,135072.0,2,2.9,1
2024-01-01,EMP154,DEP08,JL4,118388.0,2,2.5,1
2024-01-01,EMP156,DEP02,JL1,48980.0,4,7.4,1
2024-01-01,EMP157,DEP06,JL4,126196.0,4,6.3,1
2024-01-01,EMP158,DEP04,JL3,97849.0,4,4.5,1
2024-01-01,EMP159,DEP03,JL4,147987.0,2,4.4,1
2024-01-01,EMP160,DEP08,JL4,129707.0,4,7.4,1
2024-01-01,EMP161,DEP06,JL3,104881.0,4,5.9,1
2024-01-01,EMP162,DEP02,JL2,74130.0,4,7.8,1
2024-01-01,EMP163,DEP01,JL4,138059.0,1,2.7,1
2024-01-01,EMP164,DEP05,JL3,89472.0,4,5.1,1
2024-01-01,EMP165,DEP07,JL5,199326.0,3,3.6,1
2024-01-01,EMP166,DEP05,JL2,58909.0,4,5.1,1
2024-01-01,EMP167,DEP04,JL4,146579.0,3,1.7,1
2024-01-01,EMP168,DEP02,JL4,126243.0,4,6.4,1
2024-01-01,EMP169,DEP05,JL3,108266.0,3,4.2,1
2024-01-01,EMP171,DEP03,JL4,144135.0,3,3.8,1
2024-01-01,EMP172,DEP01,JL4,136502.0,4,5.2,1
2024-01-01,EMP173,DEP01,JL3,96864.0,4,5.9,1
2024-01-01,EMP174,DEP03,JL3,104004.0,4,6.5,1
2024-01-01,EMP175,DEP05,JL3,92982.0,2,4.3,1
2024-01-01,EMP176,DEP05,JL3,97391.0,4,4.4,1
2024-01-01,EMP177,DEP02,JL3,94415.0,5,7.3,1
2024-01-01,EMP178,DEP05,JL3,103169.0,3,3.0,1
2024-01-01,EMP179,DEP06,JL3,99226.0,3,6.3,1
2024-01-01,EMP180,DEP04,JL3,103193.0,4,4.9,1
2024-01-01,EMP182,DEP02,JL2,66524.0,4,5.0,1
2024-01-01,EMP183,DEP03,JL5,194816.0,3,4.2,1
2024-01-01,EMP184,DEP07,JL2,66306.0,4,5.5,1
2024-01-01,EMP185,DEP01,JL4,122741.0,3,3.3,1
2024-01-01,EMP186,DEP03,JL2,59902.0,4,6.7,1
2024-01-01,EMP188,DEP08,JL4,145611.0,3,4.5,1
2024-01-01,EMP189,DEP08,JL2,64860.0,2,1.7,1
2024-01-01,EMP190,DEP07,JL4,131802.0,4,7.5,1
2024-01-01,EMP191,DEP03,JL4,134461.0,4,5.1,1
2024-01-01,EMP192,DEP04,JL5,184625.0,3,4.8,1
2024-01-01,EMP193,DEP01,JL3,97510.0,5,5.8,1
2024-01-01,EMP194,DEP03,JL3,96629.0,4,5.6,1
2024-01-01,EMP195,DEP01,JL5,176768.0,5,7.7,1
2024-01-01,EMP197,DEP01,JL1,46389.0,2,2.9,1
2024-01-01,EMP198,DEP07,JL2,62999.0,5,7.1,1
2024-01-01,EMP199,DEP03,JL4,112598.0,4,5.2,1
2024-01-01,EMP200,DEP01,JL3,100966.0,3,3.8,1
2024-02-01,EMP002,DEP04,JL2,65318.0,3,3.9,1
2024-02-01,EMP006,DEP05,JL1,42395.0,2,1.8,1
2024-02-01,EMP013,DEP02,JL2,62781.0,4,5.8,1
2024-02-01,EMP014,DEP08,JL2,61708.0,3,4.5,1
2024-02-01,EMP015,DEP01,JL2,65030.0,3,3.9,1
2024-02-01,EMP017,DEP05,JL5,195374.0,4,5.0,1
2024-02-01,EMP023,DEP04,JL3,96223.0,2,2.1,1
2024-02-01,EMP026,DEP01,JL2,65507.0,3,6.9,1
2024-02-01,EMP027,DEP04,JL2,63167.0,2,1.2,1
2024-02-01,EMP035,DEP01,JL2,63383.0,4,7.0,1
2024-02-01,EMP036,DEP08,JL4,149308.0,5,6.3,1
2024-02-01,EMP038,DEP07,JL4,136456.0,3,4.5,1
2024-02-01,EMP039,DEP07,JL3,95162.0,4,7.4,1
2024-02-01,EMP041,DEP01,JL1,42888.0,4,7.6,1
2024-02-01,EMP043,DEP01,JL4,129344.0,5,9.1,1
2024-02-01,EMP044,DEP03,JL5,196865.0,4,7.8,1
2024-02-01,EMP050,DEP02,JL2,70730.0,3,3.0,1
2024-02-01,EMP053,DEP01,JL2,69732.0,4,6.4,1
2024-02-01,EMP054,DEP05,JL3,103085.0,3,4.1,1
2024-02-01,EMP055,DEP04,JL3,100429.0,3,3.6,1
2024-02-01,EMP056,DEP02,JL3,103592.0,4,6.4,1
2024-02-01,EMP057,DEP03,JL1,47124.0,4,5.9,1
2024-02-01,EMP058,DEP02,JL4,154196.0,2,1.6,1
2024-02-01,EMP059,DEP04,JL1,47600.0,3,4.0,1
2024-02-01,EMP060,DEP04,JL2,64116.0,3,2.3,1
2024-02-01,EMP061,DEP01,JL5,181682.0,4,4.5,1
2024-02-01,EMP062,DEP01,JL3,103483.0,4,7.0,1
2024-02-01,EMP063,DEP04,JL5,174804.0,4,6.1,1
2024-02-01,EMP064,DEP04,JL4,131356.0,5,6.5,1
2024-02-01,EMP065,DEP05,JL2,67361.0,2,4.8,1
2024-02-01,EMP066,DEP07,JL3,110656.0,3,3.6,1
2024-02-01,EMP067,DEP07,JL1,39318.0,2,1.7,1
2024-02-01,EMP068,DEP03,JL3,91256.0,3,3.6,1
2024-02-01,EMP069,DEP06,JL3,100284.0,4,6.3,1
2024-02-01,EMP070,DEP01,JL4,120412.0,4,8.0,1
2024-02-01,EMP071,DEP03,JL3,94956.0,3,4.4,1
2024-02-01,EMP072,DEP01,JL2,71276.0,2,3.3,1
2024-02-01,EMP073,DEP06,JL3,99167.0,2,3.3,1
2024-02-01,EMP075,DEP07,JL3,98893.0,3,5.9,1
2024-02-01,EMP076,DEP05,JL5,176090.0,5,7.4,1
2024-02-01,EMP077,DEP08,JL3,98446.0,3,4.6,1
2024-02-01,EMP078,DEP03,JL1,42717.0,4,6.2,1
2024-02-01,EMP079,DEP01,JL3,105633.0,3,4.3,1
2024-02-01,EMP080,DEP01,JL3,99541.0,4,3.5,1
2024-02-01,EMP081,DEP01,JL3,86536.0,4,7.3,1
2024-02-01,EMP082,DEP07,JL4,141030.0,4,4.4,1
2024-02-01,EMP083,DEP07,JL2,59171.0,3,4.6,1
2024-02-01,EMP084,DEP04,JL4,126873.0,5,6.8,1
2024-02-01,EMP085,DEP04,JL3,98436.0,3,4.5,1
2024-02-01,EMP086,DEP02,JL2,70317.0,4,4.5,1
2024-02-01,EMP087,DEP08,JL2,65719.0,3,4.1,1
2024-02-01,EMP088,DEP03,JL3,109183.0,2,4.9,1
2024-02-01,EMP089,DEP03,JL4,127605.0,3,5.2,1
2024-02-01,EMP090,DEP04,JL3,101322.0,4,7.8,1
2024-02-01,EMP092,DEP02,JL3,97263.0,2,3.4,1
2024-02-01,EMP093,DEP03,JL4,140555.0,3,4.7,1
2024-02-01,EMP095,DEP04,JL2,62955.0,3,4.0,1
2024-02-01,EMP096,DEP07,JL3,118909.0,3,3.9,1
2024-02-01,EMP097,DEP08,JL4,131468.0,4,5.4,1
2024-02-01,EMP100,DEP02,JL4,131842.0,3,2.6,1
2024-02-01,EMP101,DEP03,JL4,139326.0,5,7.2,1
2024-02-01,EMP103,DEP03,JL4,126866.0,5,7.3,1
2024-02-01,EMP104,DEP01,JL1,43433.0,4,9.0,1
2024-02-01,EMP105,DEP04,JL3,98964.0,4,6.8,1
2024-02-01,EMP106,DEP01,JL2,61910.0,4,5.6,1
2024-02-01,EMP107,DEP07,JL4,111973.0,3,4.1,1
2024-02-01,EMP108,DEP02,JL2,57425.0,3,4.2,1
2024-02-01,EMP109,DEP04,JL3,96123.0,4,5.9,1
2024-02-01,EMP110,DEP04,JL4,130017.0,5,6.8,1
2024-02-01,EMP111,DEP08,JL2,71330.0,3,3.6,1
2024-02-01,EMP113,DEP01,JL3,100446.0,2,3.9,1
2024-02-01,EMP114,DEP03,JL1,47758.0,3,4.9,1
2024-02-01,EMP115,DEP04,JL2,67311.0,4,7.7,1
2024-02-01,EMP116,DEP05,JL3,106240.0,3,4.9,1
2024-02-01,EMP117,DEP03,JL4,124095.0,5,6.4,1
2024-02-01,EMP118,DEP01,JL3,93787.0,4,6.1,1
2024-02-01,EMP119,DEP01,JL4,126800.0,3,5.5,1
2024-02-01,EMP120,DEP04,JL3,88379.0,4,7.1,1
2024-02-01,EMP121,DEP03,JL3,110581.0,3,4.7,1
2024-02-01,EMP122,DEP04,JL5,190110.0,4,6.3,1
2024-02-01,EMP123,DEP01,JL4,132885.0,1,2.6,1
2024-02-01,EMP125,DEP03,JL3,120035.0,3,4.3,1
2024-02-01,EMP126,DEP04,JL3,106570.0,4,6.2,1
2024-02-01,EMP127,DEP03,JL5,190147.0,4,6.3,1
2024-02-01,EMP128,DEP04,JL3,93180.0,5,5.0,1
2024-02-01,EMP129,DEP04,JL4,131927.0,3,3.5,1
2024-02-01,EMP130,DEP01,JL4,144077.0,3,7.0,1
2024-02-01,EMP131,DEP06,JL3,106530.0,5,7.4,1
2024-02-01,EMP132,DEP01,JL3,89372.0,3,6.3,1
2024-02-01,EMP133,DEP01,JL4,144928.0,2,4.3,1
2024-02-01,EMP134,DEP02,JL3,89497.0,4,6.5,1
2024-02-01,EMP135,DEP06,JL3,98188.0,3,5.8,1
2024-02-01,EMP136,DEP06,JL2,63181.0,3,4.6,1
2024-02-01,EMP137,DEP01,JL3,102014.0,3,3.9,1
2024-02-01,EMP138,DEP01,JL4,140197.0,4,6.9,1
2024-02-01,EMP140,DEP03,JL3,106001.0,5,5.8,1
2024-02-01,EMP141,DEP07,JL1,48802.0,3,5.2,1
2024-02-01,EMP142,DEP02,JL3,111627.0,4,4.8,1
2024-02-01,EMP143,DEP02,JL3,96554.0,5,7.2,1
2024-02-01,EMP144,DEP04,JL4,133348.0,4,7.4,1
2024-02-01,EMP146,DEP08,JL3,100066.0,2,1.0,1
2024-02-01,EMP147,DEP04,JL5,186264.0,4,8.3,1
2024-02-01,EMP148,DEP01,JL3,110333.0,2,3.0,1
2024-02-01,EMP150,DEP03,JL4,128512.0,2,2.4,1
2024-02-01,EMP151,DEP01,JL4,129252.0,4,6.6,1
2024-02-01,EMP152,DEP04,JL4,133371.0,4,6.6,1
2024-02-01,EMP154,DEP08,JL4,126369.0,4,6.7,1
2024-02-01,EMP156,DEP02,JL1,46956.0,3,7.1,1
2024-02-01,EMP157,DEP06,JL4,160013.0,4,5.7,1
2024-02-01,EMP158,DEP04,JL3,112586.0,4,6.1,1
2024-02-01,EMP159,DEP03,JL4,139051.0,4,4.9,1
2024-02-01,EMP160,DEP08,JL4,133922.0,2,4.4,1
2024-02-01,EMP161,DEP06,JL3,103482.0,3,3.8,1
2024-02-01,EMP162,DEP02,JL2,72126.0,3,3.4,1
2024-02-01,EMP163,DEP01,JL4,124781.0,4,6.6,1
2024-02-01,EMP164,DEP05,JL3,96557.0,4,6.8,1
2024-02-01,EMP165,DEP07,JL5,198974.0,3,2.9,1
2024-02-01,EMP166,DEP05,JL2,62342.0,4,6.0,1
2024-02-01,EMP167,DEP04,JL4,147413.0,5,8.8,1
2024-02-01,EMP168,DEP02,JL4,126278.0,3,4.6,1
2024-02-01,EMP169,DEP05,JL3,109549.0,2,3.3,1
2024-02-01,EMP171,DEP03,JL4,153157.0,3,4.1,1
2024-02-01,EMP172,DEP01,JL4,126654.0,5,7.4,1
2024-02-01,EMP173,DEP01,JL3,103215.0,3,3.3,1
2024-02-01,EMP174,DEP03,JL3,99476.0,3,7.7,1
2024-02-01,EMP175,DEP05,JL3,96541.0,3,4.2,1
2024-02-01,EMP176,DEP05,JL3,105037.0,3,3.8,1
2024-02-01,EMP177,DEP02,JL3,93824.0,4,4.8,1
2024-02-01,EMP178,DEP05,JL3,109674.0,3,6.8,1
2024-02-01,EMP179,DEP06,JL3,109933.0,5,5.7,1
2024-02-01,EMP180,DEP04,JL3,96652.0,3,5.6,1
2024-02-01,EMP182,DEP02,JL2,67081.0,4,5.7,1
2024-02-01,EMP183,DEP03,JL5,203330.0,2,1.0,1
2024-02-01,EMP184,DEP07,JL2,59612.0,2,5.2,1
2024-02-01,EMP185,DEP01,JL4,120135.0,4,5.4,1
2024-02-01,EMP186,DEP03,JL2,64846.0,4,5.8,1
2024-02-01,EMP188,DEP08,JL4,133955.0,3,4.7,1
2024-02-01,EMP189,DEP08,JL2,68036.0,4,4.8,1
2024-02-01,EMP190,DEP07,JL4,126165.0,4,6.2,1
2024-02-01,EMP191,DEP03,JL4,153937.0,5,9.6,1
2024-02-01,EMP192,DEP04,JL5,190906.0,5,6.5,1
2024-02-01,EMP193,DEP01,JL3,104405.0,3,5.4,1
2024-02-01,EMP194,DEP03,JL3,93054.0,5,4.3,1
2024-02-01,EMP195,DEP01,JL5,181514.0,3,7.2,1
2024-02-01,EMP197,DEP01,JL1,42121.0,3,3.6,1
2024-02-01,EMP198,DEP07,JL2,65015.0,4,3.8,1
2024-02-01,EMP199,DEP03,JL4,130955.0,2,3.6,1
2024-02-01,EMP200,DEP01,JL3,114150.0,3,4.5,1
2024-03-01,EMP002,DEP04,JL2,69398.0,3,3.7,1
2024-03-01,EMP006,DEP05,JL1,49245.0,2,3.1,1
2024-03-01,EMP013,DEP02,JL2,70568.0,4,4.8,1
2024-03-01,EMP014,DEP08,JL2,69915.0,4,3.1,1
2024-03-01,EMP023,DEP04,JL3,93995.0,4,7.0,1
2024-03-01,EMP026,DEP01,JL2,65516.0,3,5.6,1
2024-03-01,EMP027,DEP04,JL2,59194.0,3,4.2,1
2024-03-01,EMP035,DEP01,JL2,61958.0,2,4.1,1
2024-03-01,EMP036,DEP08,JL4,124090.0,4,6.1,1
2024-03-01,EMP038,DEP07,JL4,137589.0,4,5.4,1
2024-03-01,EMP039,DEP07,JL3,104894.0,4,7.1,1
2024-03-01,EMP041,DEP01,JL1,42182.0,5,6.0,1
2024-03-01,EMP043,DEP01,JL4,135779.0,4,6.2,1
2024-03-01,EMP044,DEP03,JL5,205156.0,4,5.8,1
2024-03-01,EMP050,DEP02,JL2,64274.0,5,7.2,1
2024-03-01,EMP053,DEP01,JL2,62782.0,3,5.1,1
2024-03-01,EMP054,DEP05,JL3,99811.0,3,2.7,1
2024-03-01,EMP055,DEP04,JL3,113933.0,4,4.5,1
2024-03-01,EMP056,DEP02,JL3,113883.0,4,7.1,1
2024-03-01,EMP057,DEP03,JL1,44790.0,5,8.6,1
2024-03-01,EMP058,DEP02,JL4,148210.0,2,3.0,1
2024-03-01,EMP059,DEP04,JL1,47319.0,2,2.6,1
2024-03-01,EMP060,DEP04,JL2,73171.0,4,5.5,1
2024-03-01,EMP061,DEP01,JL5,165761.0,4,5.4,1
2024-03-01,EMP062,DEP01,JL3,97269.0,3,5.1,1
2024-03-01,EMP063,DEP04,JL5,187069.0,2,2.5,1
2024-03-01,EMP064,DEP04,JL4,129845.0,4,6.1,1
2024-03-01,EMP065,DEP05,JL2,61538.0,3,1.0,1
2024-03-01,EMP066,DEP07,JL3,103980.0,4,6.5,1
2024-03-01,EMP067,DEP07,JL1,49798.0,3,5.8,1
2024-03-01,EMP068,DEP03,JL3,93309.0,2,4.7,1
2024-03-01,EMP069,DEP06,JL3,105995.0,5,7.4,1
2024-03-01,EMP070,DEP01,JL4,133195.0,4,7.5,1
2024-03-01,EMP071,DEP03,JL3,95934.0,4,4.8,1
2024-03-01,EMP072,DEP01,JL2,66491.0,3,5.6,1
2024-03-01,EMP073,DEP06,JL3,109881.0,5,7.4,1
2024-03-01,EMP074,DEP01,JL1,49870.0,4,7.3,1
2024-03-01,EMP075,DEP07,JL3,87484.0,3,4.3,1
2024-03-01,EMP076,DEP05,JL5,188371.0,5,7.8,1
2024-03-01,EMP077,DEP08,JL3,99637.0,3,5.5,1
2024-03-01,EMP078,DEP03,JL1,44184.0,2,1.0,1
2024-03-01,EMP079,DEP01,JL3,89732.0,1,2.4,1
2024-03-01,EMP080,DEP01,JL3,84818.0,5,8.2,1
2024-03-01,EMP081,DEP01,JL3,82846.0,5,7.8,1
2024-03-01,EMP082,DEP07,JL4,133938.0,4,5.6,1
2024-03-01,EMP083,DEP07,JL2,58679.0,4,6.1,1
2024-03-01,EMP084,DEP04,JL4,114215.0,4,6.7,1
2024-03-01,EMP085,DEP04,JL3,96227.0,4,6.9,1
2024-03-01,EMP086,DEP02,JL2,65974.0,3,4.3,1
2024-03-01,EMP087,DEP08,JL2,65398.0,4,5.8,1
2024-03-01,EMP088,DEP03,JL3,107191.0,3,5.3,1
2024-03-01,EMP089,DEP03,JL4,118263.0,5,7.7,1
2024-03-01,EMP090,DEP04,JL3,100305.0,3,1.2,1
2024-03-01,EMP092,DEP02,JL3,103051.0,3,4.3,1
2024-03-01,EMP093,DEP03,JL4,135342.0,2,2.6,1
2024-03-01,EMP095,DEP04,JL2,54480.0,4,8.1,1
2024-03-01,EMP096,DEP07,JL3,114759.0,4,4.9,1
2024-03-01,EMP097,DEP08,JL4,126508.0,2,4.6,1
2024-03-01,EMP100,DEP02,JL4,119469.0,5,5.5,1
2024-03-01,EMP101,DEP03,JL4,144654.0,5,8.1,1
2024-03-01,EMP103,DEP03,JL4,140881.0,2,1.3,1
2024-03-01,EMP104,DEP01,JL1,47127.0,4,7.0,1
2024-03-01,EMP105,DEP04,JL3,108240.0,4,6.1,1
2024-03-01,EMP106,DEP01,JL2,70190.0,4,5.6,1
2024-03-01,EMP107,DEP07,JL4,137478.0,4,7.6,1
2024-03-01,EMP108,DEP02,JL2,61146.0,4,6.7,1
2024-03-01,EMP109,DEP04,JL3,97645.0,3,7.9,1
2024-03-01,EMP110,DEP04,JL4,147404.0,5,10.0,1
2024-03-01,EMP111,DEP08,JL2,70601.0,4,5.8,1
2024-03-01,EMP113,DEP01,JL3,107397.0,4,7.3,1
2024-03-01,EMP114,DEP03,JL1,43001.0,5,7.7,1
2024-03-01,EMP115,DEP04,JL2,65352.0,3,5.5,1
2024-03-01,EMP116,DEP05,JL3,103235.0,5,7.7,1
2024-03-01,EMP117,DEP03,JL4,130975.0,3,5.6,1
2024-03-01,EMP118,DEP01,JL3,118282.0,4,6.4,1
2024-03-01,EMP119,DEP01,JL4,140328.0,4,5.9,1
2024-03-01,EMP120,DEP04,JL3,92394.0,3,4.7,1
2024-03-01,EMP121,DEP03,JL3,112864.0,4,6.3,1
2024-03-01,EMP122,DEP04,JL5,193115.0,5,7.6,1
2024-03-01,EMP123,DEP01,JL4,128906.0,2,1.3,1
2024-03-01,EMP125,DEP03,JL3,93567.0,4,5.6,1
2024-03-01,EMP126,DEP04,JL3,107645.0,3,4.5,1
2024-03-01,EMP127,DEP03,JL5,183999.0,4,6.3,1
2024-03-01,EMP128,DEP04,JL3,109113.0,3,3.6,1
2024-03-01,EMP129,DEP04,JL4,138742.0,1,1.0,1
2024-03-01,EMP130,DEP01,JL4,135128.0,3,3.2,1
2024-03-01,EMP131,DEP06,JL3,103831.0,3,2.5,1
2024-03-01,EMP132,DEP01,JL3,105807.0,3,3.0,1
2024-03-01,EMP133,DEP01,JL4,144092.0,4,5.5,1
2024-03-01,EMP134,DEP02,JL3,104363.0,2,1.0,1
2024-03-01,EMP135,DEP06,JL3,109936.0,4,4.9,1
2024-03-01,EMP136,DEP06,JL2,57764.0,3,4.5,1
2024-03-01,EMP137,DEP01,JL3,94567.0,3,4.7,1
2024-03-01,EMP138,DEP01,JL4,134072.0,4,5.5,1
2024-03-01,EMP140,DEP03,JL3,106379.0,3,3.4,1
2024-03-01,EMP141,DEP07,JL1,40232.0,4,5.8,1
2024-03-01,EMP142,DEP02,JL3,104427.0,4,4.3,1
2024-03-01,EMP143,DEP02,JL3,112123.0,4,7.0,1
2024-03-01,EMP144,DEP04,JL4,132515.0,3,4.4,1
2024-03-01,EMP146,DEP08,JL3,107870.0,5,7.2,1
2024-03-01,EMP147,DEP04,JL5,183768.0,3,3.5,1
2024-03-01,EMP148,DEP01,JL3,100920.0,4,6.5,1
2024-03-01,EMP150,DEP03,JL4,131613.0,5,7.5,1
2024-03-01,EMP151,DEP01,JL4,121152.0,3,5.4,1
2024-03-01,EMP152,DEP04,JL4,133762.0,4,9.4,1
2024-03-01,EMP154,DEP08,JL4,128104.0,4,6.2,1
2024-03-01,EMP156,DEP02,JL1,47086.0,3,4.4,1
2024-03-01,EMP157,DEP06,JL4,131808.0,5,6.2,1
2024-03-01,EMP158,DEP04,JL3,115893.0,4,6.0,1
2024-03-01,EMP159,DEP03,JL4,139533.0,4,7.1,1
2024-03-01,EMP160,DEP08,JL4,137501.0,4,5.0,1
2024-03-01,EMP161,DEP06,JL3,106152.0,4,6.3,1
2024-03-01,EMP162,DEP02,JL2,73928.0,2,3.5,1
2024-03-01,EMP163,DEP01,JL4,138226.0,3,3.9,1
2024-03-01,EMP164,DEP05,JL3,99181.0,5,7.1,1
2024-03-01,EMP165,DEP07,JL5,183624.0,3,5.9,1
2024-03-01,EMP166,DEP05,JL2,63708.0,3,6.2,1
2024-03-01,EMP167,DEP04,JL4,125882.0,3,4.7,1
2024-03-01,EMP168,DEP02,JL4,134132.0,4,6.0,1
2024-03-01,EMP169,DEP05,JL3,119856.0,4,4.4,1
2024-03-01,EMP171,DEP03,JL4,132274.0,4,5.2,1
2024-03-01,EMP172,DEP01,JL4,118759.0,3,5.4,1
2024-03-01,EMP173,DEP01,JL3,107435.0,3,3.4,1
2024-03-01,EMP174,DEP03,JL3,100996.0,2,2.6,1
2024-03-01,EMP175,DEP05,JL3,94863.0,3,3.7,1
2024-03-01,EMP176,DEP05,JL3,104893.0,3,3.4,1
2024-03-01,EMP177,DEP02,JL3,106619.0,5,7.8,1
2024-03-01,EMP178,DEP05,JL3,104587.0,5,8.2,1
2024-03-01,EMP179,DEP06,JL3,88119.0,3,5.6,1
2024-03-01,EMP180,DEP04,JL3,83556.0,5,7.8,1
2024-03-01,EMP182,DEP02,JL2,65318.0,5,7.0,1
2024-03-01,EMP183,DEP03,JL5,179538.0,3,3.1,1
2024-03-01,EMP184,DEP07,JL2,59470.0,4,4.4,1
2024-03-01,EMP185,DEP01,JL4,124298.0,4,5.7,1
2024-03-01,EMP186,DEP03,JL2,69368.0,3,1.5,1
2024-03-01,EMP188,DEP08,JL4,144038.0,5,7.5,1
2024-03-01,EMP189,DEP08,JL2,77918.0,3,4.4,1
2024-03-01,EMP190,DEP07,JL4,135216.0,4,5.9,1
2024-03-01,EMP191,DEP03,JL4,134336.0,2,4.2,1
2024-03-01,EMP192,DEP04,JL5,177936.0,1,1.0,1
2024-03-01,EMP193,DEP01,JL3,103173.0,3,6.0,1
2024-03-01,EMP194,DEP03,JL3,102994.0,4,7.5,1
2024-03-01,EMP195,DEP01,JL5,163569.0,4,7.3,1
2024-03-01,EMP197,DEP01,JL1,40817.0,2,1.2,1
2024-03-01,EMP198,DEP07,JL2,70800.0,4,4.9,1
2024-03-01,EMP199,DEP03,JL4,126734.0,5,7.4,1
2024-03-01,EMP200,DEP01,JL3,98788.0,2,4.1,1
2024-04-01,EMP002,DEP04,JL2,67612.0,4,6.6,1
2024-04-01,EMP006,DEP05,JL1,39898.0,4,6.8,1
2024-04-01,EMP013,DEP02,JL2,64383.0,4,6.0,1
2024-04-01,EMP020,DEP02,JL1,45607.0,4,6.4,1
2024-04-01,EMP023,DEP04,JL3,100313.0,5,5.6,1
2024-04-01,EMP024,DEP03,JL1,47183.0,4,4.3,1
2024-04-01,EMP026,DEP01,JL2,57910.0,2,3.7,1
2024-04-01,EMP027,DEP04,JL2,64783.0,4,7.3,1
2024-04-01,EMP035,DEP01,JL2,70323.0,3,6.0,1
2024-04-01,EMP036,DEP08,JL4,132699.0,4,4.7,1
2024-04-01,EMP038,DEP07,JL4,143264.0,5,7.5,1
2024-04-01,EMP039,DEP07,JL3,103247.0,5,6.7,1
2024-04-01,EMP041,DEP01,JL1,42321.0,4,7.5,1
2024-04-01,EMP043,DEP01,JL4,119534.0,5,6.6,1
2024-04-01,EMP044,DEP03,JL5,194190.0,3,4.4,1
2024-04-01,EMP048,DEP01,JL1,47274.0,1,2.6,1
2024-04-01,EMP050,DEP02,JL2,70966.0,5,5.8,1
2024-04-01,EMP053,DEP01,JL2,59773.0,3,4.0,1
2024-04-01,EMP054,DEP05,JL3,117096.0,3,3.7,1
2024-04-01,EMP055,DEP04,JL3,102739.0,4,8.1,1
2024-04-01,EMP056,DEP02,JL3,102953.0,4,3.2,1
2024-04-01,EMP057,DEP03,JL1,43797.0,3,5.2,1
2024-04-01,EMP058,DEP02,JL4,158211.0,3,2.4,1
2024-04-01,EMP059,DEP04,JL1,41752.0,3,5.0,1
2024-04-01,EMP060,DEP04,JL2,63435.0,3,3.3,1
2024-04-01,EMP061,DEP01,JL5,176271.0,3,6.7,1
2024-04-01,EMP062,DEP01,JL3,101447.0,5,7.7,1
2024-04-01,EMP063,DEP04,JL5,188097.0,2,3.8,1
2024-04-01,EMP064,DEP04,JL4,128943.0,4,5.2,1
2024-04-01,EMP065,DEP05,JL2,57759.0,4,8.9,1
2024-04-01,EMP066,DEP07,JL3,94418.0,4,7.1,1
2024-04-01,EMP067,DEP07,JL1,46666.0,4,7.3,1
2024-04-01,EMP068,DEP03,JL3,101205.0,2,6.2,1
2024-04-01,EMP069,DEP06,JL3,92000.0,4,7.4,1
2024-04-01,EMP070,DEP01,JL4,142028.0,4,4.3,1
2024-04-01,EMP071,DEP03,JL3,100929.0,3,5.3,1
2024-04-01,EMP072,DEP01,JL2,64812.0,4,8.7,1
2024-04-01,EMP073,DEP06,JL3,112974.0,3,4.9,1
2024-04-01,EMP074,DEP01,JL1,41717.0,2,4.8,1
2024-04-01,EMP075,DEP07,JL3,96218.0,2,3.0,1
2024-04-01,EMP076,DEP05,JL5,188871.0,4,8.1,1
2024-04-01,EMP077,DEP08,JL3,95976.0,4,5.4,1
2024-04-01,EMP078,DEP03,JL1,43986.0,4,5.8,1
2024-04-01,EMP079,DEP01,JL3,92481.0,3,3.5,1
2024-04-01,EMP080,DEP01,JL3,91813.0,3,2.9,1
2024-04-01,EMP081,DEP01,JL3,95308.0,3,3.9,1
2024-04-01,EMP082,DEP07,JL4,139203.0,4,5.2,1
2024-04-01,EMP083,DEP07,JL2,72640.0,5,6.8,1
2024-04-01,EMP084,DEP04,JL4,119801.0,3,4.2,1
2024-04-01,EMP085,DEP04,JL3,98784.0,4,6.3,1
2024-04-01,EMP086,DEP02,JL2,73144.0,3,5.0,1
2024-04-01,EMP087,DEP08,JL2,63108.0,4,5.0,1
2024-04-01,EMP088,DEP03,JL3,114802.0,3,4.1,1
2024-04-01,EMP089,DEP03,JL4,142509.0,5,8.7,1
2024-04-01,EMP090,DEP04,JL3,102448.0,4,7.3,1
2024-04-01,EMP092,DEP02,JL3,100094.0,3,5.0,1
2024-04-01,EMP093,DEP03,JL4,143948.0,4,4.5,1
2024-04-01,EMP095,DEP04,JL2,76990.0,3,5.3,1
2024-04-01,EMP096,DEP07,JL3,103585.0,4,7.2,1
2024-04-01,EMP097,DEP08,JL4,133673.0,5,6.9,1
2024-04-01,EMP099,DEP07,JL1,45333.0,1,1.3,1
2024-04-01,EMP100,DEP02,JL4,132755.0,5,7.0,1
2024-04-01,EMP101,DEP03,JL4,137212.0,5,7.1,1
2024-04-01,EMP103,DEP03,JL4,139470.0,4,5.0,1
2024-04-01,EMP104,DEP01,JL1,48787.0,4,8.2,1
2024-04-01,EMP105,DEP04,JL3,102568.0,2,1.4,1
2024-04-01,EMP106,DEP01,JL2,64315.0,3,4.8,1
2024-04-01,EMP107,DEP07,JL4,129940.0,4,5.1,1
2024-04-01,EMP108,DEP02,JL2,69115.0,2,3.0,1
2024-04-01,EMP109,DEP04,JL3,97709.0,4,6.1,1
2024-04-01,EMP110,DEP04,JL4,131900.0,5,7.6,1
2024-04-01,EMP111,DEP08,JL2,74551.0,2,3.2,1
2024-04-01,EMP113,DEP01,JL3,99587.0,3,6.1,1
2024-04-01,EMP114,DEP03,JL1,49680.0,3,6.1,1
2024-04-01,EMP115,DEP04,JL2,68021.0,4,7.7,1
2024-04-01,EMP116,DEP05,JL3,113813.0,4,5.9,1
2024-04-01,EMP117,DEP03,JL4,123950.0,2,1.0,1
2024-04-01,EMP118,DEP01,JL3,97354.0,4,5.0,1
2024-04-01,EMP119,DEP01,JL4,125602.0,5,7.0,1
2024-04-01,EMP120,DEP04,JL3,93821.0,4,5.1,1
2024-04-01,EMP121,DEP03,JL3,96240.0,4,4.3,1
2024-04-01,EMP122,DEP04,JL5,176430.0,5,7.5,1
2024-04-01,EMP123,DEP01,JL4,136653.0,4,8.1,1
2024-04-01,EMP125,DEP03,JL3,104411.0,3,4.2,1
2024-04-01,EMP126,DEP04,JL3,88600.0,4,5.9,1
2024-04-01,EMP127,DEP03,JL5,212779.0,2,3.3,1
2024-04-01,EMP128,DEP04,JL3,90122.0,3,5.5,1
2024-04-01,EMP129,DEP04,JL4,126954.0,1,1.0,1
2024-04-01,EMP130,DEP01,JL4,131682.0,2,1.8,1
2024-04-01,EMP131,DEP06,JL3,104325.0,3,4.2,1
2024-04-01,EMP132,DEP01,JL3,98594.0,3,4.0,1
2024-04-01,EMP133,DEP01,JL4,134782.0,3,5.6,1
2024-04-01,EMP134,DEP02,JL3,93916.0,3,5.3,1
2024-04-01,EMP135,DEP06,JL3,97815.0,2,3.9,1
2024-04-01,EMP136,DEP06,JL2,73031.0,4,6.0,1
2024-04-01,EMP137,DEP01,JL3,102493.0,3,3.8,1
2024-04-01,EMP138,DEP01,JL4,118592.0,3,5.7,1
2024-04-01,EMP140,DEP03,JL3,95889.0,4,5.9,1
2024-04-01,EMP141,DEP07,JL1,46681.0,4,6.0,1
2024-04-01,EMP142,DEP02,JL3,109097.0,2,3.3,1
2024-04-01,EMP143,DEP02,JL3,104587.0,3,5.2,1
2024-04-01,EMP144,DEP04,JL4,138714.0,4,6.7,1
2024-04-01,EMP145,DEP04,JL1,47524.0,3,2.5,1
2024-04-01,EMP146,DEP08,JL3,89324.0,4,5.8,1
2024-04-01,EMP147,DEP04,JL5,224811.0,3,5.0,1
2024-04-01,EMP148,DEP01,JL3,94820.0,3,5.1,1
2024-04-01,EMP150,DEP03,JL4,137607.0,4,4.9,1
2024-04-01,EMP151,DEP01,JL4,128927.0,1,1.1,1
2024-04-01,EMP152,DEP04,JL4,139382.0,4,5.5,1
2024-04-01,EMP154,DEP08,JL4,114847.0,3,5.9,1
2024-04-01,EMP156,DEP02,JL1,44302.0,3,6.4,1
2024-04-01,EMP157,DEP06,JL4,152333.0,3,4.1,1
2024-04-01,EMP158,DEP04,JL3,93491.0,4,5.8,1
2024-04-01,EMP159,DEP03,JL4,147433.0,3,2.9,1
2024-04-01,EMP160,DEP08,JL4,125570.0,3,4.3,1
2024-04-01,EMP161,DEP06,JL3,115628.0,3,3.5,1
2024-04-01,EMP162,DEP02,JL2,71940.0,4,4.0,1
2024-04-01,EMP163,DEP01,JL4,120506.0,3,5.0,1
2024-04-01,EMP164,DEP05,JL3,93080.0,5,6.3,1
2024-04-01,EMP165,DEP07,JL5,204388.0,5,7.9,1
2024-04-01,EMP166,DEP05,JL2,72671.0,4,7.3,1
2024-04-01,EMP167,DEP04,JL4,138953.0,3,4.1,1
2024-04-01,EMP168,DEP02,JL4,125035.0,4,7.9,1
2024-04-01,EMP169,DEP05,JL3,108707.0,4,5.3,1
2024-04-01,EMP171,DEP03,JL4,132209.0,2,2.9,1
2024-04-01,EMP172,DEP01,JL4,116449.0,4,5.9,1
2024-04-01,EMP173,DEP01,JL3,98956.0,4,7.3,1
2024-04-01,EMP174,DEP03,JL3,106508.0,3,2.2,1
2024-04-01,EMP175,DEP05,JL3,105981.0,3,3.9,1
2024-04-01,EMP176,DEP05,JL3,100668.0,2,3.0,1
2024-04-01,EMP177,DEP02,JL3,122224.0,3,3.4,1
2024-04-01,EMP178,DEP05,JL3,105861.0,4,7.6,1
2024-04-01,EMP179,DEP06,JL3,113663.0,1,1.0,1
2024-04-01,EMP180,DEP04,JL3,88167.0,3,4.5,1
2024-04-01,EMP182,DEP02,JL2,67554.0,2,4.5,1
2024-04-01,EMP183,DEP03,JL5,172748.0,2,2.0,1
2024-04-01,EMP184,DEP07,JL2,60446.0,5,9.4,1
2024-04-01,EMP185,DEP01,JL4,136660.0,4,4.7,1
2024-04-01,EMP186,DEP03,JL2,58656.0,4,6.0,1
2024-04-01,EMP188,DEP08,JL4,130929.0,1,1.0,1
2024-04-01,EMP189,DEP08,JL2,67022.0,5,7.5,1
2024-04-01,EMP190,DEP07,JL4,127446.0,1,1.0,1
2024-04-01,EMP191,DEP03,JL4,141731.0,4,7.4,1
2024-04-01,EMP192,DEP04,JL5,185580.0,4,6.0,1
2024-04-01,EMP193,DEP01,JL3,98074.0,5,9.1,1
2024-04-01,EMP194,DEP03,JL3,98100.0,3,2.3,1
2024-04-01,EMP195,DEP01,JL5,188271.0,3,2.9,1
2024-04-01,EMP197,DEP01,JL1,46807.0,2,4.0,1
2024-04-01,EMP198,DEP07,JL2,61498.0,4,6.4,1
2024-04-01,EMP199,DEP03,JL4,142038.0,3,3.8,1
2024-04-01,EMP200,DEP01,JL3,105194.0,5,7.0,1
2024-05-01,EMP002,DEP04,JL2,58104.0,2,2.8,1
2024-05-01,EMP006,DEP05,JL1,41287.0,2,3.9,1
2024-05-01,EMP020,DEP02,JL1,44015.0,3,5.7,1
2024-05-01,EMP023,DEP04,JL3,81534.0,3,4.7,1
2024-05-01,EMP024,DEP03,JL1,46342.0,3,3.6,1
2024-05-01,EMP026,DEP01,JL2,64510.0,4,6.6,1
2024-05-01,EMP035,DEP01,JL2,69179.0,3,3.2,1
2024-05-01,EMP036,DEP08,JL4,145994.0,4,5.9,1
2024-05-01,EMP038,DEP07,JL4,137204.0,4,6.1,1
2024-05-01,EMP039,DEP07,JL3,100004.0,3,4.0,1
2024-05-01,EMP041,DEP01,JL1,45630.0,3,3.0,1
2024-05-01,EMP043,DEP01,JL4,116041.0,4,6.5,1
2024-05-01,EMP044,DEP03,JL5,164245.0,4,5.6,1
2024-05-01,EMP048,DEP01,JL1,48245.0,4,6.9,1
2024-05-01,EMP050,DEP02,JL2,67986.0,4,5.4,1
2024-05-01,EMP053,DEP01,JL2,64492.0,4,6.2,1
2024-05-01,EMP054,DEP05,JL3,99796.0,2,4.5,1
2024-05-01,EMP055,DEP04,JL3,96454.0,4,6.3,1
2024-05-01,EMP056,DEP02,JL3,109968.0,4,7.5,1
2024-05-01,EMP057,DEP03,JL1,44163.0,4,7.3,1
2024-05-01,EMP058,DEP02,JL4,137660.0,5,6.7,1
2024-05-01,EMP059,DEP04,JL1,44683.0,2,2.8,1
2024-05-01,EMP060,DEP04,JL2,65953.0,3,4.0,1
2024-05-01,EMP061,DEP01,JL5,204021.0,4,4.5,1
2024-05-01,EMP062,DEP01,JL3,92458.0,4,6.6,1
2024-05-01,EMP063,DEP04,JL5,187916.0,5,7.6,1
2024-05-01,EMP064,DEP04,JL4,136200.0,5,8.9,1
2024-05-01,EMP065,DEP05,JL2,69574.0,4,4.2,1
2024-05-01,EMP066,DEP07,JL3,103988.0,3,5.7,1
2024-05-01,EMP067,DEP07,JL1,43671.0,4,5.4,1
2024-05-01,EMP068,DEP03,JL3,108006.0,4,7.5,1
2024-05-01,EMP069,DEP06,JL3,98294.0,3,1.4,1
2024-05-01,EMP070,DEP01,JL4,128361.0,2,4.6,1
2024-05-01,EMP071,DEP03,JL3,90176.0,3,4.3,1
2024-05-01,EMP072,DEP01,JL2,71233.0,3,3.2,1
2024-05-01,EMP073,DEP06,JL3,110371.0,4,6.0,1
2024-05-01,EMP074,DEP01,JL1,42245.0,3,4.2,1
2024-05-01,EMP075,DEP07,JL3,96367.0,4,5.2,1
2024-05-01,EMP076,DEP05,JL5,179609.0,5,8.1,1
2024-05-01,EMP077,DEP08,JL3,100038.0,4,7.3,1
2024-05-01,EMP078,DEP03,JL1,41591.0,5,7.3,1
2024-05-01,EMP079,DEP01,JL3,95986.0,3,4.9,1
2024-05-01,EMP080,DEP01,JL3,106813.0,5,7.4,1
2024-05-01,EMP081,DEP01,JL3,100593.0,3,4.3,1
2024-05-01,EMP082,DEP07,JL4,137320.0,4,6.0,1
2024-05-01,EMP083,DEP07,JL2,64583.0,3,5.1,1
2024-05-01,EMP084,DEP04,JL4,128181.0,3,6.9,1
2024-05-01,EMP085,DEP04,JL3,98876.0,3,4.6,1
2024-05-01,EMP086,DEP02,JL2,72405.0,2,2.5,1
2024-05-01,EMP087,DEP08,JL2,63674.0,1,1.9,1
2024-05-01,EMP088,DEP03,JL3,106123.0,2,2.4,1
2024-05-01,EMP089,DEP03,JL4,139784.0,5,8.8,1
2024-05-01,EMP090,DEP04,JL3,109125.0,2,1.3,1
2024-05-01,EMP092,DEP02,JL3,96614.0,3,4.7,1
2024-05-01,EMP093,DEP03,JL4,148524.0,3,5.8,1
2024-05-01,EMP095,DEP04,JL2,62354.0,4,7.2,1
2024-05-01,EMP096,DEP07,JL3,102216.0,4,6.2,1
2024-05-01,EMP097,DEP08,JL4,142438.0,4,4.8,1
2024-05-01,EMP098,DEP01,JL2,62343.0,3,4.2,1
2024-05-01,EMP099,DEP07,JL1,43327.0,5,7.8,1
2024-05-01,EMP100,DEP02,JL4,136775.0,5,6.1,1
2024-05-01,EMP101,DEP03,JL4,133398.0,4,5.7,1
2024-05-01,EMP103,DEP03,JL4,138001.0,4,6.8,1
2024-05-01,EMP104,DEP01,JL1,49173.0,2,3.6,1
2024-05-01,EMP105,DEP04,JL3,93940.0,4,3.2,1
2024-05-01,EMP106,DEP01,JL2,63589.0,2,3.1,1
2024-05-01,EMP107,DEP07,JL4,140024.0,4,5.7,1
2024-05-01,EMP108,DEP02,JL2,69845.0,4,5.3,1
2024-05-01,EMP109,DEP04,JL3,104349.0,4,5.7,1
2024-05-01,EMP110,DEP04,JL4,143123.0,3,6.5,1
2024-05-01,EMP111,DEP08,JL2,66119.0,2,4.5,1
2024-05-01,EMP112,DEP06,JL1,44139.0,1,3.1,1
2024-05-01,EMP113,DEP01,JL3,93558.0,4,5.6,1
2024-05-01,EMP114,DEP03,JL1,44895.0,3,5.1,1
2024-05-01,EMP115,DEP04,JL2,61907.0,4,4.8,1
2024-05-01,EMP116,DEP05,JL3,98202.0,4,7.8,1
2024-05-01,EMP117,DEP03,JL4,130201.0,4,6.2,1
2024-05-01,EMP118,DEP01,JL3,107836.0,3,4.5,1
2024-05-01,EMP119,DEP01,JL4,129533.0,4,6.2,1
2024-05-01,EMP120,DEP04,JL3,86728.0,2,3.1,1
2024-05-01,EMP121,DEP03,JL3,101852.0,3,4.2,1
2024-05-01,EMP122,DEP04,JL5,178967.0,3,7.7,1
2024-05-01,EMP123,DEP01,JL4,143464.0,3,4.4,1
2024-05-01,EMP125,DEP03,JL3,96986.0,2,4.7,1
2024-05-01,EMP126,DEP04,JL3,104036.0,4,6.6,1
2024-05-01,EMP127,DEP03,JL5,211110.0,4,4.3,1
2024-05-01,EMP128,DEP04,JL3,93429.0,4,7.2,1
2024-05-01,EMP129,DEP04,JL4,120007.0,4,6.3,1
2024-05-01,EMP130,DEP01,JL4,124825.0,4,6.1,1
2024-05-01,EMP131,DEP06,JL3,99932.0,3,4.0,1
2024-05-01,EMP132,DEP01,JL3,99079.0,2,2.7,1
2024-05-01,EMP133,DEP01,JL4,141994.0,3,5.2,1
2024-05-01,EMP134,DEP02,JL3,97711.0,3,2.8,1
2024-05-01,EMP135,DEP06,JL3,99307.0,3,3.2,1
2024-05-01,EMP136,DEP06,JL2,71425.0,2,1.8,1
2024-05-01,EMP137,DEP01,JL3,94450.0,5,7.8,1
2024-05-01,EMP138,DEP01,JL4,114183.0,4,6.4,1
2024-05-01,EMP140,DEP03,JL3,100321.0,4,7.3,1
2024-05-01,EMP141,DEP07,JL1,40476.0,3,8.0,1
2024-05-01,EMP142,DEP02,JL3,105976.0,4,7.6,1
2024-05-01,EMP143,DEP02,JL3,97717.0,4,7.9,1
2024-05-01,EMP144,DEP04,JL4,139649.0,2,2.0,1
2024-05-01,EMP145,DEP04,JL1,43491.0,4,5.4,1
2024-05-01,EMP146,DEP08,JL3,108125.0,3,3.5,1
2024-05-01,EMP147,DEP04,JL5,201991.0,5,6.2,1
2024-05-01,EMP148,DEP01,JL3,97402.0,4,5.8,1
2024-05-01,EMP150,DEP03,JL4,128869.0,3,5.3,1
2024-05-01,EMP151,DEP01,JL4,133751.0,4,6.0,1
2024-05-01,EMP152,DEP04,JL4,132731.0,3,4.5,1
2024-05-01,EMP154,DEP08,JL4,131539.0,4,3.2,1
2024-05-01,EMP156,DEP02,JL1,51858.0,3,5.2,1
2024-05-01,EMP157,DEP06,JL4,139688.0,3,3.7,1
2024-05-01,EMP158,DEP04,JL3,93623.0,3,3.4,1
2024-05-01,EMP159,DEP03,JL4,148376.0,3,1.8,1
2024-05-01,EMP160,DEP08,JL4,129045.0,3,6.9,1
2024-05-01,EMP161,DEP06,JL3,110157.0,4,7.4,1
2024-05-01,EMP162,DEP02,JL2,76950.0,2,3.7,1
2024-05-01,EMP163,DEP01,JL4,149560.0,4,5.4,1
2024-05-01,EMP164,DEP05,JL3,94141.0,4,7.1,1
2024-05-01,EMP165,DEP07,JL5,182029.0,3,5.3,1
2024-05-01,EMP166,DEP05,JL2,73646.0,4,5.3,1
2024-05-01,EMP167,DEP04,JL4,151334.0,2,2.4,1
2024-05-01,EMP168,DEP02,JL4,126226.0,4,7.6,1
2024-05-01,EMP169,DEP05,JL3,94620.0,2,3.9,1
2024-05-01,EMP171,DEP03,JL4,132521.0,4,5.1,1
2024-05-01,EMP172,DEP01,JL4,145113.0,4,7.7,1
2024-05-01,EMP173,DEP01,JL3,111448.0,3,4.1,1
2024-05-01,EMP174,DEP03,JL3,117522.0,4,4.2,1
2024-05-01,EMP175,DEP05,JL3,107148.0,3,4.3,1
2024-05-01,EMP176,DEP05,JL3,95269.0,4,6.6,1
2024-05-01,EMP177,DEP02,JL3,103690.0,5,7.4,1
2024-05-01,EMP178,DEP05,JL3,114937.0,4,8.3,1
2024-05-01,EMP179,DEP06,JL3,92388.0,3,5.5,1
2024-05-01,EMP180,DEP04,JL3,107474.0,4,5.6,1
2024-05-01,EMP182,DEP02,JL2,67485.0,4,6.5,1
2024-05-01,EMP183,DEP03,JL5,193222.0,3,3.4,1
2024-05-01,EMP184,DEP07,JL2,60190.0,4,4.7,1
2024-05-01,EMP185,DEP01,JL4,117963.0,3,6.6,1
2024-05-01,EMP186,DEP03,JL2,63108.0,5,6.5,1
2024-05-01,EMP188,DEP08,JL4,140842.0,2,2.2,1
2024-05-01,EMP189,DEP08,JL2,69146.0,4,5.2,1
2024-05-01,EMP190,DEP07,JL4,134654.0,2,4.0,1
2024-05-01,EMP191,DEP03,JL4,135449.0,2,3.0,1
2024-05-01,EMP192,DEP04,JL5,198314.0,4,2.3,1
2024-05-01,EMP193,DEP01,JL3,96372.0,5,6.8,1
2024-05-01,EMP194,DEP03,JL3,96922.0,5,8.9,1
2024-05-01,EMP195,DEP01,JL5,193142.0,5,4.5,1
2024-05-01,EMP197,DEP01,JL1,45203.0,3,3.2,1
2024-05-01,EMP198,DEP07,JL2,64893.0,3,4.7,1
2024-05-01,EMP199,DEP03,JL4,131485.0,4,6.3,1
2024-05-01,EMP200,DEP01,JL3,98228.0,3,5.8,1
2024-06-01,EMP002,DEP04,JL2,66572.0,5,8.6,1
2024-06-01,EMP006,DEP05,JL1,44619.0,4,5.6,1
2024-06-01,EMP020,DEP02,JL1,45985.0,4,6.3,1
2024-06-01,EMP023,DEP04,JL3,105662.0,3,3.3,1
2024-06-01,EMP024,DEP03,JL1,44464.0,2,1.2,1
2024-06-01,EMP026,DEP01,JL2,76067.0,4,5.3,1
2024-06-01,EMP035,DEP01,JL2,71693.0,4,7.2,1
2024-06-01,EMP036,DEP08,JL4,135007.0,3,1.6,1
2024-06-01,EMP038,DEP07,JL4,147728.0,4,9.0,1
2024-06-01,EMP039,DEP07,JL3,99992.0,4,5.8,1
2024-06-01,EMP041,DEP01,JL1,41434.0,2,1.6,1
2024-06-01,EMP043,DEP01,JL4,123511.0,3,3.5,1
2024-06-01,EMP044,DEP03,JL5,190720.0,2,2.1,1
2024-06-01,EMP048,DEP01,JL1,51343.0,4,4.6,1
2024-06-01,EMP050,DEP02,JL2,69946.0,4,5.2,1
2024-06-01,EMP053,DEP01,JL2,67925.0,2,3.3,1
2024-06-01,EMP055,DEP04,JL3,112421.0,3,5.1,1
2024-06-01,EMP056,DEP02,JL3,99664.0,3,4.6,1
2024-06-01,EMP057,DEP03,JL1,45777.0,4,4.6,1
2024-06-01,EMP058,DEP02,JL4,144656.0,3,6.8,1
2024-06-01,EMP059,DEP04,JL1,41688.0,4,6.1,1
2024-06-01,EMP060,DEP04,JL2,68495.0,2,5.6,1
2024-06-01,EMP061,DEP01,JL5,191791.0,4,7.0,1
2024-06-01,EMP062,DEP01,JL3,89521.0,5,3.5,1
2024-06-01,EMP063,DEP04,JL5,199151.0,3,4.2,1
2024-06-01,EMP064,DEP04,JL4,131667.0,4,10.0,1
2024-06-01,EMP065,DEP05,JL2,65592.0,2,3.3,1
2024-06-01,EMP066,DEP07,JL3,105447.0,3,4.8,1
2024-06-01,EMP067,DEP07,JL1,47212.0,3,3.7,1
2024-06-01,EMP068,DEP03,JL3,106445.0,2,2.9,1
2024-06-01,EMP069,DEP06,JL3,93880.0,3,5.4,1
2024-06-01,EMP070,DEP01,JL4,129171.0,4,7.1,1
2024-06-01,EMP071,DEP03,JL3,102817.0,3,4.3,1
2024-06-01,EMP072,DEP01,JL2,68453.0,3,6.1,1
2024-06-01,EMP073,DEP06,JL3,95574.0,4,4.4,1
2024-06-01,EMP074,DEP01,JL1,43035.0,4,4.8,1
2024-06-01,EMP075,DEP07,JL3,91512.0,3,4.6,1
2024-06-01,EMP076,DEP05,JL5,180283.0,4,6.8,1
2024-06-01,EMP077,DEP08,JL3,91856.0,3,5.8,1
2024-06-01,EMP078,DEP03,JL1,47343.0,4,4.3,1
2024-06-01,EMP079,DEP01,JL3,92028.0,3,4.4,1
2024-06-01,EMP080,DEP01,JL3,92553.0,2,4.8,1
2024-06-01,EMP081,DEP01,JL3,101633.0,4,4.8,1
2024-06-01,EMP082,DEP07,JL4,143802.0,3,3.8,1
2024-06-01,EMP083,DEP07,JL2,63653.0,3,5.1,1
2024-06-01,EMP084,DEP04,JL4,149595.0,2,1.3,1
2024-06-01,EMP085,DEP04,JL3,92639.0,4,7.7,1
2024-06-01,EMP086,DEP02,JL2,64846.0,3,3.0,1
2024-06-01,EMP087,DEP08,JL2,70442.0,2,3.3,1
2024-06-01,EMP088,DEP03,JL3,103980.0,5,7.6,1
2024-06-01,EMP089,DEP03,JL4,150029.0,3,5.8,1
2024-06-01,EMP090,DEP04,JL3,109306.0,3,5.9,1
2024-06-01,EMP092,DEP02,JL3,102438.0,2,1.5,1
2024-06-01,EMP093,DEP03,JL4,137127.0,3,4.1,1
2024-06-01,EMP095,DEP04,JL2,73555.0,3,4.3,1
2024-06-01,EMP096,DEP07,JL3,108929.0,2,4.5,1
2024-06-01,EMP097,DEP08,JL4,132754.0,4,6.0,1
2024-06-01,EMP098,DEP01,JL2,62934.0,5,7.9,1
2024-06-01,EMP099,DEP07,JL1,55715.0,2,2.9,1
2024-06-01,EMP100,DEP02,JL4,134299.0,3,3.8,1
2024-06-01,EMP101,DEP03,JL4,131839.0,4,5.8,1
2024-06-01,EMP103,DEP03,JL4,138361.0,3,4.6,1
2024-06-01,EMP104,DEP01,JL1,37037.0,4,5.1,1
2024-06-01,EMP105,DEP04,JL3,94532.0,3,5.0,1
2024-06-01,EMP106,DEP01,JL2,65263.0,4,6.8,1
2024-06-01,EMP107,DEP07,JL4,131203.0,5,6.9,1
2024-06-01,EMP108,DEP02,JL2,70521.0,4,5.8,1
2024-06-01,EMP109,DEP04,JL3,91608.0,3,3.3,1
2024-06-01,EMP110,DEP04,JL4,128754.0,5,8.0,1
2024-06-01,EMP111,DEP08,JL2,61971.0,3,6.0,1
2024-06-01,EMP112,DEP06,JL1,49186.0,5,6.8,1
2024-06-01,EMP113,DEP01,JL3,90800.0,1,1.1,1
2024-06-01,EMP114,DEP03,JL1,48460.0,3,3.9,1
2024-06-01,EMP115,DEP04,JL2,75969.0,3,3.2,1
2024-06-01,EMP116,DEP05,JL3,99224.0,3,6.1,1
2024-06-01,EMP117,DEP03,JL4,123544.0,4,5.2,1
2024-06-01,EMP118,DEP01,JL3,95576.0,4,5.3,1
2024-06-01,EMP119,DEP01,JL4,120286.0,5,9.4,1
2024-06-01,EMP120,DEP04,JL3,102411.0,5,6.2,1
2024-06-01,EMP121,DEP03,JL3,98893.0,4,6.8,1
2024-06-01,EMP122,DEP04,JL5,170797.0,4,4.6,1
2024-06-01,EMP123,DEP01,JL4,128728.0,3,4.5,1
2024-06-01,EMP124,DEP07,JL1,44635.0,4,6.0,1
2024-06-01,EMP125,DEP03,JL3,104819.0,4,4.6,1
2024-06-01,EMP126,DEP04,JL3,97018.0,3,4.6,1
2024-06-01,EMP127,DEP03,JL5,212169.0,4,3.0,1
2024-06-01,EMP128,DEP04,JL3,100306.0,3,2.9,1
2024-06-01,EMP129,DEP04,JL4,140874.0,5,7.4,1
2024-06-01,EMP130,DEP01,JL4,134105.0,2,2.2,1
2024-06-01,EMP131,DEP06,JL3,104091.0,4,6.3,1
2024-06-01,EMP132,DEP01,JL3,95794.0,5,7.7,1
2024-06-01,EMP133,DEP01,JL4,133136.0,4,7.0,1
2024-06-01,EMP134,DEP02,JL3,95843.0,4,6.1,1
2024-06-01,EMP135,DEP06,JL3,106445.0,4,6.5,1
2024-06-01,EMP136,DEP06,JL2,70196.0,2,4.9,1
2024-06-01,EMP137,DEP01,JL3,101340.0,4,5.9,1
2024-06-01,EMP138,DEP01,JL4,132758.0,3,3.8,1
2024-06-01,EMP140,DEP03,JL3,108470.0,4,5.2,1
2024-06-01,EMP141,DEP07,JL1,42540.0,3,4.7,1
2024-06-01,EMP142,DEP02,JL3,110619.0,4,5.6,1
2024-06-01,EMP143,DEP02,JL3,102664.0,4,5.6,1
2024-06-01,EMP144,DEP04,JL4,122347.0,2,1.7,1
2024-06-01,EMP145,DEP04,JL1,47892.0,5,8.6,1
2024-06-01,EMP146,DEP08,JL3,100971.0,2,4.7,1
2024-06-01,EMP147,DEP04,JL5,207402.0,3,5.0,1
2024-06-01,EMP148,DEP01,JL3,111857.0,3,5.6,1
2024-06-01,EMP149,DEP04,JL1,37178.0,4,3.8,1
2024-06-01,EMP150,DEP03,JL4,123047.0,3,4.8,1
2024-06-01,EMP151,DEP01,JL4,132165.0,4,3.5,1
2024-06-01,EMP152,DEP04,JL4,129183.0,3,3.7,1
2024-06-01,EMP154,DEP08,JL4,134262.0,1,1.0,1
2024-06-01,EMP156,DEP02,JL1,40316.0,2,3.3,1
2024-06-01,EMP157,DEP06,JL4,146975.0,2,3.3,1
2024-06-01,EMP158,DEP04,JL3,107330.0,4,6.3,1
2024-06-01,EMP159,DEP03,JL4,142883.0,5,8.1,1
2024-06-01,EMP160,DEP08,JL4,129495.0,3,3.0,1
2024-06-01,EMP161,DEP06,JL3,95558.0,5,5.7,1
2024-06-01,EMP162,DEP02,JL2,62860.0,5,7.0,1
2024-06-01,EMP163,DEP01,JL4,135424.0,4,5.9,1
2024-06-01,EMP164,DEP05,JL3,88033.0,5,8.3,1
2024-06-01,EMP165,DEP07,JL5,185286.0,3,6.2,1
2024-06-01,EMP166,DEP05,JL2,71142.0,3,2.5,1
2024-06-01,EMP167,DEP04,JL4,140433.0,3,4.8,1
2024-06-01,EMP168,DEP02,JL4,134794.0,2,1.3,1
2024-06-01,EMP169,DEP05,JL3,102771.0,4,9.0,1
2024-06-01,EMP170,DEP01,JL2,61862.0,3,5.2,1
2024-06-01,EMP171,DEP03,JL4,131828.0,3,1.9,1
2024-06-01,EMP172,DEP01,JL4,139315.0,4,5.4,1
2024-06-01,EMP173,DEP01,JL3,126103.0,3,6.2,1
2024-06-01,EMP174,DEP03,JL3,110230.0,2,3.1,1
2024-06-01,EMP175,DEP05,JL3,109925.0,3,5.1,1
2024-06-01,EMP176,DEP05,JL3,100831.0,5,8.8,1
2024-06-01,EMP177,DEP02,JL3,109224.0,4,4.3,1
2024-06-01,EMP178,DEP05,JL3,109195.0,5,6.5,1
2024-06-01,EMP179,DEP06,JL3,96123.0,3,6.5,1
2024-06-01,EMP180,DEP04,JL3,100499.0,4,7.1,1
2024-06-01,EMP182,DEP02,JL2,63462.0,3,4.0,1
2024-06-01,EMP183,DEP03,JL5,204892.0,4,5.7,1
2024-06-01,EMP184,DEP07,JL2,78860.0,4,7.1,1
2024-06-01,EMP185,DEP01,JL4,136443.0,4,6.2,1
2024-06-01,EMP186,DEP03,JL2,60228.0,4,3.7,1
2024-06-01,EMP188,DEP08,JL4,135547.0,4,5.8,1
2024-06-01,EMP189,DEP08,JL2,70506.0,5,5.5,1
2024-06-01,EMP190,DEP07,JL4,128597.0,3,3.7,1
2024-06-01,EMP191,DEP03,JL4,147369.0,3,2.3,1
2024-06-01,EMP192,DEP04,JL5,206348.0,4,4.6,1
2024-06-01,EMP193,DEP01,JL3,113088.0,4,6.6,1
2024-06-01,EMP194,DEP03,JL3,95997.0,3,4.3,1
2024-06-01,EMP195,DEP01,JL5,192118.0,4,5.0,1
2024-06-01,EMP197,DEP01,JL1,48646.0,4,6.4,1
2024-06-01,EMP198,DEP07,JL2,74824.0,3,3.7,1
2024-06-01,EMP199,DEP03,JL4,121700.0,4,4.3,1
2024-06-01,EMP200,DEP01,JL3,117284.0,4,4.8,1
2024-07-01,EMP002,DEP04,JL2,63339.0,3,4.1,1
2024-07-01,EMP006,DEP05,JL1,43133.0,4,4.7,1
2024-07-01,EMP020,DEP02,JL1,49512.0,4,5.4,1
2024-07-01,EMP024,DEP03,JL1,46658.0,3,3.0,1
2024-07-01,EMP026,DEP01,JL2,67689.0,4,4.9,1
2024-07-01,EMP029,DEP01,JL1,45196.0,4,5.5,1
2024-07-01,EMP035,DEP01,JL2,62825.0,5,8.1,1
2024-07-01,EMP036,DEP08,JL4,135613.0,4,6.9,1
2024-07-01,EMP038,DEP07,JL4,140878.0,2,1.7,1
2024-07-01,EMP039,DEP07,JL3,98714.0,3,4.8,1
2024-07-01,EMP041,DEP01,JL1,43332.0,4,7.5,1
2024-07-01,EMP043,DEP01,JL4,117263.0,4,5.3,1
2024-07-01,EMP044,DEP03,JL5,171361.0,3,4.9,1
2024-07-01,EMP048,DEP01,JL1,42522.0,3,4.5,1
2024-07-01,EMP050,DEP02,JL2,70895.0,3,5.8,1
2024-07-01,EMP056,DEP02,JL3,100220.0,3,3.1,1
2024-07-01,EMP057,DEP03,JL1,45154.0,4,5.1,1
2024-07-01,EMP058,DEP02,JL4,145201.0,4,7.1,1
2024-07-01,EMP059,DEP04,JL1,43829.0,4,6.4,1
2024-07-01,EMP060,DEP04,JL2,61130.0,3,4.5,1
2024-07-01,EMP061,DEP01,JL5,230623.0,4,7.1,1
2024-07-01,EMP062,DEP01,JL3,102582.0,4,6.4,1
2024-07-01,EMP063,DEP04,JL5,206461.0,5,7.3,1
2024-07-01,EMP064,DEP04,JL4,127537.0,5,6.2,1
2024-07-01,EMP065,DEP05,JL2,68179.0,3,4.5,1
2024-07-01,EMP066,DEP07,JL3,99973.0,2,4.1,1
2024-07-01,EMP067,DEP07,JL1,48341.0,4,5.7,1
2024-07-01,EMP068,DEP03,JL3,94733.0,2,1.1,1
2024-07-01,EMP069,DEP06,JL3,95762.0,3,4.4,1
2024-07-01,EMP070,DEP01,JL4,134500.0,3,2.6,1
2024-07-01,EMP071,DEP03,JL3,102728.0,3,4.0,1
2024-07-01,EMP072,DEP01,JL2,74384.0,4,3.7,1
2024-07-01,EMP073,DEP06,JL3,101949.0,4,5.1,1
2024-07-01,EMP074,DEP01,JL1,40445.0,2,1.5,1
2024-07-01,EMP075,DEP07,JL3,110865.0,5,6.9,1
2024-07-01,EMP076,DEP05,JL5,205366.0,3,5.2,1
2024-07-01,EMP077,DEP08,JL3,97324.0,4,6.0,1
2024-07-01,EMP078,DEP03,JL1,44934.0,4,4.8,1
2024-07-01,EMP079,DEP01,JL3,102713.0,3,4.8,1
2024-07-01,EMP080,DEP01,JL3,91470.0,4,5.3,1
2024-07-01,EMP081,DEP01,JL3,95485.0,2,2.9,1
2024-07-01,EMP082,DEP07,JL4,139994.0,4,5.1,1
2024-07-01,EMP083,DEP07,JL2,62861.0,3,3.9,1
2024-07-01,EMP084,DEP04,JL4,147908.0,2,3.3,1
2024-07-01,EMP085,DEP04,JL3,92430.0,4,5.6,1
2024-07-01,EMP086,DEP02,JL2,60369.0,2,1.0,1
2024-07-01,EMP087,DEP08,JL2,66421.0,3,3.7,1
2024-07-01,EMP088,DEP03,JL3,116389.0,4,5.2,1
2024-07-01,EMP089,DEP03,JL4,142017.0,3,2.4,1
2024-07-01,EMP090,DEP04,JL3,106477.0,5,7.7,1
2024-07-01,EMP092,DEP02,JL3,107472.0,4,7.2,1
2024-07-01,EMP093,DEP03,JL4,146484.0,5,7.3,1
2024-07-01,EMP095,DEP04,JL2,68630.0,3,1.6,1
2024-07-01,EMP096,DEP07,JL3,108332.0,4,4.8,1
2024-07-01,EMP097,DEP08,JL4,122117.0,4,5.2,1
2024-07-01,EMP098,DEP01,JL2,69949.0,3,6.5,1
2024-07-01,EMP099,DEP07,JL1,45053.0,4,5.3,1
2024-07-01,EMP100,DEP02,JL4,128428.0,1,1.0,1
2024-07-01,EMP101,DEP03,JL4,136983.0,3,5.8,1
2024-07-01,EMP103,DEP03,JL4,143160.0,3,4.7,1
2024-07-01,EMP104,DEP01,JL1,48478.0,4,6.6,1
2024-07-01,EMP105,DEP04,JL3,100672.0,3,7.9,1
2024-07-01,EMP106,DEP01,JL2,68595.0,4,3.4,1
2024-07-01,EMP107,DEP07,JL4,131646.0,3,3.3,1
2024-07-01,EMP108,DEP02,JL2,70266.0,4,5.3,1
2024-07-01,EMP109,DEP04,JL3,100323.0,5,7.4,1
2024-07-01,EMP110,DEP04,JL4,130739.0,5,7.9,1
2024-07-01,EMP111,DEP08,JL2,60072.0,4,5.2,1
2024-07-01,EMP112,DEP06,JL1,50261.0,5,6.8,1
2024-07-01,EMP113,DEP01,JL3,116431.0,4,4.7,1
2024-07-01,EMP114,DEP03,JL1,40614.0,3,5.6,1
2024-07-01,EMP115,DEP04,JL2,68942.0,4,6.9,1
2024-07-01,EMP116,DEP05,JL3,109157.0,1,1.0,1
2024-07-01,EMP117,DEP03,JL4,135999.0,2,1.0,1
2024-07-01,EMP118,DEP01,JL3,94415.0,4,5.0,1
2024-07-01,EMP119,DEP01,JL4,116683.0,4,4.8,1
2024-07-01,EMP120,DEP04,JL3,91139.0,3,2.7,1
2024-07-01,EMP121,DEP03,JL3,106404.0,3,6.9,1
2024-07-01,EMP122,DEP04,JL5,191716.0,4,5.1,1
2024-07-01,EMP123,DEP01,JL4,127169.0,3,2.4,1
2024-07-01,EMP124,DEP07,JL1,47941.0,5,8.1,1
2024-07-01,EMP125,DEP03,JL3,101745.0,3,5.5,1
2024-07-01,EMP126,DEP04,JL3,99785.0,2,3.1,1
2024-07-01,EMP127,DEP03,JL5,185601.0,3,5.2,1
2024-07-01,EMP128,DEP04,JL3,91019.0,4,4.4,1
2024-07-01,EMP129,DEP04,JL4,122576.0,3,5.5,1
2024-07-01,EMP130,DEP01,JL4,128785.0,3,5.7,1
2024-07-01,EMP131,DEP06,JL3,109283.0,5,4.0,1
2024-07-01,EMP132,DEP01,JL3,103053.0,2,4.0,1
2024-07-01,EMP133,DEP01,JL4,126152.0,3,3.7,1
2024-07-01,EMP134,DEP02,JL3,103540.0,4,4.6,1
2024-07-01,EMP135,DEP06,JL3,87833.0,5,4.9,1
2024-07-01,EMP136,DEP06,JL2,77133.0,4,4.4,1
2024-07-01,EMP137,DEP01,JL3,98251.0,4,5.3,1
2024-07-01,EMP138,DEP01,JL4,125044.0,1,2.9,1
2024-07-01,EMP139,DEP03,JL1,45973.0,1,1.0,1
2024-07-01,EMP140,DEP03,JL3,98656.0,4,7.2,1
2024-07-01,EMP141,DEP07,JL1,44918.0,4,4.5,1
2024-07-01,EMP142,DEP02,JL3,108876.0,3,4.6,1
2024-07-01,EMP143,DEP02,JL3,119482.0,4,8.2,1
2024-07-01,EMP144,DEP04,JL4,143252.0,4,6.8,1
2024-07-01,EMP145,DEP04,JL1,47825.0,5,8.7,1
2024-07-01,EMP146,DEP08,JL3,112913.0,4,6.2,1
2024-07-01,EMP147,DEP04,JL5,205037.0,3,5.5,1
2024-07-01,EMP148,DEP01,JL3,103125.0,2,1.4,1
2024-07-01,EMP149,DEP04,JL1,45654.0,4,7.6,1
2024-07-01,EMP150,DEP03,JL4,139634.0,4,7.4,1
2024-07-01,EMP151,DEP01,JL4,131457.0,4,5.8,1
2024-07-01,EMP152,DEP04,JL4,143553.0,3,3.7,1
2024-07-01,EMP154,DEP08,JL4,121846.0,3,5.0,1
2024-07-01,EMP156,DEP02,JL1,37610.0,4,5.4,1
2024-07-01,EMP157,DEP06,JL4,144564.0,2,1.0,1
2024-07-01,EMP158,DEP04,JL3,93784.0,3,4.9,1
2024-07-01,EMP159,DEP03,JL4,132920.0,3,3.2,1
2024-07-01,EMP160,DEP08,JL4,117514.0,3,3.1,1
2024-07-01,EMP161,DEP06,JL3,113865.0,4,7.9,1
2024-07-01,EMP162,DEP02,JL2,72769.0,4,8.3,1
2024-07-01,EMP163,DEP01,JL4,130430.0,2,2.6,1
2024-07-01,EMP164,DEP05,JL3,99022.0,3,3.6,1
2024-07-01,EMP165,DEP07,JL5,211680.0,5,8.4,1
2024-07-01,EMP166,DEP05,JL2,73250.0,3,6.8,1
2024-07-01,EMP167,DEP04,JL4,149515.0,3,3.5,1
2024-07-01,EMP168,DEP02,JL4,126161.0,4,4.4,1
2024-07-01,EMP169,DEP05,JL3,99236.0,3,3.3,1
2024-07-01,EMP170,DEP01,JL2,67375.0,4,5.0,1
2024-07-01,EMP171,DEP03,JL4,129835.0,4,8.3,1
2024-07-01,EMP172,DEP01,JL4,137936.0,3,4.0,1
2024-07-01,EMP173,DEP01,JL3,107664.0,4,8.1,1
2024-07-01,EMP174,DEP03,JL3,116078.0,3,5.0,1
2024-07-01,EMP175,DEP05,JL3,105425.0,2,5.0,1
2024-07-01,EMP176,DEP05,JL3,107211.0,4,4.9,1
2024-07-01,EMP177,DEP02,JL3,121200.0,2,4.3,1
2024-07-01,EMP178,DEP05,JL3,113286.0,4,5.9,1
2024-07-01,EMP179,DEP06,JL3,104276.0,5,7.6,1
2024-07-01,EMP180,DEP04,JL3,97678.0,4,5.2,1
2024-07-01,EMP182,DEP02,JL2,64104.0,4,4.9,1
2024-07-01,EMP183,DEP03,JL5,155793.0,2,2.3,1
2024-07-01,EMP184,DEP07,JL2,75380.0,3,6.1,1
2024-07-01,EMP185,DEP01,JL4,124863.0,4,6.8,1
2024-07-01,EMP186,DEP03,JL2,64632.0,3,6.3,1
2024-07-01,EMP188,DEP08,JL4,139897.0,4,5.5,1
2024-07-01,EMP189,DEP08,JL2,77414.0,3,4.8,1
2024-07-01,EMP190,DEP07,JL4,129321.0,3,3.6,1
2024-07-01,EMP191,DEP03,JL4,140443.0,3,3.7,1
2024-07-01,EMP192,DEP04,JL5,173300.0,2,2.5,1
2024-07-01,EMP193,DEP01,JL3,107818.0,1,3.0,1
2024-07-01,EMP194,DEP03,JL3,94518.0,4,6.3,1
2024-07-01,EMP195,DEP01,JL5,182530.0,3,6.2,1
2024-07-01,EMP197,DEP01,JL1,42767.0,2,3.4,1
2024-07-01,EMP198,DEP07,JL2,66763.0,4,7.3,1
2024-07-01,EMP199,DEP03,JL4,130706.0,2,2.5,1
2024-07-01,EMP200,DEP01,JL3,98866.0,3,4.3,1
2024-08-01,EMP002,DEP04,JL2,71780.0,3,3.7,1
2024-08-01,EMP006,DEP05,JL1,45805.0,1,1.0,1
2024-08-01,EMP020,DEP02,JL1,39812.0,3,2.1,1
2024-08-01,EMP024,DEP03,JL1,50953.0,3,5.3,1
2024-08-01,EMP026,DEP01,JL2,66771.0,4,5.0,1
2024-08-01,EMP029,DEP01,JL1,52924.0,4,6.2,1
2024-08-01,EMP035,DEP01,JL2,59732.0,2,2.0,1
2024-08-01,EMP036,DEP08,JL4,131498.0,4,4.2,1
2024-08-01,EMP039,DEP07,JL3,91848.0,1,1.0,1
2024-08-01,EMP041,DEP01,JL1,44839.0,2,3.6,1
2024-08-01,EMP043,DEP01,JL4,121991.0,5,7.1,1
2024-08-01,EMP044,DEP03,JL5,200162.0,4,7.5,1
2024-08-01,EMP048,DEP01,JL1,41083.0,1,1.9,1
2024-08-01,EMP050,DEP02,JL2,70879.0,4,4.8,1
2024-08-01,EMP056,DEP02,JL3,110286.0,4,5.5,1
2024-08-01,EMP057,DEP03,JL1,47746.0,4,5.5,1
2024-08-01,EMP058,DEP02,JL4,136024.0,4,5.0,1
2024-08-01,EMP059,DEP04,JL1,46139.0,3,4.5,1
2024-08-01,EMP060,DEP04,JL2,62256.0,2,4.9,1
2024-08-01,EMP061,DEP01,JL5,202612.0,4,4.9,1
2024-08-01,EMP062,DEP01,JL3,87676.0,5,6.5,1
2024-08-01,EMP063,DEP04,JL5,199035.0,4,6.7,1
2024-08-01,EMP064,DEP04,JL4,121457.0,4,6.3,1
2024-08-01,EMP065,DEP05,JL2,80150.0,5,7.8,1
2024-08-01,EMP066,DEP07,JL3,101536.0,1,1.6,1
2024-08-01,EMP067,DEP07,JL1,44005.0,2,1.7,1
2024-08-01,EMP068,DEP03,JL3,104627.0,4,7.2,1
2024-08-01,EMP069,DEP06,JL3,97580.0,4,6.9,1
2024-08-01,EMP070,DEP01,JL4,127447.0,4,6.5,1
2024-08-01,EMP071,DEP03,JL3,109937.0,3,5.3,1
2024-08-01,EMP072,DEP01,JL2,62206.0,4,5.0,1
2024-08-01,EMP073,DEP06,JL3,106884.0,5,5.9,1
2024-08-01,EMP074,DEP01,JL1,51433.0,3,6.2,1
2024-08-01,EMP075,DEP07,JL3,100038.0,3,3.2,1
2024-08-01,EMP076,DEP05,JL5,193726.0,3,4.1,1
2024-08-01,EMP077,DEP08,JL3,95973.0,3,4.8,1
2024-08-01,EMP078,DEP03,JL1,42805.0,5,6.8,1
2024-08-01,EMP079,DEP01,JL3,109986.0,3,5.6,1
2024-08-01,EMP080,DEP01,JL3,91250.0,4,4.7,1
2024-08-01,EMP081,DEP01,JL3,95819.0,4,6.0,1
2024-08-01,EMP082,DEP07,JL4,145052.0,2,1.1,1
2024-08-01,EMP083,DEP07,JL2,68152.0,4,7.8,1
2024-08-01,EMP084,DEP04,JL4,144881.0,4,8.1,1
2024-08-01,EMP085,DEP04,JL3,96221.0,3,3.7,1
2024-08-01,EMP086,DEP02,JL2,64380.0,3,5.8,1
2024-08-01,EMP087,DEP08,JL2,62837.0,3,3.7,1
2024-08-01,EMP088,DEP03,JL3,98754.0,4,8.6,1
2024-08-01,EMP089,DEP03,JL4,135823.0,3,3.0,1
2024-08-01,EMP090,DEP04,JL3,99339.0,4,6.5,1
2024-08-01,EMP091,DEP07,JL1,39348.0,5,6.0,1
2024-08-01,EMP092,DEP02,JL3,94758.0,4,6.7,1
2024-08-01,EMP093,DEP03,JL4,140455.0,3,6.2,1
2024-08-01,EMP094,DEP08,JL2,64901.0,4,4.4,1
2024-08-01,EMP095,DEP04,JL2,72069.0,5,8.2,1
2024-08-01,EMP096,DEP07,JL3,122167.0,4,6.1,1
2024-08-01,EMP097,DEP08,JL4,137692.0,3,5.4,1
2024-08-01,EMP098,DEP01,JL2,66490.0,5,6.7,1
2024-08-01,EMP099,DEP07,JL1,46757.0,4,5.1,1
2024-08-01,EMP100,DEP02,JL4,127398.0,3,5.5,1
2024-08-01,EMP101,DEP03,JL4,150441.0,3,5.5,1
2024-08-01,EMP102,DEP05,JL2,61833.0,2,2.8,1
2024-08-01,EMP103,DEP03,JL4,137900.0,3,4.1,1
2024-08-01,EMP104,DEP01,JL1,41613.0,3,4.4,1
2024-08-01,EMP105,DEP04,JL3,97256.0,5,7.3,1
2024-08-01,EMP106,DEP01,JL2,71818.0,5,6.5,1
2024-08-01,EMP107,DEP07,JL4,127405.0,3,5.5,1
2024-08-01,EMP108,DEP02,JL2,64939.0,4,5.2,1
2024-08-01,EMP109,DEP04,JL3,97599.0,4,7.5,1
2024-08-01,EMP110,DEP04,JL4,155563.0,4,5.8,1
2024-08-01,EMP111,DEP08,JL2,77414.0,2,4.5,1
2024-08-01,EMP112,DEP06,JL1,45376.0,3,3.4,1
2024-08-01,EMP113,DEP01,JL3,105673.0,3,4.0,1
2024-08-01,EMP114,DEP03,JL1,52583.0,3,3.4,1
2024-08-01,EMP115,DEP04,JL2,62960.0,4,5.1,1
2024-08-01,EMP116,DEP05,JL3,117816.0,3,3.9,1
2024-08-01,EMP117,DEP03,JL4,140352.0,3,5.0,1
2024-08-01,EMP118,DEP01,JL3,112000.0,4,5.3,1
2024-08-01,EMP119,DEP01,JL4,135435.0,3,6.2,1
2024-08-01,EMP120,DEP04,JL3,88132.0,2,4.9,1
2024-08-01,EMP121,DEP03,JL3,111890.0,3,5.5,1
2024-08-01,EMP122,DEP04,JL5,165377.0,4,7.2,1
2024-08-01,EMP123,DEP01,JL4,132405.0,1,1.0,1
2024-08-01,EMP124,DEP07,JL1,49996.0,5,6.4,1
2024-08-01,EMP125,DEP03,JL3,88145.0,3,4.9,1
2024-08-01,EMP126,DEP04,JL3,88653.0,3,4.3,1
2024-08-01,EMP127,DEP03,JL5,187279.0,2,3.3,1
2024-08-01,EMP128,DEP04,JL3,96530.0,4,6.4,1
2024-08-01,EMP129,DEP04,JL4,132156.0,3,3.0,1
2024-08-01,EMP130,DEP01,JL4,137507.0,3,4.4,1
2024-08-01,EMP131,DEP06,JL3,90362.0,5,7.9,1
2024-08-01,EMP132,DEP01,JL3,96934.0,3,4.6,1
2024-08-01,EMP133,DEP01,JL4,135804.0,2,1.0,1
2024-08-01,EMP134,DEP02,JL3,92590.0,3,5.3,1
2024-08-01,EMP135,DEP06,JL3,88346.0,4,6.0,1
2024-08-01,EMP136,DEP06,JL2,73119.0,4,6.2,1
2024-08-01,EMP137,DEP01,JL3,96370.0,4,4.1,1
2024-08-01,EMP138,DEP01,JL4,117348.0,3,4.7,1
2024-08-01,EMP139,DEP03,JL1,45780.0,3,4.5,1
2024-08-01,EMP140,DEP03,JL3,101602.0,4,8.6,1
2024-08-01,EMP141,DEP07,JL1,48547.0,4,7.6,1
2024-08-01,EMP142,DEP02,JL3,111218.0,3,1.9,1
2024-08-01,EMP143,DEP02,JL3,107568.0,3,5.7,1
2024-08-01,EMP144,DEP04,JL4,131321.0,3,6.7,1
2024-08-01,EMP145,DEP04,JL1,48346.0,5,8.4,1
2024-08-01,EMP146,DEP08,JL3,97707.0,3,4.2,1
2024-08-01,EMP147,DEP04,JL5,193821.0,3,4.8,1
2024-08-01,EMP148,DEP01,JL3,103159.0,5,7.0,1
2024-08-01,EMP149,DEP04,JL1,45815.0,4,6.8,1
2024-08-01,EMP150,DEP03,JL4,139819.0,3,5.5,1
2024-08-01,EMP151,DEP01,JL4,138082.0,4,6.1,1
2024-08-01,EMP152,DEP04,JL4,135759.0,3,3.0,1
2024-08-01,EMP153,DEP07,JL1,44495.0,3,3.6,1
2024-08-01,EMP154,DEP08,JL4,128565.0,3,5.4,1
2024-08-01,EMP155,DEP02,JL1,47119.0,4,5.6,1
2024-08-01,EMP156,DEP02,JL1,42321.0,4,6.2,1
2024-08-01,EMP157,DEP06,JL4,143556.0,3,3.1,1
2024-08-01,EMP158,DEP04,JL3,110410.0,3,4.6,1
2024-08-01,EMP159,DEP03,JL4,132871.0,3,4.5,1
2024-08-01,EMP160,DEP08,JL4,131622.0,4,6.6,1
2024-08-01,EMP161,DEP06,JL3,110548.0,5,6.4,1
2024-08-01,EMP162,DEP02,JL2,71861.0,4,6.9,1
2024-08-01,EMP163,DEP01,JL4,146450.0,3,5.1,1
2024-08-01,EMP164,DEP05,JL3,91023.0,2,2.1,1
2024-08-01,EMP165,DEP07,JL5,197060.0,1,2.2,1
2024-08-01,EMP166,DEP05,JL2,69134.0,4,7.2,1
2024-08-01,EMP167,DEP04,JL4,143530.0,4,6.6,1
2024-08-01,EMP168,DEP02,JL4,124715.0,4,5.9,1
2024-08-01,EMP169,DEP05,JL3,106407.0,4,4.5,1
2024-08-01,EMP170,DEP01,JL2,66160.0,2,2.7,1
2024-08-01,EMP171,DEP03,JL4,130688.0,3,3.0,1
2024-08-01,EMP172,DEP01,JL4,125192.0,3,3.2,1
2024-08-01,EMP173,DEP01,JL3,106676.0,4,5.5,1
2024-08-01,EMP174,DEP03,JL3,110509.0,5,7.4,1
2024-08-01,EMP175,DEP05,JL3,99489.0,4,7.2,1
2024-08-01,EMP176,DEP05,JL3,108889.0,4,6.4,1
2024-08-01,EMP177,DEP02,JL3,101973.0,3,5.9,1
2024-08-01,EMP178,DEP05,JL3,100202.0,3,3.2,1
2024-08-01,EMP179,DEP06,JL3,97437.0,3,4.8,1
2024-08-01,EMP180,DEP04,JL3,99639.0,4,5.5,1
2024-08-01,EMP181,DEP03,JL1,40801.0,3,3.8,1
2024-08-01,EMP182,DEP02,JL2,65899.0,5,7.9,1
2024-08-01,EMP183,DEP03,JL5,190963.0,4,7.1,1
2024-08-01,EMP184,DEP07,JL2,62108.0,4,5.5,1
2024-08-01,EMP185,DEP01,JL4,129875.0,2,3.5,1
2024-08-01,EMP186,DEP03,JL2,58903.0,3,5.1,1
2024-08-01,EMP187,DEP04,JL1,47453.0,4,7.4,1
2024-08-01,EMP188,DEP08,JL4,148968.0,3,2.6,1
2024-08-01,EMP189,DEP08,JL2,64192.0,2,2.9,1
2024-08-01,EMP190,DEP07,JL4,133162.0,3,4.3,1
2024-08-01,EMP191,DEP03,JL4,134884.0,3,3.9,1
2024-08-01,EMP192,DEP04,JL5,169510.0,5,7.9,1
2024-08-01,EMP193,DEP01,JL3,100456.0,4,6.0,1
2024-08-01,EMP194,DEP03,JL3,95565.0,3,4.2,1
2024-08-01,EMP195,DEP01,JL5,202847.0,1,2.6,1
2024-08-01,EMP196,DEP07,JL1,43779.0,4,4.4,1
2024-08-01,EMP197,DEP01,JL1,40530.0,4,6.3,1
2024-08-01,EMP198,DEP07,JL2,70140.0,3,5.0,1
2024-08-01,EMP199,DEP03,JL4,123255.0,3,5.4,1
2024-08-01,EMP200,DEP01,JL3,99315.0,4,6.9,1
2024-09-01,EMP002,DEP04,JL2,61167.0,5,6.4,1
2024-09-01,EMP006,DEP05,JL1,45198.0,3,3.8,1
2024-09-01,EMP020,DEP02,JL1,48996.0,4,3.8,1
2024-09-01,EMP024,DEP03,JL1,41478.0,3,3.9,1
2024-09-01,EMP026,DEP01,JL2,72326.0,5,6.9,1
2024-09-01,EMP029,DEP01,JL1,40948.0,3,3.0,1
2024-09-01,EMP035,DEP01,JL2,65587.0,4,7.1,1
2024-09-01,EMP036,DEP08,JL4,144092.0,4,4.6,1
2024-09-01,EMP039,DEP07,JL3,98673.0,1,1.4,1
2024-09-01,EMP041,DEP01,JL1,47389.0,4,6.2,1
2024-09-01,EMP043,DEP01,JL4,140259.0,3,2.6,1
2024-09-01,EMP044,DEP03,JL5,196530.0,3,3.5,1
2024-09-01,EMP048,DEP01,JL1,42599.0,3,2.1,1
2024-09-01,EMP050,DEP02,JL2,59076.0,3,3.3,1
2024-09-01,EMP056,DEP02,JL3,104037.0,4,5.2,1
2024-09-01,EMP057,DEP03,JL1,43233.0,3,3.9,1
2024-09-01,EMP058,DEP02,JL4,138363.0,4,6.4,1
2024-09-01,EMP059,DEP04,JL1,44075.0,3,3.6,1
2024-09-01,EMP060,DEP04,JL2,75853.0,2,2.9,1
2024-09-01,EMP061,DEP01,JL5,187523.0,2,1.5,1
2024-09-01,EMP062,DEP01,JL3,98923.0,3,4.3,1
2024-09-01,EMP063,DEP04,JL5,210871.0,4,4.1,1
2024-09-01,EMP064,DEP04,JL4,121481.0,4,7.3,1
2024-09-01,EMP065,DEP05,JL2,67563.0,3,6.0,1
2024-09-01,EMP066,DEP07,JL3,112453.0,3,2.8,1
2024-09-01,EMP067,DEP07,JL1,44461.0,5,6.4,1
2024-09-01,EMP068,DEP03,JL3,107052.0,4,4.6,1
2024-09-01,EMP069,DEP06,JL3,107806.0,3,4.6,1
2024-09-01,EMP070,DEP01,JL4,119314.0,4,5.5,1
2024-09-01,EMP071,DEP03,JL3,98208.0,4,3.1,1
2024-09-01,EMP072,DEP01,JL2,63993.0,3,3.6,1
2024-09-01,EMP073,DEP06,JL3,97255.0,4,5.7,1
2024-09-01,EMP074,DEP01,JL1,40153.0,3,2.5,1
2024-09-01,EMP075,DEP07,JL3,104788.0,3,5.8,1
2024-09-01,EMP076,DEP05,JL5,216153.0,3,3.9,1
2024-09-01,EMP077,DEP08,JL3,107665.0,3,4.3,1
2024-09-01,EMP078,DEP03,JL1,45977.0,1,2.5,1
2024-09-01,EMP079,DEP01,JL3,95568.0,3,5.2,1
2024-09-01,EMP080,DEP01,JL3,89945.0,4,3.4,1
2024-09-01,EMP081,DEP01,JL3,98593.0,4,7.5,1
2024-09-01,EMP082,DEP07,JL4,129328.0,3,4.7,1
2024-09-01,EMP083,DEP07,JL2,74805.0,3,4.1,1
2024-09-01,EMP084,DEP04,JL4,126980.0,2,3.4,1
2024-09-01,EMP085,DEP04,JL3,93092.0,4,5.7,1
2024-09-01,EMP086,DEP02,JL2,64063.0,4,4.3,1
2024-09-01,EMP087,DEP08,JL2,70802.0,3,4.6,1
2024-09-01,EMP088,DEP03,JL3,121947.0,3,5.3,1
2024-09-01,EMP089,DEP03,JL4,144090.0,5,8.9,1
2024-09-01,EMP090,DEP04,JL3,107376.0,5,7.3,1
2024-09-01,EMP091,DEP07,JL1,49807.0,4,5.4,1
2024-09-01,EMP092,DEP02,JL3,103836.0,4,5.3,1
2024-09-01,EMP093,DEP03,JL4,146728.0,4,6.3,1
2024-09-01,EMP094,DEP08,JL2,68837.0,1,2.3,1
2024-09-01,EMP095,DEP04,JL2,76305.0,3,3.8,1
2024-09-01,EMP096,DEP07,JL3,113829.0,5,7.6,1
2024-09-01,EMP097,DEP08,JL4,136834.0,4,4.4,1
2024-09-01,EMP098,DEP01,JL2,63023.0,2,3.0,1
2024-09-01,EMP099,DEP07,JL1,41708.0,4,7.6,1
2024-09-01,EMP100,DEP02,JL4,139937.0,4,6.2,1
2024-09-01,EMP101,DEP03,JL4,156366.0,3,4.9,1
2024-09-01,EMP102,DEP05,JL2,65946.0,4,7.2,1
2024-09-01,EMP103,DEP03,JL4,140634.0,5,8.1,1
2024-09-01,EMP104,DEP01,JL1,45240.0,3,3.7,1
2024-09-01,EMP105,DEP04,JL3,101041.0,4,8.6,1
2024-09-01,EMP106,DEP01,JL2,64774.0,3,6.2,1
2024-09-01,EMP107,DEP07,JL4,128483.0,3,3.5,1
2024-09-01,EMP108,DEP02,JL2,60260.0,3,4.0,1
2024-09-01,EMP109,DEP04,JL3,113040.0,3,3.3,1
2024-09-01,EMP110,DEP04,JL4,137886.0,4,6.4,1
2024-09-01,EMP111,DEP08,JL2,71063.0,3,5.2,1
2024-09-01,EMP112,DEP06,JL1,45302.0,1,1.8,1
2024-09-01,EMP113,DEP01,JL3,117989.0,4,3.5,1
2024-09-01,EMP114,DEP03,JL1,48778.0,5,8.1,1
2024-09-01,EMP115,DEP04,JL2,60601.0,3,3.9,1
2024-09-01,EMP116,DEP05,JL3,113288.0,4,6.4,1
2024-09-01,EMP117,DEP03,JL4,131760.0,3,6.6,1
2024-09-01,EMP118,DEP01,JL3,96990.0,3,3.9,1
2024-09-01,EMP119,DEP01,JL4,147818.0,4,7.8,1
2024-09-01,EMP120,DEP04,JL3,93980.0,4,5.5,1
2024-09-01,EMP121,DEP03,JL3,115381.0,3,2.7,1
2024-09-01,EMP122,DEP04,JL5,177604.0,3,5.5,1
2024-09-01,EMP123,DEP01,JL4,126251.0,3,2.9,1
2024-09-01,EMP124,DEP07,JL1,50814.0,5,9.5,1
2024-09-01,EMP125,DEP03,JL3,91395.0,4,4.0,1
2024-09-01,EMP126,DEP04,JL3,97393.0,5,6.3,1
2024-09-01,EMP127,DEP03,JL5,214904.0,3,6.0,1
2024-09-01,EMP128,DEP04,JL3,99622.0,3,4.2,1
2024-09-01,EMP129,DEP04,JL4,133441.0,3,4.9,1
2024-09-01,EMP130,DEP01,JL4,133668.0,3,5.2,1
2024-09-01,EMP131,DEP06,JL3,100883.0,4,4.8,1
2024-09-01,EMP132,DEP01,JL3,100336.0,3,6.6,1
2024-09-01,EMP133,DEP01,JL4,136960.0,5,8.1,1
2024-09-01,EMP134,DEP02,JL3,85443.0,3,5.6,1
2024-09-01,EMP135,DEP06,JL3,87578.0,4,6.0,1
2024-09-01,EMP136,DEP06,JL2,68320.0,3,2.8,1
2024-09-01,EMP137,DEP01,JL3,100577.0,3,4.6,1
2024-09-01,EMP138,DEP01,JL4,149442.0,4,4.7,1
2024-09-01,EMP139,DEP03,JL1,44301.0,4,7.1,1
2024-09-01,EMP140,DEP03,JL3,93638.0,4,5.3,1
2024-09-01,EMP141,DEP07,JL1,49163.0,3,5.9,1
2024-09-01,EMP142,DEP02,JL3,107986.0,3,3.9,1
2024-09-01,EMP143,DEP02,JL3,109604.0,3,5.6,1
2024-09-01,EMP144,DEP04,JL4,137384.0,5,6.9,1
2024-09-01,EMP145,DEP04,JL1,48603.0,4,6.4,1
2024-09-01,EMP146,DEP08,JL3,95384.0,3,2.6,1
2024-09-01,EMP147,DEP04,JL5,178870.0,4,4.2,1
2024-09-01,EMP148,DEP01,JL3,118677.0,4,6.3,1
2024-09-01,EMP149,DEP04,JL1,40737.0,3,6.3,1
2024-09-01,EMP150,DEP03,JL4,137166.0,3,5.1,1
2024-09-01,EMP151,DEP01,JL4,136361.0,3,7.8,1
2024-09-01,EMP152,DEP04,JL4,135395.0,3,7.3,1
2024-09-01,EMP153,DEP07,JL1,46390.0,4,5.1,1
2024-09-01,EMP154,DEP08,JL4,117637.0,2,2.4,1
2024-09-01,EMP155,DEP02,JL1,52073.0,5,8.1,1
2024-09-01,EMP156,DEP02,JL1,40594.0,3,5.8,1
2024-09-01,EMP157,DEP06,JL4,137656.0,5,9.5,1
2024-09-01,EMP158,DEP04,JL3,96759.0,5,6.7,1
2024-09-01,EMP159,DEP03,JL4,137585.0,3,4.7,1
2024-09-01,EMP160,DEP08,JL4,109935.0,3,5.4,1
2024-09-01,EMP161,DEP06,JL3,107243.0,3,5.0,1
2024-09-01,EMP162,DEP02,JL2,67779.0,2,1.3,1
2024-09-01,EMP163,DEP01,JL4,139625.0,2,4.9,1
2024-09-01,EMP164,DEP05,JL3,96583.0,3,4.3,1
2024-09-01,EMP165,DEP07,JL5,192990.0,4,5.1,1
2024-09-01,EMP166,DEP05,JL2,63631.0,5,6.1,1
2024-09-01,EMP167,DEP04,JL4,129673.0,4,6.3,1
2024-09-01,EMP168,DEP02,JL4,131174.0,5,7.0,1
2024-09-01,EMP169,DEP05,JL3,110723.0,3,4.5,1
2024-09-01,EMP170,DEP01,JL2,61376.0,1,1.4,1
2024-09-01,EMP171,DEP03,JL4,130969.0,4,5.6,1
2024-09-01,EMP172,DEP01,JL4,144991.0,3,2.8,1
2024-09-01,EMP173,DEP01,JL3,110837.0,1,2.3,1
2024-09-01,EMP174,DEP03,JL3,106162.0,4,5.2,1
2024-09-01,EMP175,DEP05,JL3,97860.0,4,6.0,1
2024-09-01,EMP176,DEP05,JL3,102854.0,2,4.8,1
2024-09-01,EMP177,DEP02,JL3,105035.0,3,2.8,1
2024-09-01,EMP178,DEP05,JL3,120654.0,4,7.2,1
2024-09-01,EMP179,DEP06,JL3,88338.0,2,1.6,1
2024-09-01,EMP180,DEP04,JL3,81292.0,3,5.5,1
2024-09-01,EMP181,DEP03,JL1,45050.0,4,5.7,1
2024-09-01,EMP182,DEP02,JL2,68024.0,1,2.4,1
2024-09-01,EMP183,DEP03,JL5,179298.0,4,7.3,1
2024-09-01,EMP184,DEP07,JL2,53325.0,3,5.4,1
2024-09-01,EMP185,DEP01,JL4,133178.0,3,4.8,1
2024-09-01,EMP186,DEP03,JL2,68447.0,3,2.9,1
2024-09-01,EMP187,DEP04,JL1,44927.0,3,4.9,1
2024-09-01,EMP188,DEP08,JL4,120340.0,4,7.5,1
2024-09-01,EMP189,DEP08,JL2,67144.0,4,6.5,1
2024-09-01,EMP190,DEP07,JL4,123692.0,5,8.0,1
2024-09-01,EMP191,DEP03,JL4,152345.0,5,9.0,1
2024-09-01,EMP192,DEP04,JL5,200490.0,3,4.3,1
2024-09-01,EMP193,DEP01,JL3,108115.0,2,3.4,1
2024-09-01,EMP194,DEP03,JL3,99861.0,5,8.0,1
2024-09-01,EMP195,DEP01,JL5,185808.0,4,6.4,1
2024-09-01,EMP196,DEP07,JL1,40484.0,3,4.9,1
2024-09-01,EMP197,DEP01,JL1,43565.0,3,3.2,1
2024-09-01,EMP198,DEP07,JL2,60131.0,4,5.7,1
2024-09-01,EMP199,DEP03,JL4,138527.0,3,2.9,1
2024-09-01,EMP200,DEP01,JL3,103375.0,3,2.9,1
2024-10-01,EMP002,DEP04,JL2,67347.0,4,6.3,1
2024-10-01,EMP006,DEP05,JL1,41106.0,4,8.0,1
2024-10-01,EMP020,DEP02,JL1,49162.0,5,6.8,1
2024-10-01,EMP024,DEP03,JL1,40184.0,5,6.9,1
2024-10-01,EMP026,DEP01,JL2,61525.0,3,3.9,1
2024-10-01,EMP029,DEP01,JL1,45384.0,4,6.7,1
2024-10-01,EMP035,DEP01,JL2,64386.0,4,5.6,1
2024-10-01,EMP036,DEP08,JL4,128284.0,3,6.7,1
2024-10-01,EMP039,DEP07,JL3,114110.0,3,5.2,1
2024-10-01,EMP041,DEP01,JL1,47030.0,3,5.9,1
2024-10-01,EMP043,DEP01,JL4,119578.0,4,5.5,1
2024-10-01,EMP048,DEP01,JL1,48921.0,4,6.6,1
2024-10-01,EMP050,DEP02,JL2,75111.0,3,8.5,1
2024-10-01,EMP056,DEP02,JL3,119509.0,2,3.8,1
2024-10-01,EMP057,DEP03,JL1,44374.0,4,6.7,1
2024-10-01,EMP058,DEP02,JL4,142564.0,4,6.7,1
2024-10-01,EMP059,DEP04,JL1,49012.0,4,5.3,1
2024-10-01,EMP060,DEP04,JL2,58580.0,4,5.0,1
2024-10-01,EMP061,DEP01,JL5,192780.0,4,3.6,1
2024-10-01,EMP062,DEP01,JL3,90864.0,3,6.2,1
2024-10-01,EMP063,DEP04,JL5,199249.0,3,3.4,1
2024-10-01,EMP064,DEP04,JL4,112544.0,4,3.6,1
2024-10-01,EMP065,DEP05,JL2,70370.0,4,4.5,1
2024-10-01,EMP066,DEP07,JL3,110006.0,3,3.1,1
2024-10-01,EMP067,DEP07,JL1,47377.0,4,6.0,1
2024-10-01,EMP068,DEP03,JL3,95131.0,3,4.2,1
2024-10-01,EMP069,DEP06,JL3,106010.0,1,2.2,1
2024-10-01,EMP070,DEP01,JL4,136543.0,2,2.6,1
2024-10-01,EMP071,DEP03,JL3,112449.0,3,3.3,1
2024-10-01,EMP072,DEP01,JL2,66745.0,4,4.6,1
2024-10-01,EMP073,DEP06,JL3,111809.0,3,4.3,1
2024-10-01,EMP074,DEP01,JL1,49188.0,4,6.8,1
2024-10-01,EMP075,DEP07,JL3,100427.0,4,3.1,1
2024-10-01,EMP076,DEP05,JL5,198581.0,2,1.0,1
2024-10-01,EMP077,DEP08,JL3,112428.0,5,7.0,1
2024-10-01,EMP078,DEP03,JL1,48072.0,4,5.0,1
2024-10-01,EMP079,DEP01,JL3,103105.0,4,7.1,1
2024-10-01,EMP080,DEP01,JL3,86463.0,4,6.7,1
2024-10-01,EMP081,DEP01,JL3,98238.0,4,5.1,1
2024-10-01,EMP082,DEP07,JL4,140737.0,3,2.6,1
2024-10-01,EMP083,DEP07,JL2,65151.0,3,2.2,1
2024-10-01,EMP084,DEP04,JL4,132487.0,4,7.5,1
2024-10-01,EMP085,DEP04,JL3,100335.0,4,5.6,1
2024-10-01,EMP086,DEP02,JL2,78162.0,4,5.8,1
2024-10-01,EMP087,DEP08,JL2,64010.0,3,5.4,1
2024-10-01,EMP088,DEP03,JL3,112035.0,5,7.9,1
2024-10-01,EMP089,DEP03,JL4,141648.0,2,2.5,1
2024-10-01,EMP090,DEP04,JL3,109490.0,4,8.4,1
2024-10-01,EMP091,DEP07,JL1,38484.0,5,8.1,1
2024-10-01,EMP092,DEP02,JL3,89821.0,3,4.6,1
2024-10-01,EMP093,DEP03,JL4,145285.0,3,2.0,1
2024-10-01,EMP094,DEP08,JL2,54533.0,3,4.9,1
2024-10-01,EMP095,DEP04,JL2,83797.0,3,4.1,1
2024-10-01,EMP096,DEP07,JL3,120772.0,4,5.6,1
2024-10-01,EMP097,DEP08,JL4,153858.0,5,6.6,1
2024-10-01,EMP098,DEP01,JL2,61412.0,4,5.1,1
2024-10-01,EMP099,DEP07,JL1,45380.0,2,3.6,1
2024-10-01,EMP100,DEP02,JL4,115143.0,4,7.1,1
2024-10-01,EMP101,DEP03,JL4,131607.0,3,5.6,1
2024-10-01,EMP102,DEP05,JL2,61318.0,4,5.2,1
2024-10-01,EMP103,DEP03,JL4,145190.0,3,5.1,1
2024-10-01,EMP104,DEP01,JL1,43269.0,4,7.9,1
2024-10-01,EMP105,DEP04,JL3,111770.0,1,1.8,1
2024-10-01,EMP106,DEP01,JL2,57243.0,3,7.3,1
2024-10-01,EMP107,DEP07,JL4,138946.0,4,6.7,1
2024-10-01,EMP108,DEP02,JL2,65761.0,2,2.0,1
2024-10-01,EMP109,DEP04,JL3,97583.0,5,6.7,1
2024-10-01,EMP110,DEP04,JL4,141264.0,3,6.1,1
2024-10-01,EMP111,DEP08,JL2,61142.0,4,7.2,1
2024-10-01,EMP112,DEP06,JL1,47489.0,4,5.3,1
2024-10-01,EMP113,DEP01,JL3,104050.0,3,4.1,1
2024-10-01,EMP114,DEP03,JL1,49695.0,4,6.0,1
2024-10-01,EMP115,DEP04,JL2,65779.0,5,9.4,1
2024-10-01,EMP116,DEP05,JL3,113035.0,4,4.5,1
2024-10-01,EMP117,DEP03,JL4,127808.0,4,5.3,1
2024-10-01,EMP118,DEP01,JL3,99982.0,4,4.3,1
2024-10-01,EMP119,DEP01,JL4,122554.0,5,6.4,1
2024-10-01,EMP120,DEP04,JL3,92778.0,2,3.9,1
2024-10-01,EMP121,DEP03,JL3,109221.0,3,6.6,1
2024-10-01,EMP122,DEP04,JL5,186215.0,3,5.9,1
2024-10-01,EMP123,DEP01,JL4,136538.0,2,2.2,1
2024-10-01,EMP124,DEP07,JL1,39391.0,4,6.4,1
2024-10-01,EMP125,DEP03,JL3,103156.0,4,5.8,1
2024-10-01,EMP126,DEP04,JL3,99385.0,2,1.7,1
2024-10-01,EMP127,DEP03,JL5,189216.0,3,3.2,1
2024-10-01,EMP128,DEP04,JL3,91855.0,2,1.0,1
2024-10-01,EMP129,DEP04,JL4,130620.0,4,6.0,1
2024-10-01,EMP130,DEP01,JL4,138548.0,3,4.9,1
2024-10-01,EMP131,DEP06,JL3,97204.0,4,8.1,1
2024-10-01,EMP132,DEP01,JL3,90174.0,4,6.1,1
2024-10-01,EMP133,DEP01,JL4,140955.0,3,2.5,1
2024-10-01,EMP134,DEP02,JL3,91012.0,3,3.8,1
2024-10-01,EMP135,DEP06,JL3,96118.0,5,6.5,1
2024-10-01,EMP136,DEP06,JL2,71663.0,3,3.8,1
2024-10-01,EMP137,DEP01,JL3,97540.0,1,1.0,1
2024-10-01,EMP138,DEP01,JL4,125700.0,4,5.5,1
2024-10-01,EMP139,DEP03,JL1,43266.0,4,7.1,1
2024-10-01,EMP140,DEP03,JL3,102385.0,3,5.3,1
2024-10-01,EMP141,DEP07,JL1,45297.0,3,4.6,1
2024-10-01,EMP142,DEP02,JL3,106413.0,3,4.5,1
2024-10-01,EMP143,DEP02,JL3,91436.0,3,5.1,1
2024-10-01,EMP144,DEP04,JL4,133050.0,2,4.0,1
2024-10-01,EMP145,DEP04,JL1,44963.0,1,2.2,1
2024-10-01,EMP146,DEP08,JL3,95147.0,2,4.4,1
2024-10-01,EMP147,DEP04,JL5,206944.0,4,6.3,1
2024-10-01,EMP148,DEP01,JL3,101118.0,4,4.8,1
2024-10-01,EMP149,DEP04,JL1,45169.0,4,5.0,1
2024-10-01,EMP150,DEP03,JL4,133286.0,2,3.7,1
2024-10-01,EMP151,DEP01,JL4,131585.0,1,1.3,1
2024-10-01,EMP152,DEP04,JL4,117993.0,3,1.9,1
2024-10-01,EMP153,DEP07,JL1,37873.0,4,7.4,1
2024-10-01,EMP154,DEP08,JL4,140762.0,5,8.2,1
2024-10-01,EMP155,DEP02,JL1,48696.0,4,4.8,1
2024-10-01,EMP156,DEP02,JL1,46952.0,3,3.8,1
2024-10-01,EMP157,DEP06,JL4,161225.0,3,5.0,1
2024-10-01,EMP158,DEP04,JL3,90052.0,2,1.8,1
2024-10-01,EMP159,DEP03,JL4,141779.0,2,3.2,1
2024-10-01,EMP160,DEP08,JL4,120495.0,3,2.6,1
2024-10-01,EMP161,DEP06,JL3,118546.0,4,5.6,1
2024-10-01,EMP162,DEP02,JL2,79489.0,4,5.8,1
2024-10-01,EMP163,DEP01,JL4,131162.0,2,3.8,1
2024-10-01,EMP164,DEP05,JL3,104333.0,3,5.0,1
2024-10-01,EMP165,DEP07,JL5,188940.0,4,7.0,1
2024-10-01,EMP166,DEP05,JL2,72037.0,3,6.4,1
2024-10-01,EMP167,DEP04,JL4,134673.0,4,7.2,1
2024-10-01,EMP168,DEP02,JL4,131401.0,4,4.5,1
2024-10-01,EMP169,DEP05,JL3,111213.0,3,4.7,1
2024-10-01,EMP170,DEP01,JL2,58563.0,4,8.5,1
2024-10-01,EMP171,DEP03,JL4,153203.0,5,6.2,1
2024-10-01,EMP172,DEP01,JL4,141435.0,5,8.1,1
2024-10-01,EMP173,DEP01,JL3,111182.0,3,5.8,1
2024-10-01,EMP174,DEP03,JL3,117763.0,4,6.1,1
2024-10-01,EMP175,DEP05,JL3,106759.0,4,7.5,1
2024-10-01,EMP176,DEP05,JL3,112894.0,4,7.1,1
2024-10-01,EMP177,DEP02,JL3,118431.0,5,5.8,1
2024-10-01,EMP178,DEP05,JL3,109440.0,3,3.6,1
2024-10-01,EMP179,DEP06,JL3,88934.0,3,2.4,1
2024-10-01,EMP180,DEP04,JL3,81007.0,4,5.7,1
2024-10-01,EMP181,DEP03,JL1,48524.0,4,6.3,1
2024-10-01,EMP182,DEP02,JL2,60856.0,3,3.9,1
2024-10-01,EMP183,DEP03,JL5,202542.0,4,7.4,1
2024-10-01,EMP184,DEP07,JL2,71032.0,3,3.3,1
2024-10-01,EMP185,DEP01,JL4,128523.0,3,2.9,1
2024-10-01,EMP186,DEP03,JL2,59550.0,3,7.0,1
2024-10-01,EMP187,DEP04,JL1,43711.0,2,2.0,1
2024-10-01,EMP188,DEP08,JL4,139483.0,4,5.8,1
2024-10-01,EMP189,DEP08,JL2,79073.0,4,6.2,1
2024-10-01,EMP190,DEP07,JL4,131498.0,5,6.9,1
2024-10-01,EMP191,DEP03,JL4,154436.0,3,5.0,1
2024-10-01,EMP192,DEP04,JL5,178144.0,4,5.6,1
2024-10-01,EMP193,DEP01,JL3,106093.0,4,6.3,1
2024-10-01,EMP194,DEP03,JL3,103045.0,3,5.3,1
2024-10-01,EMP195,DEP01,JL5,202191.0,4,8.3,1
2024-10-01,EMP196,DEP07,JL1,45290.0,3,2.7,1
2024-10-01,EMP197,DEP01,JL1,42964.0,3,5.4,1
2024-10-01,EMP198,DEP07,JL2,60919.0,4,6.0,1
2024-10-01,EMP199,DEP03,JL4,126956.0,5,7.6,1
2024-10-01,EMP200,DEP01,JL3,109527.0,3,6.4,1
2024-11-01,EMP006,DEP05,JL1,42360.0,3,2.8,1
2024-11-01,EMP020,DEP02,JL1,49958.0,5,7.8,1
2024-11-01,EMP024,DEP03,JL1,48994.0,3,6.4,1
2024-11-01,EMP026,DEP01,JL2,73843.0,3,2.6,1
2024-11-01,EMP029,DEP01,JL1,48642.0,4,5.5,1
2024-11-01,EMP035,DEP01,JL2,64296.0,5,10.0,1
2024-11-01,EMP039,DEP07,JL3,109887.0,3,6.3,1
2024-11-01,EMP043,DEP01,JL4,132457.0,4,4.6,1
2024-11-01,EMP048,DEP01,JL1,42812.0,3,3.9,1
2024-11-01,EMP050,DEP02,JL2,67134.0,4,5.8,1
2024-11-01,EMP056,DEP02,JL3,108000.0,4,6.8,1
2024-11-01,EMP057,DEP03,JL1,43250.0,4,6.5,1
2024-11-01,EMP058,DEP02,JL4,145580.0,3,2.2,1
2024-11-01,EMP059,DEP04,JL1,44904.0,3,5.0,1
2024-11-01,EMP060,DEP04,JL2,61277.0,3,4.0,1
2024-11-01,EMP061,DEP01,JL5,206809.0,3,3.8,1
2024-11-01,EMP062,DEP01,JL3,107343.0,3,2.8,1
2024-11-01,EMP063,DEP04,JL5,221774.0,3,7.3,1
2024-11-01,EMP064,DEP04,JL4,146640.0,5,7.9,1
2024-11-01,EMP065,DEP05,JL2,65954.0,4,5.9,1
2024-11-01,EMP066,DEP07,JL3,118036.0,3,5.1,1
2024-11-01,EMP067,DEP07,JL1,41374.0,4,4.3,1
2024-11-01,EMP068,DEP03,JL3,97838.0,5,9.1,1
2024-11-01,EMP069,DEP06,JL3,107150.0,2,3.6,1
2024-11-01,EMP070,DEP01,JL4,136755.0,3,1.7,1
2024-11-01,EMP071,DEP03,JL3,105944.0,5,6.3,1
2024-11-01,EMP072,DEP01,JL2,69724.0,5,7.4,1
2024-11-01,EMP073,DEP06,JL3,104642.0,3,4.5,1
2024-11-01,EMP074,DEP01,JL1,46525.0,4,8.4,1
2024-11-01,EMP075,DEP07,JL3,98124.0,4,5.7,1
2024-11-01,EMP076,DEP05,JL5,195737.0,2,4.5,1
2024-11-01,EMP077,DEP08,JL3,111294.0,5,7.7,1
2024-11-01,EMP078,DEP03,JL1,42836.0,5,7.5,1
2024-11-01,EMP079,DEP01,JL3,101300.0,5,8.5,1
2024-11-01,EMP080,DEP01,JL3,107146.0,4,6.1,1
2024-11-01,EMP081,DEP01,JL3,107800.0,4,6.2,1
2024-11-01,EMP082,DEP07,JL4,137706.0,4,5.4,1
2024-11-01,EMP083,DEP07,JL2,77963.0,2,1.5,1
2024-11-01,EMP084,DEP04,JL4,144995.0,3,4.8,1
2024-11-01,EMP085,DEP04,JL3,91804.0,4,2.7,1
2024-11-01,EMP086,DEP02,JL2,67439.0,4,6.5,1
2024-11-01,EMP087,DEP08,JL2,64840.0,3,5.1,1
2024-11-01,EMP088,DEP03,JL3,120214.0,3,2.9,1
2024-11-01,EMP089,DEP03,JL4,124521.0,3,4.3,1
2024-11-01,EMP090,DEP04,JL3,114987.0,3,4.2,1
2024-11-01,EMP091,DEP07,JL1,41327.0,2,1.0,1
2024-11-01,EMP092,DEP02,JL3,102173.0,4,6.0,1
2024-11-01,EMP093,DEP03,JL4,129754.0,4,4.9,1
2024-11-01,EMP094,DEP08,JL2,73937.0,2,3.2,1
2024-11-01,EMP095,DEP04,JL2,64649.0,4,7.5,1
2024-11-01,EMP096,DEP07,JL3,105284.0,4,3.2,1
2024-11-01,EMP097,DEP08,JL4,149661.0,4,8.0,1
2024-11-01,EMP098,DEP01,JL2,65204.0,1,1.0,1
2024-11-01,EMP099,DEP07,JL1,42864.0,4,5.4,1
2024-11-01,EMP100,DEP02,JL4,129847.0,5,7.7,1
2024-11-01,EMP101,DEP03,JL4,146898.0,5,9.1,1
2024-11-01,EMP102,DEP05,JL2,61615.0,3,5.5,1
2024-11-01,EMP103,DEP03,JL4,144849.0,3,5.0,1
2024-11-01,EMP104,DEP01,JL1,52393.0,3,6.4,1
2024-11-01,EMP105,DEP04,JL3,100774.0,4,5.6,1
2024-11-01,EMP106,DEP01,JL2,68339.0,4,6.5,1
2024-11-01,EMP107,DEP07,JL4,136131.0,4,8.4,1
2024-11-01,EMP108,DEP02,JL2,62048.0,4,6.0,1
2024-11-01,EMP109,DEP04,JL3,101965.0,4,7.0,1
2024-11-01,EMP110,DEP04,JL4,139382.0,5,7.5,1
2024-11-01,EMP111,DEP08,JL2,63026.0,4,9.7,1
2024-11-01,EMP112,DEP06,JL1,42736.0,4,7.1,1
2024-11-01,EMP113,DEP01,JL3,107850.0,3,4.8,1
2024-11-01,EMP114,DEP03,JL1,45071.0,3,5.8,1
2024-11-01,EMP115,DEP04,JL2,60546.0,2,6.3,1
2024-11-01,EMP116,DEP05,JL3,109956.0,3,5.4,1
2024-11-01,EMP117,DEP03,JL4,124510.0,4,5.3,1
2024-11-01,EMP118,DEP01,JL3,96808.0,4,7.6,1
2024-11-01,EMP119,DEP01,JL4,134668.0,5,7.0,1
2024-11-01,EMP120,DEP04,JL3,95219.0,4,3.4,1
2024-11-01,EMP121,DEP03,JL3,106405.0,1,1.0,1
2024-11-01,EMP122,DEP04,JL5,179413.0,1,1.0,1
2024-11-01,EMP123,DEP01,JL4,125443.0,3,5.0,1
2024-11-01,EMP124,DEP07,JL1,42871.0,1,3.7,1
2024-11-01,EMP125,DEP03,JL3,105559.0,3,3.0,1
2024-11-01,EMP126,DEP04,JL3,99663.0,3,5.0,1
2024-11-01,EMP127,DEP03,JL5,182148.0,4,5.5,1
2024-11-01,EMP128,DEP04,JL3,93633.0,2,2.1,1
2024-11-01,EMP129,DEP04,JL4,117314.0,2,1.0,1
2024-11-01,EMP130,DEP01,JL4,142453.0,3,3.8,1
2024-11-01,EMP131,DEP06,JL3,104434.0,3,5.3,1
2024-11-01,EMP132,DEP01,JL3,93650.0,2,3.1,1
2024-11-01,EMP133,DEP01,JL4,146755.0,4,7.2,1
2024-11-01,EMP134,DEP02,JL3,90716.0,4,6.4,1
2024-11-01,EMP135,DEP06,JL3,98300.0,4,5.2,1
2024-11-01,EMP136,DEP06,JL2,65934.0,4,6.5,1
2024-11-01,EMP137,DEP01,JL3,104527.0,3,6.3,1
2024-11-01,EMP138,DEP01,JL4,133466.0,4,3.0,1
2024-11-01,EMP139,DEP03,JL1,38774.0,3,6.7,1
2024-11-01,EMP140,DEP03,JL3,89201.0,3,3.5,1
2024-11-01,EMP141,DEP07,JL1,40540.0,5,9.4,1
2024-11-01,EMP142,DEP02,JL3,103788.0,1,1.0,1
2024-11-01,EMP143,DEP02,JL3,102281.0,3,2.8,1
2024-11-01,EMP144,DEP04,JL4,133065.0,4,8.1,1
2024-11-01,EMP145,DEP04,JL1,46099.0,4,5.8,1
2024-11-01,EMP146,DEP08,JL3,93890.0,4,8.0,1
2024-11-01,EMP147,DEP04,JL5,207679.0,5,5.9,1
2024-11-01,EMP148,DEP01,JL3,110731.0,5,6.3,1
2024-11-01,EMP149,DEP04,JL1,42188.0,4,7.4,1
2024-11-01,EMP150,DEP03,JL4,141591.0,4,4.2,1
2024-11-01,EMP151,DEP01,JL4,126554.0,3,5.7,1
2024-11-01,EMP152,DEP04,JL4,141389.0,3,3.0,1
2024-11-01,EMP153,DEP07,JL1,43460.0,4,6.0,1
2024-11-01,EMP154,DEP08,JL4,131255.0,4,6.5,1
2024-11-01,EMP155,DEP02,JL1,45466.0,3,4.4,1
2024-11-01,EMP156,DEP02,JL1,47652.0,4,5.5,1
2024-11-01,EMP157,DEP06,JL4,135350.0,4,5.0,1
2024-11-01,EMP158,DEP04,JL3,104860.0,4,5.5,1
2024-11-01,EMP159,DEP03,JL4,128705.0,2,2.6,1
2024-11-01,EMP160,DEP08,JL4,137340.0,3,3.2,1
2024-11-01,EMP161,DEP06,JL3,117455.0,3,5.7,1
2024-11-01,EMP162,DEP02,JL2,59427.0,4,6.8,1
2024-11-01,EMP163,DEP01,JL4,121863.0,4,6.4,1
2024-11-01,EMP164,DEP05,JL3,93871.0,3,3.4,1
2024-11-01,EMP165,DEP07,JL5,193870.0,2,3.2,1
2024-11-01,EMP166,DEP05,JL2,75259.0,2,2.9,1
2024-11-01,EMP167,DEP04,JL4,137013.0,4,6.4,1
2024-11-01,EMP168,DEP02,JL4,129383.0,3,5.8,1
2024-11-01,EMP169,DEP05,JL3,99104.0,3,4.4,1
2024-11-01,EMP170,DEP01,JL2,66826.0,4,4.0,1
2024-11-01,EMP171,DEP03,JL4,140681.0,3,4.9,1
2024-11-01,EMP172,DEP01,JL4,127936.0,3,6.9,1
2024-11-01,EMP173,DEP01,JL3,113281.0,2,5.6,1
2024-11-01,EMP174,DEP03,JL3,111203.0,3,3.3,1
2024-11-01,EMP175,DEP05,JL3,91497.0,2,3.0,1
2024-11-01,EMP176,DEP05,JL3,109971.0,3,4.1,1
2024-11-01,EMP177,DEP02,JL3,106814.0,5,9.3,1
2024-11-01,EMP178,DEP05,JL3,119195.0,2,4.1,1
2024-11-01,EMP179,DEP06,JL3,89561.0,4,4.7,1
2024-11-01,EMP180,DEP04,JL3,102538.0,3,4.8,1
2024-11-01,EMP181,DEP03,JL1,42148.0,4,5.7,1
2024-11-01,EMP182,DEP02,JL2,63098.0,2,1.6,1
2024-11-01,EMP183,DEP03,JL5,214404.0,1,1.0,1
2024-11-01,EMP184,DEP07,JL2,69549.0,2,2.9,1
2024-11-01,EMP185,DEP01,JL4,123113.0,3,4.5,1
2024-11-01,EMP186,DEP03,JL2,65390.0,4,5.9,1
2024-11-01,EMP187,DEP04,JL1,48625.0,4,7.8,1
2024-11-01,EMP188,DEP08,JL4,141621.0,3,6.9,1
2024-11-01,EMP189,DEP08,JL2,62715.0,4,5.9,1
2024-11-01,EMP190,DEP07,JL4,120692.0,3,5.4,1
2024-11-01,EMP191,DEP03,JL4,140562.0,3,4.1,1
2024-11-01,EMP192,DEP04,JL5,195846.0,3,4.4,1
2024-11-01,EMP193,DEP01,JL3,102902.0,2,3.1,1
2024-11-01,EMP194,DEP03,JL3,99600.0,4,6.9,1
2024-11-01,EMP195,DEP01,JL5,194562.0,4,5.3,1
2024-11-01,EMP196,DEP07,JL1,40122.0,5,8.2,1
2024-11-01,EMP197,DEP01,JL1,46375.0,4,5.5,1
2024-11-01,EMP198,DEP07,JL2,69450.0,3,2.9,1
2024-11-01,EMP199,DEP03,JL4,127619.0,3,2.7,1
2024-11-01,EMP200,DEP01,JL3,102719.0,4,6.4,1
2024-12-01,EMP006,DEP05,JL1,44659.0,3,3.9,1
2024-12-01,EMP020,DEP02,JL1,47844.0,5,7.7,1
2024-12-01,EMP026,DEP01,JL2,66242.0,3,7.5,1
2024-12-01,EMP029,DEP01,JL1,40350.0,3,4.4,1
2024-12-01,EMP035,DEP01,JL2,60735.0,4,7.0,1
2024-12-01,EMP056,DEP02,JL3,101787.0,4,7.9,1
2024-12-01,EMP057,DEP03,JL1,50803.0,1,1.0,1
2024-12-01,EMP058,DEP02,JL4,150042.0,3,4.4,1
2024-12-01,EMP059,DEP04,JL1,51406.0,4,5.2,1
2024-12-01,EMP060,DEP04,JL2,65873.0,4,7.0,1
2024-12-01,EMP061,DEP01,JL5,185389.0,3,4.9,1
2024-12-01,EMP062,DEP01,JL3,96666.0,3,5.4,1
2024-12-01,EMP063,DEP04,JL5,154879.0,4,5.5,1
2024-12-01,EMP064,DEP04,JL4,117138.0,4,5.2,1
2024-12-01,EMP065,DEP05,JL2,62955.0,3,4.9,1
2024-12-01,EMP066,DEP07,JL3,99664.0,3,1.0,1
2024-12-01,EMP067,DEP07,JL1,38762.0,4,5.6,1
2024-12-01,EMP068,DEP03,JL3,114444.0,2,3.9,1
2024-12-01,EMP069,DEP06,JL3,105854.0,4,4.8,1
2024-12-01,EMP070,DEP01,JL4,142334.0,3,4.5,1
2024-12-01,EMP071,DEP03,JL3,119258.0,2,2.9,1
2024-12-01,EMP072,DEP01,JL2,67664.0,4,7.7,1
2024-12-01,EMP073,DEP06,JL3,100582.0,3,3.7,1
2024-12-01,EMP074,DEP01,JL1,47153.0,3,4.6,1
2024-12-01,EMP075,DEP07,JL3,101997.0,4,8.7,1
2024-12-01,EMP076,DEP05,JL5,191479.0,3,3.5,1
2024-12-01,EMP077,DEP08,JL3,100541.0,3,5.7,1
2024-12-01,EMP078,DEP03,JL1,48401.0,4,6.4,1
2024-12-01,EMP079,DEP01,JL3,94694.0,3,5.1,1
2024-12-01,EMP080,DEP01,JL3,101128.0,4,5.4,1
2024-12-01,EMP081,DEP01,JL3,100447.0,2,7.9,1
2024-12-01,EMP082,DEP07,JL4,140021.0,4,5.9,1
2024-12-01,EMP083,DEP07,JL2,77359.0,5,7.5,1
2024-12-01,EMP084,DEP04,JL4,129313.0,3,4.7,1
2024-12-01,EMP085,DEP04,JL3,103353.0,2,2.2,1
2024-12-01,EMP086,DEP02,JL2,65486.0,3,4.1,1
2024-12-01,EMP087,DEP08,JL2,56233.0,4,2.9,1
2024-12-01,EMP088,DEP03,JL3,104456.0,5,5.7,1
2024-12-01,EMP089,DEP03,JL4,124432.0,5,7.7,1
2024-12-01,EMP090,DEP04,JL3,109536.0,1,3.9,1
2024-12-01,EMP091,DEP07,JL1,48705.0,3,7.2,1
2024-12-01,EMP092,DEP02,JL3,104773.0,3,4.3,1
2024-12-01,EMP093,DEP03,JL4,134797.0,2,3.7,1
2024-12-01,EMP094,DEP08,JL2,63172.0,4,6.3,1
2024-12-01,EMP095,DEP04,JL2,74727.0,4,5.4,1
2024-12-01,EMP096,DEP07,JL3,112638.0,3,5.2,1
2024-12-01,EMP097,DEP08,JL4,134356.0,3,4.2,1
2024-12-01,EMP098,DEP01,JL2,70884.0,3,4.0,1
2024-12-01,EMP099,DEP07,JL1,41073.0,4,5.7,1
2024-12-01,EMP100,DEP02,JL4,143541.0,4,7.3,1
2024-12-01,EMP101,DEP03,JL4,152827.0,3,3.4,1
2024-12-01,EMP102,DEP05,JL2,68537.0,3,4.7,1
2024-12-01,EMP103,DEP03,JL4,143818.0,3,5.0,1
2024-12-01,EMP104,DEP01,JL1,48487.0,2,1.3,1
2024-12-01,EMP105,DEP04,JL3,106667.0,4,6.2,1
2024-12-01,EMP106,DEP01,JL2,70175.0,3,5.2,1
2024-12-01,EMP107,DEP07,JL4,127797.0,3,4.8,1
2024-12-01,EMP108,DEP02,JL2,66733.0,5,6.3,1
2024-12-01,EMP109,DEP04,JL3,107587.0,3,4.5,1
2024-12-01,EMP110,DEP04,JL4,130404.0,2,1.7,1
2024-12-01,EMP111,DEP08,JL2,64042.0,4,6.3,1
2024-12-01,EMP112,DEP06,JL1,46470.0,4,6.7,1
2024-12-01,EMP113,DEP01,JL3,110230.0,4,4.6,1
2024-12-01,EMP114,DEP03,JL1,50127.0,3,4.3,1
2024-12-01,EMP115,DEP04,JL2,75372.0,3,3.0,1
2024-12-01,EMP116,DEP05,JL3,116138.0,4,7.7,1
2024-12-01,EMP117,DEP03,JL4,141088.0,3,3.3,1
2024-12-01,EMP118,DEP01,JL3,105756.0,3,4.0,1
2024-12-01,EMP119,DEP01,JL4,139011.0,4,4.7,1
2024-12-01,EMP120,DEP04,JL3,93893.0,5,8.5,1
2024-12-01,EMP121,DEP03,JL3,104241.0,3,3.2,1
2024-12-01,EMP122,DEP04,JL5,198303.0,4,6.5,1
2024-12-01,EMP123,DEP01,JL4,136000.0,3,3.8,1
2024-12-01,EMP124,DEP07,JL1,45091.0,3,3.2,1
2024-12-01,EMP125,DEP03,JL3,109395.0,3,5.7,1
2024-12-01,EMP126,DEP04,JL3,108248.0,5,7.3,1
2024-12-01,EMP127,DEP03,JL5,181458.0,4,4.6,1
2024-12-01,EMP128,DEP04,JL3,97833.0,3,4.1,1
2024-12-01,EMP129,DEP04,JL4,139150.0,4,5.4,1
2024-12-01,EMP130,DEP01,JL4,132618.0,4,7.9,1
2024-12-01,EMP131,DEP06,JL3,108024.0,3,3.7,1
2024-12-01,EMP132,DEP01,JL3,105756.0,2,4.3,1
2024-12-01,EMP133,DEP01,JL4,149019.0,4,4.6,1
2024-12-01,EMP134,DEP02,JL3,97635.0,2,3.6,1
2024-12-01,EMP135,DEP06,JL3,95507.0,3,5.2,1
2024-12-01,EMP136,DEP06,JL2,67241.0,3,4.5,1
2024-12-01,EMP137,DEP01,JL3,97760.0,4,7.1,1
2024-12-01,EMP138,DEP01,JL4,131131.0,3,4.2,1
2024-12-01,EMP139,DEP03,JL1,43274.0,4,6.4,1
2024-12-01,EMP140,DEP03,JL3,96565.0,4,6.8,1
2024-12-01,EMP141,DEP07,JL1,40978.0,3,3.6,1
2024-12-01,EMP142,DEP02,JL3,106484.0,4,6.1,1
2024-12-01,EMP143,DEP02,JL3,115189.0,4,5.0,1
2024-12-01,EMP144,DEP04,JL4,129662.0,4,5.6,1
2024-12-01,EMP145,DEP04,JL1,47103.0,3,4.8,1
2024-12-01,EMP146,DEP08,JL3,104184.0,5,8.0,1
2024-12-01,EMP147,DEP04,JL5,198641.0,5,5.1,1
2024-12-01,EMP148,DEP01,JL3,103273.0,4,3.5,1
2024-12-01,EMP149,DEP04,JL1,41316.0,2,2.1,1
2024-12-01,EMP150,DEP03,JL4,133816.0,3,3.2,1
2024-12-01,EMP151,DEP01,JL4,137247.0,3,2.0,1
2024-12-01,EMP152,DEP04,JL4,129201.0,4,4.9,1
2024-12-01,EMP153,DEP07,JL1,44463.0,5,6.7,1
2024-12-01,EMP154,DEP08,JL4,136527.0,4,6.0,1
2024-12-01,EMP155,DEP02,JL1,40316.0,3,3.1,1
2024-12-01,EMP156,DEP02,JL1,45553.0,4,6.9,1
2024-12-01,EMP157,DEP06,JL4,144218.0,2,3.5,1
2024-12-01,EMP158,DEP04,JL3,102361.0,3,4.3,1
2024-12-01,EMP159,DEP03,JL4,141933.0,3,5.3,1
2024-12-01,EMP160,DEP08,JL4,129730.0,3,5.3,1
2024-12-01,EMP161,DEP06,JL3,116363.0,4,6.7,1
2024-12-01,EMP162,DEP02,JL2,74378.0,4,4.8,1
2024-12-01,EMP163,DEP01,JL4,138923.0,3,3.1,1
2024-12-01,EMP164,DEP05,JL3,103423.0,3,5.8,1
2024-12-01,EMP165,DEP07,JL5,192971.0,3,3.9,1
2024-12-01,EMP166,DEP05,JL2,72269.0,2,4.8,1
2024-12-01,EMP167,DEP04,JL4,133607.0,4,4.7,1
2024-12-01,EMP168,DEP02,JL4,140355.0,2,1.8,1
2024-12-01,EMP169,DEP05,JL3,105755.0,4,5.8,1
2024-12-01,EMP170,DEP01,JL2,64221.0,4,4.8,1
2024-12-01,EMP171,DEP03,JL4,151854.0,5,7.0,1
2024-12-01,EMP172,DEP01,JL4,125122.0,2,2.3,1
2024-12-01,EMP173,DEP01,JL3,94263.0,4,5.6,1
2024-12-01,EMP174,DEP03,JL3,118922.0,5,8.4,1
2024-12-01,EMP175,DEP05,JL3,95887.0,4,8.7,1
2024-12-01,EMP176,DEP05,JL3,97529.0,2,2.6,1
2024-12-01,EMP177,DEP02,JL3,105242.0,2,1.6,1
2024-12-01,EMP178,DEP05,JL3,95150.0,2,1.2,1
2024-12-01,EMP179,DEP06,JL3,100962.0,4,5.4,1
2024-12-01,EMP180,DEP04,JL3,97326.0,4,6.0,1
2024-12-01,EMP181,DEP03,JL1,46403.0,3,4.5,1
2024-12-01,EMP182,DEP02,JL2,68536.0,4,7.3,1
2024-12-01,EMP183,DEP03,JL5,190060.0,4,5.9,1
2024-12-01,EMP184,DEP07,JL2,66287.0,5,6.3,1
2024-12-01,EMP185,DEP01,JL4,134423.0,4,6.0,1
2024-12-01,EMP186,DEP03,JL2,76380.0,4,4.1,1
2024-12-01,EMP187,DEP04,JL1,39289.0,3,3.3,1
2024-12-01,EMP188,DEP08,JL4,136591.0,3,2.2,1
2024-12-01,EMP189,DEP08,JL2,71667.0,4,7.6,1
2024-12-01,EMP190,DEP07,JL4,139136.0,4,6.3,1
2024-12-01,EMP191,DEP03,JL4,144780.0,3,4.0,1
2024-12-01,EMP192,DEP04,JL5,170379.0,4,7.8,1
2024-12-01,EMP193,DEP01,JL3,110409.0,3,3.0,1
2024-12-01,EMP194,DEP03,JL3,99987.0,3,4.3,1
2024-12-01,EMP195,DEP01,JL5,203762.0,2,2.1,1
2024-12-01,EMP196,DEP07,JL1,47563.0,3,4.5,1
2024-12-01,EMP197,DEP01,JL1,44133.0,3,3.8,1
2024-12-01,EMP198,DEP07,JL2,61050.0,4,6.5,1
2024-12-01,EMP199,DEP03,JL4,141708.0,4,5.4,1
2024-12-01,EMP200,DEP01,JL3,114932.0,5,5.4,1
