mmsi,timestamp,lat,lon,speed_knots,vessel_type,vessel_name,flag,hour,day_of_week,date
477001001,2026-03-30 00:01:00,37.952801,23.638714,0.3,Container,HONG KONG SPIRIT,Hong Kong,0,Monday,2026-03-30
538001002,2026-03-30 00:03:00,37.849566,23.513974,0.4,Bulk Carrier,PACIFIC MARSHAL,Marshall Islands,0,Monday,2026-03-30
356001001,2026-03-30 00:08:00,37.796252,23.514287,6.0,Container,PANAMA TRADER,Panama,0,Monday,2026-03-30
241001003,2026-03-30 00:11:00,37.863693,23.565227,0.4,Container,OLYMPIC CARRIER,Greece,0,Monday,2026-03-30
247001002,2026-03-30 00:21:00,37.95406,23.627384,0.1,Passenger,NAPOLI STAR,Italy,0,Monday,2026-03-30
241002001,2026-03-30 00:24:00,37.759989,23.514304,7.0,Tanker,ATHENA GLORY,Greece,0,Monday,2026-03-30
241002003,2026-03-30 00:24:00,37.922431,23.575325,0.6,Ro-Ro,CRETE RUNNER,Greece,0,Monday,2026-03-30
356002002,2026-03-30 00:24:00,37.829078,23.507037,13.1,Bulk Carrier,GATUN BULK,Panama,0,Monday,2026-03-30
356001001,2026-03-30 00:25:00,37.797366,23.51695,5.3,Container,PANAMA TRADER,Panama,0,Monday,2026-03-30
477001001,2026-03-30 00:26:00,37.954069,23.638523,0.4,Container,HONG KONG SPIRIT,Hong Kong,0,Monday,2026-03-30
538001002,2026-03-30 00:27:00,37.850915,23.512525,0.5,Bulk Carrier,PACIFIC MARSHAL,Marshall Islands,0,Monday,2026-03-30
538001001,2026-03-30 00:30:00,37.872621,23.510167,0.7,Tanker,MARSHALL DAWN,Marshall Islands,0,Monday,2026-03-30
356002002,2026-03-30 00:31:00,37.831481,23.509227,12.2,Bulk Carrier,GATUN BULK,Panama,0,Monday,2026-03-30
241001003,2026-03-30 00:33:00,37.86439,23.56472,0.7,Container,OLYMPIC CARRIER,Greece,0,Monday,2026-03-30
356001001,2026-03-30 00:36:00,37.800321,23.518131,6.2,Container,PANAMA TRADER,Panama,0,Monday,2026-03-30
636001001,2026-03-30 00:37:00,37.86868,23.536279,0.6,Tanker,LIBERIA FORTUNE,Liberia,0,Monday,2026-03-30
241002001,2026-03-30 00:39:00,37.761975,23.516712,3.2,Tanker,ATHENA GLORY,Greece,0,Monday,2026-03-30
241002003,2026-03-30 00:41:00,37.921647,23.572478,0.4,Ro-Ro,CRETE RUNNER,Greece,0,Monday,2026-03-30
477001001,2026-03-30 00:42:00,37.952606,23.639455,0.2,Container,HONG KONG SPIRIT,Hong Kong,0,Monday,2026-03-30
538001002,2026-03-30 00:43:00,37.851481,23.514072,0.3,Bulk Carrier,PACIFIC MARSHAL,Marshall Islands,0,Monday,2026-03-30
356002002,2026-03-30 00:43:00,37.833885,23.511418,8.8,Bulk Carrier,GATUN BULK,Panama,0,Monday,2026-03-30
247001002,2026-03-30 00:43:00,37.955119,23.628133,0.4,Passenger,NAPOLI STAR,Italy,0,Monday,2026-03-30
256002001,2026-03-30 00:46:00,37.762376,23.470233,5.7,Bulk Carrier,GOZO SPIRIT,Malta,0,Monday,2026-03-30
241002005,2026-03-30 00:49:00,37.937477,23.634818,0.2,Container,RHODES CARRIER,Greece,0,Monday,2026-03-30
477001002,2026-03-30 00:51:00,37.947799,23.610278,0.4,Tanker,ORIENT WAVE,Hong Kong,0,Monday,2026-03-30
538001001,2026-03-30 00:53:00,37.872995,23.509073,0.1,Tanker,MARSHALL DAWN,Marshall Islands,0,Monday,2026-03-30
241001003,2026-03-30 00:54:00,37.867144,23.562873,0.7,Container,OLYMPIC CARRIER,Greece,0,Monday,2026-03-30
356002002,2026-03-30 00:54:00,37.836288,23.513608,12.9,Bulk Carrier,GATUN BULK,Panama,0,Monday,2026-03-30
356001001,2026-03-30 00:55:00,37.802246,23.52024,5.5,Container,PANAMA TRADER,Panama,0,Monday,2026-03-30
636001001,2026-03-30 00:55:00,37.869201,23.535045,0.3,Tanker,LIBERIA FORTUNE,Liberia,0,Monday,2026-03-30
241002001,2026-03-30 00:58:00,37.763367,23.519354,4.0,Tanker,ATHENA GLORY,Greece,0,Monday,2026-03-30
256002001,2026-03-30 00:58:00,37.765272,23.472648,3.0,Bulk Carrier,GOZO SPIRIT,Malta,0,Monday,2026-03-30
622001001,2026-03-30 00:58:00,37.841594,23.509098,5.4,Container,ALEXANDRIA SUN,Egypt,0,Monday,2026-03-30
371001002,2026-03-30 00:59:00,37.872978,23.555731,0.0,Tanker,BOSPHORUS WIND,Turkey,0,Monday,2026-03-30
256001001,2026-03-30 01:01:00,37.7869,23.481727,3.7,Container,MALTA BREEZE,Malta,1,Monday,2026-03-30
371001001,2026-03-30 01:01:00,37.938515,23.643792,0.3,Container,ISTANBUL BRIDGE,Turkey,1,Monday,2026-03-30
241002003,2026-03-30 01:02:00,37.92265,23.572853,0.0,Ro-Ro,CRETE RUNNER,Greece,1,Monday,2026-03-30
477001001,2026-03-30 01:04:00,37.952911,23.638014,0.1,Container,HONG KONG SPIRIT,Hong Kong,1,Monday,2026-03-30
356001001,2026-03-30 01:05:00,37.804866,23.522544,5.2,Container,PANAMA TRADER,Panama,1,Monday,2026-03-30
241002005,2026-03-30 01:05:00,37.936096,23.635309,0.1,Container,RHODES CARRIER,Greece,1,Monday,2026-03-30
538002001,2026-03-30 01:05:00,37.955927,23.645918,0.2,Container,MAJURO TIDE,Marshall Islands,1,Monday,2026-03-30
538001002,2026-03-30 01:06:00,37.851245,23.511856,0.4,Bulk Carrier,PACIFIC MARSHAL,Marshall Islands,1,Monday,2026-03-30
247001002,2026-03-30 01:07:00,37.953858,23.62641,0.1,Passenger,NAPOLI STAR,Italy,1,Monday,2026-03-30
356002002,2026-03-30 01:08:00,37.838691,23.515799,5.7,Bulk Carrier,GATUN BULK,Panama,1,Monday,2026-03-30
622001001,2026-03-30 01:08:00,37.843882,23.512296,5.2,Container,ALEXANDRIA SUN,Egypt,1,Monday,2026-03-30
356001002,2026-03-30 01:10:00,37.804361,23.541408,6.6,Bulk Carrier,CANAL BRIDGE,Panama,1,Monday,2026-03-30
636001002,2026-03-30 01:12:00,37.895271,23.562682,0.1,Bulk Carrier,MONROVIA STAR,Liberia,1,Monday,2026-03-30
256002001,2026-03-30 01:12:00,37.767898,23.475103,4.0,Bulk Carrier,GOZO SPIRIT,Malta,1,Monday,2026-03-30
215001001,2026-03-30 01:12:00,37.934633,23.622338,0.3,Bulk Carrier,RABAT CARGO,Morocco,1,Monday,2026-03-30
538001001,2026-03-30 01:13:00,37.873955,23.507701,0.1,Tanker,MARSHALL DAWN,Marshall Islands,1,Monday,2026-03-30
241002001,2026-03-30 01:14:00,37.764922,23.521355,3.6,Tanker,ATHENA GLORY,Greece,1,Monday,2026-03-30
241001001,2026-03-30 01:15:00,37.776428,23.53693,8.1,Container,AEGEAN STAR,Greece,1,Monday,2026-03-30
477001002,2026-03-30 01:15:00,37.948438,23.610767,0.0,Tanker,ORIENT WAVE,Hong Kong,1,Monday,2026-03-30
241001002,2026-03-30 01:16:00,37.852601,23.533156,0.4,Container,PIRAEUS EXPRESS,Greece,1,Monday,2026-03-30
241001003,2026-03-30 01:17:00,37.863985,23.564296,0.1,Container,OLYMPIC CARRIER,Greece,1,Monday,2026-03-30
241002004,2026-03-30 01:17:00,37.759474,23.488399,10.8,Passenger,MYKONOS JET,Greece,1,Monday,2026-03-30
371001002,2026-03-30 01:18:00,37.874907,23.555884,0.2,Tanker,BOSPHORUS WIND,Turkey,1,Monday,2026-03-30
371001001,2026-03-30 01:19:00,37.938942,23.644898,0.1,Container,ISTANBUL BRIDGE,Turkey,1,Monday,2026-03-30
356001001,2026-03-30 01:20:00,37.806869,23.525459,6.0,Container,PANAMA TRADER,Panama,1,Monday,2026-03-30
636001001,2026-03-30 01:20:00,37.869974,23.534987,0.6,Tanker,LIBERIA FORTUNE,Liberia,1,Monday,2026-03-30
256001001,2026-03-30 01:20:00,37.789324,23.483297,7.6,Container,MALTA BREEZE,Malta,1,Monday,2026-03-30
241002005,2026-03-30 01:20:00,37.937038,23.633588,0.1,Container,RHODES CARRIER,Greece,1,Monday,2026-03-30
241002003,2026-03-30 01:21:00,37.92124,23.573412,0.7,Ro-Ro,CRETE RUNNER,Greece,1,Monday,2026-03-30
356002002,2026-03-30 01:21:00,37.841095,23.517989,7.7,Bulk Carrier,GATUN BULK,Panama,1,Monday,2026-03-30
241001001,2026-03-30 01:22:00,37.780557,23.538485,6.9,Container,AEGEAN STAR,Greece,1,Monday,2026-03-30
477001001,2026-03-30 01:22:00,37.952949,23.638151,0.2,Container,HONG KONG SPIRIT,Hong Kong,1,Monday,2026-03-30
241002004,2026-03-30 01:22:00,37.762658,23.490316,6.2,Passenger,MYKONOS JET,Greece,1,Monday,2026-03-30
622001001,2026-03-30 01:22:00,37.84617,23.515495,10.6,Container,ALEXANDRIA SUN,Egypt,1,Monday,2026-03-30
538002001,2026-03-30 01:23:00,37.95591,23.646319,0.3,Container,MAJURO TIDE,Marshall Islands,1,Monday,2026-03-30
538001002,2026-03-30 01:24:00,37.852779,23.512437,0.4,Bulk Carrier,PACIFIC MARSHAL,Marshall Islands,1,Monday,2026-03-30
356001002,2026-03-30 01:25:00,37.805604,23.54281,5.5,Bulk Carrier,CANAL BRIDGE,Panama,1,Monday,2026-03-30
256001002,2026-03-30 01:26:00,37.785694,23.549034,3.3,Ro-Ro,VALLETTA SUN,Malta,1,Monday,2026-03-30
241002001,2026-03-30 01:26:00,37.767242,23.523486,5.8,Tanker,ATHENA GLORY,Greece,1,Monday,2026-03-30
356002002,2026-03-30 01:27:00,37.843498,23.520179,9.5,Bulk Carrier,GATUN BULK,Panama,1,Monday,2026-03-30
247001002,2026-03-30 01:27:00,37.953448,23.62684,0.0,Passenger,NAPOLI STAR,Italy,1,Monday,2026-03-30
241002004,2026-03-30 01:28:00,37.765841,23.492233,7.4,Passenger,MYKONOS JET,Greece,1,Monday,2026-03-30
622001001,2026-03-30 01:28:00,37.848457,23.518693,9.3,Container,ALEXANDRIA SUN,Egypt,1,Monday,2026-03-30
256002001,2026-03-30 01:29:00,37.769828,23.476183,5.2,Bulk Carrier,GOZO SPIRIT,Malta,1,Monday,2026-03-30
538001001,2026-03-30 01:30:00,37.871987,23.507862,0.1,Tanker,MARSHALL DAWN,Marshall Islands,1,Monday,2026-03-30
241001002,2026-03-30 01:31:00,37.849175,23.533252,0.5,Container,PIRAEUS EXPRESS,Greece,1,Monday,2026-03-30
247001001,2026-03-30 01:31:00,37.768142,23.46946,8.3,Ro-Ro,GENOVA EXPRESS,Italy,1,Monday,2026-03-30
241001001,2026-03-30 01:32:00,37.784686,23.540039,5.9,Container,AEGEAN STAR,Greece,1,Monday,2026-03-30
256001001,2026-03-30 01:32:00,37.79171,23.48563,7.2,Container,MALTA BREEZE,Malta,1,Monday,2026-03-30
356002002,2026-03-30 01:32:00,37.845902,23.52237,10.4,Bulk Carrier,GATUN BULK,Panama,1,Monday,2026-03-30
215001001,2026-03-30 01:32:00,37.934805,23.622235,0.3,Bulk Carrier,RABAT CARGO,Morocco,1,Monday,2026-03-30
241001003,2026-03-30 01:34:00,37.864328,23.565058,0.7,Container,OLYMPIC CARRIER,Greece,1,Monday,2026-03-30
356002001,2026-03-30 01:34:00,37.920269,23.551701,0.8,Tanker,BALBOA QUEEN,Panama,1,Monday,2026-03-30
371001002,2026-03-30 01:34:00,37.873615,23.554083,0.0,Tanker,BOSPHORUS WIND,Turkey,1,Monday,2026-03-30
371001001,2026-03-30 01:35:00,37.939098,23.644261,0.3,Container,ISTANBUL BRIDGE,Turkey,1,Monday,2026-03-30
209001002,2026-03-30 01:36:00,37.906995,23.549907,0.3,Passenger,LIMASSOL FERRY,Cyprus,1,Monday,2026-03-30
241002005,2026-03-30 01:36:00,37.936789,23.635019,0.0,Container,RHODES CARRIER,Greece,1,Monday,2026-03-30
356001001,2026-03-30 01:37:00,37.809667,23.527146,3.5,Container,PANAMA TRADER,Panama,1,Monday,2026-03-30
356001002,2026-03-30 01:37:00,37.807592,23.544532,4.2,Bulk Carrier,CANAL BRIDGE,Panama,1,Monday,2026-03-30
477001002,2026-03-30 01:37:00,37.948285,23.611002,0.3,Tanker,ORIENT WAVE,Hong Kong,1,Monday,2026-03-30
636001002,2026-03-30 01:37:00,37.897378,23.560076,0.3,Bulk Carrier,MONROVIA STAR,Liberia,1,Monday,2026-03-30
241002002,2026-03-30 01:37:00,37.959285,23.64255,0.1,Bulk Carrier,POSEIDON BULK,Greece,1,Monday,2026-03-30
622001001,2026-03-30 01:39:00,37.850745,23.521891,13.4,Container,ALEXANDRIA SUN,Egypt,1,Monday,2026-03-30
256001002,2026-03-30 01:41:00,37.788178,23.550088,4.7,Ro-Ro,VALLETTA SUN,Malta,1,Monday,2026-03-30
356002002,2026-03-30 01:42:00,37.848305,23.52456,5.2,Bulk Carrier,GATUN BULK,Panama,1,Monday,2026-03-30
241001001,2026-03-30 01:43:00,37.788815,23.541594,5.9,Container,AEGEAN STAR,Greece,1,Monday,2026-03-30
636001001,2026-03-30 01:43:00,37.867028,23.53493,0.2,Tanker,LIBERIA FORTUNE,Liberia,1,Monday,2026-03-30
241002004,2026-03-30 01:43:00,37.769025,23.49415,10.4,Passenger,MYKONOS JET,Greece,1,Monday,2026-03-30
538002001,2026-03-30 01:43:00,37.956905,23.646512,0.2,Container,MAJURO TIDE,Marshall Islands,1,Monday,2026-03-30
247001001,2026-03-30 01:43:00,37.771993,23.472762,9.9,Ro-Ro,GENOVA EXPRESS,Italy,1,Monday,2026-03-30
538001002,2026-03-30 01:44:00,37.851659,23.512627,0.2,Bulk Carrier,PACIFIC MARSHAL,Marshall Islands,1,Monday,2026-03-30
256001001,2026-03-30 01:44:00,37.792944,23.488618,3.8,Container,MALTA BREEZE,Malta,1,Monday,2026-03-30
241002003,2026-03-30 01:45:00,37.922229,23.574986,0.2,Ro-Ro,CRETE RUNNER,Greece,1,Monday,2026-03-30
477001001,2026-03-30 01:46:00,37.952438,23.638799,0.3,Container,HONG KONG SPIRIT,Hong Kong,1,Monday,2026-03-30
209001001,2026-03-30 01:46:00,37.817232,23.497986,5.1,Passenger,CYPRUS WAVE,Cyprus,1,Monday,2026-03-30
241002001,2026-03-30 01:46:00,37.768593,23.525662,6.0,Tanker,ATHENA GLORY,Greece,1,Monday,2026-03-30
256002001,2026-03-30 01:46:00,37.770928,23.478382,5.3,Bulk Carrier,GOZO SPIRIT,Malta,1,Monday,2026-03-30
356001001,2026-03-30 01:48:00,37.811012,23.528641,5.5,Container,PANAMA TRADER,Panama,1,Monday,2026-03-30
538001001,2026-03-30 01:48:00,37.874146,23.510779,0.1,Tanker,MARSHALL DAWN,Marshall Islands,1,Monday,2026-03-30
241002004,2026-03-30 01:48:00,37.772208,23.496067,13.6,Passenger,MYKONOS JET,Greece,1,Monday,2026-03-30
247001002,2026-03-30 01:48:00,37.9534,23.62811,0.4,Passenger,NAPOLI STAR,Italy,1,Monday,2026-03-30
241001002,2026-03-30 01:50:00,37.850078,23.530887,0.6,Container,PIRAEUS EXPRESS,Greece,1,Monday,2026-03-30
209001001,2026-03-30 01:51:00,37.819849,23.500179,10.9,Passenger,CYPRUS WAVE,Cyprus,1,Monday,2026-03-30
356002002,2026-03-30 01:51:00,37.850708,23.52675,13.3,Bulk Carrier,GATUN BULK,Panama,1,Monday,2026-03-30
371001002,2026-03-30 01:51:00,37.875201,23.557312,0.6,Tanker,BOSPHORUS WIND,Turkey,1,Monday,2026-03-30
215001001,2026-03-30 01:51:00,37.935996,23.621422,0.2,Bulk Carrier,RABAT CARGO,Morocco,1,Monday,2026-03-30
356002001,2026-03-30 01:52:00,37.921568,23.553599,0.4,Tanker,BALBOA QUEEN,Panama,1,Monday,2026-03-30
241001001,2026-03-30 01:53:00,37.792944,23.543149,10.4,Container,AEGEAN STAR,Greece,1,Monday,2026-03-30
241002005,2026-03-30 01:53:00,37.936378,23.635028,0.1,Container,RHODES CARRIER,Greece,1,Monday,2026-03-30
622001001,2026-03-30 01:53:00,37.853033,23.525089,10.1,Container,ALEXANDRIA SUN,Egypt,1,Monday,2026-03-30
209001002,2026-03-30 01:54:00,37.906311,23.549083,0.1,Passenger,LIMASSOL FERRY,Cyprus,1,Monday,2026-03-30
241002004,2026-03-30 01:54:00,37.775392,23.497983,9.9,Passenger,MYKONOS JET,Greece,1,Monday,2026-03-30
247001001,2026-03-30 01:54:00,37.775844,23.476064,8.4,Ro-Ro,GENOVA EXPRESS,Italy,1,Monday,2026-03-30
241001003,2026-03-30 01:55:00,37.866374,23.562967,0.3,Container,OLYMPIC CARRIER,Greece,1,Monday,2026-03-30
636002001,2026-03-30 01:55:00,37.786408,23.470549,7.6,Ro-Ro,LIBERIA COAST,Liberia,1,Monday,2026-03-30
356001002,2026-03-30 01:56:00,37.810199,23.546635,4.8,Bulk Carrier,CANAL BRIDGE,Panama,1,Monday,2026-03-30
636001002,2026-03-30 01:57:00,37.895869,23.560974,0.7,Bulk Carrier,MONROVIA STAR,Liberia,1,Monday,2026-03-30
241002001,2026-03-30 01:57:00,37.77146,23.528373,3.6,Tanker,ATHENA GLORY,Greece,1,Monday,2026-03-30
241001001,2026-03-30 01:58:00,37.797072,23.544703,11.6,Container,AEGEAN STAR,Greece,1,Monday,2026-03-30
538002001,2026-03-30 01:58:00,37.957513,23.646424,0.0,Container,MAJURO TIDE,Marshall Islands,1,Monday,2026-03-30
477001002,2026-03-30 02:00:00,37.948826,23.610952,0.2,Tanker,ORIENT WAVE,Hong Kong,2,Monday,2026-03-30
241002002,2026-03-30 02:00:00,37.958892,23.642538,0.2,Bulk Carrier,POSEIDON BULK,Greece,2,Monday,2026-03-30
241002003,2026-03-30 02:00:00,37.920477,23.57555,0.5,Ro-Ro,CRETE RUNNER,Greece,2,Monday,2026-03-30
356002002,2026-03-30 02:00:00,37.853112,23.528941,8.5,Bulk Carrier,GATUN BULK,Panama,2,Monday,2026-03-30
371001001,2026-03-30 02:00:00,37.940065,23.645033,0.4,Container,ISTANBUL BRIDGE,Turkey,2,Monday,2026-03-30
256001002,2026-03-30 02:01:00,37.789373,23.551778,4.7,Ro-Ro,VALLETTA SUN,Malta,2,Monday,2026-03-30
256002001,2026-03-30 02:01:00,37.772603,23.479974,4.3,Bulk Carrier,GOZO SPIRIT,Malta,2,Monday,2026-03-30
256001001,2026-03-30 02:03:00,37.794465,23.489987,3.6,Container,MALTA BREEZE,Malta,2,Monday,2026-03-30
209001001,2026-03-30 02:03:00,37.822466,23.502371,7.9,Passenger,CYPRUS WAVE,Cyprus,2,Monday,2026-03-30
247001001,2026-03-30 02:03:00,37.779695,23.479366,6.9,Ro-Ro,GENOVA EXPRESS,Italy,2,Monday,2026-03-30
622001001,2026-03-30 02:03:00,37.85532,23.528288,12.5,Container,ALEXANDRIA SUN,Egypt,2,Monday,2026-03-30
477001001,2026-03-30 02:04:00,37.952651,23.638106,0.0,Container,HONG KONG SPIRIT,Hong Kong,2,Monday,2026-03-30
241002004,2026-03-30 02:04:00,37.778575,23.4999,12.7,Passenger,MYKONOS JET,Greece,2,Monday,2026-03-30
356001001,2026-03-30 02:05:00,37.81306,23.530861,8.0,Container,PANAMA TRADER,Panama,2,Monday,2026-03-30
538001002,2026-03-30 02:05:00,37.850252,23.513679,0.5,Bulk Carrier,PACIFIC MARSHAL,Marshall Islands,2,Monday,2026-03-30
636002001,2026-03-30 02:05:00,37.788903,23.473326,4.1,Ro-Ro,LIBERIA COAST,Liberia,2,Monday,2026-03-30
636001001,2026-03-30 02:06:00,37.866738,23.532812,0.1,Tanker,LIBERIA FORTUNE,Liberia,2,Monday,2026-03-30
241001002,2026-03-30 02:07:00,37.852532,23.533216,0.4,Container,PIRAEUS EXPRESS,Greece,2,Monday,2026-03-30
215001001,2026-03-30 02:07:00,37.936489,23.622003,0.1,Bulk Carrier,RABAT CARGO,Morocco,2,Monday,2026-03-30
371001002,2026-03-30 02:09:00,37.872611,23.555184,0.3,Tanker,BOSPHORUS WIND,Turkey,2,Monday,2026-03-30
241001003,2026-03-30 02:10:00,37.864417,23.564246,0.2,Container,OLYMPIC CARRIER,Greece,2,Monday,2026-03-30
241002004,2026-03-30 02:10:00,37.781759,23.501817,6.8,Passenger,MYKONOS JET,Greece,2,Monday,2026-03-30
356002002,2026-03-30 02:10:00,37.855515,23.531131,5.6,Bulk Carrier,GATUN BULK,Panama,2,Monday,2026-03-30
247001001,2026-03-30 02:10:00,37.783546,23.482668,9.2,Ro-Ro,GENOVA EXPRESS,Italy,2,Monday,2026-03-30
241001001,2026-03-30 02:11:00,37.801201,23.546258,6.1,Container,AEGEAN STAR,Greece,2,Monday,2026-03-30
256002001,2026-03-30 02:11:00,37.77396,23.481688,5.7,Bulk Carrier,GOZO SPIRIT,Malta,2,Monday,2026-03-30
622001001,2026-03-30 02:11:00,37.857608,23.531486,9.0,Container,ALEXANDRIA SUN,Egypt,2,Monday,2026-03-30
356002001,2026-03-30 02:12:00,37.92239,23.553759,0.2,Tanker,BALBOA QUEEN,Panama,2,Monday,2026-03-30
538001001,2026-03-30 02:13:00,37.874358,23.509795,0.4,Tanker,MARSHALL DAWN,Marshall Islands,2,Monday,2026-03-30
247001002,2026-03-30 02:13:00,37.954446,23.626825,0.1,Passenger,NAPOLI STAR,Italy,2,Monday,2026-03-30
241002005,2026-03-30 02:14:00,37.937746,23.633433,0.1,Container,RHODES CARRIER,Greece,2,Monday,2026-03-30
356001002,2026-03-30 02:15:00,37.81133,23.548431,7.4,Bulk Carrier,CANAL BRIDGE,Panama,2,Monday,2026-03-30
241002001,2026-03-30 02:15:00,37.773009,23.531068,6.6,Tanker,ATHENA GLORY,Greece,2,Monday,2026-03-30
636001002,2026-03-30 02:16:00,37.894453,23.562121,0.4,Bulk Carrier,MONROVIA STAR,Liberia,2,Monday,2026-03-30
256001002,2026-03-30 02:16:00,37.790486,23.553266,5.1,Ro-Ro,VALLETTA SUN,Malta,2,Monday,2026-03-30
241002003,2026-03-30 02:16:00,37.922632,23.573885,0.2,Ro-Ro,CRETE RUNNER,Greece,2,Monday,2026-03-30
209001001,2026-03-30 02:17:00,37.825084,23.504564,6.2,Passenger,CYPRUS WAVE,Cyprus,2,Monday,2026-03-30
356002002,2026-03-30 02:17:00,37.857918,23.533322,13.7,Bulk Carrier,GATUN BULK,Panama,2,Monday,2026-03-30
209001002,2026-03-30 02:19:00,37.905461,23.54669,0.1,Passenger,LIMASSOL FERRY,Cyprus,2,Monday,2026-03-30
538002001,2026-03-30 02:19:00,37.957153,23.645395,0.3,Container,MAJURO TIDE,Marshall Islands,2,Monday,2026-03-30
356001001,2026-03-30 02:20:00,37.814626,23.532679,4.9,Container,PANAMA TRADER,Panama,2,Monday,2026-03-30
622001001,2026-03-30 02:20:00,37.859896,23.534684,13.0,Container,ALEXANDRIA SUN,Egypt,2,Monday,2026-03-30
256001001,2026-03-30 02:21:00,37.796796,23.492943,6.5,Container,MALTA BREEZE,Malta,2,Monday,2026-03-30
256002001,2026-03-30 02:21:00,37.775555,23.482759,5.2,Bulk Carrier,GOZO SPIRIT,Malta,2,Monday,2026-03-30
241001001,2026-03-30 02:22:00,37.80533,23.547813,5.7,Container,AEGEAN STAR,Greece,2,Monday,2026-03-30
477001002,2026-03-30 02:22:00,37.948547,23.609978,0.1,Tanker,ORIENT WAVE,Hong Kong,2,Monday,2026-03-30
538001002,2026-03-30 02:22:00,37.849195,23.514625,0.5,Bulk Carrier,PACIFIC MARSHAL,Marshall Islands,2,Monday,2026-03-30
209001001,2026-03-30 02:22:00,37.827701,23.506757,12.2,Passenger,CYPRUS WAVE,Cyprus,2,Monday,2026-03-30
241002002,2026-03-30 02:22:00,37.957959,23.643293,0.1,Bulk Carrier,POSEIDON BULK,Greece,2,Monday,2026-03-30
241002004,2026-03-30 02:22:00,37.784942,23.503734,11.8,Passenger,MYKONOS JET,Greece,2,Monday,2026-03-30
356002002,2026-03-30 02:23:00,37.860322,23.535512,9.8,Bulk Carrier,GATUN BULK,Panama,2,Monday,2026-03-30
636002001,2026-03-30 02:23:00,37.791885,23.474356,5.8,Ro-Ro,LIBERIA COAST,Liberia,2,Monday,2026-03-30
371001001,2026-03-30 02:23:00,37.939868,23.644069,0.4,Container,ISTANBUL BRIDGE,Turkey,2,Monday,2026-03-30
247001001,2026-03-30 02:23:00,37.787397,23.485971,10.9,Ro-Ro,GENOVA EXPRESS,Italy,2,Monday,2026-03-30
477001001,2026-03-30 02:25:00,37.954261,23.639268,0.3,Container,HONG KONG SPIRIT,Hong Kong,2,Monday,2026-03-30
636001001,2026-03-30 02:25:00,37.868584,23.53595,0.6,Tanker,LIBERIA FORTUNE,Liberia,2,Monday,2026-03-30
241002001,2026-03-30 02:25:00,37.775395,23.533134,8.0,Tanker,ATHENA GLORY,Greece,2,Monday,2026-03-30
622001001,2026-03-30 02:25:00,37.862184,23.537883,12.4,Container,ALEXANDRIA SUN,Egypt,2,Monday,2026-03-30
241001002,2026-03-30 02:26:00,37.851765,23.531744,0.8,Container,PIRAEUS EXPRESS,Greece,2,Monday,2026-03-30
538001001,2026-03-30 02:28:00,37.874286,23.507717,0.3,Tanker,MARSHALL DAWN,Marshall Islands,2,Monday,2026-03-30
215001001,2026-03-30 02:28:00,37.935078,23.623144,0.2,Bulk Carrier,RABAT CARGO,Morocco,2,Monday,2026-03-30
256001002,2026-03-30 02:29:00,37.792671,23.556087,6.2,Ro-Ro,VALLETTA SUN,Malta,2,Monday,2026-03-30
247001002,2026-03-30 02:29:00,37.955145,23.627229,0.1,Passenger,NAPOLI STAR,Italy,2,Monday,2026-03-30
241001001,2026-03-30 02:31:00,37.809459,23.549367,12.5,Container,AEGEAN STAR,Greece,2,Monday,2026-03-30
209001001,2026-03-30 02:31:00,37.830318,23.508949,7.9,Passenger,CYPRUS WAVE,Cyprus,2,Monday,2026-03-30
241002005,2026-03-30 02:31:00,37.937482,23.633607,0.0,Container,RHODES CARRIER,Greece,2,Monday,2026-03-30
356002002,2026-03-30 02:31:00,37.862725,23.537702,12.7,Bulk Carrier,GATUN BULK,Panama,2,Monday,2026-03-30
356001002,2026-03-30 02:32:00,37.813868,23.551078,5.6,Bulk Carrier,CANAL BRIDGE,Panama,2,Monday,2026-03-30
636001002,2026-03-30 02:32:00,37.897453,23.560099,0.7,Bulk Carrier,MONROVIA STAR,Liberia,2,Monday,2026-03-30
356002001,2026-03-30 02:32:00,37.921275,23.553464,0.6,Tanker,BALBOA QUEEN,Panama,2,Monday,2026-03-30
256002001,2026-03-30 02:32:00,37.776628,23.485236,4.8,Bulk Carrier,GOZO SPIRIT,Malta,2,Monday,2026-03-30
247001001,2026-03-30 02:32:00,37.791248,23.489273,13.1,Ro-Ro,GENOVA EXPRESS,Italy,2,Monday,2026-03-30
256001001,2026-03-30 02:33:00,37.798876,23.494268,4.9,Container,MALTA BREEZE,Malta,2,Monday,2026-03-30
371001002,2026-03-30 02:33:00,37.87531,23.55379,0.2,Tanker,BOSPHORUS WIND,Turkey,2,Monday,2026-03-30
241002004,2026-03-30 02:34:00,37.788126,23.505651,12.3,Passenger,MYKONOS JET,Greece,2,Monday,2026-03-30
241001003,2026-03-30 02:35:00,37.863817,23.564052,0.4,Container,OLYMPIC CARRIER,Greece,2,Monday,2026-03-30
356001001,2026-03-30 02:35:00,37.815731,23.534941,6.4,Container,PANAMA TRADER,Panama,2,Monday,2026-03-30
209001002,2026-03-30 02:35:00,37.905946,23.548508,0.0,Passenger,LIMASSOL FERRY,Cyprus,2,Monday,2026-03-30
209001001,2026-03-30 02:36:00,37.832935,23.511142,11.7,Passenger,CYPRUS WAVE,Cyprus,2,Monday,2026-03-30
636002001,2026-03-30 02:36:00,37.793038,23.475609,7.1,Ro-Ro,LIBERIA COAST,Liberia,2,Monday,2026-03-30
371001001,2026-03-30 02:38:00,37.938583,23.644001,0.2,Container,ISTANBUL BRIDGE,Turkey,2,Monday,2026-03-30
241002001,2026-03-30 02:39:00,37.778161,23.534138,6.4,Tanker,ATHENA GLORY,Greece,2,Monday,2026-03-30
256001002,2026-03-30 02:40:00,37.7939,23.557427,7.3,Ro-Ro,VALLETTA SUN,Malta,2,Monday,2026-03-30
622001001,2026-03-30 02:40:00,37.864472,23.541081,13.1,Container,ALEXANDRIA SUN,Egypt,2,Monday,2026-03-30
241002003,2026-03-30 02:41:00,37.921221,23.574406,0.7,Ro-Ro,CRETE RUNNER,Greece,2,Monday,2026-03-30
538002001,2026-03-30 02:41:00,37.957139,23.645971,0.3,Container,MAJURO TIDE,Marshall Islands,2,Monday,2026-03-30
241001002,2026-03-30 02:42:00,37.849911,23.532269,0.7,Container,PIRAEUS EXPRESS,Greece,2,Monday,2026-03-30
356001002,2026-03-30 02:43:00,37.815502,23.552226,3.6,Bulk Carrier,CANAL BRIDGE,Panama,2,Monday,2026-03-30
241002002,2026-03-30 02:43:00,37.959183,23.64202,0.3,Bulk Carrier,POSEIDON BULK,Greece,2,Monday,2026-03-30
241002004,2026-03-30 02:43:00,37.791309,23.507568,8.0,Passenger,MYKONOS JET,Greece,2,Monday,2026-03-30
477001001,2026-03-30 02:44:00,37.953692,23.639373,0.3,Container,HONG KONG SPIRIT,Hong Kong,2,Monday,2026-03-30
241001001,2026-03-30 02:45:00,37.813588,23.550922,13.0,Container,AEGEAN STAR,Greece,2,Monday,2026-03-30
356002002,2026-03-30 02:45:00,37.865129,23.539893,9.5,Bulk Carrier,GATUN BULK,Panama,2,Monday,2026-03-30
256002001,2026-03-30 02:45:00,37.778698,23.486488,3.9,Bulk Carrier,GOZO SPIRIT,Malta,2,Monday,2026-03-30
215001001,2026-03-30 02:45:00,37.934916,23.622429,0.0,Bulk Carrier,RABAT CARGO,Morocco,2,Monday,2026-03-30
477001002,2026-03-30 02:46:00,37.948595,23.610879,0.1,Tanker,ORIENT WAVE,Hong Kong,2,Monday,2026-03-30
538001001,2026-03-30 02:46:00,37.875576,23.510762,0.5,Tanker,MARSHALL DAWN,Marshall Islands,2,Monday,2026-03-30
538001002,2026-03-30 02:46:00,37.84934,23.513286,0.7,Bulk Carrier,PACIFIC MARSHAL,Marshall Islands,2,Monday,2026-03-30
241002005,2026-03-30 02:46:00,37.936939,23.633429,0.3,Container,RHODES CARRIER,Greece,2,Monday,2026-03-30
247001001,2026-03-30 02:46:00,37.795099,23.492575,8.7,Ro-Ro,GENOVA EXPRESS,Italy,2,Monday,2026-03-30
256001001,2026-03-30 02:47:00,37.799926,23.49713,3.6,Container,MALTA BREEZE,Malta,2,Monday,2026-03-30
636002001,2026-03-30 02:48:00,37.794666,23.477814,4.4,Ro-Ro,LIBERIA COAST,Liberia,2,Monday,2026-03-30
209001001,2026-03-30 02:49:00,37.835552,23.513335,13.6,Passenger,CYPRUS WAVE,Cyprus,2,Monday,2026-03-30
356002001,2026-03-30 02:49:00,37.920451,23.552168,0.7,Tanker,BALBOA QUEEN,Panama,2,Monday,2026-03-30
622001001,2026-03-30 02:49:00,37.866759,23.544279,8.6,Container,ALEXANDRIA SUN,Egypt,2,Monday,2026-03-30
356001001,2026-03-30 02:50:00,37.81692,23.537298,3.3,Container,PANAMA TRADER,Panama,2,Monday,2026-03-30
636001001,2026-03-30 02:50:00,37.868966,23.533189,0.7,Tanker,LIBERIA FORTUNE,Liberia,2,Monday,2026-03-30
241002004,2026-03-30 02:50:00,37.794493,23.509485,7.2,Passenger,MYKONOS JET,Greece,2,Monday,2026-03-30
371001002,2026-03-30 02:52:00,37.873579,23.556412,0.1,Tanker,BOSPHORUS WIND,Turkey,2,Monday,2026-03-30
247001002,2026-03-30 02:53:00,37.954013,23.626578,0.4,Passenger,NAPOLI STAR,Italy,2,Monday,2026-03-30
371001001,2026-03-30 02:54:00,37.940308,23.645035,0.1,Container,ISTANBUL BRIDGE,Turkey,2,Monday,2026-03-30
247001001,2026-03-30 02:54:00,37.79895,23.495877,7.0,Ro-Ro,GENOVA EXPRESS,Italy,2,Monday,2026-03-30
622001001,2026-03-30 02:54:00,37.869047,23.547478,9.8,Container,ALEXANDRIA SUN,Egypt,2,Monday,2026-03-30
241001001,2026-03-30 02:55:00,37.817717,23.552477,10.2,Container,AEGEAN STAR,Greece,2,Monday,2026-03-30
241001003,2026-03-30 02:55:00,37.866274,23.563407,0.3,Container,OLYMPIC CARRIER,Greece,2,Monday,2026-03-30
636001002,2026-03-30 02:55:00,37.896952,23.562045,0.2,Bulk Carrier,MONROVIA STAR,Liberia,2,Monday,2026-03-30
241002001,2026-03-30 02:55:00,37.781047,23.535242,6.2,Tanker,ATHENA GLORY,Greece,2,Monday,2026-03-30
209001002,2026-03-30 02:56:00,37.907186,23.549075,0.7,Passenger,LIMASSOL FERRY,Cyprus,2,Monday,2026-03-30
356002002,2026-03-30 02:56:00,37.867532,23.542083,10.6,Bulk Carrier,GATUN BULK,Panama,2,Monday,2026-03-30
256002001,2026-03-30 02:57:00,37.78056,23.488037,6.2,Bulk Carrier,GOZO SPIRIT,Malta,2,Monday,2026-03-30
256001002,2026-03-30 02:58:00,37.795822,23.560154,4.6,Ro-Ro,VALLETTA SUN,Malta,2,Monday,2026-03-30
256001001,2026-03-30 02:59:00,37.802782,23.498442,7.7,Container,MALTA BREEZE,Malta,2,Monday,2026-03-30
622001001,2026-03-30 02:59:00,37.871335,23.550676,7.0,Container,ALEXANDRIA SUN,Egypt,2,Monday,2026-03-30
356001002,2026-03-30 03:00:00,37.817191,23.554982,6.4,Bulk Carrier,CANAL BRIDGE,Panama,3,Monday,2026-03-30
209001001,2026-03-30 03:00:00,37.83817,23.515527,5.8,Passenger,CYPRUS WAVE,Cyprus,3,Monday,2026-03-30
241001001,2026-03-30 03:01:00,37.821846,23.554031,5.4,Container,AEGEAN STAR,Greece,3,Monday,2026-03-30
636002001,2026-03-30 03:01:00,37.795925,23.47961,8.0,Ro-Ro,LIBERIA COAST,Liberia,3,Monday,2026-03-30
241002003,2026-03-30 03:02:00,37.922482,23.5722,0.0,Ro-Ro,CRETE RUNNER,Greece,3,Monday,2026-03-30
241002005,2026-03-30 03:02:00,37.936238,23.634996,0.3,Container,RHODES CARRIER,Greece,3,Monday,2026-03-30
241002004,2026-03-30 03:03:00,37.797676,23.511402,11.2,Passenger,MYKONOS JET,Greece,3,Monday,2026-03-30
356001001,2026-03-30 03:04:00,37.819623,23.540227,4.3,Container,PANAMA TRADER,Panama,3,Monday,2026-03-30
477001001,2026-03-30 03:04:00,37.952853,23.637759,0.2,Container,HONG KONG SPIRIT,Hong Kong,3,Monday,2026-03-30
241002002,2026-03-30 03:05:00,37.957847,23.641879,0.3,Bulk Carrier,POSEIDON BULK,Greece,3,Monday,2026-03-30
538002001,2026-03-30 03:05:00,37.957545,23.644692,0.4,Container,MAJURO TIDE,Marshall Islands,3,Monday,2026-03-30
241001002,2026-03-30 03:06:00,37.850213,23.530359,0.2,Container,PIRAEUS EXPRESS,Greece,3,Monday,2026-03-30
538001002,2026-03-30 03:06:00,37.852171,23.511607,0.4,Bulk Carrier,PACIFIC MARSHAL,Marshall Islands,3,Monday,2026-03-30
247001001,2026-03-30 03:07:00,37.802801,23.499179,13.0,Ro-Ro,GENOVA EXPRESS,Italy,3,Monday,2026-03-30
636001001,2026-03-30 03:08:00,37.867576,23.535452,0.6,Tanker,LIBERIA FORTUNE,Liberia,3,Monday,2026-03-30
538001001,2026-03-30 03:08:00,37.872105,23.509666,0.6,Tanker,MARSHALL DAWN,Marshall Islands,3,Monday,2026-03-30
241001001,2026-03-30 03:09:00,37.825975,23.555586,12.0,Container,AEGEAN STAR,Greece,3,Monday,2026-03-30
209001001,2026-03-30 03:09:00,37.840787,23.51772,6.6,Passenger,CYPRUS WAVE,Cyprus,3,Monday,2026-03-30
356002001,2026-03-30 03:09:00,37.921838,23.55413,0.3,Tanker,BALBOA QUEEN,Panama,3,Monday,2026-03-30
356002002,2026-03-30 03:09:00,37.869935,23.544274,11.3,Bulk Carrier,GATUN BULK,Panama,3,Monday,2026-03-30
241002001,2026-03-30 03:10:00,37.784037,23.53679,5.2,Tanker,ATHENA GLORY,Greece,3,Monday,2026-03-30
215001001,2026-03-30 03:10:00,37.935912,23.62238,0.1,Bulk Carrier,RABAT CARGO,Morocco,3,Monday,2026-03-30
477001002,2026-03-30 03:11:00,37.946982,23.610554,0.3,Tanker,ORIENT WAVE,Hong Kong,3,Monday,2026-03-30
636001002,2026-03-30 03:11:00,37.897416,23.562066,0.7,Bulk Carrier,MONROVIA STAR,Liberia,3,Monday,2026-03-30
622001001,2026-03-30 03:11:00,37.873623,23.553874,7.2,Container,ALEXANDRIA SUN,Egypt,3,Monday,2026-03-30
247001002,2026-03-30 03:12:00,37.953738,23.627281,0.1,Passenger,NAPOLI STAR,Italy,3,Monday,2026-03-30
256002001,2026-03-30 03:14:00,37.782048,23.490688,6.4,Bulk Carrier,GOZO SPIRIT,Malta,3,Monday,2026-03-30
241001001,2026-03-30 03:15:00,37.830103,23.557141,12.7,Container,AEGEAN STAR,Greece,3,Monday,2026-03-30
241001003,2026-03-30 03:15:00,37.867146,23.562853,0.7,Container,OLYMPIC CARRIER,Greece,3,Monday,2026-03-30
356002002,2026-03-30 03:15:00,37.872339,23.546464,10.2,Bulk Carrier,GATUN BULK,Panama,3,Monday,2026-03-30
371001002,2026-03-30 03:16:00,37.87258,23.555282,0.8,Tanker,BOSPHORUS WIND,Turkey,3,Monday,2026-03-30
622001001,2026-03-30 03:16:00,37.87591,23.557072,8.9,Container,ALEXANDRIA SUN,Egypt,3,Monday,2026-03-30
256001001,2026-03-30 03:17:00,37.804445,23.500853,7.9,Container,MALTA BREEZE,Malta,3,Monday,2026-03-30
256001002,2026-03-30 03:17:00,37.797664,23.561195,5.6,Ro-Ro,VALLETTA SUN,Malta,3,Monday,2026-03-30
371001001,2026-03-30 03:17:00,37.940326,23.643454,0.3,Container,ISTANBUL BRIDGE,Turkey,3,Monday,2026-03-30
356001002,2026-03-30 03:18:00,37.818555,23.557915,6.2,Bulk Carrier,CANAL BRIDGE,Panama,3,Monday,2026-03-30
209001002,2026-03-30 03:18:00,37.906576,23.549134,0.2,Passenger,LIMASSOL FERRY,Cyprus,3,Monday,2026-03-30
241002004,2026-03-30 03:18:00,37.80086,23.513319,9.9,Passenger,MYKONOS JET,Greece,3,Monday,2026-03-30
241002005,2026-03-30 03:19:00,37.93682,23.633479,0.0,Container,RHODES CARRIER,Greece,3,Monday,2026-03-30
209001001,2026-03-30 03:20:00,37.843404,23.519913,5.8,Passenger,CYPRUS WAVE,Cyprus,3,Monday,2026-03-30
241002003,2026-03-30 03:20:00,37.922979,23.572489,0.7,Ro-Ro,CRETE RUNNER,Greece,3,Monday,2026-03-30
538002001,2026-03-30 03:20:00,37.956412,23.645823,0.2,Container,MAJURO TIDE,Marshall Islands,3,Monday,2026-03-30
241001001,2026-03-30 03:21:00,37.834232,23.558695,8.4,Container,AEGEAN STAR,Greece,3,Monday,2026-03-30
477001001,2026-03-30 03:21:00,37.954393,23.638239,0.2,Container,HONG KONG SPIRIT,Hong Kong,3,Monday,2026-03-30
636002001,2026-03-30 03:21:00,37.797079,23.48111,3.6,Ro-Ro,LIBERIA COAST,Liberia,3,Monday,2026-03-30
241002002,2026-03-30 03:22:00,37.959263,23.642601,0.1,Bulk Carrier,POSEIDON BULK,Greece,3,Monday,2026-03-30
247001001,2026-03-30 03:22:00,37.806652,23.502481,8.5,Ro-Ro,GENOVA EXPRESS,Italy,3,Monday,2026-03-30
622001001,2026-03-30 03:22:00,37.878198,23.560271,12.2,Container,ALEXANDRIA SUN,Egypt,3,Monday,2026-03-30
356001001,2026-03-30 03:23:00,37.82129,23.542392,7.4,Container,PANAMA TRADER,Panama,3,Monday,2026-03-30
241002004,2026-03-30 03:23:00,37.804043,23.515236,12.4,Passenger,MYKONOS JET,Greece,3,Monday,2026-03-30
356002002,2026-03-30 03:24:00,37.874742,23.548654,10.9,Bulk Carrier,GATUN BULK,Panama,3,Monday,2026-03-30
538001002,2026-03-30 03:27:00,37.849318,23.514158,0.1,Bulk Carrier,PACIFIC MARSHAL,Marshall Islands,3,Monday,2026-03-30
356002001,2026-03-30 03:27:00,37.92078,23.552759,0.6,Tanker,BALBOA QUEEN,Panama,3,Monday,2026-03-30
247001002,2026-03-30 03:27:00,37.95499,23.626344,0.2,Passenger,NAPOLI STAR,Italy,3,Monday,2026-03-30
636001001,2026-03-30 03:28:00,37.86869,23.534155,0.3,Tanker,LIBERIA FORTUNE,Liberia,3,Monday,2026-03-30
209001001,2026-03-30 03:28:00,37.846021,23.522106,6.5,Passenger,CYPRUS WAVE,Cyprus,3,Monday,2026-03-30
241001002,2026-03-30 03:29:00,37.851113,23.531667,0.7,Container,PIRAEUS EXPRESS,Greece,3,Monday,2026-03-30
538001001,2026-03-30 03:29:00,37.875039,23.507667,0.7,Tanker,MARSHALL DAWN,Marshall Islands,3,Monday,2026-03-30
241002004,2026-03-30 03:29:00,37.807227,23.517152,9.9,Passenger,MYKONOS JET,Greece,3,Monday,2026-03-30
356002002,2026-03-30 03:29:00,37.877145,23.550845,8.0,Bulk Carrier,GATUN BULK,Panama,3,Monday,2026-03-30
241002001,2026-03-30 03:30:00,37.786028,23.538825,5.6,Tanker,ATHENA GLORY,Greece,3,Monday,2026-03-30
622001001,2026-03-30 03:31:00,37.880486,23.563469,9.8,Container,ALEXANDRIA SUN,Egypt,3,Monday,2026-03-30
256002001,2026-03-30 03:32:00,37.783129,23.492341,5.8,Bulk Carrier,GOZO SPIRIT,Malta,3,Monday,2026-03-30
241001001,2026-03-30 03:33:00,37.838361,23.56025,10.7,Container,AEGEAN STAR,Greece,3,Monday,2026-03-30
477001002,2026-03-30 03:33:00,37.948749,23.609618,0.0,Tanker,ORIENT WAVE,Hong Kong,3,Monday,2026-03-30
215001001,2026-03-30 03:33:00,37.934726,23.622868,0.1,Bulk Carrier,RABAT CARGO,Morocco,3,Monday,2026-03-30
356001002,2026-03-30 03:34:00,37.821291,23.560578,5.5,Bulk Carrier,CANAL BRIDGE,Panama,3,Monday,2026-03-30
256001001,2026-03-30 03:34:00,37.807384,23.503361,7.5,Container,MALTA BREEZE,Malta,3,Monday,2026-03-30
256001002,2026-03-30 03:34:00,37.800636,23.56295,5.9,Ro-Ro,VALLETTA SUN,Malta,3,Monday,2026-03-30
356001001,2026-03-30 03:35:00,37.82291,23.544704,7.6,Container,PANAMA TRADER,Panama,3,Monday,2026-03-30
636001002,2026-03-30 03:35:00,37.897095,23.56039,0.5,Bulk Carrier,MONROVIA STAR,Liberia,3,Monday,2026-03-30
241002003,2026-03-30 03:35:00,37.922345,23.575016,0.7,Ro-Ro,CRETE RUNNER,Greece,3,Monday,2026-03-30
241002004,2026-03-30 03:35:00,37.81041,23.519069,9.6,Passenger,MYKONOS JET,Greece,3,Monday,2026-03-30
241002005,2026-03-30 03:35:00,37.937752,23.634154,0.0,Container,RHODES CARRIER,Greece,3,Monday,2026-03-30
247001001,2026-03-30 03:35:00,37.810503,23.505783,8.9,Ro-Ro,GENOVA EXPRESS,Italy,3,Monday,2026-03-30
241001003,2026-03-30 03:36:00,37.866325,23.562073,0.2,Container,OLYMPIC CARRIER,Greece,3,Monday,2026-03-30
356002002,2026-03-30 03:38:00,37.879549,23.553035,6.8,Bulk Carrier,GATUN BULK,Panama,3,Monday,2026-03-30
209001001,2026-03-30 03:39:00,37.848638,23.524298,7.6,Passenger,CYPRUS WAVE,Cyprus,3,Monday,2026-03-30
636002001,2026-03-30 03:39:00,37.79949,23.483737,4.0,Ro-Ro,LIBERIA COAST,Liberia,3,Monday,2026-03-30
241002001,2026-03-30 03:40:00,37.787477,23.540381,7.4,Tanker,ATHENA GLORY,Greece,3,Monday,2026-03-30
538002001,2026-03-30 03:41:00,37.956025,23.645969,0.1,Container,MAJURO TIDE,Marshall Islands,3,Monday,2026-03-30
371001001,2026-03-30 03:41:00,37.938874,23.644937,0.2,Container,ISTANBUL BRIDGE,Turkey,3,Monday,2026-03-30
371001002,2026-03-30 03:41:00,37.873283,23.556055,0.2,Tanker,BOSPHORUS WIND,Turkey,3,Monday,2026-03-30
256002001,2026-03-30 03:42:00,37.786083,23.494617,3.7,Bulk Carrier,GOZO SPIRIT,Malta,3,Monday,2026-03-30
241001001,2026-03-30 03:43:00,37.84249,23.561805,6.5,Container,AEGEAN STAR,Greece,3,Monday,2026-03-30
209001002,2026-03-30 03:43:00,37.906023,23.549886,0.8,Passenger,LIMASSOL FERRY,Cyprus,3,Monday,2026-03-30
356002002,2026-03-30 03:43:00,37.881952,23.555226,6.3,Bulk Carrier,GATUN BULK,Panama,3,Monday,2026-03-30
477001001,2026-03-30 03:44:00,37.95393,23.639096,0.4,Container,HONG KONG SPIRIT,Hong Kong,3,Monday,2026-03-30
636001001,2026-03-30 03:44:00,37.869814,23.534634,0.4,Tanker,LIBERIA FORTUNE,Liberia,3,Monday,2026-03-30
356002001,2026-03-30 03:44:00,37.923834,23.553957,0.5,Tanker,BALBOA QUEEN,Panama,3,Monday,2026-03-30
622001001,2026-03-30 03:44:00,37.882773,23.566667,13.5,Container,ALEXANDRIA SUN,Egypt,3,Monday,2026-03-30
241001002,2026-03-30 03:45:00,37.852232,23.53304,0.7,Container,PIRAEUS EXPRESS,Greece,3,Monday,2026-03-30
247001002,2026-03-30 03:45:00,37.953704,23.628232,0.3,Passenger,NAPOLI STAR,Italy,3,Monday,2026-03-30
241002004,2026-03-30 03:46:00,37.813594,23.520986,6.3,Passenger,MYKONOS JET,Greece,3,Monday,2026-03-30
241002002,2026-03-30 03:47:00,37.958467,23.642439,0.3,Bulk Carrier,POSEIDON BULK,Greece,3,Monday,2026-03-30
247001001,2026-03-30 03:47:00,37.814354,23.509085,5.2,Ro-Ro,GENOVA EXPRESS,Italy,3,Monday,2026-03-30
538001002,2026-03-30 03:48:00,37.851463,23.511148,0.3,Bulk Carrier,PACIFIC MARSHAL,Marshall Islands,3,Monday,2026-03-30
622001001,2026-03-30 03:49:00,37.885061,23.569866,9.5,Container,ALEXANDRIA SUN,Egypt,3,Monday,2026-03-30
636001002,2026-03-30 03:50:00,37.896192,23.563534,0.4,Bulk Carrier,MONROVIA STAR,Liberia,3,Monday,2026-03-30
256001002,2026-03-30 03:50:00,37.801831,23.564927,4.6,Ro-Ro,VALLETTA SUN,Malta,3,Monday,2026-03-30
215001001,2026-03-30 03:50:00,37.934824,23.621368,0.2,Bulk Carrier,RABAT CARGO,Morocco,3,Monday,2026-03-30
356001002,2026-03-30 03:52:00,37.82262,23.562223,3.8,Bulk Carrier,CANAL BRIDGE,Panama,3,Monday,2026-03-30
241002005,2026-03-30 03:52:00,37.93637,23.634376,0.2,Container,RHODES CARRIER,Greece,3,Monday,2026-03-30
636002001,2026-03-30 03:52:00,37.801095,23.485471,5.2,Ro-Ro,LIBERIA COAST,Liberia,3,Monday,2026-03-30
241001001,2026-03-30 03:53:00,37.846619,23.563359,6.9,Container,AEGEAN STAR,Greece,3,Monday,2026-03-30
538001001,2026-03-30 03:53:00,37.872025,23.507716,0.2,Tanker,MARSHALL DAWN,Marshall Islands,3,Monday,2026-03-30
256001001,2026-03-30 03:53:00,37.809983,23.505818,6.3,Container,MALTA BREEZE,Malta,3,Monday,2026-03-30
256002001,2026-03-30 03:53:00,37.789044,23.495775,4.9,Bulk Carrier,GOZO SPIRIT,Malta,3,Monday,2026-03-30
209001001,2026-03-30 03:54:00,37.851256,23.526491,6.4,Passenger,CYPRUS WAVE,Cyprus,3,Monday,2026-03-30
241002004,2026-03-30 03:54:00,37.816777,23.522903,5.2,Passenger,MYKONOS JET,Greece,3,Monday,2026-03-30
356001001,2026-03-30 03:55:00,37.8251,23.54758,5.0,Container,PANAMA TRADER,Panama,3,Monday,2026-03-30
477001002,2026-03-30 03:55:00,37.948806,23.609707,0.0,Tanker,ORIENT WAVE,Hong Kong,3,Monday,2026-03-30
247001001,2026-03-30 03:55:00,37.818205,23.512387,8.5,Ro-Ro,GENOVA EXPRESS,Italy,3,Monday,2026-03-30
241002001,2026-03-30 03:56:00,37.789109,23.542165,5.7,Tanker,ATHENA GLORY,Greece,3,Monday,2026-03-30
241002003,2026-03-30 03:56:00,37.922501,23.575239,0.2,Ro-Ro,CRETE RUNNER,Greece,3,Monday,2026-03-30
356002002,2026-03-30 03:56:00,37.884355,23.557416,12.4,Bulk Carrier,GATUN BULK,Panama,3,Monday,2026-03-30
241001003,2026-03-30 03:58:00,37.866469,23.563442,0.6,Container,OLYMPIC CARRIER,Greece,3,Monday,2026-03-30
371001001,2026-03-30 03:58:00,37.939687,23.643832,0.3,Container,ISTANBUL BRIDGE,Turkey,3,Monday,2026-03-30
209001002,2026-03-30 03:59:00,37.903379,23.547115,0.1,Passenger,LIMASSOL FERRY,Cyprus,3,Monday,2026-03-30
356002001,2026-03-30 04:00:00,37.923533,23.554628,0.1,Tanker,BALBOA QUEEN,Panama,4,Monday,2026-03-30
538002001,2026-03-30 04:00:00,37.955866,23.645119,0.4,Container,MAJURO TIDE,Marshall Islands,4,Monday,2026-03-30
241001001,2026-03-30 04:02:00,37.850748,23.564914,11.3,Container,AEGEAN STAR,Greece,4,Monday,2026-03-30
477001001,2026-03-30 04:02:00,37.953776,23.638684,0.3,Container,HONG KONG SPIRIT,Hong Kong,4,Monday,2026-03-30
209001001,2026-03-30 04:03:00,37.853873,23.528684,9.4,Passenger,CYPRUS WAVE,Cyprus,4,Monday,2026-03-30
241001002,2026-03-30 04:04:00,37.84968,23.531982,0.2,Container,PIRAEUS EXPRESS,Greece,4,Monday,2026-03-30
371001002,2026-03-30 04:04:00,37.872383,23.556022,0.2,Tanker,BOSPHORUS WIND,Turkey,4,Monday,2026-03-30
622001001,2026-03-30 04:04:00,37.887349,23.573064,12.1,Container,ALEXANDRIA SUN,Egypt,4,Monday,2026-03-30
356001002,2026-03-30 04:05:00,37.825502,23.565013,4.7,Bulk Carrier,CANAL BRIDGE,Panama,4,Monday,2026-03-30
241002004,2026-03-30 04:05:00,37.819961,23.52482,8.5,Passenger,MYKONOS JET,Greece,4,Monday,2026-03-30
247001002,2026-03-30 04:05:00,37.954678,23.62776,0.0,Passenger,NAPOLI STAR,Italy,4,Monday,2026-03-30
538001002,2026-03-30 04:06:00,37.852432,23.514515,0.7,Bulk Carrier,PACIFIC MARSHAL,Marshall Islands,4,Monday,2026-03-30
356002002,2026-03-30 04:06:00,37.886759,23.559606,13.3,Bulk Carrier,GATUN BULK,Panama,4,Monday,2026-03-30
636001001,2026-03-30 04:08:00,37.869906,23.534302,0.1,Tanker,LIBERIA FORTUNE,Liberia,4,Monday,2026-03-30
215001001,2026-03-30 04:08:00,37.934858,23.622691,0.1,Bulk Carrier,RABAT CARGO,Morocco,4,Monday,2026-03-30
356001001,2026-03-30 04:09:00,37.827387,23.549237,5.8,Container,PANAMA TRADER,Panama,4,Monday,2026-03-30
256001001,2026-03-30 04:10:00,37.811208,23.507776,4.7,Container,MALTA BREEZE,Malta,4,Monday,2026-03-30
256001002,2026-03-30 04:10:00,37.803824,23.56755,4.0,Ro-Ro,VALLETTA SUN,Malta,4,Monday,2026-03-30
636002001,2026-03-30 04:10:00,37.803402,23.487525,4.5,Ro-Ro,LIBERIA COAST,Liberia,4,Monday,2026-03-30
247001001,2026-03-30 04:10:00,37.822056,23.515689,6.6,Ro-Ro,GENOVA EXPRESS,Italy,4,Monday,2026-03-30
241002001,2026-03-30 04:11:00,37.791253,23.543216,3.4,Tanker,ATHENA GLORY,Greece,4,Monday,2026-03-30
241002005,2026-03-30 04:11:00,37.937535,23.634209,0.2,Container,RHODES CARRIER,Greece,4,Monday,2026-03-30
477001002,2026-03-30 04:12:00,37.947494,23.611051,0.4,Tanker,ORIENT WAVE,Hong Kong,4,Monday,2026-03-30
636001002,2026-03-30 04:12:00,37.894613,23.561109,0.5,Bulk Carrier,MONROVIA STAR,Liberia,4,Monday,2026-03-30
538001001,2026-03-30 04:12:00,37.872726,23.509512,0.1,Tanker,MARSHALL DAWN,Marshall Islands,4,Monday,2026-03-30
241002002,2026-03-30 04:12:00,37.959313,23.642982,0.3,Bulk Carrier,POSEIDON BULK,Greece,4,Monday,2026-03-30
241002003,2026-03-30 04:13:00,37.921433,23.572939,0.8,Ro-Ro,CRETE RUNNER,Greece,4,Monday,2026-03-30
256002001,2026-03-30 04:13:00,37.790889,23.49682,6.7,Bulk Carrier,GOZO SPIRIT,Malta,4,Monday,2026-03-30
209001001,2026-03-30 04:14:00,37.85649,23.530876,11.6,Passenger,CYPRUS WAVE,Cyprus,4,Monday,2026-03-30
209001002,2026-03-30 04:14:00,37.904076,23.546774,0.6,Passenger,LIMASSOL FERRY,Cyprus,4,Monday,2026-03-30
241002004,2026-03-30 04:15:00,37.823144,23.526737,10.9,Passenger,MYKONOS JET,Greece,4,Monday,2026-03-30
356001002,2026-03-30 04:16:00,37.827772,23.567115,4.3,Bulk Carrier,CANAL BRIDGE,Panama,4,Monday,2026-03-30
241001001,2026-03-30 04:17:00,37.854877,23.566469,10.8,Container,AEGEAN STAR,Greece,4,Monday,2026-03-30
477001001,2026-03-30 04:18:00,37.953471,23.638216,0.2,Container,HONG KONG SPIRIT,Hong Kong,4,Monday,2026-03-30
356002001,2026-03-30 04:18:00,37.921871,23.552715,0.0,Tanker,BALBOA QUEEN,Panama,4,Monday,2026-03-30
622001001,2026-03-30 04:18:00,37.889637,23.576262,11.0,Container,ALEXANDRIA SUN,Egypt,4,Monday,2026-03-30
241001002,2026-03-30 04:20:00,37.850661,23.52999,0.1,Container,PIRAEUS EXPRESS,Greece,4,Monday,2026-03-30
256001001,2026-03-30 04:20:00,37.81331,23.509392,3.7,Container,MALTA BREEZE,Malta,4,Monday,2026-03-30
538002001,2026-03-30 04:20:00,37.956707,23.645574,0.0,Container,MAJURO TIDE,Marshall Islands,4,Monday,2026-03-30
371001001,2026-03-30 04:20:00,37.940344,23.643874,0.1,Container,ISTANBUL BRIDGE,Turkey,4,Monday,2026-03-30
356001001,2026-03-30 04:21:00,37.830045,23.551715,6.4,Container,PANAMA TRADER,Panama,4,Monday,2026-03-30
356002002,2026-03-30 04:21:00,37.889162,23.561797,13.2,Bulk Carrier,GATUN BULK,Panama,4,Monday,2026-03-30
241001003,2026-03-30 04:23:00,37.865831,23.562506,0.6,Container,OLYMPIC CARRIER,Greece,4,Monday,2026-03-30
209001001,2026-03-30 04:23:00,37.859107,23.533069,13.1,Passenger,CYPRUS WAVE,Cyprus,4,Monday,2026-03-30
241002004,2026-03-30 04:23:00,37.826328,23.528654,13.3,Passenger,MYKONOS JET,Greece,4,Monday,2026-03-30
215001001,2026-03-30 04:23:00,37.935612,23.621312,0.1,Bulk Carrier,RABAT CARGO,Morocco,4,Monday,2026-03-30
241002001,2026-03-30 04:24:00,37.793101,23.544365,7.9,Tanker,ATHENA GLORY,Greece,4,Monday,2026-03-30
636002001,2026-03-30 04:24:00,37.805485,23.488734,4.6,Ro-Ro,LIBERIA COAST,Liberia,4,Monday,2026-03-30
247001001,2026-03-30 04:25:00,37.825907,23.518992,10.1,Ro-Ro,GENOVA EXPRESS,Italy,4,Monday,2026-03-30
356002002,2026-03-30 04:26:00,37.891566,23.563987,7.1,Bulk Carrier,GATUN BULK,Panama,4,Monday,2026-03-30
371001002,2026-03-30 04:26:00,37.873726,23.556797,0.2,Tanker,BOSPHORUS WIND,Turkey,4,Monday,2026-03-30
256002001,2026-03-30 04:27:00,37.793374,23.497979,6.6,Bulk Carrier,GOZO SPIRIT,Malta,4,Monday,2026-03-30
247001002,2026-03-30 04:27:00,37.953844,23.626303,0.3,Passenger,NAPOLI STAR,Italy,4,Monday,2026-03-30
356001002,2026-03-30 04:28:00,37.830001,23.568302,6.1,Bulk Carrier,CANAL BRIDGE,Panama,4,Monday,2026-03-30
538001001,2026-03-30 04:28:00,37.873989,23.508192,0.6,Tanker,MARSHALL DAWN,Marshall Islands,4,Monday,2026-03-30
256001002,2026-03-30 04:30:00,37.806054,23.569277,4.7,Ro-Ro,VALLETTA SUN,Malta,4,Monday,2026-03-30
622001001,2026-03-30 04:30:00,37.891925,23.579461,13.9,Container,ALEXANDRIA SUN,Egypt,4,Monday,2026-03-30
241001001,2026-03-30 04:31:00,37.859006,23.568023,10.7,Container,AEGEAN STAR,Greece,4,Monday,2026-03-30
477001002,2026-03-30 04:31:00,37.947611,23.609467,0.0,Tanker,ORIENT WAVE,Hong Kong,4,Monday,2026-03-30
538001002,2026-03-30 04:31:00,37.851911,23.513546,0.6,Bulk Carrier,PACIFIC MARSHAL,Marshall Islands,4,Monday,2026-03-30
241002002,2026-03-30 04:31:00,37.957833,23.643172,0.1,Bulk Carrier,POSEIDON BULK,Greece,4,Monday,2026-03-30
356002002,2026-03-30 04:32:00,37.893969,23.566177,12.3,Bulk Carrier,GATUN BULK,Panama,4,Monday,2026-03-30
247001001,2026-03-30 04:32:00,37.829758,23.522294,10.8,Ro-Ro,GENOVA EXPRESS,Italy,4,Monday,2026-03-30
636001001,2026-03-30 04:33:00,37.867541,23.532516,0.3,Tanker,LIBERIA FORTUNE,Liberia,4,Monday,2026-03-30
636001002,2026-03-30 04:36:00,37.895182,23.561398,0.6,Bulk Carrier,MONROVIA STAR,Liberia,4,Monday,2026-03-30
256001001,2026-03-30 04:36:00,37.814751,23.511107,6.1,Container,MALTA BREEZE,Malta,4,Monday,2026-03-30
209001002,2026-03-30 04:36:00,37.905922,23.54841,0.5,Passenger,LIMASSOL FERRY,Cyprus,4,Monday,2026-03-30
241002005,2026-03-30 04:36:00,37.936664,23.633633,0.3,Container,RHODES CARRIER,Greece,4,Monday,2026-03-30
209001001,2026-03-30 04:37:00,37.861724,23.535262,6.2,Passenger,CYPRUS WAVE,Cyprus,4,Monday,2026-03-30
241002001,2026-03-30 04:37:00,37.794759,23.545491,4.0,Tanker,ATHENA GLORY,Greece,4,Monday,2026-03-30
241001003,2026-03-30 04:38:00,37.867084,23.563226,0.1,Container,OLYMPIC CARRIER,Greece,4,Monday,2026-03-30
241002003,2026-03-30 04:38:00,37.920634,23.573154,0.4,Ro-Ro,CRETE RUNNER,Greece,4,Monday,2026-03-30
241002004,2026-03-30 04:38:00,37.829511,23.530571,8.5,Passenger,MYKONOS JET,Greece,4,Monday,2026-03-30
622001001,2026-03-30 04:38:00,37.894212,23.582659,9.8,Container,ALEXANDRIA SUN,Egypt,4,Monday,2026-03-30
636002001,2026-03-30 04:39:00,37.807896,23.490978,7.5,Ro-Ro,LIBERIA COAST,Liberia,4,Monday,2026-03-30
371001001,2026-03-30 04:39:00,37.938765,23.645003,0.0,Container,ISTANBUL BRIDGE,Turkey,4,Monday,2026-03-30
356002001,2026-03-30 04:40:00,37.921839,23.55271,0.5,Tanker,BALBOA QUEEN,Panama,4,Monday,2026-03-30
356001001,2026-03-30 04:41:00,37.831232,23.554056,7.6,Container,PANAMA TRADER,Panama,4,Monday,2026-03-30
477001001,2026-03-30 04:42:00,37.954073,23.639298,0.0,Container,HONG KONG SPIRIT,Hong Kong,4,Monday,2026-03-30
241001002,2026-03-30 04:43:00,37.849231,23.531614,0.6,Container,PIRAEUS EXPRESS,Greece,4,Monday,2026-03-30
538002001,2026-03-30 04:43:00,37.956525,23.64517,0.3,Container,MAJURO TIDE,Marshall Islands,4,Monday,2026-03-30
256002001,2026-03-30 04:43:00,37.795961,23.500121,7.8,Bulk Carrier,GOZO SPIRIT,Malta,4,Monday,2026-03-30
241001001,2026-03-30 04:44:00,37.863135,23.569578,11.6,Container,AEGEAN STAR,Greece,4,Monday,2026-03-30
241002004,2026-03-30 04:44:00,37.832695,23.532488,9.4,Passenger,MYKONOS JET,Greece,4,Monday,2026-03-30
256001002,2026-03-30 04:46:00,37.808325,23.572225,4.0,Ro-Ro,VALLETTA SUN,Malta,4,Monday,2026-03-30
356002002,2026-03-30 04:46:00,37.896372,23.568368,13.1,Bulk Carrier,GATUN BULK,Panama,4,Monday,2026-03-30
247001001,2026-03-30 04:46:00,37.833609,23.525596,12.0,Ro-Ro,GENOVA EXPRESS,Italy,4,Monday,2026-03-30
215001001,2026-03-30 04:46:00,37.935763,23.621306,0.3,Bulk Carrier,RABAT CARGO,Morocco,4,Monday,2026-03-30
356001002,2026-03-30 04:48:00,37.832884,23.56961,3.8,Bulk Carrier,CANAL BRIDGE,Panama,4,Monday,2026-03-30
241002002,2026-03-30 04:48:00,37.959692,23.642262,0.1,Bulk Carrier,POSEIDON BULK,Greece,4,Monday,2026-03-30
371001002,2026-03-30 04:49:00,37.87379,23.55379,0.6,Tanker,BOSPHORUS WIND,Turkey,4,Monday,2026-03-30
636001001,2026-03-30 04:50:00,37.867149,23.533937,0.1,Tanker,LIBERIA FORTUNE,Liberia,4,Monday,2026-03-30
241002004,2026-03-30 04:50:00,37.835878,23.534404,7.0,Passenger,MYKONOS JET,Greece,4,Monday,2026-03-30
241001001,2026-03-30 04:51:00,37.867263,23.571133,9.2,Container,AEGEAN STAR,Greece,4,Monday,2026-03-30
538001001,2026-03-30 04:51:00,37.874142,23.511224,0.5,Tanker,MARSHALL DAWN,Marshall Islands,4,Monday,2026-03-30
256001001,2026-03-30 04:51:00,37.851078,23.55096,0.5,Container,MALTA BREEZE,Malta,4,Monday,2026-03-30
356002002,2026-03-30 04:51:00,37.898776,23.570558,8.1,Bulk Carrier,GATUN BULK,Panama,4,Monday,2026-03-30
247001002,2026-03-30 04:51:00,37.954325,23.626845,0.0,Passenger,NAPOLI STAR,Italy,4,Monday,2026-03-30
622001001,2026-03-30 04:51:00,37.8965,23.585857,7.6,Container,ALEXANDRIA SUN,Egypt,4,Monday,2026-03-30
209001001,2026-03-30 04:52:00,37.864342,23.537454,5.9,Passenger,CYPRUS WAVE,Cyprus,4,Monday,2026-03-30
538001002,2026-03-30 04:53:00,37.850443,23.513214,0.4,Bulk Carrier,PACIFIC MARSHAL,Marshall Islands,4,Monday,2026-03-30
636002001,2026-03-30 04:53:00,37.81072,23.493661,3.4,Ro-Ro,LIBERIA COAST,Liberia,4,Monday,2026-03-30
241001003,2026-03-30 04:54:00,37.864984,23.564002,0.7,Container,OLYMPIC CARRIER,Greece,4,Monday,2026-03-30
241002003,2026-03-30 04:54:00,37.920373,23.574375,0.4,Ro-Ro,CRETE RUNNER,Greece,4,Monday,2026-03-30
247001001,2026-03-30 04:54:00,37.83746,23.528898,6.4,Ro-Ro,GENOVA EXPRESS,Italy,4,Monday,2026-03-30
371001001,2026-03-30 04:55:00,37.93865,23.643948,0.4,Container,ISTANBUL BRIDGE,Turkey,4,Monday,2026-03-30
477001002,2026-03-30 04:56:00,37.947221,23.610095,0.4,Tanker,ORIENT WAVE,Hong Kong,4,Monday,2026-03-30
256001002,2026-03-30 04:57:00,37.810397,23.5738,7.2,Ro-Ro,VALLETTA SUN,Malta,4,Monday,2026-03-30
241002001,2026-03-30 04:57:00,37.796719,23.548107,3.5,Tanker,ATHENA GLORY,Greece,4,Monday,2026-03-30
356002002,2026-03-30 04:57:00,37.901179,23.572749,13.5,Bulk Carrier,GATUN BULK,Panama,4,Monday,2026-03-30
256002001,2026-03-30 04:57:00,37.798039,23.502708,6.1,Bulk Carrier,GOZO SPIRIT,Malta,4,Monday,2026-03-30
622001001,2026-03-30 04:57:00,37.898788,23.589055,12.7,Container,ALEXANDRIA SUN,Egypt,4,Monday,2026-03-30
356001001,2026-03-30 04:59:00,37.876932,23.531447,0.9,Container,PANAMA TRADER,Panama,4,Monday,2026-03-30
636001002,2026-03-30 04:59:00,37.895473,23.559581,0.1,Bulk Carrier,MONROVIA STAR,Liberia,4,Monday,2026-03-30
241002004,2026-03-30 04:59:00,37.839062,23.536321,8.2,Passenger,MYKONOS JET,Greece,4,Monday,2026-03-30
241001001,2026-03-30 05:00:00,37.871392,23.572688,13.9,Container,AEGEAN STAR,Greece,5,Monday,2026-03-30
477001001,2026-03-30 05:00:00,37.952715,23.638148,0.2,Container,HONG KONG SPIRIT,Hong Kong,5,Monday,2026-03-30
209001002,2026-03-30 05:01:00,37.905477,23.547011,0.7,Passenger,LIMASSOL FERRY,Cyprus,5,Monday,2026-03-30
241002005,2026-03-30 05:01:00,37.937592,23.634328,0.0,Container,RHODES CARRIER,Greece,5,Monday,2026-03-30
209001001,2026-03-30 05:02:00,37.866959,23.539647,9.6,Passenger,CYPRUS WAVE,Cyprus,5,Monday,2026-03-30
356002001,2026-03-30 05:03:00,37.921754,23.55225,0.1,Tanker,BALBOA QUEEN,Panama,5,Monday,2026-03-30
538002001,2026-03-30 05:03:00,37.957579,23.644608,0.3,Container,MAJURO TIDE,Marshall Islands,5,Monday,2026-03-30
215001001,2026-03-30 05:03:00,37.935079,23.622249,0.1,Bulk Carrier,RABAT CARGO,Morocco,5,Monday,2026-03-30
247001001,2026-03-30 05:04:00,37.841311,23.5322,9.2,Ro-Ro,GENOVA EXPRESS,Italy,5,Monday,2026-03-30
241001002,2026-03-30 05:06:00,37.850828,23.532139,0.1,Container,PIRAEUS EXPRESS,Greece,5,Monday,2026-03-30
256001002,2026-03-30 05:07:00,37.812544,23.576409,4.5,Ro-Ro,VALLETTA SUN,Malta,5,Monday,2026-03-30
256002001,2026-03-30 05:07:00,37.799985,23.505229,4.9,Bulk Carrier,GOZO SPIRIT,Malta,5,Monday,2026-03-30
356001002,2026-03-30 05:08:00,37.835688,23.571285,6.1,Bulk Carrier,CANAL BRIDGE,Panama,5,Monday,2026-03-30
622001001,2026-03-30 05:08:00,37.901076,23.592254,10.0,Container,ALEXANDRIA SUN,Egypt,5,Monday,2026-03-30
256001001,2026-03-30 05:09:00,37.850107,23.549674,0.0,Container,MALTA BREEZE,Malta,5,Monday,2026-03-30
371001002,2026-03-30 05:09:00,37.875771,23.553672,0.7,Tanker,BOSPHORUS WIND,Turkey,5,Monday,2026-03-30
247001002,2026-03-30 05:09:00,37.953938,23.626312,0.4,Passenger,NAPOLI STAR,Italy,5,Monday,2026-03-30
538001002,2026-03-30 05:11:00,37.852393,23.512101,0.2,Bulk Carrier,PACIFIC MARSHAL,Marshall Islands,5,Monday,2026-03-30
356002002,2026-03-30 05:11:00,37.903582,23.574939,11.7,Bulk Carrier,GATUN BULK,Panama,5,Monday,2026-03-30
636002001,2026-03-30 05:11:00,37.813204,23.495083,4.2,Ro-Ro,LIBERIA COAST,Liberia,5,Monday,2026-03-30
247001001,2026-03-30 05:11:00,37.845162,23.535502,11.9,Ro-Ro,GENOVA EXPRESS,Italy,5,Monday,2026-03-30
241002003,2026-03-30 05:12:00,37.921433,23.571978,0.6,Ro-Ro,CRETE RUNNER,Greece,5,Monday,2026-03-30
241002002,2026-03-30 05:13:00,37.959615,23.642749,0.3,Bulk Carrier,POSEIDON BULK,Greece,5,Monday,2026-03-30
241002004,2026-03-30 05:13:00,37.842245,23.538238,8.0,Passenger,MYKONOS JET,Greece,5,Monday,2026-03-30
371001001,2026-03-30 05:13:00,37.939556,23.644505,0.1,Container,ISTANBUL BRIDGE,Turkey,5,Monday,2026-03-30
636001001,2026-03-30 05:14:00,37.870295,23.532873,0.7,Tanker,LIBERIA FORTUNE,Liberia,5,Monday,2026-03-30
538001001,2026-03-30 05:14:00,37.873523,23.507856,0.6,Tanker,MARSHALL DAWN,Marshall Islands,5,Monday,2026-03-30
209001001,2026-03-30 05:14:00,37.869576,23.54184,9.0,Passenger,CYPRUS WAVE,Cyprus,5,Monday,2026-03-30
241001001,2026-03-30 05:15:00,37.875521,23.574242,11.2,Container,AEGEAN STAR,Greece,5,Monday,2026-03-30
477001002,2026-03-30 05:15:00,37.9484,23.61016,0.3,Tanker,ORIENT WAVE,Hong Kong,5,Monday,2026-03-30
241001003,2026-03-30 05:16:00,37.8638,23.565382,0.0,Container,OLYMPIC CARRIER,Greece,5,Monday,2026-03-30
241002001,2026-03-30 05:16:00,37.916644,23.572289,0.2,Tanker,ATHENA GLORY,Greece,5,Monday,2026-03-30
241002005,2026-03-30 05:16:00,37.936937,23.635217,0.2,Container,RHODES CARRIER,Greece,5,Monday,2026-03-30
356001001,2026-03-30 05:17:00,37.876115,23.528691,0.2,Container,PANAMA TRADER,Panama,5,Monday,2026-03-30
636001002,2026-03-30 05:17:00,37.897244,23.561995,0.7,Bulk Carrier,MONROVIA STAR,Liberia,5,Monday,2026-03-30
356002002,2026-03-30 05:17:00,37.905986,23.577129,13.0,Bulk Carrier,GATUN BULK,Panama,5,Monday,2026-03-30
622001001,2026-03-30 05:18:00,37.903363,23.595452,6.6,Container,ALEXANDRIA SUN,Egypt,5,Monday,2026-03-30
538002001,2026-03-30 05:21:00,37.956229,23.646283,0.2,Container,MAJURO TIDE,Marshall Islands,5,Monday,2026-03-30
215001001,2026-03-30 05:21:00,37.935542,23.622245,0.1,Bulk Carrier,RABAT CARGO,Morocco,5,Monday,2026-03-30
241001001,2026-03-30 05:23:00,37.87965,23.575797,11.2,Container,AEGEAN STAR,Greece,5,Monday,2026-03-30
477001001,2026-03-30 05:23:00,37.953776,23.638926,0.2,Container,HONG KONG SPIRIT,Hong Kong,5,Monday,2026-03-30
209001002,2026-03-30 05:23:00,37.905011,23.547133,0.1,Passenger,LIMASSOL FERRY,Cyprus,5,Monday,2026-03-30
241002004,2026-03-30 05:23:00,37.845429,23.540155,13.3,Passenger,MYKONOS JET,Greece,5,Monday,2026-03-30
256002001,2026-03-30 05:23:00,37.802363,23.5066,4.4,Bulk Carrier,GOZO SPIRIT,Malta,5,Monday,2026-03-30
247001001,2026-03-30 05:23:00,37.849013,23.538804,7.8,Ro-Ro,GENOVA EXPRESS,Italy,5,Monday,2026-03-30
241001002,2026-03-30 05:24:00,37.851738,23.532472,0.7,Container,PIRAEUS EXPRESS,Greece,5,Monday,2026-03-30
209001001,2026-03-30 05:25:00,37.872193,23.544032,9.3,Passenger,CYPRUS WAVE,Cyprus,5,Monday,2026-03-30
256001002,2026-03-30 05:26:00,37.813728,23.579097,6.7,Ro-Ro,VALLETTA SUN,Malta,5,Monday,2026-03-30
356002001,2026-03-30 05:26:00,37.921363,23.553413,0.3,Tanker,BALBOA QUEEN,Panama,5,Monday,2026-03-30
636002001,2026-03-30 05:26:00,37.81578,23.496155,6.6,Ro-Ro,LIBERIA COAST,Liberia,5,Monday,2026-03-30
356001002,2026-03-30 05:27:00,37.838416,23.572447,3.2,Bulk Carrier,CANAL BRIDGE,Panama,5,Monday,2026-03-30
241001001,2026-03-30 05:28:00,37.883779,23.577352,7.1,Container,AEGEAN STAR,Greece,5,Monday,2026-03-30
371001002,2026-03-30 05:28:00,37.873839,23.555848,0.1,Tanker,BOSPHORUS WIND,Turkey,5,Monday,2026-03-30
241002004,2026-03-30 05:29:00,37.848613,23.542072,13.1,Passenger,MYKONOS JET,Greece,5,Monday,2026-03-30
356002002,2026-03-30 05:29:00,37.908389,23.57932,13.5,Bulk Carrier,GATUN BULK,Panama,5,Monday,2026-03-30
477001002,2026-03-30 05:31:00,37.946892,23.610256,0.3,Tanker,ORIENT WAVE,Hong Kong,5,Monday,2026-03-30
636001001,2026-03-30 05:31:00,37.868298,23.534824,0.6,Tanker,LIBERIA FORTUNE,Liberia,5,Monday,2026-03-30
241002001,2026-03-30 05:31:00,37.916829,23.569401,0.7,Tanker,ATHENA GLORY,Greece,5,Monday,2026-03-30
241002003,2026-03-30 05:32:00,37.921563,23.574809,0.6,Ro-Ro,CRETE RUNNER,Greece,5,Monday,2026-03-30
241001001,2026-03-30 05:33:00,37.887908,23.578906,12.2,Container,AEGEAN STAR,Greece,5,Monday,2026-03-30
241001003,2026-03-30 05:33:00,37.866349,23.562958,0.1,Container,OLYMPIC CARRIER,Greece,5,Monday,2026-03-30
356001001,2026-03-30 05:33:00,37.877724,23.531337,0.5,Container,PANAMA TRADER,Panama,5,Monday,2026-03-30
622001001,2026-03-30 05:33:00,37.905651,23.59865,6.8,Container,ALEXANDRIA SUN,Egypt,5,Monday,2026-03-30
636001002,2026-03-30 05:34:00,37.894579,23.560176,0.6,Bulk Carrier,MONROVIA STAR,Liberia,5,Monday,2026-03-30
256001001,2026-03-30 05:34:00,37.851856,23.54947,0.9,Container,MALTA BREEZE,Malta,5,Monday,2026-03-30
241002002,2026-03-30 05:34:00,37.958195,23.642382,0.4,Bulk Carrier,POSEIDON BULK,Greece,5,Monday,2026-03-30
247001002,2026-03-30 05:34:00,37.953928,23.626974,0.1,Passenger,NAPOLI STAR,Italy,5,Monday,2026-03-30
371001001,2026-03-30 05:35:00,37.940148,23.643444,0.0,Container,ISTANBUL BRIDGE,Turkey,5,Monday,2026-03-30
538001002,2026-03-30 05:36:00,37.852656,23.512641,0.2,Bulk Carrier,PACIFIC MARSHAL,Marshall Islands,5,Monday,2026-03-30
256001002,2026-03-30 05:37:00,37.815275,23.58123,6.0,Ro-Ro,VALLETTA SUN,Malta,5,Monday,2026-03-30
247001001,2026-03-30 05:37:00,37.852864,23.542106,9.8,Ro-Ro,GENOVA EXPRESS,Italy,5,Monday,2026-03-30
215001001,2026-03-30 05:37:00,37.935698,23.622542,0.1,Bulk Carrier,RABAT CARGO,Morocco,5,Monday,2026-03-30
241002005,2026-03-30 05:38:00,37.937749,23.635159,0.2,Container,RHODES CARRIER,Greece,5,Monday,2026-03-30
356002002,2026-03-30 05:38:00,37.910792,23.58151,11.5,Bulk Carrier,GATUN BULK,Panama,5,Monday,2026-03-30
538001001,2026-03-30 05:39:00,37.87456,23.510244,0.5,Tanker,MARSHALL DAWN,Marshall Islands,5,Monday,2026-03-30
209001001,2026-03-30 05:39:00,37.87481,23.546225,10.4,Passenger,CYPRUS WAVE,Cyprus,5,Monday,2026-03-30
636002001,2026-03-30 05:39:00,37.81808,23.498063,6.5,Ro-Ro,LIBERIA COAST,Liberia,5,Monday,2026-03-30
209001002,2026-03-30 05:40:00,37.905104,23.548607,0.6,Passenger,LIMASSOL FERRY,Cyprus,5,Monday,2026-03-30
538002001,2026-03-30 05:41:00,37.956242,23.644761,0.0,Container,MAJURO TIDE,Marshall Islands,5,Monday,2026-03-30
256002001,2026-03-30 05:41:00,37.904521,23.546953,0.6,Bulk Carrier,GOZO SPIRIT,Malta,5,Monday,2026-03-30
241001002,2026-03-30 05:43:00,37.851404,23.531207,0.3,Container,PIRAEUS EXPRESS,Greece,5,Monday,2026-03-30
241002004,2026-03-30 05:43:00,37.851796,23.543989,6.4,Passenger,MYKONOS JET,Greece,5,Monday,2026-03-30
241001001,2026-03-30 05:44:00,37.892037,23.580461,7.4,Container,AEGEAN STAR,Greece,5,Monday,2026-03-30
356002002,2026-03-30 05:44:00,37.913196,23.583701,5.3,Bulk Carrier,GATUN BULK,Panama,5,Monday,2026-03-30
477001001,2026-03-30 05:45:00,37.953436,23.639109,0.0,Container,HONG KONG SPIRIT,Hong Kong,5,Monday,2026-03-30
209001001,2026-03-30 05:45:00,37.877428,23.548418,11.8,Passenger,CYPRUS WAVE,Cyprus,5,Monday,2026-03-30
356002001,2026-03-30 05:46:00,37.922622,23.554576,0.1,Tanker,BALBOA QUEEN,Panama,5,Monday,2026-03-30
356001002,2026-03-30 05:47:00,37.914058,23.524082,0.7,Bulk Carrier,CANAL BRIDGE,Panama,5,Monday,2026-03-30
241002001,2026-03-30 05:47:00,37.917228,23.57151,0.7,Tanker,ATHENA GLORY,Greece,5,Monday,2026-03-30
477001002,2026-03-30 05:48:00,37.947929,23.610192,0.2,Tanker,ORIENT WAVE,Hong Kong,5,Monday,2026-03-30
636001001,2026-03-30 05:48:00,37.86658,23.534108,0.3,Tanker,LIBERIA FORTUNE,Liberia,5,Monday,2026-03-30
622001001,2026-03-30 05:48:00,37.907939,23.601849,8.9,Container,ALEXANDRIA SUN,Egypt,5,Monday,2026-03-30
636002001,2026-03-30 05:50:00,37.820753,23.499604,3.1,Ro-Ro,LIBERIA COAST,Liberia,5,Monday,2026-03-30
371001002,2026-03-30 05:50:00,37.872872,23.55392,0.6,Tanker,BOSPHORUS WIND,Turkey,5,Monday,2026-03-30
241002003,2026-03-30 05:51:00,37.919896,23.572139,0.4,Ro-Ro,CRETE RUNNER,Greece,5,Monday,2026-03-30
241001001,2026-03-30 05:52:00,37.896166,23.582016,13.2,Container,AEGEAN STAR,Greece,5,Monday,2026-03-30
247001001,2026-03-30 05:52:00,37.856715,23.545408,12.9,Ro-Ro,GENOVA EXPRESS,Italy,5,Monday,2026-03-30
215001001,2026-03-30 05:53:00,37.934846,23.622308,0.1,Bulk Carrier,RABAT CARGO,Morocco,5,Monday,2026-03-30
241002004,2026-03-30 05:54:00,37.85498,23.545906,9.8,Passenger,MYKONOS JET,Greece,5,Monday,2026-03-30
256001002,2026-03-30 05:55:00,37.816694,23.583821,5.4,Ro-Ro,VALLETTA SUN,Malta,5,Monday,2026-03-30
209001001,2026-03-30 05:55:00,37.880045,23.55061,10.5,Passenger,CYPRUS WAVE,Cyprus,5,Monday,2026-03-30
209001002,2026-03-30 05:55:00,37.905664,23.547472,0.7,Passenger,LIMASSOL FERRY,Cyprus,5,Monday,2026-03-30
356001001,2026-03-30 05:56:00,37.876912,23.531447,0.0,Container,PANAMA TRADER,Panama,5,Monday,2026-03-30
538001002,2026-03-30 05:56:00,37.851214,23.513348,0.8,Bulk Carrier,PACIFIC MARSHAL,Marshall Islands,5,Monday,2026-03-30
256001001,2026-03-30 05:56:00,37.850373,23.551666,0.3,Container,MALTA BREEZE,Malta,5,Monday,2026-03-30
256002001,2026-03-30 05:56:00,37.906059,23.546423,0.7,Bulk Carrier,GOZO SPIRIT,Malta,5,Monday,2026-03-30
241001003,2026-03-30 05:57:00,37.865822,23.565305,0.6,Container,OLYMPIC CARRIER,Greece,5,Monday,2026-03-30
241002002,2026-03-30 05:57:00,37.958737,23.642259,0.2,Bulk Carrier,POSEIDON BULK,Greece,5,Monday,2026-03-30
356002002,2026-03-30 05:57:00,37.915599,23.585891,7.0,Bulk Carrier,GATUN BULK,Panama,5,Monday,2026-03-30
247001002,2026-03-30 05:57:00,37.954746,23.627054,0.3,Passenger,NAPOLI STAR,Italy,5,Monday,2026-03-30
636001002,2026-03-30 05:58:00,37.896656,23.56341,0.8,Bulk Carrier,MONROVIA STAR,Liberia,5,Monday,2026-03-30
622001001,2026-03-30 05:58:00,37.910227,23.605047,10.8,Container,ALEXANDRIA SUN,Egypt,5,Monday,2026-03-30
538001001,2026-03-30 06:00:00,37.872529,23.508156,0.7,Tanker,MARSHALL DAWN,Marshall Islands,6,Monday,2026-03-30
538002001,2026-03-30 06:00:00,37.956119,23.644863,0.2,Container,MAJURO TIDE,Marshall Islands,6,Monday,2026-03-30
371001001,2026-03-30 06:00:00,37.939342,23.644226,0.0,Container,ISTANBUL BRIDGE,Turkey,6,Monday,2026-03-30
241002005,2026-03-30 06:01:00,37.936545,23.635184,0.1,Container,RHODES CARRIER,Greece,6,Monday,2026-03-30
477001002,2026-03-30 06:03:00,37.948524,23.611278,0.3,Tanker,ORIENT WAVE,Hong Kong,6,Monday,2026-03-30
241001001,2026-03-30 06:06:00,37.900295,23.58357,12.9,Container,AEGEAN STAR,Greece,6,Monday,2026-03-30
241001002,2026-03-30 06:06:00,37.849709,23.529969,0.4,Container,PIRAEUS EXPRESS,Greece,6,Monday,2026-03-30
636001001,2026-03-30 06:06:00,37.867022,23.535358,0.6,Tanker,LIBERIA FORTUNE,Liberia,6,Monday,2026-03-30
209001001,2026-03-30 06:06:00,37.882662,23.552803,10.7,Passenger,CYPRUS WAVE,Cyprus,6,Monday,2026-03-30
477001001,2026-03-30 06:07:00,37.953246,23.63862,0.1,Container,HONG KONG SPIRIT,Hong Kong,6,Monday,2026-03-30
356002001,2026-03-30 06:07:00,37.920786,23.552355,0.2,Tanker,BALBOA QUEEN,Panama,6,Monday,2026-03-30
356002002,2026-03-30 06:07:00,37.918003,23.588081,8.9,Bulk Carrier,GATUN BULK,Panama,6,Monday,2026-03-30
247001001,2026-03-30 06:07:00,37.860566,23.54871,5.9,Ro-Ro,GENOVA EXPRESS,Italy,6,Monday,2026-03-30
241002004,2026-03-30 06:08:00,37.858163,23.547823,6.6,Passenger,MYKONOS JET,Greece,6,Monday,2026-03-30
356001002,2026-03-30 06:09:00,37.914574,23.524094,0.8,Bulk Carrier,CANAL BRIDGE,Panama,6,Monday,2026-03-30
636002001,2026-03-30 06:09:00,37.823407,23.500773,4.9,Ro-Ro,LIBERIA COAST,Liberia,6,Monday,2026-03-30
215001001,2026-03-30 06:09:00,37.936572,23.621433,0.2,Bulk Carrier,RABAT CARGO,Morocco,6,Monday,2026-03-30
622001001,2026-03-30 06:10:00,37.912514,23.608245,5.2,Container,ALEXANDRIA SUN,Egypt,6,Monday,2026-03-30
209001001,2026-03-30 06:12:00,37.885279,23.554996,5.4,Passenger,CYPRUS WAVE,Cyprus,6,Monday,2026-03-30
241002001,2026-03-30 06:12:00,37.915249,23.572352,0.4,Tanker,ATHENA GLORY,Greece,6,Monday,2026-03-30
356001001,2026-03-30 06:13:00,37.876182,23.529105,0.5,Container,PANAMA TRADER,Panama,6,Monday,2026-03-30
241002003,2026-03-30 06:13:00,37.91982,23.572462,0.2,Ro-Ro,CRETE RUNNER,Greece,6,Monday,2026-03-30
247001001,2026-03-30 06:13:00,37.864416,23.552013,5.8,Ro-Ro,GENOVA EXPRESS,Italy,6,Monday,2026-03-30
371001002,2026-03-30 06:14:00,37.875433,23.554473,0.8,Tanker,BOSPHORUS WIND,Turkey,6,Monday,2026-03-30
256001002,2026-03-30 06:15:00,37.818703,23.585421,7.1,Ro-Ro,VALLETTA SUN,Malta,6,Monday,2026-03-30
241001001,2026-03-30 06:16:00,37.904423,23.585125,6.9,Container,AEGEAN STAR,Greece,6,Monday,2026-03-30
356002002,2026-03-30 06:16:00,37.920406,23.590272,12.0,Bulk Carrier,GATUN BULK,Panama,6,Monday,2026-03-30
247001002,2026-03-30 06:17:00,37.95387,23.626763,0.1,Passenger,NAPOLI STAR,Italy,6,Monday,2026-03-30
622001001,2026-03-30 06:17:00,37.914802,23.611443,13.4,Container,ALEXANDRIA SUN,Egypt,6,Monday,2026-03-30
256002001,2026-03-30 06:18:00,37.907334,23.546597,0.5,Bulk Carrier,GOZO SPIRIT,Malta,6,Monday,2026-03-30
247001001,2026-03-30 06:18:00,37.868267,23.555315,13.3,Ro-Ro,GENOVA EXPRESS,Italy,6,Monday,2026-03-30
538001002,2026-03-30 06:19:00,37.849393,23.512079,0.3,Bulk Carrier,PACIFIC MARSHAL,Marshall Islands,6,Monday,2026-03-30
209001002,2026-03-30 06:19:00,37.90489,23.548002,0.7,Passenger,LIMASSOL FERRY,Cyprus,6,Monday,2026-03-30
241002002,2026-03-30 06:19:00,37.958396,23.641944,0.3,Bulk Carrier,POSEIDON BULK,Greece,6,Monday,2026-03-30
241002004,2026-03-30 06:19:00,37.861347,23.54974,6.4,Passenger,MYKONOS JET,Greece,6,Monday,2026-03-30
538002001,2026-03-30 06:19:00,37.957179,23.646373,0.4,Container,MAJURO TIDE,Marshall Islands,6,Monday,2026-03-30
636001002,2026-03-30 06:20:00,37.89418,23.562585,0.8,Bulk Carrier,MONROVIA STAR,Liberia,6,Monday,2026-03-30
241002005,2026-03-30 06:20:00,37.937133,23.635277,0.4,Container,RHODES CARRIER,Greece,6,Monday,2026-03-30
241001002,2026-03-30 06:21:00,37.849637,23.530594,0.5,Container,PIRAEUS EXPRESS,Greece,6,Monday,2026-03-30
538001001,2026-03-30 06:21:00,37.874492,23.50957,0.4,Tanker,MARSHALL DAWN,Marshall Islands,6,Monday,2026-03-30
256001001,2026-03-30 06:21:00,37.848545,23.551307,0.3,Container,MALTA BREEZE,Malta,6,Monday,2026-03-30
241001003,2026-03-30 06:22:00,37.864743,23.563165,0.7,Container,OLYMPIC CARRIER,Greece,6,Monday,2026-03-30
209001001,2026-03-30 06:22:00,37.887896,23.557189,13.8,Passenger,CYPRUS WAVE,Cyprus,6,Monday,2026-03-30
371001001,2026-03-30 06:22:00,37.93947,23.643772,0.1,Container,ISTANBUL BRIDGE,Turkey,6,Monday,2026-03-30
636002001,2026-03-30 06:23:00,37.825175,23.501811,7.3,Ro-Ro,LIBERIA COAST,Liberia,6,Monday,2026-03-30
247001001,2026-03-30 06:23:00,37.872118,23.558617,8.0,Ro-Ro,GENOVA EXPRESS,Italy,6,Monday,2026-03-30
477001002,2026-03-30 06:24:00,37.947845,23.60976,0.3,Tanker,ORIENT WAVE,Hong Kong,6,Monday,2026-03-30
356002002,2026-03-30 06:24:00,37.922809,23.592462,5.2,Bulk Carrier,GATUN BULK,Panama,6,Monday,2026-03-30
356002001,2026-03-30 06:26:00,37.922002,23.553382,0.4,Tanker,BALBOA QUEEN,Panama,6,Monday,2026-03-30
215001001,2026-03-30 06:26:00,37.936099,23.622968,0.1,Bulk Carrier,RABAT CARGO,Morocco,6,Monday,2026-03-30
622001001,2026-03-30 06:26:00,37.91709,23.614642,6.5,Container,ALEXANDRIA SUN,Egypt,6,Monday,2026-03-30
241002001,2026-03-30 06:27:00,37.91831,23.571227,0.3,Tanker,ATHENA GLORY,Greece,6,Monday,2026-03-30
241001001,2026-03-30 06:28:00,37.908552,23.58668,8.6,Container,AEGEAN STAR,Greece,6,Monday,2026-03-30
356001002,2026-03-30 06:28:00,37.915611,23.524266,0.4,Bulk Carrier,CANAL BRIDGE,Panama,6,Monday,2026-03-30
636001001,2026-03-30 06:28:00,37.869467,23.532818,0.6,Tanker,LIBERIA FORTUNE,Liberia,6,Monday,2026-03-30
356002002,2026-03-30 06:29:00,37.925213,23.594653,5.2,Bulk Carrier,GATUN BULK,Panama,6,Monday,2026-03-30
247001001,2026-03-30 06:29:00,37.875969,23.561919,7.8,Ro-Ro,GENOVA EXPRESS,Italy,6,Monday,2026-03-30
477001001,2026-03-30 06:30:00,37.954029,23.638939,0.2,Container,HONG KONG SPIRIT,Hong Kong,6,Monday,2026-03-30
241002003,2026-03-30 06:31:00,37.919278,23.574493,0.6,Ro-Ro,CRETE RUNNER,Greece,6,Monday,2026-03-30
241002004,2026-03-30 06:34:00,37.86453,23.551656,11.2,Passenger,MYKONOS JET,Greece,6,Monday,2026-03-30
256001002,2026-03-30 06:35:00,37.820103,23.587226,5.7,Ro-Ro,VALLETTA SUN,Malta,6,Monday,2026-03-30
209001002,2026-03-30 06:35:00,37.906175,23.550585,0.5,Passenger,LIMASSOL FERRY,Cyprus,6,Monday,2026-03-30
247001002,2026-03-30 06:35:00,37.953711,23.628067,0.2,Passenger,NAPOLI STAR,Italy,6,Monday,2026-03-30
622001001,2026-03-30 06:35:00,37.919378,23.61784,11.0,Container,ALEXANDRIA SUN,Egypt,6,Monday,2026-03-30
256002001,2026-03-30 06:36:00,37.906266,23.546208,0.2,Bulk Carrier,GOZO SPIRIT,Malta,6,Monday,2026-03-30
241001002,2026-03-30 06:37:00,37.848952,23.529983,0.6,Container,PIRAEUS EXPRESS,Greece,6,Monday,2026-03-30
356001001,2026-03-30 06:37:00,37.876227,23.530133,0.7,Container,PANAMA TRADER,Panama,6,Monday,2026-03-30
209001001,2026-03-30 06:37:00,37.890513,23.559381,7.0,Passenger,CYPRUS WAVE,Cyprus,6,Monday,2026-03-30
241002005,2026-03-30 06:37:00,37.936891,23.633433,0.3,Container,RHODES CARRIER,Greece,6,Monday,2026-03-30
356002002,2026-03-30 06:37:00,37.927616,23.596843,9.8,Bulk Carrier,GATUN BULK,Panama,6,Monday,2026-03-30
636001002,2026-03-30 06:38:00,37.895496,23.55971,0.1,Bulk Carrier,MONROVIA STAR,Liberia,6,Monday,2026-03-30
538001002,2026-03-30 06:39:00,37.852755,23.510905,0.7,Bulk Carrier,PACIFIC MARSHAL,Marshall Islands,6,Monday,2026-03-30
636002001,2026-03-30 06:39:00,37.826264,23.503222,4.9,Ro-Ro,LIBERIA COAST,Liberia,6,Monday,2026-03-30
371001002,2026-03-30 06:39:00,37.874779,23.555238,0.4,Tanker,BOSPHORUS WIND,Turkey,6,Monday,2026-03-30
247001001,2026-03-30 06:39:00,37.87982,23.565221,6.8,Ro-Ro,GENOVA EXPRESS,Italy,6,Monday,2026-03-30
477001002,2026-03-30 06:40:00,37.947095,23.609929,0.3,Tanker,ORIENT WAVE,Hong Kong,6,Monday,2026-03-30
256001001,2026-03-30 06:41:00,37.848002,23.549272,0.3,Container,MALTA BREEZE,Malta,6,Monday,2026-03-30
241001001,2026-03-30 06:43:00,37.912681,23.588234,9.1,Container,AEGEAN STAR,Greece,6,Monday,2026-03-30
241001003,2026-03-30 06:44:00,37.863367,23.562172,0.7,Container,OLYMPIC CARRIER,Greece,6,Monday,2026-03-30
241002001,2026-03-30 06:44:00,37.91796,23.568673,0.1,Tanker,ATHENA GLORY,Greece,6,Monday,2026-03-30
241002002,2026-03-30 06:44:00,37.957851,23.642979,0.2,Bulk Carrier,POSEIDON BULK,Greece,6,Monday,2026-03-30
538002001,2026-03-30 06:44:00,37.955864,23.645628,0.1,Container,MAJURO TIDE,Marshall Islands,6,Monday,2026-03-30
371001001,2026-03-30 06:44:00,37.938404,23.644202,0.1,Container,ISTANBUL BRIDGE,Turkey,6,Monday,2026-03-30
538001001,2026-03-30 06:45:00,37.873271,23.508695,0.4,Tanker,MARSHALL DAWN,Marshall Islands,6,Monday,2026-03-30
247001001,2026-03-30 06:46:00,37.883671,23.568523,13.6,Ro-Ro,GENOVA EXPRESS,Italy,6,Monday,2026-03-30
215001001,2026-03-30 06:46:00,37.936248,23.622101,0.4,Bulk Carrier,RABAT CARGO,Morocco,6,Monday,2026-03-30
622001001,2026-03-30 06:46:00,37.921665,23.621038,6.5,Container,ALEXANDRIA SUN,Egypt,6,Monday,2026-03-30
356001002,2026-03-30 06:47:00,37.915146,23.522158,0.4,Bulk Carrier,CANAL BRIDGE,Panama,6,Monday,2026-03-30
241002004,2026-03-30 06:48:00,37.867714,23.553573,12.4,Passenger,MYKONOS JET,Greece,6,Monday,2026-03-30
356002002,2026-03-30 06:48:00,37.930019,23.599033,11.1,Bulk Carrier,GATUN BULK,Panama,6,Monday,2026-03-30
636001001,2026-03-30 06:49:00,37.867962,23.536161,0.5,Tanker,LIBERIA FORTUNE,Liberia,6,Monday,2026-03-30
477001001,2026-03-30 06:51:00,37.952421,23.637928,0.1,Container,HONG KONG SPIRIT,Hong Kong,6,Monday,2026-03-30
356002001,2026-03-30 06:51:00,37.921024,23.552092,0.0,Tanker,BALBOA QUEEN,Panama,6,Monday,2026-03-30
636002001,2026-03-30 06:51:00,37.828329,23.505543,6.3,Ro-Ro,LIBERIA COAST,Liberia,6,Monday,2026-03-30
241001001,2026-03-30 06:52:00,37.91681,23.589789,6.3,Container,AEGEAN STAR,Greece,6,Monday,2026-03-30
241001002,2026-03-30 06:52:00,37.849,23.530665,0.7,Container,PIRAEUS EXPRESS,Greece,6,Monday,2026-03-30
209001001,2026-03-30 06:52:00,37.893131,23.561574,11.4,Passenger,CYPRUS WAVE,Cyprus,6,Monday,2026-03-30
356002002,2026-03-30 06:53:00,37.932423,23.601224,10.0,Bulk Carrier,GATUN BULK,Panama,6,Monday,2026-03-30
256001002,2026-03-30 06:54:00,37.889457,23.552822,0.2,Ro-Ro,VALLETTA SUN,Malta,6,Monday,2026-03-30
371001002,2026-03-30 06:54:00,37.875434,23.554629,0.5,Tanker,BOSPHORUS WIND,Turkey,6,Monday,2026-03-30
241002003,2026-03-30 06:55:00,37.922383,23.575023,0.1,Ro-Ro,CRETE RUNNER,Greece,6,Monday,2026-03-30
247001001,2026-03-30 06:55:00,37.887522,23.571825,12.6,Ro-Ro,GENOVA EXPRESS,Italy,6,Monday,2026-03-30
636001002,2026-03-30 06:56:00,37.897184,23.561091,0.4,Bulk Carrier,MONROVIA STAR,Liberia,6,Monday,2026-03-30
209001002,2026-03-30 06:57:00,37.905706,23.548884,0.6,Passenger,LIMASSOL FERRY,Cyprus,6,Monday,2026-03-30
622001001,2026-03-30 06:57:00,37.923953,23.624237,6.8,Container,ALEXANDRIA SUN,Egypt,6,Monday,2026-03-30
356001001,2026-03-30 06:58:00,37.878443,23.53226,0.3,Container,PANAMA TRADER,Panama,6,Monday,2026-03-30
241002004,2026-03-30 06:58:00,37.870897,23.55549,12.9,Passenger,MYKONOS JET,Greece,6,Monday,2026-03-30
241002005,2026-03-30 06:58:00,37.937582,23.63444,0.1,Container,RHODES CARRIER,Greece,6,Monday,2026-03-30
356002002,2026-03-30 06:58:00,37.934826,23.603414,8.5,Bulk Carrier,GATUN BULK,Panama,6,Monday,2026-03-30
477001002,2026-03-30 06:59:00,37.948437,23.610808,0.1,Tanker,ORIENT WAVE,Hong Kong,6,Monday,2026-03-30
256001001,2026-03-30 07:00:00,37.85145,23.548242,0.9,Container,MALTA BREEZE,Malta,7,Monday,2026-03-30
256002001,2026-03-30 07:00:00,37.906278,23.548632,0.3,Bulk Carrier,GOZO SPIRIT,Malta,7,Monday,2026-03-30
371001001,2026-03-30 07:00:00,37.93927,23.644627,0.3,Container,ISTANBUL BRIDGE,Turkey,7,Monday,2026-03-30
247001002,2026-03-30 07:00:00,37.95451,23.626877,0.0,Passenger,NAPOLI STAR,Italy,7,Monday,2026-03-30
636002001,2026-03-30 07:01:00,37.894757,23.528691,0.8,Ro-Ro,LIBERIA COAST,Liberia,7,Monday,2026-03-30
538001002,2026-03-30 07:02:00,37.85032,23.514347,0.7,Bulk Carrier,PACIFIC MARSHAL,Marshall Islands,7,Monday,2026-03-30
209001001,2026-03-30 07:04:00,37.895748,23.563767,9.7,Passenger,CYPRUS WAVE,Cyprus,7,Monday,2026-03-30
622001001,2026-03-30 07:04:00,37.926241,23.627435,8.3,Container,ALEXANDRIA SUN,Egypt,7,Monday,2026-03-30
241001001,2026-03-30 07:05:00,37.920939,23.591344,9.9,Container,AEGEAN STAR,Greece,7,Monday,2026-03-30
538001001,2026-03-30 07:05:00,37.873511,23.509967,0.7,Tanker,MARSHALL DAWN,Marshall Islands,7,Monday,2026-03-30
247001001,2026-03-30 07:05:00,37.891373,23.575127,10.6,Ro-Ro,GENOVA EXPRESS,Italy,7,Monday,2026-03-30
241002002,2026-03-30 07:06:00,37.958185,23.643424,0.0,Bulk Carrier,POSEIDON BULK,Greece,7,Monday,2026-03-30
477001001,2026-03-30 07:07:00,37.953104,23.63762,0.0,Container,HONG KONG SPIRIT,Hong Kong,7,Monday,2026-03-30
241002004,2026-03-30 07:07:00,37.874081,23.557407,13.2,Passenger,MYKONOS JET,Greece,7,Monday,2026-03-30
356002001,2026-03-30 07:07:00,37.920171,23.552713,0.0,Tanker,BALBOA QUEEN,Panama,7,Monday,2026-03-30
538002001,2026-03-30 07:07:00,37.955727,23.646329,0.3,Container,MAJURO TIDE,Marshall Islands,7,Monday,2026-03-30
215001001,2026-03-30 07:07:00,37.935233,23.622077,0.0,Bulk Carrier,RABAT CARGO,Morocco,7,Monday,2026-03-30
356001002,2026-03-30 07:08:00,37.913208,23.523953,0.4,Bulk Carrier,CANAL BRIDGE,Panama,7,Monday,2026-03-30
241002001,2026-03-30 07:08:00,37.915013,23.571164,0.6,Tanker,ATHENA GLORY,Greece,7,Monday,2026-03-30
241001003,2026-03-30 07:09:00,37.864373,23.562808,0.5,Container,OLYMPIC CARRIER,Greece,7,Monday,2026-03-30
356002002,2026-03-30 07:09:00,37.93723,23.605604,11.3,Bulk Carrier,GATUN BULK,Panama,7,Monday,2026-03-30
636001001,2026-03-30 07:10:00,37.868483,23.535223,0.0,Tanker,LIBERIA FORTUNE,Liberia,7,Monday,2026-03-30
256001002,2026-03-30 07:11:00,37.890235,23.553857,0.5,Ro-Ro,VALLETTA SUN,Malta,7,Monday,2026-03-30
371001002,2026-03-30 07:13:00,37.874534,23.554823,0.7,Tanker,BOSPHORUS WIND,Turkey,7,Monday,2026-03-30
622001001,2026-03-30 07:13:00,37.928529,23.630633,7.8,Container,ALEXANDRIA SUN,Egypt,7,Monday,2026-03-30
241002005,2026-03-30 07:14:00,37.937027,23.633947,0.3,Container,RHODES CARRIER,Greece,7,Monday,2026-03-30
247001001,2026-03-30 07:15:00,37.895224,23.578429,10.3,Ro-Ro,GENOVA EXPRESS,Italy,7,Monday,2026-03-30
477001002,2026-03-30 07:16:00,37.948244,23.609439,0.3,Tanker,ORIENT WAVE,Hong Kong,7,Monday,2026-03-30
209001002,2026-03-30 07:16:00,37.904922,23.54872,0.0,Passenger,LIMASSOL FERRY,Cyprus,7,Monday,2026-03-30
241002003,2026-03-30 07:16:00,37.920949,23.574956,0.8,Ro-Ro,CRETE RUNNER,Greece,7,Monday,2026-03-30
241001002,2026-03-30 07:17:00,37.850874,23.532606,0.4,Container,PIRAEUS EXPRESS,Greece,7,Monday,2026-03-30
538001002,2026-03-30 07:17:00,37.851692,23.512479,0.2,Bulk Carrier,PACIFIC MARSHAL,Marshall Islands,7,Monday,2026-03-30
636001002,2026-03-30 07:18:00,37.894178,23.562133,0.7,Bulk Carrier,MONROVIA STAR,Liberia,7,Monday,2026-03-30
241001001,2026-03-30 07:19:00,37.925068,23.592898,8.9,Container,AEGEAN STAR,Greece,7,Monday,2026-03-30
209001001,2026-03-30 07:19:00,37.898365,23.565959,9.7,Passenger,CYPRUS WAVE,Cyprus,7,Monday,2026-03-30
356002002,2026-03-30 07:20:00,37.939633,23.607795,11.3,Bulk Carrier,GATUN BULK,Panama,7,Monday,2026-03-30
636002001,2026-03-30 07:20:00,37.894103,23.530375,0.7,Ro-Ro,LIBERIA COAST,Liberia,7,Monday,2026-03-30
356001001,2026-03-30 07:22:00,37.878559,23.530178,0.3,Container,PANAMA TRADER,Panama,7,Monday,2026-03-30
477001001,2026-03-30 07:22:00,37.952553,23.63936,0.4,Container,HONG KONG SPIRIT,Hong Kong,7,Monday,2026-03-30
256001001,2026-03-30 07:22:00,37.849615,23.549662,0.7,Container,MALTA BREEZE,Malta,7,Monday,2026-03-30
241002004,2026-03-30 07:22:00,37.877264,23.559324,8.3,Passenger,MYKONOS JET,Greece,7,Monday,2026-03-30
356002001,2026-03-30 07:23:00,37.92113,23.555178,0.4,Tanker,BALBOA QUEEN,Panama,7,Monday,2026-03-30
247001002,2026-03-30 07:23:00,37.953224,23.626497,0.4,Passenger,NAPOLI STAR,Italy,7,Monday,2026-03-30
256002001,2026-03-30 07:24:00,37.905811,23.54749,0.4,Bulk Carrier,GOZO SPIRIT,Malta,7,Monday,2026-03-30
371001001,2026-03-30 07:24:00,37.939614,23.644255,0.3,Container,ISTANBUL BRIDGE,Turkey,7,Monday,2026-03-30
241001003,2026-03-30 07:25:00,37.863617,23.564433,0.3,Container,OLYMPIC CARRIER,Greece,7,Monday,2026-03-30
636001001,2026-03-30 07:25:00,37.869375,23.534424,0.7,Tanker,LIBERIA FORTUNE,Liberia,7,Monday,2026-03-30
538001001,2026-03-30 07:25:00,37.874115,23.50829,0.5,Tanker,MARSHALL DAWN,Marshall Islands,7,Monday,2026-03-30
215001001,2026-03-30 07:25:00,37.936454,23.62207,0.3,Bulk Carrier,RABAT CARGO,Morocco,7,Monday,2026-03-30
622001001,2026-03-30 07:26:00,37.930816,23.633832,11.2,Container,ALEXANDRIA SUN,Egypt,7,Monday,2026-03-30
241002002,2026-03-30 07:27:00,37.958253,23.64292,0.1,Bulk Carrier,POSEIDON BULK,Greece,7,Monday,2026-03-30
247001001,2026-03-30 07:27:00,37.899075,23.581731,9.3,Ro-Ro,GENOVA EXPRESS,Italy,7,Monday,2026-03-30
356001002,2026-03-30 07:28:00,37.913669,23.525478,0.8,Bulk Carrier,CANAL BRIDGE,Panama,7,Monday,2026-03-30
209001001,2026-03-30 07:28:00,37.900982,23.568152,9.2,Passenger,CYPRUS WAVE,Cyprus,7,Monday,2026-03-30
538002001,2026-03-30 07:30:00,37.956062,23.645501,0.2,Container,MAJURO TIDE,Marshall Islands,7,Monday,2026-03-30
241002001,2026-03-30 07:31:00,37.91815,23.570061,0.0,Tanker,ATHENA GLORY,Greece,7,Monday,2026-03-30
241002003,2026-03-30 07:31:00,37.923138,23.572308,0.1,Ro-Ro,CRETE RUNNER,Greece,7,Monday,2026-03-30
241002004,2026-03-30 07:31:00,37.880448,23.561241,12.3,Passenger,MYKONOS JET,Greece,7,Monday,2026-03-30
241001001,2026-03-30 07:33:00,37.929197,23.594453,8.6,Container,AEGEAN STAR,Greece,7,Monday,2026-03-30
256001002,2026-03-30 07:33:00,37.891935,23.553245,0.2,Ro-Ro,VALLETTA SUN,Malta,7,Monday,2026-03-30
356002002,2026-03-30 07:33:00,37.942036,23.609985,6.2,Bulk Carrier,GATUN BULK,Panama,7,Monday,2026-03-30
636001002,2026-03-30 07:34:00,37.896103,23.562858,0.6,Bulk Carrier,MONROVIA STAR,Liberia,7,Monday,2026-03-30
209001001,2026-03-30 07:34:00,37.903599,23.570345,13.2,Passenger,CYPRUS WAVE,Cyprus,7,Monday,2026-03-30
247001001,2026-03-30 07:34:00,37.902926,23.585034,7.6,Ro-Ro,GENOVA EXPRESS,Italy,7,Monday,2026-03-30
477001001,2026-03-30 07:37:00,37.952775,23.637763,0.1,Container,HONG KONG SPIRIT,Hong Kong,7,Monday,2026-03-30
538001002,2026-03-30 07:37:00,37.850507,23.512643,0.6,Bulk Carrier,PACIFIC MARSHAL,Marshall Islands,7,Monday,2026-03-30
241002004,2026-03-30 07:37:00,37.883631,23.563158,12.1,Passenger,MYKONOS JET,Greece,7,Monday,2026-03-30
371001002,2026-03-30 07:38:00,37.875905,23.55384,0.7,Tanker,BOSPHORUS WIND,Turkey,7,Monday,2026-03-30
256001001,2026-03-30 07:39:00,37.851834,23.549587,0.7,Container,MALTA BREEZE,Malta,7,Monday,2026-03-30
241002005,2026-03-30 07:39:00,37.936851,23.63343,0.2,Container,RHODES CARRIER,Greece,7,Monday,2026-03-30
371001001,2026-03-30 07:39:00,37.939199,23.643883,0.1,Container,ISTANBUL BRIDGE,Turkey,7,Monday,2026-03-30
247001002,2026-03-30 07:39:00,37.953532,23.62637,0.1,Passenger,NAPOLI STAR,Italy,7,Monday,2026-03-30
477001002,2026-03-30 07:40:00,37.94819,23.610182,0.0,Tanker,ORIENT WAVE,Hong Kong,7,Monday,2026-03-30
636001001,2026-03-30 07:40:00,37.868855,23.533295,0.5,Tanker,LIBERIA FORTUNE,Liberia,7,Monday,2026-03-30
209001002,2026-03-30 07:40:00,37.906943,23.550138,0.7,Passenger,LIMASSOL FERRY,Cyprus,7,Monday,2026-03-30
636002001,2026-03-30 07:40:00,37.894225,23.530809,0.7,Ro-Ro,LIBERIA COAST,Liberia,7,Monday,2026-03-30
247001001,2026-03-30 07:40:00,37.906777,23.588336,12.2,Ro-Ro,GENOVA EXPRESS,Italy,7,Monday,2026-03-30
241001001,2026-03-30 07:41:00,37.933326,23.596008,14.0,Container,AEGEAN STAR,Greece,7,Monday,2026-03-30
241001002,2026-03-30 07:41:00,37.849689,23.531605,0.5,Container,PIRAEUS EXPRESS,Greece,7,Monday,2026-03-30
241001003,2026-03-30 07:41:00,37.865999,23.565512,0.4,Container,OLYMPIC CARRIER,Greece,7,Monday,2026-03-30
622001001,2026-03-30 07:41:00,37.933104,23.63703,5.6,Container,ALEXANDRIA SUN,Egypt,7,Monday,2026-03-30
241002002,2026-03-30 07:43:00,37.958524,23.641623,0.2,Bulk Carrier,POSEIDON BULK,Greece,7,Monday,2026-03-30
241002004,2026-03-30 07:44:00,37.886815,23.565075,12.0,Passenger,MYKONOS JET,Greece,7,Monday,2026-03-30
356002001,2026-03-30 07:44:00,37.920433,23.554584,0.3,Tanker,BALBOA QUEEN,Panama,7,Monday,2026-03-30
356001001,2026-03-30 07:45:00,37.879427,23.531519,0.2,Container,PANAMA TRADER,Panama,7,Monday,2026-03-30
356002002,2026-03-30 07:45:00,37.94444,23.612176,6.1,Bulk Carrier,GATUN BULK,Panama,7,Monday,2026-03-30
538002001,2026-03-30 07:45:00,37.956236,23.64642,0.1,Container,MAJURO TIDE,Marshall Islands,7,Monday,2026-03-30
209001001,2026-03-30 07:46:00,37.906217,23.572537,7.7,Passenger,CYPRUS WAVE,Cyprus,7,Monday,2026-03-30
241002003,2026-03-30 07:46:00,37.921303,23.572943,0.1,Ro-Ro,CRETE RUNNER,Greece,7,Monday,2026-03-30
256002001,2026-03-30 07:46:00,37.90348,23.546686,0.8,Bulk Carrier,GOZO SPIRIT,Malta,7,Monday,2026-03-30
247001001,2026-03-30 07:47:00,37.910628,23.591638,13.1,Ro-Ro,GENOVA EXPRESS,Italy,7,Monday,2026-03-30
241001001,2026-03-30 07:48:00,37.937454,23.597562,9.6,Container,AEGEAN STAR,Greece,7,Monday,2026-03-30
356001002,2026-03-30 07:48:00,37.912915,23.523008,0.9,Bulk Carrier,CANAL BRIDGE,Panama,7,Monday,2026-03-30
538001001,2026-03-30 07:48:00,37.872878,23.511281,0.7,Tanker,MARSHALL DAWN,Marshall Islands,7,Monday,2026-03-30
622001001,2026-03-30 07:48:00,37.935392,23.640228,12.9,Container,ALEXANDRIA SUN,Egypt,7,Monday,2026-03-30
215001001,2026-03-30 07:49:00,37.935041,23.623103,0.3,Bulk Carrier,RABAT CARGO,Morocco,7,Monday,2026-03-30
241002004,2026-03-30 07:51:00,37.889998,23.566992,7.9,Passenger,MYKONOS JET,Greece,7,Monday,2026-03-30
636001002,2026-03-30 07:53:00,37.896299,23.561046,0.5,Bulk Carrier,MONROVIA STAR,Liberia,7,Monday,2026-03-30
209001001,2026-03-30 07:53:00,37.908834,23.57473,11.2,Passenger,CYPRUS WAVE,Cyprus,7,Monday,2026-03-30
622001001,2026-03-30 07:53:00,37.93768,23.643426,13.6,Container,ALEXANDRIA SUN,Egypt,7,Monday,2026-03-30
241001001,2026-03-30 07:54:00,37.941583,23.599117,11.8,Container,AEGEAN STAR,Greece,7,Monday,2026-03-30
256001002,2026-03-30 07:54:00,37.892289,23.550249,0.8,Ro-Ro,VALLETTA SUN,Malta,7,Monday,2026-03-30
371001002,2026-03-30 07:54:00,37.873915,23.555851,0.6,Tanker,BOSPHORUS WIND,Turkey,7,Monday,2026-03-30
247001001,2026-03-30 07:54:00,37.914479,23.59494,6.5,Ro-Ro,GENOVA EXPRESS,Italy,7,Monday,2026-03-30
538001002,2026-03-30 07:55:00,37.850782,23.511655,0.5,Bulk Carrier,PACIFIC MARSHAL,Marshall Islands,7,Monday,2026-03-30
241002001,2026-03-30 07:55:00,37.915682,23.570852,0.7,Tanker,ATHENA GLORY,Greece,7,Monday,2026-03-30
636002001,2026-03-30 07:55:00,37.893952,23.531156,0.7,Ro-Ro,LIBERIA COAST,Liberia,7,Monday,2026-03-30
241001003,2026-03-30 07:56:00,37.863447,23.563332,0.3,Container,OLYMPIC CARRIER,Greece,7,Monday,2026-03-30
477001002,2026-03-30 07:58:00,37.947193,23.610125,0.3,Tanker,ORIENT WAVE,Hong Kong,7,Monday,2026-03-30
209001002,2026-03-30 07:58:00,37.905436,23.548355,0.6,Passenger,LIMASSOL FERRY,Cyprus,7,Monday,2026-03-30
241002005,2026-03-30 07:59:00,37.936479,23.633538,0.3,Container,RHODES CARRIER,Greece,7,Monday,2026-03-30
622001001,2026-03-30 07:59:00,37.939967,23.646625,12.0,Container,ALEXANDRIA SUN,Egypt,7,Monday,2026-03-30
241001001,2026-03-30 08:00:00,37.945712,23.600672,6.4,Container,AEGEAN STAR,Greece,8,Monday,2026-03-30
636001001,2026-03-30 08:00:00,37.866759,23.534313,0.2,Tanker,LIBERIA FORTUNE,Liberia,8,Monday,2026-03-30
256001001,2026-03-30 08:00:00,37.850302,23.548236,0.1,Container,MALTA BREEZE,Malta,8,Monday,2026-03-30
247001001,2026-03-30 08:00:00,37.91833,23.598242,9.8,Ro-Ro,GENOVA EXPRESS,Italy,8,Monday,2026-03-30
241001002,2026-03-30 08:02:00,37.849105,23.531437,0.2,Container,PIRAEUS EXPRESS,Greece,8,Monday,2026-03-30
477001001,2026-03-30 08:02:00,37.953707,23.638333,0.4,Container,HONG KONG SPIRIT,Hong Kong,8,Monday,2026-03-30
209001001,2026-03-30 08:02:00,37.911451,23.576923,12.6,Passenger,CYPRUS WAVE,Cyprus,8,Monday,2026-03-30
241002004,2026-03-30 08:02:00,37.893182,23.568908,9.0,Passenger,MYKONOS JET,Greece,8,Monday,2026-03-30
356001001,2026-03-30 08:03:00,37.879354,23.53232,0.3,Container,PANAMA TRADER,Panama,8,Monday,2026-03-30
241002002,2026-03-30 08:03:00,37.958609,23.641915,0.3,Bulk Carrier,POSEIDON BULK,Greece,8,Monday,2026-03-30
356002001,2026-03-30 08:03:00,37.920712,23.552462,0.4,Tanker,BALBOA QUEEN,Panama,8,Monday,2026-03-30
247001002,2026-03-30 08:03:00,37.954736,23.627967,0.3,Passenger,NAPOLI STAR,Italy,8,Monday,2026-03-30
371001001,2026-03-30 08:04:00,37.9394,23.64437,0.1,Container,ISTANBUL BRIDGE,Turkey,8,Monday,2026-03-30
538002001,2026-03-30 08:06:00,37.956714,23.646186,0.3,Container,MAJURO TIDE,Marshall Islands,8,Monday,2026-03-30
256002001,2026-03-30 08:06:00,37.904037,23.548741,0.7,Bulk Carrier,GOZO SPIRIT,Malta,8,Monday,2026-03-30
241001001,2026-03-30 08:07:00,37.949841,23.602226,12.1,Container,AEGEAN STAR,Greece,8,Monday,2026-03-30
241002003,2026-03-30 08:07:00,37.921749,23.573205,0.8,Ro-Ro,CRETE RUNNER,Greece,8,Monday,2026-03-30
538001001,2026-03-30 08:10:00,37.871863,23.507573,0.8,Tanker,MARSHALL DAWN,Marshall Islands,8,Monday,2026-03-30
356001002,2026-03-30 08:11:00,37.913359,23.522016,0.1,Bulk Carrier,CANAL BRIDGE,Panama,8,Monday,2026-03-30
215001001,2026-03-30 08:11:00,37.936173,23.623065,0.2,Bulk Carrier,RABAT CARGO,Morocco,8,Monday,2026-03-30
256001002,2026-03-30 08:12:00,37.889974,23.550611,0.3,Ro-Ro,VALLETTA SUN,Malta,8,Monday,2026-03-30
371001002,2026-03-30 08:12:00,37.874636,23.553924,0.5,Tanker,BOSPHORUS WIND,Turkey,8,Monday,2026-03-30
636001002,2026-03-30 08:14:00,37.896631,23.562881,0.3,Bulk Carrier,MONROVIA STAR,Liberia,8,Monday,2026-03-30
241002004,2026-03-30 08:14:00,37.896365,23.570825,12.3,Passenger,MYKONOS JET,Greece,8,Monday,2026-03-30
247001001,2026-03-30 08:14:00,37.922181,23.601544,8.7,Ro-Ro,GENOVA EXPRESS,Italy,8,Monday,2026-03-30
209001001,2026-03-30 08:15:00,37.914068,23.579115,8.8,Passenger,CYPRUS WAVE,Cyprus,8,Monday,2026-03-30
241002005,2026-03-30 08:15:00,37.937648,23.633992,0.1,Container,RHODES CARRIER,Greece,8,Monday,2026-03-30
538001002,2026-03-30 08:16:00,37.850324,23.512571,0.7,Bulk Carrier,PACIFIC MARSHAL,Marshall Islands,8,Monday,2026-03-30
241001003,2026-03-30 08:17:00,37.865348,23.564162,0.1,Container,OLYMPIC CARRIER,Greece,8,Monday,2026-03-30
256001001,2026-03-30 08:18:00,37.851907,23.549993,0.3,Container,MALTA BREEZE,Malta,8,Monday,2026-03-30
209001002,2026-03-30 08:18:00,37.904394,23.54926,0.4,Passenger,LIMASSOL FERRY,Cyprus,8,Monday,2026-03-30
247001002,2026-03-30 08:18:00,37.954651,23.626922,0.3,Passenger,NAPOLI STAR,Italy,8,Monday,2026-03-30
636001001,2026-03-30 08:19:00,37.869643,23.533493,0.1,Tanker,LIBERIA FORTUNE,Liberia,8,Monday,2026-03-30
241002002,2026-03-30 08:19:00,37.958624,23.643087,0.1,Bulk Carrier,POSEIDON BULK,Greece,8,Monday,2026-03-30
241002001,2026-03-30 08:20:00,37.916564,23.570311,0.6,Tanker,ATHENA GLORY,Greece,8,Monday,2026-03-30
241002004,2026-03-30 08:20:00,37.899549,23.572742,10.2,Passenger,MYKONOS JET,Greece,8,Monday,2026-03-30
636002001,2026-03-30 08:20:00,37.895703,23.529485,0.3,Ro-Ro,LIBERIA COAST,Liberia,8,Monday,2026-03-30
241002003,2026-03-30 08:22:00,37.920828,23.5728,0.1,Ro-Ro,CRETE RUNNER,Greece,8,Monday,2026-03-30
241001002,2026-03-30 08:23:00,37.852172,23.52993,0.3,Container,PIRAEUS EXPRESS,Greece,8,Monday,2026-03-30
477001001,2026-03-30 08:23:00,37.954249,23.638247,0.2,Container,HONG KONG SPIRIT,Hong Kong,8,Monday,2026-03-30
477001002,2026-03-30 08:23:00,37.947324,23.611095,0.2,Tanker,ORIENT WAVE,Hong Kong,8,Monday,2026-03-30
356001001,2026-03-30 08:25:00,37.878677,23.530394,0.7,Container,PANAMA TRADER,Panama,8,Monday,2026-03-30
538002001,2026-03-30 08:25:00,37.957105,23.646362,0.4,Container,MAJURO TIDE,Marshall Islands,8,Monday,2026-03-30
247001001,2026-03-30 08:27:00,37.926032,23.604846,10.0,Ro-Ro,GENOVA EXPRESS,Italy,8,Monday,2026-03-30
356002001,2026-03-30 08:28:00,37.922413,23.554584,0.2,Tanker,BALBOA QUEEN,Panama,8,Monday,2026-03-30
256002001,2026-03-30 08:28:00,37.906221,23.548016,0.2,Bulk Carrier,GOZO SPIRIT,Malta,8,Monday,2026-03-30
538001001,2026-03-30 08:29:00,37.873932,23.511408,0.5,Tanker,MARSHALL DAWN,Marshall Islands,8,Monday,2026-03-30
209001001,2026-03-30 08:29:00,37.916685,23.581308,5.4,Passenger,CYPRUS WAVE,Cyprus,8,Monday,2026-03-30
241002004,2026-03-30 08:29:00,37.902732,23.574659,6.3,Passenger,MYKONOS JET,Greece,8,Monday,2026-03-30
371001001,2026-03-30 08:29:00,37.94012,23.64384,0.1,Container,ISTANBUL BRIDGE,Turkey,8,Monday,2026-03-30
356001002,2026-03-30 08:33:00,37.912779,23.522687,0.2,Bulk Carrier,CANAL BRIDGE,Panama,8,Monday,2026-03-30
241002005,2026-03-30 08:33:00,37.937173,23.633452,0.1,Container,RHODES CARRIER,Greece,8,Monday,2026-03-30
241001003,2026-03-30 08:34:00,37.863539,23.565381,0.1,Container,OLYMPIC CARRIER,Greece,8,Monday,2026-03-30
371001002,2026-03-30 08:34:00,37.875323,23.555011,0.4,Tanker,BOSPHORUS WIND,Turkey,8,Monday,2026-03-30
538001002,2026-03-30 08:35:00,37.851563,23.511439,0.8,Bulk Carrier,PACIFIC MARSHAL,Marshall Islands,8,Monday,2026-03-30
209001001,2026-03-30 08:35:00,37.919303,23.583501,13.3,Passenger,CYPRUS WAVE,Cyprus,8,Monday,2026-03-30
215001001,2026-03-30 08:36:00,37.935863,23.621771,0.3,Bulk Carrier,RABAT CARGO,Morocco,8,Monday,2026-03-30
636001002,2026-03-30 08:37:00,37.897909,23.560431,0.2,Bulk Carrier,MONROVIA STAR,Liberia,8,Monday,2026-03-30
256001002,2026-03-30 08:37:00,37.892759,23.55165,0.7,Ro-Ro,VALLETTA SUN,Malta,8,Monday,2026-03-30
636001001,2026-03-30 08:38:00,37.868429,23.534396,0.4,Tanker,LIBERIA FORTUNE,Liberia,8,Monday,2026-03-30
256001001,2026-03-30 08:38:00,37.851793,23.550916,0.1,Container,MALTA BREEZE,Malta,8,Monday,2026-03-30
477001001,2026-03-30 08:39:00,37.953739,23.638571,0.3,Container,HONG KONG SPIRIT,Hong Kong,8,Monday,2026-03-30
241002004,2026-03-30 08:39:00,37.905916,23.576576,14.0,Passenger,MYKONOS JET,Greece,8,Monday,2026-03-30
247001001,2026-03-30 08:39:00,37.929883,23.608148,11.3,Ro-Ro,GENOVA EXPRESS,Italy,8,Monday,2026-03-30
477001002,2026-03-30 08:40:00,37.948069,23.61007,0.3,Tanker,ORIENT WAVE,Hong Kong,8,Monday,2026-03-30
209001002,2026-03-30 08:40:00,37.905814,23.549252,0.1,Passenger,LIMASSOL FERRY,Cyprus,8,Monday,2026-03-30
241002002,2026-03-30 08:40:00,37.959518,23.641861,0.4,Bulk Carrier,POSEIDON BULK,Greece,8,Monday,2026-03-30
241002001,2026-03-30 08:41:00,37.917227,23.569812,0.8,Tanker,ATHENA GLORY,Greece,8,Monday,2026-03-30
636002001,2026-03-30 08:41:00,37.894012,23.529422,0.5,Ro-Ro,LIBERIA COAST,Liberia,8,Monday,2026-03-30
538002001,2026-03-30 08:41:00,37.956537,23.64505,0.2,Container,MAJURO TIDE,Marshall Islands,8,Monday,2026-03-30
247001002,2026-03-30 08:42:00,37.954344,23.628171,0.0,Passenger,NAPOLI STAR,Italy,8,Monday,2026-03-30
356002001,2026-03-30 08:44:00,37.923659,23.554136,0.1,Tanker,BALBOA QUEEN,Panama,8,Monday,2026-03-30
356001001,2026-03-30 08:46:00,37.878833,23.531587,0.9,Container,PANAMA TRADER,Panama,8,Monday,2026-03-30
241002003,2026-03-30 08:46:00,37.921852,23.57309,0.8,Ro-Ro,CRETE RUNNER,Greece,8,Monday,2026-03-30
241002004,2026-03-30 08:46:00,37.909099,23.578493,11.9,Passenger,MYKONOS JET,Greece,8,Monday,2026-03-30
256002001,2026-03-30 08:47:00,37.906073,23.547609,0.4,Bulk Carrier,GOZO SPIRIT,Malta,8,Monday,2026-03-30
241001002,2026-03-30 08:48:00,37.849111,23.531323,0.8,Container,PIRAEUS EXPRESS,Greece,8,Monday,2026-03-30
538001001,2026-03-30 08:48:00,37.8758,23.508293,0.0,Tanker,MARSHALL DAWN,Marshall Islands,8,Monday,2026-03-30
209001001,2026-03-30 08:48:00,37.92192,23.585693,6.0,Passenger,CYPRUS WAVE,Cyprus,8,Monday,2026-03-30
371001001,2026-03-30 08:48:00,37.939391,23.644594,0.3,Container,ISTANBUL BRIDGE,Turkey,8,Monday,2026-03-30
247001001,2026-03-30 08:48:00,37.933734,23.61145,11.2,Ro-Ro,GENOVA EXPRESS,Italy,8,Monday,2026-03-30
538001002,2026-03-30 08:51:00,37.849459,23.514442,0.5,Bulk Carrier,PACIFIC MARSHAL,Marshall Islands,8,Monday,2026-03-30
256001002,2026-03-30 08:53:00,37.892767,23.551077,0.6,Ro-Ro,VALLETTA SUN,Malta,8,Monday,2026-03-30
356001002,2026-03-30 08:54:00,37.914065,23.525377,0.8,Bulk Carrier,CANAL BRIDGE,Panama,8,Monday,2026-03-30
256001001,2026-03-30 08:54:00,37.850508,23.548985,0.0,Container,MALTA BREEZE,Malta,8,Monday,2026-03-30
241002004,2026-03-30 08:56:00,37.912283,23.58041,7.9,Passenger,MYKONOS JET,Greece,8,Monday,2026-03-30
247001001,2026-03-30 08:56:00,37.937585,23.614752,13.8,Ro-Ro,GENOVA EXPRESS,Italy,8,Monday,2026-03-30
241002005,2026-03-30 08:57:00,37.937909,23.633696,0.0,Container,RHODES CARRIER,Greece,8,Monday,2026-03-30
371001002,2026-03-30 08:57:00,37.874643,23.553676,0.7,Tanker,BOSPHORUS WIND,Turkey,8,Monday,2026-03-30
241001003,2026-03-30 08:58:00,37.865214,23.564231,0.5,Container,OLYMPIC CARRIER,Greece,8,Monday,2026-03-30
636001002,2026-03-30 08:58:00,37.897489,23.561486,0.3,Bulk Carrier,MONROVIA STAR,Liberia,8,Monday,2026-03-30
241002002,2026-03-30 08:58:00,37.959423,23.642931,0.1,Bulk Carrier,POSEIDON BULK,Greece,8,Monday,2026-03-30
636002001,2026-03-30 08:58:00,37.893608,23.531316,0.9,Ro-Ro,LIBERIA COAST,Liberia,8,Monday,2026-03-30
538002001,2026-03-30 08:58:00,37.957135,23.644757,0.4,Container,MAJURO TIDE,Marshall Islands,8,Monday,2026-03-30
636001001,2026-03-30 08:59:00,37.87033,23.533671,0.7,Tanker,LIBERIA FORTUNE,Liberia,8,Monday,2026-03-30
209001001,2026-03-30 08:59:00,37.924537,23.587886,8.7,Passenger,CYPRUS WAVE,Cyprus,8,Monday,2026-03-30
215001001,2026-03-30 08:59:00,37.936138,23.622153,0.1,Bulk Carrier,RABAT CARGO,Morocco,8,Monday,2026-03-30
477001002,2026-03-30 09:01:00,37.94717,23.609856,0.1,Tanker,ORIENT WAVE,Hong Kong,9,Monday,2026-03-30
209001002,2026-03-30 09:02:00,37.903406,23.547819,0.6,Passenger,LIMASSOL FERRY,Cyprus,9,Monday,2026-03-30
356001001,2026-03-30 09:03:00,37.875774,23.530304,0.8,Container,PANAMA TRADER,Panama,9,Monday,2026-03-30
356002001,2026-03-30 09:03:00,37.92278,23.552329,0.7,Tanker,BALBOA QUEEN,Panama,9,Monday,2026-03-30
256002001,2026-03-30 09:03:00,37.905675,23.546705,0.6,Bulk Carrier,GOZO SPIRIT,Malta,9,Monday,2026-03-30
477001001,2026-03-30 09:04:00,37.952652,23.639478,0.3,Container,HONG KONG SPIRIT,Hong Kong,9,Monday,2026-03-30
371001001,2026-03-30 09:04:00,37.940276,23.644317,0.4,Container,ISTANBUL BRIDGE,Turkey,9,Monday,2026-03-30
247001002,2026-03-30 09:04:00,37.95384,23.62757,0.3,Passenger,NAPOLI STAR,Italy,9,Monday,2026-03-30
241002001,2026-03-30 09:06:00,37.916566,23.569767,0.7,Tanker,ATHENA GLORY,Greece,9,Monday,2026-03-30
241002004,2026-03-30 09:07:00,37.915466,23.582327,9.3,Passenger,MYKONOS JET,Greece,9,Monday,2026-03-30
241001002,2026-03-30 09:08:00,37.849154,23.530479,0.6,Container,PIRAEUS EXPRESS,Greece,9,Monday,2026-03-30
538001001,2026-03-30 09:08:00,37.87515,23.510193,0.0,Tanker,MARSHALL DAWN,Marshall Islands,9,Monday,2026-03-30
356001002,2026-03-30 09:11:00,37.916127,23.524411,0.7,Bulk Carrier,CANAL BRIDGE,Panama,9,Monday,2026-03-30
256001001,2026-03-30 09:11:00,37.850794,23.550913,0.5,Container,MALTA BREEZE,Malta,9,Monday,2026-03-30
209001001,2026-03-30 09:11:00,37.927154,23.590079,10.9,Passenger,CYPRUS WAVE,Cyprus,9,Monday,2026-03-30
241002003,2026-03-30 09:11:00,37.922352,23.575049,0.5,Ro-Ro,CRETE RUNNER,Greece,9,Monday,2026-03-30
247001001,2026-03-30 09:11:00,37.941436,23.618055,13.5,Ro-Ro,GENOVA EXPRESS,Italy,9,Monday,2026-03-30
256001002,2026-03-30 09:12:00,37.890409,23.552414,0.6,Ro-Ro,VALLETTA SUN,Malta,9,Monday,2026-03-30
371001002,2026-03-30 09:13:00,37.875147,23.557324,0.5,Tanker,BOSPHORUS WIND,Turkey,9,Monday,2026-03-30
215001001,2026-03-30 09:14:00,37.935715,23.622697,0.2,Bulk Carrier,RABAT CARGO,Morocco,9,Monday,2026-03-30
241002002,2026-03-30 09:15:00,37.959665,23.642776,0.2,Bulk Carrier,POSEIDON BULK,Greece,9,Monday,2026-03-30
241002005,2026-03-30 09:15:00,37.936155,23.633859,0.3,Container,RHODES CARRIER,Greece,9,Monday,2026-03-30
241001003,2026-03-30 09:16:00,37.864239,23.562919,0.4,Container,OLYMPIC CARRIER,Greece,9,Monday,2026-03-30
538001002,2026-03-30 09:16:00,37.852844,23.511241,0.3,Bulk Carrier,PACIFIC MARSHAL,Marshall Islands,9,Monday,2026-03-30
636002001,2026-03-30 09:16:00,37.8918,23.530544,0.1,Ro-Ro,LIBERIA COAST,Liberia,9,Monday,2026-03-30
477001002,2026-03-30 09:17:00,37.948092,23.610744,0.1,Tanker,ORIENT WAVE,Hong Kong,9,Monday,2026-03-30
241002004,2026-03-30 09:18:00,37.91865,23.584244,10.4,Passenger,MYKONOS JET,Greece,9,Monday,2026-03-30
538002001,2026-03-30 09:18:00,37.957161,23.644969,0.3,Container,MAJURO TIDE,Marshall Islands,9,Monday,2026-03-30
636001002,2026-03-30 09:20:00,37.894044,23.563067,0.7,Bulk Carrier,MONROVIA STAR,Liberia,9,Monday,2026-03-30
209001002,2026-03-30 09:20:00,37.905075,23.548698,0.4,Passenger,LIMASSOL FERRY,Cyprus,9,Monday,2026-03-30
636001001,2026-03-30 09:21:00,37.867102,23.536092,0.3,Tanker,LIBERIA FORTUNE,Liberia,9,Monday,2026-03-30
256002001,2026-03-30 09:21:00,37.905548,23.54654,0.7,Bulk Carrier,GOZO SPIRIT,Malta,9,Monday,2026-03-30
356001001,2026-03-30 09:23:00,37.875975,23.531766,0.5,Container,PANAMA TRADER,Panama,9,Monday,2026-03-30
247001001,2026-03-30 09:23:00,37.945287,23.621357,5.9,Ro-Ro,GENOVA EXPRESS,Italy,9,Monday,2026-03-30
241002001,2026-03-30 09:24:00,37.914799,23.571307,0.1,Tanker,ATHENA GLORY,Greece,9,Monday,2026-03-30
371001001,2026-03-30 09:24:00,37.939404,23.644334,0.4,Container,ISTANBUL BRIDGE,Turkey,9,Monday,2026-03-30
477001001,2026-03-30 09:25:00,37.953871,23.637937,0.2,Container,HONG KONG SPIRIT,Hong Kong,9,Monday,2026-03-30
209001001,2026-03-30 09:25:00,37.929771,23.592272,12.3,Passenger,CYPRUS WAVE,Cyprus,9,Monday,2026-03-30
538001001,2026-03-30 09:27:00,37.873907,23.509717,0.7,Tanker,MARSHALL DAWN,Marshall Islands,9,Monday,2026-03-30
256001001,2026-03-30 09:28:00,37.851282,23.54905,0.2,Container,MALTA BREEZE,Malta,9,Monday,2026-03-30
356002001,2026-03-30 09:28:00,37.920777,23.555247,0.1,Tanker,BALBOA QUEEN,Panama,9,Monday,2026-03-30
247001001,2026-03-30 09:28:00,37.949138,23.624659,6.2,Ro-Ro,GENOVA EXPRESS,Italy,9,Monday,2026-03-30
247001002,2026-03-30 09:28:00,37.954586,23.626639,0.0,Passenger,NAPOLI STAR,Italy,9,Monday,2026-03-30
356001002,2026-03-30 09:29:00,37.914385,23.523585,0.7,Bulk Carrier,CANAL BRIDGE,Panama,9,Monday,2026-03-30
241001002,2026-03-30 09:31:00,37.850405,23.530827,0.4,Container,PIRAEUS EXPRESS,Greece,9,Monday,2026-03-30
241001003,2026-03-30 09:31:00,37.865084,23.563049,0.7,Container,OLYMPIC CARRIER,Greece,9,Monday,2026-03-30
215001001,2026-03-30 09:31:00,37.934672,23.621843,0.3,Bulk Carrier,RABAT CARGO,Morocco,9,Monday,2026-03-30
256001002,2026-03-30 09:33:00,37.889983,23.55012,0.2,Ro-Ro,VALLETTA SUN,Malta,9,Monday,2026-03-30
241002004,2026-03-30 09:33:00,37.921833,23.586161,8.0,Passenger,MYKONOS JET,Greece,9,Monday,2026-03-30
538002001,2026-03-30 09:34:00,37.956686,23.645076,0.1,Container,MAJURO TIDE,Marshall Islands,9,Monday,2026-03-30
209001001,2026-03-30 09:35:00,37.932389,23.594464,7.3,Passenger,CYPRUS WAVE,Cyprus,9,Monday,2026-03-30
636002001,2026-03-30 09:35:00,37.892739,23.529517,0.1,Ro-Ro,LIBERIA COAST,Liberia,9,Monday,2026-03-30
477001002,2026-03-30 09:36:00,37.948271,23.610998,0.3,Tanker,ORIENT WAVE,Hong Kong,9,Monday,2026-03-30
241002003,2026-03-30 09:36:00,37.92177,23.573369,0.3,Ro-Ro,CRETE RUNNER,Greece,9,Monday,2026-03-30
371001002,2026-03-30 09:37:00,37.87584,23.554462,0.1,Tanker,BOSPHORUS WIND,Turkey,9,Monday,2026-03-30
241002002,2026-03-30 09:38:00,37.958705,23.642004,0.3,Bulk Carrier,POSEIDON BULK,Greece,9,Monday,2026-03-30
356001001,2026-03-30 09:39:00,37.878617,23.529473,0.3,Container,PANAMA TRADER,Panama,9,Monday,2026-03-30
241002005,2026-03-30 09:39:00,37.937217,23.634901,0.2,Container,RHODES CARRIER,Greece,9,Monday,2026-03-30
247001001,2026-03-30 09:39:00,37.952989,23.627961,9.3,Ro-Ro,GENOVA EXPRESS,Italy,9,Monday,2026-03-30
477001001,2026-03-30 09:40:00,37.954372,23.638418,0.3,Container,HONG KONG SPIRIT,Hong Kong,9,Monday,2026-03-30
538001002,2026-03-30 09:41:00,37.852324,23.514476,0.6,Bulk Carrier,PACIFIC MARSHAL,Marshall Islands,9,Monday,2026-03-30
209001001,2026-03-30 09:41:00,37.935006,23.596657,11.9,Passenger,CYPRUS WAVE,Cyprus,9,Monday,2026-03-30
256002001,2026-03-30 09:41:00,37.9053,23.545948,0.4,Bulk Carrier,GOZO SPIRIT,Malta,9,Monday,2026-03-30
371001001,2026-03-30 09:41:00,37.939249,23.643951,0.0,Container,ISTANBUL BRIDGE,Turkey,9,Monday,2026-03-30
636001001,2026-03-30 09:42:00,37.867245,23.53624,0.0,Tanker,LIBERIA FORTUNE,Liberia,9,Monday,2026-03-30
636001002,2026-03-30 09:42:00,37.894326,23.562113,0.1,Bulk Carrier,MONROVIA STAR,Liberia,9,Monday,2026-03-30
209001002,2026-03-30 09:44:00,37.90468,23.549075,0.7,Passenger,LIMASSOL FERRY,Cyprus,9,Monday,2026-03-30
247001002,2026-03-30 09:44:00,37.954615,23.626423,0.1,Passenger,NAPOLI STAR,Italy,9,Monday,2026-03-30
356002001,2026-03-30 09:45:00,37.922692,23.55336,0.8,Tanker,BALBOA QUEEN,Panama,9,Monday,2026-03-30
209001001,2026-03-30 09:46:00,37.937623,23.59885,6.0,Passenger,CYPRUS WAVE,Cyprus,9,Monday,2026-03-30
241002001,2026-03-30 09:48:00,37.915524,23.570747,0.7,Tanker,ATHENA GLORY,Greece,9,Monday,2026-03-30
241002004,2026-03-30 09:48:00,37.925017,23.588077,13.3,Passenger,MYKONOS JET,Greece,9,Monday,2026-03-30
241001002,2026-03-30 09:49:00,37.849019,23.532945,0.7,Container,PIRAEUS EXPRESS,Greece,9,Monday,2026-03-30
256001001,2026-03-30 09:50:00,37.851258,23.55123,0.0,Container,MALTA BREEZE,Malta,9,Monday,2026-03-30
215001001,2026-03-30 09:50:00,37.936206,23.623122,0.2,Bulk Carrier,RABAT CARGO,Morocco,9,Monday,2026-03-30
356001002,2026-03-30 09:51:00,37.914381,23.521886,0.8,Bulk Carrier,CANAL BRIDGE,Panama,9,Monday,2026-03-30
538001001,2026-03-30 09:51:00,37.872013,23.508857,0.1,Tanker,MARSHALL DAWN,Marshall Islands,9,Monday,2026-03-30
241002003,2026-03-30 09:51:00,37.919572,23.573546,0.1,Ro-Ro,CRETE RUNNER,Greece,9,Monday,2026-03-30
256001002,2026-03-30 09:52:00,37.891622,23.551754,0.4,Ro-Ro,VALLETTA SUN,Malta,9,Monday,2026-03-30
241001003,2026-03-30 09:54:00,37.86499,23.56328,0.1,Container,OLYMPIC CARRIER,Greece,9,Monday,2026-03-30
241002005,2026-03-30 09:54:00,37.936276,23.633938,0.0,Container,RHODES CARRIER,Greece,9,Monday,2026-03-30
241002002,2026-03-30 09:55:00,37.959436,23.642811,0.2,Bulk Carrier,POSEIDON BULK,Greece,9,Monday,2026-03-30
636002001,2026-03-30 09:55:00,37.891893,23.528443,0.5,Ro-Ro,LIBERIA COAST,Liberia,9,Monday,2026-03-30
241002004,2026-03-30 09:59:00,37.9282,23.589994,8.8,Passenger,MYKONOS JET,Greece,9,Monday,2026-03-30
538002001,2026-03-30 09:59:00,37.957016,23.644672,0.3,Container,MAJURO TIDE,Marshall Islands,9,Monday,2026-03-30
636001001,2026-03-30 10:00:00,37.868707,23.532976,0.6,Tanker,LIBERIA FORTUNE,Liberia,10,Monday,2026-03-30
636001002,2026-03-30 10:00:00,37.894647,23.561947,0.1,Bulk Carrier,MONROVIA STAR,Liberia,10,Monday,2026-03-30
356002001,2026-03-30 10:00:00,37.921083,23.551956,0.1,Tanker,BALBOA QUEEN,Panama,10,Monday,2026-03-30
477001002,2026-03-30 10:01:00,37.947301,23.610516,0.4,Tanker,ORIENT WAVE,Hong Kong,10,Monday,2026-03-30
209001001,2026-03-30 10:01:00,37.94024,23.601042,9.2,Passenger,CYPRUS WAVE,Cyprus,10,Monday,2026-03-30
371001002,2026-03-30 10:01:00,37.875588,23.555195,0.5,Tanker,BOSPHORUS WIND,Turkey,10,Monday,2026-03-30
356001001,2026-03-30 10:02:00,37.877315,23.532168,0.1,Container,PANAMA TRADER,Panama,10,Monday,2026-03-30
477001001,2026-03-30 10:03:00,37.953174,23.637951,0.2,Container,HONG KONG SPIRIT,Hong Kong,10,Monday,2026-03-30
371001001,2026-03-30 10:03:00,37.939759,23.644987,0.1,Container,ISTANBUL BRIDGE,Turkey,10,Monday,2026-03-30
538001002,2026-03-30 10:05:00,37.851376,23.51272,0.7,Bulk Carrier,PACIFIC MARSHAL,Marshall Islands,10,Monday,2026-03-30
256002001,2026-03-30 10:05:00,37.904837,23.54705,0.2,Bulk Carrier,GOZO SPIRIT,Malta,10,Monday,2026-03-30
247001002,2026-03-30 10:05:00,37.953644,23.62634,0.3,Passenger,NAPOLI STAR,Italy,10,Monday,2026-03-30
538001001,2026-03-30 10:08:00,37.875421,23.508433,0.2,Tanker,MARSHALL DAWN,Marshall Islands,10,Monday,2026-03-30
209001001,2026-03-30 10:08:00,37.942857,23.603235,12.6,Passenger,CYPRUS WAVE,Cyprus,10,Monday,2026-03-30
256001001,2026-03-30 10:09:00,37.850912,23.54879,0.4,Container,MALTA BREEZE,Malta,10,Monday,2026-03-30
209001002,2026-03-30 10:09:00,37.906856,23.549559,0.4,Passenger,LIMASSOL FERRY,Cyprus,10,Monday,2026-03-30
215001001,2026-03-30 10:09:00,37.935803,23.623127,0.3,Bulk Carrier,RABAT CARGO,Morocco,10,Monday,2026-03-30
241002004,2026-03-30 10:11:00,37.931384,23.591911,9.8,Passenger,MYKONOS JET,Greece,10,Monday,2026-03-30
241001002,2026-03-30 10:12:00,37.851326,23.531875,0.1,Container,PIRAEUS EXPRESS,Greece,10,Monday,2026-03-30
356001002,2026-03-30 10:12:00,37.916259,23.522387,0.5,Bulk Carrier,CANAL BRIDGE,Panama,10,Monday,2026-03-30
209001001,2026-03-30 10:13:00,37.945475,23.605428,5.7,Passenger,CYPRUS WAVE,Cyprus,10,Monday,2026-03-30
241002001,2026-03-30 10:13:00,37.916172,23.57038,0.5,Tanker,ATHENA GLORY,Greece,10,Monday,2026-03-30
241002002,2026-03-30 10:13:00,37.959608,23.643359,0.2,Bulk Carrier,POSEIDON BULK,Greece,10,Monday,2026-03-30
241002005,2026-03-30 10:14:00,37.938007,23.634321,0.3,Container,RHODES CARRIER,Greece,10,Monday,2026-03-30
636002001,2026-03-30 10:14:00,37.894869,23.530587,0.6,Ro-Ro,LIBERIA COAST,Liberia,10,Monday,2026-03-30
636001002,2026-03-30 10:16:00,37.895676,23.56086,0.5,Bulk Carrier,MONROVIA STAR,Liberia,10,Monday,2026-03-30
241002003,2026-03-30 10:16:00,37.920141,23.573936,0.7,Ro-Ro,CRETE RUNNER,Greece,10,Monday,2026-03-30
256001002,2026-03-30 10:17:00,37.890191,23.5511,0.8,Ro-Ro,VALLETTA SUN,Malta,10,Monday,2026-03-30
241001003,2026-03-30 10:18:00,37.867071,23.564659,0.2,Container,OLYMPIC CARRIER,Greece,10,Monday,2026-03-30
477001002,2026-03-30 10:19:00,37.947481,23.609411,0.3,Tanker,ORIENT WAVE,Hong Kong,10,Monday,2026-03-30
538002001,2026-03-30 10:19:00,37.955749,23.644725,0.4,Container,MAJURO TIDE,Marshall Islands,10,Monday,2026-03-30
356001001,2026-03-30 10:20:00,37.879104,23.532104,0.7,Container,PANAMA TRADER,Panama,10,Monday,2026-03-30
636001001,2026-03-30 10:20:00,37.869517,23.533801,0.6,Tanker,LIBERIA FORTUNE,Liberia,10,Monday,2026-03-30
256002001,2026-03-30 10:20:00,37.904566,23.5483,0.7,Bulk Carrier,GOZO SPIRIT,Malta,10,Monday,2026-03-30
371001001,2026-03-30 10:21:00,37.939911,23.643768,0.3,Container,ISTANBUL BRIDGE,Turkey,10,Monday,2026-03-30
247001002,2026-03-30 10:21:00,37.954429,23.626625,0.2,Passenger,NAPOLI STAR,Italy,10,Monday,2026-03-30
209001001,2026-03-30 10:22:00,37.948092,23.60762,7.8,Passenger,CYPRUS WAVE,Cyprus,10,Monday,2026-03-30
371001002,2026-03-30 10:22:00,37.872132,23.556096,0.6,Tanker,BOSPHORUS WIND,Turkey,10,Monday,2026-03-30
241002004,2026-03-30 10:23:00,37.934567,23.593828,9.8,Passenger,MYKONOS JET,Greece,10,Monday,2026-03-30
256001001,2026-03-30 10:24:00,37.849154,23.550454,0.1,Container,MALTA BREEZE,Malta,10,Monday,2026-03-30
477001001,2026-03-30 10:25:00,37.952966,23.639367,0.1,Container,HONG KONG SPIRIT,Hong Kong,10,Monday,2026-03-30
356002001,2026-03-30 10:25:00,37.920067,23.553057,0.6,Tanker,BALBOA QUEEN,Panama,10,Monday,2026-03-30
538001002,2026-03-30 10:26:00,37.850683,23.512323,0.4,Bulk Carrier,PACIFIC MARSHAL,Marshall Islands,10,Monday,2026-03-30
241001002,2026-03-30 10:27:00,37.852422,23.533108,0.8,Container,PIRAEUS EXPRESS,Greece,10,Monday,2026-03-30
538001001,2026-03-30 10:27:00,37.87223,23.509033,0.6,Tanker,MARSHALL DAWN,Marshall Islands,10,Monday,2026-03-30
209001002,2026-03-30 10:30:00,37.906655,23.549359,0.8,Passenger,LIMASSOL FERRY,Cyprus,10,Monday,2026-03-30
215001001,2026-03-30 10:31:00,37.935364,23.62303,0.2,Bulk Carrier,RABAT CARGO,Morocco,10,Monday,2026-03-30
356001002,2026-03-30 10:32:00,37.913517,23.523916,0.0,Bulk Carrier,CANAL BRIDGE,Panama,10,Monday,2026-03-30
636001002,2026-03-30 10:32:00,37.895933,23.560382,0.4,Bulk Carrier,MONROVIA STAR,Liberia,10,Monday,2026-03-30
256001002,2026-03-30 10:32:00,37.892597,23.552644,0.2,Ro-Ro,VALLETTA SUN,Malta,10,Monday,2026-03-30
241002005,2026-03-30 10:34:00,37.937541,23.635269,0.3,Container,RHODES CARRIER,Greece,10,Monday,2026-03-30
241002002,2026-03-30 10:35:00,37.957865,23.641783,0.2,Bulk Carrier,POSEIDON BULK,Greece,10,Monday,2026-03-30
477001002,2026-03-30 10:37:00,37.947115,23.610301,0.2,Tanker,ORIENT WAVE,Hong Kong,10,Monday,2026-03-30
241002001,2026-03-30 10:37:00,37.915723,23.571642,0.4,Tanker,ATHENA GLORY,Greece,10,Monday,2026-03-30
636002001,2026-03-30 10:38:00,37.892967,23.529989,0.0,Ro-Ro,LIBERIA COAST,Liberia,10,Monday,2026-03-30
256002001,2026-03-30 10:38:00,37.90558,23.546838,0.3,Bulk Carrier,GOZO SPIRIT,Malta,10,Monday,2026-03-30
247001002,2026-03-30 10:39:00,37.954169,23.627653,0.3,Passenger,NAPOLI STAR,Italy,10,Monday,2026-03-30
241001003,2026-03-30 10:40:00,37.86402,23.563437,0.7,Container,OLYMPIC CARRIER,Greece,10,Monday,2026-03-30
241002003,2026-03-30 10:40:00,37.922016,23.571967,0.4,Ro-Ro,CRETE RUNNER,Greece,10,Monday,2026-03-30
356001001,2026-03-30 10:41:00,37.877573,23.529325,0.0,Container,PANAMA TRADER,Panama,10,Monday,2026-03-30
477001001,2026-03-30 10:41:00,37.953735,23.638722,0.0,Container,HONG KONG SPIRIT,Hong Kong,10,Monday,2026-03-30
538002001,2026-03-30 10:42:00,37.957355,23.645846,0.1,Container,MAJURO TIDE,Marshall Islands,10,Monday,2026-03-30
538001002,2026-03-30 10:43:00,37.848913,23.512895,0.3,Bulk Carrier,PACIFIC MARSHAL,Marshall Islands,10,Monday,2026-03-30
241001002,2026-03-30 10:44:00,37.850642,23.533172,0.3,Container,PIRAEUS EXPRESS,Greece,10,Monday,2026-03-30
371001001,2026-03-30 10:44:00,37.939918,23.644286,0.1,Container,ISTANBUL BRIDGE,Turkey,10,Monday,2026-03-30
371001002,2026-03-30 10:44:00,37.874266,23.555599,0.7,Tanker,BOSPHORUS WIND,Turkey,10,Monday,2026-03-30
636001001,2026-03-30 10:45:00,37.868487,23.532494,0.2,Tanker,LIBERIA FORTUNE,Liberia,10,Monday,2026-03-30
538001001,2026-03-30 10:45:00,37.874756,23.510606,0.6,Tanker,MARSHALL DAWN,Marshall Islands,10,Monday,2026-03-30
356002001,2026-03-30 10:47:00,37.921981,23.552638,0.5,Tanker,BALBOA QUEEN,Panama,10,Monday,2026-03-30
636001002,2026-03-30 10:49:00,37.895662,23.560514,0.5,Bulk Carrier,MONROVIA STAR,Liberia,10,Monday,2026-03-30
256001001,2026-03-30 10:49:00,37.850568,23.551463,0.4,Container,MALTA BREEZE,Malta,10,Monday,2026-03-30
256001002,2026-03-30 10:49:00,37.889552,23.552899,0.6,Ro-Ro,VALLETTA SUN,Malta,10,Monday,2026-03-30
209001002,2026-03-30 10:50:00,37.906522,23.550045,0.6,Passenger,LIMASSOL FERRY,Cyprus,10,Monday,2026-03-30
241002001,2026-03-30 10:52:00,37.917088,23.570507,0.1,Tanker,ATHENA GLORY,Greece,10,Monday,2026-03-30
256002001,2026-03-30 10:54:00,37.904303,23.549293,0.1,Bulk Carrier,GOZO SPIRIT,Malta,10,Monday,2026-03-30
215001001,2026-03-30 10:55:00,37.936439,23.622498,0.3,Bulk Carrier,RABAT CARGO,Morocco,10,Monday,2026-03-30
477001001,2026-03-30 10:56:00,37.95255,23.63868,0.1,Container,HONG KONG SPIRIT,Hong Kong,10,Monday,2026-03-30
356001001,2026-03-30 10:57:00,37.875678,23.532105,0.3,Container,PANAMA TRADER,Panama,10,Monday,2026-03-30
356001002,2026-03-30 10:57:00,37.913535,23.521559,0.6,Bulk Carrier,CANAL BRIDGE,Panama,10,Monday,2026-03-30
636002001,2026-03-30 10:57:00,37.893514,23.527415,0.8,Ro-Ro,LIBERIA COAST,Liberia,10,Monday,2026-03-30
241001002,2026-03-30 10:59:00,37.848726,23.531275,0.1,Container,PIRAEUS EXPRESS,Greece,10,Monday,2026-03-30
241002005,2026-03-30 10:59:00,37.936905,23.634804,0.0,Container,RHODES CARRIER,Greece,10,Monday,2026-03-30
636001001,2026-03-30 11:00:00,37.868962,23.532379,0.5,Tanker,LIBERIA FORTUNE,Liberia,11,Monday,2026-03-30
241002002,2026-03-30 11:00:00,37.9587,23.643002,0.4,Bulk Carrier,POSEIDON BULK,Greece,11,Monday,2026-03-30
477001002,2026-03-30 11:01:00,37.948667,23.609326,0.0,Tanker,ORIENT WAVE,Hong Kong,11,Monday,2026-03-30
538001002,2026-03-30 11:01:00,37.84996,23.514608,0.6,Bulk Carrier,PACIFIC MARSHAL,Marshall Islands,11,Monday,2026-03-30
247001002,2026-03-30 11:01:00,37.95453,23.62797,0.1,Passenger,NAPOLI STAR,Italy,11,Monday,2026-03-30
241001003,2026-03-30 11:02:00,37.864748,23.563334,0.1,Container,OLYMPIC CARRIER,Greece,11,Monday,2026-03-30
538001001,2026-03-30 11:02:00,37.875458,23.510245,0.4,Tanker,MARSHALL DAWN,Marshall Islands,11,Monday,2026-03-30
356002001,2026-03-30 11:03:00,37.920098,23.554368,0.0,Tanker,BALBOA QUEEN,Panama,11,Monday,2026-03-30
256001002,2026-03-30 11:04:00,37.892969,23.551265,0.0,Ro-Ro,VALLETTA SUN,Malta,11,Monday,2026-03-30
241002003,2026-03-30 11:04:00,37.921178,23.574167,0.1,Ro-Ro,CRETE RUNNER,Greece,11,Monday,2026-03-30
371001002,2026-03-30 11:05:00,37.874485,23.556619,0.7,Tanker,BOSPHORUS WIND,Turkey,11,Monday,2026-03-30
636001002,2026-03-30 11:06:00,37.894663,23.562057,0.5,Bulk Carrier,MONROVIA STAR,Liberia,11,Monday,2026-03-30
538002001,2026-03-30 11:07:00,37.956941,23.64454,0.0,Container,MAJURO TIDE,Marshall Islands,11,Monday,2026-03-30
371001001,2026-03-30 11:09:00,37.939604,23.644484,0.1,Container,ISTANBUL BRIDGE,Turkey,11,Monday,2026-03-30
256001001,2026-03-30 11:10:00,37.85158,23.550471,0.2,Container,MALTA BREEZE,Malta,11,Monday,2026-03-30
636002001,2026-03-30 11:12:00,37.895603,23.529267,0.4,Ro-Ro,LIBERIA COAST,Liberia,11,Monday,2026-03-30
356001002,2026-03-30 11:13:00,37.915922,23.524436,0.4,Bulk Carrier,CANAL BRIDGE,Panama,11,Monday,2026-03-30
209001002,2026-03-30 11:14:00,37.906086,23.547012,0.2,Passenger,LIMASSOL FERRY,Cyprus,11,Monday,2026-03-30
241002005,2026-03-30 11:15:00,37.93764,23.633368,0.2,Container,RHODES CARRIER,Greece,11,Monday,2026-03-30
636001001,2026-03-30 11:16:00,37.867869,23.534489,0.3,Tanker,LIBERIA FORTUNE,Liberia,11,Monday,2026-03-30
247001002,2026-03-30 11:16:00,37.954193,23.626399,0.2,Passenger,NAPOLI STAR,Italy,11,Monday,2026-03-30
241002001,2026-03-30 11:17:00,37.915995,23.571995,0.7,Tanker,ATHENA GLORY,Greece,11,Monday,2026-03-30
477001001,2026-03-30 11:18:00,37.953822,23.637589,0.2,Container,HONG KONG SPIRIT,Hong Kong,11,Monday,2026-03-30
538001001,2026-03-30 11:18:00,37.873064,23.510357,0.5,Tanker,MARSHALL DAWN,Marshall Islands,11,Monday,2026-03-30
256002001,2026-03-30 11:18:00,37.90689,23.548391,0.3,Bulk Carrier,GOZO SPIRIT,Malta,11,Monday,2026-03-30
241002002,2026-03-30 11:19:00,37.959434,23.643301,0.2,Bulk Carrier,POSEIDON BULK,Greece,11,Monday,2026-03-30
215001001,2026-03-30 11:20:00,37.934867,23.621962,0.3,Bulk Carrier,RABAT CARGO,Morocco,11,Monday,2026-03-30
241001002,2026-03-30 11:21:00,37.851503,23.532635,0.2,Container,PIRAEUS EXPRESS,Greece,11,Monday,2026-03-30
241001003,2026-03-30 11:21:00,37.864404,23.56581,0.8,Container,OLYMPIC CARRIER,Greece,11,Monday,2026-03-30
477001002,2026-03-30 11:21:00,37.947154,23.611024,0.4,Tanker,ORIENT WAVE,Hong Kong,11,Monday,2026-03-30
636001002,2026-03-30 11:21:00,37.894605,23.560204,0.7,Bulk Carrier,MONROVIA STAR,Liberia,11,Monday,2026-03-30
356001001,2026-03-30 11:22:00,37.876149,23.528535,0.3,Container,PANAMA TRADER,Panama,11,Monday,2026-03-30
356002001,2026-03-30 11:22:00,37.922129,23.552317,0.7,Tanker,BALBOA QUEEN,Panama,11,Monday,2026-03-30
256001002,2026-03-30 11:23:00,37.892985,23.551637,0.8,Ro-Ro,VALLETTA SUN,Malta,11,Monday,2026-03-30
538002001,2026-03-30 11:24:00,37.957416,23.644964,0.2,Container,MAJURO TIDE,Marshall Islands,11,Monday,2026-03-30
538001002,2026-03-30 11:25:00,37.852796,23.513175,0.3,Bulk Carrier,PACIFIC MARSHAL,Marshall Islands,11,Monday,2026-03-30
256001001,2026-03-30 11:25:00,37.849062,23.551869,0.1,Container,MALTA BREEZE,Malta,11,Monday,2026-03-30
241002003,2026-03-30 11:25:00,37.919742,23.57289,0.2,Ro-Ro,CRETE RUNNER,Greece,11,Monday,2026-03-30
371001001,2026-03-30 11:26:00,37.938769,23.644134,0.1,Container,ISTANBUL BRIDGE,Turkey,11,Monday,2026-03-30
371001002,2026-03-30 11:30:00,37.872837,23.554231,0.7,Tanker,BOSPHORUS WIND,Turkey,11,Monday,2026-03-30
477001001,2026-03-30 11:33:00,37.952884,23.637927,0.2,Container,HONG KONG SPIRIT,Hong Kong,11,Monday,2026-03-30
356001002,2026-03-30 11:34:00,37.913994,23.523807,0.3,Bulk Carrier,CANAL BRIDGE,Panama,11,Monday,2026-03-30
241002001,2026-03-30 11:34:00,37.915985,23.569826,0.1,Tanker,ATHENA GLORY,Greece,11,Monday,2026-03-30
247001002,2026-03-30 11:34:00,37.954934,23.627391,0.1,Passenger,NAPOLI STAR,Italy,11,Monday,2026-03-30
636002001,2026-03-30 11:35:00,37.891973,23.531101,0.2,Ro-Ro,LIBERIA COAST,Liberia,11,Monday,2026-03-30
209001002,2026-03-30 11:36:00,37.904121,23.54909,0.1,Passenger,LIMASSOL FERRY,Cyprus,11,Monday,2026-03-30
241002005,2026-03-30 11:36:00,37.937828,23.633396,0.2,Container,RHODES CARRIER,Greece,11,Monday,2026-03-30
636001001,2026-03-30 11:38:00,37.86717,23.535043,0.6,Tanker,LIBERIA FORTUNE,Liberia,11,Monday,2026-03-30
636001002,2026-03-30 11:38:00,37.89564,23.563416,0.4,Bulk Carrier,MONROVIA STAR,Liberia,11,Monday,2026-03-30
356002001,2026-03-30 11:39:00,37.920428,23.554864,0.6,Tanker,BALBOA QUEEN,Panama,11,Monday,2026-03-30
256002001,2026-03-30 11:39:00,37.904838,23.546195,0.5,Bulk Carrier,GOZO SPIRIT,Malta,11,Monday,2026-03-30
241002002,2026-03-30 11:40:00,37.959587,23.643067,0.1,Bulk Carrier,POSEIDON BULK,Greece,11,Monday,2026-03-30
256001001,2026-03-30 11:41:00,37.8494,23.549814,0.5,Container,MALTA BREEZE,Malta,11,Monday,2026-03-30
538001001,2026-03-30 11:42:00,37.874982,23.511121,0.3,Tanker,MARSHALL DAWN,Marshall Islands,11,Monday,2026-03-30
538002001,2026-03-30 11:42:00,37.955975,23.646152,0.1,Container,MAJURO TIDE,Marshall Islands,11,Monday,2026-03-30
215001001,2026-03-30 11:42:00,37.935657,23.622521,0.4,Bulk Carrier,RABAT CARGO,Morocco,11,Monday,2026-03-30
256001002,2026-03-30 11:43:00,37.892926,23.551597,0.6,Ro-Ro,VALLETTA SUN,Malta,11,Monday,2026-03-30
371001001,2026-03-30 11:43:00,37.939605,23.643656,0.3,Container,ISTANBUL BRIDGE,Turkey,11,Monday,2026-03-30
241001002,2026-03-30 11:44:00,37.850664,23.530473,0.5,Container,PIRAEUS EXPRESS,Greece,11,Monday,2026-03-30
356001001,2026-03-30 11:44:00,37.87612,23.531204,0.6,Container,PANAMA TRADER,Panama,11,Monday,2026-03-30
477001002,2026-03-30 11:45:00,37.947983,23.609648,0.2,Tanker,ORIENT WAVE,Hong Kong,11,Monday,2026-03-30
538001002,2026-03-30 11:45:00,37.850809,23.513664,0.1,Bulk Carrier,PACIFIC MARSHAL,Marshall Islands,11,Monday,2026-03-30
241001003,2026-03-30 11:46:00,37.863255,23.565358,0.3,Container,OLYMPIC CARRIER,Greece,11,Monday,2026-03-30
477001001,2026-03-30 11:48:00,37.954402,23.63796,0.1,Container,HONG KONG SPIRIT,Hong Kong,11,Monday,2026-03-30
241002003,2026-03-30 11:48:00,37.922492,23.571668,0.1,Ro-Ro,CRETE RUNNER,Greece,11,Monday,2026-03-30
356001002,2026-03-30 11:52:00,37.913546,23.523071,0.3,Bulk Carrier,CANAL BRIDGE,Panama,11,Monday,2026-03-30
209001002,2026-03-30 11:52:00,37.907095,23.548642,0.6,Passenger,LIMASSOL FERRY,Cyprus,11,Monday,2026-03-30
247001002,2026-03-30 11:52:00,37.954584,23.626392,0.3,Passenger,NAPOLI STAR,Italy,11,Monday,2026-03-30
636001001,2026-03-30 11:53:00,37.868995,23.53495,0.2,Tanker,LIBERIA FORTUNE,Liberia,11,Monday,2026-03-30
241002005,2026-03-30 11:53:00,37.937016,23.635091,0.1,Container,RHODES CARRIER,Greece,11,Monday,2026-03-30
241002001,2026-03-30 11:54:00,37.916821,23.571085,0.9,Tanker,ATHENA GLORY,Greece,11,Monday,2026-03-30
636002001,2026-03-30 11:54:00,37.893945,23.531159,0.8,Ro-Ro,LIBERIA COAST,Liberia,11,Monday,2026-03-30
371001002,2026-03-30 11:55:00,37.872368,23.557191,0.8,Tanker,BOSPHORUS WIND,Turkey,11,Monday,2026-03-30
215001001,2026-03-30 11:58:00,37.935128,23.621831,0.1,Bulk Carrier,RABAT CARGO,Morocco,11,Monday,2026-03-30
356002001,2026-03-30 11:59:00,37.922967,23.555607,0.4,Tanker,BALBOA QUEEN,Panama,11,Monday,2026-03-30
256001002,2026-03-30 12:00:00,37.891667,23.55201,0.2,Ro-Ro,VALLETTA SUN,Malta,12,Monday,2026-03-30
241001003,2026-03-30 12:01:00,37.866204,23.565229,0.7,Container,OLYMPIC CARRIER,Greece,12,Monday,2026-03-30
241001002,2026-03-30 12:02:00,37.851034,23.531882,0.8,Container,PIRAEUS EXPRESS,Greece,12,Monday,2026-03-30
538001001,2026-03-30 12:02:00,37.875131,23.5091,0.3,Tanker,MARSHALL DAWN,Marshall Islands,12,Monday,2026-03-30
538001002,2026-03-30 12:02:00,37.850989,23.514339,0.6,Bulk Carrier,PACIFIC MARSHAL,Marshall Islands,12,Monday,2026-03-30
256001001,2026-03-30 12:02:00,37.850465,23.549796,0.8,Container,MALTA BREEZE,Malta,12,Monday,2026-03-30
241002002,2026-03-30 12:02:00,37.959105,23.642998,0.2,Bulk Carrier,POSEIDON BULK,Greece,12,Monday,2026-03-30
636001002,2026-03-30 12:03:00,37.896896,23.562186,0.0,Bulk Carrier,MONROVIA STAR,Liberia,12,Monday,2026-03-30
256002001,2026-03-30 12:03:00,37.906512,23.547845,0.3,Bulk Carrier,GOZO SPIRIT,Malta,12,Monday,2026-03-30
538002001,2026-03-30 12:04:00,37.956069,23.646276,0.1,Container,MAJURO TIDE,Marshall Islands,12,Monday,2026-03-30
356001001,2026-03-30 12:06:00,37.879188,23.528458,0.6,Container,PANAMA TRADER,Panama,12,Monday,2026-03-30
371001001,2026-03-30 12:06:00,37.939692,23.644919,0.4,Container,ISTANBUL BRIDGE,Turkey,12,Monday,2026-03-30
477001002,2026-03-30 12:07:00,37.948431,23.609335,0.4,Tanker,ORIENT WAVE,Hong Kong,12,Monday,2026-03-30
241002005,2026-03-30 12:09:00,37.936553,23.633752,0.4,Container,RHODES CARRIER,Greece,12,Monday,2026-03-30
247001002,2026-03-30 12:09:00,37.954691,23.626695,0.3,Passenger,NAPOLI STAR,Italy,12,Monday,2026-03-30
209001002,2026-03-30 12:10:00,37.903511,23.54674,0.2,Passenger,LIMASSOL FERRY,Cyprus,12,Monday,2026-03-30
371001002,2026-03-30 12:10:00,37.875371,23.554522,0.6,Tanker,BOSPHORUS WIND,Turkey,12,Monday,2026-03-30
241002001,2026-03-30 12:11:00,37.916778,23.571795,0.1,Tanker,ATHENA GLORY,Greece,12,Monday,2026-03-30
241002003,2026-03-30 12:11:00,37.922375,23.573709,0.7,Ro-Ro,CRETE RUNNER,Greece,12,Monday,2026-03-30
477001001,2026-03-30 12:12:00,37.953611,23.638837,0.1,Container,HONG KONG SPIRIT,Hong Kong,12,Monday,2026-03-30
636001001,2026-03-30 12:12:00,37.869151,23.533975,0.5,Tanker,LIBERIA FORTUNE,Liberia,12,Monday,2026-03-30
356001002,2026-03-30 12:14:00,37.913511,23.525482,0.7,Bulk Carrier,CANAL BRIDGE,Panama,12,Monday,2026-03-30
256001002,2026-03-30 12:16:00,37.892699,23.553808,0.5,Ro-Ro,VALLETTA SUN,Malta,12,Monday,2026-03-30
636002001,2026-03-30 12:16:00,37.894803,23.528451,0.2,Ro-Ro,LIBERIA COAST,Liberia,12,Monday,2026-03-30
215001001,2026-03-30 12:17:00,37.935048,23.623142,0.2,Bulk Carrier,RABAT CARGO,Morocco,12,Monday,2026-03-30
538001001,2026-03-30 12:18:00,37.872769,23.510045,0.7,Tanker,MARSHALL DAWN,Marshall Islands,12,Monday,2026-03-30
256001001,2026-03-30 12:18:00,37.850885,23.547962,0.3,Container,MALTA BREEZE,Malta,12,Monday,2026-03-30
241002002,2026-03-30 12:18:00,37.959678,23.64208,0.2,Bulk Carrier,POSEIDON BULK,Greece,12,Monday,2026-03-30
356002001,2026-03-30 12:18:00,37.921042,23.553483,0.5,Tanker,BALBOA QUEEN,Panama,12,Monday,2026-03-30
241001003,2026-03-30 12:20:00,37.864143,23.565106,0.6,Container,OLYMPIC CARRIER,Greece,12,Monday,2026-03-30
538001002,2026-03-30 12:21:00,37.849196,23.514462,0.4,Bulk Carrier,PACIFIC MARSHAL,Marshall Islands,12,Monday,2026-03-30
241001002,2026-03-30 12:22:00,37.851054,23.531724,0.0,Container,PIRAEUS EXPRESS,Greece,12,Monday,2026-03-30
636001002,2026-03-30 12:22:00,37.894884,23.561965,0.8,Bulk Carrier,MONROVIA STAR,Liberia,12,Monday,2026-03-30
477001002,2026-03-30 12:23:00,37.947321,23.611147,0.0,Tanker,ORIENT WAVE,Hong Kong,12,Monday,2026-03-30
356001001,2026-03-30 12:24:00,37.87776,23.531291,0.8,Container,PANAMA TRADER,Panama,12,Monday,2026-03-30
371001001,2026-03-30 12:25:00,37.938911,23.645211,0.1,Container,ISTANBUL BRIDGE,Turkey,12,Monday,2026-03-30
241002001,2026-03-30 12:26:00,37.915532,23.569255,0.4,Tanker,ATHENA GLORY,Greece,12,Monday,2026-03-30
241002003,2026-03-30 12:27:00,37.92158,23.574444,0.4,Ro-Ro,CRETE RUNNER,Greece,12,Monday,2026-03-30
538002001,2026-03-30 12:27:00,37.957171,23.64453,0.3,Container,MAJURO TIDE,Marshall Islands,12,Monday,2026-03-30
636001001,2026-03-30 12:28:00,37.868819,23.533431,0.4,Tanker,LIBERIA FORTUNE,Liberia,12,Monday,2026-03-30
256002001,2026-03-30 12:28:00,37.907271,23.548371,0.8,Bulk Carrier,GOZO SPIRIT,Malta,12,Monday,2026-03-30
209001002,2026-03-30 12:29:00,37.903957,23.549979,0.3,Passenger,LIMASSOL FERRY,Cyprus,12,Monday,2026-03-30
247001002,2026-03-30 12:30:00,37.954363,23.627443,0.3,Passenger,NAPOLI STAR,Italy,12,Monday,2026-03-30
477001001,2026-03-30 12:32:00,37.954168,23.639463,0.1,Container,HONG KONG SPIRIT,Hong Kong,12,Monday,2026-03-30
241002005,2026-03-30 12:34:00,37.937628,23.633643,0.3,Container,RHODES CARRIER,Greece,12,Monday,2026-03-30
241002002,2026-03-30 12:35:00,37.959043,23.642185,0.1,Bulk Carrier,POSEIDON BULK,Greece,12,Monday,2026-03-30
371001002,2026-03-30 12:35:00,37.875867,23.554503,0.3,Tanker,BOSPHORUS WIND,Turkey,12,Monday,2026-03-30
538001002,2026-03-30 12:37:00,37.851406,23.513557,0.2,Bulk Carrier,PACIFIC MARSHAL,Marshall Islands,12,Monday,2026-03-30
256001001,2026-03-30 12:37:00,37.848187,23.549171,0.1,Container,MALTA BREEZE,Malta,12,Monday,2026-03-30
215001001,2026-03-30 12:37:00,37.935724,23.621985,0.4,Bulk Carrier,RABAT CARGO,Morocco,12,Monday,2026-03-30
241001003,2026-03-30 12:38:00,37.865707,23.564609,0.5,Container,OLYMPIC CARRIER,Greece,12,Monday,2026-03-30
356002001,2026-03-30 12:38:00,37.921363,23.553719,0.2,Tanker,BALBOA QUEEN,Panama,12,Monday,2026-03-30
636002001,2026-03-30 12:38:00,37.89426,23.527934,0.1,Ro-Ro,LIBERIA COAST,Liberia,12,Monday,2026-03-30
356001002,2026-03-30 12:39:00,37.912907,23.521913,0.5,Bulk Carrier,CANAL BRIDGE,Panama,12,Monday,2026-03-30
256001002,2026-03-30 12:39:00,37.892921,23.550961,0.2,Ro-Ro,VALLETTA SUN,Malta,12,Monday,2026-03-30
538001001,2026-03-30 12:42:00,37.874398,23.509963,0.7,Tanker,MARSHALL DAWN,Marshall Islands,12,Monday,2026-03-30
538002001,2026-03-30 12:43:00,37.956894,23.645944,0.2,Container,MAJURO TIDE,Marshall Islands,12,Monday,2026-03-30
477001002,2026-03-30 12:44:00,37.948147,23.610304,0.2,Tanker,ORIENT WAVE,Hong Kong,12,Monday,2026-03-30
636001001,2026-03-30 12:44:00,37.868784,23.535412,0.4,Tanker,LIBERIA FORTUNE,Liberia,12,Monday,2026-03-30
636001002,2026-03-30 12:44:00,37.8947,23.56286,0.7,Bulk Carrier,MONROVIA STAR,Liberia,12,Monday,2026-03-30
241002001,2026-03-30 12:44:00,37.916116,23.571125,0.7,Tanker,ATHENA GLORY,Greece,12,Monday,2026-03-30
371001001,2026-03-30 12:44:00,37.938997,23.644795,0.1,Container,ISTANBUL BRIDGE,Turkey,12,Monday,2026-03-30
241001002,2026-03-30 12:45:00,37.85256,23.530033,0.1,Container,PIRAEUS EXPRESS,Greece,12,Monday,2026-03-30
356001001,2026-03-30 12:47:00,37.87867,23.529333,0.4,Container,PANAMA TRADER,Panama,12,Monday,2026-03-30
256002001,2026-03-30 12:48:00,37.90556,23.546224,0.5,Bulk Carrier,GOZO SPIRIT,Malta,12,Monday,2026-03-30
241002002,2026-03-30 12:51:00,37.959232,23.642036,0.3,Bulk Carrier,POSEIDON BULK,Greece,12,Monday,2026-03-30
209001002,2026-03-30 12:52:00,37.903578,23.548389,0.0,Passenger,LIMASSOL FERRY,Cyprus,12,Monday,2026-03-30
241002003,2026-03-30 12:52:00,37.922253,23.575452,0.1,Ro-Ro,CRETE RUNNER,Greece,12,Monday,2026-03-30
247001002,2026-03-30 12:53:00,37.953615,23.626742,0.3,Passenger,NAPOLI STAR,Italy,12,Monday,2026-03-30
256001001,2026-03-30 12:54:00,37.848165,23.549337,0.3,Container,MALTA BREEZE,Malta,12,Monday,2026-03-30
477001001,2026-03-30 12:55:00,37.953016,23.637614,0.1,Container,HONG KONG SPIRIT,Hong Kong,12,Monday,2026-03-30
256001002,2026-03-30 12:55:00,37.890637,23.553338,0.7,Ro-Ro,VALLETTA SUN,Malta,12,Monday,2026-03-30
215001001,2026-03-30 12:56:00,37.935262,23.62264,0.1,Bulk Carrier,RABAT CARGO,Morocco,12,Monday,2026-03-30
538001001,2026-03-30 12:57:00,37.872027,23.509594,0.2,Tanker,MARSHALL DAWN,Marshall Islands,12,Monday,2026-03-30
241002005,2026-03-30 12:57:00,37.937547,23.634624,0.2,Container,RHODES CARRIER,Greece,12,Monday,2026-03-30
371001002,2026-03-30 12:57:00,37.873271,23.556304,0.6,Tanker,BOSPHORUS WIND,Turkey,12,Monday,2026-03-30
538002001,2026-03-30 12:58:00,37.956198,23.645285,0.2,Container,MAJURO TIDE,Marshall Islands,12,Monday,2026-03-30
356001002,2026-03-30 12:59:00,37.913748,23.525282,0.7,Bulk Carrier,CANAL BRIDGE,Panama,12,Monday,2026-03-30
241001002,2026-03-30 13:02:00,37.848989,23.53316,0.1,Container,PIRAEUS EXPRESS,Greece,13,Monday,2026-03-30
538001002,2026-03-30 13:02:00,37.851418,23.514094,0.1,Bulk Carrier,PACIFIC MARSHAL,Marshall Islands,13,Monday,2026-03-30
636002001,2026-03-30 13:02:00,37.89267,23.529964,0.6,Ro-Ro,LIBERIA COAST,Liberia,13,Monday,2026-03-30
241001003,2026-03-30 13:03:00,37.86377,23.562287,0.5,Container,OLYMPIC CARRIER,Greece,13,Monday,2026-03-30
356001001,2026-03-30 13:03:00,37.877244,23.531558,0.0,Container,PANAMA TRADER,Panama,13,Monday,2026-03-30
356002001,2026-03-30 13:03:00,37.923637,23.554031,0.7,Tanker,BALBOA QUEEN,Panama,13,Monday,2026-03-30
371001001,2026-03-30 13:04:00,37.939236,23.644129,0.2,Container,ISTANBUL BRIDGE,Turkey,13,Monday,2026-03-30
477001002,2026-03-30 13:05:00,37.947695,23.610583,0.2,Tanker,ORIENT WAVE,Hong Kong,13,Monday,2026-03-30
241002001,2026-03-30 13:06:00,37.916075,23.570768,0.5,Tanker,ATHENA GLORY,Greece,13,Monday,2026-03-30
636001001,2026-03-30 13:07:00,37.86778,23.533939,0.8,Tanker,LIBERIA FORTUNE,Liberia,13,Monday,2026-03-30
636001002,2026-03-30 13:08:00,37.896349,23.562609,0.1,Bulk Carrier,MONROVIA STAR,Liberia,13,Monday,2026-03-30
241002003,2026-03-30 13:08:00,37.921637,23.572309,0.1,Ro-Ro,CRETE RUNNER,Greece,13,Monday,2026-03-30
256002001,2026-03-30 13:09:00,37.905286,23.548629,0.4,Bulk Carrier,GOZO SPIRIT,Malta,13,Monday,2026-03-30
241002002,2026-03-30 13:13:00,37.959311,23.641843,0.2,Bulk Carrier,POSEIDON BULK,Greece,13,Monday,2026-03-30
247001002,2026-03-30 13:13:00,37.954239,23.62755,0.3,Passenger,NAPOLI STAR,Italy,13,Monday,2026-03-30
538001001,2026-03-30 13:14:00,37.874653,23.508047,0.3,Tanker,MARSHALL DAWN,Marshall Islands,13,Monday,2026-03-30
215001001,2026-03-30 13:15:00,37.93544,23.622606,0.1,Bulk Carrier,RABAT CARGO,Morocco,13,Monday,2026-03-30
356001002,2026-03-30 13:16:00,37.914428,23.523526,0.2,Bulk Carrier,CANAL BRIDGE,Panama,13,Monday,2026-03-30
256001002,2026-03-30 13:16:00,37.892359,23.553751,0.7,Ro-Ro,VALLETTA SUN,Malta,13,Monday,2026-03-30
209001002,2026-03-30 13:16:00,37.905571,23.548612,0.2,Passenger,LIMASSOL FERRY,Cyprus,13,Monday,2026-03-30
241002005,2026-03-30 13:17:00,37.936352,23.633903,0.2,Container,RHODES CARRIER,Greece,13,Monday,2026-03-30
477001001,2026-03-30 13:19:00,37.954238,23.638744,0.4,Container,HONG KONG SPIRIT,Hong Kong,13,Monday,2026-03-30
256001001,2026-03-30 13:19:00,37.849377,23.549051,0.8,Container,MALTA BREEZE,Malta,13,Monday,2026-03-30
356002001,2026-03-30 13:19:00,37.922105,23.554207,0.2,Tanker,BALBOA QUEEN,Panama,13,Monday,2026-03-30
636002001,2026-03-30 13:19:00,37.895181,23.529666,0.6,Ro-Ro,LIBERIA COAST,Liberia,13,Monday,2026-03-30
538001002,2026-03-30 13:21:00,37.852497,23.513042,0.5,Bulk Carrier,PACIFIC MARSHAL,Marshall Islands,13,Monday,2026-03-30
538002001,2026-03-30 13:22:00,37.956369,23.645585,0.1,Container,MAJURO TIDE,Marshall Islands,13,Monday,2026-03-30
371001002,2026-03-30 13:22:00,37.875148,23.554346,0.2,Tanker,BOSPHORUS WIND,Turkey,13,Monday,2026-03-30
241001002,2026-03-30 13:23:00,37.852278,23.530698,0.1,Container,PIRAEUS EXPRESS,Greece,13,Monday,2026-03-30
636001001,2026-03-30 13:24:00,37.868333,23.533131,0.0,Tanker,LIBERIA FORTUNE,Liberia,13,Monday,2026-03-30
356001001,2026-03-30 13:25:00,37.878912,23.530381,0.1,Container,PANAMA TRADER,Panama,13,Monday,2026-03-30
371001001,2026-03-30 13:25:00,37.940265,23.643453,0.0,Container,ISTANBUL BRIDGE,Turkey,13,Monday,2026-03-30
241002001,2026-03-30 13:26:00,37.916425,23.569103,0.6,Tanker,ATHENA GLORY,Greece,13,Monday,2026-03-30
241001003,2026-03-30 13:28:00,37.864459,23.563661,0.5,Container,OLYMPIC CARRIER,Greece,13,Monday,2026-03-30
477001002,2026-03-30 13:28:00,37.947445,23.609922,0.2,Tanker,ORIENT WAVE,Hong Kong,13,Monday,2026-03-30
356001002,2026-03-30 13:31:00,37.915246,23.524742,0.0,Bulk Carrier,CANAL BRIDGE,Panama,13,Monday,2026-03-30
241002003,2026-03-30 13:31:00,37.920498,23.571746,0.4,Ro-Ro,CRETE RUNNER,Greece,13,Monday,2026-03-30
256002001,2026-03-30 13:31:00,37.906923,23.546924,0.1,Bulk Carrier,GOZO SPIRIT,Malta,13,Monday,2026-03-30
636001002,2026-03-30 13:32:00,37.895076,23.562436,0.5,Bulk Carrier,MONROVIA STAR,Liberia,13,Monday,2026-03-30
241002002,2026-03-30 13:33:00,37.957997,23.643134,0.0,Bulk Carrier,POSEIDON BULK,Greece,13,Monday,2026-03-30
256001002,2026-03-30 13:34:00,37.890084,23.553889,0.1,Ro-Ro,VALLETTA SUN,Malta,13,Monday,2026-03-30
636002001,2026-03-30 13:34:00,37.892651,23.531153,0.5,Ro-Ro,LIBERIA COAST,Liberia,13,Monday,2026-03-30
538001002,2026-03-30 13:36:00,37.850934,23.512779,0.4,Bulk Carrier,PACIFIC MARSHAL,Marshall Islands,13,Monday,2026-03-30
209001002,2026-03-30 13:36:00,37.9064,23.549747,0.6,Passenger,LIMASSOL FERRY,Cyprus,13,Monday,2026-03-30
356002001,2026-03-30 13:36:00,37.923453,23.554285,0.8,Tanker,BALBOA QUEEN,Panama,13,Monday,2026-03-30
247001002,2026-03-30 13:38:00,37.954687,23.626369,0.1,Passenger,NAPOLI STAR,Italy,13,Monday,2026-03-30
538001001,2026-03-30 13:39:00,37.873434,23.509216,0.6,Tanker,MARSHALL DAWN,Marshall Islands,13,Monday,2026-03-30
538002001,2026-03-30 13:39:00,37.957353,23.646274,0.4,Container,MAJURO TIDE,Marshall Islands,13,Monday,2026-03-30
215001001,2026-03-30 13:39:00,37.934871,23.622828,0.4,Bulk Carrier,RABAT CARGO,Morocco,13,Monday,2026-03-30
477001001,2026-03-30 13:40:00,37.952509,23.638181,0.2,Container,HONG KONG SPIRIT,Hong Kong,13,Monday,2026-03-30
241002005,2026-03-30 13:41:00,37.936952,23.635102,0.3,Container,RHODES CARRIER,Greece,13,Monday,2026-03-30
256001001,2026-03-30 13:42:00,37.84826,23.548667,0.6,Container,MALTA BREEZE,Malta,13,Monday,2026-03-30
371001002,2026-03-30 13:45:00,37.874936,23.556521,0.5,Tanker,BOSPHORUS WIND,Turkey,13,Monday,2026-03-30
636001001,2026-03-30 13:46:00,37.866359,23.534987,0.3,Tanker,LIBERIA FORTUNE,Liberia,13,Monday,2026-03-30
256002001,2026-03-30 13:46:00,37.904766,23.54718,0.5,Bulk Carrier,GOZO SPIRIT,Malta,13,Monday,2026-03-30
371001001,2026-03-30 13:46:00,37.939996,23.645292,0.1,Container,ISTANBUL BRIDGE,Turkey,13,Monday,2026-03-30
241001002,2026-03-30 13:47:00,37.849045,23.532342,0.0,Container,PIRAEUS EXPRESS,Greece,13,Monday,2026-03-30
356001001,2026-03-30 13:48:00,37.877627,23.52935,0.0,Container,PANAMA TRADER,Panama,13,Monday,2026-03-30
241002001,2026-03-30 13:48:00,37.918392,23.570438,0.8,Tanker,ATHENA GLORY,Greece,13,Monday,2026-03-30
477001002,2026-03-30 13:51:00,37.948839,23.609613,0.4,Tanker,ORIENT WAVE,Hong Kong,13,Monday,2026-03-30
241001003,2026-03-30 13:52:00,37.863749,23.565537,0.3,Container,OLYMPIC CARRIER,Greece,13,Monday,2026-03-30
636001002,2026-03-30 13:52:00,37.896404,23.559814,0.7,Bulk Carrier,MONROVIA STAR,Liberia,13,Monday,2026-03-30
241002002,2026-03-30 13:53:00,37.958117,23.642016,0.2,Bulk Carrier,POSEIDON BULK,Greece,13,Monday,2026-03-30
356002001,2026-03-30 13:53:00,37.920152,23.553958,0.3,Tanker,BALBOA QUEEN,Panama,13,Monday,2026-03-30
636002001,2026-03-30 13:53:00,37.891803,23.530726,0.9,Ro-Ro,LIBERIA COAST,Liberia,13,Monday,2026-03-30
356001002,2026-03-30 13:54:00,37.914817,23.523588,0.4,Bulk Carrier,CANAL BRIDGE,Panama,13,Monday,2026-03-30
247001002,2026-03-30 13:54:00,37.954983,23.626361,0.2,Passenger,NAPOLI STAR,Italy,13,Monday,2026-03-30
241002003,2026-03-30 13:55:00,37.919886,23.573839,0.2,Ro-Ro,CRETE RUNNER,Greece,13,Monday,2026-03-30
538001002,2026-03-30 13:56:00,37.852725,23.514095,0.3,Bulk Carrier,PACIFIC MARSHAL,Marshall Islands,13,Monday,2026-03-30
256001002,2026-03-30 13:56:00,37.892835,23.550233,0.4,Ro-Ro,VALLETTA SUN,Malta,13,Monday,2026-03-30
215001001,2026-03-30 13:58:00,37.935964,23.622713,0.1,Bulk Carrier,RABAT CARGO,Morocco,13,Monday,2026-03-30
209001002,2026-03-30 13:59:00,37.903928,23.549428,0.2,Passenger,LIMASSOL FERRY,Cyprus,13,Monday,2026-03-30
636001001,2026-03-30 14:02:00,37.869024,23.532897,0.7,Tanker,LIBERIA FORTUNE,Liberia,14,Monday,2026-03-30
371001002,2026-03-30 14:02:00,37.8754,23.554843,0.7,Tanker,BOSPHORUS WIND,Turkey,14,Monday,2026-03-30
538001001,2026-03-30 14:03:00,37.872222,23.509162,0.5,Tanker,MARSHALL DAWN,Marshall Islands,14,Monday,2026-03-30
241002001,2026-03-30 14:03:00,37.917523,23.57032,0.6,Tanker,ATHENA GLORY,Greece,14,Monday,2026-03-30
256002001,2026-03-30 14:03:00,37.903823,23.547645,0.6,Bulk Carrier,GOZO SPIRIT,Malta,14,Monday,2026-03-30
538002001,2026-03-30 14:04:00,37.957265,23.645308,0.2,Container,MAJURO TIDE,Marshall Islands,14,Monday,2026-03-30
356001001,2026-03-30 14:05:00,37.875571,23.529793,0.3,Container,PANAMA TRADER,Panama,14,Monday,2026-03-30
477001001,2026-03-30 14:05:00,37.953987,23.638129,0.3,Container,HONG KONG SPIRIT,Hong Kong,14,Monday,2026-03-30
371001001,2026-03-30 14:05:00,37.939794,23.643759,0.0,Container,ISTANBUL BRIDGE,Turkey,14,Monday,2026-03-30
241002005,2026-03-30 14:06:00,37.936508,23.634542,0.2,Container,RHODES CARRIER,Greece,14,Monday,2026-03-30
256001001,2026-03-30 14:07:00,37.848331,23.550903,0.2,Container,MALTA BREEZE,Malta,14,Monday,2026-03-30
241002002,2026-03-30 14:08:00,37.957933,23.64299,0.2,Bulk Carrier,POSEIDON BULK,Greece,14,Monday,2026-03-30
241002003,2026-03-30 14:10:00,37.91974,23.572783,0.1,Ro-Ro,CRETE RUNNER,Greece,14,Monday,2026-03-30
241001002,2026-03-30 14:11:00,37.852456,23.53053,0.4,Container,PIRAEUS EXPRESS,Greece,14,Monday,2026-03-30
477001002,2026-03-30 14:11:00,37.948159,23.610971,0.2,Tanker,ORIENT WAVE,Hong Kong,14,Monday,2026-03-30
241001003,2026-03-30 14:12:00,37.863926,23.562427,0.6,Container,OLYMPIC CARRIER,Greece,14,Monday,2026-03-30
636001002,2026-03-30 14:13:00,37.894452,23.560348,0.3,Bulk Carrier,MONROVIA STAR,Liberia,14,Monday,2026-03-30
636002001,2026-03-30 14:13:00,37.891918,23.528285,0.5,Ro-Ro,LIBERIA COAST,Liberia,14,Monday,2026-03-30
356001002,2026-03-30 14:14:00,37.913666,23.523098,0.8,Bulk Carrier,CANAL BRIDGE,Panama,14,Monday,2026-03-30
356002001,2026-03-30 14:14:00,37.923005,23.552423,0.3,Tanker,BALBOA QUEEN,Panama,14,Monday,2026-03-30
538001002,2026-03-30 14:15:00,37.851663,23.513293,0.1,Bulk Carrier,PACIFIC MARSHAL,Marshall Islands,14,Monday,2026-03-30
247001002,2026-03-30 14:15:00,37.954707,23.627672,0.0,Passenger,NAPOLI STAR,Italy,14,Monday,2026-03-30
636001001,2026-03-30 14:18:00,37.866648,23.535194,0.6,Tanker,LIBERIA FORTUNE,Liberia,14,Monday,2026-03-30
256001002,2026-03-30 14:19:00,37.893178,23.551275,0.3,Ro-Ro,VALLETTA SUN,Malta,14,Monday,2026-03-30
241002001,2026-03-30 14:21:00,37.917688,23.572264,0.2,Tanker,ATHENA GLORY,Greece,14,Monday,2026-03-30
215001001,2026-03-30 14:21:00,37.936188,23.622451,0.1,Bulk Carrier,RABAT CARGO,Morocco,14,Monday,2026-03-30
209001002,2026-03-30 14:22:00,37.90374,23.546869,0.5,Passenger,LIMASSOL FERRY,Cyprus,14,Monday,2026-03-30
241002005,2026-03-30 14:22:00,37.937224,23.63531,0.4,Container,RHODES CARRIER,Greece,14,Monday,2026-03-30
538001001,2026-03-30 14:24:00,37.873207,23.509337,0.1,Tanker,MARSHALL DAWN,Marshall Islands,14,Monday,2026-03-30
538002001,2026-03-30 14:24:00,37.956263,23.644962,0.2,Container,MAJURO TIDE,Marshall Islands,14,Monday,2026-03-30
256002001,2026-03-30 14:24:00,37.905071,23.54787,0.9,Bulk Carrier,GOZO SPIRIT,Malta,14,Monday,2026-03-30
371001001,2026-03-30 14:24:00,37.939132,23.643986,0.1,Container,ISTANBUL BRIDGE,Turkey,14,Monday,2026-03-30
477001001,2026-03-30 14:26:00,37.953015,23.63786,0.2,Container,HONG KONG SPIRIT,Hong Kong,14,Monday,2026-03-30
371001002,2026-03-30 14:26:00,37.875194,23.557372,0.4,Tanker,BOSPHORUS WIND,Turkey,14,Monday,2026-03-30
356001001,2026-03-30 14:29:00,37.878222,23.528724,0.4,Container,PANAMA TRADER,Panama,14,Monday,2026-03-30
636002001,2026-03-30 14:29:00,37.893514,23.52939,0.1,Ro-Ro,LIBERIA COAST,Liberia,14,Monday,2026-03-30
256001001,2026-03-30 14:30:00,37.849218,23.551272,0.3,Container,MALTA BREEZE,Malta,14,Monday,2026-03-30
241002002,2026-03-30 14:30:00,37.959279,23.643313,0.2,Bulk Carrier,POSEIDON BULK,Greece,14,Monday,2026-03-30
247001002,2026-03-30 14:30:00,37.954527,23.626877,0.4,Passenger,NAPOLI STAR,Italy,14,Monday,2026-03-30
241001002,2026-03-30 14:31:00,37.8503,23.5324,0.2,Container,PIRAEUS EXPRESS,Greece,14,Monday,2026-03-30
241002003,2026-03-30 14:33:00,37.923149,23.574222,0.1,Ro-Ro,CRETE RUNNER,Greece,14,Monday,2026-03-30
538001002,2026-03-30 14:34:00,37.851138,23.511148,0.6,Bulk Carrier,PACIFIC MARSHAL,Marshall Islands,14,Monday,2026-03-30
241001003,2026-03-30 14:35:00,37.864686,23.563905,0.7,Container,OLYMPIC CARRIER,Greece,14,Monday,2026-03-30
356002001,2026-03-30 14:35:00,37.92389,23.555157,0.5,Tanker,BALBOA QUEEN,Panama,14,Monday,2026-03-30
477001002,2026-03-30 14:36:00,37.94751,23.610177,0.3,Tanker,ORIENT WAVE,Hong Kong,14,Monday,2026-03-30
636001002,2026-03-30 14:36:00,37.897324,23.561961,0.5,Bulk Carrier,MONROVIA STAR,Liberia,14,Monday,2026-03-30
636001001,2026-03-30 14:37:00,37.868175,23.536209,0.5,Tanker,LIBERIA FORTUNE,Liberia,14,Monday,2026-03-30
356001002,2026-03-30 14:38:00,37.913589,23.522871,0.7,Bulk Carrier,CANAL BRIDGE,Panama,14,Monday,2026-03-30
241002005,2026-03-30 14:38:00,37.936375,23.635062,0.3,Container,RHODES CARRIER,Greece,14,Monday,2026-03-30
215001001,2026-03-30 14:38:00,37.936037,23.621871,0.0,Bulk Carrier,RABAT CARGO,Morocco,14,Monday,2026-03-30
538001001,2026-03-30 14:39:00,37.872912,23.509028,0.4,Tanker,MARSHALL DAWN,Marshall Islands,14,Monday,2026-03-30
256001002,2026-03-30 14:40:00,37.890368,23.55112,0.4,Ro-Ro,VALLETTA SUN,Malta,14,Monday,2026-03-30
241002001,2026-03-30 14:41:00,37.916254,23.570055,0.7,Tanker,ATHENA GLORY,Greece,14,Monday,2026-03-30
538002001,2026-03-30 14:43:00,37.956566,23.645019,0.2,Container,MAJURO TIDE,Marshall Islands,14,Monday,2026-03-30
209001002,2026-03-30 14:44:00,37.907174,23.54969,0.6,Passenger,LIMASSOL FERRY,Cyprus,14,Monday,2026-03-30
371001001,2026-03-30 14:45:00,37.939505,23.643741,0.1,Container,ISTANBUL BRIDGE,Turkey,14,Monday,2026-03-30
371001002,2026-03-30 14:46:00,37.872378,23.556396,0.7,Tanker,BOSPHORUS WIND,Turkey,14,Monday,2026-03-30
636002001,2026-03-30 14:47:00,37.89402,23.530663,0.2,Ro-Ro,LIBERIA COAST,Liberia,14,Monday,2026-03-30
256002001,2026-03-30 14:48:00,37.905869,23.547337,0.2,Bulk Carrier,GOZO SPIRIT,Malta,14,Monday,2026-03-30
356001001,2026-03-30 14:49:00,37.877669,23.530411,0.1,Container,PANAMA TRADER,Panama,14,Monday,2026-03-30
477001001,2026-03-30 14:49:00,37.954114,23.638093,0.2,Container,HONG KONG SPIRIT,Hong Kong,14,Monday,2026-03-30
256001001,2026-03-30 14:49:00,37.850745,23.549342,0.2,Container,MALTA BREEZE,Malta,14,Monday,2026-03-30
241001002,2026-03-30 14:50:00,37.852433,23.533456,0.4,Container,PIRAEUS EXPRESS,Greece,14,Monday,2026-03-30
247001002,2026-03-30 14:50:00,37.954389,23.628159,0.3,Passenger,NAPOLI STAR,Italy,14,Monday,2026-03-30
241002002,2026-03-30 14:51:00,37.958288,23.643019,0.0,Bulk Carrier,POSEIDON BULK,Greece,14,Monday,2026-03-30
241002003,2026-03-30 14:51:00,37.923026,23.573667,0.2,Ro-Ro,CRETE RUNNER,Greece,14,Monday,2026-03-30
636001002,2026-03-30 14:53:00,37.896477,23.559695,0.4,Bulk Carrier,MONROVIA STAR,Liberia,14,Monday,2026-03-30
241001003,2026-03-30 14:54:00,37.864251,23.565197,0.7,Container,OLYMPIC CARRIER,Greece,14,Monday,2026-03-30
477001002,2026-03-30 14:54:00,37.947062,23.610171,0.0,Tanker,ORIENT WAVE,Hong Kong,14,Monday,2026-03-30
636001001,2026-03-30 14:56:00,37.866747,23.532999,0.4,Tanker,LIBERIA FORTUNE,Liberia,14,Monday,2026-03-30
538001002,2026-03-30 14:56:00,37.851174,23.513527,0.5,Bulk Carrier,PACIFIC MARSHAL,Marshall Islands,14,Monday,2026-03-30
241002001,2026-03-30 14:56:00,37.915045,23.568574,0.3,Tanker,ATHENA GLORY,Greece,14,Monday,2026-03-30
215001001,2026-03-30 14:56:00,37.936172,23.622949,0.1,Bulk Carrier,RABAT CARGO,Morocco,14,Monday,2026-03-30
256001002,2026-03-30 14:57:00,37.892246,23.553294,0.3,Ro-Ro,VALLETTA SUN,Malta,14,Monday,2026-03-30
538001001,2026-03-30 15:00:00,37.872384,23.507973,0.6,Tanker,MARSHALL DAWN,Marshall Islands,15,Monday,2026-03-30
209001002,2026-03-30 15:00:00,37.905762,23.550101,0.6,Passenger,LIMASSOL FERRY,Cyprus,15,Monday,2026-03-30
356002001,2026-03-30 15:00:00,37.923678,23.555597,0.4,Tanker,BALBOA QUEEN,Panama,15,Monday,2026-03-30
356001002,2026-03-30 15:01:00,37.915227,23.522725,0.5,Bulk Carrier,CANAL BRIDGE,Panama,15,Monday,2026-03-30
241002005,2026-03-30 15:01:00,37.937685,23.635111,0.3,Container,RHODES CARRIER,Greece,15,Monday,2026-03-30
371001001,2026-03-30 15:03:00,37.939265,23.64389,0.2,Container,ISTANBUL BRIDGE,Turkey,15,Monday,2026-03-30
538002001,2026-03-30 15:04:00,37.956601,23.645162,0.0,Container,MAJURO TIDE,Marshall Islands,15,Monday,2026-03-30
256002001,2026-03-30 15:04:00,37.906359,23.549106,0.5,Bulk Carrier,GOZO SPIRIT,Malta,15,Monday,2026-03-30
241001002,2026-03-30 15:05:00,37.852711,23.533697,0.4,Container,PIRAEUS EXPRESS,Greece,15,Monday,2026-03-30
477001001,2026-03-30 15:06:00,37.954244,23.638617,0.3,Container,HONG KONG SPIRIT,Hong Kong,15,Monday,2026-03-30
241002002,2026-03-30 15:08:00,37.959284,23.642571,0.1,Bulk Carrier,POSEIDON BULK,Greece,15,Monday,2026-03-30
241002003,2026-03-30 15:10:00,37.921021,23.573897,0.5,Ro-Ro,CRETE RUNNER,Greece,15,Monday,2026-03-30
636001001,2026-03-30 15:11:00,37.867789,23.535007,0.7,Tanker,LIBERIA FORTUNE,Liberia,15,Monday,2026-03-30
371001002,2026-03-30 15:11:00,37.87446,23.556066,0.3,Tanker,BOSPHORUS WIND,Turkey,15,Monday,2026-03-30
356001001,2026-03-30 15:12:00,37.877127,23.530263,0.5,Container,PANAMA TRADER,Panama,15,Monday,2026-03-30
256001001,2026-03-30 15:12:00,37.851246,23.547944,0.5,Container,MALTA BREEZE,Malta,15,Monday,2026-03-30
256001002,2026-03-30 15:12:00,37.893004,23.550148,0.6,Ro-Ro,VALLETTA SUN,Malta,15,Monday,2026-03-30
241002001,2026-03-30 15:12:00,37.916512,23.570979,0.1,Tanker,ATHENA GLORY,Greece,15,Monday,2026-03-30
636002001,2026-03-30 15:12:00,37.894307,23.530849,0.4,Ro-Ro,LIBERIA COAST,Liberia,15,Monday,2026-03-30
215001001,2026-03-30 15:13:00,37.936211,23.622038,0.4,Bulk Carrier,RABAT CARGO,Morocco,15,Monday,2026-03-30
247001002,2026-03-30 15:14:00,37.954857,23.627142,0.1,Passenger,NAPOLI STAR,Italy,15,Monday,2026-03-30
538001002,2026-03-30 15:15:00,37.85138,23.512049,0.6,Bulk Carrier,PACIFIC MARSHAL,Marshall Islands,15,Monday,2026-03-30
241001003,2026-03-30 15:16:00,37.864404,23.56538,0.8,Container,OLYMPIC CARRIER,Greece,15,Monday,2026-03-30
356001002,2026-03-30 15:16:00,37.915087,23.525446,0.3,Bulk Carrier,CANAL BRIDGE,Panama,15,Monday,2026-03-30
477001002,2026-03-30 15:16:00,37.947,23.610634,0.2,Tanker,ORIENT WAVE,Hong Kong,15,Monday,2026-03-30
636001002,2026-03-30 15:16:00,37.894488,23.561468,0.4,Bulk Carrier,MONROVIA STAR,Liberia,15,Monday,2026-03-30
209001002,2026-03-30 15:16:00,37.903491,23.547089,0.7,Passenger,LIMASSOL FERRY,Cyprus,15,Monday,2026-03-30
371001001,2026-03-30 15:19:00,37.939036,23.644301,0.1,Container,ISTANBUL BRIDGE,Turkey,15,Monday,2026-03-30
538002001,2026-03-30 15:20:00,37.956468,23.64478,0.1,Container,MAJURO TIDE,Marshall Islands,15,Monday,2026-03-30
241001002,2026-03-30 15:21:00,37.850741,23.530243,0.4,Container,PIRAEUS EXPRESS,Greece,15,Monday,2026-03-30
538001001,2026-03-30 15:23:00,37.873443,23.509719,0.2,Tanker,MARSHALL DAWN,Marshall Islands,15,Monday,2026-03-30
241002005,2026-03-30 15:23:00,37.936717,23.635189,0.0,Container,RHODES CARRIER,Greece,15,Monday,2026-03-30
356002001,2026-03-30 15:23:00,37.923669,23.553043,0.1,Tanker,BALBOA QUEEN,Panama,15,Monday,2026-03-30
241002002,2026-03-30 15:24:00,37.959101,23.643028,0.0,Bulk Carrier,POSEIDON BULK,Greece,15,Monday,2026-03-30
256002001,2026-03-30 15:24:00,37.904096,23.547826,0.5,Bulk Carrier,GOZO SPIRIT,Malta,15,Monday,2026-03-30
477001001,2026-03-30 15:27:00,37.952683,23.637978,0.2,Container,HONG KONG SPIRIT,Hong Kong,15,Monday,2026-03-30
636002001,2026-03-30 15:29:00,37.894167,23.528787,0.0,Ro-Ro,LIBERIA COAST,Liberia,15,Monday,2026-03-30
241002003,2026-03-30 15:30:00,37.923185,23.572997,0.4,Ro-Ro,CRETE RUNNER,Greece,15,Monday,2026-03-30
538001002,2026-03-30 15:31:00,37.84919,23.514037,0.1,Bulk Carrier,PACIFIC MARSHAL,Marshall Islands,15,Monday,2026-03-30
241001003,2026-03-30 15:32:00,37.863524,23.564915,0.4,Container,OLYMPIC CARRIER,Greece,15,Monday,2026-03-30
636001001,2026-03-30 15:32:00,37.866728,23.535333,0.6,Tanker,LIBERIA FORTUNE,Liberia,15,Monday,2026-03-30
241002001,2026-03-30 15:32:00,37.914869,23.569245,0.0,Tanker,ATHENA GLORY,Greece,15,Monday,2026-03-30
371001002,2026-03-30 15:32:00,37.875397,23.55545,0.2,Tanker,BOSPHORUS WIND,Turkey,15,Monday,2026-03-30
636001002,2026-03-30 15:33:00,37.896175,23.559544,0.7,Bulk Carrier,MONROVIA STAR,Liberia,15,Monday,2026-03-30
215001001,2026-03-30 15:34:00,37.935133,23.622424,0.2,Bulk Carrier,RABAT CARGO,Morocco,15,Monday,2026-03-30
256001001,2026-03-30 15:35:00,37.851068,23.54954,0.3,Container,MALTA BREEZE,Malta,15,Monday,2026-03-30
247001002,2026-03-30 15:36:00,37.953778,23.627218,0.1,Passenger,NAPOLI STAR,Italy,15,Monday,2026-03-30
356001001,2026-03-30 15:37:00,37.877058,23.531371,0.3,Container,PANAMA TRADER,Panama,15,Monday,2026-03-30
256001002,2026-03-30 15:37:00,37.889602,23.553679,0.7,Ro-Ro,VALLETTA SUN,Malta,15,Monday,2026-03-30
356001002,2026-03-30 15:40:00,37.915987,23.525014,0.3,Bulk Carrier,CANAL BRIDGE,Panama,15,Monday,2026-03-30
241002005,2026-03-30 15:40:00,37.937243,23.634028,0.0,Container,RHODES CARRIER,Greece,15,Monday,2026-03-30
241001002,2026-03-30 15:41:00,37.852234,23.531191,0.7,Container,PIRAEUS EXPRESS,Greece,15,Monday,2026-03-30
477001002,2026-03-30 15:41:00,37.947129,23.610718,0.3,Tanker,ORIENT WAVE,Hong Kong,15,Monday,2026-03-30
209001002,2026-03-30 15:41:00,37.904145,23.548114,0.1,Passenger,LIMASSOL FERRY,Cyprus,15,Monday,2026-03-30
538002001,2026-03-30 15:42:00,37.9574,23.645726,0.3,Container,MAJURO TIDE,Marshall Islands,15,Monday,2026-03-30
356002001,2026-03-30 15:43:00,37.921697,23.555624,0.3,Tanker,BALBOA QUEEN,Panama,15,Monday,2026-03-30
371001001,2026-03-30 15:43:00,37.940327,23.643434,0.2,Container,ISTANBUL BRIDGE,Turkey,15,Monday,2026-03-30
477001001,2026-03-30 15:45:00,37.952573,23.638392,0.1,Container,HONG KONG SPIRIT,Hong Kong,15,Monday,2026-03-30
538001001,2026-03-30 15:46:00,37.874805,23.508419,0.5,Tanker,MARSHALL DAWN,Marshall Islands,15,Monday,2026-03-30
241002002,2026-03-30 15:46:00,37.959428,23.643284,0.1,Bulk Carrier,POSEIDON BULK,Greece,15,Monday,2026-03-30
636001001,2026-03-30 15:47:00,37.866902,23.534889,0.0,Tanker,LIBERIA FORTUNE,Liberia,15,Monday,2026-03-30
241002001,2026-03-30 15:49:00,37.915798,23.569151,0.2,Tanker,ATHENA GLORY,Greece,15,Monday,2026-03-30
256002001,2026-03-30 15:49:00,37.904911,23.548296,0.1,Bulk Carrier,GOZO SPIRIT,Malta,15,Monday,2026-03-30
241001003,2026-03-30 15:50:00,37.86612,23.565818,0.7,Container,OLYMPIC CARRIER,Greece,15,Monday,2026-03-30
538001002,2026-03-30 15:50:00,37.850007,23.514333,0.1,Bulk Carrier,PACIFIC MARSHAL,Marshall Islands,15,Monday,2026-03-30
636002001,2026-03-30 15:50:00,37.893238,23.531116,0.8,Ro-Ro,LIBERIA COAST,Liberia,15,Monday,2026-03-30
256001001,2026-03-30 15:52:00,37.848571,23.548776,0.1,Container,MALTA BREEZE,Malta,15,Monday,2026-03-30
371001002,2026-03-30 15:52:00,37.875556,23.556527,0.6,Tanker,BOSPHORUS WIND,Turkey,15,Monday,2026-03-30
241002003,2026-03-30 15:53:00,37.921993,23.574239,0.4,Ro-Ro,CRETE RUNNER,Greece,15,Monday,2026-03-30
477001002,2026-03-30 15:56:00,37.948796,23.610348,0.1,Tanker,ORIENT WAVE,Hong Kong,15,Monday,2026-03-30
241002005,2026-03-30 15:56:00,37.937634,23.633837,0.1,Container,RHODES CARRIER,Greece,15,Monday,2026-03-30
356001001,2026-03-30 15:57:00,37.876944,23.531314,0.7,Container,PANAMA TRADER,Panama,15,Monday,2026-03-30
215001001,2026-03-30 15:57:00,37.935101,23.621432,0.1,Bulk Carrier,RABAT CARGO,Morocco,15,Monday,2026-03-30
241001002,2026-03-30 15:58:00,37.85089,23.530923,0.4,Container,PIRAEUS EXPRESS,Greece,15,Monday,2026-03-30
636001002,2026-03-30 15:58:00,37.896106,23.561021,0.5,Bulk Carrier,MONROVIA STAR,Liberia,15,Monday,2026-03-30
247001002,2026-03-30 15:59:00,37.953559,23.627414,0.4,Passenger,NAPOLI STAR,Italy,15,Monday,2026-03-30
209001002,2026-03-30 16:00:00,37.906371,23.548661,0.6,Passenger,LIMASSOL FERRY,Cyprus,16,Monday,2026-03-30
538001001,2026-03-30 16:02:00,37.873582,23.510173,0.2,Tanker,MARSHALL DAWN,Marshall Islands,16,Monday,2026-03-30
256001002,2026-03-30 16:02:00,37.891594,23.551246,0.2,Ro-Ro,VALLETTA SUN,Malta,16,Monday,2026-03-30
356002001,2026-03-30 16:02:00,37.922346,23.554455,0.2,Tanker,BALBOA QUEEN,Panama,16,Monday,2026-03-30
241002002,2026-03-30 16:03:00,37.959001,23.641955,0.3,Bulk Carrier,POSEIDON BULK,Greece,16,Monday,2026-03-30
356001002,2026-03-30 16:05:00,37.91429,23.525394,0.0,Bulk Carrier,CANAL BRIDGE,Panama,16,Monday,2026-03-30
477001001,2026-03-30 16:05:00,37.953864,23.637873,0.0,Container,HONG KONG SPIRIT,Hong Kong,16,Monday,2026-03-30
538001002,2026-03-30 16:05:00,37.851298,23.514543,0.6,Bulk Carrier,PACIFIC MARSHAL,Marshall Islands,16,Monday,2026-03-30
636001001,2026-03-30 16:07:00,37.868099,23.534787,0.3,Tanker,LIBERIA FORTUNE,Liberia,16,Monday,2026-03-30
538002001,2026-03-30 16:07:00,37.956254,23.645539,0.1,Container,MAJURO TIDE,Marshall Islands,16,Monday,2026-03-30
241002003,2026-03-30 16:08:00,37.919993,23.572788,0.2,Ro-Ro,CRETE RUNNER,Greece,16,Monday,2026-03-30
371001001,2026-03-30 16:08:00,37.940304,23.644755,0.2,Container,ISTANBUL BRIDGE,Turkey,16,Monday,2026-03-30
636002001,2026-03-30 16:09:00,37.89238,23.527524,0.6,Ro-Ro,LIBERIA COAST,Liberia,16,Monday,2026-03-30
371001002,2026-03-30 16:09:00,37.872419,23.555835,0.3,Tanker,BOSPHORUS WIND,Turkey,16,Monday,2026-03-30
256001001,2026-03-30 16:10:00,37.850188,23.550651,0.7,Container,MALTA BREEZE,Malta,16,Monday,2026-03-30
241002001,2026-03-30 16:12:00,37.915534,23.569158,0.2,Tanker,ATHENA GLORY,Greece,16,Monday,2026-03-30
241001003,2026-03-30 16:13:00,37.866386,23.561954,0.3,Container,OLYMPIC CARRIER,Greece,16,Monday,2026-03-30
636001002,2026-03-30 16:13:00,37.895734,23.563293,0.6,Bulk Carrier,MONROVIA STAR,Liberia,16,Monday,2026-03-30
215001001,2026-03-30 16:13:00,37.936218,23.623256,0.4,Bulk Carrier,RABAT CARGO,Morocco,16,Monday,2026-03-30
256002001,2026-03-30 16:14:00,37.905475,23.546096,0.4,Bulk Carrier,GOZO SPIRIT,Malta,16,Monday,2026-03-30
247001002,2026-03-30 16:14:00,37.953997,23.628,0.3,Passenger,NAPOLI STAR,Italy,16,Monday,2026-03-30
477001002,2026-03-30 16:15:00,37.947144,23.610864,0.1,Tanker,ORIENT WAVE,Hong Kong,16,Monday,2026-03-30
209001002,2026-03-30 16:16:00,37.904778,23.549944,0.1,Passenger,LIMASSOL FERRY,Cyprus,16,Monday,2026-03-30
241002005,2026-03-30 16:18:00,37.937616,23.634205,0.4,Container,RHODES CARRIER,Greece,16,Monday,2026-03-30
241002002,2026-03-30 16:19:00,37.958569,23.641756,0.2,Bulk Carrier,POSEIDON BULK,Greece,16,Monday,2026-03-30
356001001,2026-03-30 16:22:00,37.877893,23.531409,0.1,Container,PANAMA TRADER,Panama,16,Monday,2026-03-30
538001002,2026-03-30 16:22:00,37.850362,23.511604,0.5,Bulk Carrier,PACIFIC MARSHAL,Marshall Islands,16,Monday,2026-03-30
256001002,2026-03-30 16:22:00,37.892124,23.552149,0.8,Ro-Ro,VALLETTA SUN,Malta,16,Monday,2026-03-30
241001002,2026-03-30 16:23:00,37.851388,23.531931,0.4,Container,PIRAEUS EXPRESS,Greece,16,Monday,2026-03-30
636001001,2026-03-30 16:23:00,37.867719,23.532755,0.3,Tanker,LIBERIA FORTUNE,Liberia,16,Monday,2026-03-30
477001001,2026-03-30 16:24:00,37.953625,23.637571,0.2,Container,HONG KONG SPIRIT,Hong Kong,16,Monday,2026-03-30
538001001,2026-03-30 16:26:00,37.874549,23.509128,0.1,Tanker,MARSHALL DAWN,Marshall Islands,16,Monday,2026-03-30
241002003,2026-03-30 16:26:00,37.92165,23.572453,0.8,Ro-Ro,CRETE RUNNER,Greece,16,Monday,2026-03-30
356002001,2026-03-30 16:26:00,37.923209,23.553915,0.1,Tanker,BALBOA QUEEN,Panama,16,Monday,2026-03-30
636002001,2026-03-30 16:26:00,37.891841,23.529782,0.8,Ro-Ro,LIBERIA COAST,Liberia,16,Monday,2026-03-30
371001001,2026-03-30 16:26:00,37.939598,23.644092,0.1,Container,ISTANBUL BRIDGE,Turkey,16,Monday,2026-03-30
538002001,2026-03-30 16:28:00,37.957216,23.645047,0.0,Container,MAJURO TIDE,Marshall Islands,16,Monday,2026-03-30
215001001,2026-03-30 16:28:00,37.936216,23.621798,0.0,Bulk Carrier,RABAT CARGO,Morocco,16,Monday,2026-03-30
356001002,2026-03-30 16:29:00,37.915278,23.52386,0.5,Bulk Carrier,CANAL BRIDGE,Panama,16,Monday,2026-03-30
241002001,2026-03-30 16:31:00,37.914834,23.571164,0.8,Tanker,ATHENA GLORY,Greece,16,Monday,2026-03-30
256002001,2026-03-30 16:31:00,37.906322,23.546281,0.4,Bulk Carrier,GOZO SPIRIT,Malta,16,Monday,2026-03-30
209001002,2026-03-30 16:32:00,37.905079,23.54833,0.7,Passenger,LIMASSOL FERRY,Cyprus,16,Monday,2026-03-30
371001002,2026-03-30 16:32:00,37.874215,23.556535,0.6,Tanker,BOSPHORUS WIND,Turkey,16,Monday,2026-03-30
256001001,2026-03-30 16:33:00,37.850803,23.550701,0.8,Container,MALTA BREEZE,Malta,16,Monday,2026-03-30
477001002,2026-03-30 16:34:00,37.947126,23.611102,0.3,Tanker,ORIENT WAVE,Hong Kong,16,Monday,2026-03-30
241002002,2026-03-30 16:34:00,37.958094,23.642317,0.3,Bulk Carrier,POSEIDON BULK,Greece,16,Monday,2026-03-30
247001002,2026-03-30 16:34:00,37.954871,23.628185,0.4,Passenger,NAPOLI STAR,Italy,16,Monday,2026-03-30
636001002,2026-03-30 16:35:00,37.895543,23.561895,0.6,Bulk Carrier,MONROVIA STAR,Liberia,16,Monday,2026-03-30
241002005,2026-03-30 16:35:00,37.938033,23.634298,0.4,Container,RHODES CARRIER,Greece,16,Monday,2026-03-30
241001003,2026-03-30 16:36:00,37.864697,23.564894,0.1,Container,OLYMPIC CARRIER,Greece,16,Monday,2026-03-30
356001001,2026-03-30 16:39:00,37.877749,23.531636,0.0,Container,PANAMA TRADER,Panama,16,Monday,2026-03-30
477001001,2026-03-30 16:40:00,37.953938,23.638941,0.1,Container,HONG KONG SPIRIT,Hong Kong,16,Monday,2026-03-30
538001002,2026-03-30 16:40:00,37.85208,23.51435,0.4,Bulk Carrier,PACIFIC MARSHAL,Marshall Islands,16,Monday,2026-03-30
256001002,2026-03-30 16:40:00,37.890937,23.553648,0.8,Ro-Ro,VALLETTA SUN,Malta,16,Monday,2026-03-30
371001001,2026-03-30 16:42:00,37.93907,23.644418,0.0,Container,ISTANBUL BRIDGE,Turkey,16,Monday,2026-03-30
636001001,2026-03-30 16:44:00,37.867435,23.533843,0.8,Tanker,LIBERIA FORTUNE,Liberia,16,Monday,2026-03-30
356001002,2026-03-30 16:46:00,37.915277,23.524624,0.5,Bulk Carrier,CANAL BRIDGE,Panama,16,Monday,2026-03-30
538001001,2026-03-30 16:46:00,37.87324,23.510056,0.2,Tanker,MARSHALL DAWN,Marshall Islands,16,Monday,2026-03-30
241002003,2026-03-30 16:46:00,37.922157,23.573277,0.2,Ro-Ro,CRETE RUNNER,Greece,16,Monday,2026-03-30
356002001,2026-03-30 16:46:00,37.923906,23.553644,0.2,Tanker,BALBOA QUEEN,Panama,16,Monday,2026-03-30
636002001,2026-03-30 16:46:00,37.894862,23.529379,0.5,Ro-Ro,LIBERIA COAST,Liberia,16,Monday,2026-03-30
209001002,2026-03-30 16:47:00,37.90656,23.548032,0.2,Passenger,LIMASSOL FERRY,Cyprus,16,Monday,2026-03-30
241001002,2026-03-30 16:48:00,37.85223,23.530771,0.1,Container,PIRAEUS EXPRESS,Greece,16,Monday,2026-03-30
538002001,2026-03-30 16:48:00,37.95729,23.645374,0.2,Container,MAJURO TIDE,Marshall Islands,16,Monday,2026-03-30
256001001,2026-03-30 16:49:00,37.851617,23.548358,0.4,Container,MALTA BREEZE,Malta,16,Monday,2026-03-30
215001001,2026-03-30 16:50:00,37.936574,23.622455,0.2,Bulk Carrier,RABAT CARGO,Morocco,16,Monday,2026-03-30
241002001,2026-03-30 16:52:00,37.91829,23.569808,0.6,Tanker,ATHENA GLORY,Greece,16,Monday,2026-03-30
241002002,2026-03-30 16:52:00,37.959572,23.642666,0.3,Bulk Carrier,POSEIDON BULK,Greece,16,Monday,2026-03-30
256002001,2026-03-30 16:53:00,37.907116,23.546615,0.8,Bulk Carrier,GOZO SPIRIT,Malta,16,Monday,2026-03-30
477001002,2026-03-30 16:54:00,37.947434,23.60943,0.3,Tanker,ORIENT WAVE,Hong Kong,16,Monday,2026-03-30
241001003,2026-03-30 16:55:00,37.866513,23.565659,0.5,Container,OLYMPIC CARRIER,Greece,16,Monday,2026-03-30
241002005,2026-03-30 16:55:00,37.936892,23.635035,0.3,Container,RHODES CARRIER,Greece,16,Monday,2026-03-30
371001002,2026-03-30 16:55:00,37.874447,23.553812,0.1,Tanker,BOSPHORUS WIND,Turkey,16,Monday,2026-03-30
356001001,2026-03-30 16:56:00,37.878304,23.532305,0.7,Container,PANAMA TRADER,Panama,16,Monday,2026-03-30
247001002,2026-03-30 16:56:00,37.954107,23.626545,0.3,Passenger,NAPOLI STAR,Italy,16,Monday,2026-03-30
636001002,2026-03-30 16:59:00,37.894554,23.561448,0.1,Bulk Carrier,MONROVIA STAR,Liberia,16,Monday,2026-03-30
538001002,2026-03-30 17:00:00,37.852752,23.513284,0.8,Bulk Carrier,PACIFIC MARSHAL,Marshall Islands,17,Monday,2026-03-30
256001002,2026-03-30 17:01:00,37.893055,23.551213,0.8,Ro-Ro,VALLETTA SUN,Malta,17,Monday,2026-03-30
477001001,2026-03-30 17:03:00,37.952833,23.639306,0.1,Container,HONG KONG SPIRIT,Hong Kong,17,Monday,2026-03-30
241001002,2026-03-30 17:04:00,37.849339,23.53084,0.6,Container,PIRAEUS EXPRESS,Greece,17,Monday,2026-03-30
371001001,2026-03-30 17:04:00,37.938607,23.643611,0.4,Container,ISTANBUL BRIDGE,Turkey,17,Monday,2026-03-30
538001001,2026-03-30 17:05:00,37.873261,23.51072,0.1,Tanker,MARSHALL DAWN,Marshall Islands,17,Monday,2026-03-30
636001001,2026-03-30 17:06:00,37.868943,23.535488,0.6,Tanker,LIBERIA FORTUNE,Liberia,17,Monday,2026-03-30
256001001,2026-03-30 17:06:00,37.849871,23.549138,0.8,Container,MALTA BREEZE,Malta,17,Monday,2026-03-30
356001002,2026-03-30 17:07:00,37.915115,23.521652,0.1,Bulk Carrier,CANAL BRIDGE,Panama,17,Monday,2026-03-30
538002001,2026-03-30 17:07:00,37.956209,23.64598,0.4,Container,MAJURO TIDE,Marshall Islands,17,Monday,2026-03-30
241002003,2026-03-30 17:09:00,37.920768,23.575204,0.2,Ro-Ro,CRETE RUNNER,Greece,17,Monday,2026-03-30
215001001,2026-03-30 17:09:00,37.935433,23.621819,0.2,Bulk Carrier,RABAT CARGO,Morocco,17,Monday,2026-03-30
209001002,2026-03-30 17:10:00,37.904387,23.549528,0.1,Passenger,LIMASSOL FERRY,Cyprus,17,Monday,2026-03-30
241002001,2026-03-30 17:10:00,37.915711,23.571692,0.3,Tanker,ATHENA GLORY,Greece,17,Monday,2026-03-30
636002001,2026-03-30 17:10:00,37.895499,23.528861,0.6,Ro-Ro,LIBERIA COAST,Liberia,17,Monday,2026-03-30
241001003,2026-03-30 17:11:00,37.865109,23.564376,0.5,Container,OLYMPIC CARRIER,Greece,17,Monday,2026-03-30
356002001,2026-03-30 17:11:00,37.922752,23.553741,0.1,Tanker,BALBOA QUEEN,Panama,17,Monday,2026-03-30
371001002,2026-03-30 17:11:00,37.874365,23.557016,0.1,Tanker,BOSPHORUS WIND,Turkey,17,Monday,2026-03-30
256002001,2026-03-30 17:12:00,37.903554,23.547634,0.1,Bulk Carrier,GOZO SPIRIT,Malta,17,Monday,2026-03-30
241002002,2026-03-30 17:14:00,37.95946,23.643224,0.3,Bulk Carrier,POSEIDON BULK,Greece,17,Monday,2026-03-30
636001002,2026-03-30 17:17:00,37.894353,23.561932,0.7,Bulk Carrier,MONROVIA STAR,Liberia,17,Monday,2026-03-30
538001002,2026-03-30 17:17:00,37.851894,23.512554,0.7,Bulk Carrier,PACIFIC MARSHAL,Marshall Islands,17,Monday,2026-03-30
247001002,2026-03-30 17:17:00,37.953227,23.626519,0.2,Passenger,NAPOLI STAR,Italy,17,Monday,2026-03-30
356001001,2026-03-30 17:18:00,37.878811,23.528634,0.6,Container,PANAMA TRADER,Panama,17,Monday,2026-03-30
477001002,2026-03-30 17:18:00,37.947882,23.610324,0.3,Tanker,ORIENT WAVE,Hong Kong,17,Monday,2026-03-30
256001002,2026-03-30 17:19:00,37.892821,23.55065,0.3,Ro-Ro,VALLETTA SUN,Malta,17,Monday,2026-03-30
241002005,2026-03-30 17:20:00,37.936823,23.635011,0.1,Container,RHODES CARRIER,Greece,17,Monday,2026-03-30
371001001,2026-03-30 17:20:00,37.939935,23.64417,0.1,Container,ISTANBUL BRIDGE,Turkey,17,Monday,2026-03-30
241001002,2026-03-30 17:22:00,37.849531,23.53225,0.6,Container,PIRAEUS EXPRESS,Greece,17,Monday,2026-03-30
477001001,2026-03-30 17:22:00,37.952446,23.639366,0.4,Container,HONG KONG SPIRIT,Hong Kong,17,Monday,2026-03-30
636001001,2026-03-30 17:22:00,37.869254,23.536226,0.1,Tanker,LIBERIA FORTUNE,Liberia,17,Monday,2026-03-30
356001002,2026-03-30 17:23:00,37.914156,23.523201,0.2,Bulk Carrier,CANAL BRIDGE,Panama,17,Monday,2026-03-30
256001001,2026-03-30 17:26:00,37.849721,23.551842,0.1,Container,MALTA BREEZE,Malta,17,Monday,2026-03-30
538001001,2026-03-30 17:27:00,37.873624,23.511131,0.5,Tanker,MARSHALL DAWN,Marshall Islands,17,Monday,2026-03-30
538002001,2026-03-30 17:27:00,37.955763,23.645419,0.3,Container,MAJURO TIDE,Marshall Islands,17,Monday,2026-03-30
241002003,2026-03-30 17:30:00,37.92302,23.574295,0.4,Ro-Ro,CRETE RUNNER,Greece,17,Monday,2026-03-30
356002001,2026-03-30 17:30:00,37.922685,23.552863,0.5,Tanker,BALBOA QUEEN,Panama,17,Monday,2026-03-30
215001001,2026-03-30 17:30:00,37.935571,23.621504,0.3,Bulk Carrier,RABAT CARGO,Morocco,17,Monday,2026-03-30
209001002,2026-03-30 17:31:00,37.905983,23.547273,0.3,Passenger,LIMASSOL FERRY,Cyprus,17,Monday,2026-03-30
371001002,2026-03-30 17:32:00,37.872556,23.554869,0.7,Tanker,BOSPHORUS WIND,Turkey,17,Monday,2026-03-30
477001002,2026-03-30 17:33:00,37.948024,23.610037,0.2,Tanker,ORIENT WAVE,Hong Kong,17,Monday,2026-03-30
241001003,2026-03-30 17:34:00,37.865663,23.564489,0.3,Container,OLYMPIC CARRIER,Greece,17,Monday,2026-03-30
636002001,2026-03-30 17:34:00,37.894644,23.52887,0.0,Ro-Ro,LIBERIA COAST,Liberia,17,Monday,2026-03-30
256002001,2026-03-30 17:34:00,37.905843,23.549283,0.2,Bulk Carrier,GOZO SPIRIT,Malta,17,Monday,2026-03-30
241002001,2026-03-30 17:35:00,37.916858,23.57165,0.2,Tanker,ATHENA GLORY,Greece,17,Monday,2026-03-30
371001001,2026-03-30 17:37:00,37.939565,23.64449,0.3,Container,ISTANBUL BRIDGE,Turkey,17,Monday,2026-03-30
247001002,2026-03-30 17:37:00,37.954919,23.626539,0.2,Passenger,NAPOLI STAR,Italy,17,Monday,2026-03-30
477001001,2026-03-30 17:38:00,37.953924,23.639321,0.3,Container,HONG KONG SPIRIT,Hong Kong,17,Monday,2026-03-30
538001002,2026-03-30 17:38:00,37.850644,23.513452,0.2,Bulk Carrier,PACIFIC MARSHAL,Marshall Islands,17,Monday,2026-03-30
636001001,2026-03-30 17:39:00,37.869993,23.534231,0.1,Tanker,LIBERIA FORTUNE,Liberia,17,Monday,2026-03-30
241002002,2026-03-30 17:39:00,37.959107,23.641807,0.3,Bulk Carrier,POSEIDON BULK,Greece,17,Monday,2026-03-30
356001001,2026-03-30 17:40:00,37.876371,23.531546,0.0,Container,PANAMA TRADER,Panama,17,Monday,2026-03-30
636001002,2026-03-30 17:40:00,37.894774,23.562376,0.3,Bulk Carrier,MONROVIA STAR,Liberia,17,Monday,2026-03-30
241002005,2026-03-30 17:40:00,37.937454,23.634333,0.1,Container,RHODES CARRIER,Greece,17,Monday,2026-03-30
241001002,2026-03-30 17:41:00,37.849721,23.533346,0.4,Container,PIRAEUS EXPRESS,Greece,17,Monday,2026-03-30
256001002,2026-03-30 17:41:00,37.892901,23.553076,0.6,Ro-Ro,VALLETTA SUN,Malta,17,Monday,2026-03-30
356001002,2026-03-30 17:44:00,37.914034,23.524626,0.6,Bulk Carrier,CANAL BRIDGE,Panama,17,Monday,2026-03-30
538001001,2026-03-30 17:45:00,37.873357,23.510465,0.2,Tanker,MARSHALL DAWN,Marshall Islands,17,Monday,2026-03-30
538002001,2026-03-30 17:45:00,37.956005,23.644936,0.2,Container,MAJURO TIDE,Marshall Islands,17,Monday,2026-03-30
241002003,2026-03-30 17:47:00,37.919523,23.57452,0.4,Ro-Ro,CRETE RUNNER,Greece,17,Monday,2026-03-30
256001001,2026-03-30 17:49:00,37.849321,23.550732,0.7,Container,MALTA BREEZE,Malta,17,Monday,2026-03-30
356002001,2026-03-30 17:49:00,37.921207,23.553463,0.1,Tanker,BALBOA QUEEN,Panama,17,Monday,2026-03-30
256002001,2026-03-30 17:51:00,37.905431,23.545769,0.9,Bulk Carrier,GOZO SPIRIT,Malta,17,Monday,2026-03-30
215001001,2026-03-30 17:51:00,37.934831,23.62165,0.2,Bulk Carrier,RABAT CARGO,Morocco,17,Monday,2026-03-30
477001002,2026-03-30 17:52:00,37.948679,23.61065,0.3,Tanker,ORIENT WAVE,Hong Kong,17,Monday,2026-03-30
371001002,2026-03-30 17:52:00,37.875658,23.553923,0.3,Tanker,BOSPHORUS WIND,Turkey,17,Monday,2026-03-30
209001002,2026-03-30 17:54:00,37.904236,23.549874,0.3,Passenger,LIMASSOL FERRY,Cyprus,17,Monday,2026-03-30
356001001,2026-03-30 17:55:00,37.876805,23.529975,0.3,Container,PANAMA TRADER,Panama,17,Monday,2026-03-30
636001002,2026-03-30 17:55:00,37.894489,23.559568,0.5,Bulk Carrier,MONROVIA STAR,Liberia,17,Monday,2026-03-30
241001002,2026-03-30 17:56:00,37.850411,23.53082,0.1,Container,PIRAEUS EXPRESS,Greece,17,Monday,2026-03-30
538001002,2026-03-30 17:56:00,37.85225,23.511119,0.5,Bulk Carrier,PACIFIC MARSHAL,Marshall Islands,17,Monday,2026-03-30
247001002,2026-03-30 17:57:00,37.954761,23.627564,0.0,Passenger,NAPOLI STAR,Italy,17,Monday,2026-03-30
241002002,2026-03-30 17:58:00,37.958983,23.641698,0.2,Bulk Carrier,POSEIDON BULK,Greece,17,Monday,2026-03-30
241001003,2026-03-30 17:59:00,37.866861,23.563107,0.7,Container,OLYMPIC CARRIER,Greece,17,Monday,2026-03-30
241002001,2026-03-30 17:59:00,37.918264,23.568716,0.8,Tanker,ATHENA GLORY,Greece,17,Monday,2026-03-30
241002005,2026-03-30 17:59:00,37.938072,23.633406,0.4,Container,RHODES CARRIER,Greece,17,Monday,2026-03-30
636002001,2026-03-30 17:59:00,37.892048,23.531088,0.1,Ro-Ro,LIBERIA COAST,Liberia,17,Monday,2026-03-30
371001001,2026-03-30 18:00:00,37.938875,23.644487,0.0,Container,ISTANBUL BRIDGE,Turkey,18,Monday,2026-03-30
538001001,2026-03-30 18:01:00,37.87208,23.51123,0.1,Tanker,MARSHALL DAWN,Marshall Islands,18,Monday,2026-03-30
477001001,2026-03-30 18:02:00,37.953208,23.637971,0.3,Container,HONG KONG SPIRIT,Hong Kong,18,Monday,2026-03-30
256001002,2026-03-30 18:02:00,37.890479,23.550329,0.7,Ro-Ro,VALLETTA SUN,Malta,18,Monday,2026-03-30
636001001,2026-03-30 18:03:00,37.867073,23.533819,0.5,Tanker,LIBERIA FORTUNE,Liberia,18,Monday,2026-03-30
256001001,2026-03-30 18:04:00,37.848427,23.548407,0.7,Container,MALTA BREEZE,Malta,18,Monday,2026-03-30
356001002,2026-03-30 18:06:00,37.915335,23.521775,0.8,Bulk Carrier,CANAL BRIDGE,Panama,18,Monday,2026-03-30
356002001,2026-03-30 18:07:00,37.9224,23.551861,0.2,Tanker,BALBOA QUEEN,Panama,18,Monday,2026-03-30
477001002,2026-03-30 18:08:00,37.947908,23.60939,0.1,Tanker,ORIENT WAVE,Hong Kong,18,Monday,2026-03-30
538002001,2026-03-30 18:10:00,37.957609,23.645746,0.0,Container,MAJURO TIDE,Marshall Islands,18,Monday,2026-03-30
241001002,2026-03-30 18:11:00,37.84924,23.533632,0.3,Container,PIRAEUS EXPRESS,Greece,18,Monday,2026-03-30
371001002,2026-03-30 18:11:00,37.875856,23.554803,0.5,Tanker,BOSPHORUS WIND,Turkey,18,Monday,2026-03-30
215001001,2026-03-30 18:11:00,37.93658,23.62137,0.3,Bulk Carrier,RABAT CARGO,Morocco,18,Monday,2026-03-30
241002003,2026-03-30 18:12:00,37.920012,23.573078,0.6,Ro-Ro,CRETE RUNNER,Greece,18,Monday,2026-03-30
247001002,2026-03-30 18:14:00,37.95507,23.626674,0.1,Passenger,NAPOLI STAR,Italy,18,Monday,2026-03-30
538001002,2026-03-30 18:15:00,37.849347,23.511572,0.6,Bulk Carrier,PACIFIC MARSHAL,Marshall Islands,18,Monday,2026-03-30
209001002,2026-03-30 18:15:00,37.906915,23.550474,0.7,Passenger,LIMASSOL FERRY,Cyprus,18,Monday,2026-03-30
256002001,2026-03-30 18:15:00,37.906918,23.54896,0.8,Bulk Carrier,GOZO SPIRIT,Malta,18,Monday,2026-03-30
241002001,2026-03-30 18:16:00,37.915273,23.569213,0.8,Tanker,ATHENA GLORY,Greece,18,Monday,2026-03-30
636002001,2026-03-30 18:17:00,37.89573,23.529867,0.5,Ro-Ro,LIBERIA COAST,Liberia,18,Monday,2026-03-30
356001001,2026-03-30 18:18:00,37.875711,23.53097,0.4,Container,PANAMA TRADER,Panama,18,Monday,2026-03-30
538001001,2026-03-30 18:18:00,37.875143,23.507489,0.7,Tanker,MARSHALL DAWN,Marshall Islands,18,Monday,2026-03-30
241002002,2026-03-30 18:19:00,37.959645,23.64235,0.3,Bulk Carrier,POSEIDON BULK,Greece,18,Monday,2026-03-30
241001003,2026-03-30 18:20:00,37.863404,23.562047,0.1,Container,OLYMPIC CARRIER,Greece,18,Monday,2026-03-30
636001002,2026-03-30 18:20:00,37.897235,23.561174,0.2,Bulk Carrier,MONROVIA STAR,Liberia,18,Monday,2026-03-30
256001001,2026-03-30 18:21:00,37.849183,23.548731,0.6,Container,MALTA BREEZE,Malta,18,Monday,2026-03-30
477001001,2026-03-30 18:22:00,37.953176,23.638559,0.3,Container,HONG KONG SPIRIT,Hong Kong,18,Monday,2026-03-30
356001002,2026-03-30 18:23:00,37.914636,23.525518,0.5,Bulk Carrier,CANAL BRIDGE,Panama,18,Monday,2026-03-30
477001002,2026-03-30 18:23:00,37.947834,23.610068,0.1,Tanker,ORIENT WAVE,Hong Kong,18,Monday,2026-03-30
636001001,2026-03-30 18:23:00,37.869798,23.53582,0.5,Tanker,LIBERIA FORTUNE,Liberia,18,Monday,2026-03-30
256001002,2026-03-30 18:24:00,37.891035,23.553374,0.4,Ro-Ro,VALLETTA SUN,Malta,18,Monday,2026-03-30
241002005,2026-03-30 18:24:00,37.937671,23.63472,0.0,Container,RHODES CARRIER,Greece,18,Monday,2026-03-30
371001001,2026-03-30 18:25:00,37.939447,23.643925,0.1,Container,ISTANBUL BRIDGE,Turkey,18,Monday,2026-03-30
356002001,2026-03-30 18:26:00,37.921437,23.554984,0.0,Tanker,BALBOA QUEEN,Panama,18,Monday,2026-03-30
538002001,2026-03-30 18:27:00,37.955712,23.645968,0.2,Container,MAJURO TIDE,Marshall Islands,18,Monday,2026-03-30
215001001,2026-03-30 18:27:00,37.935689,23.621825,0.1,Bulk Carrier,RABAT CARGO,Morocco,18,Monday,2026-03-30
241001002,2026-03-30 18:28:00,37.850924,23.531424,0.6,Container,PIRAEUS EXPRESS,Greece,18,Monday,2026-03-30
371001002,2026-03-30 18:29:00,37.872136,23.5557,0.4,Tanker,BOSPHORUS WIND,Turkey,18,Monday,2026-03-30
247001002,2026-03-30 18:29:00,37.953478,23.626915,0.2,Passenger,NAPOLI STAR,Italy,18,Monday,2026-03-30
256002001,2026-03-30 18:33:00,37.90728,23.545352,0.4,Bulk Carrier,GOZO SPIRIT,Malta,18,Monday,2026-03-30
538001001,2026-03-30 18:34:00,37.873747,23.508762,0.2,Tanker,MARSHALL DAWN,Marshall Islands,18,Monday,2026-03-30
636001002,2026-03-30 18:36:00,37.896624,23.560554,0.1,Bulk Carrier,MONROVIA STAR,Liberia,18,Monday,2026-03-30
538001002,2026-03-30 18:36:00,37.850788,23.514695,0.4,Bulk Carrier,PACIFIC MARSHAL,Marshall Islands,18,Monday,2026-03-30
356001001,2026-03-30 18:37:00,37.878688,23.531845,0.3,Container,PANAMA TRADER,Panama,18,Monday,2026-03-30
256001001,2026-03-30 18:37:00,37.851005,23.548339,0.4,Container,MALTA BREEZE,Malta,18,Monday,2026-03-30
241002002,2026-03-30 18:37:00,37.957819,23.641657,0.1,Bulk Carrier,POSEIDON BULK,Greece,18,Monday,2026-03-30
241002003,2026-03-30 18:37:00,37.921287,23.572245,0.5,Ro-Ro,CRETE RUNNER,Greece,18,Monday,2026-03-30
209001002,2026-03-30 18:38:00,37.90477,23.546786,0.6,Passenger,LIMASSOL FERRY,Cyprus,18,Monday,2026-03-30
636002001,2026-03-30 18:38:00,37.892224,23.53086,0.5,Ro-Ro,LIBERIA COAST,Liberia,18,Monday,2026-03-30
241002001,2026-03-30 18:39:00,37.916247,23.570852,0.3,Tanker,ATHENA GLORY,Greece,18,Monday,2026-03-30
477001002,2026-03-30 18:40:00,37.948811,23.609373,0.1,Tanker,ORIENT WAVE,Hong Kong,18,Monday,2026-03-30
636001001,2026-03-30 18:40:00,37.8683,23.53585,0.4,Tanker,LIBERIA FORTUNE,Liberia,18,Monday,2026-03-30
371001001,2026-03-30 18:40:00,37.939925,23.645083,0.1,Container,ISTANBUL BRIDGE,Turkey,18,Monday,2026-03-30
356002001,2026-03-30 18:41:00,37.921429,23.552781,0.2,Tanker,BALBOA QUEEN,Panama,18,Monday,2026-03-30
241001003,2026-03-30 18:42:00,37.864162,23.564048,0.1,Container,OLYMPIC CARRIER,Greece,18,Monday,2026-03-30
477001001,2026-03-30 18:42:00,37.953134,23.639258,0.1,Container,HONG KONG SPIRIT,Hong Kong,18,Monday,2026-03-30
241001002,2026-03-30 18:43:00,37.852497,23.532477,0.1,Container,PIRAEUS EXPRESS,Greece,18,Monday,2026-03-30
215001001,2026-03-30 18:43:00,37.935965,23.621698,0.4,Bulk Carrier,RABAT CARGO,Morocco,18,Monday,2026-03-30
247001002,2026-03-30 18:44:00,37.953495,23.6279,0.2,Passenger,NAPOLI STAR,Italy,18,Monday,2026-03-30
356001002,2026-03-30 18:45:00,37.913647,23.522219,0.5,Bulk Carrier,CANAL BRIDGE,Panama,18,Monday,2026-03-30
256001002,2026-03-30 18:45:00,37.892664,23.553307,0.8,Ro-Ro,VALLETTA SUN,Malta,18,Monday,2026-03-30
241002005,2026-03-30 18:47:00,37.937796,23.633902,0.0,Container,RHODES CARRIER,Greece,18,Monday,2026-03-30
538002001,2026-03-30 18:48:00,37.957081,23.646348,0.0,Container,MAJURO TIDE,Marshall Islands,18,Monday,2026-03-30
256002001,2026-03-30 18:48:00,37.905055,23.547403,0.6,Bulk Carrier,GOZO SPIRIT,Malta,18,Monday,2026-03-30
256001001,2026-03-30 18:52:00,37.850982,23.548062,0.7,Container,MALTA BREEZE,Malta,18,Monday,2026-03-30
241002002,2026-03-30 18:52:00,37.958171,23.642939,0.1,Bulk Carrier,POSEIDON BULK,Greece,18,Monday,2026-03-30
636002001,2026-03-30 18:53:00,37.894376,23.529427,0.5,Ro-Ro,LIBERIA COAST,Liberia,18,Monday,2026-03-30
241002003,2026-03-30 18:54:00,37.922392,23.573105,0.3,Ro-Ro,CRETE RUNNER,Greece,18,Monday,2026-03-30
371001002,2026-03-30 18:54:00,37.872078,23.554406,0.8,Tanker,BOSPHORUS WIND,Turkey,18,Monday,2026-03-30
209001002,2026-03-30 18:55:00,37.906194,23.548736,0.6,Passenger,LIMASSOL FERRY,Cyprus,18,Monday,2026-03-30
356001001,2026-03-30 18:57:00,37.878762,23.53013,0.2,Container,PANAMA TRADER,Panama,18,Monday,2026-03-30
538001001,2026-03-30 18:57:00,37.874048,23.510435,0.2,Tanker,MARSHALL DAWN,Marshall Islands,18,Monday,2026-03-30
636001002,2026-03-30 18:59:00,37.895481,23.560641,0.3,Bulk Carrier,MONROVIA STAR,Liberia,18,Monday,2026-03-30
538001002,2026-03-30 18:59:00,37.851617,23.512462,0.2,Bulk Carrier,PACIFIC MARSHAL,Marshall Islands,18,Monday,2026-03-30
241001002,2026-03-30 19:00:00,37.852055,23.532043,0.4,Container,PIRAEUS EXPRESS,Greece,19,Monday,2026-03-30
371001001,2026-03-30 19:00:00,37.939107,23.644887,0.4,Container,ISTANBUL BRIDGE,Turkey,19,Monday,2026-03-30
636001001,2026-03-30 19:02:00,37.867394,23.533557,0.0,Tanker,LIBERIA FORTUNE,Liberia,19,Monday,2026-03-30
241001003,2026-03-30 19:03:00,37.865905,23.564871,0.4,Container,OLYMPIC CARRIER,Greece,19,Monday,2026-03-30
477001001,2026-03-30 19:04:00,37.954378,23.638431,0.0,Container,HONG KONG SPIRIT,Hong Kong,19,Monday,2026-03-30
256001002,2026-03-30 19:04:00,37.89079,23.552417,0.5,Ro-Ro,VALLETTA SUN,Malta,19,Monday,2026-03-30
241002001,2026-03-30 19:04:00,37.914935,23.570918,0.2,Tanker,ATHENA GLORY,Greece,19,Monday,2026-03-30
241002005,2026-03-30 19:04:00,37.937798,23.633767,0.2,Container,RHODES CARRIER,Greece,19,Monday,2026-03-30
356002001,2026-03-30 19:04:00,37.923104,23.552268,0.5,Tanker,BALBOA QUEEN,Panama,19,Monday,2026-03-30
477001002,2026-03-30 19:05:00,37.947534,23.610135,0.2,Tanker,ORIENT WAVE,Hong Kong,19,Monday,2026-03-30
247001002,2026-03-30 19:07:00,37.953558,23.627454,0.1,Passenger,NAPOLI STAR,Italy,19,Monday,2026-03-30
356001002,2026-03-30 19:08:00,37.913809,23.524614,0.3,Bulk Carrier,CANAL BRIDGE,Panama,19,Monday,2026-03-30
256001001,2026-03-30 19:08:00,37.850592,23.550265,0.0,Container,MALTA BREEZE,Malta,19,Monday,2026-03-30
215001001,2026-03-30 19:08:00,37.934612,23.621963,0.2,Bulk Carrier,RABAT CARGO,Morocco,19,Monday,2026-03-30
241002002,2026-03-30 19:10:00,37.95798,23.643272,0.4,Bulk Carrier,POSEIDON BULK,Greece,19,Monday,2026-03-30
256002001,2026-03-30 19:10:00,37.903711,23.546992,0.8,Bulk Carrier,GOZO SPIRIT,Malta,19,Monday,2026-03-30
209001002,2026-03-30 19:11:00,37.904582,23.550595,0.1,Passenger,LIMASSOL FERRY,Cyprus,19,Monday,2026-03-30
538002001,2026-03-30 19:11:00,37.95577,23.644945,0.0,Container,MAJURO TIDE,Marshall Islands,19,Monday,2026-03-30
371001002,2026-03-30 19:12:00,37.872876,23.5561,0.2,Tanker,BOSPHORUS WIND,Turkey,19,Monday,2026-03-30
636002001,2026-03-30 19:13:00,37.895083,23.528518,0.2,Ro-Ro,LIBERIA COAST,Liberia,19,Monday,2026-03-30
241001002,2026-03-30 19:17:00,37.848884,23.531172,0.3,Container,PIRAEUS EXPRESS,Greece,19,Monday,2026-03-30
356001001,2026-03-30 19:18:00,37.879144,23.529929,0.7,Container,PANAMA TRADER,Panama,19,Monday,2026-03-30
538001002,2026-03-30 19:18:00,37.852364,23.510949,0.1,Bulk Carrier,PACIFIC MARSHAL,Marshall Islands,19,Monday,2026-03-30
241002003,2026-03-30 19:18:00,37.920322,23.573715,0.2,Ro-Ro,CRETE RUNNER,Greece,19,Monday,2026-03-30
371001001,2026-03-30 19:18:00,37.939322,23.644264,0.1,Container,ISTANBUL BRIDGE,Turkey,19,Monday,2026-03-30
538001001,2026-03-30 19:20:00,37.874782,23.507999,0.4,Tanker,MARSHALL DAWN,Marshall Islands,19,Monday,2026-03-30
356002001,2026-03-30 19:20:00,37.920599,23.55458,0.6,Tanker,BALBOA QUEEN,Panama,19,Monday,2026-03-30
241002001,2026-03-30 19:22:00,37.915927,23.569048,0.8,Tanker,ATHENA GLORY,Greece,19,Monday,2026-03-30
477001001,2026-03-30 19:24:00,37.953156,23.63832,0.4,Container,HONG KONG SPIRIT,Hong Kong,19,Monday,2026-03-30
636001002,2026-03-30 19:24:00,37.894833,23.561747,0.3,Bulk Carrier,MONROVIA STAR,Liberia,19,Monday,2026-03-30
477001002,2026-03-30 19:25:00,37.947046,23.610048,0.1,Tanker,ORIENT WAVE,Hong Kong,19,Monday,2026-03-30
241001003,2026-03-30 19:26:00,37.866192,23.562516,0.3,Container,OLYMPIC CARRIER,Greece,19,Monday,2026-03-30
241002005,2026-03-30 19:26:00,37.936788,23.634258,0.3,Container,RHODES CARRIER,Greece,19,Monday,2026-03-30
636001001,2026-03-30 19:27:00,37.869322,23.535195,0.4,Tanker,LIBERIA FORTUNE,Liberia,19,Monday,2026-03-30
256001002,2026-03-30 19:27:00,37.891196,23.550118,0.7,Ro-Ro,VALLETTA SUN,Malta,19,Monday,2026-03-30
209001002,2026-03-30 19:28:00,37.904896,23.546815,0.3,Passenger,LIMASSOL FERRY,Cyprus,19,Monday,2026-03-30
256002001,2026-03-30 19:29:00,37.905579,23.548187,0.8,Bulk Carrier,GOZO SPIRIT,Malta,19,Monday,2026-03-30
247001002,2026-03-30 19:29:00,37.955073,23.62656,0.2,Passenger,NAPOLI STAR,Italy,19,Monday,2026-03-30
256001001,2026-03-30 19:30:00,37.848965,23.548157,0.1,Container,MALTA BREEZE,Malta,19,Monday,2026-03-30
371001002,2026-03-30 19:30:00,37.87316,23.557366,0.1,Tanker,BOSPHORUS WIND,Turkey,19,Monday,2026-03-30
636002001,2026-03-30 19:31:00,37.894935,23.531256,0.3,Ro-Ro,LIBERIA COAST,Liberia,19,Monday,2026-03-30
241001002,2026-03-30 19:32:00,37.849557,23.530711,0.7,Container,PIRAEUS EXPRESS,Greece,19,Monday,2026-03-30
215001001,2026-03-30 19:32:00,37.93516,23.621769,0.3,Bulk Carrier,RABAT CARGO,Morocco,19,Monday,2026-03-30
356001002,2026-03-30 19:33:00,37.915165,23.523966,0.6,Bulk Carrier,CANAL BRIDGE,Panama,19,Monday,2026-03-30
538002001,2026-03-30 19:34:00,37.955986,23.645595,0.1,Container,MAJURO TIDE,Marshall Islands,19,Monday,2026-03-30
356001001,2026-03-30 19:35:00,37.877555,23.532079,0.4,Container,PANAMA TRADER,Panama,19,Monday,2026-03-30
241002002,2026-03-30 19:35:00,37.958121,23.642432,0.1,Bulk Carrier,POSEIDON BULK,Greece,19,Monday,2026-03-30
371001001,2026-03-30 19:38:00,37.940328,23.64386,0.1,Container,ISTANBUL BRIDGE,Turkey,19,Monday,2026-03-30
538001002,2026-03-30 19:40:00,37.850146,23.513023,0.3,Bulk Carrier,PACIFIC MARSHAL,Marshall Islands,19,Monday,2026-03-30
241002001,2026-03-30 19:40:00,37.917932,23.571945,0.0,Tanker,ATHENA GLORY,Greece,19,Monday,2026-03-30
356002001,2026-03-30 19:41:00,37.920351,23.552523,0.5,Tanker,BALBOA QUEEN,Panama,19,Monday,2026-03-30
256001002,2026-03-30 19:42:00,37.890118,23.551783,0.6,Ro-Ro,VALLETTA SUN,Malta,19,Monday,2026-03-30
241002003,2026-03-30 19:43:00,37.919505,23.57415,0.4,Ro-Ro,CRETE RUNNER,Greece,19,Monday,2026-03-30
636001001,2026-03-30 19:45:00,37.869027,23.533653,0.8,Tanker,LIBERIA FORTUNE,Liberia,19,Monday,2026-03-30
538001001,2026-03-30 19:45:00,37.874194,23.510088,0.0,Tanker,MARSHALL DAWN,Marshall Islands,19,Monday,2026-03-30
241001003,2026-03-30 19:47:00,37.866558,23.564361,0.5,Container,OLYMPIC CARRIER,Greece,19,Monday,2026-03-30
636001002,2026-03-30 19:47:00,37.895499,23.561759,0.4,Bulk Carrier,MONROVIA STAR,Liberia,19,Monday,2026-03-30
241001002,2026-03-30 19:48:00,37.850957,23.533212,0.3,Container,PIRAEUS EXPRESS,Greece,19,Monday,2026-03-30
477001001,2026-03-30 19:48:00,37.953898,23.637524,0.3,Container,HONG KONG SPIRIT,Hong Kong,19,Monday,2026-03-30
477001002,2026-03-30 19:48:00,37.946995,23.609748,0.3,Tanker,ORIENT WAVE,Hong Kong,19,Monday,2026-03-30
241002005,2026-03-30 19:49:00,37.93702,23.633493,0.4,Container,RHODES CARRIER,Greece,19,Monday,2026-03-30
636002001,2026-03-30 19:49:00,37.894732,23.527808,0.4,Ro-Ro,LIBERIA COAST,Liberia,19,Monday,2026-03-30
215001001,2026-03-30 19:50:00,37.935733,23.621821,0.2,Bulk Carrier,RABAT CARGO,Morocco,19,Monday,2026-03-30
356001002,2026-03-30 19:51:00,37.913508,23.52272,0.9,Bulk Carrier,CANAL BRIDGE,Panama,19,Monday,2026-03-30
241002002,2026-03-30 19:51:00,37.958432,23.642855,0.3,Bulk Carrier,POSEIDON BULK,Greece,19,Monday,2026-03-30
538002001,2026-03-30 19:52:00,37.955995,23.645272,0.1,Container,MAJURO TIDE,Marshall Islands,19,Monday,2026-03-30
209001002,2026-03-30 19:53:00,37.905621,23.550578,0.1,Passenger,LIMASSOL FERRY,Cyprus,19,Monday,2026-03-30
256002001,2026-03-30 19:53:00,37.905567,23.545419,0.6,Bulk Carrier,GOZO SPIRIT,Malta,19,Monday,2026-03-30
371001002,2026-03-30 19:54:00,37.873729,23.555733,0.4,Tanker,BOSPHORUS WIND,Turkey,19,Monday,2026-03-30
247001002,2026-03-30 19:54:00,37.955101,23.626374,0.0,Passenger,NAPOLI STAR,Italy,19,Monday,2026-03-30
538001002,2026-03-30 19:55:00,37.851008,23.512317,0.1,Bulk Carrier,PACIFIC MARSHAL,Marshall Islands,19,Monday,2026-03-30
256001001,2026-03-30 19:55:00,37.848339,23.548387,0.0,Container,MALTA BREEZE,Malta,19,Monday,2026-03-30
356001001,2026-03-30 19:58:00,37.875895,23.53008,0.2,Container,PANAMA TRADER,Panama,19,Monday,2026-03-30
538001001,2026-03-30 20:00:00,37.872102,23.508237,0.2,Tanker,MARSHALL DAWN,Marshall Islands,20,Monday,2026-03-30
371001001,2026-03-30 20:02:00,37.938431,23.64358,0.3,Container,ISTANBUL BRIDGE,Turkey,20,Monday,2026-03-30
241002001,2026-03-30 20:03:00,37.918293,23.569291,0.9,Tanker,ATHENA GLORY,Greece,20,Monday,2026-03-30
241002003,2026-03-30 20:03:00,37.922353,23.572174,0.7,Ro-Ro,CRETE RUNNER,Greece,20,Monday,2026-03-30
356002001,2026-03-30 20:03:00,37.921023,23.554362,0.7,Tanker,BALBOA QUEEN,Panama,20,Monday,2026-03-30
241002005,2026-03-30 20:05:00,37.937935,23.634857,0.4,Container,RHODES CARRIER,Greece,20,Monday,2026-03-30
241001003,2026-03-30 20:06:00,37.864705,23.563672,0.0,Container,OLYMPIC CARRIER,Greece,20,Monday,2026-03-30
636001002,2026-03-30 20:06:00,37.896329,23.562636,0.8,Bulk Carrier,MONROVIA STAR,Liberia,20,Monday,2026-03-30
256001002,2026-03-30 20:07:00,37.890986,23.552522,0.1,Ro-Ro,VALLETTA SUN,Malta,20,Monday,2026-03-30
636002001,2026-03-30 20:07:00,37.895569,23.528986,0.4,Ro-Ro,LIBERIA COAST,Liberia,20,Monday,2026-03-30
636001001,2026-03-30 20:08:00,37.868821,23.534031,0.6,Tanker,LIBERIA FORTUNE,Liberia,20,Monday,2026-03-30
356001002,2026-03-30 20:10:00,37.915212,23.524287,0.7,Bulk Carrier,CANAL BRIDGE,Panama,20,Monday,2026-03-30
477001001,2026-03-30 20:11:00,37.953573,23.638327,0.4,Container,HONG KONG SPIRIT,Hong Kong,20,Monday,2026-03-30
477001002,2026-03-30 20:11:00,37.948798,23.60944,0.4,Tanker,ORIENT WAVE,Hong Kong,20,Monday,2026-03-30
241001002,2026-03-30 20:12:00,37.85242,23.53066,0.6,Container,PIRAEUS EXPRESS,Greece,20,Monday,2026-03-30
538002001,2026-03-30 20:13:00,37.957139,23.646404,0.1,Container,MAJURO TIDE,Marshall Islands,20,Monday,2026-03-30
215001001,2026-03-30 20:13:00,37.935065,23.621334,0.1,Bulk Carrier,RABAT CARGO,Morocco,20,Monday,2026-03-30
247001002,2026-03-30 20:14:00,37.954394,23.626523,0.3,Passenger,NAPOLI STAR,Italy,20,Monday,2026-03-30
241002002,2026-03-30 20:15:00,37.95887,23.643479,0.1,Bulk Carrier,POSEIDON BULK,Greece,20,Monday,2026-03-30
256002001,2026-03-30 20:15:00,37.903669,23.548571,0.7,Bulk Carrier,GOZO SPIRIT,Malta,20,Monday,2026-03-30
538001002,2026-03-30 20:16:00,37.851491,23.511992,0.5,Bulk Carrier,PACIFIC MARSHAL,Marshall Islands,20,Monday,2026-03-30
209001002,2026-03-30 20:18:00,37.907214,23.548344,0.7,Passenger,LIMASSOL FERRY,Cyprus,20,Monday,2026-03-30
371001002,2026-03-30 20:18:00,37.872717,23.555582,0.2,Tanker,BOSPHORUS WIND,Turkey,20,Monday,2026-03-30
356001001,2026-03-30 20:19:00,37.878854,23.530564,0.5,Container,PANAMA TRADER,Panama,20,Monday,2026-03-30
256001001,2026-03-30 20:19:00,37.851558,23.548631,0.2,Container,MALTA BREEZE,Malta,20,Monday,2026-03-30
241002001,2026-03-30 20:19:00,37.917914,23.570914,0.7,Tanker,ATHENA GLORY,Greece,20,Monday,2026-03-30
241002003,2026-03-30 20:21:00,37.919633,23.575507,0.2,Ro-Ro,CRETE RUNNER,Greece,20,Monday,2026-03-30
241002005,2026-03-30 20:23:00,37.936219,23.634006,0.2,Container,RHODES CARRIER,Greece,20,Monday,2026-03-30
636002001,2026-03-30 20:23:00,37.898745,23.538692,3.0,Ro-Ro,LIBERIA COAST,Liberia,20,Monday,2026-03-30
371001001,2026-03-30 20:23:00,37.939997,23.644938,0.2,Container,ISTANBUL BRIDGE,Turkey,20,Monday,2026-03-30
241001003,2026-03-30 20:24:00,37.86362,23.564641,0.7,Container,OLYMPIC CARRIER,Greece,20,Monday,2026-03-30
538001001,2026-03-30 20:24:00,37.873722,23.511215,0.2,Tanker,MARSHALL DAWN,Marshall Islands,20,Monday,2026-03-30
356002001,2026-03-30 20:24:00,37.923896,23.552041,0.3,Tanker,BALBOA QUEEN,Panama,20,Monday,2026-03-30
636001001,2026-03-30 20:26:00,37.869003,23.534866,0.4,Tanker,LIBERIA FORTUNE,Liberia,20,Monday,2026-03-30
636001002,2026-03-30 20:27:00,37.897438,23.562176,0.6,Bulk Carrier,MONROVIA STAR,Liberia,20,Monday,2026-03-30
256001002,2026-03-30 20:27:00,37.889826,23.551007,0.5,Ro-Ro,VALLETTA SUN,Malta,20,Monday,2026-03-30
477001001,2026-03-30 20:28:00,37.952875,23.638632,0.1,Container,HONG KONG SPIRIT,Hong Kong,20,Monday,2026-03-30
538002001,2026-03-30 20:28:00,37.957182,23.645577,0.3,Container,MAJURO TIDE,Marshall Islands,20,Monday,2026-03-30
241001002,2026-03-30 20:29:00,37.85196,23.533239,0.8,Container,PIRAEUS EXPRESS,Greece,20,Monday,2026-03-30
256002001,2026-03-30 20:30:00,37.906296,23.54737,0.3,Bulk Carrier,GOZO SPIRIT,Malta,20,Monday,2026-03-30
241002002,2026-03-30 20:31:00,37.957999,23.642248,0.1,Bulk Carrier,POSEIDON BULK,Greece,20,Monday,2026-03-30
356001002,2026-03-30 20:32:00,37.913787,23.525261,0.3,Bulk Carrier,CANAL BRIDGE,Panama,20,Monday,2026-03-30
477001002,2026-03-30 20:33:00,37.948437,23.609923,0.3,Tanker,ORIENT WAVE,Hong Kong,20,Monday,2026-03-30
538001002,2026-03-30 20:35:00,37.849276,23.513519,0.2,Bulk Carrier,PACIFIC MARSHAL,Marshall Islands,20,Monday,2026-03-30
241002001,2026-03-30 20:36:00,37.917755,23.571034,0.5,Tanker,ATHENA GLORY,Greece,20,Monday,2026-03-30
636002001,2026-03-30 20:37:00,37.903251,23.547104,1.7,Ro-Ro,LIBERIA COAST,Liberia,20,Monday,2026-03-30
247001002,2026-03-30 20:37:00,37.954785,23.627073,0.4,Passenger,NAPOLI STAR,Italy,20,Monday,2026-03-30
215001001,2026-03-30 20:37:00,37.935032,23.622899,0.1,Bulk Carrier,RABAT CARGO,Morocco,20,Monday,2026-03-30
356001001,2026-03-30 20:39:00,37.876877,23.529565,0.1,Container,PANAMA TRADER,Panama,20,Monday,2026-03-30
256001001,2026-03-30 20:39:00,37.848535,23.550877,0.0,Container,MALTA BREEZE,Malta,20,Monday,2026-03-30
241002003,2026-03-30 20:39:00,37.919661,23.575292,0.3,Ro-Ro,CRETE RUNNER,Greece,20,Monday,2026-03-30
371001002,2026-03-30 20:39:00,37.875527,23.557425,0.5,Tanker,BOSPHORUS WIND,Turkey,20,Monday,2026-03-30
538001001,2026-03-30 20:40:00,37.872947,23.510842,0.3,Tanker,MARSHALL DAWN,Marshall Islands,20,Monday,2026-03-30
636001001,2026-03-30 20:43:00,37.868581,23.536251,0.7,Tanker,LIBERIA FORTUNE,Liberia,20,Monday,2026-03-30
209001002,2026-03-30 20:43:00,37.906817,23.549553,0.6,Passenger,LIMASSOL FERRY,Cyprus,20,Monday,2026-03-30
356002001,2026-03-30 20:43:00,37.922416,23.552341,0.7,Tanker,BALBOA QUEEN,Panama,20,Monday,2026-03-30
241001002,2026-03-30 20:44:00,37.852415,23.532843,0.1,Container,PIRAEUS EXPRESS,Greece,20,Monday,2026-03-30
636001002,2026-03-30 20:45:00,37.896815,23.560186,0.4,Bulk Carrier,MONROVIA STAR,Liberia,20,Monday,2026-03-30
477001001,2026-03-30 20:46:00,37.953724,23.638862,0.2,Container,HONG KONG SPIRIT,Hong Kong,20,Monday,2026-03-30
241002002,2026-03-30 20:46:00,37.958419,23.642379,0.2,Bulk Carrier,POSEIDON BULK,Greece,20,Monday,2026-03-30
371001001,2026-03-30 20:46:00,37.940364,23.644089,0.0,Container,ISTANBUL BRIDGE,Turkey,20,Monday,2026-03-30
241001003,2026-03-30 20:47:00,37.865802,23.56214,0.7,Container,OLYMPIC CARRIER,Greece,20,Monday,2026-03-30
241002005,2026-03-30 20:47:00,37.937495,23.634273,0.2,Container,RHODES CARRIER,Greece,20,Monday,2026-03-30
636002001,2026-03-30 20:48:00,37.907306,23.554675,1.7,Ro-Ro,LIBERIA COAST,Liberia,20,Monday,2026-03-30
477001002,2026-03-30 20:49:00,37.946906,23.609703,0.2,Tanker,ORIENT WAVE,Hong Kong,20,Monday,2026-03-30
356001002,2026-03-30 20:51:00,37.914686,23.523699,0.3,Bulk Carrier,CANAL BRIDGE,Panama,20,Monday,2026-03-30
538002001,2026-03-30 20:51:00,37.956642,23.644838,0.2,Container,MAJURO TIDE,Marshall Islands,20,Monday,2026-03-30
256001002,2026-03-30 20:52:00,37.892771,23.552752,0.7,Ro-Ro,VALLETTA SUN,Malta,20,Monday,2026-03-30
247001002,2026-03-30 20:52:00,37.954441,23.626917,0.4,Passenger,NAPOLI STAR,Italy,20,Monday,2026-03-30
636002001,2026-03-30 20:55:00,37.910955,23.561488,3.8,Ro-Ro,LIBERIA COAST,Liberia,20,Monday,2026-03-30
256002001,2026-03-30 20:55:00,37.90658,23.545738,0.4,Bulk Carrier,GOZO SPIRIT,Malta,20,Monday,2026-03-30
538001002,2026-03-30 20:56:00,37.851584,23.511869,0.4,Bulk Carrier,PACIFIC MARSHAL,Marshall Islands,20,Monday,2026-03-30
241002003,2026-03-30 20:56:00,37.922743,23.573944,0.4,Ro-Ro,CRETE RUNNER,Greece,20,Monday,2026-03-30
636001001,2026-03-30 20:58:00,37.870085,23.534322,0.0,Tanker,LIBERIA FORTUNE,Liberia,20,Monday,2026-03-30
256001001,2026-03-30 20:58:00,37.849344,23.548534,0.9,Container,MALTA BREEZE,Malta,20,Monday,2026-03-30
371001002,2026-03-30 20:58:00,37.875901,23.556722,0.6,Tanker,BOSPHORUS WIND,Turkey,20,Monday,2026-03-30
215001001,2026-03-30 20:58:00,37.935825,23.623197,0.1,Bulk Carrier,RABAT CARGO,Morocco,20,Monday,2026-03-30
241002001,2026-03-30 20:59:00,37.916826,23.56917,0.3,Tanker,ATHENA GLORY,Greece,20,Monday,2026-03-30
356001001,2026-03-30 21:01:00,37.877269,23.531141,0.5,Container,PANAMA TRADER,Panama,21,Monday,2026-03-30
636001002,2026-03-30 21:03:00,37.897162,23.562742,0.4,Bulk Carrier,MONROVIA STAR,Liberia,21,Monday,2026-03-30
209001002,2026-03-30 21:03:00,37.903355,23.547786,0.7,Passenger,LIMASSOL FERRY,Cyprus,21,Monday,2026-03-30
636002001,2026-03-30 21:03:00,37.914239,23.56762,3.3,Ro-Ro,LIBERIA COAST,Liberia,21,Monday,2026-03-30
356002001,2026-03-30 21:04:00,37.921318,23.553961,0.5,Tanker,BALBOA QUEEN,Panama,21,Monday,2026-03-30
241001002,2026-03-30 21:05:00,37.852173,23.532956,0.6,Container,PIRAEUS EXPRESS,Greece,21,Monday,2026-03-30
477001001,2026-03-30 21:05:00,37.953392,23.638939,0.3,Container,HONG KONG SPIRIT,Hong Kong,21,Monday,2026-03-30
538001001,2026-03-30 21:05:00,37.872294,23.508604,0.3,Tanker,MARSHALL DAWN,Marshall Islands,21,Monday,2026-03-30
241001003,2026-03-30 21:06:00,37.863712,23.56529,0.2,Container,OLYMPIC CARRIER,Greece,21,Monday,2026-03-30
241002005,2026-03-30 21:06:00,37.93718,23.635218,0.2,Container,RHODES CARRIER,Greece,21,Monday,2026-03-30
241002002,2026-03-30 21:08:00,37.959103,23.642158,0.1,Bulk Carrier,POSEIDON BULK,Greece,21,Monday,2026-03-30
538002001,2026-03-30 21:10:00,37.956935,23.6459,0.0,Container,MAJURO TIDE,Marshall Islands,21,Monday,2026-03-30
371001001,2026-03-30 21:10:00,37.938449,23.64435,0.2,Container,ISTANBUL BRIDGE,Turkey,21,Monday,2026-03-30
247001002,2026-03-30 21:11:00,37.954036,23.626484,0.3,Passenger,NAPOLI STAR,Italy,21,Monday,2026-03-30
356001002,2026-03-30 21:12:00,37.91621,23.524744,0.7,Bulk Carrier,CANAL BRIDGE,Panama,21,Monday,2026-03-30
256001002,2026-03-30 21:12:00,37.892877,23.550543,0.4,Ro-Ro,VALLETTA SUN,Malta,21,Monday,2026-03-30
477001002,2026-03-30 21:13:00,37.948369,23.609787,0.3,Tanker,ORIENT WAVE,Hong Kong,21,Monday,2026-03-30
636002001,2026-03-30 21:14:00,37.917196,23.573139,3.0,Ro-Ro,LIBERIA COAST,Liberia,21,Monday,2026-03-30
256002001,2026-03-30 21:14:00,37.905749,23.54849,0.7,Bulk Carrier,GOZO SPIRIT,Malta,21,Monday,2026-03-30
215001001,2026-03-30 21:14:00,37.93582,23.623236,0.2,Bulk Carrier,RABAT CARGO,Morocco,21,Monday,2026-03-30
371001002,2026-03-30 21:17:00,37.873431,23.55721,0.3,Tanker,BOSPHORUS WIND,Turkey,21,Monday,2026-03-30
241002003,2026-03-30 21:18:00,37.920637,23.573878,0.1,Ro-Ro,CRETE RUNNER,Greece,21,Monday,2026-03-30
241002001,2026-03-30 21:19:00,37.916683,23.572277,0.5,Tanker,ATHENA GLORY,Greece,21,Monday,2026-03-30
636001001,2026-03-30 21:20:00,37.869826,23.532599,0.7,Tanker,LIBERIA FORTUNE,Liberia,21,Monday,2026-03-30
356001001,2026-03-30 21:21:00,37.878472,23.532028,0.4,Container,PANAMA TRADER,Panama,21,Monday,2026-03-30
538001002,2026-03-30 21:21:00,37.849663,23.512252,0.5,Bulk Carrier,PACIFIC MARSHAL,Marshall Islands,21,Monday,2026-03-30
256001001,2026-03-30 21:21:00,37.850405,23.549912,0.7,Container,MALTA BREEZE,Malta,21,Monday,2026-03-30
241002005,2026-03-30 21:23:00,37.93673,23.633384,0.3,Container,RHODES CARRIER,Greece,21,Monday,2026-03-30
241001002,2026-03-30 21:24:00,37.851522,23.531243,0.1,Container,PIRAEUS EXPRESS,Greece,21,Monday,2026-03-30
538002001,2026-03-30 21:25:00,37.955919,23.646092,0.1,Container,MAJURO TIDE,Marshall Islands,21,Monday,2026-03-30
209001002,2026-03-30 21:26:00,37.90391,23.548283,0.5,Passenger,LIMASSOL FERRY,Cyprus,21,Monday,2026-03-30
477001001,2026-03-30 21:27:00,37.953881,23.638196,0.2,Container,HONG KONG SPIRIT,Hong Kong,21,Monday,2026-03-30
636001002,2026-03-30 21:27:00,37.896845,23.560182,0.6,Bulk Carrier,MONROVIA STAR,Liberia,21,Monday,2026-03-30
241001003,2026-03-30 21:28:00,37.864071,23.564456,0.1,Container,OLYMPIC CARRIER,Greece,21,Monday,2026-03-30
247001002,2026-03-30 21:28:00,37.95386,23.626987,0.2,Passenger,NAPOLI STAR,Italy,21,Monday,2026-03-30
256001002,2026-03-30 21:29:00,37.89269,23.553207,0.6,Ro-Ro,VALLETTA SUN,Malta,21,Monday,2026-03-30
356002001,2026-03-30 21:29:00,37.921028,23.553313,0.6,Tanker,BALBOA QUEEN,Panama,21,Monday,2026-03-30
636002001,2026-03-30 21:29:00,37.919856,23.578106,1.4,Ro-Ro,LIBERIA COAST,Liberia,21,Monday,2026-03-30
538001001,2026-03-30 21:30:00,37.875781,23.509468,0.3,Tanker,MARSHALL DAWN,Marshall Islands,21,Monday,2026-03-30
371001001,2026-03-30 21:30:00,37.939369,23.644492,0.3,Container,ISTANBUL BRIDGE,Turkey,21,Monday,2026-03-30
356001002,2026-03-30 21:31:00,37.916213,23.521842,0.0,Bulk Carrier,CANAL BRIDGE,Panama,21,Monday,2026-03-30
256002001,2026-03-30 21:31:00,37.906056,23.545892,0.3,Bulk Carrier,GOZO SPIRIT,Malta,21,Monday,2026-03-30
241002002,2026-03-30 21:32:00,37.957922,23.642038,0.1,Bulk Carrier,POSEIDON BULK,Greece,21,Monday,2026-03-30
477001002,2026-03-30 21:33:00,37.947877,23.610847,0.2,Tanker,ORIENT WAVE,Hong Kong,21,Monday,2026-03-30
371001002,2026-03-30 21:35:00,37.873401,23.55734,0.3,Tanker,BOSPHORUS WIND,Turkey,21,Monday,2026-03-30
215001001,2026-03-30 21:36:00,37.935084,23.622101,0.0,Bulk Carrier,RABAT CARGO,Morocco,21,Monday,2026-03-30
256001001,2026-03-30 21:37:00,37.850266,23.547948,0.1,Container,MALTA BREEZE,Malta,21,Monday,2026-03-30
241002003,2026-03-30 21:37:00,37.921671,23.575175,0.4,Ro-Ro,CRETE RUNNER,Greece,21,Monday,2026-03-30
538001002,2026-03-30 21:38:00,37.848925,23.510936,0.3,Bulk Carrier,PACIFIC MARSHAL,Marshall Islands,21,Monday,2026-03-30
636002001,2026-03-30 21:38:00,37.92225,23.582577,3.4,Ro-Ro,LIBERIA COAST,Liberia,21,Monday,2026-03-30
241001002,2026-03-30 21:39:00,37.849607,23.532979,0.7,Container,PIRAEUS EXPRESS,Greece,21,Monday,2026-03-30
241002001,2026-03-30 21:41:00,37.916354,23.572139,0.2,Tanker,ATHENA GLORY,Greece,21,Monday,2026-03-30
636001001,2026-03-30 21:42:00,37.867672,23.533413,0.3,Tanker,LIBERIA FORTUNE,Liberia,21,Monday,2026-03-30
241001003,2026-03-30 21:43:00,37.864557,23.565853,0.0,Container,OLYMPIC CARRIER,Greece,21,Monday,2026-03-30
477001001,2026-03-30 21:44:00,37.953392,23.639326,0.3,Container,HONG KONG SPIRIT,Hong Kong,21,Monday,2026-03-30
356001001,2026-03-30 21:45:00,37.876663,23.532302,0.9,Container,PANAMA TRADER,Panama,21,Monday,2026-03-30
247001002,2026-03-30 21:45:00,37.955119,23.626366,0.1,Passenger,NAPOLI STAR,Italy,21,Monday,2026-03-30
538001001,2026-03-30 21:46:00,37.873801,23.509822,0.7,Tanker,MARSHALL DAWN,Marshall Islands,21,Monday,2026-03-30
256001002,2026-03-30 21:47:00,37.890853,23.551583,0.1,Ro-Ro,VALLETTA SUN,Malta,21,Monday,2026-03-30
241002005,2026-03-30 21:47:00,37.936215,23.634938,0.3,Container,RHODES CARRIER,Greece,21,Monday,2026-03-30
356002001,2026-03-30 21:47:00,37.92037,23.553915,0.2,Tanker,BALBOA QUEEN,Panama,21,Monday,2026-03-30
636002001,2026-03-30 21:48:00,37.924405,23.5866,1.9,Ro-Ro,LIBERIA COAST,Liberia,21,Monday,2026-03-30
256002001,2026-03-30 21:49:00,37.90427,23.545713,0.7,Bulk Carrier,GOZO SPIRIT,Malta,21,Monday,2026-03-30
538002001,2026-03-30 21:50:00,37.957309,23.646277,0.2,Container,MAJURO TIDE,Marshall Islands,21,Monday,2026-03-30
477001002,2026-03-30 21:51:00,37.947983,23.610894,0.3,Tanker,ORIENT WAVE,Hong Kong,21,Monday,2026-03-30
209001002,2026-03-30 21:51:00,37.905501,23.54982,0.2,Passenger,LIMASSOL FERRY,Cyprus,21,Monday,2026-03-30
241002002,2026-03-30 21:51:00,37.958786,23.643582,0.3,Bulk Carrier,POSEIDON BULK,Greece,21,Monday,2026-03-30
636001002,2026-03-30 21:52:00,37.894382,23.56012,0.0,Bulk Carrier,MONROVIA STAR,Liberia,21,Monday,2026-03-30
371001002,2026-03-30 21:52:00,37.875283,23.556318,0.3,Tanker,BOSPHORUS WIND,Turkey,21,Monday,2026-03-30
356001002,2026-03-30 21:53:00,37.915381,23.522382,0.6,Bulk Carrier,CANAL BRIDGE,Panama,21,Monday,2026-03-30
538001002,2026-03-30 21:54:00,37.849274,23.511318,0.0,Bulk Carrier,PACIFIC MARSHAL,Marshall Islands,21,Monday,2026-03-30
241002003,2026-03-30 21:54:00,37.922248,23.572312,0.3,Ro-Ro,CRETE RUNNER,Greece,21,Monday,2026-03-30
636002001,2026-03-30 21:54:00,37.926345,23.590221,2.2,Ro-Ro,LIBERIA COAST,Liberia,21,Monday,2026-03-30
215001001,2026-03-30 21:54:00,37.934923,23.621635,0.2,Bulk Carrier,RABAT CARGO,Morocco,21,Monday,2026-03-30
256001001,2026-03-30 21:55:00,37.85181,23.548579,0.6,Container,MALTA BREEZE,Malta,21,Monday,2026-03-30
371001001,2026-03-30 21:55:00,37.938536,23.643526,0.0,Container,ISTANBUL BRIDGE,Turkey,21,Monday,2026-03-30
356001001,2026-03-30 22:00:00,37.878115,23.529835,0.1,Container,PANAMA TRADER,Panama,22,Monday,2026-03-30
241001002,2026-03-30 22:01:00,37.851999,23.533198,0.3,Container,PIRAEUS EXPRESS,Greece,22,Monday,2026-03-30
538001001,2026-03-30 22:02:00,37.873865,23.509266,0.1,Tanker,MARSHALL DAWN,Marshall Islands,22,Monday,2026-03-30
636001001,2026-03-30 22:05:00,37.868921,23.533913,0.2,Tanker,LIBERIA FORTUNE,Liberia,22,Monday,2026-03-30
241002001,2026-03-30 22:05:00,37.915579,23.572034,0.6,Tanker,ATHENA GLORY,Greece,22,Monday,2026-03-30
538002001,2026-03-30 22:06:00,37.956681,23.645931,0.0,Container,MAJURO TIDE,Marshall Islands,22,Monday,2026-03-30
241001003,2026-03-30 22:07:00,37.866542,23.564115,0.2,Container,OLYMPIC CARRIER,Greece,22,Monday,2026-03-30
477001001,2026-03-30 22:07:00,37.954329,23.63854,0.4,Container,HONG KONG SPIRIT,Hong Kong,22,Monday,2026-03-30
636002001,2026-03-30 22:07:00,37.92809,23.59348,3.9,Ro-Ro,LIBERIA COAST,Liberia,22,Monday,2026-03-30
247001002,2026-03-30 22:07:00,37.95367,23.628129,0.1,Passenger,NAPOLI STAR,Italy,22,Monday,2026-03-30
477001002,2026-03-30 22:08:00,37.94771,23.609768,0.0,Tanker,ORIENT WAVE,Hong Kong,22,Monday,2026-03-30
256001002,2026-03-30 22:08:00,37.89292,23.550907,0.9,Ro-Ro,VALLETTA SUN,Malta,22,Monday,2026-03-30
241002005,2026-03-30 22:08:00,37.936517,23.633744,0.4,Container,RHODES CARRIER,Greece,22,Monday,2026-03-30
356002001,2026-03-30 22:12:00,37.920761,23.554778,0.4,Tanker,BALBOA QUEEN,Panama,22,Monday,2026-03-30
215001001,2026-03-30 22:12:00,37.934598,23.62263,0.1,Bulk Carrier,RABAT CARGO,Morocco,22,Monday,2026-03-30
241002002,2026-03-30 22:14:00,37.959631,23.642739,0.3,Bulk Carrier,POSEIDON BULK,Greece,22,Monday,2026-03-30
256002001,2026-03-30 22:14:00,37.905263,23.54816,0.6,Bulk Carrier,GOZO SPIRIT,Malta,22,Monday,2026-03-30
371001002,2026-03-30 22:15:00,37.872359,23.557178,0.5,Tanker,BOSPHORUS WIND,Turkey,22,Monday,2026-03-30
356001002,2026-03-30 22:16:00,37.91464,23.522612,0.2,Bulk Carrier,CANAL BRIDGE,Panama,22,Monday,2026-03-30
636001002,2026-03-30 22:16:00,37.894274,23.560426,0.3,Bulk Carrier,MONROVIA STAR,Liberia,22,Monday,2026-03-30
538001002,2026-03-30 22:16:00,37.851784,23.51191,0.3,Bulk Carrier,PACIFIC MARSHAL,Marshall Islands,22,Monday,2026-03-30
209001002,2026-03-30 22:16:00,37.904704,23.549914,0.4,Passenger,LIMASSOL FERRY,Cyprus,22,Monday,2026-03-30
538001001,2026-03-30 22:17:00,37.875551,23.508654,0.0,Tanker,MARSHALL DAWN,Marshall Islands,22,Monday,2026-03-30
256001001,2026-03-30 22:18:00,37.850854,23.551589,0.0,Container,MALTA BREEZE,Malta,22,Monday,2026-03-30
371001001,2026-03-30 22:18:00,37.939449,23.644939,0.3,Container,ISTANBUL BRIDGE,Turkey,22,Monday,2026-03-30
241001002,2026-03-30 22:19:00,37.84949,23.531026,0.0,Container,PIRAEUS EXPRESS,Greece,22,Monday,2026-03-30
241002003,2026-03-30 22:19:00,37.921368,23.573967,0.8,Ro-Ro,CRETE RUNNER,Greece,22,Monday,2026-03-30
636002001,2026-03-30 22:21:00,37.929661,23.596413,2.5,Ro-Ro,LIBERIA COAST,Liberia,22,Monday,2026-03-30
477001001,2026-03-30 22:23:00,37.953751,23.639021,0.4,Container,HONG KONG SPIRIT,Hong Kong,22,Monday,2026-03-30
636001001,2026-03-30 22:23:00,37.868125,23.534592,0.1,Tanker,LIBERIA FORTUNE,Liberia,22,Monday,2026-03-30
256001002,2026-03-30 22:23:00,37.891971,23.552516,0.8,Ro-Ro,VALLETTA SUN,Malta,22,Monday,2026-03-30
241002005,2026-03-30 22:23:00,37.937457,23.633861,0.4,Container,RHODES CARRIER,Greece,22,Monday,2026-03-30
356001001,2026-03-30 22:25:00,37.883708,23.537015,3.0,Container,PANAMA TRADER,Panama,22,Monday,2026-03-30
247001002,2026-03-30 22:25:00,37.954983,23.627508,0.4,Passenger,NAPOLI STAR,Italy,22,Monday,2026-03-30
241002001,2026-03-30 22:27:00,37.916334,23.569678,0.8,Tanker,ATHENA GLORY,Greece,22,Monday,2026-03-30
538002001,2026-03-30 22:27:00,37.957157,23.645607,0.0,Container,MAJURO TIDE,Marshall Islands,22,Monday,2026-03-30
477001002,2026-03-30 22:28:00,37.948277,23.609321,0.3,Tanker,ORIENT WAVE,Hong Kong,22,Monday,2026-03-30
636002001,2026-03-30 22:29:00,37.931075,23.599053,3.7,Ro-Ro,LIBERIA COAST,Liberia,22,Monday,2026-03-30
241001003,2026-03-30 22:31:00,37.866702,23.563212,0.2,Container,OLYMPIC CARRIER,Greece,22,Monday,2026-03-30
538001002,2026-03-30 22:31:00,37.849251,23.514656,0.0,Bulk Carrier,PACIFIC MARSHAL,Marshall Islands,22,Monday,2026-03-30
356001002,2026-03-30 22:32:00,37.914739,23.522496,0.6,Bulk Carrier,CANAL BRIDGE,Panama,22,Monday,2026-03-30
636001002,2026-03-30 22:32:00,37.896916,23.563262,0.5,Bulk Carrier,MONROVIA STAR,Liberia,22,Monday,2026-03-30
256002001,2026-03-30 22:32:00,37.9048,23.548081,0.7,Bulk Carrier,GOZO SPIRIT,Malta,22,Monday,2026-03-30
241002002,2026-03-30 22:33:00,37.958987,23.643564,0.4,Bulk Carrier,POSEIDON BULK,Greece,22,Monday,2026-03-30
356002001,2026-03-30 22:33:00,37.922134,23.554425,0.1,Tanker,BALBOA QUEEN,Panama,22,Monday,2026-03-30
215001001,2026-03-30 22:33:00,37.935791,23.622061,0.2,Bulk Carrier,RABAT CARGO,Morocco,22,Monday,2026-03-30
371001001,2026-03-30 22:34:00,37.939322,23.644642,0.2,Container,ISTANBUL BRIDGE,Turkey,22,Monday,2026-03-30
241001002,2026-03-30 22:35:00,37.849833,23.532279,0.8,Container,PIRAEUS EXPRESS,Greece,22,Monday,2026-03-30
356001001,2026-03-30 22:37:00,37.889238,23.542985,1.1,Container,PANAMA TRADER,Panama,22,Monday,2026-03-30
371001002,2026-03-30 22:38:00,37.874114,23.553927,0.6,Tanker,BOSPHORUS WIND,Turkey,22,Monday,2026-03-30
636001001,2026-03-30 22:39:00,37.868136,23.532775,0.7,Tanker,LIBERIA FORTUNE,Liberia,22,Monday,2026-03-30
538001001,2026-03-30 22:39:00,37.87249,23.508821,0.3,Tanker,MARSHALL DAWN,Marshall Islands,22,Monday,2026-03-30
256001002,2026-03-30 22:39:00,37.890176,23.552814,0.9,Ro-Ro,VALLETTA SUN,Malta,22,Monday,2026-03-30
241002003,2026-03-30 22:40:00,37.919751,23.571627,0.4,Ro-Ro,CRETE RUNNER,Greece,22,Monday,2026-03-30
256001001,2026-03-30 22:41:00,37.849852,23.550685,0.8,Container,MALTA BREEZE,Malta,22,Monday,2026-03-30
209001002,2026-03-30 22:41:00,37.904112,23.547873,0.3,Passenger,LIMASSOL FERRY,Cyprus,22,Monday,2026-03-30
636002001,2026-03-30 22:41:00,37.932348,23.601428,1.0,Ro-Ro,LIBERIA COAST,Liberia,22,Monday,2026-03-30
356001001,2026-03-30 22:43:00,37.894214,23.548358,1.7,Container,PANAMA TRADER,Panama,22,Monday,2026-03-30
477001001,2026-03-30 22:44:00,37.953676,23.637628,0.1,Container,HONG KONG SPIRIT,Hong Kong,22,Monday,2026-03-30
538002001,2026-03-30 22:44:00,37.956848,23.645306,0.0,Container,MAJURO TIDE,Marshall Islands,22,Monday,2026-03-30
636002001,2026-03-30 22:47:00,37.933493,23.603567,2.3,Ro-Ro,LIBERIA COAST,Liberia,22,Monday,2026-03-30
247001002,2026-03-30 22:47:00,37.954288,23.627394,0.3,Passenger,NAPOLI STAR,Italy,22,Monday,2026-03-30
241001003,2026-03-30 22:48:00,37.865607,23.563007,0.6,Container,OLYMPIC CARRIER,Greece,22,Monday,2026-03-30
477001002,2026-03-30 22:48:00,37.948205,23.611,0.0,Tanker,ORIENT WAVE,Hong Kong,22,Monday,2026-03-30
241002001,2026-03-30 22:48:00,37.918492,23.56995,0.5,Tanker,ATHENA GLORY,Greece,22,Monday,2026-03-30
241002005,2026-03-30 22:48:00,37.936373,23.633869,0.1,Container,RHODES CARRIER,Greece,22,Monday,2026-03-30
215001001,2026-03-30 22:51:00,37.936287,23.622105,0.1,Bulk Carrier,RABAT CARGO,Morocco,22,Monday,2026-03-30
256002001,2026-03-30 22:52:00,37.910355,23.555939,1.8,Bulk Carrier,GOZO SPIRIT,Malta,22,Monday,2026-03-30
371001001,2026-03-30 22:52:00,37.939919,23.644204,0.3,Container,ISTANBUL BRIDGE,Turkey,22,Monday,2026-03-30
636001002,2026-03-30 22:53:00,37.896102,23.562385,0.5,Bulk Carrier,MONROVIA STAR,Liberia,22,Monday,2026-03-30
241002002,2026-03-30 22:54:00,37.959732,23.642988,0.3,Bulk Carrier,POSEIDON BULK,Greece,22,Monday,2026-03-30
241001002,2026-03-30 22:56:00,37.852092,23.531038,0.5,Container,PIRAEUS EXPRESS,Greece,22,Monday,2026-03-30
538001002,2026-03-30 22:56:00,37.84975,23.5133,0.7,Bulk Carrier,PACIFIC MARSHAL,Marshall Islands,22,Monday,2026-03-30
256001002,2026-03-30 22:56:00,37.891855,23.552411,0.0,Ro-Ro,VALLETTA SUN,Malta,22,Monday,2026-03-30
209001002,2026-03-30 22:56:00,37.904883,23.549543,0.4,Passenger,LIMASSOL FERRY,Cyprus,22,Monday,2026-03-30
356002001,2026-03-30 22:56:00,37.922878,23.553522,0.7,Tanker,BALBOA QUEEN,Panama,22,Monday,2026-03-30
356001002,2026-03-30 22:57:00,37.913295,23.522457,0.8,Bulk Carrier,CANAL BRIDGE,Panama,22,Monday,2026-03-30
256002001,2026-03-30 22:57:00,37.914788,23.563693,3.3,Bulk Carrier,GOZO SPIRIT,Malta,22,Monday,2026-03-30
356001001,2026-03-30 22:58:00,37.898692,23.553193,2.1,Container,PANAMA TRADER,Panama,22,Monday,2026-03-30
256001001,2026-03-30 22:58:00,37.851784,23.548615,0.4,Container,MALTA BREEZE,Malta,22,Monday,2026-03-30
538001001,2026-03-30 22:59:00,37.873071,23.511418,0.3,Tanker,MARSHALL DAWN,Marshall Islands,22,Monday,2026-03-30
636002001,2026-03-30 23:00:00,37.934524,23.605491,3.1,Ro-Ro,LIBERIA COAST,Liberia,23,Monday,2026-03-30
477001001,2026-03-30 23:01:00,37.953426,23.638238,0.0,Container,HONG KONG SPIRIT,Hong Kong,23,Monday,2026-03-30
636001001,2026-03-30 23:01:00,37.866419,23.533914,0.6,Tanker,LIBERIA FORTUNE,Liberia,23,Monday,2026-03-30
371001002,2026-03-30 23:02:00,37.873366,23.556317,0.2,Tanker,BOSPHORUS WIND,Turkey,23,Monday,2026-03-30
241002003,2026-03-30 23:03:00,37.921871,23.57216,0.6,Ro-Ro,CRETE RUNNER,Greece,23,Monday,2026-03-30
241002005,2026-03-30 23:04:00,37.937514,23.635064,0.1,Container,RHODES CARRIER,Greece,23,Monday,2026-03-30
256002001,2026-03-30 23:04:00,37.918778,23.570671,2.6,Bulk Carrier,GOZO SPIRIT,Malta,23,Monday,2026-03-30
241001003,2026-03-30 23:05:00,37.865384,23.565092,0.8,Container,OLYMPIC CARRIER,Greece,23,Monday,2026-03-30
477001002,2026-03-30 23:07:00,37.94795,23.609778,0.0,Tanker,ORIENT WAVE,Hong Kong,23,Monday,2026-03-30
247001002,2026-03-30 23:07:00,37.954982,23.628171,0.3,Passenger,NAPOLI STAR,Italy,23,Monday,2026-03-30
538002001,2026-03-30 23:08:00,37.957242,23.645374,0.3,Container,MAJURO TIDE,Marshall Islands,23,Monday,2026-03-30
356001001,2026-03-30 23:09:00,37.902723,23.557545,3.8,Container,PANAMA TRADER,Panama,23,Monday,2026-03-30
256002001,2026-03-30 23:09:00,37.922368,23.576952,1.7,Bulk Carrier,GOZO SPIRIT,Malta,23,Monday,2026-03-30
241001002,2026-03-30 23:11:00,37.852599,23.530427,0.1,Container,PIRAEUS EXPRESS,Greece,23,Monday,2026-03-30
241002001,2026-03-30 23:11:00,37.917756,23.569634,0.1,Tanker,ATHENA GLORY,Greece,23,Monday,2026-03-30
371001001,2026-03-30 23:11:00,37.940164,23.645331,0.2,Container,ISTANBUL BRIDGE,Turkey,23,Monday,2026-03-30
538001002,2026-03-30 23:12:00,37.849363,23.514328,0.6,Bulk Carrier,PACIFIC MARSHAL,Marshall Islands,23,Monday,2026-03-30
636002001,2026-03-30 23:12:00,37.935451,23.607223,3.2,Ro-Ro,LIBERIA COAST,Liberia,23,Monday,2026-03-30
356001002,2026-03-30 23:13:00,37.915261,23.521928,0.4,Bulk Carrier,CANAL BRIDGE,Panama,23,Monday,2026-03-30
256001002,2026-03-30 23:13:00,37.890855,23.553798,0.1,Ro-Ro,VALLETTA SUN,Malta,23,Monday,2026-03-30
209001002,2026-03-30 23:13:00,37.905486,23.547522,0.4,Passenger,LIMASSOL FERRY,Cyprus,23,Monday,2026-03-30
215001001,2026-03-30 23:13:00,37.93607,23.622057,0.2,Bulk Carrier,RABAT CARGO,Morocco,23,Monday,2026-03-30
356001001,2026-03-30 23:14:00,37.906351,23.561462,2.8,Container,PANAMA TRADER,Panama,23,Monday,2026-03-30
241002002,2026-03-30 23:14:00,37.95931,23.642976,0.1,Bulk Carrier,POSEIDON BULK,Greece,23,Monday,2026-03-30
636001001,2026-03-30 23:16:00,37.866349,23.532664,0.4,Tanker,LIBERIA FORTUNE,Liberia,23,Monday,2026-03-30
636001002,2026-03-30 23:17:00,37.897112,23.56024,0.0,Bulk Carrier,MONROVIA STAR,Liberia,23,Monday,2026-03-30
356002001,2026-03-30 23:17:00,37.923874,23.553493,0.4,Tanker,BALBOA QUEEN,Panama,23,Monday,2026-03-30
256001001,2026-03-30 23:18:00,37.849649,23.549949,0.9,Container,MALTA BREEZE,Malta,23,Monday,2026-03-30
636002001,2026-03-30 23:19:00,37.936286,23.608782,3.6,Ro-Ro,LIBERIA COAST,Liberia,23,Monday,2026-03-30
256002001,2026-03-30 23:19:00,37.9256,23.582604,2.7,Bulk Carrier,GOZO SPIRIT,Malta,23,Monday,2026-03-30
241001003,2026-03-30 23:21:00,37.863326,23.561957,0.5,Container,OLYMPIC CARRIER,Greece,23,Monday,2026-03-30
538001001,2026-03-30 23:22:00,37.87211,23.508465,0.2,Tanker,MARSHALL DAWN,Marshall Islands,23,Monday,2026-03-30
538002001,2026-03-30 23:23:00,37.95659,23.644723,0.1,Container,MAJURO TIDE,Marshall Islands,23,Monday,2026-03-30
477001001,2026-03-30 23:25:00,37.954283,23.639318,0.3,Container,HONG KONG SPIRIT,Hong Kong,23,Monday,2026-03-30
371001002,2026-03-30 23:25:00,37.872869,23.554585,0.7,Tanker,BOSPHORUS WIND,Turkey,23,Monday,2026-03-30
241002003,2026-03-30 23:27:00,37.919452,23.574491,0.6,Ro-Ro,CRETE RUNNER,Greece,23,Monday,2026-03-30
241002005,2026-03-30 23:27:00,37.937876,23.633689,0.1,Container,RHODES CARRIER,Greece,23,Monday,2026-03-30
256002001,2026-03-30 23:28:00,37.928508,23.587691,1.9,Bulk Carrier,GOZO SPIRIT,Malta,23,Monday,2026-03-30
371001001,2026-03-30 23:28:00,37.938531,23.644638,0.3,Container,ISTANBUL BRIDGE,Turkey,23,Monday,2026-03-30
356001001,2026-03-30 23:29:00,37.909616,23.564987,2.3,Container,PANAMA TRADER,Panama,23,Monday,2026-03-30
477001002,2026-03-30 23:29:00,37.948835,23.609587,0.4,Tanker,ORIENT WAVE,Hong Kong,23,Monday,2026-03-30
538001002,2026-03-30 23:29:00,37.851938,23.513494,0.3,Bulk Carrier,PACIFIC MARSHAL,Marshall Islands,23,Monday,2026-03-30
256001002,2026-03-30 23:29:00,37.891486,23.553102,0.0,Ro-Ro,VALLETTA SUN,Malta,23,Monday,2026-03-30
241001002,2026-03-30 23:30:00,37.851103,23.531096,0.0,Container,PIRAEUS EXPRESS,Greece,23,Monday,2026-03-30
356001002,2026-03-30 23:30:00,37.914593,23.525242,0.0,Bulk Carrier,CANAL BRIDGE,Panama,23,Monday,2026-03-30
636002001,2026-03-30 23:30:00,37.937038,23.610184,1.1,Ro-Ro,LIBERIA COAST,Liberia,23,Monday,2026-03-30
247001002,2026-03-30 23:32:00,37.955001,23.627656,0.2,Passenger,NAPOLI STAR,Italy,23,Monday,2026-03-30
241002001,2026-03-30 23:34:00,37.917086,23.570315,0.3,Tanker,ATHENA GLORY,Greece,23,Monday,2026-03-30
256002001,2026-03-30 23:35:00,37.931126,23.59227,2.7,Bulk Carrier,GOZO SPIRIT,Malta,23,Monday,2026-03-30
209001002,2026-03-30 23:36:00,37.905408,23.549695,0.4,Passenger,LIMASSOL FERRY,Cyprus,23,Monday,2026-03-30
636002001,2026-03-30 23:37:00,37.937714,23.611447,4.0,Ro-Ro,LIBERIA COAST,Liberia,23,Monday,2026-03-30
215001001,2026-03-30 23:37:00,37.934638,23.622818,0.3,Bulk Carrier,RABAT CARGO,Morocco,23,Monday,2026-03-30
241001003,2026-03-30 23:39:00,37.863286,23.562959,0.5,Container,OLYMPIC CARRIER,Greece,23,Monday,2026-03-30
356001001,2026-03-30 23:39:00,37.912554,23.56816,2.1,Container,PANAMA TRADER,Panama,23,Monday,2026-03-30
636001002,2026-03-30 23:39:00,37.894825,23.562167,0.4,Bulk Carrier,MONROVIA STAR,Liberia,23,Monday,2026-03-30
256001001,2026-03-30 23:39:00,37.851891,23.548386,0.1,Container,MALTA BREEZE,Malta,23,Monday,2026-03-30
241002002,2026-03-30 23:39:00,37.958457,23.642818,0.2,Bulk Carrier,POSEIDON BULK,Greece,23,Monday,2026-03-30
636001001,2026-03-30 23:40:00,37.868898,23.53586,0.8,Tanker,LIBERIA FORTUNE,Liberia,23,Monday,2026-03-30
356002001,2026-03-30 23:40:00,37.923095,23.552002,0.0,Tanker,BALBOA QUEEN,Panama,23,Monday,2026-03-30
371001002,2026-03-30 23:40:00,37.873724,23.555872,0.4,Tanker,BOSPHORUS WIND,Turkey,23,Monday,2026-03-30
241002005,2026-03-30 23:42:00,37.937893,23.634005,0.0,Container,RHODES CARRIER,Greece,23,Monday,2026-03-30
538001001,2026-03-30 23:43:00,37.875121,23.507552,0.7,Tanker,MARSHALL DAWN,Marshall Islands,23,Monday,2026-03-30
256002001,2026-03-30 23:44:00,37.933482,23.59639,2.4,Bulk Carrier,GOZO SPIRIT,Malta,23,Monday,2026-03-30
356001001,2026-03-30 23:45:00,37.915199,23.571015,2.7,Container,PANAMA TRADER,Panama,23,Monday,2026-03-30
538001002,2026-03-30 23:46:00,37.851666,23.511915,0.7,Bulk Carrier,PACIFIC MARSHAL,Marshall Islands,23,Monday,2026-03-30
241002003,2026-03-30 23:47:00,37.920237,23.574024,0.6,Ro-Ro,CRETE RUNNER,Greece,23,Monday,2026-03-30
477001002,2026-03-30 23:48:00,37.948733,23.611097,0.0,Tanker,ORIENT WAVE,Hong Kong,23,Monday,2026-03-30
538002001,2026-03-30 23:48:00,37.956425,23.645383,0.2,Container,MAJURO TIDE,Marshall Islands,23,Monday,2026-03-30
371001001,2026-03-30 23:48:00,37.939947,23.644821,0.2,Container,ISTANBUL BRIDGE,Turkey,23,Monday,2026-03-30
241001002,2026-03-30 23:50:00,37.852654,23.530176,0.3,Container,PIRAEUS EXPRESS,Greece,23,Monday,2026-03-30
477001001,2026-03-30 23:50:00,37.952428,23.638595,0.2,Container,HONG KONG SPIRIT,Hong Kong,23,Monday,2026-03-30
356001002,2026-03-30 23:51:00,37.918085,23.535517,2.4,Bulk Carrier,CANAL BRIDGE,Panama,23,Monday,2026-03-30
256001002,2026-03-30 23:51:00,37.89136,23.550907,0.7,Ro-Ro,VALLETTA SUN,Malta,23,Monday,2026-03-30
209001002,2026-03-30 23:53:00,37.906884,23.548827,0.0,Passenger,LIMASSOL FERRY,Cyprus,23,Monday,2026-03-30
256001001,2026-03-30 23:55:00,37.849936,23.549337,0.5,Container,MALTA BREEZE,Malta,23,Monday,2026-03-30
215001001,2026-03-30 23:55:00,37.935575,23.622867,0.4,Bulk Carrier,RABAT CARGO,Morocco,23,Monday,2026-03-30
241001003,2026-03-30 23:56:00,37.865327,23.564881,0.6,Container,OLYMPIC CARRIER,Greece,23,Monday,2026-03-30
256002001,2026-03-30 23:56:00,37.935602,23.600099,3.0,Bulk Carrier,GOZO SPIRIT,Malta,23,Monday,2026-03-30
371001002,2026-03-30 23:56:00,37.872658,23.555748,0.8,Tanker,BOSPHORUS WIND,Turkey,23,Monday,2026-03-30
247001002,2026-03-30 23:56:00,37.954817,23.627217,0.1,Passenger,NAPOLI STAR,Italy,23,Monday,2026-03-30
356002001,2026-03-30 23:57:00,37.921238,23.552619,0.5,Tanker,BALBOA QUEEN,Panama,23,Monday,2026-03-30
356001001,2026-03-30 23:58:00,37.917579,23.573585,2.1,Container,PANAMA TRADER,Panama,23,Monday,2026-03-30
241002001,2026-03-30 23:58:00,37.916555,23.570184,0.3,Tanker,ATHENA GLORY,Greece,23,Monday,2026-03-30
356001002,2026-03-30 23:59:00,37.921409,23.546309,3.3,Bulk Carrier,CANAL BRIDGE,Panama,23,Monday,2026-03-30
241002005,2026-03-31 00:01:00,37.936789,23.634159,0.1,Container,RHODES CARRIER,Greece,0,Tuesday,2026-03-31
636001002,2026-03-31 00:02:00,37.894152,23.561937,0.2,Bulk Carrier,MONROVIA STAR,Liberia,0,Tuesday,2026-03-31
636001001,2026-03-31 00:03:00,37.869034,23.536101,0.2,Tanker,LIBERIA FORTUNE,Liberia,0,Tuesday,2026-03-31
241002002,2026-03-31 00:03:00,37.958809,23.643085,0.2,Bulk Carrier,POSEIDON BULK,Greece,0,Tuesday,2026-03-31
256002001,2026-03-31 00:03:00,37.93751,23.603437,3.2,Bulk Carrier,GOZO SPIRIT,Malta,0,Tuesday,2026-03-31
477001001,2026-03-31 00:05:00,37.953859,23.638563,0.0,Container,HONG KONG SPIRIT,Hong Kong,0,Tuesday,2026-03-31
538001001,2026-03-31 00:06:00,37.872764,23.508801,0.8,Tanker,MARSHALL DAWN,Marshall Islands,0,Tuesday,2026-03-31
538002001,2026-03-31 00:06:00,37.956794,23.645491,0.4,Container,MAJURO TIDE,Marshall Islands,0,Tuesday,2026-03-31
356001001,2026-03-31 00:08:00,37.919721,23.575898,2.9,Container,PANAMA TRADER,Panama,0,Tuesday,2026-03-31
356001002,2026-03-31 00:08:00,37.9244,23.556022,2.0,Bulk Carrier,CANAL BRIDGE,Panama,0,Tuesday,2026-03-31
538001002,2026-03-31 00:08:00,37.849186,23.512716,0.5,Bulk Carrier,PACIFIC MARSHAL,Marshall Islands,0,Tuesday,2026-03-31
256001002,2026-03-31 00:09:00,37.892831,23.553137,0.2,Ro-Ro,VALLETTA SUN,Malta,0,Tuesday,2026-03-31
241002003,2026-03-31 00:09:00,37.923186,23.574783,0.1,Ro-Ro,CRETE RUNNER,Greece,0,Tuesday,2026-03-31
371001001,2026-03-31 00:09:00,37.939188,23.64393,0.4,Container,ISTANBUL BRIDGE,Turkey,0,Tuesday,2026-03-31
256002001,2026-03-31 00:10:00,37.939228,23.606441,1.4,Bulk Carrier,GOZO SPIRIT,Malta,0,Tuesday,2026-03-31
477001002,2026-03-31 00:11:00,37.948681,23.610219,0.2,Tanker,ORIENT WAVE,Hong Kong,0,Tuesday,2026-03-31
209001002,2026-03-31 00:12:00,37.90642,23.549573,0.2,Passenger,LIMASSOL FERRY,Cyprus,0,Tuesday,2026-03-31
241001002,2026-03-31 00:14:00,37.848895,23.531457,0.2,Container,PIRAEUS EXPRESS,Greece,0,Tuesday,2026-03-31
256001001,2026-03-31 00:14:00,37.848115,23.549204,0.5,Container,MALTA BREEZE,Malta,0,Tuesday,2026-03-31
356001001,2026-03-31 00:16:00,37.921649,23.577979,3.9,Container,PANAMA TRADER,Panama,0,Tuesday,2026-03-31
241001003,2026-03-31 00:18:00,37.864671,23.564273,0.4,Container,OLYMPIC CARRIER,Greece,0,Tuesday,2026-03-31
241002001,2026-03-31 00:18:00,37.920586,23.574652,1.1,Tanker,ATHENA GLORY,Greece,0,Tuesday,2026-03-31
247001002,2026-03-31 00:18:00,37.953805,23.628001,0.4,Passenger,NAPOLI STAR,Italy,0,Tuesday,2026-03-31
215001001,2026-03-31 00:18:00,37.934633,23.622303,0.1,Bulk Carrier,RABAT CARGO,Morocco,0,Tuesday,2026-03-31
256002001,2026-03-31 00:19:00,37.940773,23.609144,3.6,Bulk Carrier,GOZO SPIRIT,Malta,0,Tuesday,2026-03-31
371001002,2026-03-31 00:19:00,37.875556,23.555415,0.5,Tanker,BOSPHORUS WIND,Turkey,0,Tuesday,2026-03-31
356002001,2026-03-31 00:20:00,37.922512,23.555248,0.3,Tanker,BALBOA QUEEN,Panama,0,Tuesday,2026-03-31
356001001,2026-03-31 00:21:00,37.923384,23.579853,3.2,Container,PANAMA TRADER,Panama,0,Tuesday,2026-03-31
356001002,2026-03-31 00:23:00,37.927092,23.564763,1.2,Bulk Carrier,CANAL BRIDGE,Panama,0,Tuesday,2026-03-31
636001001,2026-03-31 00:23:00,37.869614,23.535677,0.7,Tanker,LIBERIA FORTUNE,Liberia,0,Tuesday,2026-03-31
241002005,2026-03-31 00:23:00,37.937658,23.635252,0.2,Container,RHODES CARRIER,Greece,0,Tuesday,2026-03-31
477001001,2026-03-31 00:24:00,37.954041,23.63884,0.0,Container,HONG KONG SPIRIT,Hong Kong,0,Tuesday,2026-03-31
636001002,2026-03-31 00:25:00,37.896479,23.562235,0.6,Bulk Carrier,MONROVIA STAR,Liberia,0,Tuesday,2026-03-31
241002002,2026-03-31 00:26:00,37.959764,23.642066,0.2,Bulk Carrier,POSEIDON BULK,Greece,0,Tuesday,2026-03-31
477001002,2026-03-31 00:27:00,37.947901,23.610576,0.2,Tanker,ORIENT WAVE,Hong Kong,0,Tuesday,2026-03-31
538001001,2026-03-31 00:27:00,37.872213,23.508963,0.5,Tanker,MARSHALL DAWN,Marshall Islands,0,Tuesday,2026-03-31
538001002,2026-03-31 00:27:00,37.851652,23.513572,0.6,Bulk Carrier,PACIFIC MARSHAL,Marshall Islands,0,Tuesday,2026-03-31
256001002,2026-03-31 00:28:00,37.890911,23.551734,0.7,Ro-Ro,VALLETTA SUN,Malta,0,Tuesday,2026-03-31
256002001,2026-03-31 00:28:00,37.942164,23.611577,2.9,Bulk Carrier,GOZO SPIRIT,Malta,0,Tuesday,2026-03-31
356001002,2026-03-31 00:29:00,37.929515,23.57263,3.0,Bulk Carrier,CANAL BRIDGE,Panama,0,Tuesday,2026-03-31
538002001,2026-03-31 00:29:00,37.956437,23.64651,0.2,Container,MAJURO TIDE,Marshall Islands,0,Tuesday,2026-03-31
256001001,2026-03-31 00:30:00,37.849781,23.550837,0.3,Container,MALTA BREEZE,Malta,0,Tuesday,2026-03-31
241002001,2026-03-31 00:30:00,37.924039,23.578431,1.7,Tanker,ATHENA GLORY,Greece,0,Tuesday,2026-03-31
241002003,2026-03-31 00:32:00,37.923051,23.573671,0.2,Ro-Ro,CRETE RUNNER,Greece,0,Tuesday,2026-03-31
356001001,2026-03-31 00:33:00,37.924946,23.581539,2.6,Container,PANAMA TRADER,Panama,0,Tuesday,2026-03-31
256002001,2026-03-31 00:33:00,37.943416,23.613767,3.6,Bulk Carrier,GOZO SPIRIT,Malta,0,Tuesday,2026-03-31
371001001,2026-03-31 00:33:00,37.938423,23.643792,0.3,Container,ISTANBUL BRIDGE,Turkey,0,Tuesday,2026-03-31
209001002,2026-03-31 00:35:00,37.903563,23.548159,0.1,Passenger,LIMASSOL FERRY,Cyprus,0,Tuesday,2026-03-31
371001002,2026-03-31 00:36:00,37.873391,23.557327,0.1,Tanker,BOSPHORUS WIND,Turkey,0,Tuesday,2026-03-31
241001002,2026-03-31 00:37:00,37.850871,23.532591,0.7,Container,PIRAEUS EXPRESS,Greece,0,Tuesday,2026-03-31
356001002,2026-03-31 00:37:00,37.931696,23.579711,2.6,Bulk Carrier,CANAL BRIDGE,Panama,0,Tuesday,2026-03-31
356002001,2026-03-31 00:39:00,37.923408,23.552152,0.0,Tanker,BALBOA QUEEN,Panama,0,Tuesday,2026-03-31
247001002,2026-03-31 00:39:00,37.954425,23.626403,0.3,Passenger,NAPOLI STAR,Italy,0,Tuesday,2026-03-31
215001001,2026-03-31 00:39:00,37.935805,23.622034,0.3,Bulk Carrier,RABAT CARGO,Morocco,0,Tuesday,2026-03-31
241001003,2026-03-31 00:40:00,37.867005,23.562071,0.4,Container,OLYMPIC CARRIER,Greece,0,Tuesday,2026-03-31
477001001,2026-03-31 00:41:00,37.952608,23.63779,0.0,Container,HONG KONG SPIRIT,Hong Kong,0,Tuesday,2026-03-31
356001002,2026-03-31 00:42:00,37.933658,23.586083,3.7,Bulk Carrier,CANAL BRIDGE,Panama,0,Tuesday,2026-03-31
636001001,2026-03-31 00:43:00,37.868827,23.534193,0.4,Tanker,LIBERIA FORTUNE,Liberia,0,Tuesday,2026-03-31
241002005,2026-03-31 00:44:00,37.937476,23.634099,0.1,Container,RHODES CARRIER,Greece,0,Tuesday,2026-03-31
636001002,2026-03-31 00:45:00,37.894019,23.560169,0.2,Bulk Carrier,MONROVIA STAR,Liberia,0,Tuesday,2026-03-31
241002001,2026-03-31 00:45:00,37.927146,23.581831,1.2,Tanker,ATHENA GLORY,Greece,0,Tuesday,2026-03-31
356001001,2026-03-31 00:46:00,37.926351,23.583056,1.4,Container,PANAMA TRADER,Panama,0,Tuesday,2026-03-31
256001002,2026-03-31 00:46:00,37.893364,23.551141,0.5,Ro-Ro,VALLETTA SUN,Malta,0,Tuesday,2026-03-31
538001002,2026-03-31 00:47:00,37.852006,23.512011,0.2,Bulk Carrier,PACIFIC MARSHAL,Marshall Islands,0,Tuesday,2026-03-31
256002001,2026-03-31 00:47:00,37.944543,23.615738,1.9,Bulk Carrier,GOZO SPIRIT,Malta,0,Tuesday,2026-03-31
477001002,2026-03-31 00:48:00,37.948026,23.610172,0.0,Tanker,ORIENT WAVE,Hong Kong,0,Tuesday,2026-03-31
356001002,2026-03-31 00:49:00,37.935425,23.591819,2.3,Bulk Carrier,CANAL BRIDGE,Panama,0,Tuesday,2026-03-31
241002002,2026-03-31 00:50:00,37.958035,23.642074,0.3,Bulk Carrier,POSEIDON BULK,Greece,0,Tuesday,2026-03-31
241002003,2026-03-31 00:50:00,37.922673,23.575379,0.2,Ro-Ro,CRETE RUNNER,Greece,0,Tuesday,2026-03-31
538002001,2026-03-31 00:50:00,37.957197,23.645953,0.4,Container,MAJURO TIDE,Marshall Islands,0,Tuesday,2026-03-31
241002001,2026-03-31 00:51:00,37.929943,23.584892,1.9,Tanker,ATHENA GLORY,Greece,0,Tuesday,2026-03-31
538001001,2026-03-31 00:52:00,37.874364,23.508344,0.5,Tanker,MARSHALL DAWN,Marshall Islands,0,Tuesday,2026-03-31
371001001,2026-03-31 00:54:00,37.940096,23.644511,0.1,Container,ISTANBUL BRIDGE,Turkey,0,Tuesday,2026-03-31
356001001,2026-03-31 00:55:00,37.927616,23.584422,3.1,Container,PANAMA TRADER,Panama,0,Tuesday,2026-03-31
256001001,2026-03-31 00:55:00,37.849729,23.550108,0.9,Container,MALTA BREEZE,Malta,0,Tuesday,2026-03-31
371001002,2026-03-31 00:55:00,37.875762,23.556419,0.5,Tanker,BOSPHORUS WIND,Turkey,0,Tuesday,2026-03-31
215001001,2026-03-31 00:55:00,37.93599,23.622043,0.2,Bulk Carrier,RABAT CARGO,Morocco,0,Tuesday,2026-03-31
356001002,2026-03-31 00:56:00,37.937015,23.59698,3.8,Bulk Carrier,CANAL BRIDGE,Panama,0,Tuesday,2026-03-31
477001001,2026-03-31 00:59:00,37.95292,23.638201,0.2,Container,HONG KONG SPIRIT,Hong Kong,0,Tuesday,2026-03-31
241002005,2026-03-31 00:59:00,37.937878,23.633718,0.2,Container,RHODES CARRIER,Greece,0,Tuesday,2026-03-31
209001002,2026-03-31 01:00:00,37.903818,23.549693,0.4,Passenger,LIMASSOL FERRY,Cyprus,1,Tuesday,2026-03-31
356001002,2026-03-31 01:01:00,37.938445,23.601626,4.0,Bulk Carrier,CANAL BRIDGE,Panama,1,Tuesday,2026-03-31
256002001,2026-03-31 01:01:00,37.945557,23.617512,1.0,Bulk Carrier,GOZO SPIRIT,Malta,1,Tuesday,2026-03-31
247001002,2026-03-31 01:01:00,37.954979,23.628134,0.2,Passenger,NAPOLI STAR,Italy,1,Tuesday,2026-03-31
241001002,2026-03-31 01:02:00,37.850442,23.533508,0.2,Container,PIRAEUS EXPRESS,Greece,1,Tuesday,2026-03-31
538001002,2026-03-31 01:02:00,37.850214,23.511142,0.3,Bulk Carrier,PACIFIC MARSHAL,Marshall Islands,1,Tuesday,2026-03-31
356001001,2026-03-31 01:03:00,37.928754,23.585651,4.0,Container,PANAMA TRADER,Panama,1,Tuesday,2026-03-31
636001002,2026-03-31 01:04:00,37.895431,23.56112,0.6,Bulk Carrier,MONROVIA STAR,Liberia,1,Tuesday,2026-03-31
241002001,2026-03-31 01:04:00,37.93246,23.587646,2.5,Tanker,ATHENA GLORY,Greece,1,Tuesday,2026-03-31
356002001,2026-03-31 01:04:00,37.923258,23.555148,0.0,Tanker,BALBOA QUEEN,Panama,1,Tuesday,2026-03-31
241001003,2026-03-31 01:05:00,37.865055,23.565754,0.4,Container,OLYMPIC CARRIER,Greece,1,Tuesday,2026-03-31
477001002,2026-03-31 01:05:00,37.947412,23.609932,0.1,Tanker,ORIENT WAVE,Hong Kong,1,Tuesday,2026-03-31
636001001,2026-03-31 01:08:00,37.868158,23.53269,0.3,Tanker,LIBERIA FORTUNE,Liberia,1,Tuesday,2026-03-31
538001001,2026-03-31 01:10:00,37.873568,23.508684,0.5,Tanker,MARSHALL DAWN,Marshall Islands,1,Tuesday,2026-03-31
256001002,2026-03-31 01:11:00,37.890104,23.553179,0.2,Ro-Ro,VALLETTA SUN,Malta,1,Tuesday,2026-03-31
241002002,2026-03-31 01:11:00,37.959027,23.641721,0.3,Bulk Carrier,POSEIDON BULK,Greece,1,Tuesday,2026-03-31
241002003,2026-03-31 01:11:00,37.922622,23.574128,0.6,Ro-Ro,CRETE RUNNER,Greece,1,Tuesday,2026-03-31
256002001,2026-03-31 01:11:00,37.94647,23.619108,3.2,Bulk Carrier,GOZO SPIRIT,Malta,1,Tuesday,2026-03-31
356001001,2026-03-31 01:12:00,37.929779,23.586757,3.1,Container,PANAMA TRADER,Panama,1,Tuesday,2026-03-31
356001002,2026-03-31 01:12:00,37.939733,23.605807,3.4,Bulk Carrier,CANAL BRIDGE,Panama,1,Tuesday,2026-03-31
538002001,2026-03-31 01:12:00,37.957622,23.645319,0.1,Container,MAJURO TIDE,Marshall Islands,1,Tuesday,2026-03-31
256001001,2026-03-31 01:14:00,37.849665,23.551319,0.9,Container,MALTA BREEZE,Malta,1,Tuesday,2026-03-31
371001001,2026-03-31 01:14:00,37.939692,23.643743,0.2,Container,ISTANBUL BRIDGE,Turkey,1,Tuesday,2026-03-31
209001002,2026-03-31 01:16:00,37.905613,23.546688,0.4,Passenger,LIMASSOL FERRY,Cyprus,1,Tuesday,2026-03-31
215001001,2026-03-31 01:16:00,37.93522,23.622098,0.1,Bulk Carrier,RABAT CARGO,Morocco,1,Tuesday,2026-03-31
356001002,2026-03-31 01:19:00,37.940892,23.60957,3.8,Bulk Carrier,CANAL BRIDGE,Panama,1,Tuesday,2026-03-31
241002001,2026-03-31 01:19:00,37.934725,23.590125,1.2,Tanker,ATHENA GLORY,Greece,1,Tuesday,2026-03-31
371001002,2026-03-31 01:19:00,37.87479,23.557279,0.4,Tanker,BOSPHORUS WIND,Turkey,1,Tuesday,2026-03-31
241001003,2026-03-31 01:20:00,37.866612,23.563603,0.8,Container,OLYMPIC CARRIER,Greece,1,Tuesday,2026-03-31
477001001,2026-03-31 01:20:00,37.954334,23.63841,0.0,Container,HONG KONG SPIRIT,Hong Kong,1,Tuesday,2026-03-31
247001002,2026-03-31 01:20:00,37.953957,23.626626,0.0,Passenger,NAPOLI STAR,Italy,1,Tuesday,2026-03-31
538001002,2026-03-31 01:21:00,37.849161,23.51482,0.1,Bulk Carrier,PACIFIC MARSHAL,Marshall Islands,1,Tuesday,2026-03-31
241001002,2026-03-31 01:22:00,37.851371,23.530212,0.5,Container,PIRAEUS EXPRESS,Greece,1,Tuesday,2026-03-31
356001001,2026-03-31 01:24:00,37.930701,23.587753,1.6,Container,PANAMA TRADER,Panama,1,Tuesday,2026-03-31
241002005,2026-03-31 01:24:00,37.936379,23.634649,0.2,Container,RHODES CARRIER,Greece,1,Tuesday,2026-03-31
256002001,2026-03-31 01:24:00,37.947291,23.620545,2.2,Bulk Carrier,GOZO SPIRIT,Malta,1,Tuesday,2026-03-31
477001002,2026-03-31 01:26:00,37.948361,23.609938,0.3,Tanker,ORIENT WAVE,Hong Kong,1,Tuesday,2026-03-31
256001002,2026-03-31 01:26:00,37.89043,23.55248,0.3,Ro-Ro,VALLETTA SUN,Malta,1,Tuesday,2026-03-31
356002001,2026-03-31 01:26:00,37.920367,23.552729,0.7,Tanker,BALBOA QUEEN,Panama,1,Tuesday,2026-03-31
241002003,2026-03-31 01:27:00,37.92302,23.572249,0.6,Ro-Ro,CRETE RUNNER,Greece,1,Tuesday,2026-03-31
356001002,2026-03-31 01:28:00,37.941935,23.612956,3.6,Bulk Carrier,CANAL BRIDGE,Panama,1,Tuesday,2026-03-31
636001002,2026-03-31 01:28:00,37.894079,23.562353,0.2,Bulk Carrier,MONROVIA STAR,Liberia,1,Tuesday,2026-03-31
241002001,2026-03-31 01:28:00,37.936764,23.592356,3.8,Tanker,ATHENA GLORY,Greece,1,Tuesday,2026-03-31
538002001,2026-03-31 01:30:00,37.956626,23.644742,0.2,Container,MAJURO TIDE,Marshall Islands,1,Tuesday,2026-03-31
356001001,2026-03-31 01:31:00,37.931531,23.588649,3.6,Container,PANAMA TRADER,Panama,1,Tuesday,2026-03-31
241002002,2026-03-31 01:31:00,37.958191,23.642352,0.2,Bulk Carrier,POSEIDON BULK,Greece,1,Tuesday,2026-03-31
356001002,2026-03-31 01:33:00,37.942874,23.616004,1.9,Bulk Carrier,CANAL BRIDGE,Panama,1,Tuesday,2026-03-31
636001001,2026-03-31 01:33:00,37.867713,23.53562,0.2,Tanker,LIBERIA FORTUNE,Liberia,1,Tuesday,2026-03-31
538001001,2026-03-31 01:34:00,37.874031,23.508261,0.3,Tanker,MARSHALL DAWN,Marshall Islands,1,Tuesday,2026-03-31
241002001,2026-03-31 01:34:00,37.938599,23.594364,1.4,Tanker,ATHENA GLORY,Greece,1,Tuesday,2026-03-31
215001001,2026-03-31 01:34:00,37.936389,23.622047,0.3,Bulk Carrier,RABAT CARGO,Morocco,1,Tuesday,2026-03-31
241001003,2026-03-31 01:36:00,37.866862,23.562192,0.4,Container,OLYMPIC CARRIER,Greece,1,Tuesday,2026-03-31
256001001,2026-03-31 01:36:00,37.849423,23.547943,0.8,Container,MALTA BREEZE,Malta,1,Tuesday,2026-03-31
209001002,2026-03-31 01:36:00,37.906545,23.550623,0.8,Passenger,LIMASSOL FERRY,Cyprus,1,Tuesday,2026-03-31
477001001,2026-03-31 01:38:00,37.952867,23.63886,0.4,Container,HONG KONG SPIRIT,Hong Kong,1,Tuesday,2026-03-31
256002001,2026-03-31 01:38:00,37.948031,23.621838,3.7,Bulk Carrier,GOZO SPIRIT,Malta,1,Tuesday,2026-03-31
371001001,2026-03-31 01:38:00,37.940171,23.644772,0.4,Container,ISTANBUL BRIDGE,Turkey,1,Tuesday,2026-03-31
538001002,2026-03-31 01:39:00,37.849597,23.51287,0.5,Bulk Carrier,PACIFIC MARSHAL,Marshall Islands,1,Tuesday,2026-03-31
247001002,2026-03-31 01:39:00,37.953906,23.627796,0.3,Passenger,NAPOLI STAR,Italy,1,Tuesday,2026-03-31
371001002,2026-03-31 01:40:00,37.873781,23.555662,0.2,Tanker,BOSPHORUS WIND,Turkey,1,Tuesday,2026-03-31
241001002,2026-03-31 01:41:00,37.851385,23.531018,0.4,Container,PIRAEUS EXPRESS,Greece,1,Tuesday,2026-03-31
241002003,2026-03-31 01:42:00,37.920384,23.575307,0.1,Ro-Ro,CRETE RUNNER,Greece,1,Tuesday,2026-03-31
356001001,2026-03-31 01:43:00,37.932278,23.589455,1.5,Container,PANAMA TRADER,Panama,1,Tuesday,2026-03-31
636001002,2026-03-31 01:44:00,37.896923,23.561775,0.4,Bulk Carrier,MONROVIA STAR,Liberia,1,Tuesday,2026-03-31
256001002,2026-03-31 01:44:00,37.89212,23.551842,0.3,Ro-Ro,VALLETTA SUN,Malta,1,Tuesday,2026-03-31
241002001,2026-03-31 01:44:00,37.94025,23.596171,1.1,Tanker,ATHENA GLORY,Greece,1,Tuesday,2026-03-31
241002005,2026-03-31 01:44:00,37.937883,23.635189,0.0,Container,RHODES CARRIER,Greece,1,Tuesday,2026-03-31
477001002,2026-03-31 01:45:00,37.948777,23.609574,0.1,Tanker,ORIENT WAVE,Hong Kong,1,Tuesday,2026-03-31
356001002,2026-03-31 01:47:00,37.943718,23.618748,1.3,Bulk Carrier,CANAL BRIDGE,Panama,1,Tuesday,2026-03-31
256002001,2026-03-31 01:48:00,37.948696,23.623002,2.9,Bulk Carrier,GOZO SPIRIT,Malta,1,Tuesday,2026-03-31
538002001,2026-03-31 01:49:00,37.957291,23.646476,0.1,Container,MAJURO TIDE,Marshall Islands,1,Tuesday,2026-03-31
538001001,2026-03-31 01:51:00,37.874598,23.508243,0.5,Tanker,MARSHALL DAWN,Marshall Islands,1,Tuesday,2026-03-31
356002001,2026-03-31 01:51:00,37.922405,23.554936,0.1,Tanker,BALBOA QUEEN,Panama,1,Tuesday,2026-03-31
241001003,2026-03-31 01:52:00,37.863816,23.562403,0.3,Container,OLYMPIC CARRIER,Greece,1,Tuesday,2026-03-31
636001001,2026-03-31 01:52:00,37.867844,23.532725,0.4,Tanker,LIBERIA FORTUNE,Liberia,1,Tuesday,2026-03-31
241002001,2026-03-31 01:52:00,37.941737,23.597798,2.0,Tanker,ATHENA GLORY,Greece,1,Tuesday,2026-03-31
477001001,2026-03-31 01:54:00,37.954131,23.639011,0.3,Container,HONG KONG SPIRIT,Hong Kong,1,Tuesday,2026-03-31
356001001,2026-03-31 01:55:00,37.93295,23.590181,4.0,Container,PANAMA TRADER,Panama,1,Tuesday,2026-03-31
538001002,2026-03-31 01:56:00,37.850608,23.513358,0.4,Bulk Carrier,PACIFIC MARSHAL,Marshall Islands,1,Tuesday,2026-03-31
241002002,2026-03-31 01:56:00,37.959634,23.642797,0.0,Bulk Carrier,POSEIDON BULK,Greece,1,Tuesday,2026-03-31
215001001,2026-03-31 01:56:00,37.935965,23.622415,0.4,Bulk Carrier,RABAT CARGO,Morocco,1,Tuesday,2026-03-31
356001002,2026-03-31 01:57:00,37.944479,23.621216,1.9,Bulk Carrier,CANAL BRIDGE,Panama,1,Tuesday,2026-03-31
241002003,2026-03-31 01:57:00,37.920937,23.573624,0.8,Ro-Ro,CRETE RUNNER,Greece,1,Tuesday,2026-03-31
256001002,2026-03-31 01:59:00,37.892869,23.553907,0.4,Ro-Ro,VALLETTA SUN,Malta,1,Tuesday,2026-03-31
241001002,2026-03-31 02:00:00,37.849484,23.532373,0.4,Container,PIRAEUS EXPRESS,Greece,2,Tuesday,2026-03-31
209001002,2026-03-31 02:00:00,37.907073,23.549329,0.6,Passenger,LIMASSOL FERRY,Cyprus,2,Tuesday,2026-03-31
256001001,2026-03-31 02:01:00,37.848374,23.549644,0.4,Container,MALTA BREEZE,Malta,2,Tuesday,2026-03-31
247001002,2026-03-31 02:01:00,37.954444,23.626894,0.1,Passenger,NAPOLI STAR,Italy,2,Tuesday,2026-03-31
256002001,2026-03-31 02:02:00,37.949295,23.624049,3.6,Bulk Carrier,GOZO SPIRIT,Malta,2,Tuesday,2026-03-31
371001001,2026-03-31 02:02:00,37.939931,23.643754,0.1,Container,ISTANBUL BRIDGE,Turkey,2,Tuesday,2026-03-31
538002001,2026-03-31 02:05:00,37.956087,23.646408,0.2,Container,MAJURO TIDE,Marshall Islands,2,Tuesday,2026-03-31
371001002,2026-03-31 02:05:00,37.872903,23.556702,0.2,Tanker,BOSPHORUS WIND,Turkey,2,Tuesday,2026-03-31
241002005,2026-03-31 02:06:00,37.936317,23.635261,0.3,Container,RHODES CARRIER,Greece,2,Tuesday,2026-03-31
241002001,2026-03-31 02:07:00,37.943074,23.599262,2.0,Tanker,ATHENA GLORY,Greece,2,Tuesday,2026-03-31
636001002,2026-03-31 02:08:00,37.897871,23.560645,0.3,Bulk Carrier,MONROVIA STAR,Liberia,2,Tuesday,2026-03-31
538001001,2026-03-31 02:08:00,37.874683,23.509529,0.2,Tanker,MARSHALL DAWN,Marshall Islands,2,Tuesday,2026-03-31
477001002,2026-03-31 02:09:00,37.947101,23.610201,0.0,Tanker,ORIENT WAVE,Hong Kong,2,Tuesday,2026-03-31
636001001,2026-03-31 02:09:00,37.869635,23.53527,0.4,Tanker,LIBERIA FORTUNE,Liberia,2,Tuesday,2026-03-31
356001001,2026-03-31 02:10:00,37.933555,23.590834,3.9,Container,PANAMA TRADER,Panama,2,Tuesday,2026-03-31
477001001,2026-03-31 02:10:00,37.953169,23.638444,0.2,Container,HONG KONG SPIRIT,Hong Kong,2,Tuesday,2026-03-31
356001002,2026-03-31 02:12:00,37.945163,23.623438,2.6,Bulk Carrier,CANAL BRIDGE,Panama,2,Tuesday,2026-03-31
538001002,2026-03-31 02:12:00,37.851745,23.511315,0.7,Bulk Carrier,PACIFIC MARSHAL,Marshall Islands,2,Tuesday,2026-03-31
256002001,2026-03-31 02:12:00,37.949834,23.624992,2.6,Bulk Carrier,GOZO SPIRIT,Malta,2,Tuesday,2026-03-31
241002003,2026-03-31 02:14:00,37.921301,23.575581,0.4,Ro-Ro,CRETE RUNNER,Greece,2,Tuesday,2026-03-31
356002001,2026-03-31 02:15:00,37.921353,23.551891,0.4,Tanker,BALBOA QUEEN,Panama,2,Tuesday,2026-03-31
241001003,2026-03-31 02:16:00,37.865416,23.563199,0.5,Container,OLYMPIC CARRIER,Greece,2,Tuesday,2026-03-31
241002001,2026-03-31 02:16:00,37.944278,23.600579,3.2,Tanker,ATHENA GLORY,Greece,2,Tuesday,2026-03-31
241002002,2026-03-31 02:18:00,37.958444,23.642157,0.3,Bulk Carrier,POSEIDON BULK,Greece,2,Tuesday,2026-03-31
371001001,2026-03-31 02:19:00,37.939452,23.645231,0.0,Container,ISTANBUL BRIDGE,Turkey,2,Tuesday,2026-03-31
356001001,2026-03-31 02:20:00,37.9341,23.591422,3.0,Container,PANAMA TRADER,Panama,2,Tuesday,2026-03-31
256001002,2026-03-31 02:20:00,37.892236,23.552843,0.6,Ro-Ro,VALLETTA SUN,Malta,2,Tuesday,2026-03-31
241001002,2026-03-31 02:21:00,37.852328,23.532175,0.5,Container,PIRAEUS EXPRESS,Greece,2,Tuesday,2026-03-31
215001001,2026-03-31 02:21:00,37.935496,23.622888,0.3,Bulk Carrier,RABAT CARGO,Morocco,2,Tuesday,2026-03-31
256002001,2026-03-31 02:23:00,37.950319,23.62584,3.6,Bulk Carrier,GOZO SPIRIT,Malta,2,Tuesday,2026-03-31
356001002,2026-03-31 02:24:00,37.945779,23.625438,3.7,Bulk Carrier,CANAL BRIDGE,Panama,2,Tuesday,2026-03-31
209001002,2026-03-31 02:24:00,37.90452,23.549335,0.2,Passenger,LIMASSOL FERRY,Cyprus,2,Tuesday,2026-03-31
538001001,2026-03-31 02:25:00,37.875498,23.510514,0.3,Tanker,MARSHALL DAWN,Marshall Islands,2,Tuesday,2026-03-31
247001002,2026-03-31 02:25:00,37.95347,23.626786,0.2,Passenger,NAPOLI STAR,Italy,2,Tuesday,2026-03-31
256001001,2026-03-31 02:26:00,37.84843,23.549471,0.6,Container,MALTA BREEZE,Malta,2,Tuesday,2026-03-31
241002005,2026-03-31 02:27:00,37.937535,23.635297,0.1,Container,RHODES CARRIER,Greece,2,Tuesday,2026-03-31
538001002,2026-03-31 02:28:00,37.851793,23.514011,0.1,Bulk Carrier,PACIFIC MARSHAL,Marshall Islands,2,Tuesday,2026-03-31
371001002,2026-03-31 02:28:00,37.87255,23.555666,0.8,Tanker,BOSPHORUS WIND,Turkey,2,Tuesday,2026-03-31
477001002,2026-03-31 02:29:00,37.947962,23.611231,0.2,Tanker,ORIENT WAVE,Hong Kong,2,Tuesday,2026-03-31
538002001,2026-03-31 02:29:00,37.955955,23.645757,0.1,Container,MAJURO TIDE,Marshall Islands,2,Tuesday,2026-03-31
636001001,2026-03-31 02:30:00,37.868791,23.53305,0.1,Tanker,LIBERIA FORTUNE,Liberia,2,Tuesday,2026-03-31
356001002,2026-03-31 02:31:00,37.946333,23.627238,3.6,Bulk Carrier,CANAL BRIDGE,Panama,2,Tuesday,2026-03-31
241002001,2026-03-31 02:31:00,37.945362,23.601765,3.5,Tanker,ATHENA GLORY,Greece,2,Tuesday,2026-03-31
636001002,2026-03-31 02:32:00,37.895837,23.561155,0.8,Bulk Carrier,MONROVIA STAR,Liberia,2,Tuesday,2026-03-31
371001001,2026-03-31 02:34:00,37.939465,23.645251,0.3,Container,ISTANBUL BRIDGE,Turkey,2,Tuesday,2026-03-31
477001001,2026-03-31 02:35:00,37.952758,23.638492,0.0,Container,HONG KONG SPIRIT,Hong Kong,2,Tuesday,2026-03-31
256002001,2026-03-31 02:35:00,37.950755,23.626604,2.9,Bulk Carrier,GOZO SPIRIT,Malta,2,Tuesday,2026-03-31
241002003,2026-03-31 02:37:00,37.920863,23.574054,0.6,Ro-Ro,CRETE RUNNER,Greece,2,Tuesday,2026-03-31
241002001,2026-03-31 02:39:00,37.946337,23.602832,3.1,Tanker,ATHENA GLORY,Greece,2,Tuesday,2026-03-31
356002001,2026-03-31 02:39:00,37.922985,23.55186,0.5,Tanker,BALBOA QUEEN,Panama,2,Tuesday,2026-03-31
241001002,2026-03-31 02:40:00,37.852052,23.530928,0.3,Container,PIRAEUS EXPRESS,Greece,2,Tuesday,2026-03-31
241001003,2026-03-31 02:40:00,37.865038,23.56432,0.4,Container,OLYMPIC CARRIER,Greece,2,Tuesday,2026-03-31
215001001,2026-03-31 02:42:00,37.935311,23.621329,0.2,Bulk Carrier,RABAT CARGO,Morocco,2,Tuesday,2026-03-31
356001002,2026-03-31 02:43:00,37.946832,23.628858,1.8,Bulk Carrier,CANAL BRIDGE,Panama,2,Tuesday,2026-03-31
538001002,2026-03-31 02:43:00,37.849478,23.513463,0.7,Bulk Carrier,PACIFIC MARSHAL,Marshall Islands,2,Tuesday,2026-03-31
241002002,2026-03-31 02:43:00,37.957866,23.643185,0.3,Bulk Carrier,POSEIDON BULK,Greece,2,Tuesday,2026-03-31
256001002,2026-03-31 02:44:00,37.889764,23.550244,0.2,Ro-Ro,VALLETTA SUN,Malta,2,Tuesday,2026-03-31
241002005,2026-03-31 02:44:00,37.937368,23.634478,0.3,Container,RHODES CARRIER,Greece,2,Tuesday,2026-03-31
247001002,2026-03-31 02:45:00,37.953806,23.628006,0.2,Passenger,NAPOLI STAR,Italy,2,Tuesday,2026-03-31
241002001,2026-03-31 02:46:00,37.947214,23.603792,4.0,Tanker,ATHENA GLORY,Greece,2,Tuesday,2026-03-31
477001002,2026-03-31 02:47:00,37.947817,23.611007,0.2,Tanker,ORIENT WAVE,Hong Kong,2,Tuesday,2026-03-31
636001002,2026-03-31 02:47:00,37.895647,23.559965,0.2,Bulk Carrier,MONROVIA STAR,Liberia,2,Tuesday,2026-03-31
209001002,2026-03-31 02:48:00,37.90618,23.548746,0.5,Passenger,LIMASSOL FERRY,Cyprus,2,Tuesday,2026-03-31
356001002,2026-03-31 02:49:00,37.947281,23.630316,2.0,Bulk Carrier,CANAL BRIDGE,Panama,2,Tuesday,2026-03-31
538001001,2026-03-31 02:50:00,37.87553,23.508704,0.7,Tanker,MARSHALL DAWN,Marshall Islands,2,Tuesday,2026-03-31
256001001,2026-03-31 02:50:00,37.850919,23.551462,0.9,Container,MALTA BREEZE,Malta,2,Tuesday,2026-03-31
636001001,2026-03-31 02:51:00,37.869646,23.533062,0.2,Tanker,LIBERIA FORTUNE,Liberia,2,Tuesday,2026-03-31
538002001,2026-03-31 02:51:00,37.957351,23.646045,0.2,Container,MAJURO TIDE,Marshall Islands,2,Tuesday,2026-03-31
241002003,2026-03-31 02:52:00,37.922051,23.574588,0.6,Ro-Ro,CRETE RUNNER,Greece,2,Tuesday,2026-03-31
371001002,2026-03-31 02:53:00,37.875424,23.557392,0.5,Tanker,BOSPHORUS WIND,Turkey,2,Tuesday,2026-03-31
371001001,2026-03-31 02:54:00,37.940242,23.644658,0.3,Container,ISTANBUL BRIDGE,Turkey,2,Tuesday,2026-03-31
241001003,2026-03-31 02:56:00,37.863681,23.564517,0.6,Container,OLYMPIC CARRIER,Greece,2,Tuesday,2026-03-31
477001001,2026-03-31 02:56:00,37.953078,23.639447,0.3,Container,HONG KONG SPIRIT,Hong Kong,2,Tuesday,2026-03-31
356002001,2026-03-31 02:57:00,37.922276,23.555517,0.4,Tanker,BALBOA QUEEN,Panama,2,Tuesday,2026-03-31
241001002,2026-03-31 02:58:00,37.851037,23.532332,0.3,Container,PIRAEUS EXPRESS,Greece,2,Tuesday,2026-03-31
538001002,2026-03-31 02:58:00,37.849949,23.513702,0.5,Bulk Carrier,PACIFIC MARSHAL,Marshall Islands,2,Tuesday,2026-03-31
241002001,2026-03-31 02:59:00,37.948004,23.604657,3.7,Tanker,ATHENA GLORY,Greece,2,Tuesday,2026-03-31
241002005,2026-03-31 02:59:00,37.938048,23.634161,0.1,Container,RHODES CARRIER,Greece,2,Tuesday,2026-03-31
356001002,2026-03-31 03:01:00,37.947685,23.631628,2.9,Bulk Carrier,CANAL BRIDGE,Panama,3,Tuesday,2026-03-31
477001002,2026-03-31 03:03:00,37.948262,23.610955,0.1,Tanker,ORIENT WAVE,Hong Kong,3,Tuesday,2026-03-31
636001002,2026-03-31 03:03:00,37.895378,23.560007,0.4,Bulk Carrier,MONROVIA STAR,Liberia,3,Tuesday,2026-03-31
247001002,2026-03-31 03:03:00,37.95447,23.628155,0.3,Passenger,NAPOLI STAR,Italy,3,Tuesday,2026-03-31
215001001,2026-03-31 03:03:00,37.93641,23.621467,0.3,Bulk Carrier,RABAT CARGO,Morocco,3,Tuesday,2026-03-31
256001002,2026-03-31 03:04:00,37.891267,23.551426,0.8,Ro-Ro,VALLETTA SUN,Malta,3,Tuesday,2026-03-31
241002001,2026-03-31 03:04:00,37.948715,23.605435,3.3,Tanker,ATHENA GLORY,Greece,3,Tuesday,2026-03-31
241002002,2026-03-31 03:04:00,37.958364,23.641648,0.3,Bulk Carrier,POSEIDON BULK,Greece,3,Tuesday,2026-03-31
209001002,2026-03-31 03:06:00,37.905389,23.547437,0.1,Passenger,LIMASSOL FERRY,Cyprus,3,Tuesday,2026-03-31
538002001,2026-03-31 03:06:00,37.956176,23.645147,0.3,Container,MAJURO TIDE,Marshall Islands,3,Tuesday,2026-03-31
256001001,2026-03-31 03:07:00,37.851854,23.549247,0.1,Container,MALTA BREEZE,Malta,3,Tuesday,2026-03-31
371001002,2026-03-31 03:08:00,37.873406,23.553987,0.6,Tanker,BOSPHORUS WIND,Turkey,3,Tuesday,2026-03-31
241002003,2026-03-31 03:10:00,37.921886,23.575271,0.8,Ro-Ro,CRETE RUNNER,Greece,3,Tuesday,2026-03-31
636001001,2026-03-31 03:11:00,37.868006,23.536007,0.1,Tanker,LIBERIA FORTUNE,Liberia,3,Tuesday,2026-03-31
477001001,2026-03-31 03:12:00,37.954253,23.637952,0.4,Container,HONG KONG SPIRIT,Hong Kong,3,Tuesday,2026-03-31
371001001,2026-03-31 03:12:00,37.939234,23.643884,0.1,Container,ISTANBUL BRIDGE,Turkey,3,Tuesday,2026-03-31
538001001,2026-03-31 03:13:00,37.87474,23.508171,0.4,Tanker,MARSHALL DAWN,Marshall Islands,3,Tuesday,2026-03-31
241002001,2026-03-31 03:13:00,37.949355,23.606135,3.5,Tanker,ATHENA GLORY,Greece,3,Tuesday,2026-03-31
356002001,2026-03-31 03:14:00,37.922731,23.555057,0.2,Tanker,BALBOA QUEEN,Panama,3,Tuesday,2026-03-31
241001003,2026-03-31 03:19:00,37.864083,23.563704,0.6,Container,OLYMPIC CARRIER,Greece,3,Tuesday,2026-03-31
538001002,2026-03-31 03:19:00,37.850945,23.514662,0.5,Bulk Carrier,PACIFIC MARSHAL,Marshall Islands,3,Tuesday,2026-03-31
241001002,2026-03-31 03:20:00,37.85142,23.531758,0.4,Container,PIRAEUS EXPRESS,Greece,3,Tuesday,2026-03-31
241002005,2026-03-31 03:22:00,37.937292,23.633753,0.3,Container,RHODES CARRIER,Greece,3,Tuesday,2026-03-31
215001001,2026-03-31 03:22:00,37.93513,23.623111,0.1,Bulk Carrier,RABAT CARGO,Morocco,3,Tuesday,2026-03-31
241002001,2026-03-31 03:24:00,37.949931,23.606765,3.8,Tanker,ATHENA GLORY,Greece,3,Tuesday,2026-03-31
241002002,2026-03-31 03:24:00,37.958199,23.641709,0.1,Bulk Carrier,POSEIDON BULK,Greece,3,Tuesday,2026-03-31
371001002,2026-03-31 03:24:00,37.874092,23.55643,0.5,Tanker,BOSPHORUS WIND,Turkey,3,Tuesday,2026-03-31
636001002,2026-03-31 03:26:00,37.897522,23.562792,0.8,Bulk Carrier,MONROVIA STAR,Liberia,3,Tuesday,2026-03-31
209001002,2026-03-31 03:26:00,37.903909,23.54837,0.4,Passenger,LIMASSOL FERRY,Cyprus,3,Tuesday,2026-03-31
538002001,2026-03-31 03:26:00,37.955745,23.645902,0.3,Container,MAJURO TIDE,Marshall Islands,3,Tuesday,2026-03-31
477001002,2026-03-31 03:27:00,37.948562,23.609958,0.0,Tanker,ORIENT WAVE,Hong Kong,3,Tuesday,2026-03-31
247001002,2026-03-31 03:27:00,37.953769,23.626361,0.2,Passenger,NAPOLI STAR,Italy,3,Tuesday,2026-03-31
256001002,2026-03-31 03:28:00,37.893252,23.552402,0.8,Ro-Ro,VALLETTA SUN,Malta,3,Tuesday,2026-03-31
538001001,2026-03-31 03:30:00,37.874924,23.510955,0.6,Tanker,MARSHALL DAWN,Marshall Islands,3,Tuesday,2026-03-31
371001001,2026-03-31 03:30:00,37.93844,23.645097,0.3,Container,ISTANBUL BRIDGE,Turkey,3,Tuesday,2026-03-31
256001001,2026-03-31 03:31:00,37.84957,23.548823,0.8,Container,MALTA BREEZE,Malta,3,Tuesday,2026-03-31
241002003,2026-03-31 03:33:00,37.91941,23.573384,0.5,Ro-Ro,CRETE RUNNER,Greece,3,Tuesday,2026-03-31
356002001,2026-03-31 03:33:00,37.922905,23.555394,0.5,Tanker,BALBOA QUEEN,Panama,3,Tuesday,2026-03-31
477001001,2026-03-31 03:36:00,37.952508,23.637641,0.2,Container,HONG KONG SPIRIT,Hong Kong,3,Tuesday,2026-03-31
636001001,2026-03-31 03:36:00,37.869437,23.534102,0.5,Tanker,LIBERIA FORTUNE,Liberia,3,Tuesday,2026-03-31
241001002,2026-03-31 03:37:00,37.849852,23.532368,0.5,Container,PIRAEUS EXPRESS,Greece,3,Tuesday,2026-03-31
241001003,2026-03-31 03:37:00,37.866533,23.563493,0.3,Container,OLYMPIC CARRIER,Greece,3,Tuesday,2026-03-31
241002001,2026-03-31 03:38:00,37.950449,23.607332,3.3,Tanker,ATHENA GLORY,Greece,3,Tuesday,2026-03-31
241002005,2026-03-31 03:40:00,37.938033,23.634475,0.4,Container,RHODES CARRIER,Greece,3,Tuesday,2026-03-31
538001002,2026-03-31 03:41:00,37.850499,23.513813,0.4,Bulk Carrier,PACIFIC MARSHAL,Marshall Islands,3,Tuesday,2026-03-31
215001001,2026-03-31 03:41:00,37.934929,23.622995,0.2,Bulk Carrier,RABAT CARGO,Morocco,3,Tuesday,2026-03-31
371001002,2026-03-31 03:42:00,37.874379,23.556543,0.2,Tanker,BOSPHORUS WIND,Turkey,3,Tuesday,2026-03-31
477001002,2026-03-31 03:43:00,37.948827,23.610094,0.3,Tanker,ORIENT WAVE,Hong Kong,3,Tuesday,2026-03-31
256001002,2026-03-31 03:43:00,37.891401,23.551533,0.0,Ro-Ro,VALLETTA SUN,Malta,3,Tuesday,2026-03-31
241002001,2026-03-31 03:43:00,37.950915,23.607842,2.4,Tanker,ATHENA GLORY,Greece,3,Tuesday,2026-03-31
247001002,2026-03-31 03:45:00,37.954186,23.626736,0.2,Passenger,NAPOLI STAR,Italy,3,Tuesday,2026-03-31
209001002,2026-03-31 03:47:00,37.903572,23.550221,0.1,Passenger,LIMASSOL FERRY,Cyprus,3,Tuesday,2026-03-31
241002002,2026-03-31 03:49:00,37.95939,23.642994,0.4,Bulk Carrier,POSEIDON BULK,Greece,3,Tuesday,2026-03-31
636001002,2026-03-31 03:50:00,37.895789,23.561047,0.2,Bulk Carrier,MONROVIA STAR,Liberia,3,Tuesday,2026-03-31
241002003,2026-03-31 03:50:00,37.922769,23.573683,0.5,Ro-Ro,CRETE RUNNER,Greece,3,Tuesday,2026-03-31
538002001,2026-03-31 03:50:00,37.955683,23.645905,0.2,Container,MAJURO TIDE,Marshall Islands,3,Tuesday,2026-03-31
538001001,2026-03-31 03:51:00,37.873075,23.510416,0.8,Tanker,MARSHALL DAWN,Marshall Islands,3,Tuesday,2026-03-31
256001001,2026-03-31 03:52:00,37.849067,23.550746,0.7,Container,MALTA BREEZE,Malta,3,Tuesday,2026-03-31
371001001,2026-03-31 03:52:00,37.940281,23.643393,0.0,Container,ISTANBUL BRIDGE,Turkey,3,Tuesday,2026-03-31
241001003,2026-03-31 03:53:00,37.864473,23.562918,0.3,Container,OLYMPIC CARRIER,Greece,3,Tuesday,2026-03-31
477001001,2026-03-31 03:55:00,37.953542,23.637558,0.4,Container,HONG KONG SPIRIT,Hong Kong,3,Tuesday,2026-03-31
241002005,2026-03-31 03:55:00,37.936818,23.633925,0.1,Container,RHODES CARRIER,Greece,3,Tuesday,2026-03-31
356002001,2026-03-31 03:55:00,37.920831,23.551917,0.5,Tanker,BALBOA QUEEN,Panama,3,Tuesday,2026-03-31
538001002,2026-03-31 03:57:00,37.848896,23.514719,0.4,Bulk Carrier,PACIFIC MARSHAL,Marshall Islands,3,Tuesday,2026-03-31
477001002,2026-03-31 03:58:00,37.94741,23.611283,0.3,Tanker,ORIENT WAVE,Hong Kong,3,Tuesday,2026-03-31
371001002,2026-03-31 03:59:00,37.872091,23.557223,0.7,Tanker,BOSPHORUS WIND,Turkey,3,Tuesday,2026-03-31
241001002,2026-03-31 04:01:00,37.851991,23.532718,0.3,Container,PIRAEUS EXPRESS,Greece,4,Tuesday,2026-03-31
636001001,2026-03-31 04:01:00,37.868365,23.536155,0.5,Tanker,LIBERIA FORTUNE,Liberia,4,Tuesday,2026-03-31
256001002,2026-03-31 04:04:00,37.889912,23.553578,0.6,Ro-Ro,VALLETTA SUN,Malta,4,Tuesday,2026-03-31
247001002,2026-03-31 04:06:00,37.954815,23.626262,0.2,Passenger,NAPOLI STAR,Italy,4,Tuesday,2026-03-31
215001001,2026-03-31 04:06:00,37.935654,23.621679,0.2,Bulk Carrier,RABAT CARGO,Morocco,4,Tuesday,2026-03-31
241002002,2026-03-31 04:07:00,37.95855,23.642244,0.2,Bulk Carrier,POSEIDON BULK,Greece,4,Tuesday,2026-03-31
241002003,2026-03-31 04:08:00,37.920709,23.572122,0.1,Ro-Ro,CRETE RUNNER,Greece,4,Tuesday,2026-03-31
209001002,2026-03-31 04:09:00,37.903635,23.549374,0.2,Passenger,LIMASSOL FERRY,Cyprus,4,Tuesday,2026-03-31
241001003,2026-03-31 04:10:00,37.86512,23.562263,0.5,Container,OLYMPIC CARRIER,Greece,4,Tuesday,2026-03-31
371001001,2026-03-31 04:10:00,37.939279,23.64414,0.2,Container,ISTANBUL BRIDGE,Turkey,4,Tuesday,2026-03-31
636001002,2026-03-31 04:12:00,37.897048,23.563384,0.6,Bulk Carrier,MONROVIA STAR,Liberia,4,Tuesday,2026-03-31
356002001,2026-03-31 04:12:00,37.920512,23.552035,0.5,Tanker,BALBOA QUEEN,Panama,4,Tuesday,2026-03-31
477001002,2026-03-31 04:13:00,37.948599,23.610414,0.4,Tanker,ORIENT WAVE,Hong Kong,4,Tuesday,2026-03-31
538002001,2026-03-31 04:13:00,37.956763,23.64515,0.3,Container,MAJURO TIDE,Marshall Islands,4,Tuesday,2026-03-31
241002005,2026-03-31 04:14:00,37.937826,23.63472,0.2,Container,RHODES CARRIER,Greece,4,Tuesday,2026-03-31
477001001,2026-03-31 04:15:00,37.952829,23.63778,0.0,Container,HONG KONG SPIRIT,Hong Kong,4,Tuesday,2026-03-31
371001002,2026-03-31 04:15:00,37.87235,23.555122,0.3,Tanker,BOSPHORUS WIND,Turkey,4,Tuesday,2026-03-31
636001001,2026-03-31 04:16:00,37.866542,23.536041,0.4,Tanker,LIBERIA FORTUNE,Liberia,4,Tuesday,2026-03-31
538001001,2026-03-31 04:16:00,37.872957,23.51055,0.7,Tanker,MARSHALL DAWN,Marshall Islands,4,Tuesday,2026-03-31
256001001,2026-03-31 04:16:00,37.850978,23.551096,0.5,Container,MALTA BREEZE,Malta,4,Tuesday,2026-03-31
538001002,2026-03-31 04:19:00,37.851024,23.514868,0.1,Bulk Carrier,PACIFIC MARSHAL,Marshall Islands,4,Tuesday,2026-03-31
256001002,2026-03-31 04:19:00,37.890424,23.552024,0.5,Ro-Ro,VALLETTA SUN,Malta,4,Tuesday,2026-03-31
215001001,2026-03-31 04:21:00,37.935321,23.622809,0.4,Bulk Carrier,RABAT CARGO,Morocco,4,Tuesday,2026-03-31
247001002,2026-03-31 04:25:00,37.95377,23.626298,0.1,Passenger,NAPOLI STAR,Italy,4,Tuesday,2026-03-31
241001002,2026-03-31 04:26:00,37.851943,23.530302,0.2,Container,PIRAEUS EXPRESS,Greece,4,Tuesday,2026-03-31
241001003,2026-03-31 04:26:00,37.863609,23.564853,0.1,Container,OLYMPIC CARRIER,Greece,4,Tuesday,2026-03-31
241002003,2026-03-31 04:28:00,37.920932,23.573105,0.8,Ro-Ro,CRETE RUNNER,Greece,4,Tuesday,2026-03-31
371001001,2026-03-31 04:28:00,37.939565,23.643591,0.3,Container,ISTANBUL BRIDGE,Turkey,4,Tuesday,2026-03-31
241002002,2026-03-31 04:29:00,37.957916,23.642584,0.3,Bulk Carrier,POSEIDON BULK,Greece,4,Tuesday,2026-03-31
209001002,2026-03-31 04:30:00,37.905399,23.548246,0.5,Passenger,LIMASSOL FERRY,Cyprus,4,Tuesday,2026-03-31
356002001,2026-03-31 04:30:00,37.920127,23.553671,0.1,Tanker,BALBOA QUEEN,Panama,4,Tuesday,2026-03-31
538001001,2026-03-31 04:32:00,37.871967,23.511378,0.1,Tanker,MARSHALL DAWN,Marshall Islands,4,Tuesday,2026-03-31
636001002,2026-03-31 04:34:00,37.897604,23.562987,0.5,Bulk Carrier,MONROVIA STAR,Liberia,4,Tuesday,2026-03-31
477001001,2026-03-31 04:36:00,37.953014,23.63862,0.4,Container,HONG KONG SPIRIT,Hong Kong,4,Tuesday,2026-03-31
477001002,2026-03-31 04:36:00,37.947814,23.61091,0.1,Tanker,ORIENT WAVE,Hong Kong,4,Tuesday,2026-03-31
256001001,2026-03-31 04:37:00,37.85062,23.551693,0.3,Container,MALTA BREEZE,Malta,4,Tuesday,2026-03-31
215001001,2026-03-31 04:37:00,37.93491,23.622519,0.3,Bulk Carrier,RABAT CARGO,Morocco,4,Tuesday,2026-03-31
538002001,2026-03-31 04:38:00,37.956595,23.64549,0.1,Container,MAJURO TIDE,Marshall Islands,4,Tuesday,2026-03-31
538001002,2026-03-31 04:39:00,37.850485,23.513431,0.5,Bulk Carrier,PACIFIC MARSHAL,Marshall Islands,4,Tuesday,2026-03-31
256001002,2026-03-31 04:39:00,37.889911,23.551278,0.8,Ro-Ro,VALLETTA SUN,Malta,4,Tuesday,2026-03-31
241002005,2026-03-31 04:39:00,37.936918,23.634024,0.4,Container,RHODES CARRIER,Greece,4,Tuesday,2026-03-31
636001001,2026-03-31 04:40:00,37.868381,23.535985,0.4,Tanker,LIBERIA FORTUNE,Liberia,4,Tuesday,2026-03-31
371001002,2026-03-31 04:40:00,37.873603,23.556294,0.3,Tanker,BOSPHORUS WIND,Turkey,4,Tuesday,2026-03-31
241001002,2026-03-31 04:41:00,37.850618,23.533112,0.2,Container,PIRAEUS EXPRESS,Greece,4,Tuesday,2026-03-31
241001003,2026-03-31 04:43:00,37.865569,23.564144,0.4,Container,OLYMPIC CARRIER,Greece,4,Tuesday,2026-03-31
371001001,2026-03-31 04:45:00,37.939542,23.644375,0.2,Container,ISTANBUL BRIDGE,Turkey,4,Tuesday,2026-03-31
241002002,2026-03-31 04:47:00,37.959771,23.643478,0.0,Bulk Carrier,POSEIDON BULK,Greece,4,Tuesday,2026-03-31
241002003,2026-03-31 04:48:00,37.920593,23.574305,0.8,Ro-Ro,CRETE RUNNER,Greece,4,Tuesday,2026-03-31
209001002,2026-03-31 04:49:00,37.905869,23.550653,0.5,Passenger,LIMASSOL FERRY,Cyprus,4,Tuesday,2026-03-31
247001002,2026-03-31 04:50:00,37.953335,23.62717,0.3,Passenger,NAPOLI STAR,Italy,4,Tuesday,2026-03-31
356002001,2026-03-31 04:51:00,37.920515,23.553266,0.0,Tanker,BALBOA QUEEN,Panama,4,Tuesday,2026-03-31
477001002,2026-03-31 04:53:00,37.947013,23.610864,0.0,Tanker,ORIENT WAVE,Hong Kong,4,Tuesday,2026-03-31
636001002,2026-03-31 04:56:00,37.894288,23.562074,0.1,Bulk Carrier,MONROVIA STAR,Liberia,4,Tuesday,2026-03-31
538001001,2026-03-31 04:56:00,37.87413,23.508358,0.2,Tanker,MARSHALL DAWN,Marshall Islands,4,Tuesday,2026-03-31
241001002,2026-03-31 04:57:00,37.852262,23.532016,0.4,Container,PIRAEUS EXPRESS,Greece,4,Tuesday,2026-03-31
636001001,2026-03-31 04:57:00,37.867043,23.535561,0.6,Tanker,LIBERIA FORTUNE,Liberia,4,Tuesday,2026-03-31
371001002,2026-03-31 04:57:00,37.872705,23.554753,0.7,Tanker,BOSPHORUS WIND,Turkey,4,Tuesday,2026-03-31
256001001,2026-03-31 04:59:00,37.848542,23.549711,0.5,Container,MALTA BREEZE,Malta,4,Tuesday,2026-03-31
477001001,2026-03-31 05:00:00,37.953193,23.639285,0.3,Container,HONG KONG SPIRIT,Hong Kong,5,Tuesday,2026-03-31
215001001,2026-03-31 05:00:00,37.934751,23.623152,0.0,Bulk Carrier,RABAT CARGO,Morocco,5,Tuesday,2026-03-31
538002001,2026-03-31 05:01:00,37.957658,23.644687,0.3,Container,MAJURO TIDE,Marshall Islands,5,Tuesday,2026-03-31
256001002,2026-03-31 05:02:00,37.890425,23.551262,0.4,Ro-Ro,VALLETTA SUN,Malta,5,Tuesday,2026-03-31
241002005,2026-03-31 05:02:00,37.938038,23.633993,0.2,Container,RHODES CARRIER,Greece,5,Tuesday,2026-03-31
371001001,2026-03-31 05:02:00,37.938626,23.64432,0.3,Container,ISTANBUL BRIDGE,Turkey,5,Tuesday,2026-03-31
241001003,2026-03-31 05:03:00,37.864866,23.565392,0.5,Container,OLYMPIC CARRIER,Greece,5,Tuesday,2026-03-31
538001002,2026-03-31 05:04:00,37.851022,23.514746,0.1,Bulk Carrier,PACIFIC MARSHAL,Marshall Islands,5,Tuesday,2026-03-31
241002002,2026-03-31 05:04:00,37.958972,23.643263,0.0,Bulk Carrier,POSEIDON BULK,Greece,5,Tuesday,2026-03-31
247001002,2026-03-31 05:07:00,37.953942,23.626554,0.2,Passenger,NAPOLI STAR,Italy,5,Tuesday,2026-03-31
356002001,2026-03-31 05:08:00,37.923395,23.553835,0.7,Tanker,BALBOA QUEEN,Panama,5,Tuesday,2026-03-31
477001002,2026-03-31 05:11:00,37.948537,23.610046,0.1,Tanker,ORIENT WAVE,Hong Kong,5,Tuesday,2026-03-31
209001002,2026-03-31 05:11:00,37.904991,23.547318,0.6,Passenger,LIMASSOL FERRY,Cyprus,5,Tuesday,2026-03-31
241002003,2026-03-31 05:11:00,37.922672,23.572749,0.7,Ro-Ro,CRETE RUNNER,Greece,5,Tuesday,2026-03-31
636001001,2026-03-31 05:13:00,37.86875,23.535831,0.3,Tanker,LIBERIA FORTUNE,Liberia,5,Tuesday,2026-03-31
636001002,2026-03-31 05:14:00,37.894938,23.560802,0.5,Bulk Carrier,MONROVIA STAR,Liberia,5,Tuesday,2026-03-31
538001001,2026-03-31 05:14:00,37.871966,23.507752,0.2,Tanker,MARSHALL DAWN,Marshall Islands,5,Tuesday,2026-03-31
371001002,2026-03-31 05:14:00,37.875489,23.555507,0.6,Tanker,BOSPHORUS WIND,Turkey,5,Tuesday,2026-03-31
256001001,2026-03-31 05:15:00,37.849942,23.550405,0.2,Container,MALTA BREEZE,Malta,5,Tuesday,2026-03-31
538002001,2026-03-31 05:17:00,37.955827,23.644779,0.2,Container,MAJURO TIDE,Marshall Islands,5,Tuesday,2026-03-31
241001002,2026-03-31 05:18:00,37.849693,23.532337,0.4,Container,PIRAEUS EXPRESS,Greece,5,Tuesday,2026-03-31
256001002,2026-03-31 05:19:00,37.893276,23.551133,0.4,Ro-Ro,VALLETTA SUN,Malta,5,Tuesday,2026-03-31
241002005,2026-03-31 05:19:00,37.936836,23.634427,0.2,Container,RHODES CARRIER,Greece,5,Tuesday,2026-03-31
477001001,2026-03-31 05:20:00,37.953894,23.639073,0.2,Container,HONG KONG SPIRIT,Hong Kong,5,Tuesday,2026-03-31
538001002,2026-03-31 05:20:00,37.851925,23.512062,0.7,Bulk Carrier,PACIFIC MARSHAL,Marshall Islands,5,Tuesday,2026-03-31
241002002,2026-03-31 05:22:00,37.957943,23.643051,0.1,Bulk Carrier,POSEIDON BULK,Greece,5,Tuesday,2026-03-31
215001001,2026-03-31 05:22:00,37.934875,23.62216,0.1,Bulk Carrier,RABAT CARGO,Morocco,5,Tuesday,2026-03-31
241001003,2026-03-31 05:24:00,37.866107,23.565772,0.7,Container,OLYMPIC CARRIER,Greece,5,Tuesday,2026-03-31
371001001,2026-03-31 05:26:00,37.940376,23.644172,0.1,Container,ISTANBUL BRIDGE,Turkey,5,Tuesday,2026-03-31
247001002,2026-03-31 05:29:00,37.953393,23.626787,0.3,Passenger,NAPOLI STAR,Italy,5,Tuesday,2026-03-31
371001002,2026-03-31 05:31:00,37.872775,23.554913,0.2,Tanker,BOSPHORUS WIND,Turkey,5,Tuesday,2026-03-31
256001001,2026-03-31 05:32:00,37.850904,23.551213,0.0,Container,MALTA BREEZE,Malta,5,Tuesday,2026-03-31
356002001,2026-03-31 05:32:00,37.923465,23.554117,0.5,Tanker,BALBOA QUEEN,Panama,5,Tuesday,2026-03-31
538002001,2026-03-31 05:32:00,37.957168,23.644856,0.1,Container,MAJURO TIDE,Marshall Islands,5,Tuesday,2026-03-31
241001002,2026-03-31 05:33:00,37.852159,23.533255,0.7,Container,PIRAEUS EXPRESS,Greece,5,Tuesday,2026-03-31
241002003,2026-03-31 05:33:00,37.920093,23.574541,0.2,Ro-Ro,CRETE RUNNER,Greece,5,Tuesday,2026-03-31
636001002,2026-03-31 05:34:00,37.894057,23.562868,0.4,Bulk Carrier,MONROVIA STAR,Liberia,5,Tuesday,2026-03-31
209001002,2026-03-31 05:34:00,37.906168,23.547185,0.1,Passenger,LIMASSOL FERRY,Cyprus,5,Tuesday,2026-03-31
477001001,2026-03-31 05:36:00,37.954364,23.637599,0.2,Container,HONG KONG SPIRIT,Hong Kong,5,Tuesday,2026-03-31
477001002,2026-03-31 05:36:00,37.947058,23.610474,0.4,Tanker,ORIENT WAVE,Hong Kong,5,Tuesday,2026-03-31
636001001,2026-03-31 05:36:00,37.868023,23.534736,0.7,Tanker,LIBERIA FORTUNE,Liberia,5,Tuesday,2026-03-31
538001001,2026-03-31 05:36:00,37.875247,23.509309,0.1,Tanker,MARSHALL DAWN,Marshall Islands,5,Tuesday,2026-03-31
241002005,2026-03-31 05:36:00,37.936853,23.635011,0.2,Container,RHODES CARRIER,Greece,5,Tuesday,2026-03-31
538001002,2026-03-31 05:38:00,37.84904,23.512439,0.1,Bulk Carrier,PACIFIC MARSHAL,Marshall Islands,5,Tuesday,2026-03-31
256001002,2026-03-31 05:39:00,37.890515,23.553517,0.8,Ro-Ro,VALLETTA SUN,Malta,5,Tuesday,2026-03-31
215001001,2026-03-31 05:39:00,37.935215,23.622329,0.1,Bulk Carrier,RABAT CARGO,Morocco,5,Tuesday,2026-03-31
241002002,2026-03-31 05:41:00,37.958182,23.642449,0.1,Bulk Carrier,POSEIDON BULK,Greece,5,Tuesday,2026-03-31
371001001,2026-03-31 05:44:00,37.939985,23.644062,0.4,Container,ISTANBUL BRIDGE,Turkey,5,Tuesday,2026-03-31
241001003,2026-03-31 05:48:00,37.863637,23.563928,0.2,Container,OLYMPIC CARRIER,Greece,5,Tuesday,2026-03-31
247001002,2026-03-31 05:48:00,37.954391,23.62681,0.1,Passenger,NAPOLI STAR,Italy,5,Tuesday,2026-03-31
477001002,2026-03-31 05:52:00,37.947019,23.611107,0.0,Tanker,ORIENT WAVE,Hong Kong,5,Tuesday,2026-03-31
636001002,2026-03-31 05:52:00,37.895614,23.562534,0.2,Bulk Carrier,MONROVIA STAR,Liberia,5,Tuesday,2026-03-31
356002001,2026-03-31 05:53:00,37.920115,23.552215,0.1,Tanker,BALBOA QUEEN,Panama,5,Tuesday,2026-03-31
241001002,2026-03-31 05:54:00,37.851933,23.532497,0.2,Container,PIRAEUS EXPRESS,Greece,5,Tuesday,2026-03-31
636001001,2026-03-31 05:54:00,37.870202,23.536182,0.2,Tanker,LIBERIA FORTUNE,Liberia,5,Tuesday,2026-03-31
256001001,2026-03-31 05:54:00,37.851841,23.549423,0.6,Container,MALTA BREEZE,Malta,5,Tuesday,2026-03-31
538002001,2026-03-31 05:54:00,37.955899,23.646295,0.3,Container,MAJURO TIDE,Marshall Islands,5,Tuesday,2026-03-31
538001002,2026-03-31 05:56:00,37.850443,23.511329,0.2,Bulk Carrier,PACIFIC MARSHAL,Marshall Islands,5,Tuesday,2026-03-31
371001002,2026-03-31 05:56:00,37.873332,23.556515,0.5,Tanker,BOSPHORUS WIND,Turkey,5,Tuesday,2026-03-31
477001001,2026-03-31 05:57:00,37.952567,23.638702,0.1,Container,HONG KONG SPIRIT,Hong Kong,5,Tuesday,2026-03-31
209001002,2026-03-31 05:57:00,37.903795,23.547518,0.7,Passenger,LIMASSOL FERRY,Cyprus,5,Tuesday,2026-03-31
241002003,2026-03-31 05:57:00,37.922933,23.575305,0.3,Ro-Ro,CRETE RUNNER,Greece,5,Tuesday,2026-03-31
215001001,2026-03-31 05:57:00,37.935834,23.622433,0.3,Bulk Carrier,RABAT CARGO,Morocco,5,Tuesday,2026-03-31
538001001,2026-03-31 06:01:00,37.875271,23.5094,0.3,Tanker,MARSHALL DAWN,Marshall Islands,6,Tuesday,2026-03-31
241002005,2026-03-31 06:01:00,37.936656,23.634562,0.2,Container,RHODES CARRIER,Greece,6,Tuesday,2026-03-31
256001002,2026-03-31 06:03:00,37.89309,23.552077,0.7,Ro-Ro,VALLETTA SUN,Malta,6,Tuesday,2026-03-31
371001001,2026-03-31 06:03:00,37.940275,23.643374,0.2,Container,ISTANBUL BRIDGE,Turkey,6,Tuesday,2026-03-31
241001003,2026-03-31 06:05:00,37.86412,23.562331,0.5,Container,OLYMPIC CARRIER,Greece,6,Tuesday,2026-03-31
241002002,2026-03-31 06:05:00,37.958358,23.642498,0.1,Bulk Carrier,POSEIDON BULK,Greece,6,Tuesday,2026-03-31
636001002,2026-03-31 06:12:00,37.897744,23.561445,0.1,Bulk Carrier,MONROVIA STAR,Liberia,6,Tuesday,2026-03-31
247001002,2026-03-31 06:12:00,37.95509,23.626488,0.1,Passenger,NAPOLI STAR,Italy,6,Tuesday,2026-03-31
477001002,2026-03-31 06:14:00,37.947074,23.610997,0.3,Tanker,ORIENT WAVE,Hong Kong,6,Tuesday,2026-03-31
215001001,2026-03-31 06:14:00,37.935532,23.622135,0.1,Bulk Carrier,RABAT CARGO,Morocco,6,Tuesday,2026-03-31
241001002,2026-03-31 06:16:00,37.849714,23.533106,0.0,Container,PIRAEUS EXPRESS,Greece,6,Tuesday,2026-03-31
636001001,2026-03-31 06:16:00,37.866901,23.53471,0.6,Tanker,LIBERIA FORTUNE,Liberia,6,Tuesday,2026-03-31
538001002,2026-03-31 06:16:00,37.852424,23.512654,0.4,Bulk Carrier,PACIFIC MARSHAL,Marshall Islands,6,Tuesday,2026-03-31
538002001,2026-03-31 06:16:00,37.957278,23.645498,0.1,Container,MAJURO TIDE,Marshall Islands,6,Tuesday,2026-03-31
241002005,2026-03-31 06:17:00,37.937702,23.633529,0.4,Container,RHODES CARRIER,Greece,6,Tuesday,2026-03-31
538001001,2026-03-31 06:18:00,37.872767,23.509068,0.1,Tanker,MARSHALL DAWN,Marshall Islands,6,Tuesday,2026-03-31
356002001,2026-03-31 06:18:00,37.922074,23.554447,0.2,Tanker,BALBOA QUEEN,Panama,6,Tuesday,2026-03-31
256001001,2026-03-31 06:19:00,37.849164,23.550385,0.3,Container,MALTA BREEZE,Malta,6,Tuesday,2026-03-31
209001002,2026-03-31 06:19:00,37.90395,23.548903,0.0,Passenger,LIMASSOL FERRY,Cyprus,6,Tuesday,2026-03-31
371001002,2026-03-31 06:19:00,37.87549,23.553752,0.2,Tanker,BOSPHORUS WIND,Turkey,6,Tuesday,2026-03-31
477001001,2026-03-31 06:21:00,37.953208,23.639039,0.4,Container,HONG KONG SPIRIT,Hong Kong,6,Tuesday,2026-03-31
241002003,2026-03-31 06:22:00,37.922815,23.575331,0.4,Ro-Ro,CRETE RUNNER,Greece,6,Tuesday,2026-03-31
256001002,2026-03-31 06:24:00,37.890645,23.553987,0.8,Ro-Ro,VALLETTA SUN,Malta,6,Tuesday,2026-03-31
371001001,2026-03-31 06:24:00,37.939186,23.645057,0.3,Container,ISTANBUL BRIDGE,Turkey,6,Tuesday,2026-03-31
241001003,2026-03-31 06:28:00,37.866273,23.564194,0.3,Container,OLYMPIC CARRIER,Greece,6,Tuesday,2026-03-31
241002002,2026-03-31 06:30:00,37.959512,23.642563,0.1,Bulk Carrier,POSEIDON BULK,Greece,6,Tuesday,2026-03-31
215001001,2026-03-31 06:31:00,37.936207,23.621679,0.1,Bulk Carrier,RABAT CARGO,Morocco,6,Tuesday,2026-03-31
636001002,2026-03-31 06:32:00,37.896313,23.56027,0.2,Bulk Carrier,MONROVIA STAR,Liberia,6,Tuesday,2026-03-31
247001002,2026-03-31 06:32:00,37.953916,23.626871,0.2,Passenger,NAPOLI STAR,Italy,6,Tuesday,2026-03-31
538001001,2026-03-31 06:33:00,37.875663,23.508324,0.7,Tanker,MARSHALL DAWN,Marshall Islands,6,Tuesday,2026-03-31
477001002,2026-03-31 06:34:00,37.948775,23.609403,0.0,Tanker,ORIENT WAVE,Hong Kong,6,Tuesday,2026-03-31
538001002,2026-03-31 06:34:00,37.849655,23.513781,0.1,Bulk Carrier,PACIFIC MARSHAL,Marshall Islands,6,Tuesday,2026-03-31
256001001,2026-03-31 06:35:00,37.86011,23.557263,3.4,Container,MALTA BREEZE,Malta,6,Tuesday,2026-03-31
209001002,2026-03-31 06:35:00,37.904957,23.54715,0.5,Passenger,LIMASSOL FERRY,Cyprus,6,Tuesday,2026-03-31
477001001,2026-03-31 06:36:00,37.953982,23.638393,0.3,Container,HONG KONG SPIRIT,Hong Kong,6,Tuesday,2026-03-31
356002001,2026-03-31 06:36:00,37.921188,23.554318,0.4,Tanker,BALBOA QUEEN,Panama,6,Tuesday,2026-03-31
241001002,2026-03-31 06:38:00,37.850576,23.531838,0.1,Container,PIRAEUS EXPRESS,Greece,6,Tuesday,2026-03-31
636001001,2026-03-31 06:39:00,37.869154,23.535743,0.2,Tanker,LIBERIA FORTUNE,Liberia,6,Tuesday,2026-03-31
538002001,2026-03-31 06:39:00,37.955691,23.644759,0.2,Container,MAJURO TIDE,Marshall Islands,6,Tuesday,2026-03-31
256001002,2026-03-31 06:41:00,37.893074,23.552556,0.5,Ro-Ro,VALLETTA SUN,Malta,6,Tuesday,2026-03-31
241002005,2026-03-31 06:42:00,37.937955,23.633528,0.0,Container,RHODES CARRIER,Greece,6,Tuesday,2026-03-31
371001002,2026-03-31 06:42:00,37.873466,23.554182,0.0,Tanker,BOSPHORUS WIND,Turkey,6,Tuesday,2026-03-31
256001001,2026-03-31 06:43:00,37.869252,23.563896,1.9,Container,MALTA BREEZE,Malta,6,Tuesday,2026-03-31
371001001,2026-03-31 06:44:00,37.939005,23.643473,0.1,Container,ISTANBUL BRIDGE,Turkey,6,Tuesday,2026-03-31
241002003,2026-03-31 06:46:00,37.919471,23.571613,0.7,Ro-Ro,CRETE RUNNER,Greece,6,Tuesday,2026-03-31
215001001,2026-03-31 06:47:00,37.934795,23.622923,0.0,Bulk Carrier,RABAT CARGO,Morocco,6,Tuesday,2026-03-31
241001003,2026-03-31 06:49:00,37.867121,23.565172,0.7,Container,OLYMPIC CARRIER,Greece,6,Tuesday,2026-03-31
241002002,2026-03-31 06:50:00,37.958123,23.642484,0.2,Bulk Carrier,POSEIDON BULK,Greece,6,Tuesday,2026-03-31
247001002,2026-03-31 06:53:00,37.954436,23.627533,0.2,Passenger,NAPOLI STAR,Italy,6,Tuesday,2026-03-31
477001001,2026-03-31 06:54:00,37.954297,23.638356,0.1,Container,HONG KONG SPIRIT,Hong Kong,6,Tuesday,2026-03-31
256001001,2026-03-31 06:55:00,37.87748,23.569866,2.5,Container,MALTA BREEZE,Malta,6,Tuesday,2026-03-31
636001002,2026-03-31 06:57:00,37.894779,23.562487,0.7,Bulk Carrier,MONROVIA STAR,Liberia,6,Tuesday,2026-03-31
477001002,2026-03-31 06:58:00,37.948339,23.610294,0.2,Tanker,ORIENT WAVE,Hong Kong,6,Tuesday,2026-03-31
538001001,2026-03-31 06:58:00,37.874893,23.507699,0.8,Tanker,MARSHALL DAWN,Marshall Islands,6,Tuesday,2026-03-31
538001002,2026-03-31 06:58:00,37.850438,23.514073,0.2,Bulk Carrier,PACIFIC MARSHAL,Marshall Islands,6,Tuesday,2026-03-31
538002001,2026-03-31 06:58:00,37.957432,23.645066,0.3,Container,MAJURO TIDE,Marshall Islands,6,Tuesday,2026-03-31
209001002,2026-03-31 06:59:00,37.905414,23.547138,0.2,Passenger,LIMASSOL FERRY,Cyprus,6,Tuesday,2026-03-31
356002001,2026-03-31 07:00:00,37.922699,23.553213,0.4,Tanker,BALBOA QUEEN,Panama,7,Tuesday,2026-03-31
241001002,2026-03-31 07:01:00,37.852517,23.533279,0.5,Container,PIRAEUS EXPRESS,Greece,7,Tuesday,2026-03-31
636001001,2026-03-31 07:02:00,37.867152,23.534797,0.5,Tanker,LIBERIA FORTUNE,Liberia,7,Tuesday,2026-03-31
256001002,2026-03-31 07:03:00,37.889977,23.550928,0.0,Ro-Ro,VALLETTA SUN,Malta,7,Tuesday,2026-03-31
256001001,2026-03-31 07:04:00,37.884884,23.575239,2.6,Container,MALTA BREEZE,Malta,7,Tuesday,2026-03-31
215001001,2026-03-31 07:04:00,37.93615,23.622395,0.2,Bulk Carrier,RABAT CARGO,Morocco,7,Tuesday,2026-03-31
371001002,2026-03-31 07:05:00,37.87328,23.554733,0.0,Tanker,BOSPHORUS WIND,Turkey,7,Tuesday,2026-03-31
241002005,2026-03-31 07:06:00,37.936289,23.634209,0.4,Container,RHODES CARRIER,Greece,7,Tuesday,2026-03-31
241002003,2026-03-31 07:08:00,37.920657,23.57161,0.3,Ro-Ro,CRETE RUNNER,Greece,7,Tuesday,2026-03-31
371001001,2026-03-31 07:09:00,37.940384,23.643511,0.1,Container,ISTANBUL BRIDGE,Turkey,7,Tuesday,2026-03-31
241001003,2026-03-31 07:13:00,37.86545,23.564334,0.5,Container,OLYMPIC CARRIER,Greece,7,Tuesday,2026-03-31
241002002,2026-03-31 07:13:00,37.958654,23.641913,0.2,Bulk Carrier,POSEIDON BULK,Greece,7,Tuesday,2026-03-31
247001002,2026-03-31 07:14:00,37.954404,23.627761,0.1,Passenger,NAPOLI STAR,Italy,7,Tuesday,2026-03-31
636001002,2026-03-31 07:15:00,37.897509,23.560366,0.6,Bulk Carrier,MONROVIA STAR,Liberia,7,Tuesday,2026-03-31
356002001,2026-03-31 07:16:00,37.923282,23.552241,0.4,Tanker,BALBOA QUEEN,Panama,7,Tuesday,2026-03-31
256001001,2026-03-31 07:17:00,37.891549,23.580075,2.6,Container,MALTA BREEZE,Malta,7,Tuesday,2026-03-31
256001002,2026-03-31 07:18:00,37.89692,23.557208,2.3,Ro-Ro,VALLETTA SUN,Malta,7,Tuesday,2026-03-31
209001002,2026-03-31 07:18:00,37.904536,23.548611,0.8,Passenger,LIMASSOL FERRY,Cyprus,7,Tuesday,2026-03-31
538002001,2026-03-31 07:18:00,37.956415,23.645824,0.2,Container,MAJURO TIDE,Marshall Islands,7,Tuesday,2026-03-31
477001001,2026-03-31 07:19:00,37.953175,23.639036,0.2,Container,HONG KONG SPIRIT,Hong Kong,7,Tuesday,2026-03-31
477001002,2026-03-31 07:19:00,37.947236,23.609731,0.3,Tanker,ORIENT WAVE,Hong Kong,7,Tuesday,2026-03-31
538001001,2026-03-31 07:20:00,37.873822,23.508734,0.7,Tanker,MARSHALL DAWN,Marshall Islands,7,Tuesday,2026-03-31
636001001,2026-03-31 07:21:00,37.870033,23.532831,0.5,Tanker,LIBERIA FORTUNE,Liberia,7,Tuesday,2026-03-31
256001001,2026-03-31 07:22:00,37.897546,23.584427,4.0,Container,MALTA BREEZE,Malta,7,Tuesday,2026-03-31
538001002,2026-03-31 07:23:00,37.851019,23.514239,0.2,Bulk Carrier,PACIFIC MARSHAL,Marshall Islands,7,Tuesday,2026-03-31
215001001,2026-03-31 07:24:00,37.934897,23.623152,0.3,Bulk Carrier,RABAT CARGO,Morocco,7,Tuesday,2026-03-31
241001002,2026-03-31 07:25:00,37.852285,23.53142,0.7,Container,PIRAEUS EXPRESS,Greece,7,Tuesday,2026-03-31
241002003,2026-03-31 07:25:00,37.919276,23.573312,0.3,Ro-Ro,CRETE RUNNER,Greece,7,Tuesday,2026-03-31
256001001,2026-03-31 07:28:00,37.902944,23.588344,2.2,Container,MALTA BREEZE,Malta,7,Tuesday,2026-03-31
371001002,2026-03-31 07:29:00,37.87541,23.557331,0.5,Tanker,BOSPHORUS WIND,Turkey,7,Tuesday,2026-03-31
256001002,2026-03-31 07:30:00,37.901904,23.561887,1.1,Ro-Ro,VALLETTA SUN,Malta,7,Tuesday,2026-03-31
241002005,2026-03-31 07:30:00,37.937425,23.635024,0.3,Container,RHODES CARRIER,Greece,7,Tuesday,2026-03-31
636001002,2026-03-31 07:33:00,37.897363,23.560963,0.7,Bulk Carrier,MONROVIA STAR,Liberia,7,Tuesday,2026-03-31
371001001,2026-03-31 07:34:00,37.940137,23.643374,0.3,Container,ISTANBUL BRIDGE,Turkey,7,Tuesday,2026-03-31
209001002,2026-03-31 07:35:00,37.905681,23.546862,0.1,Passenger,LIMASSOL FERRY,Cyprus,7,Tuesday,2026-03-31
241002002,2026-03-31 07:35:00,37.95855,23.643309,0.0,Bulk Carrier,POSEIDON BULK,Greece,7,Tuesday,2026-03-31
356002001,2026-03-31 07:35:00,37.922028,23.553648,2.0,Tanker,BALBOA QUEEN,Panama,7,Tuesday,2026-03-31
538002001,2026-03-31 07:35:00,37.957042,23.64613,0.1,Container,MAJURO TIDE,Marshall Islands,7,Tuesday,2026-03-31
477001002,2026-03-31 07:36:00,37.947782,23.609599,0.1,Tanker,ORIENT WAVE,Hong Kong,7,Tuesday,2026-03-31
241001003,2026-03-31 07:38:00,37.864293,23.56262,0.7,Container,OLYMPIC CARRIER,Greece,7,Tuesday,2026-03-31
477001001,2026-03-31 07:38:00,37.953841,23.637656,0.3,Container,HONG KONG SPIRIT,Hong Kong,7,Tuesday,2026-03-31
256001001,2026-03-31 07:38:00,37.907803,23.591869,3.6,Container,MALTA BREEZE,Malta,7,Tuesday,2026-03-31
247001002,2026-03-31 07:39:00,37.954309,23.627377,0.1,Passenger,NAPOLI STAR,Italy,7,Tuesday,2026-03-31
256001002,2026-03-31 07:40:00,37.906389,23.566097,4.0,Ro-Ro,VALLETTA SUN,Malta,7,Tuesday,2026-03-31
538001001,2026-03-31 07:42:00,37.873572,23.510539,0.7,Tanker,MARSHALL DAWN,Marshall Islands,7,Tuesday,2026-03-31
356002001,2026-03-31 07:42:00,37.924468,23.560886,2.1,Tanker,BALBOA QUEEN,Panama,7,Tuesday,2026-03-31
215001001,2026-03-31 07:42:00,37.935243,23.621632,0.3,Bulk Carrier,RABAT CARGO,Morocco,7,Tuesday,2026-03-31
241002003,2026-03-31 07:43:00,37.921298,23.572204,0.1,Ro-Ro,CRETE RUNNER,Greece,7,Tuesday,2026-03-31
538001002,2026-03-31 07:45:00,37.848949,23.512259,0.8,Bulk Carrier,PACIFIC MARSHAL,Marshall Islands,7,Tuesday,2026-03-31
636001001,2026-03-31 07:46:00,37.867059,23.53447,0.8,Tanker,LIBERIA FORTUNE,Liberia,7,Tuesday,2026-03-31
371001002,2026-03-31 07:47:00,37.873966,23.555649,0.5,Tanker,BOSPHORUS WIND,Turkey,7,Tuesday,2026-03-31
241001002,2026-03-31 07:48:00,37.849354,23.533159,0.4,Container,PIRAEUS EXPRESS,Greece,7,Tuesday,2026-03-31
241002005,2026-03-31 07:48:00,37.936999,23.634083,0.1,Container,RHODES CARRIER,Greece,7,Tuesday,2026-03-31
636001002,2026-03-31 07:49:00,37.894332,23.563362,0.1,Bulk Carrier,MONROVIA STAR,Liberia,7,Tuesday,2026-03-31
256001001,2026-03-31 07:50:00,37.912175,23.595042,2.4,Container,MALTA BREEZE,Malta,7,Tuesday,2026-03-31
356002001,2026-03-31 07:52:00,37.926908,23.568125,5.6,Tanker,BALBOA QUEEN,Panama,7,Tuesday,2026-03-31
256001002,2026-03-31 07:53:00,37.910426,23.569887,2.5,Ro-Ro,VALLETTA SUN,Malta,7,Tuesday,2026-03-31
371001001,2026-03-31 07:53:00,37.94018,23.643433,0.3,Container,ISTANBUL BRIDGE,Turkey,7,Tuesday,2026-03-31
209001002,2026-03-31 07:54:00,37.904185,23.549944,0.7,Passenger,LIMASSOL FERRY,Cyprus,7,Tuesday,2026-03-31
241002002,2026-03-31 07:54:00,37.958093,23.643054,0.2,Bulk Carrier,POSEIDON BULK,Greece,7,Tuesday,2026-03-31
477001001,2026-03-31 07:55:00,37.953983,23.637801,0.2,Container,HONG KONG SPIRIT,Hong Kong,7,Tuesday,2026-03-31
256001001,2026-03-31 07:55:00,37.91611,23.597898,1.5,Container,MALTA BREEZE,Malta,7,Tuesday,2026-03-31
538002001,2026-03-31 07:55:00,37.956174,23.64545,0.2,Container,MAJURO TIDE,Marshall Islands,7,Tuesday,2026-03-31
241001003,2026-03-31 07:57:00,37.865223,23.563898,2.7,Container,OLYMPIC CARRIER,Greece,7,Tuesday,2026-03-31
241002003,2026-03-31 07:59:00,37.919269,23.574667,0.7,Ro-Ro,CRETE RUNNER,Greece,7,Tuesday,2026-03-31
477001002,2026-03-31 08:00:00,37.947382,23.609892,0.2,Tanker,ORIENT WAVE,Hong Kong,8,Tuesday,2026-03-31
356002001,2026-03-31 08:01:00,37.929348,23.575363,3.8,Tanker,BALBOA QUEEN,Panama,8,Tuesday,2026-03-31
215001001,2026-03-31 08:01:00,37.934633,23.622297,0.2,Bulk Carrier,RABAT CARGO,Morocco,8,Tuesday,2026-03-31
247001002,2026-03-31 08:02:00,37.954613,23.626504,0.0,Passenger,NAPOLI STAR,Italy,8,Tuesday,2026-03-31
241001003,2026-03-31 08:03:00,37.874505,23.568939,4.3,Container,OLYMPIC CARRIER,Greece,8,Tuesday,2026-03-31
538001002,2026-03-31 08:05:00,37.849054,23.511375,0.6,Bulk Carrier,PACIFIC MARSHAL,Marshall Islands,8,Tuesday,2026-03-31
256001002,2026-03-31 08:05:00,37.914059,23.573298,1.3,Ro-Ro,VALLETTA SUN,Malta,8,Tuesday,2026-03-31
538001001,2026-03-31 08:06:00,37.873383,23.508686,0.6,Tanker,MARSHALL DAWN,Marshall Islands,8,Tuesday,2026-03-31
241002005,2026-03-31 08:06:00,37.937991,23.634022,0.3,Container,RHODES CARRIER,Greece,8,Tuesday,2026-03-31
371001002,2026-03-31 08:07:00,37.874706,23.554127,0.1,Tanker,BOSPHORUS WIND,Turkey,8,Tuesday,2026-03-31
356002001,2026-03-31 08:08:00,37.931788,23.582601,5.9,Tanker,BALBOA QUEEN,Panama,8,Tuesday,2026-03-31
241001002,2026-03-31 08:10:00,37.849706,23.532264,0.2,Container,PIRAEUS EXPRESS,Greece,8,Tuesday,2026-03-31
256001001,2026-03-31 08:10:00,37.919652,23.600468,3.6,Container,MALTA BREEZE,Malta,8,Tuesday,2026-03-31
241001003,2026-03-31 08:11:00,37.883786,23.57398,2.3,Container,OLYMPIC CARRIER,Greece,8,Tuesday,2026-03-31
636001001,2026-03-31 08:11:00,37.86681,23.533709,0.3,Tanker,LIBERIA FORTUNE,Liberia,8,Tuesday,2026-03-31
636001002,2026-03-31 08:11:00,37.897075,23.561705,0.5,Bulk Carrier,MONROVIA STAR,Liberia,8,Tuesday,2026-03-31
371001001,2026-03-31 08:11:00,37.938404,23.644379,0.1,Container,ISTANBUL BRIDGE,Turkey,8,Tuesday,2026-03-31
256001002,2026-03-31 08:12:00,37.917329,23.576368,1.4,Ro-Ro,VALLETTA SUN,Malta,8,Tuesday,2026-03-31
241002002,2026-03-31 08:13:00,37.958399,23.642167,0.2,Bulk Carrier,POSEIDON BULK,Greece,8,Tuesday,2026-03-31
538002001,2026-03-31 08:15:00,37.957112,23.646229,0.4,Container,MAJURO TIDE,Marshall Islands,8,Tuesday,2026-03-31
477001001,2026-03-31 08:16:00,37.952628,23.637502,0.1,Container,HONG KONG SPIRIT,Hong Kong,8,Tuesday,2026-03-31
209001002,2026-03-31 08:16:00,37.905513,23.546937,0.0,Passenger,LIMASSOL FERRY,Cyprus,8,Tuesday,2026-03-31
356002001,2026-03-31 08:16:00,37.934227,23.58984,5.5,Tanker,BALBOA QUEEN,Panama,8,Tuesday,2026-03-31
215001001,2026-03-31 08:16:00,37.934926,23.622226,0.2,Bulk Carrier,RABAT CARGO,Morocco,8,Tuesday,2026-03-31
256001002,2026-03-31 08:18:00,37.920271,23.579131,1.6,Ro-Ro,VALLETTA SUN,Malta,8,Tuesday,2026-03-31
241002003,2026-03-31 08:18:00,37.920822,23.572786,0.2,Ro-Ro,CRETE RUNNER,Greece,8,Tuesday,2026-03-31
247001002,2026-03-31 08:18:00,37.953458,23.626445,0.4,Passenger,NAPOLI STAR,Italy,8,Tuesday,2026-03-31
256001001,2026-03-31 08:19:00,37.92284,23.602781,3.7,Container,MALTA BREEZE,Malta,8,Tuesday,2026-03-31
241001003,2026-03-31 08:21:00,37.893068,23.57902,4.5,Container,OLYMPIC CARRIER,Greece,8,Tuesday,2026-03-31
477001002,2026-03-31 08:21:00,37.947848,23.609477,0.4,Tanker,ORIENT WAVE,Hong Kong,8,Tuesday,2026-03-31
356002001,2026-03-31 08:24:00,37.936667,23.597078,3.1,Tanker,BALBOA QUEEN,Panama,8,Tuesday,2026-03-31
241001003,2026-03-31 08:26:00,37.902349,23.584061,2.4,Container,OLYMPIC CARRIER,Greece,8,Tuesday,2026-03-31
636001002,2026-03-31 08:26:00,37.895503,23.560801,0.7,Bulk Carrier,MONROVIA STAR,Liberia,8,Tuesday,2026-03-31
256001001,2026-03-31 08:26:00,37.925708,23.604862,2.5,Container,MALTA BREEZE,Malta,8,Tuesday,2026-03-31
256001002,2026-03-31 08:27:00,37.92292,23.581617,1.5,Ro-Ro,VALLETTA SUN,Malta,8,Tuesday,2026-03-31
371001002,2026-03-31 08:27:00,37.875539,23.556333,0.5,Tanker,BOSPHORUS WIND,Turkey,8,Tuesday,2026-03-31
241002005,2026-03-31 08:28:00,37.937731,23.634729,0.2,Container,RHODES CARRIER,Greece,8,Tuesday,2026-03-31
371001001,2026-03-31 08:28:00,37.93991,23.643464,0.3,Container,ISTANBUL BRIDGE,Turkey,8,Tuesday,2026-03-31
538001001,2026-03-31 08:30:00,37.87415,23.509579,0.8,Tanker,MARSHALL DAWN,Marshall Islands,8,Tuesday,2026-03-31
538001002,2026-03-31 08:30:00,37.850716,23.513614,0.5,Bulk Carrier,PACIFIC MARSHAL,Marshall Islands,8,Tuesday,2026-03-31
356002001,2026-03-31 08:30:00,37.939107,23.604316,3.4,Tanker,BALBOA QUEEN,Panama,8,Tuesday,2026-03-31
209001002,2026-03-31 08:31:00,37.905615,23.54893,0.3,Passenger,LIMASSOL FERRY,Cyprus,8,Tuesday,2026-03-31
538002001,2026-03-31 08:32:00,37.957102,23.645472,0.1,Container,MAJURO TIDE,Marshall Islands,8,Tuesday,2026-03-31
241001002,2026-03-31 08:33:00,37.849674,23.531472,0.4,Container,PIRAEUS EXPRESS,Greece,8,Tuesday,2026-03-31
636001001,2026-03-31 08:33:00,37.870119,23.53514,0.5,Tanker,LIBERIA FORTUNE,Liberia,8,Tuesday,2026-03-31
256001001,2026-03-31 08:33:00,37.92829,23.606736,1.9,Container,MALTA BREEZE,Malta,8,Tuesday,2026-03-31
215001001,2026-03-31 08:33:00,37.93581,23.622022,0.1,Bulk Carrier,RABAT CARGO,Morocco,8,Tuesday,2026-03-31
256001002,2026-03-31 08:34:00,37.925303,23.583855,3.2,Ro-Ro,VALLETTA SUN,Malta,8,Tuesday,2026-03-31
241001003,2026-03-31 08:35:00,37.911631,23.589102,2.9,Container,OLYMPIC CARRIER,Greece,8,Tuesday,2026-03-31
477001001,2026-03-31 08:35:00,37.953938,23.637696,0.2,Container,HONG KONG SPIRIT,Hong Kong,8,Tuesday,2026-03-31
247001002,2026-03-31 08:35:00,37.953648,23.627749,0.4,Passenger,NAPOLI STAR,Italy,8,Tuesday,2026-03-31
241002002,2026-03-31 08:36:00,37.957931,23.641874,0.2,Bulk Carrier,POSEIDON BULK,Greece,8,Tuesday,2026-03-31
241002003,2026-03-31 08:39:00,37.921387,23.572667,0.7,Ro-Ro,CRETE RUNNER,Greece,8,Tuesday,2026-03-31
356002001,2026-03-31 08:39:00,37.941547,23.611554,2.8,Tanker,BALBOA QUEEN,Panama,8,Tuesday,2026-03-31
477001002,2026-03-31 08:42:00,37.947289,23.611071,0.1,Tanker,ORIENT WAVE,Hong Kong,8,Tuesday,2026-03-31
241001003,2026-03-31 08:43:00,37.920912,23.594143,3.8,Container,OLYMPIC CARRIER,Greece,8,Tuesday,2026-03-31
256001002,2026-03-31 08:43:00,37.927449,23.585869,2.7,Ro-Ro,VALLETTA SUN,Malta,8,Tuesday,2026-03-31
256001001,2026-03-31 08:44:00,37.930614,23.608422,2.5,Container,MALTA BREEZE,Malta,8,Tuesday,2026-03-31
371001002,2026-03-31 08:44:00,37.87523,23.555288,0.4,Tanker,BOSPHORUS WIND,Turkey,8,Tuesday,2026-03-31
371001001,2026-03-31 08:46:00,37.939707,23.644085,0.3,Container,ISTANBUL BRIDGE,Turkey,8,Tuesday,2026-03-31
241001003,2026-03-31 08:49:00,37.930194,23.599184,3.5,Container,OLYMPIC CARRIER,Greece,8,Tuesday,2026-03-31
241002005,2026-03-31 08:49:00,37.936839,23.633769,0.0,Container,RHODES CARRIER,Greece,8,Tuesday,2026-03-31
356002001,2026-03-31 08:49:00,37.943987,23.618793,4.1,Tanker,BALBOA QUEEN,Panama,8,Tuesday,2026-03-31
636001002,2026-03-31 08:50:00,37.895981,23.563477,0.7,Bulk Carrier,MONROVIA STAR,Liberia,8,Tuesday,2026-03-31
256001001,2026-03-31 08:50:00,37.932705,23.609939,2.7,Container,MALTA BREEZE,Malta,8,Tuesday,2026-03-31
477001001,2026-03-31 08:51:00,37.953313,23.638601,0.1,Container,HONG KONG SPIRIT,Hong Kong,8,Tuesday,2026-03-31
209001002,2026-03-31 08:51:00,37.905224,23.549547,0.6,Passenger,LIMASSOL FERRY,Cyprus,8,Tuesday,2026-03-31
241001002,2026-03-31 08:52:00,37.85006,23.533285,0.2,Container,PIRAEUS EXPRESS,Greece,8,Tuesday,2026-03-31
538002001,2026-03-31 08:52:00,37.955973,23.644658,0.2,Container,MAJURO TIDE,Marshall Islands,8,Tuesday,2026-03-31
215001001,2026-03-31 08:52:00,37.935502,23.622708,0.2,Bulk Carrier,RABAT CARGO,Morocco,8,Tuesday,2026-03-31
538001002,2026-03-31 08:53:00,37.8512,23.514601,0.1,Bulk Carrier,PACIFIC MARSHAL,Marshall Islands,8,Tuesday,2026-03-31
538001001,2026-03-31 08:55:00,37.87501,23.509517,0.7,Tanker,MARSHALL DAWN,Marshall Islands,8,Tuesday,2026-03-31
247001002,2026-03-31 08:55:00,37.954003,23.627742,0.1,Passenger,NAPOLI STAR,Italy,8,Tuesday,2026-03-31
636001001,2026-03-31 08:58:00,37.869714,23.533444,0.6,Tanker,LIBERIA FORTUNE,Liberia,8,Tuesday,2026-03-31
256001002,2026-03-31 08:58:00,37.929379,23.587682,2.8,Ro-Ro,VALLETTA SUN,Malta,8,Tuesday,2026-03-31
241002002,2026-03-31 08:58:00,37.959619,23.641609,0.1,Bulk Carrier,POSEIDON BULK,Greece,8,Tuesday,2026-03-31
356002001,2026-03-31 08:58:00,37.94573,23.626343,0.1,Tanker,BALBOA QUEEN,Panama,8,Tuesday,2026-03-31
241001003,2026-03-31 08:59:00,37.939475,23.604224,3.3,Container,OLYMPIC CARRIER,Greece,8,Tuesday,2026-03-31
241002003,2026-03-31 09:01:00,37.920998,23.572148,0.5,Ro-Ro,CRETE RUNNER,Greece,9,Tuesday,2026-03-31
256001001,2026-03-31 09:02:00,37.934587,23.611305,3.0,Container,MALTA BREEZE,Malta,9,Tuesday,2026-03-31
477001002,2026-03-31 09:05:00,37.948878,23.610389,0.1,Tanker,ORIENT WAVE,Hong Kong,9,Tuesday,2026-03-31
538002001,2026-03-31 09:07:00,37.956047,23.645912,0.1,Container,MAJURO TIDE,Marshall Islands,9,Tuesday,2026-03-31
371001001,2026-03-31 09:07:00,37.939223,23.643691,0.3,Container,ISTANBUL BRIDGE,Turkey,9,Tuesday,2026-03-31
241001002,2026-03-31 09:08:00,37.849642,23.532489,0.1,Container,PIRAEUS EXPRESS,Greece,9,Tuesday,2026-03-31
241001003,2026-03-31 09:08:00,37.948757,23.609265,4.4,Container,OLYMPIC CARRIER,Greece,9,Tuesday,2026-03-31
538001002,2026-03-31 09:08:00,37.850839,23.510978,0.6,Bulk Carrier,PACIFIC MARSHAL,Marshall Islands,9,Tuesday,2026-03-31
241002005,2026-03-31 09:08:00,37.937407,23.633936,0.1,Container,RHODES CARRIER,Greece,9,Tuesday,2026-03-31
371001002,2026-03-31 09:08:00,37.874123,23.55734,0.0,Tanker,BOSPHORUS WIND,Turkey,9,Tuesday,2026-03-31
215001001,2026-03-31 09:10:00,37.935804,23.621373,0.1,Bulk Carrier,RABAT CARGO,Morocco,9,Tuesday,2026-03-31
477001001,2026-03-31 09:12:00,37.952594,23.6386,0.0,Container,HONG KONG SPIRIT,Hong Kong,9,Tuesday,2026-03-31
256001002,2026-03-31 09:12:00,37.931117,23.589313,4.0,Ro-Ro,VALLETTA SUN,Malta,9,Tuesday,2026-03-31
241001003,2026-03-31 09:13:00,37.958274,23.614654,0.0,Container,OLYMPIC CARRIER,Greece,9,Tuesday,2026-03-31
636001002,2026-03-31 09:13:00,37.894906,23.561846,0.2,Bulk Carrier,MONROVIA STAR,Liberia,9,Tuesday,2026-03-31
209001002,2026-03-31 09:15:00,37.903877,23.549213,0.1,Passenger,LIMASSOL FERRY,Cyprus,9,Tuesday,2026-03-31
538001001,2026-03-31 09:17:00,37.875373,23.510945,0.4,Tanker,MARSHALL DAWN,Marshall Islands,9,Tuesday,2026-03-31
256001001,2026-03-31 09:17:00,37.936281,23.612534,2.6,Container,MALTA BREEZE,Malta,9,Tuesday,2026-03-31
256001002,2026-03-31 09:17:00,37.932681,23.590782,2.6,Ro-Ro,VALLETTA SUN,Malta,9,Tuesday,2026-03-31
247001002,2026-03-31 09:17:00,37.953302,23.627073,0.2,Passenger,NAPOLI STAR,Italy,9,Tuesday,2026-03-31
636001001,2026-03-31 09:19:00,37.868439,23.532401,0.6,Tanker,LIBERIA FORTUNE,Liberia,9,Tuesday,2026-03-31
477001002,2026-03-31 09:20:00,37.948454,23.61002,0.4,Tanker,ORIENT WAVE,Hong Kong,9,Tuesday,2026-03-31
241002002,2026-03-31 09:21:00,37.958536,23.64241,0.3,Bulk Carrier,POSEIDON BULK,Greece,9,Tuesday,2026-03-31
241002003,2026-03-31 09:22:00,37.922775,23.574426,0.0,Ro-Ro,CRETE RUNNER,Greece,9,Tuesday,2026-03-31
356002001,2026-03-31 09:22:00,37.946857,23.626604,0.1,Tanker,BALBOA QUEEN,Panama,9,Tuesday,2026-03-31
371001002,2026-03-31 09:24:00,37.87322,23.554674,0.6,Tanker,BOSPHORUS WIND,Turkey,9,Tuesday,2026-03-31
241001002,2026-03-31 09:26:00,37.850347,23.531883,0.1,Container,PIRAEUS EXPRESS,Greece,9,Tuesday,2026-03-31
636001002,2026-03-31 09:28:00,37.895711,23.563298,0.4,Bulk Carrier,MONROVIA STAR,Liberia,9,Tuesday,2026-03-31
256001001,2026-03-31 09:29:00,37.937806,23.613641,2.4,Container,MALTA BREEZE,Malta,9,Tuesday,2026-03-31
241002005,2026-03-31 09:29:00,37.936098,23.635139,0.3,Container,RHODES CARRIER,Greece,9,Tuesday,2026-03-31
538002001,2026-03-31 09:30:00,37.955861,23.645774,0.2,Container,MAJURO TIDE,Marshall Islands,9,Tuesday,2026-03-31
371001001,2026-03-31 09:30:00,37.939869,23.644963,0.4,Container,ISTANBUL BRIDGE,Turkey,9,Tuesday,2026-03-31
256001002,2026-03-31 09:31:00,37.934088,23.592103,1.5,Ro-Ro,VALLETTA SUN,Malta,9,Tuesday,2026-03-31
215001001,2026-03-31 09:31:00,37.935166,23.622346,0.1,Bulk Carrier,RABAT CARGO,Morocco,9,Tuesday,2026-03-31
241001003,2026-03-31 09:32:00,37.957886,23.61452,0.1,Container,OLYMPIC CARRIER,Greece,9,Tuesday,2026-03-31
538001002,2026-03-31 09:32:00,37.851688,23.511424,0.0,Bulk Carrier,PACIFIC MARSHAL,Marshall Islands,9,Tuesday,2026-03-31
538001001,2026-03-31 09:35:00,37.873444,23.510375,0.4,Tanker,MARSHALL DAWN,Marshall Islands,9,Tuesday,2026-03-31
477001001,2026-03-31 09:36:00,37.953064,23.638262,0.2,Container,HONG KONG SPIRIT,Hong Kong,9,Tuesday,2026-03-31
636001001,2026-03-31 09:36:00,37.866574,23.533368,0.0,Tanker,LIBERIA FORTUNE,Liberia,9,Tuesday,2026-03-31
256001001,2026-03-31 09:36:00,37.939178,23.614636,2.5,Container,MALTA BREEZE,Malta,9,Tuesday,2026-03-31
256001002,2026-03-31 09:37:00,37.935355,23.593292,1.7,Ro-Ro,VALLETTA SUN,Malta,9,Tuesday,2026-03-31
209001002,2026-03-31 09:37:00,37.903919,23.549578,0.5,Passenger,LIMASSOL FERRY,Cyprus,9,Tuesday,2026-03-31
241002003,2026-03-31 09:38:00,37.919402,23.573167,0.2,Ro-Ro,CRETE RUNNER,Greece,9,Tuesday,2026-03-31
247001002,2026-03-31 09:38:00,37.954274,23.626419,0.3,Passenger,NAPOLI STAR,Italy,9,Tuesday,2026-03-31
356002001,2026-03-31 09:41:00,37.946744,23.626878,0.2,Tanker,BALBOA QUEEN,Panama,9,Tuesday,2026-03-31
241002002,2026-03-31 09:42:00,37.959728,23.642347,0.4,Bulk Carrier,POSEIDON BULK,Greece,9,Tuesday,2026-03-31
477001002,2026-03-31 09:43:00,37.947578,23.610433,0.3,Tanker,ORIENT WAVE,Hong Kong,9,Tuesday,2026-03-31
636001002,2026-03-31 09:43:00,37.895593,23.562284,0.4,Bulk Carrier,MONROVIA STAR,Liberia,9,Tuesday,2026-03-31
241002005,2026-03-31 09:44:00,37.936397,23.63407,0.0,Container,RHODES CARRIER,Greece,9,Tuesday,2026-03-31
371001002,2026-03-31 09:44:00,37.874333,23.554178,0.5,Tanker,BOSPHORUS WIND,Turkey,9,Tuesday,2026-03-31
241001002,2026-03-31 09:47:00,37.852049,23.531271,0.0,Container,PIRAEUS EXPRESS,Greece,9,Tuesday,2026-03-31
256001001,2026-03-31 09:47:00,37.940413,23.615532,1.8,Container,MALTA BREEZE,Malta,9,Tuesday,2026-03-31
371001001,2026-03-31 09:47:00,37.940235,23.644915,0.1,Container,ISTANBUL BRIDGE,Turkey,9,Tuesday,2026-03-31
538001002,2026-03-31 09:49:00,37.852502,23.514185,0.5,Bulk Carrier,PACIFIC MARSHAL,Marshall Islands,9,Tuesday,2026-03-31
256001002,2026-03-31 09:49:00,37.936495,23.594363,3.0,Ro-Ro,VALLETTA SUN,Malta,9,Tuesday,2026-03-31
241001003,2026-03-31 09:53:00,37.958548,23.613534,0.1,Container,OLYMPIC CARRIER,Greece,9,Tuesday,2026-03-31
636001001,2026-03-31 09:53:00,37.869082,23.532886,0.8,Tanker,LIBERIA FORTUNE,Liberia,9,Tuesday,2026-03-31
209001002,2026-03-31 09:53:00,37.905981,23.548306,0.6,Passenger,LIMASSOL FERRY,Cyprus,9,Tuesday,2026-03-31
215001001,2026-03-31 09:53:00,37.935382,23.622371,0.3,Bulk Carrier,RABAT CARGO,Morocco,9,Tuesday,2026-03-31
538002001,2026-03-31 09:54:00,37.956373,23.645642,0.1,Container,MAJURO TIDE,Marshall Islands,9,Tuesday,2026-03-31
477001001,2026-03-31 09:55:00,37.953973,23.638942,0.2,Container,HONG KONG SPIRIT,Hong Kong,9,Tuesday,2026-03-31
247001002,2026-03-31 09:56:00,37.953408,23.628063,0.2,Passenger,NAPOLI STAR,Italy,9,Tuesday,2026-03-31
356002001,2026-03-31 09:57:00,37.946717,23.625784,0.3,Tanker,BALBOA QUEEN,Panama,9,Tuesday,2026-03-31
538001001,2026-03-31 09:58:00,37.874923,23.511284,0.3,Tanker,MARSHALL DAWN,Marshall Islands,9,Tuesday,2026-03-31
241002003,2026-03-31 09:58:00,37.919882,23.572385,0.7,Ro-Ro,CRETE RUNNER,Greece,9,Tuesday,2026-03-31
256001002,2026-03-31 09:59:00,37.937521,23.595326,1.1,Ro-Ro,VALLETTA SUN,Malta,9,Tuesday,2026-03-31
636001002,2026-03-31 10:00:00,37.894499,23.561612,0.4,Bulk Carrier,MONROVIA STAR,Liberia,10,Tuesday,2026-03-31
371001002,2026-03-31 10:00:00,37.874387,23.557497,0.4,Tanker,BOSPHORUS WIND,Turkey,10,Tuesday,2026-03-31
256001001,2026-03-31 10:01:00,37.941524,23.616339,3.9,Container,MALTA BREEZE,Malta,10,Tuesday,2026-03-31
371001001,2026-03-31 10:02:00,37.938997,23.644593,0.2,Container,ISTANBUL BRIDGE,Turkey,10,Tuesday,2026-03-31
477001002,2026-03-31 10:03:00,37.94725,23.60994,0.2,Tanker,ORIENT WAVE,Hong Kong,10,Tuesday,2026-03-31
241002002,2026-03-31 10:04:00,37.959762,23.641743,0.1,Bulk Carrier,POSEIDON BULK,Greece,10,Tuesday,2026-03-31
538001002,2026-03-31 10:05:00,37.849566,23.513266,0.4,Bulk Carrier,PACIFIC MARSHAL,Marshall Islands,10,Tuesday,2026-03-31
241002005,2026-03-31 10:07:00,37.93729,23.633991,0.3,Container,RHODES CARRIER,Greece,10,Tuesday,2026-03-31
636001001,2026-03-31 10:08:00,37.867529,23.535314,0.6,Tanker,LIBERIA FORTUNE,Liberia,10,Tuesday,2026-03-31
241001002,2026-03-31 10:11:00,37.848795,23.533236,0.8,Container,PIRAEUS EXPRESS,Greece,10,Tuesday,2026-03-31
209001002,2026-03-31 10:11:00,37.904679,23.54685,0.7,Passenger,LIMASSOL FERRY,Cyprus,10,Tuesday,2026-03-31
538002001,2026-03-31 10:12:00,37.9557,23.644909,0.1,Container,MAJURO TIDE,Marshall Islands,10,Tuesday,2026-03-31
241001003,2026-03-31 10:14:00,37.958394,23.614492,0.0,Container,OLYMPIC CARRIER,Greece,10,Tuesday,2026-03-31
256001002,2026-03-31 10:14:00,37.938445,23.596193,3.9,Ro-Ro,VALLETTA SUN,Malta,10,Tuesday,2026-03-31
215001001,2026-03-31 10:14:00,37.935525,23.622583,0.4,Bulk Carrier,RABAT CARGO,Morocco,10,Tuesday,2026-03-31
247001002,2026-03-31 10:15:00,37.953291,23.627607,0.1,Passenger,NAPOLI STAR,Italy,10,Tuesday,2026-03-31
538001001,2026-03-31 10:16:00,37.873454,23.508652,0.2,Tanker,MARSHALL DAWN,Marshall Islands,10,Tuesday,2026-03-31
477001001,2026-03-31 10:18:00,37.954371,23.638636,0.4,Container,HONG KONG SPIRIT,Hong Kong,10,Tuesday,2026-03-31
241002002,2026-03-31 10:19:00,37.958036,23.643465,0.4,Bulk Carrier,POSEIDON BULK,Greece,10,Tuesday,2026-03-31
356002001,2026-03-31 10:19:00,37.945788,23.626448,0.2,Tanker,BALBOA QUEEN,Panama,10,Tuesday,2026-03-31
636001002,2026-03-31 10:20:00,37.894065,23.560382,0.6,Bulk Carrier,MONROVIA STAR,Liberia,10,Tuesday,2026-03-31
256001002,2026-03-31 10:20:00,37.939276,23.596973,2.2,Ro-Ro,VALLETTA SUN,Malta,10,Tuesday,2026-03-31
241002003,2026-03-31 10:20:00,37.923173,23.572064,0.8,Ro-Ro,CRETE RUNNER,Greece,10,Tuesday,2026-03-31
371001002,2026-03-31 10:20:00,37.875687,23.5557,0.8,Tanker,BOSPHORUS WIND,Turkey,10,Tuesday,2026-03-31
477001002,2026-03-31 10:21:00,37.948511,23.609864,0.0,Tanker,ORIENT WAVE,Hong Kong,10,Tuesday,2026-03-31
538001002,2026-03-31 10:21:00,37.851263,23.513365,0.1,Bulk Carrier,PACIFIC MARSHAL,Marshall Islands,10,Tuesday,2026-03-31
371001001,2026-03-31 10:21:00,37.938442,23.643394,0.2,Container,ISTANBUL BRIDGE,Turkey,10,Tuesday,2026-03-31
636001001,2026-03-31 10:23:00,37.868158,23.534764,0.3,Tanker,LIBERIA FORTUNE,Liberia,10,Tuesday,2026-03-31
247001002,2026-03-31 10:30:00,37.954864,23.626691,0.0,Passenger,NAPOLI STAR,Italy,10,Tuesday,2026-03-31
241002005,2026-03-31 10:31:00,37.936574,23.635268,0.4,Container,RHODES CARRIER,Greece,10,Tuesday,2026-03-31
538002001,2026-03-31 10:31:00,37.957408,23.645693,0.3,Container,MAJURO TIDE,Marshall Islands,10,Tuesday,2026-03-31
256001002,2026-03-31 10:34:00,37.940024,23.597676,3.8,Ro-Ro,VALLETTA SUN,Malta,10,Tuesday,2026-03-31
241001002,2026-03-31 10:35:00,37.848741,23.53112,0.3,Container,PIRAEUS EXPRESS,Greece,10,Tuesday,2026-03-31
477001001,2026-03-31 10:35:00,37.952754,23.63803,0.3,Container,HONG KONG SPIRIT,Hong Kong,10,Tuesday,2026-03-31
538001001,2026-03-31 10:35:00,37.873552,23.509887,0.4,Tanker,MARSHALL DAWN,Marshall Islands,10,Tuesday,2026-03-31
209001002,2026-03-31 10:36:00,37.906267,23.549251,0.7,Passenger,LIMASSOL FERRY,Cyprus,10,Tuesday,2026-03-31
241002002,2026-03-31 10:36:00,37.95866,23.642112,0.1,Bulk Carrier,POSEIDON BULK,Greece,10,Tuesday,2026-03-31
371001001,2026-03-31 10:36:00,37.938453,23.645086,0.4,Container,ISTANBUL BRIDGE,Turkey,10,Tuesday,2026-03-31
241001003,2026-03-31 10:37:00,37.957129,23.614097,0.2,Container,OLYMPIC CARRIER,Greece,10,Tuesday,2026-03-31
538001002,2026-03-31 10:37:00,37.850588,23.514148,0.6,Bulk Carrier,PACIFIC MARSHAL,Marshall Islands,10,Tuesday,2026-03-31
215001001,2026-03-31 10:37:00,37.935803,23.622725,0.1,Bulk Carrier,RABAT CARGO,Morocco,10,Tuesday,2026-03-31
256001002,2026-03-31 10:40:00,37.940697,23.598308,3.5,Ro-Ro,VALLETTA SUN,Malta,10,Tuesday,2026-03-31
371001002,2026-03-31 10:41:00,37.875749,23.556183,0.6,Tanker,BOSPHORUS WIND,Turkey,10,Tuesday,2026-03-31
241002003,2026-03-31 10:42:00,37.92244,23.574446,0.4,Ro-Ro,CRETE RUNNER,Greece,10,Tuesday,2026-03-31
356002001,2026-03-31 10:42:00,37.946478,23.62529,0.2,Tanker,BALBOA QUEEN,Panama,10,Tuesday,2026-03-31
477001002,2026-03-31 10:43:00,37.948424,23.611301,0.2,Tanker,ORIENT WAVE,Hong Kong,10,Tuesday,2026-03-31
636001002,2026-03-31 10:44:00,37.895464,23.562986,0.1,Bulk Carrier,MONROVIA STAR,Liberia,10,Tuesday,2026-03-31
247001002,2026-03-31 10:45:00,37.954695,23.62814,0.0,Passenger,NAPOLI STAR,Italy,10,Tuesday,2026-03-31
256001002,2026-03-31 10:47:00,37.941303,23.598876,1.1,Ro-Ro,VALLETTA SUN,Malta,10,Tuesday,2026-03-31
636001001,2026-03-31 10:48:00,37.869807,23.53527,0.6,Tanker,LIBERIA FORTUNE,Liberia,10,Tuesday,2026-03-31
241002005,2026-03-31 10:49:00,37.936877,23.633424,0.2,Container,RHODES CARRIER,Greece,10,Tuesday,2026-03-31
538001001,2026-03-31 10:50:00,37.875477,23.509288,0.6,Tanker,MARSHALL DAWN,Marshall Islands,10,Tuesday,2026-03-31
538002001,2026-03-31 10:50:00,37.957206,23.646393,0.1,Container,MAJURO TIDE,Marshall Islands,10,Tuesday,2026-03-31
209001002,2026-03-31 10:53:00,37.905611,23.549852,0.6,Passenger,LIMASSOL FERRY,Cyprus,10,Tuesday,2026-03-31
477001001,2026-03-31 10:54:00,37.952542,23.638361,0.2,Container,HONG KONG SPIRIT,Hong Kong,10,Tuesday,2026-03-31
241001002,2026-03-31 10:56:00,37.852531,23.531389,0.7,Container,PIRAEUS EXPRESS,Greece,10,Tuesday,2026-03-31
241002002,2026-03-31 10:56:00,37.958764,23.642978,0.2,Bulk Carrier,POSEIDON BULK,Greece,10,Tuesday,2026-03-31
371001001,2026-03-31 10:57:00,37.939139,23.644539,0.0,Container,ISTANBUL BRIDGE,Turkey,10,Tuesday,2026-03-31
371001002,2026-03-31 10:57:00,37.873436,23.554466,0.3,Tanker,BOSPHORUS WIND,Turkey,10,Tuesday,2026-03-31
215001001,2026-03-31 10:58:00,37.935639,23.622103,0.3,Bulk Carrier,RABAT CARGO,Morocco,10,Tuesday,2026-03-31
477001002,2026-03-31 11:00:00,37.948204,23.609835,0.0,Tanker,ORIENT WAVE,Hong Kong,11,Tuesday,2026-03-31
241001003,2026-03-31 11:01:00,37.957447,23.615197,0.0,Container,OLYMPIC CARRIER,Greece,11,Tuesday,2026-03-31
636001002,2026-03-31 11:01:00,37.894967,23.561424,0.4,Bulk Carrier,MONROVIA STAR,Liberia,11,Tuesday,2026-03-31
538001002,2026-03-31 11:02:00,37.849366,23.513638,0.3,Bulk Carrier,PACIFIC MARSHAL,Marshall Islands,11,Tuesday,2026-03-31
241002003,2026-03-31 11:02:00,37.922362,23.573189,0.6,Ro-Ro,CRETE RUNNER,Greece,11,Tuesday,2026-03-31
356002001,2026-03-31 11:02:00,37.946588,23.6262,0.2,Tanker,BALBOA QUEEN,Panama,11,Tuesday,2026-03-31
247001002,2026-03-31 11:02:00,37.953824,23.627752,0.2,Passenger,NAPOLI STAR,Italy,11,Tuesday,2026-03-31
636001001,2026-03-31 11:11:00,37.868392,23.535487,0.3,Tanker,LIBERIA FORTUNE,Liberia,11,Tuesday,2026-03-31
241002002,2026-03-31 11:11:00,37.95964,23.643072,0.3,Bulk Carrier,POSEIDON BULK,Greece,11,Tuesday,2026-03-31
209001002,2026-03-31 11:12:00,37.903818,23.548904,0.4,Passenger,LIMASSOL FERRY,Cyprus,11,Tuesday,2026-03-31
241002005,2026-03-31 11:13:00,37.937969,23.634102,0.2,Container,RHODES CARRIER,Greece,11,Tuesday,2026-03-31
538002001,2026-03-31 11:13:00,37.956991,23.644679,0.2,Container,MAJURO TIDE,Marshall Islands,11,Tuesday,2026-03-31
477001001,2026-03-31 11:15:00,37.95398,23.638214,0.1,Container,HONG KONG SPIRIT,Hong Kong,11,Tuesday,2026-03-31
477001002,2026-03-31 11:15:00,37.948786,23.610453,0.3,Tanker,ORIENT WAVE,Hong Kong,11,Tuesday,2026-03-31
538001001,2026-03-31 11:15:00,37.874753,23.507887,0.4,Tanker,MARSHALL DAWN,Marshall Islands,11,Tuesday,2026-03-31
241001003,2026-03-31 11:18:00,37.957617,23.613546,0.2,Container,OLYMPIC CARRIER,Greece,11,Tuesday,2026-03-31
241001002,2026-03-31 11:19:00,37.852308,23.531666,0.6,Container,PIRAEUS EXPRESS,Greece,11,Tuesday,2026-03-31
371001002,2026-03-31 11:19:00,37.87359,23.554941,0.2,Tanker,BOSPHORUS WIND,Turkey,11,Tuesday,2026-03-31
371001001,2026-03-31 11:20:00,37.938585,23.644039,0.1,Container,ISTANBUL BRIDGE,Turkey,11,Tuesday,2026-03-31
215001001,2026-03-31 11:21:00,37.934844,23.621361,0.3,Bulk Carrier,RABAT CARGO,Morocco,11,Tuesday,2026-03-31
241002003,2026-03-31 11:23:00,37.923072,23.57476,0.1,Ro-Ro,CRETE RUNNER,Greece,11,Tuesday,2026-03-31
356002001,2026-03-31 11:23:00,37.945486,23.626497,0.0,Tanker,BALBOA QUEEN,Panama,11,Tuesday,2026-03-31
636001002,2026-03-31 11:25:00,37.894754,23.561235,0.3,Bulk Carrier,MONROVIA STAR,Liberia,11,Tuesday,2026-03-31
538001002,2026-03-31 11:25:00,37.852229,23.514074,0.1,Bulk Carrier,PACIFIC MARSHAL,Marshall Islands,11,Tuesday,2026-03-31
247001002,2026-03-31 11:27:00,37.954198,23.626819,0.2,Passenger,NAPOLI STAR,Italy,11,Tuesday,2026-03-31
241002002,2026-03-31 11:29:00,37.95963,23.642324,0.2,Bulk Carrier,POSEIDON BULK,Greece,11,Tuesday,2026-03-31
636001001,2026-03-31 11:30:00,37.866536,23.533826,0.6,Tanker,LIBERIA FORTUNE,Liberia,11,Tuesday,2026-03-31
209001002,2026-03-31 11:30:00,37.90549,23.549697,0.8,Passenger,LIMASSOL FERRY,Cyprus,11,Tuesday,2026-03-31
241002005,2026-03-31 11:30:00,37.936726,23.633638,0.2,Container,RHODES CARRIER,Greece,11,Tuesday,2026-03-31
538002001,2026-03-31 11:30:00,37.956105,23.644881,0.0,Container,MAJURO TIDE,Marshall Islands,11,Tuesday,2026-03-31
477001001,2026-03-31 11:33:00,37.953407,23.638725,0.3,Container,HONG KONG SPIRIT,Hong Kong,11,Tuesday,2026-03-31
477001002,2026-03-31 11:36:00,37.948568,23.610992,0.1,Tanker,ORIENT WAVE,Hong Kong,11,Tuesday,2026-03-31
215001001,2026-03-31 11:37:00,37.935327,23.621885,0.2,Bulk Carrier,RABAT CARGO,Morocco,11,Tuesday,2026-03-31
241001002,2026-03-31 11:38:00,37.848833,23.531058,0.3,Container,PIRAEUS EXPRESS,Greece,11,Tuesday,2026-03-31
371001001,2026-03-31 11:38:00,37.940361,23.643567,0.0,Container,ISTANBUL BRIDGE,Turkey,11,Tuesday,2026-03-31
538001001,2026-03-31 11:39:00,37.874646,23.507975,0.8,Tanker,MARSHALL DAWN,Marshall Islands,11,Tuesday,2026-03-31
241001003,2026-03-31 11:40:00,37.957389,23.614066,0.2,Container,OLYMPIC CARRIER,Greece,11,Tuesday,2026-03-31
538001002,2026-03-31 11:40:00,37.850225,23.511385,0.5,Bulk Carrier,PACIFIC MARSHAL,Marshall Islands,11,Tuesday,2026-03-31
241002003,2026-03-31 11:40:00,37.921241,23.574659,0.1,Ro-Ro,CRETE RUNNER,Greece,11,Tuesday,2026-03-31
356002001,2026-03-31 11:41:00,37.945639,23.626899,0.0,Tanker,BALBOA QUEEN,Panama,11,Tuesday,2026-03-31
371001002,2026-03-31 11:41:00,37.875612,23.556339,0.6,Tanker,BOSPHORUS WIND,Turkey,11,Tuesday,2026-03-31
247001002,2026-03-31 11:42:00,37.954572,23.62734,0.3,Passenger,NAPOLI STAR,Italy,11,Tuesday,2026-03-31
636001002,2026-03-31 11:46:00,37.895507,23.562956,0.6,Bulk Carrier,MONROVIA STAR,Liberia,11,Tuesday,2026-03-31
241002005,2026-03-31 11:48:00,37.937692,23.63433,0.0,Container,RHODES CARRIER,Greece,11,Tuesday,2026-03-31
636001001,2026-03-31 11:51:00,37.870251,23.533551,0.8,Tanker,LIBERIA FORTUNE,Liberia,11,Tuesday,2026-03-31
477001002,2026-03-31 11:53:00,37.947526,23.610778,0.1,Tanker,ORIENT WAVE,Hong Kong,11,Tuesday,2026-03-31
209001002,2026-03-31 11:54:00,37.906325,23.548678,0.4,Passenger,LIMASSOL FERRY,Cyprus,11,Tuesday,2026-03-31
241002002,2026-03-31 11:54:00,37.959118,23.641897,0.0,Bulk Carrier,POSEIDON BULK,Greece,11,Tuesday,2026-03-31
538002001,2026-03-31 11:54:00,37.957266,23.645699,0.0,Container,MAJURO TIDE,Marshall Islands,11,Tuesday,2026-03-31
477001001,2026-03-31 11:55:00,37.953024,23.63939,0.0,Container,HONG KONG SPIRIT,Hong Kong,11,Tuesday,2026-03-31
538001002,2026-03-31 11:57:00,37.849555,23.512382,0.6,Bulk Carrier,PACIFIC MARSHAL,Marshall Islands,11,Tuesday,2026-03-31
247001002,2026-03-31 11:57:00,37.95325,23.626699,0.1,Passenger,NAPOLI STAR,Italy,11,Tuesday,2026-03-31
241001003,2026-03-31 11:58:00,37.958705,23.614918,0.2,Container,OLYMPIC CARRIER,Greece,11,Tuesday,2026-03-31
241002003,2026-03-31 11:58:00,37.92256,23.573308,0.0,Ro-Ro,CRETE RUNNER,Greece,11,Tuesday,2026-03-31
538001001,2026-03-31 12:00:00,37.871962,23.509249,0.3,Tanker,MARSHALL DAWN,Marshall Islands,12,Tuesday,2026-03-31
371001001,2026-03-31 12:00:00,37.939215,23.645138,0.2,Container,ISTANBUL BRIDGE,Turkey,12,Tuesday,2026-03-31
215001001,2026-03-31 12:01:00,37.935357,23.621887,0.4,Bulk Carrier,RABAT CARGO,Morocco,12,Tuesday,2026-03-31
241001002,2026-03-31 12:03:00,37.851614,23.533075,0.6,Container,PIRAEUS EXPRESS,Greece,12,Tuesday,2026-03-31
356002001,2026-03-31 12:03:00,37.94589,23.626574,0.1,Tanker,BALBOA QUEEN,Panama,12,Tuesday,2026-03-31
636001002,2026-03-31 12:05:00,37.896304,23.563456,0.4,Bulk Carrier,MONROVIA STAR,Liberia,12,Tuesday,2026-03-31
371001002,2026-03-31 12:05:00,37.874052,23.556162,0.1,Tanker,BOSPHORUS WIND,Turkey,12,Tuesday,2026-03-31
209001002,2026-03-31 12:09:00,37.907068,23.547386,0.1,Passenger,LIMASSOL FERRY,Cyprus,12,Tuesday,2026-03-31
477001002,2026-03-31 12:13:00,37.946946,23.610703,0.4,Tanker,ORIENT WAVE,Hong Kong,12,Tuesday,2026-03-31
241002005,2026-03-31 12:13:00,37.936874,23.634845,0.2,Container,RHODES CARRIER,Greece,12,Tuesday,2026-03-31
241001003,2026-03-31 12:14:00,37.958522,23.614178,0.1,Container,OLYMPIC CARRIER,Greece,12,Tuesday,2026-03-31
636001001,2026-03-31 12:14:00,37.869323,23.533112,0.0,Tanker,LIBERIA FORTUNE,Liberia,12,Tuesday,2026-03-31
538001002,2026-03-31 12:14:00,37.852586,23.511065,0.4,Bulk Carrier,PACIFIC MARSHAL,Marshall Islands,12,Tuesday,2026-03-31
477001001,2026-03-31 12:15:00,37.953175,23.639216,0.3,Container,HONG KONG SPIRIT,Hong Kong,12,Tuesday,2026-03-31
538002001,2026-03-31 12:15:00,37.957216,23.645708,0.1,Container,MAJURO TIDE,Marshall Islands,12,Tuesday,2026-03-31
215001001,2026-03-31 12:16:00,37.934989,23.62132,0.1,Bulk Carrier,RABAT CARGO,Morocco,12,Tuesday,2026-03-31
538001001,2026-03-31 12:18:00,37.872223,23.50873,0.7,Tanker,MARSHALL DAWN,Marshall Islands,12,Tuesday,2026-03-31
241002002,2026-03-31 12:18:00,37.959149,23.64211,0.2,Bulk Carrier,POSEIDON BULK,Greece,12,Tuesday,2026-03-31
247001002,2026-03-31 12:19:00,37.954582,23.627403,0.0,Passenger,NAPOLI STAR,Italy,12,Tuesday,2026-03-31
241001002,2026-03-31 12:20:00,37.850853,23.533341,0.8,Container,PIRAEUS EXPRESS,Greece,12,Tuesday,2026-03-31
356002001,2026-03-31 12:21:00,37.947189,23.626487,0.0,Tanker,BALBOA QUEEN,Panama,12,Tuesday,2026-03-31
241002003,2026-03-31 12:22:00,37.920978,23.572747,0.6,Ro-Ro,CRETE RUNNER,Greece,12,Tuesday,2026-03-31
371001001,2026-03-31 12:22:00,37.939592,23.644616,0.1,Container,ISTANBUL BRIDGE,Turkey,12,Tuesday,2026-03-31
209001002,2026-03-31 12:24:00,37.904146,23.549986,0.2,Passenger,LIMASSOL FERRY,Cyprus,12,Tuesday,2026-03-31
371001002,2026-03-31 12:25:00,37.874225,23.556317,0.7,Tanker,BOSPHORUS WIND,Turkey,12,Tuesday,2026-03-31
636001002,2026-03-31 12:30:00,37.894417,23.560619,0.2,Bulk Carrier,MONROVIA STAR,Liberia,12,Tuesday,2026-03-31
538001002,2026-03-31 12:30:00,37.851412,23.512407,0.6,Bulk Carrier,PACIFIC MARSHAL,Marshall Islands,12,Tuesday,2026-03-31
241002005,2026-03-31 12:32:00,37.936408,23.633966,0.3,Container,RHODES CARRIER,Greece,12,Tuesday,2026-03-31
538002001,2026-03-31 12:34:00,37.957147,23.645756,0.4,Container,MAJURO TIDE,Marshall Islands,12,Tuesday,2026-03-31
241001003,2026-03-31 12:36:00,37.958762,23.614458,0.3,Container,OLYMPIC CARRIER,Greece,12,Tuesday,2026-03-31
636001001,2026-03-31 12:36:00,37.869994,23.535119,0.7,Tanker,LIBERIA FORTUNE,Liberia,12,Tuesday,2026-03-31
477001001,2026-03-31 12:37:00,37.954046,23.639211,0.1,Container,HONG KONG SPIRIT,Hong Kong,12,Tuesday,2026-03-31
477001002,2026-03-31 12:37:00,37.948016,23.609678,0.2,Tanker,ORIENT WAVE,Hong Kong,12,Tuesday,2026-03-31
215001001,2026-03-31 12:37:00,37.936093,23.622188,0.3,Bulk Carrier,RABAT CARGO,Morocco,12,Tuesday,2026-03-31
247001002,2026-03-31 12:39:00,37.954836,23.627034,0.2,Passenger,NAPOLI STAR,Italy,12,Tuesday,2026-03-31
371001001,2026-03-31 12:41:00,37.940184,23.643856,0.2,Container,ISTANBUL BRIDGE,Turkey,12,Tuesday,2026-03-31
241002002,2026-03-31 12:42:00,37.959112,23.641924,0.2,Bulk Carrier,POSEIDON BULK,Greece,12,Tuesday,2026-03-31
356002001,2026-03-31 12:42:00,37.946267,23.62516,0.2,Tanker,BALBOA QUEEN,Panama,12,Tuesday,2026-03-31
538001001,2026-03-31 12:43:00,37.875048,23.510307,0.7,Tanker,MARSHALL DAWN,Marshall Islands,12,Tuesday,2026-03-31
241001002,2026-03-31 12:44:00,37.848825,23.532284,0.5,Container,PIRAEUS EXPRESS,Greece,12,Tuesday,2026-03-31
241002003,2026-03-31 12:44:00,37.920957,23.574059,0.1,Ro-Ro,CRETE RUNNER,Greece,12,Tuesday,2026-03-31
538001002,2026-03-31 12:47:00,37.850831,23.510927,0.0,Bulk Carrier,PACIFIC MARSHAL,Marshall Islands,12,Tuesday,2026-03-31
636001002,2026-03-31 12:48:00,37.897443,23.560323,0.4,Bulk Carrier,MONROVIA STAR,Liberia,12,Tuesday,2026-03-31
209001002,2026-03-31 12:48:00,37.906551,23.549094,0.4,Passenger,LIMASSOL FERRY,Cyprus,12,Tuesday,2026-03-31
241002005,2026-03-31 12:48:00,37.936965,23.634579,0.0,Container,RHODES CARRIER,Greece,12,Tuesday,2026-03-31
371001002,2026-03-31 12:48:00,37.874159,23.554312,0.3,Tanker,BOSPHORUS WIND,Turkey,12,Tuesday,2026-03-31
538002001,2026-03-31 12:56:00,37.955677,23.644988,0.1,Container,MAJURO TIDE,Marshall Islands,12,Tuesday,2026-03-31
247001002,2026-03-31 12:56:00,37.955008,23.627729,0.2,Passenger,NAPOLI STAR,Italy,12,Tuesday,2026-03-31
241002002,2026-03-31 12:58:00,37.959076,23.643435,0.3,Bulk Carrier,POSEIDON BULK,Greece,12,Tuesday,2026-03-31
477001002,2026-03-31 12:59:00,37.947241,23.609378,0.2,Tanker,ORIENT WAVE,Hong Kong,12,Tuesday,2026-03-31
538001001,2026-03-31 12:59:00,37.874687,23.50997,0.1,Tanker,MARSHALL DAWN,Marshall Islands,12,Tuesday,2026-03-31
241001003,2026-03-31 13:00:00,37.958318,23.613885,0.1,Container,OLYMPIC CARRIER,Greece,13,Tuesday,2026-03-31
241001002,2026-03-31 13:01:00,37.849444,23.530754,0.7,Container,PIRAEUS EXPRESS,Greece,13,Tuesday,2026-03-31
477001001,2026-03-31 13:01:00,37.953056,23.639387,0.1,Container,HONG KONG SPIRIT,Hong Kong,13,Tuesday,2026-03-31
636001001,2026-03-31 13:01:00,37.868702,23.535254,0.3,Tanker,LIBERIA FORTUNE,Liberia,13,Tuesday,2026-03-31
371001001,2026-03-31 13:01:00,37.939116,23.644569,0.3,Container,ISTANBUL BRIDGE,Turkey,13,Tuesday,2026-03-31
215001001,2026-03-31 13:01:00,37.93609,23.622586,0.3,Bulk Carrier,RABAT CARGO,Morocco,13,Tuesday,2026-03-31
538001002,2026-03-31 13:04:00,37.85171,23.513277,0.7,Bulk Carrier,PACIFIC MARSHAL,Marshall Islands,13,Tuesday,2026-03-31
636001002,2026-03-31 13:05:00,37.894057,23.561225,0.4,Bulk Carrier,MONROVIA STAR,Liberia,13,Tuesday,2026-03-31
356002001,2026-03-31 13:06:00,37.945502,23.626531,0.1,Tanker,BALBOA QUEEN,Panama,13,Tuesday,2026-03-31
241002003,2026-03-31 13:07:00,37.920366,23.572049,0.1,Ro-Ro,CRETE RUNNER,Greece,13,Tuesday,2026-03-31
371001002,2026-03-31 13:08:00,37.875027,23.55468,0.1,Tanker,BOSPHORUS WIND,Turkey,13,Tuesday,2026-03-31
209001002,2026-03-31 13:09:00,37.905289,23.550402,0.5,Passenger,LIMASSOL FERRY,Cyprus,13,Tuesday,2026-03-31
241002005,2026-03-31 13:12:00,37.937326,23.634408,0.1,Container,RHODES CARRIER,Greece,13,Tuesday,2026-03-31
477001002,2026-03-31 13:14:00,37.947328,23.610355,0.1,Tanker,ORIENT WAVE,Hong Kong,13,Tuesday,2026-03-31
538002001,2026-03-31 13:14:00,37.957279,23.644817,0.0,Container,MAJURO TIDE,Marshall Islands,13,Tuesday,2026-03-31
538001001,2026-03-31 13:15:00,37.873398,23.510598,0.4,Tanker,MARSHALL DAWN,Marshall Islands,13,Tuesday,2026-03-31
247001002,2026-03-31 13:15:00,37.953927,23.627017,0.1,Passenger,NAPOLI STAR,Italy,13,Tuesday,2026-03-31
371001001,2026-03-31 13:17:00,37.939882,23.645046,0.2,Container,ISTANBUL BRIDGE,Turkey,13,Tuesday,2026-03-31
477001001,2026-03-31 13:19:00,37.95277,23.638288,0.2,Container,HONG KONG SPIRIT,Hong Kong,13,Tuesday,2026-03-31
636001001,2026-03-31 13:19:00,37.870205,23.533477,0.6,Tanker,LIBERIA FORTUNE,Liberia,13,Tuesday,2026-03-31
241002002,2026-03-31 13:19:00,37.959735,23.641762,0.3,Bulk Carrier,POSEIDON BULK,Greece,13,Tuesday,2026-03-31
215001001,2026-03-31 13:20:00,37.934877,23.623089,0.2,Bulk Carrier,RABAT CARGO,Morocco,13,Tuesday,2026-03-31
241001002,2026-03-31 13:21:00,37.850024,23.532758,0.2,Container,PIRAEUS EXPRESS,Greece,13,Tuesday,2026-03-31
241001003,2026-03-31 13:21:00,37.957688,23.614909,0.0,Container,OLYMPIC CARRIER,Greece,13,Tuesday,2026-03-31
636001002,2026-03-31 13:22:00,37.897416,23.561607,0.8,Bulk Carrier,MONROVIA STAR,Liberia,13,Tuesday,2026-03-31
538001002,2026-03-31 13:23:00,37.852113,23.513992,0.3,Bulk Carrier,PACIFIC MARSHAL,Marshall Islands,13,Tuesday,2026-03-31
241002003,2026-03-31 13:26:00,37.92023,23.574871,0.8,Ro-Ro,CRETE RUNNER,Greece,13,Tuesday,2026-03-31
241002005,2026-03-31 13:28:00,37.936141,23.634789,0.2,Container,RHODES CARRIER,Greece,13,Tuesday,2026-03-31
356002001,2026-03-31 13:28:00,37.94664,23.626712,0.2,Tanker,BALBOA QUEEN,Panama,13,Tuesday,2026-03-31
477001002,2026-03-31 13:29:00,37.948118,23.610915,0.1,Tanker,ORIENT WAVE,Hong Kong,13,Tuesday,2026-03-31
209001002,2026-03-31 13:29:00,37.904983,23.550106,0.3,Passenger,LIMASSOL FERRY,Cyprus,13,Tuesday,2026-03-31
538002001,2026-03-31 13:31:00,37.955672,23.64468,0.2,Container,MAJURO TIDE,Marshall Islands,13,Tuesday,2026-03-31
371001002,2026-03-31 13:33:00,37.873714,23.553838,0.3,Tanker,BOSPHORUS WIND,Turkey,13,Tuesday,2026-03-31
247001002,2026-03-31 13:33:00,37.953691,23.626632,0.3,Passenger,NAPOLI STAR,Italy,13,Tuesday,2026-03-31
371001001,2026-03-31 13:35:00,37.939414,23.644953,0.1,Container,ISTANBUL BRIDGE,Turkey,13,Tuesday,2026-03-31
636001001,2026-03-31 13:36:00,37.866646,23.53615,0.8,Tanker,LIBERIA FORTUNE,Liberia,13,Tuesday,2026-03-31
241002002,2026-03-31 13:37:00,37.958119,23.642455,0.4,Bulk Carrier,POSEIDON BULK,Greece,13,Tuesday,2026-03-31
538001001,2026-03-31 13:38:00,37.872502,23.509635,0.5,Tanker,MARSHALL DAWN,Marshall Islands,13,Tuesday,2026-03-31
477001001,2026-03-31 13:39:00,37.953805,23.638474,0.1,Container,HONG KONG SPIRIT,Hong Kong,13,Tuesday,2026-03-31
538001002,2026-03-31 13:40:00,37.851442,23.512994,0.2,Bulk Carrier,PACIFIC MARSHAL,Marshall Islands,13,Tuesday,2026-03-31
241001002,2026-03-31 13:42:00,37.852522,23.531399,0.2,Container,PIRAEUS EXPRESS,Greece,13,Tuesday,2026-03-31
636001002,2026-03-31 13:42:00,37.895218,23.561788,0.6,Bulk Carrier,MONROVIA STAR,Liberia,13,Tuesday,2026-03-31
215001001,2026-03-31 13:42:00,37.93539,23.622714,0.1,Bulk Carrier,RABAT CARGO,Morocco,13,Tuesday,2026-03-31
241002003,2026-03-31 13:44:00,37.922372,23.572001,0.4,Ro-Ro,CRETE RUNNER,Greece,13,Tuesday,2026-03-31
241001003,2026-03-31 13:45:00,37.958417,23.61403,0.1,Container,OLYMPIC CARRIER,Greece,13,Tuesday,2026-03-31
356002001,2026-03-31 13:45:00,37.946824,23.625786,0.1,Tanker,BALBOA QUEEN,Panama,13,Tuesday,2026-03-31
538002001,2026-03-31 13:46:00,37.957286,23.645375,0.1,Container,MAJURO TIDE,Marshall Islands,13,Tuesday,2026-03-31
371001002,2026-03-31 13:48:00,37.873259,23.555444,0.4,Tanker,BOSPHORUS WIND,Turkey,13,Tuesday,2026-03-31
477001002,2026-03-31 13:49:00,37.948728,23.610991,0.3,Tanker,ORIENT WAVE,Hong Kong,13,Tuesday,2026-03-31
209001002,2026-03-31 13:49:00,37.903687,23.550586,0.3,Passenger,LIMASSOL FERRY,Cyprus,13,Tuesday,2026-03-31
241002005,2026-03-31 13:50:00,37.937645,23.633694,0.3,Container,RHODES CARRIER,Greece,13,Tuesday,2026-03-31
371001001,2026-03-31 13:52:00,37.938549,23.643532,0.1,Container,ISTANBUL BRIDGE,Turkey,13,Tuesday,2026-03-31
247001002,2026-03-31 13:52:00,37.954479,23.627143,0.2,Passenger,NAPOLI STAR,Italy,13,Tuesday,2026-03-31
538001001,2026-03-31 13:53:00,37.875511,23.509696,0.6,Tanker,MARSHALL DAWN,Marshall Islands,13,Tuesday,2026-03-31
241002002,2026-03-31 13:56:00,37.958853,23.643374,0.2,Bulk Carrier,POSEIDON BULK,Greece,13,Tuesday,2026-03-31
241001002,2026-03-31 13:58:00,37.851713,23.529921,0.4,Container,PIRAEUS EXPRESS,Greece,13,Tuesday,2026-03-31
636001001,2026-03-31 13:59:00,37.866511,23.533416,0.1,Tanker,LIBERIA FORTUNE,Liberia,13,Tuesday,2026-03-31
538001002,2026-03-31 14:01:00,37.849581,23.513669,0.2,Bulk Carrier,PACIFIC MARSHAL,Marshall Islands,14,Tuesday,2026-03-31
215001001,2026-03-31 14:02:00,37.935519,23.62212,0.4,Bulk Carrier,RABAT CARGO,Morocco,14,Tuesday,2026-03-31
477001001,2026-03-31 14:03:00,37.953067,23.638053,0.3,Container,HONG KONG SPIRIT,Hong Kong,14,Tuesday,2026-03-31
241001003,2026-03-31 14:06:00,37.957525,23.614484,0.3,Container,OLYMPIC CARRIER,Greece,14,Tuesday,2026-03-31
636001002,2026-03-31 14:06:00,37.894414,23.560192,0.0,Bulk Carrier,MONROVIA STAR,Liberia,14,Tuesday,2026-03-31
241002003,2026-03-31 14:07:00,37.919996,23.575008,0.5,Ro-Ro,CRETE RUNNER,Greece,14,Tuesday,2026-03-31
538002001,2026-03-31 14:08:00,37.956673,23.644759,0.1,Container,MAJURO TIDE,Marshall Islands,14,Tuesday,2026-03-31
477001002,2026-03-31 14:09:00,37.947185,23.610711,0.0,Tanker,ORIENT WAVE,Hong Kong,14,Tuesday,2026-03-31
371001002,2026-03-31 14:09:00,37.875942,23.556591,0.2,Tanker,BOSPHORUS WIND,Turkey,14,Tuesday,2026-03-31
356002001,2026-03-31 14:10:00,37.945826,23.625536,0.2,Tanker,BALBOA QUEEN,Panama,14,Tuesday,2026-03-31
209001002,2026-03-31 14:12:00,37.903899,23.547689,0.1,Passenger,LIMASSOL FERRY,Cyprus,14,Tuesday,2026-03-31
371001001,2026-03-31 14:13:00,37.939615,23.643842,0.1,Container,ISTANBUL BRIDGE,Turkey,14,Tuesday,2026-03-31
247001002,2026-03-31 14:14:00,37.954481,23.627264,0.2,Passenger,NAPOLI STAR,Italy,14,Tuesday,2026-03-31
241002005,2026-03-31 14:15:00,37.936684,23.634392,0.4,Container,RHODES CARRIER,Greece,14,Tuesday,2026-03-31
215001001,2026-03-31 14:17:00,37.934883,23.622568,0.1,Bulk Carrier,RABAT CARGO,Morocco,14,Tuesday,2026-03-31
241001002,2026-03-31 14:18:00,37.848991,23.533542,0.2,Container,PIRAEUS EXPRESS,Greece,14,Tuesday,2026-03-31
636001001,2026-03-31 14:18:00,37.868684,23.53332,0.1,Tanker,LIBERIA FORTUNE,Liberia,14,Tuesday,2026-03-31
538001001,2026-03-31 14:18:00,37.87251,23.508012,0.7,Tanker,MARSHALL DAWN,Marshall Islands,14,Tuesday,2026-03-31
241002002,2026-03-31 14:20:00,37.95861,23.643354,0.1,Bulk Carrier,POSEIDON BULK,Greece,14,Tuesday,2026-03-31
477001001,2026-03-31 14:24:00,37.954279,23.637892,0.1,Container,HONG KONG SPIRIT,Hong Kong,14,Tuesday,2026-03-31
636001002,2026-03-31 14:24:00,37.895924,23.562058,0.7,Bulk Carrier,MONROVIA STAR,Liberia,14,Tuesday,2026-03-31
538001002,2026-03-31 14:25:00,37.850883,23.514703,0.1,Bulk Carrier,PACIFIC MARSHAL,Marshall Islands,14,Tuesday,2026-03-31
477001002,2026-03-31 14:26:00,37.948583,23.611023,0.3,Tanker,ORIENT WAVE,Hong Kong,14,Tuesday,2026-03-31
209001002,2026-03-31 14:28:00,37.907132,23.549381,0.1,Passenger,LIMASSOL FERRY,Cyprus,14,Tuesday,2026-03-31
241001003,2026-03-31 14:29:00,37.958779,23.614798,0.0,Container,OLYMPIC CARRIER,Greece,14,Tuesday,2026-03-31
538002001,2026-03-31 14:31:00,37.95722,23.645936,0.2,Container,MAJURO TIDE,Marshall Islands,14,Tuesday,2026-03-31
241002003,2026-03-31 14:32:00,37.920159,23.572118,0.5,Ro-Ro,CRETE RUNNER,Greece,14,Tuesday,2026-03-31
356002001,2026-03-31 14:32:00,37.945878,23.626515,0.2,Tanker,BALBOA QUEEN,Panama,14,Tuesday,2026-03-31
371001001,2026-03-31 14:32:00,37.939704,23.643999,0.1,Container,ISTANBUL BRIDGE,Turkey,14,Tuesday,2026-03-31
241001002,2026-03-31 14:33:00,37.852515,23.53051,0.6,Container,PIRAEUS EXPRESS,Greece,14,Tuesday,2026-03-31
538001001,2026-03-31 14:33:00,37.8731,23.510509,0.3,Tanker,MARSHALL DAWN,Marshall Islands,14,Tuesday,2026-03-31
241002005,2026-03-31 14:33:00,37.937704,23.634077,0.3,Container,RHODES CARRIER,Greece,14,Tuesday,2026-03-31
215001001,2026-03-31 14:33:00,37.934698,23.622218,0.1,Bulk Carrier,RABAT CARGO,Morocco,14,Tuesday,2026-03-31
371001002,2026-03-31 14:34:00,37.874083,23.553675,0.6,Tanker,BOSPHORUS WIND,Turkey,14,Tuesday,2026-03-31
247001002,2026-03-31 14:35:00,37.953403,23.627015,0.1,Passenger,NAPOLI STAR,Italy,14,Tuesday,2026-03-31
241002002,2026-03-31 14:36:00,37.958932,23.643196,0.0,Bulk Carrier,POSEIDON BULK,Greece,14,Tuesday,2026-03-31
636001001,2026-03-31 14:38:00,37.870098,23.53246,0.4,Tanker,LIBERIA FORTUNE,Liberia,14,Tuesday,2026-03-31
477001002,2026-03-31 14:42:00,37.948774,23.610093,0.1,Tanker,ORIENT WAVE,Hong Kong,14,Tuesday,2026-03-31
209001002,2026-03-31 14:43:00,37.904624,23.546776,0.5,Passenger,LIMASSOL FERRY,Cyprus,14,Tuesday,2026-03-31
636001002,2026-03-31 14:46:00,37.895057,23.56098,0.6,Bulk Carrier,MONROVIA STAR,Liberia,14,Tuesday,2026-03-31
241001003,2026-03-31 14:47:00,37.957374,23.614327,0.1,Container,OLYMPIC CARRIER,Greece,14,Tuesday,2026-03-31
477001001,2026-03-31 14:47:00,37.95395,23.637546,0.1,Container,HONG KONG SPIRIT,Hong Kong,14,Tuesday,2026-03-31
241002003,2026-03-31 14:47:00,37.92001,23.572174,0.2,Ro-Ro,CRETE RUNNER,Greece,14,Tuesday,2026-03-31
241001002,2026-03-31 14:48:00,37.849671,23.531607,0.5,Container,PIRAEUS EXPRESS,Greece,14,Tuesday,2026-03-31
538001002,2026-03-31 14:50:00,37.850088,23.512577,0.7,Bulk Carrier,PACIFIC MARSHAL,Marshall Islands,14,Tuesday,2026-03-31
371001002,2026-03-31 14:50:00,37.874323,23.557109,0.2,Tanker,BOSPHORUS WIND,Turkey,14,Tuesday,2026-03-31
538002001,2026-03-31 14:51:00,37.956716,23.645585,0.1,Container,MAJURO TIDE,Marshall Islands,14,Tuesday,2026-03-31
247001002,2026-03-31 14:51:00,37.954926,23.62664,0.3,Passenger,NAPOLI STAR,Italy,14,Tuesday,2026-03-31
241002005,2026-03-31 14:52:00,37.93664,23.635191,0.3,Container,RHODES CARRIER,Greece,14,Tuesday,2026-03-31
241002002,2026-03-31 14:53:00,37.958206,23.643098,0.1,Bulk Carrier,POSEIDON BULK,Greece,14,Tuesday,2026-03-31
356002001,2026-03-31 14:53:00,37.947044,23.625416,0.2,Tanker,BALBOA QUEEN,Panama,14,Tuesday,2026-03-31
371001001,2026-03-31 14:54:00,37.939425,23.644496,0.3,Container,ISTANBUL BRIDGE,Turkey,14,Tuesday,2026-03-31
215001001,2026-03-31 14:54:00,37.936336,23.621444,0.4,Bulk Carrier,RABAT CARGO,Morocco,14,Tuesday,2026-03-31
538001001,2026-03-31 14:55:00,37.872585,23.511028,0.2,Tanker,MARSHALL DAWN,Marshall Islands,14,Tuesday,2026-03-31
477001002,2026-03-31 14:58:00,37.947535,23.611254,0.1,Tanker,ORIENT WAVE,Hong Kong,14,Tuesday,2026-03-31
636001001,2026-03-31 14:58:00,37.869443,23.534801,0.5,Tanker,LIBERIA FORTUNE,Liberia,14,Tuesday,2026-03-31
209001002,2026-03-31 14:58:00,37.903718,23.547237,0.2,Passenger,LIMASSOL FERRY,Cyprus,14,Tuesday,2026-03-31
241002003,2026-03-31 15:02:00,37.919605,23.571793,0.5,Ro-Ro,CRETE RUNNER,Greece,15,Tuesday,2026-03-31
241001003,2026-03-31 15:03:00,37.957426,23.614858,0.2,Container,OLYMPIC CARRIER,Greece,15,Tuesday,2026-03-31
241001002,2026-03-31 15:04:00,37.849589,23.532511,0.5,Container,PIRAEUS EXPRESS,Greece,15,Tuesday,2026-03-31
477001001,2026-03-31 15:09:00,37.952834,23.639087,0.4,Container,HONG KONG SPIRIT,Hong Kong,15,Tuesday,2026-03-31
636001002,2026-03-31 15:09:00,37.895049,23.559618,0.7,Bulk Carrier,MONROVIA STAR,Liberia,15,Tuesday,2026-03-31
241002002,2026-03-31 15:12:00,37.958124,23.642584,0.0,Bulk Carrier,POSEIDON BULK,Greece,15,Tuesday,2026-03-31
538001001,2026-03-31 15:13:00,37.874924,23.507483,0.0,Tanker,MARSHALL DAWN,Marshall Islands,15,Tuesday,2026-03-31
538001002,2026-03-31 15:13:00,37.849353,23.513023,0.2,Bulk Carrier,PACIFIC MARSHAL,Marshall Islands,15,Tuesday,2026-03-31
371001001,2026-03-31 15:13:00,37.938648,23.644186,0.3,Container,ISTANBUL BRIDGE,Turkey,15,Tuesday,2026-03-31
371001002,2026-03-31 15:13:00,37.873228,23.5537,0.1,Tanker,BOSPHORUS WIND,Turkey,15,Tuesday,2026-03-31
215001001,2026-03-31 15:13:00,37.935617,23.622242,0.1,Bulk Carrier,RABAT CARGO,Morocco,15,Tuesday,2026-03-31
538002001,2026-03-31 15:15:00,37.957583,23.646415,0.3,Container,MAJURO TIDE,Marshall Islands,15,Tuesday,2026-03-31
247001002,2026-03-31 15:15:00,37.953775,23.627619,0.3,Passenger,NAPOLI STAR,Italy,15,Tuesday,2026-03-31
241002005,2026-03-31 15:17:00,37.93806,23.635055,0.0,Container,RHODES CARRIER,Greece,15,Tuesday,2026-03-31
356002001,2026-03-31 15:17:00,37.947347,23.625223,0.0,Tanker,BALBOA QUEEN,Panama,15,Tuesday,2026-03-31
209001002,2026-03-31 15:18:00,37.907089,23.550265,0.2,Passenger,LIMASSOL FERRY,Cyprus,15,Tuesday,2026-03-31
477001002,2026-03-31 15:19:00,37.948811,23.6106,0.3,Tanker,ORIENT WAVE,Hong Kong,15,Tuesday,2026-03-31
241001003,2026-03-31 15:23:00,37.958676,23.614936,0.2,Container,OLYMPIC CARRIER,Greece,15,Tuesday,2026-03-31
636001001,2026-03-31 15:23:00,37.869508,23.534501,0.2,Tanker,LIBERIA FORTUNE,Liberia,15,Tuesday,2026-03-31
241002003,2026-03-31 15:23:00,37.922042,23.575509,0.4,Ro-Ro,CRETE RUNNER,Greece,15,Tuesday,2026-03-31
241001002,2026-03-31 15:24:00,37.851146,23.532705,0.1,Container,PIRAEUS EXPRESS,Greece,15,Tuesday,2026-03-31
477001001,2026-03-31 15:25:00,37.954006,23.63831,0.3,Container,HONG KONG SPIRIT,Hong Kong,15,Tuesday,2026-03-31
636001002,2026-03-31 15:25:00,37.896736,23.561961,0.3,Bulk Carrier,MONROVIA STAR,Liberia,15,Tuesday,2026-03-31
241002002,2026-03-31 15:28:00,37.95918,23.642651,0.0,Bulk Carrier,POSEIDON BULK,Greece,15,Tuesday,2026-03-31
371001002,2026-03-31 15:28:00,37.873185,23.554261,0.0,Tanker,BOSPHORUS WIND,Turkey,15,Tuesday,2026-03-31
538001002,2026-03-31 15:29:00,37.852334,23.514849,0.5,Bulk Carrier,PACIFIC MARSHAL,Marshall Islands,15,Tuesday,2026-03-31
356002001,2026-03-31 15:32:00,37.947214,23.62575,0.2,Tanker,BALBOA QUEEN,Panama,15,Tuesday,2026-03-31
209001002,2026-03-31 15:33:00,37.906332,23.549011,0.2,Passenger,LIMASSOL FERRY,Cyprus,15,Tuesday,2026-03-31
241002005,2026-03-31 15:33:00,37.937282,23.633535,0.2,Container,RHODES CARRIER,Greece,15,Tuesday,2026-03-31
247001002,2026-03-31 15:33:00,37.954814,23.626962,0.4,Passenger,NAPOLI STAR,Italy,15,Tuesday,2026-03-31
538002001,2026-03-31 15:34:00,37.957352,23.645645,0.3,Container,MAJURO TIDE,Marshall Islands,15,Tuesday,2026-03-31
538001001,2026-03-31 15:35:00,37.874036,23.507457,0.7,Tanker,MARSHALL DAWN,Marshall Islands,15,Tuesday,2026-03-31
215001001,2026-03-31 15:35:00,37.935255,23.621909,0.0,Bulk Carrier,RABAT CARGO,Morocco,15,Tuesday,2026-03-31
477001002,2026-03-31 15:36:00,37.948014,23.611081,0.3,Tanker,ORIENT WAVE,Hong Kong,15,Tuesday,2026-03-31
371001001,2026-03-31 15:38:00,37.939858,23.645043,0.1,Container,ISTANBUL BRIDGE,Turkey,15,Tuesday,2026-03-31
636001001,2026-03-31 15:39:00,37.867619,23.53318,0.6,Tanker,LIBERIA FORTUNE,Liberia,15,Tuesday,2026-03-31
241001002,2026-03-31 15:40:00,37.849372,23.530957,0.6,Container,PIRAEUS EXPRESS,Greece,15,Tuesday,2026-03-31
241001003,2026-03-31 15:41:00,37.95755,23.613653,0.0,Container,OLYMPIC CARRIER,Greece,15,Tuesday,2026-03-31
241002003,2026-03-31 15:41:00,37.921158,23.573628,0.3,Ro-Ro,CRETE RUNNER,Greece,15,Tuesday,2026-03-31
477001001,2026-03-31 15:47:00,37.953021,23.637997,0.1,Container,HONG KONG SPIRIT,Hong Kong,15,Tuesday,2026-03-31
247001002,2026-03-31 15:48:00,37.953638,23.62802,0.3,Passenger,NAPOLI STAR,Italy,15,Tuesday,2026-03-31
636001002,2026-03-31 15:49:00,37.896615,23.560237,0.5,Bulk Carrier,MONROVIA STAR,Liberia,15,Tuesday,2026-03-31
371001002,2026-03-31 15:51:00,37.875275,23.557003,0.0,Tanker,BOSPHORUS WIND,Turkey,15,Tuesday,2026-03-31
538001002,2026-03-31 15:52:00,37.851964,23.513539,0.2,Bulk Carrier,PACIFIC MARSHAL,Marshall Islands,15,Tuesday,2026-03-31
241002005,2026-03-31 15:52:00,37.936451,23.633476,0.1,Container,RHODES CARRIER,Greece,15,Tuesday,2026-03-31
241002002,2026-03-31 15:53:00,37.958649,23.641954,0.1,Bulk Carrier,POSEIDON BULK,Greece,15,Tuesday,2026-03-31
356002001,2026-03-31 15:53:00,37.947156,23.625712,0.2,Tanker,BALBOA QUEEN,Panama,15,Tuesday,2026-03-31
209001002,2026-03-31 15:55:00,37.905323,23.548667,5.8,Passenger,LIMASSOL FERRY,Cyprus,15,Tuesday,2026-03-31
636001001,2026-03-31 15:56:00,37.869493,23.532937,0.4,Tanker,LIBERIA FORTUNE,Liberia,15,Tuesday,2026-03-31
538002001,2026-03-31 15:56:00,37.956173,23.644764,0.3,Container,MAJURO TIDE,Marshall Islands,15,Tuesday,2026-03-31
538001001,2026-03-31 15:57:00,37.874217,23.509337,0.2,Tanker,MARSHALL DAWN,Marshall Islands,15,Tuesday,2026-03-31
241001003,2026-03-31 15:58:00,37.958349,23.61366,0.2,Container,OLYMPIC CARRIER,Greece,15,Tuesday,2026-03-31
215001001,2026-03-31 15:58:00,37.936576,23.62158,0.1,Bulk Carrier,RABAT CARGO,Morocco,15,Tuesday,2026-03-31
371001001,2026-03-31 15:59:00,37.939973,23.645301,0.3,Container,ISTANBUL BRIDGE,Turkey,15,Tuesday,2026-03-31
477001002,2026-03-31 16:00:00,37.947336,23.61048,0.3,Tanker,ORIENT WAVE,Hong Kong,16,Tuesday,2026-03-31
209001002,2026-03-31 16:02:00,37.909562,23.556075,2.2,Passenger,LIMASSOL FERRY,Cyprus,16,Tuesday,2026-03-31
241001002,2026-03-31 16:04:00,37.849965,23.532422,0.0,Container,PIRAEUS EXPRESS,Greece,16,Tuesday,2026-03-31
477001001,2026-03-31 16:04:00,37.953993,23.63764,0.3,Container,HONG KONG SPIRIT,Hong Kong,16,Tuesday,2026-03-31
241002003,2026-03-31 16:06:00,37.919681,23.573043,0.0,Ro-Ro,CRETE RUNNER,Greece,16,Tuesday,2026-03-31
247001002,2026-03-31 16:07:00,37.953226,23.626265,0.1,Passenger,NAPOLI STAR,Italy,16,Tuesday,2026-03-31
636001002,2026-03-31 16:08:00,37.896711,23.561489,0.3,Bulk Carrier,MONROVIA STAR,Liberia,16,Tuesday,2026-03-31
209001002,2026-03-31 16:10:00,37.913802,23.563482,4.2,Passenger,LIMASSOL FERRY,Cyprus,16,Tuesday,2026-03-31
241002002,2026-03-31 16:10:00,37.958183,23.641965,0.3,Bulk Carrier,POSEIDON BULK,Greece,16,Tuesday,2026-03-31
538001002,2026-03-31 16:11:00,37.849334,23.511499,0.0,Bulk Carrier,PACIFIC MARSHAL,Marshall Islands,16,Tuesday,2026-03-31
241002005,2026-03-31 16:12:00,37.936506,23.633522,0.4,Container,RHODES CARRIER,Greece,16,Tuesday,2026-03-31
371001001,2026-03-31 16:14:00,37.938453,23.644932,0.1,Container,ISTANBUL BRIDGE,Turkey,16,Tuesday,2026-03-31
371001002,2026-03-31 16:14:00,37.872686,23.554991,0.4,Tanker,BOSPHORUS WIND,Turkey,16,Tuesday,2026-03-31
209001002,2026-03-31 16:15:00,37.918041,23.57089,3.9,Passenger,LIMASSOL FERRY,Cyprus,16,Tuesday,2026-03-31
477001002,2026-03-31 16:17:00,37.948358,23.609891,0.2,Tanker,ORIENT WAVE,Hong Kong,16,Tuesday,2026-03-31
538002001,2026-03-31 16:17:00,37.956028,23.646256,0.3,Container,MAJURO TIDE,Marshall Islands,16,Tuesday,2026-03-31
538001001,2026-03-31 16:18:00,37.874267,23.50746,0.4,Tanker,MARSHALL DAWN,Marshall Islands,16,Tuesday,2026-03-31
356002001,2026-03-31 16:18:00,37.947249,23.626315,0.2,Tanker,BALBOA QUEEN,Panama,16,Tuesday,2026-03-31
636001001,2026-03-31 16:19:00,37.866716,23.533185,0.4,Tanker,LIBERIA FORTUNE,Liberia,16,Tuesday,2026-03-31
215001001,2026-03-31 16:21:00,37.934641,23.621725,0.1,Bulk Carrier,RABAT CARGO,Morocco,16,Tuesday,2026-03-31
241001003,2026-03-31 16:23:00,37.958547,23.614826,0.1,Container,OLYMPIC CARRIER,Greece,16,Tuesday,2026-03-31
209001002,2026-03-31 16:23:00,37.92228,23.578297,4.5,Passenger,LIMASSOL FERRY,Cyprus,16,Tuesday,2026-03-31
247001002,2026-03-31 16:24:00,37.953591,23.628134,0.3,Passenger,NAPOLI STAR,Italy,16,Tuesday,2026-03-31
241001002,2026-03-31 16:25:00,37.851577,23.530017,0.3,Container,PIRAEUS EXPRESS,Greece,16,Tuesday,2026-03-31
241002002,2026-03-31 16:26:00,37.959416,23.641972,0.2,Bulk Carrier,POSEIDON BULK,Greece,16,Tuesday,2026-03-31
241002003,2026-03-31 16:26:00,37.920229,23.575169,0.6,Ro-Ro,CRETE RUNNER,Greece,16,Tuesday,2026-03-31
241002005,2026-03-31 16:27:00,37.937063,23.634572,0.2,Container,RHODES CARRIER,Greece,16,Tuesday,2026-03-31
477001001,2026-03-31 16:28:00,37.953217,23.638505,0.2,Container,HONG KONG SPIRIT,Hong Kong,16,Tuesday,2026-03-31
209001002,2026-03-31 16:28:00,37.926519,23.585705,3.1,Passenger,LIMASSOL FERRY,Cyprus,16,Tuesday,2026-03-31
371001002,2026-03-31 16:29:00,37.872368,23.557308,0.7,Tanker,BOSPHORUS WIND,Turkey,16,Tuesday,2026-03-31
636001002,2026-03-31 16:30:00,37.895542,23.560685,0.7,Bulk Carrier,MONROVIA STAR,Liberia,16,Tuesday,2026-03-31
371001001,2026-03-31 16:31:00,37.938408,23.644304,0.2,Container,ISTANBUL BRIDGE,Turkey,16,Tuesday,2026-03-31
538001002,2026-03-31 16:33:00,37.849522,23.514593,0.4,Bulk Carrier,PACIFIC MARSHAL,Marshall Islands,16,Tuesday,2026-03-31
477001002,2026-03-31 16:34:00,37.948788,23.611199,0.3,Tanker,ORIENT WAVE,Hong Kong,16,Tuesday,2026-03-31
636001001,2026-03-31 16:37:00,37.867672,23.533474,0.5,Tanker,LIBERIA FORTUNE,Liberia,16,Tuesday,2026-03-31
209001002,2026-03-31 16:37:00,37.930759,23.593113,4.7,Passenger,LIMASSOL FERRY,Cyprus,16,Tuesday,2026-03-31
538002001,2026-03-31 16:39:00,37.956364,23.645372,0.3,Container,MAJURO TIDE,Marshall Islands,16,Tuesday,2026-03-31
538001001,2026-03-31 16:41:00,37.874377,23.510714,0.2,Tanker,MARSHALL DAWN,Marshall Islands,16,Tuesday,2026-03-31
241002002,2026-03-31 16:41:00,37.959405,23.641985,0.3,Bulk Carrier,POSEIDON BULK,Greece,16,Tuesday,2026-03-31
209001002,2026-03-31 16:43:00,37.934998,23.60052,5.1,Passenger,LIMASSOL FERRY,Cyprus,16,Tuesday,2026-03-31
241002003,2026-03-31 16:43:00,37.921241,23.573589,5.0,Ro-Ro,CRETE RUNNER,Greece,16,Tuesday,2026-03-31
215001001,2026-03-31 16:44:00,37.935489,23.621956,0.1,Bulk Carrier,RABAT CARGO,Morocco,16,Tuesday,2026-03-31
241001003,2026-03-31 16:45:00,37.958802,23.614592,0.2,Container,OLYMPIC CARRIER,Greece,16,Tuesday,2026-03-31
241002005,2026-03-31 16:45:00,37.936841,23.633948,0.3,Container,RHODES CARRIER,Greece,16,Tuesday,2026-03-31
247001002,2026-03-31 16:45:00,37.954094,23.627022,0.3,Passenger,NAPOLI STAR,Italy,16,Tuesday,2026-03-31
371001002,2026-03-31 16:47:00,37.872265,23.554322,0.6,Tanker,BOSPHORUS WIND,Turkey,16,Tuesday,2026-03-31
538001002,2026-03-31 16:48:00,37.850023,23.512641,0.5,Bulk Carrier,PACIFIC MARSHAL,Marshall Islands,16,Tuesday,2026-03-31
477001001,2026-03-31 16:49:00,37.953996,23.638211,0.2,Container,HONG KONG SPIRIT,Hong Kong,16,Tuesday,2026-03-31
241002003,2026-03-31 16:49:00,37.922719,23.576017,3.1,Ro-Ro,CRETE RUNNER,Greece,16,Tuesday,2026-03-31
241001002,2026-03-31 16:50:00,37.851506,23.530919,0.2,Container,PIRAEUS EXPRESS,Greece,16,Tuesday,2026-03-31
371001001,2026-03-31 16:51:00,37.940124,23.645284,0.1,Container,ISTANBUL BRIDGE,Turkey,16,Tuesday,2026-03-31
209001002,2026-03-31 16:53:00,37.939237,23.607928,5.1,Passenger,LIMASSOL FERRY,Cyprus,16,Tuesday,2026-03-31
477001002,2026-03-31 16:55:00,37.948432,23.610437,0.3,Tanker,ORIENT WAVE,Hong Kong,16,Tuesday,2026-03-31
636001002,2026-03-31 16:55:00,37.897491,23.562101,0.8,Bulk Carrier,MONROVIA STAR,Liberia,16,Tuesday,2026-03-31
241002003,2026-03-31 16:56:00,37.924197,23.578445,5.6,Ro-Ro,CRETE RUNNER,Greece,16,Tuesday,2026-03-31
538001001,2026-03-31 16:59:00,37.872455,23.510047,0.0,Tanker,MARSHALL DAWN,Marshall Islands,16,Tuesday,2026-03-31
209001002,2026-03-31 17:00:00,37.943477,23.615335,4.3,Passenger,LIMASSOL FERRY,Cyprus,17,Tuesday,2026-03-31
636001001,2026-03-31 17:01:00,37.870335,23.535595,0.4,Tanker,LIBERIA FORTUNE,Liberia,17,Tuesday,2026-03-31
241002003,2026-03-31 17:01:00,37.925675,23.580872,3.7,Ro-Ro,CRETE RUNNER,Greece,17,Tuesday,2026-03-31
241002002,2026-03-31 17:02:00,37.959613,23.641819,0.2,Bulk Carrier,POSEIDON BULK,Greece,17,Tuesday,2026-03-31
247001002,2026-03-31 17:02:00,37.954138,23.627433,0.4,Passenger,NAPOLI STAR,Italy,17,Tuesday,2026-03-31
538002001,2026-03-31 17:03:00,37.957668,23.646403,0.2,Container,MAJURO TIDE,Marshall Islands,17,Tuesday,2026-03-31
371001002,2026-03-31 17:05:00,37.874425,23.553689,0.5,Tanker,BOSPHORUS WIND,Turkey,17,Tuesday,2026-03-31
241002005,2026-03-31 17:07:00,37.93645,23.633341,0.3,Container,RHODES CARRIER,Greece,17,Tuesday,2026-03-31
538001002,2026-03-31 17:08:00,37.852443,23.512715,0.5,Bulk Carrier,PACIFIC MARSHAL,Marshall Islands,17,Tuesday,2026-03-31
209001002,2026-03-31 17:08:00,37.947717,23.623309,0.3,Passenger,LIMASSOL FERRY,Cyprus,17,Tuesday,2026-03-31
241002003,2026-03-31 17:08:00,37.927153,23.5833,5.8,Ro-Ro,CRETE RUNNER,Greece,17,Tuesday,2026-03-31
215001001,2026-03-31 17:08:00,37.935836,23.621858,0.2,Bulk Carrier,RABAT CARGO,Morocco,17,Tuesday,2026-03-31
241001003,2026-03-31 17:09:00,37.95898,23.613938,0.1,Container,OLYMPIC CARRIER,Greece,17,Tuesday,2026-03-31
477001001,2026-03-31 17:12:00,37.954244,23.637711,0.2,Container,HONG KONG SPIRIT,Hong Kong,17,Tuesday,2026-03-31
477001002,2026-03-31 17:12:00,37.948732,23.611237,0.2,Tanker,ORIENT WAVE,Hong Kong,17,Tuesday,2026-03-31
371001001,2026-03-31 17:12:00,37.938815,23.644585,0.2,Container,ISTANBUL BRIDGE,Turkey,17,Tuesday,2026-03-31
538001001,2026-03-31 17:14:00,37.871992,23.509746,0.1,Tanker,MARSHALL DAWN,Marshall Islands,17,Tuesday,2026-03-31
241001002,2026-03-31 17:15:00,37.849201,23.533648,0.5,Container,PIRAEUS EXPRESS,Greece,17,Tuesday,2026-03-31
636001002,2026-03-31 17:15:00,37.896467,23.561158,0.3,Bulk Carrier,MONROVIA STAR,Liberia,17,Tuesday,2026-03-31
241002003,2026-03-31 17:15:00,37.928632,23.585728,3.3,Ro-Ro,CRETE RUNNER,Greece,17,Tuesday,2026-03-31
241002003,2026-03-31 17:20:00,37.93011,23.588156,2.4,Ro-Ro,CRETE RUNNER,Greece,17,Tuesday,2026-03-31
215001001,2026-03-31 17:23:00,37.935763,23.623055,0.3,Bulk Carrier,RABAT CARGO,Morocco,17,Tuesday,2026-03-31
538001002,2026-03-31 17:24:00,37.852582,23.511606,0.6,Bulk Carrier,PACIFIC MARSHAL,Marshall Islands,17,Tuesday,2026-03-31
241002005,2026-03-31 17:24:00,37.937352,23.635031,0.3,Container,RHODES CARRIER,Greece,17,Tuesday,2026-03-31
538002001,2026-03-31 17:24:00,37.957538,23.646515,0.1,Container,MAJURO TIDE,Marshall Islands,17,Tuesday,2026-03-31
209001002,2026-03-31 17:25:00,37.948687,23.623307,0.1,Passenger,LIMASSOL FERRY,Cyprus,17,Tuesday,2026-03-31
241002003,2026-03-31 17:25:00,37.931588,23.590584,4.7,Ro-Ro,CRETE RUNNER,Greece,17,Tuesday,2026-03-31
636001001,2026-03-31 17:26:00,37.869024,23.534083,0.0,Tanker,LIBERIA FORTUNE,Liberia,17,Tuesday,2026-03-31
371001002,2026-03-31 17:26:00,37.873973,23.555508,5.7,Tanker,BOSPHORUS WIND,Turkey,17,Tuesday,2026-03-31
241002002,2026-03-31 17:27:00,37.958373,23.642356,0.1,Bulk Carrier,POSEIDON BULK,Greece,17,Tuesday,2026-03-31
247001002,2026-03-31 17:27:00,37.953675,23.627473,0.3,Passenger,NAPOLI STAR,Italy,17,Tuesday,2026-03-31
241001002,2026-03-31 17:30:00,37.850431,23.531195,0.3,Container,PIRAEUS EXPRESS,Greece,17,Tuesday,2026-03-31
477001001,2026-03-31 17:30:00,37.953125,23.638786,0.3,Container,HONG KONG SPIRIT,Hong Kong,17,Tuesday,2026-03-31
477001002,2026-03-31 17:30:00,37.947098,23.610294,0.3,Tanker,ORIENT WAVE,Hong Kong,17,Tuesday,2026-03-31
636001002,2026-03-31 17:31:00,37.895393,23.560793,0.1,Bulk Carrier,MONROVIA STAR,Liberia,17,Tuesday,2026-03-31
241002003,2026-03-31 17:31:00,37.933066,23.593011,3.3,Ro-Ro,CRETE RUNNER,Greece,17,Tuesday,2026-03-31
371001002,2026-03-31 17:31:00,37.880591,23.563249,5.6,Tanker,BOSPHORUS WIND,Turkey,17,Tuesday,2026-03-31
371001001,2026-03-31 17:35:00,37.939875,23.644653,0.2,Container,ISTANBUL BRIDGE,Turkey,17,Tuesday,2026-03-31
538001001,2026-03-31 17:38:00,37.875544,23.50763,0.2,Tanker,MARSHALL DAWN,Marshall Islands,17,Tuesday,2026-03-31
538001002,2026-03-31 17:39:00,37.849347,23.514482,0.4,Bulk Carrier,PACIFIC MARSHAL,Marshall Islands,17,Tuesday,2026-03-31
241002005,2026-03-31 17:40:00,37.938077,23.634289,0.4,Container,RHODES CARRIER,Greece,17,Tuesday,2026-03-31
241002003,2026-03-31 17:41:00,37.934544,23.595439,5.2,Ro-Ro,CRETE RUNNER,Greece,17,Tuesday,2026-03-31
371001002,2026-03-31 17:41:00,37.887209,23.57099,5.3,Tanker,BOSPHORUS WIND,Turkey,17,Tuesday,2026-03-31
538002001,2026-03-31 17:42:00,37.956724,23.644535,0.2,Container,MAJURO TIDE,Marshall Islands,17,Tuesday,2026-03-31
247001002,2026-03-31 17:42:00,37.954417,23.627954,0.3,Passenger,NAPOLI STAR,Italy,17,Tuesday,2026-03-31
477001001,2026-03-31 17:45:00,37.953705,23.638785,0.2,Container,HONG KONG SPIRIT,Hong Kong,17,Tuesday,2026-03-31
215001001,2026-03-31 17:45:00,37.93562,23.622621,0.2,Bulk Carrier,RABAT CARGO,Morocco,17,Tuesday,2026-03-31
241002002,2026-03-31 17:46:00,37.957846,23.642071,0.0,Bulk Carrier,POSEIDON BULK,Greece,17,Tuesday,2026-03-31
209001002,2026-03-31 17:48:00,37.948639,23.622853,0.3,Passenger,LIMASSOL FERRY,Cyprus,17,Tuesday,2026-03-31
371001002,2026-03-31 17:48:00,37.893826,23.57873,5.9,Tanker,BOSPHORUS WIND,Turkey,17,Tuesday,2026-03-31
477001002,2026-03-31 17:50:00,37.947366,23.611267,0.3,Tanker,ORIENT WAVE,Hong Kong,17,Tuesday,2026-03-31
636001001,2026-03-31 17:51:00,37.868833,23.536136,0.5,Tanker,LIBERIA FORTUNE,Liberia,17,Tuesday,2026-03-31
241002003,2026-03-31 17:51:00,37.935765,23.598167,0.2,Ro-Ro,CRETE RUNNER,Greece,17,Tuesday,2026-03-31
241001002,2026-03-31 17:53:00,37.848768,23.531393,0.5,Container,PIRAEUS EXPRESS,Greece,17,Tuesday,2026-03-31
636001002,2026-03-31 17:56:00,37.895088,23.562118,0.2,Bulk Carrier,MONROVIA STAR,Liberia,17,Tuesday,2026-03-31
371001002,2026-03-31 17:56:00,37.900444,23.586471,5.3,Tanker,BOSPHORUS WIND,Turkey,17,Tuesday,2026-03-31
371001001,2026-03-31 17:58:00,37.93906,23.645127,0.4,Container,ISTANBUL BRIDGE,Turkey,17,Tuesday,2026-03-31
538001001,2026-03-31 17:59:00,37.872507,23.508572,0.8,Tanker,MARSHALL DAWN,Marshall Islands,17,Tuesday,2026-03-31
538001002,2026-03-31 18:01:00,37.850187,23.511697,0.5,Bulk Carrier,PACIFIC MARSHAL,Marshall Islands,18,Tuesday,2026-03-31
538002001,2026-03-31 18:01:00,37.957494,23.646356,0.1,Container,MAJURO TIDE,Marshall Islands,18,Tuesday,2026-03-31
247001002,2026-03-31 18:01:00,37.953785,23.627003,0.4,Passenger,NAPOLI STAR,Italy,18,Tuesday,2026-03-31
209001002,2026-03-31 18:03:00,37.947645,23.623402,0.0,Passenger,LIMASSOL FERRY,Cyprus,18,Tuesday,2026-03-31
371001002,2026-03-31 18:03:00,37.907062,23.594212,5.7,Tanker,BOSPHORUS WIND,Turkey,18,Tuesday,2026-03-31
241002005,2026-03-31 18:04:00,37.9361,23.634364,0.2,Container,RHODES CARRIER,Greece,18,Tuesday,2026-03-31
477001001,2026-03-31 18:05:00,37.953276,23.637513,0.4,Container,HONG KONG SPIRIT,Hong Kong,18,Tuesday,2026-03-31
477001002,2026-03-31 18:07:00,37.948816,23.610945,0.3,Tanker,ORIENT WAVE,Hong Kong,18,Tuesday,2026-03-31
241002002,2026-03-31 18:08:00,37.957989,23.641723,0.3,Bulk Carrier,POSEIDON BULK,Greece,18,Tuesday,2026-03-31
215001001,2026-03-31 18:08:00,37.935725,23.621423,0.3,Bulk Carrier,RABAT CARGO,Morocco,18,Tuesday,2026-03-31
241002003,2026-03-31 18:09:00,37.935196,23.59708,0.2,Ro-Ro,CRETE RUNNER,Greece,18,Tuesday,2026-03-31
371001002,2026-03-31 18:11:00,37.91368,23.601953,2.2,Tanker,BOSPHORUS WIND,Turkey,18,Tuesday,2026-03-31
241001002,2026-03-31 18:15:00,37.85256,23.532255,0.1,Container,PIRAEUS EXPRESS,Greece,18,Tuesday,2026-03-31
636001002,2026-03-31 18:15:00,37.897142,23.563294,0.7,Bulk Carrier,MONROVIA STAR,Liberia,18,Tuesday,2026-03-31
636001001,2026-03-31 18:16:00,37.867873,23.535485,0.7,Tanker,LIBERIA FORTUNE,Liberia,18,Tuesday,2026-03-31
371001001,2026-03-31 18:17:00,37.940129,23.644886,0.1,Container,ISTANBUL BRIDGE,Turkey,18,Tuesday,2026-03-31
371001002,2026-03-31 18:17:00,37.920298,23.609694,4.4,Tanker,BOSPHORUS WIND,Turkey,18,Tuesday,2026-03-31
209001002,2026-03-31 18:22:00,37.947051,23.621863,0.2,Passenger,LIMASSOL FERRY,Cyprus,18,Tuesday,2026-03-31
241002002,2026-03-31 18:23:00,37.959365,23.641685,0.3,Bulk Carrier,POSEIDON BULK,Greece,18,Tuesday,2026-03-31
241002005,2026-03-31 18:23:00,37.936476,23.63338,0.4,Container,RHODES CARRIER,Greece,18,Tuesday,2026-03-31
477001001,2026-03-31 18:24:00,37.953909,23.638608,0.1,Container,HONG KONG SPIRIT,Hong Kong,18,Tuesday,2026-03-31
538001001,2026-03-31 18:24:00,37.874242,23.510583,0.6,Tanker,MARSHALL DAWN,Marshall Islands,18,Tuesday,2026-03-31
538002001,2026-03-31 18:24:00,37.956886,23.644591,0.4,Container,MAJURO TIDE,Marshall Islands,18,Tuesday,2026-03-31
247001002,2026-03-31 18:25:00,37.953372,23.626976,0.4,Passenger,NAPOLI STAR,Italy,18,Tuesday,2026-03-31
215001001,2026-03-31 18:25:00,37.935348,23.622609,0.4,Bulk Carrier,RABAT CARGO,Morocco,18,Tuesday,2026-03-31
538001002,2026-03-31 18:26:00,37.849803,23.511343,0.7,Bulk Carrier,PACIFIC MARSHAL,Marshall Islands,18,Tuesday,2026-03-31
371001002,2026-03-31 18:26:00,37.926915,23.617434,4.7,Tanker,BOSPHORUS WIND,Turkey,18,Tuesday,2026-03-31
477001002,2026-03-31 18:32:00,37.948663,23.610195,0.3,Tanker,ORIENT WAVE,Hong Kong,18,Tuesday,2026-03-31
636001001,2026-03-31 18:32:00,37.868509,23.533431,0.3,Tanker,LIBERIA FORTUNE,Liberia,18,Tuesday,2026-03-31
241002003,2026-03-31 18:34:00,37.935263,23.59804,0.2,Ro-Ro,CRETE RUNNER,Greece,18,Tuesday,2026-03-31
371001002,2026-03-31 18:34:00,37.933533,23.625175,4.7,Tanker,BOSPHORUS WIND,Turkey,18,Tuesday,2026-03-31
241001002,2026-03-31 18:37:00,37.850459,23.532648,0.6,Container,PIRAEUS EXPRESS,Greece,18,Tuesday,2026-03-31
241002005,2026-03-31 18:38:00,37.937612,23.633754,0.2,Container,RHODES CARRIER,Greece,18,Tuesday,2026-03-31
636001002,2026-03-31 18:39:00,37.895819,23.560208,0.4,Bulk Carrier,MONROVIA STAR,Liberia,18,Tuesday,2026-03-31
371001001,2026-03-31 18:39:00,37.939721,23.644027,0.3,Container,ISTANBUL BRIDGE,Turkey,18,Tuesday,2026-03-31
538001001,2026-03-31 18:41:00,37.874859,23.508875,0.8,Tanker,MARSHALL DAWN,Marshall Islands,18,Tuesday,2026-03-31
241002002,2026-03-31 18:41:00,37.957802,23.642807,0.2,Bulk Carrier,POSEIDON BULK,Greece,18,Tuesday,2026-03-31
538002001,2026-03-31 18:43:00,37.956469,23.646515,0.3,Container,MAJURO TIDE,Marshall Islands,18,Tuesday,2026-03-31
538001002,2026-03-31 18:44:00,37.851834,23.514382,0.1,Bulk Carrier,PACIFIC MARSHAL,Marshall Islands,18,Tuesday,2026-03-31
209001002,2026-03-31 18:44:00,37.947218,23.623103,0.1,Passenger,LIMASSOL FERRY,Cyprus,18,Tuesday,2026-03-31
371001002,2026-03-31 18:44:00,37.941032,23.633223,0.1,Tanker,BOSPHORUS WIND,Turkey,18,Tuesday,2026-03-31
215001001,2026-03-31 18:47:00,37.935862,23.621576,0.3,Bulk Carrier,RABAT CARGO,Morocco,18,Tuesday,2026-03-31
477001001,2026-03-31 18:48:00,37.953163,23.638418,0.1,Container,HONG KONG SPIRIT,Hong Kong,18,Tuesday,2026-03-31
247001002,2026-03-31 18:50:00,37.954024,23.627993,0.1,Passenger,NAPOLI STAR,Italy,18,Tuesday,2026-03-31
477001002,2026-03-31 18:51:00,37.948276,23.610003,0.1,Tanker,ORIENT WAVE,Hong Kong,18,Tuesday,2026-03-31
636001002,2026-03-31 18:54:00,37.894957,23.560546,0.1,Bulk Carrier,MONROVIA STAR,Liberia,18,Tuesday,2026-03-31
636001001,2026-03-31 18:55:00,37.867848,23.535511,0.7,Tanker,LIBERIA FORTUNE,Liberia,18,Tuesday,2026-03-31
538001001,2026-03-31 18:56:00,37.873059,23.508908,0.1,Tanker,MARSHALL DAWN,Marshall Islands,18,Tuesday,2026-03-31
241002005,2026-03-31 18:58:00,37.936524,23.633976,0.0,Container,RHODES CARRIER,Greece,18,Tuesday,2026-03-31
241002003,2026-03-31 18:59:00,37.935408,23.597759,0.2,Ro-Ro,CRETE RUNNER,Greece,18,Tuesday,2026-03-31
241002002,2026-03-31 19:00:00,37.958733,23.642275,0.4,Bulk Carrier,POSEIDON BULK,Greece,19,Tuesday,2026-03-31
241001002,2026-03-31 19:02:00,37.85195,23.531866,0.2,Container,PIRAEUS EXPRESS,Greece,19,Tuesday,2026-03-31
538002001,2026-03-31 19:02:00,37.955786,23.645668,0.1,Container,MAJURO TIDE,Marshall Islands,19,Tuesday,2026-03-31
371001001,2026-03-31 19:02:00,37.939949,23.644195,0.1,Container,ISTANBUL BRIDGE,Turkey,19,Tuesday,2026-03-31
371001002,2026-03-31 19:03:00,37.939171,23.633563,0.1,Tanker,BOSPHORUS WIND,Turkey,19,Tuesday,2026-03-31
209001002,2026-03-31 19:04:00,37.947142,23.623424,0.3,Passenger,LIMASSOL FERRY,Cyprus,19,Tuesday,2026-03-31
538001002,2026-03-31 19:05:00,37.849177,23.513242,0.7,Bulk Carrier,PACIFIC MARSHAL,Marshall Islands,19,Tuesday,2026-03-31
215001001,2026-03-31 19:05:00,37.93536,23.622077,0.0,Bulk Carrier,RABAT CARGO,Morocco,19,Tuesday,2026-03-31
247001002,2026-03-31 19:06:00,37.954485,23.626835,0.1,Passenger,NAPOLI STAR,Italy,19,Tuesday,2026-03-31
477001002,2026-03-31 19:07:00,37.946986,23.610178,0.3,Tanker,ORIENT WAVE,Hong Kong,19,Tuesday,2026-03-31
636001002,2026-03-31 19:10:00,37.895606,23.559921,0.2,Bulk Carrier,MONROVIA STAR,Liberia,19,Tuesday,2026-03-31
477001001,2026-03-31 19:13:00,37.953416,23.638182,0.2,Container,HONG KONG SPIRIT,Hong Kong,19,Tuesday,2026-03-31
241002003,2026-03-31 19:15:00,37.936115,23.597553,0.0,Ro-Ro,CRETE RUNNER,Greece,19,Tuesday,2026-03-31
241002005,2026-03-31 19:16:00,37.937473,23.633574,0.0,Container,RHODES CARRIER,Greece,19,Tuesday,2026-03-31
636001001,2026-03-31 19:17:00,37.867534,23.534906,0.4,Tanker,LIBERIA FORTUNE,Liberia,19,Tuesday,2026-03-31
538001001,2026-03-31 19:17:00,37.874896,23.510807,0.7,Tanker,MARSHALL DAWN,Marshall Islands,19,Tuesday,2026-03-31
538002001,2026-03-31 19:17:00,37.957527,23.646518,0.3,Container,MAJURO TIDE,Marshall Islands,19,Tuesday,2026-03-31
371001001,2026-03-31 19:17:00,37.938637,23.643796,0.4,Container,ISTANBUL BRIDGE,Turkey,19,Tuesday,2026-03-31
538001002,2026-03-31 19:20:00,37.849463,23.514614,0.7,Bulk Carrier,PACIFIC MARSHAL,Marshall Islands,19,Tuesday,2026-03-31
215001001,2026-03-31 19:20:00,37.934616,23.621554,0.0,Bulk Carrier,RABAT CARGO,Morocco,19,Tuesday,2026-03-31
241002002,2026-03-31 19:21:00,37.959151,23.642287,0.1,Bulk Carrier,POSEIDON BULK,Greece,19,Tuesday,2026-03-31
247001002,2026-03-31 19:21:00,37.953782,23.626765,0.4,Passenger,NAPOLI STAR,Italy,19,Tuesday,2026-03-31
209001002,2026-03-31 19:23:00,37.948194,23.622869,0.0,Passenger,LIMASSOL FERRY,Cyprus,19,Tuesday,2026-03-31
241001002,2026-03-31 19:24:00,37.85202,23.532083,0.4,Container,PIRAEUS EXPRESS,Greece,19,Tuesday,2026-03-31
371001002,2026-03-31 19:24:00,37.940953,23.633549,0.1,Tanker,BOSPHORUS WIND,Turkey,19,Tuesday,2026-03-31
477001001,2026-03-31 19:28:00,37.953006,23.639333,0.2,Container,HONG KONG SPIRIT,Hong Kong,19,Tuesday,2026-03-31
477001002,2026-03-31 19:28:00,37.948659,23.610288,0.4,Tanker,ORIENT WAVE,Hong Kong,19,Tuesday,2026-03-31
636001002,2026-03-31 19:32:00,37.894123,23.561127,0.4,Bulk Carrier,MONROVIA STAR,Liberia,19,Tuesday,2026-03-31
538001001,2026-03-31 19:33:00,37.8724,23.510212,0.2,Tanker,MARSHALL DAWN,Marshall Islands,19,Tuesday,2026-03-31
241002005,2026-03-31 19:35:00,37.937996,23.634018,0.2,Container,RHODES CARRIER,Greece,19,Tuesday,2026-03-31
636001001,2026-03-31 19:37:00,37.870141,23.53297,0.4,Tanker,LIBERIA FORTUNE,Liberia,19,Tuesday,2026-03-31
241002003,2026-03-31 19:37:00,37.935426,23.598309,0.3,Ro-Ro,CRETE RUNNER,Greece,19,Tuesday,2026-03-31
371001001,2026-03-31 19:39:00,37.938626,23.644767,0.3,Container,ISTANBUL BRIDGE,Turkey,19,Tuesday,2026-03-31
247001002,2026-03-31 19:39:00,37.954451,23.628145,0.0,Passenger,NAPOLI STAR,Italy,19,Tuesday,2026-03-31
241002002,2026-03-31 19:41:00,37.959669,23.642931,0.3,Bulk Carrier,POSEIDON BULK,Greece,19,Tuesday,2026-03-31
215001001,2026-03-31 19:41:00,37.935427,23.62294,0.2,Bulk Carrier,RABAT CARGO,Morocco,19,Tuesday,2026-03-31
538001002,2026-03-31 19:42:00,37.850377,23.512733,0.1,Bulk Carrier,PACIFIC MARSHAL,Marshall Islands,19,Tuesday,2026-03-31
209001002,2026-03-31 19:42:00,37.948113,23.623404,0.0,Passenger,LIMASSOL FERRY,Cyprus,19,Tuesday,2026-03-31
538002001,2026-03-31 19:42:00,37.95602,23.646024,0.2,Container,MAJURO TIDE,Marshall Islands,19,Tuesday,2026-03-31
241001002,2026-03-31 19:44:00,37.85204,23.53006,0.7,Container,PIRAEUS EXPRESS,Greece,19,Tuesday,2026-03-31
477001001,2026-03-31 19:44:00,37.954296,23.637775,0.0,Container,HONG KONG SPIRIT,Hong Kong,19,Tuesday,2026-03-31
371001002,2026-03-31 19:46:00,37.939172,23.633301,0.1,Tanker,BOSPHORUS WIND,Turkey,19,Tuesday,2026-03-31
636001002,2026-03-31 19:48:00,37.89649,23.559876,0.1,Bulk Carrier,MONROVIA STAR,Liberia,19,Tuesday,2026-03-31
477001002,2026-03-31 19:49:00,37.947641,23.61096,0.1,Tanker,ORIENT WAVE,Hong Kong,19,Tuesday,2026-03-31
538001001,2026-03-31 19:52:00,37.873517,23.508273,0.3,Tanker,MARSHALL DAWN,Marshall Islands,19,Tuesday,2026-03-31
241002003,2026-03-31 19:52:00,37.935858,23.59829,0.0,Ro-Ro,CRETE RUNNER,Greece,19,Tuesday,2026-03-31
247001002,2026-03-31 19:54:00,37.955042,23.626589,0.4,Passenger,NAPOLI STAR,Italy,19,Tuesday,2026-03-31
371001001,2026-03-31 19:56:00,37.938999,23.644214,0.3,Container,ISTANBUL BRIDGE,Turkey,19,Tuesday,2026-03-31
241002005,2026-03-31 19:58:00,37.937024,23.634939,0.3,Container,RHODES CARRIER,Greece,19,Tuesday,2026-03-31
215001001,2026-03-31 19:58:00,37.935728,23.623269,0.2,Bulk Carrier,RABAT CARGO,Morocco,19,Tuesday,2026-03-31
636001001,2026-03-31 20:00:00,37.868348,23.5343,2.8,Tanker,LIBERIA FORTUNE,Liberia,20,Tuesday,2026-03-31
538001002,2026-03-31 20:00:00,37.852785,23.511711,0.5,Bulk Carrier,PACIFIC MARSHAL,Marshall Islands,20,Tuesday,2026-03-31
371001002,2026-03-31 20:01:00,37.940049,23.633242,0.2,Tanker,BOSPHORUS WIND,Turkey,20,Tuesday,2026-03-31
241002002,2026-03-31 20:02:00,37.959738,23.643347,0.2,Bulk Carrier,POSEIDON BULK,Greece,20,Tuesday,2026-03-31
477001001,2026-03-31 20:03:00,37.953984,23.638534,0.1,Container,HONG KONG SPIRIT,Hong Kong,20,Tuesday,2026-03-31
209001002,2026-03-31 20:05:00,37.948473,23.622165,0.3,Passenger,LIMASSOL FERRY,Cyprus,20,Tuesday,2026-03-31
241001002,2026-03-31 20:06:00,37.850576,23.532154,0.2,Container,PIRAEUS EXPRESS,Greece,20,Tuesday,2026-03-31
538002001,2026-03-31 20:07:00,37.957287,23.6446,0.3,Container,MAJURO TIDE,Marshall Islands,20,Tuesday,2026-03-31
636001002,2026-03-31 20:09:00,37.895008,23.560676,0.2,Bulk Carrier,MONROVIA STAR,Liberia,20,Tuesday,2026-03-31
636001001,2026-03-31 20:10:00,37.876346,23.543818,5.1,Tanker,LIBERIA FORTUNE,Liberia,20,Tuesday,2026-03-31
538001001,2026-03-31 20:10:00,37.872299,23.510353,0.5,Tanker,MARSHALL DAWN,Marshall Islands,20,Tuesday,2026-03-31
247001002,2026-03-31 20:10:00,37.953648,23.62798,0.0,Passenger,NAPOLI STAR,Italy,20,Tuesday,2026-03-31
371001001,2026-03-31 20:12:00,37.940328,23.643707,0.4,Container,ISTANBUL BRIDGE,Turkey,20,Tuesday,2026-03-31
477001002,2026-03-31 20:13:00,37.948264,23.609627,0.3,Tanker,ORIENT WAVE,Hong Kong,20,Tuesday,2026-03-31
241002003,2026-03-31 20:15:00,37.936812,23.597764,0.3,Ro-Ro,CRETE RUNNER,Greece,20,Tuesday,2026-03-31
215001001,2026-03-31 20:16:00,37.934724,23.623006,0.0,Bulk Carrier,RABAT CARGO,Morocco,20,Tuesday,2026-03-31
538001002,2026-03-31 20:17:00,37.851158,23.512024,0.0,Bulk Carrier,PACIFIC MARSHAL,Marshall Islands,20,Tuesday,2026-03-31
241002002,2026-03-31 20:18:00,37.959528,23.642405,0.0,Bulk Carrier,POSEIDON BULK,Greece,20,Tuesday,2026-03-31
241002005,2026-03-31 20:19:00,37.93689,23.633707,0.2,Container,RHODES CARRIER,Greece,20,Tuesday,2026-03-31
371001002,2026-03-31 20:19:00,37.93938,23.632234,0.0,Tanker,BOSPHORUS WIND,Turkey,20,Tuesday,2026-03-31
636001001,2026-03-31 20:20:00,37.884344,23.553336,3.7,Tanker,LIBERIA FORTUNE,Liberia,20,Tuesday,2026-03-31
538002001,2026-03-31 20:22:00,37.957099,23.645935,0.2,Container,MAJURO TIDE,Marshall Islands,20,Tuesday,2026-03-31
477001001,2026-03-31 20:23:00,37.953291,23.638886,0.2,Container,HONG KONG SPIRIT,Hong Kong,20,Tuesday,2026-03-31
636001001,2026-03-31 20:25:00,37.892343,23.562854,2.8,Tanker,LIBERIA FORTUNE,Liberia,20,Tuesday,2026-03-31
241001002,2026-03-31 20:27:00,37.850694,23.531013,0.3,Container,PIRAEUS EXPRESS,Greece,20,Tuesday,2026-03-31
209001002,2026-03-31 20:28:00,37.947353,23.623107,0.3,Passenger,LIMASSOL FERRY,Cyprus,20,Tuesday,2026-03-31
477001002,2026-03-31 20:29:00,37.946957,23.609342,0.3,Tanker,ORIENT WAVE,Hong Kong,20,Tuesday,2026-03-31
241002003,2026-03-31 20:31:00,37.935157,23.597705,0.3,Ro-Ro,CRETE RUNNER,Greece,20,Tuesday,2026-03-31
538001002,2026-03-31 20:33:00,37.850717,23.511587,0.7,Bulk Carrier,PACIFIC MARSHAL,Marshall Islands,20,Tuesday,2026-03-31
636001002,2026-03-31 20:34:00,37.896125,23.560221,0.1,Bulk Carrier,MONROVIA STAR,Liberia,20,Tuesday,2026-03-31
247001002,2026-03-31 20:34:00,37.953724,23.626285,0.3,Passenger,NAPOLI STAR,Italy,20,Tuesday,2026-03-31
636001001,2026-03-31 20:35:00,37.900341,23.572372,5.5,Tanker,LIBERIA FORTUNE,Liberia,20,Tuesday,2026-03-31
538001001,2026-03-31 20:35:00,37.872213,23.51033,0.4,Tanker,MARSHALL DAWN,Marshall Islands,20,Tuesday,2026-03-31
241002002,2026-03-31 20:35:00,37.958033,23.642662,0.0,Bulk Carrier,POSEIDON BULK,Greece,20,Tuesday,2026-03-31
371001001,2026-03-31 20:35:00,37.940065,23.643786,0.1,Container,ISTANBUL BRIDGE,Turkey,20,Tuesday,2026-03-31
215001001,2026-03-31 20:35:00,37.936166,23.621726,0.3,Bulk Carrier,RABAT CARGO,Morocco,20,Tuesday,2026-03-31
241002005,2026-03-31 20:36:00,37.937782,23.634756,0.1,Container,RHODES CARRIER,Greece,20,Tuesday,2026-03-31
538002001,2026-03-31 20:39:00,37.955935,23.645363,0.3,Container,MAJURO TIDE,Marshall Islands,20,Tuesday,2026-03-31
371001002,2026-03-31 20:41:00,37.940225,23.632251,0.0,Tanker,BOSPHORUS WIND,Turkey,20,Tuesday,2026-03-31
477001001,2026-03-31 20:43:00,37.952504,23.638914,0.0,Container,HONG KONG SPIRIT,Hong Kong,20,Tuesday,2026-03-31
636001001,2026-03-31 20:45:00,37.908339,23.581891,5.1,Tanker,LIBERIA FORTUNE,Liberia,20,Tuesday,2026-03-31
477001002,2026-03-31 20:48:00,37.947038,23.609642,0.4,Tanker,ORIENT WAVE,Hong Kong,20,Tuesday,2026-03-31
209001002,2026-03-31 20:48:00,37.948675,23.623159,0.2,Passenger,LIMASSOL FERRY,Cyprus,20,Tuesday,2026-03-31
241001002,2026-03-31 20:49:00,37.851908,23.531074,0.2,Container,PIRAEUS EXPRESS,Greece,20,Tuesday,2026-03-31
636001002,2026-03-31 20:49:00,37.897459,23.56084,0.5,Bulk Carrier,MONROVIA STAR,Liberia,20,Tuesday,2026-03-31
371001001,2026-03-31 20:50:00,37.939874,23.644393,0.1,Container,ISTANBUL BRIDGE,Turkey,20,Tuesday,2026-03-31
215001001,2026-03-31 20:52:00,37.935579,23.621448,0.4,Bulk Carrier,RABAT CARGO,Morocco,20,Tuesday,2026-03-31
538001002,2026-03-31 20:53:00,37.850064,23.511529,0.2,Bulk Carrier,PACIFIC MARSHAL,Marshall Islands,20,Tuesday,2026-03-31
241002002,2026-03-31 20:53:00,37.959024,23.642919,0.1,Bulk Carrier,POSEIDON BULK,Greece,20,Tuesday,2026-03-31
241002003,2026-03-31 20:54:00,37.935356,23.597415,0.2,Ro-Ro,CRETE RUNNER,Greece,20,Tuesday,2026-03-31
636001001,2026-03-31 20:55:00,37.916337,23.591409,5.3,Tanker,LIBERIA FORTUNE,Liberia,20,Tuesday,2026-03-31
538002001,2026-03-31 20:55:00,37.956947,23.644649,0.0,Container,MAJURO TIDE,Marshall Islands,20,Tuesday,2026-03-31
241002005,2026-03-31 20:57:00,37.937676,23.634496,0.0,Container,RHODES CARRIER,Greece,20,Tuesday,2026-03-31
477001001,2026-03-31 20:58:00,37.953711,23.638846,0.3,Container,HONG KONG SPIRIT,Hong Kong,20,Tuesday,2026-03-31
247001002,2026-03-31 20:58:00,37.954641,23.626547,0.2,Passenger,NAPOLI STAR,Italy,20,Tuesday,2026-03-31
538001001,2026-03-31 20:59:00,37.875807,23.508583,0.7,Tanker,MARSHALL DAWN,Marshall Islands,20,Tuesday,2026-03-31
636001001,2026-03-31 21:00:00,37.924335,23.600927,5.0,Tanker,LIBERIA FORTUNE,Liberia,21,Tuesday,2026-03-31
371001002,2026-03-31 21:00:00,37.940581,23.633306,0.3,Tanker,BOSPHORUS WIND,Turkey,21,Tuesday,2026-03-31
636001001,2026-03-31 21:06:00,37.932334,23.610445,2.1,Tanker,LIBERIA FORTUNE,Liberia,21,Tuesday,2026-03-31
209001002,2026-03-31 21:07:00,37.948682,23.622426,0.1,Passenger,LIMASSOL FERRY,Cyprus,21,Tuesday,2026-03-31
371001001,2026-03-31 21:07:00,37.939446,23.643436,0.2,Container,ISTANBUL BRIDGE,Turkey,21,Tuesday,2026-03-31
477001002,2026-03-31 21:09:00,37.94704,23.611186,0.1,Tanker,ORIENT WAVE,Hong Kong,21,Tuesday,2026-03-31
636001002,2026-03-31 21:11:00,37.897502,23.563278,0.4,Bulk Carrier,MONROVIA STAR,Liberia,21,Tuesday,2026-03-31
241002003,2026-03-31 21:11:00,37.936934,23.596989,0.1,Ro-Ro,CRETE RUNNER,Greece,21,Tuesday,2026-03-31
538002001,2026-03-31 21:11:00,37.956227,23.646229,0.3,Container,MAJURO TIDE,Marshall Islands,21,Tuesday,2026-03-31
241001002,2026-03-31 21:13:00,37.849822,23.529754,0.6,Container,PIRAEUS EXPRESS,Greece,21,Tuesday,2026-03-31
241002005,2026-03-31 21:14:00,37.937998,23.634297,0.3,Container,RHODES CARRIER,Greece,21,Tuesday,2026-03-31
247001002,2026-03-31 21:14:00,37.953933,23.626314,0.2,Passenger,NAPOLI STAR,Italy,21,Tuesday,2026-03-31
215001001,2026-03-31 21:14:00,37.935277,23.622744,0.3,Bulk Carrier,RABAT CARGO,Morocco,21,Tuesday,2026-03-31
477001001,2026-03-31 21:15:00,37.953896,23.638524,0.4,Container,HONG KONG SPIRIT,Hong Kong,21,Tuesday,2026-03-31
241002002,2026-03-31 21:15:00,37.959107,23.641607,0.2,Bulk Carrier,POSEIDON BULK,Greece,21,Tuesday,2026-03-31
636001001,2026-03-31 21:16:00,37.940332,23.619963,3.3,Tanker,LIBERIA FORTUNE,Liberia,21,Tuesday,2026-03-31
538001002,2026-03-31 21:18:00,37.852505,23.513214,0.8,Bulk Carrier,PACIFIC MARSHAL,Marshall Islands,21,Tuesday,2026-03-31
371001002,2026-03-31 21:19:00,37.93972,23.633056,0.2,Tanker,BOSPHORUS WIND,Turkey,21,Tuesday,2026-03-31
636001001,2026-03-31 21:21:00,37.948918,23.629597,0.0,Tanker,LIBERIA FORTUNE,Liberia,21,Tuesday,2026-03-31
538001001,2026-03-31 21:23:00,37.872901,23.509735,0.7,Tanker,MARSHALL DAWN,Marshall Islands,21,Tuesday,2026-03-31
477001002,2026-03-31 21:25:00,37.948861,23.611088,0.1,Tanker,ORIENT WAVE,Hong Kong,21,Tuesday,2026-03-31
209001002,2026-03-31 21:29:00,37.947373,23.623571,0.3,Passenger,LIMASSOL FERRY,Cyprus,21,Tuesday,2026-03-31
241002003,2026-03-31 21:29:00,37.935817,23.598236,0.2,Ro-Ro,CRETE RUNNER,Greece,21,Tuesday,2026-03-31
371001001,2026-03-31 21:30:00,37.938846,23.645236,0.1,Container,ISTANBUL BRIDGE,Turkey,21,Tuesday,2026-03-31
241001002,2026-03-31 21:31:00,37.851597,23.531667,0.1,Container,PIRAEUS EXPRESS,Greece,21,Tuesday,2026-03-31
636001002,2026-03-31 21:34:00,37.897896,23.562329,0.4,Bulk Carrier,MONROVIA STAR,Liberia,21,Tuesday,2026-03-31
215001001,2026-03-31 21:34:00,37.936503,23.621804,0.3,Bulk Carrier,RABAT CARGO,Morocco,21,Tuesday,2026-03-31
371001002,2026-03-31 21:35:00,37.939941,23.633687,0.2,Tanker,BOSPHORUS WIND,Turkey,21,Tuesday,2026-03-31
247001002,2026-03-31 21:35:00,37.954003,23.628186,0.3,Passenger,NAPOLI STAR,Italy,21,Tuesday,2026-03-31
241002005,2026-03-31 21:36:00,37.937584,23.634953,0.2,Container,RHODES CARRIER,Greece,21,Tuesday,2026-03-31
538002001,2026-03-31 21:36:00,37.955705,23.646199,0.2,Container,MAJURO TIDE,Marshall Islands,21,Tuesday,2026-03-31
477001001,2026-03-31 21:38:00,37.953535,23.639409,0.1,Container,HONG KONG SPIRIT,Hong Kong,21,Tuesday,2026-03-31
477001002,2026-03-31 21:40:00,37.948197,23.610517,0.2,Tanker,ORIENT WAVE,Hong Kong,21,Tuesday,2026-03-31
241002002,2026-03-31 21:40:00,37.959412,23.641634,0.4,Bulk Carrier,POSEIDON BULK,Greece,21,Tuesday,2026-03-31
538001002,2026-03-31 21:41:00,37.849229,23.51433,0.7,Bulk Carrier,PACIFIC MARSHAL,Marshall Islands,21,Tuesday,2026-03-31
636001001,2026-03-31 21:45:00,37.949152,23.629296,0.2,Tanker,LIBERIA FORTUNE,Liberia,21,Tuesday,2026-03-31
209001002,2026-03-31 21:46:00,37.94672,23.622696,0.2,Passenger,LIMASSOL FERRY,Cyprus,21,Tuesday,2026-03-31
538001001,2026-03-31 21:47:00,37.872381,23.509685,0.3,Tanker,MARSHALL DAWN,Marshall Islands,21,Tuesday,2026-03-31
241001002,2026-03-31 21:49:00,37.851301,23.531676,0.6,Container,PIRAEUS EXPRESS,Greece,21,Tuesday,2026-03-31
636001002,2026-03-31 21:51:00,37.895844,23.562535,0.5,Bulk Carrier,MONROVIA STAR,Liberia,21,Tuesday,2026-03-31
241002003,2026-03-31 21:52:00,37.935353,23.598368,0.3,Ro-Ro,CRETE RUNNER,Greece,21,Tuesday,2026-03-31
371001001,2026-03-31 21:53:00,37.938702,23.644703,0.1,Container,ISTANBUL BRIDGE,Turkey,21,Tuesday,2026-03-31
371001002,2026-03-31 21:53:00,37.94026,23.632912,0.3,Tanker,BOSPHORUS WIND,Turkey,21,Tuesday,2026-03-31
477001001,2026-03-31 21:56:00,37.953675,23.637865,0.3,Container,HONG KONG SPIRIT,Hong Kong,21,Tuesday,2026-03-31
538002001,2026-03-31 21:56:00,37.95601,23.646497,0.4,Container,MAJURO TIDE,Marshall Islands,21,Tuesday,2026-03-31
215001001,2026-03-31 21:57:00,37.936395,23.622772,0.2,Bulk Carrier,RABAT CARGO,Morocco,21,Tuesday,2026-03-31
247001002,2026-03-31 21:59:00,37.954491,23.628159,0.4,Passenger,NAPOLI STAR,Italy,21,Tuesday,2026-03-31
241002002,2026-03-31 22:00:00,37.959726,23.643073,0.3,Bulk Carrier,POSEIDON BULK,Greece,22,Tuesday,2026-03-31
241002005,2026-03-31 22:00:00,37.936856,23.63372,0.0,Container,RHODES CARRIER,Greece,22,Tuesday,2026-03-31
477001002,2026-03-31 22:01:00,37.947093,23.609713,0.1,Tanker,ORIENT WAVE,Hong Kong,22,Tuesday,2026-03-31
209001002,2026-03-31 22:01:00,37.947542,23.623534,0.2,Passenger,LIMASSOL FERRY,Cyprus,22,Tuesday,2026-03-31
538001002,2026-03-31 22:03:00,37.850883,23.512902,3.9,Bulk Carrier,PACIFIC MARSHAL,Marshall Islands,22,Tuesday,2026-03-31
241001002,2026-03-31 22:04:00,37.849603,23.53248,0.1,Container,PIRAEUS EXPRESS,Greece,22,Tuesday,2026-03-31
636001001,2026-03-31 22:07:00,37.948196,23.628515,0.2,Tanker,LIBERIA FORTUNE,Liberia,22,Tuesday,2026-03-31
538001001,2026-03-31 22:10:00,37.873853,23.510666,0.6,Tanker,MARSHALL DAWN,Marshall Islands,22,Tuesday,2026-03-31
371001002,2026-03-31 22:10:00,37.939222,23.632874,0.2,Tanker,BOSPHORUS WIND,Turkey,22,Tuesday,2026-03-31
538001002,2026-03-31 22:11:00,37.86145,23.522302,3.1,Bulk Carrier,PACIFIC MARSHAL,Marshall Islands,22,Tuesday,2026-03-31
241002003,2026-03-31 22:13:00,37.935802,23.598081,0.2,Ro-Ro,CRETE RUNNER,Greece,22,Tuesday,2026-03-31
636001002,2026-03-31 22:15:00,37.896577,23.561674,0.3,Bulk Carrier,MONROVIA STAR,Liberia,22,Tuesday,2026-03-31
538002001,2026-03-31 22:16:00,37.957553,23.64533,0.2,Container,MAJURO TIDE,Marshall Islands,22,Tuesday,2026-03-31
371001001,2026-03-31 22:18:00,37.939621,23.645028,0.3,Container,ISTANBUL BRIDGE,Turkey,22,Tuesday,2026-03-31
247001002,2026-03-31 22:18:00,37.954616,23.626645,0.3,Passenger,NAPOLI STAR,Italy,22,Tuesday,2026-03-31
477001002,2026-03-31 22:19:00,37.947998,23.611153,0.2,Tanker,ORIENT WAVE,Hong Kong,22,Tuesday,2026-03-31
241002005,2026-03-31 22:20:00,37.937355,23.63345,0.1,Container,RHODES CARRIER,Greece,22,Tuesday,2026-03-31
477001001,2026-03-31 22:21:00,37.952473,23.63872,0.2,Container,HONG KONG SPIRIT,Hong Kong,22,Tuesday,2026-03-31
538001002,2026-03-31 22:21:00,37.872017,23.531702,3.7,Bulk Carrier,PACIFIC MARSHAL,Marshall Islands,22,Tuesday,2026-03-31
215001001,2026-03-31 22:22:00,37.935645,23.622624,0.3,Bulk Carrier,RABAT CARGO,Morocco,22,Tuesday,2026-03-31
241001002,2026-03-31 22:23:00,37.850193,23.531927,0.5,Container,PIRAEUS EXPRESS,Greece,22,Tuesday,2026-03-31
209001002,2026-03-31 22:23:00,37.947792,23.623318,0.2,Passenger,LIMASSOL FERRY,Cyprus,22,Tuesday,2026-03-31
241002002,2026-03-31 22:25:00,37.959001,23.642401,0.2,Bulk Carrier,POSEIDON BULK,Greece,22,Tuesday,2026-03-31
371001002,2026-03-31 22:26:00,37.940817,23.632285,0.1,Tanker,BOSPHORUS WIND,Turkey,22,Tuesday,2026-03-31
538001002,2026-03-31 22:27:00,37.882585,23.541103,3.0,Bulk Carrier,PACIFIC MARSHAL,Marshall Islands,22,Tuesday,2026-03-31
241002003,2026-03-31 22:31:00,37.935342,23.597303,0.1,Ro-Ro,CRETE RUNNER,Greece,22,Tuesday,2026-03-31
636001001,2026-03-31 22:32:00,37.947342,23.629922,0.0,Tanker,LIBERIA FORTUNE,Liberia,22,Tuesday,2026-03-31
538001001,2026-03-31 22:34:00,37.873024,23.508208,0.2,Tanker,MARSHALL DAWN,Marshall Islands,22,Tuesday,2026-03-31
636001002,2026-03-31 22:35:00,37.896018,23.561539,2.4,Bulk Carrier,MONROVIA STAR,Liberia,22,Tuesday,2026-03-31
538001002,2026-03-31 22:35:00,37.893152,23.550503,4.3,Bulk Carrier,PACIFIC MARSHAL,Marshall Islands,22,Tuesday,2026-03-31
371001001,2026-03-31 22:35:00,37.940295,23.64419,0.2,Container,ISTANBUL BRIDGE,Turkey,22,Tuesday,2026-03-31
241002005,2026-03-31 22:37:00,37.938006,23.633827,0.4,Container,RHODES CARRIER,Greece,22,Tuesday,2026-03-31
247001002,2026-03-31 22:37:00,37.953722,23.627984,0.0,Passenger,NAPOLI STAR,Italy,22,Tuesday,2026-03-31
477001001,2026-03-31 22:39:00,37.953274,23.637501,0.2,Container,HONG KONG SPIRIT,Hong Kong,22,Tuesday,2026-03-31
538002001,2026-03-31 22:41:00,37.955802,23.646174,0.3,Container,MAJURO TIDE,Marshall Islands,22,Tuesday,2026-03-31
477001002,2026-03-31 22:42:00,37.947453,23.609777,0.1,Tanker,ORIENT WAVE,Hong Kong,22,Tuesday,2026-03-31
636001002,2026-03-31 22:42:00,37.90112,23.566134,3.5,Bulk Carrier,MONROVIA STAR,Liberia,22,Tuesday,2026-03-31
371001002,2026-03-31 22:42:00,37.940382,23.632792,0.1,Tanker,BOSPHORUS WIND,Turkey,22,Tuesday,2026-03-31
241001002,2026-03-31 22:43:00,37.851701,23.531036,0.3,Container,PIRAEUS EXPRESS,Greece,22,Tuesday,2026-03-31
538001002,2026-03-31 22:44:00,37.903719,23.559903,5.8,Bulk Carrier,PACIFIC MARSHAL,Marshall Islands,22,Tuesday,2026-03-31
241002003,2026-03-31 22:46:00,37.936603,23.597778,0.3,Ro-Ro,CRETE RUNNER,Greece,22,Tuesday,2026-03-31
215001001,2026-03-31 22:46:00,37.93515,23.622476,0.2,Bulk Carrier,RABAT CARGO,Morocco,22,Tuesday,2026-03-31
636001001,2026-03-31 22:48:00,37.948501,23.629883,0.2,Tanker,LIBERIA FORTUNE,Liberia,22,Tuesday,2026-03-31
209001002,2026-03-31 22:48:00,37.947793,23.623528,0.2,Passenger,LIMASSOL FERRY,Cyprus,22,Tuesday,2026-03-31
636001002,2026-03-31 22:49:00,37.906223,23.57073,2.6,Bulk Carrier,MONROVIA STAR,Liberia,22,Tuesday,2026-03-31
241002002,2026-03-31 22:49:00,37.958484,23.643479,0.3,Bulk Carrier,POSEIDON BULK,Greece,22,Tuesday,2026-03-31
538001001,2026-03-31 22:50:00,37.874364,23.507906,0.0,Tanker,MARSHALL DAWN,Marshall Islands,22,Tuesday,2026-03-31
538001002,2026-03-31 22:53:00,37.914286,23.569303,5.6,Bulk Carrier,PACIFIC MARSHAL,Marshall Islands,22,Tuesday,2026-03-31
371001001,2026-03-31 22:53:00,37.940303,23.64524,0.1,Container,ISTANBUL BRIDGE,Turkey,22,Tuesday,2026-03-31
636001002,2026-03-31 22:54:00,37.911325,23.575325,2.0,Bulk Carrier,MONROVIA STAR,Liberia,22,Tuesday,2026-03-31
247001002,2026-03-31 22:55:00,37.954799,23.628232,0.3,Passenger,NAPOLI STAR,Italy,22,Tuesday,2026-03-31
477001001,2026-03-31 22:57:00,37.95392,23.639109,0.1,Container,HONG KONG SPIRIT,Hong Kong,22,Tuesday,2026-03-31
477001002,2026-03-31 22:57:00,37.947989,23.610284,0.2,Tanker,ORIENT WAVE,Hong Kong,22,Tuesday,2026-03-31
241002005,2026-03-31 22:58:00,37.937743,23.634611,0.1,Container,RHODES CARRIER,Greece,22,Tuesday,2026-03-31
371001002,2026-03-31 22:59:00,37.940689,23.633242,0.1,Tanker,BOSPHORUS WIND,Turkey,22,Tuesday,2026-03-31
636001002,2026-03-31 23:00:00,37.916427,23.57992,3.4,Bulk Carrier,MONROVIA STAR,Liberia,23,Tuesday,2026-03-31
538001002,2026-03-31 23:01:00,37.924853,23.578703,5.9,Bulk Carrier,PACIFIC MARSHAL,Marshall Islands,23,Tuesday,2026-03-31
636001001,2026-03-31 23:04:00,37.948336,23.629061,0.1,Tanker,LIBERIA FORTUNE,Liberia,23,Tuesday,2026-03-31
538002001,2026-03-31 23:04:00,37.956205,23.644869,0.1,Container,MAJURO TIDE,Marshall Islands,23,Tuesday,2026-03-31
215001001,2026-03-31 23:04:00,37.934636,23.622255,0.1,Bulk Carrier,RABAT CARGO,Morocco,23,Tuesday,2026-03-31
241001002,2026-03-31 23:05:00,37.850717,23.531713,2.5,Container,PIRAEUS EXPRESS,Greece,23,Tuesday,2026-03-31
538001002,2026-03-31 23:06:00,37.935421,23.588104,6.0,Bulk Carrier,PACIFIC MARSHAL,Marshall Islands,23,Tuesday,2026-03-31
636001002,2026-03-31 23:08:00,37.921529,23.584516,4.1,Bulk Carrier,MONROVIA STAR,Liberia,23,Tuesday,2026-03-31
538001001,2026-03-31 23:08:00,37.875858,23.50909,0.6,Tanker,MARSHALL DAWN,Marshall Islands,23,Tuesday,2026-03-31
241002003,2026-03-31 23:09:00,37.936727,23.59746,0.1,Ro-Ro,CRETE RUNNER,Greece,23,Tuesday,2026-03-31
247001002,2026-03-31 23:10:00,37.954849,23.627111,0.3,Passenger,NAPOLI STAR,Italy,23,Tuesday,2026-03-31
241001002,2026-03-31 23:11:00,37.859823,23.539424,3.3,Container,PIRAEUS EXPRESS,Greece,23,Tuesday,2026-03-31
241002002,2026-03-31 23:11:00,37.959501,23.643411,0.4,Bulk Carrier,POSEIDON BULK,Greece,23,Tuesday,2026-03-31
477001002,2026-03-31 23:12:00,37.947745,23.609891,0.1,Tanker,ORIENT WAVE,Hong Kong,23,Tuesday,2026-03-31
371001001,2026-03-31 23:12:00,37.939428,23.644185,0.2,Container,ISTANBUL BRIDGE,Turkey,23,Tuesday,2026-03-31
477001001,2026-03-31 23:13:00,37.954014,23.638566,0.2,Container,HONG KONG SPIRIT,Hong Kong,23,Tuesday,2026-03-31
209001002,2026-03-31 23:13:00,37.946963,23.623687,0.1,Passenger,LIMASSOL FERRY,Cyprus,23,Tuesday,2026-03-31
538001002,2026-03-31 23:16:00,37.945988,23.597504,5.1,Bulk Carrier,PACIFIC MARSHAL,Marshall Islands,23,Tuesday,2026-03-31
636001002,2026-03-31 23:18:00,37.926632,23.589111,5.7,Bulk Carrier,MONROVIA STAR,Liberia,23,Tuesday,2026-03-31
538002001,2026-03-31 23:19:00,37.956069,23.645535,0.1,Container,MAJURO TIDE,Marshall Islands,23,Tuesday,2026-03-31
241001002,2026-03-31 23:21:00,37.868928,23.547136,4.1,Container,PIRAEUS EXPRESS,Greece,23,Tuesday,2026-03-31
538001002,2026-03-31 23:21:00,37.956514,23.6075,0.2,Bulk Carrier,PACIFIC MARSHAL,Marshall Islands,23,Tuesday,2026-03-31
241002005,2026-03-31 23:21:00,37.93615,23.633681,0.1,Container,RHODES CARRIER,Greece,23,Tuesday,2026-03-31
371001002,2026-03-31 23:22:00,37.939529,23.632337,0.2,Tanker,BOSPHORUS WIND,Turkey,23,Tuesday,2026-03-31
215001001,2026-03-31 23:24:00,37.935193,23.623234,0.4,Bulk Carrier,RABAT CARGO,Morocco,23,Tuesday,2026-03-31
636001002,2026-03-31 23:26:00,37.931734,23.593706,3.2,Bulk Carrier,MONROVIA STAR,Liberia,23,Tuesday,2026-03-31
538001001,2026-03-31 23:28:00,37.875086,23.508283,0.3,Tanker,MARSHALL DAWN,Marshall Islands,23,Tuesday,2026-03-31
241002003,2026-03-31 23:28:00,37.935364,23.596958,0.2,Ro-Ro,CRETE RUNNER,Greece,23,Tuesday,2026-03-31
636001001,2026-03-31 23:29:00,37.947503,23.630012,0.1,Tanker,LIBERIA FORTUNE,Liberia,23,Tuesday,2026-03-31
241001002,2026-03-31 23:31:00,37.878034,23.554847,2.7,Container,PIRAEUS EXPRESS,Greece,23,Tuesday,2026-03-31
241002002,2026-03-31 23:32:00,37.958177,23.641887,0.1,Bulk Carrier,POSEIDON BULK,Greece,23,Tuesday,2026-03-31
247001002,2026-03-31 23:32:00,37.954609,23.627725,0.3,Passenger,NAPOLI STAR,Italy,23,Tuesday,2026-03-31
477001001,2026-03-31 23:33:00,37.95333,23.638017,0.1,Container,HONG KONG SPIRIT,Hong Kong,23,Tuesday,2026-03-31
636001002,2026-03-31 23:34:00,37.936836,23.598301,5.2,Bulk Carrier,MONROVIA STAR,Liberia,23,Tuesday,2026-03-31
209001002,2026-03-31 23:34:00,37.947432,23.622097,0.2,Passenger,LIMASSOL FERRY,Cyprus,23,Tuesday,2026-03-31
538002001,2026-03-31 23:36:00,37.957356,23.646406,0.3,Container,MAJURO TIDE,Marshall Islands,23,Tuesday,2026-03-31
241001002,2026-03-31 23:37:00,37.887139,23.562559,5.0,Container,PIRAEUS EXPRESS,Greece,23,Tuesday,2026-03-31
477001002,2026-03-31 23:37:00,37.947851,23.609496,0.3,Tanker,ORIENT WAVE,Hong Kong,23,Tuesday,2026-03-31
538001002,2026-03-31 23:37:00,37.956036,23.607021,0.1,Bulk Carrier,PACIFIC MARSHAL,Marshall Islands,23,Tuesday,2026-03-31
241002005,2026-03-31 23:41:00,37.936462,23.633812,0.2,Container,RHODES CARRIER,Greece,23,Tuesday,2026-03-31
371001002,2026-03-31 23:42:00,37.939179,23.632221,0.0,Tanker,BOSPHORUS WIND,Turkey,23,Tuesday,2026-03-31
636001002,2026-03-31 23:43:00,37.941939,23.602897,2.9,Bulk Carrier,MONROVIA STAR,Liberia,23,Tuesday,2026-03-31
241001002,2026-03-31 23:44:00,37.896245,23.57027,4.9,Container,PIRAEUS EXPRESS,Greece,23,Tuesday,2026-03-31
215001001,2026-03-31 23:45:00,37.935775,23.622891,0.0,Bulk Carrier,RABAT CARGO,Morocco,23,Tuesday,2026-03-31
241002003,2026-03-31 23:46:00,37.936301,23.598751,0.1,Ro-Ro,CRETE RUNNER,Greece,23,Tuesday,2026-03-31
636001002,2026-03-31 23:48:00,37.946864,23.607613,0.1,Bulk Carrier,MONROVIA STAR,Liberia,23,Tuesday,2026-03-31
209001002,2026-03-31 23:49:00,37.947457,23.622129,0.0,Passenger,LIMASSOL FERRY,Cyprus,23,Tuesday,2026-03-31
636001001,2026-03-31 23:51:00,37.948974,23.628543,0.1,Tanker,LIBERIA FORTUNE,Liberia,23,Tuesday,2026-03-31
247001002,2026-03-31 23:51:00,37.954374,23.627153,0.1,Passenger,NAPOLI STAR,Italy,23,Tuesday,2026-03-31
538001002,2026-03-31 23:52:00,37.956368,23.60634,0.2,Bulk Carrier,PACIFIC MARSHAL,Marshall Islands,23,Tuesday,2026-03-31
241001002,2026-03-31 23:53:00,37.905351,23.577981,4.4,Container,PIRAEUS EXPRESS,Greece,23,Tuesday,2026-03-31
538001001,2026-03-31 23:53:00,37.872989,23.510595,0.2,Tanker,MARSHALL DAWN,Marshall Islands,23,Tuesday,2026-03-31
477001001,2026-03-31 23:55:00,37.953693,23.638686,0.2,Container,HONG KONG SPIRIT,Hong Kong,23,Tuesday,2026-03-31
477001002,2026-03-31 23:55:00,37.947474,23.609466,0.1,Tanker,ORIENT WAVE,Hong Kong,23,Tuesday,2026-03-31
241002002,2026-03-31 23:55:00,37.959357,23.643034,0.4,Bulk Carrier,POSEIDON BULK,Greece,23,Tuesday,2026-03-31
538002001,2026-03-31 23:55:00,37.956373,23.645207,0.1,Container,MAJURO TIDE,Marshall Islands,23,Tuesday,2026-03-31
241001002,2026-03-31 23:58:00,37.914456,23.585693,5.3,Container,PIRAEUS EXPRESS,Greece,23,Tuesday,2026-03-31
241002005,2026-03-31 23:59:00,37.936834,23.63488,0.3,Container,RHODES CARRIER,Greece,23,Tuesday,2026-03-31
371001002,2026-04-01 00:01:00,37.939851,23.632317,0.3,Tanker,BOSPHORUS WIND,Turkey,0,Wednesday,2026-04-01
209001002,2026-04-01 00:04:00,37.946756,23.622305,0.1,Passenger,LIMASSOL FERRY,Cyprus,0,Wednesday,2026-04-01
215001001,2026-04-01 00:04:00,37.934888,23.621735,0.0,Bulk Carrier,RABAT CARGO,Morocco,0,Wednesday,2026-04-01
241001002,2026-04-01 00:05:00,37.923562,23.593404,2.9,Container,PIRAEUS EXPRESS,Greece,0,Wednesday,2026-04-01
241002003,2026-04-01 00:05:00,37.935563,23.598448,0.3,Ro-Ro,CRETE RUNNER,Greece,0,Wednesday,2026-04-01
636001001,2026-04-01 00:08:00,37.947603,23.629263,0.2,Tanker,LIBERIA FORTUNE,Liberia,0,Wednesday,2026-04-01
636001002,2026-04-01 00:09:00,37.947471,23.607784,0.1,Bulk Carrier,MONROVIA STAR,Liberia,0,Wednesday,2026-04-01
241002002,2026-04-01 00:10:00,37.959381,23.642204,0.1,Bulk Carrier,POSEIDON BULK,Greece,0,Wednesday,2026-04-01
241001002,2026-04-01 00:11:00,37.932667,23.601116,3.2,Container,PIRAEUS EXPRESS,Greece,0,Wednesday,2026-04-01
477001002,2026-04-01 00:11:00,37.947685,23.61028,0.1,Tanker,ORIENT WAVE,Hong Kong,0,Wednesday,2026-04-01
538001001,2026-04-01 00:12:00,37.874062,23.510502,0.2,Tanker,MARSHALL DAWN,Marshall Islands,0,Wednesday,2026-04-01
538001002,2026-04-01 00:12:00,37.95685,23.606085,0.1,Bulk Carrier,PACIFIC MARSHAL,Marshall Islands,0,Wednesday,2026-04-01
247001002,2026-04-01 00:13:00,37.953925,23.628044,0.2,Passenger,NAPOLI STAR,Italy,0,Wednesday,2026-04-01
241002005,2026-04-01 00:15:00,37.937467,23.634755,0.0,Container,RHODES CARRIER,Greece,0,Wednesday,2026-04-01
477001001,2026-04-01 00:19:00,37.952643,23.638196,0.2,Container,HONG KONG SPIRIT,Hong Kong,0,Wednesday,2026-04-01
538002001,2026-04-01 00:19:00,37.955844,23.646385,0.3,Container,MAJURO TIDE,Marshall Islands,0,Wednesday,2026-04-01
241001002,2026-04-01 00:21:00,37.940864,23.607936,0.0,Container,PIRAEUS EXPRESS,Greece,0,Wednesday,2026-04-01
215001001,2026-04-01 00:22:00,37.935089,23.623098,0.4,Bulk Carrier,RABAT CARGO,Morocco,0,Wednesday,2026-04-01
371001002,2026-04-01 00:26:00,37.939911,23.63381,0.0,Tanker,BOSPHORUS WIND,Turkey,0,Wednesday,2026-04-01
538001001,2026-04-01 00:28:00,37.873227,23.510332,0.5,Tanker,MARSHALL DAWN,Marshall Islands,0,Wednesday,2026-04-01
636001002,2026-04-01 00:30:00,37.946199,23.607743,0.1,Bulk Carrier,MONROVIA STAR,Liberia,0,Wednesday,2026-04-01
241002003,2026-04-01 00:30:00,37.937001,23.597287,0.3,Ro-Ro,CRETE RUNNER,Greece,0,Wednesday,2026-04-01
636001001,2026-04-01 00:31:00,37.948598,23.629077,0.1,Tanker,LIBERIA FORTUNE,Liberia,0,Wednesday,2026-04-01
241002005,2026-04-01 00:33:00,37.93768,23.635118,0.2,Container,RHODES CARRIER,Greece,0,Wednesday,2026-04-01
538001002,2026-04-01 00:34:00,37.955879,23.606823,0.2,Bulk Carrier,PACIFIC MARSHAL,Marshall Islands,0,Wednesday,2026-04-01
241002002,2026-04-01 00:35:00,37.959761,23.642535,0.4,Bulk Carrier,POSEIDON BULK,Greece,0,Wednesday,2026-04-01
538002001,2026-04-01 00:35:00,37.955853,23.645983,0.0,Container,MAJURO TIDE,Marshall Islands,0,Wednesday,2026-04-01
477001002,2026-04-01 00:36:00,37.948174,23.610077,0.1,Tanker,ORIENT WAVE,Hong Kong,0,Wednesday,2026-04-01
247001002,2026-04-01 00:36:00,37.953819,23.627519,0.2,Passenger,NAPOLI STAR,Italy,0,Wednesday,2026-04-01
215001001,2026-04-01 00:38:00,37.935604,23.622113,0.3,Bulk Carrier,RABAT CARGO,Morocco,0,Wednesday,2026-04-01
241001002,2026-04-01 00:40:00,37.941026,23.609564,0.2,Container,PIRAEUS EXPRESS,Greece,0,Wednesday,2026-04-01
477001001,2026-04-01 00:41:00,37.954042,23.638904,0.2,Container,HONG KONG SPIRIT,Hong Kong,0,Wednesday,2026-04-01
241002003,2026-04-01 00:46:00,37.935717,23.598077,0.0,Ro-Ro,CRETE RUNNER,Greece,0,Wednesday,2026-04-01
371001002,2026-04-01 00:49:00,37.939519,23.632305,0.0,Tanker,BOSPHORUS WIND,Turkey,0,Wednesday,2026-04-01
538001001,2026-04-01 00:52:00,37.87519,23.50821,0.8,Tanker,MARSHALL DAWN,Marshall Islands,0,Wednesday,2026-04-01
538002001,2026-04-01 00:52:00,37.956925,23.644564,0.1,Container,MAJURO TIDE,Marshall Islands,0,Wednesday,2026-04-01
636001002,2026-04-01 00:53:00,37.947861,23.608107,0.2,Bulk Carrier,MONROVIA STAR,Liberia,0,Wednesday,2026-04-01
477001002,2026-04-01 00:56:00,37.947629,23.610194,0.4,Tanker,ORIENT WAVE,Hong Kong,0,Wednesday,2026-04-01
636001001,2026-04-01 00:56:00,37.949229,23.629588,0.1,Tanker,LIBERIA FORTUNE,Liberia,0,Wednesday,2026-04-01
241002005,2026-04-01 00:56:00,37.936657,23.633745,0.0,Container,RHODES CARRIER,Greece,0,Wednesday,2026-04-01
241002002,2026-04-01 00:57:00,37.958751,23.642682,0.4,Bulk Carrier,POSEIDON BULK,Greece,0,Wednesday,2026-04-01
247001002,2026-04-01 00:57:00,37.953982,23.627175,0.1,Passenger,NAPOLI STAR,Italy,0,Wednesday,2026-04-01
538001002,2026-04-01 00:58:00,37.955604,23.606814,0.2,Bulk Carrier,PACIFIC MARSHAL,Marshall Islands,0,Wednesday,2026-04-01
215001001,2026-04-01 00:59:00,37.935254,23.62145,0.2,Bulk Carrier,RABAT CARGO,Morocco,0,Wednesday,2026-04-01
477001001,2026-04-01 01:00:00,37.953595,23.638836,0.4,Container,HONG KONG SPIRIT,Hong Kong,1,Wednesday,2026-04-01
241001002,2026-04-01 01:02:00,37.940798,23.608396,0.0,Container,PIRAEUS EXPRESS,Greece,1,Wednesday,2026-04-01
241002003,2026-04-01 01:06:00,37.936915,23.598635,0.1,Ro-Ro,CRETE RUNNER,Greece,1,Wednesday,2026-04-01
538002001,2026-04-01 01:09:00,37.956107,23.645273,0.3,Container,MAJURO TIDE,Marshall Islands,1,Wednesday,2026-04-01
538001001,2026-04-01 01:12:00,37.873778,23.509332,0.7,Tanker,MARSHALL DAWN,Marshall Islands,1,Wednesday,2026-04-01
241002005,2026-04-01 01:14:00,37.936646,23.634537,0.0,Container,RHODES CARRIER,Greece,1,Wednesday,2026-04-01
371001002,2026-04-01 01:14:00,37.939202,23.632797,0.2,Tanker,BOSPHORUS WIND,Turkey,1,Wednesday,2026-04-01
477001002,2026-04-01 01:15:00,37.947417,23.610976,0.2,Tanker,ORIENT WAVE,Hong Kong,1,Wednesday,2026-04-01
538001002,2026-04-01 01:15:00,37.956366,23.607484,0.3,Bulk Carrier,PACIFIC MARSHAL,Marshall Islands,1,Wednesday,2026-04-01
241002002,2026-04-01 01:15:00,37.959294,23.64292,0.1,Bulk Carrier,POSEIDON BULK,Greece,1,Wednesday,2026-04-01
215001001,2026-04-01 01:16:00,37.936489,23.622614,0.2,Bulk Carrier,RABAT CARGO,Morocco,1,Wednesday,2026-04-01
247001002,2026-04-01 01:17:00,37.953473,23.627585,0.3,Passenger,NAPOLI STAR,Italy,1,Wednesday,2026-04-01
636001002,2026-04-01 01:18:00,37.947338,23.607556,0.1,Bulk Carrier,MONROVIA STAR,Liberia,1,Wednesday,2026-04-01
636001001,2026-04-01 01:19:00,37.947414,23.629626,0.0,Tanker,LIBERIA FORTUNE,Liberia,1,Wednesday,2026-04-01
477001001,2026-04-01 01:20:00,37.953026,23.637858,0.0,Container,HONG KONG SPIRIT,Hong Kong,1,Wednesday,2026-04-01
241001002,2026-04-01 01:24:00,37.941142,23.60793,0.1,Container,PIRAEUS EXPRESS,Greece,1,Wednesday,2026-04-01
241002003,2026-04-01 01:25:00,37.935839,23.59809,0.2,Ro-Ro,CRETE RUNNER,Greece,1,Wednesday,2026-04-01
538002001,2026-04-01 01:25:00,37.957558,23.64514,0.4,Container,MAJURO TIDE,Marshall Islands,1,Wednesday,2026-04-01
538001001,2026-04-01 01:27:00,37.873788,23.509943,0.5,Tanker,MARSHALL DAWN,Marshall Islands,1,Wednesday,2026-04-01
241002002,2026-04-01 01:31:00,37.959774,23.641659,0.0,Bulk Carrier,POSEIDON BULK,Greece,1,Wednesday,2026-04-01
371001002,2026-04-01 01:32:00,37.939727,23.632238,0.2,Tanker,BOSPHORUS WIND,Turkey,1,Wednesday,2026-04-01
538001002,2026-04-01 01:35:00,37.956963,23.605907,0.2,Bulk Carrier,PACIFIC MARSHAL,Marshall Islands,1,Wednesday,2026-04-01
215001001,2026-04-01 01:36:00,37.934706,23.6221,0.4,Bulk Carrier,RABAT CARGO,Morocco,1,Wednesday,2026-04-01
477001001,2026-04-01 01:37:00,37.953251,23.637768,0.2,Container,HONG KONG SPIRIT,Hong Kong,1,Wednesday,2026-04-01
636001002,2026-04-01 01:37:00,37.947748,23.606857,0.1,Bulk Carrier,MONROVIA STAR,Liberia,1,Wednesday,2026-04-01
477001002,2026-04-01 01:39:00,37.948394,23.610637,0.0,Tanker,ORIENT WAVE,Hong Kong,1,Wednesday,2026-04-01
241002005,2026-04-01 01:39:00,37.937875,23.634165,0.0,Container,RHODES CARRIER,Greece,1,Wednesday,2026-04-01
247001002,2026-04-01 01:39:00,37.953994,23.628163,0.3,Passenger,NAPOLI STAR,Italy,1,Wednesday,2026-04-01
636001001,2026-04-01 01:40:00,37.949224,23.62909,0.2,Tanker,LIBERIA FORTUNE,Liberia,1,Wednesday,2026-04-01
241002003,2026-04-01 01:45:00,37.936274,23.596888,0.3,Ro-Ro,CRETE RUNNER,Greece,1,Wednesday,2026-04-01
241001002,2026-04-01 01:46:00,37.940904,23.60881,0.0,Container,PIRAEUS EXPRESS,Greece,1,Wednesday,2026-04-01
538001001,2026-04-01 01:50:00,37.873712,23.510691,0.7,Tanker,MARSHALL DAWN,Marshall Islands,1,Wednesday,2026-04-01
538002001,2026-04-01 01:50:00,37.957475,23.644906,0.3,Container,MAJURO TIDE,Marshall Islands,1,Wednesday,2026-04-01
241002002,2026-04-01 01:51:00,37.95932,23.642042,0.4,Bulk Carrier,POSEIDON BULK,Greece,1,Wednesday,2026-04-01
477001002,2026-04-01 01:55:00,37.948506,23.61013,0.3,Tanker,ORIENT WAVE,Hong Kong,1,Wednesday,2026-04-01
371001002,2026-04-01 01:55:00,37.939264,23.633286,0.3,Tanker,BOSPHORUS WIND,Turkey,1,Wednesday,2026-04-01
247001002,2026-04-01 01:55:00,37.954948,23.626906,0.2,Passenger,NAPOLI STAR,Italy,1,Wednesday,2026-04-01
636001002,2026-04-01 01:56:00,37.946952,23.607398,0.0,Bulk Carrier,MONROVIA STAR,Liberia,1,Wednesday,2026-04-01
215001001,2026-04-01 01:57:00,37.935538,23.621349,0.1,Bulk Carrier,RABAT CARGO,Morocco,1,Wednesday,2026-04-01
477001001,2026-04-01 01:58:00,37.953388,23.638567,0.2,Container,HONG KONG SPIRIT,Hong Kong,1,Wednesday,2026-04-01
636001001,2026-04-01 02:00:00,37.949141,23.630184,0.1,Tanker,LIBERIA FORTUNE,Liberia,2,Wednesday,2026-04-01
538001002,2026-04-01 02:00:00,37.957342,23.60657,0.0,Bulk Carrier,PACIFIC MARSHAL,Marshall Islands,2,Wednesday,2026-04-01
241002005,2026-04-01 02:00:00,37.93673,23.633715,0.1,Container,RHODES CARRIER,Greece,2,Wednesday,2026-04-01
538001001,2026-04-01 02:05:00,37.873059,23.510334,0.7,Tanker,MARSHALL DAWN,Marshall Islands,2,Wednesday,2026-04-01
241002003,2026-04-01 02:05:00,37.936952,23.59722,0.1,Ro-Ro,CRETE RUNNER,Greece,2,Wednesday,2026-04-01
538002001,2026-04-01 02:07:00,37.956431,23.645098,0.1,Container,MAJURO TIDE,Marshall Islands,2,Wednesday,2026-04-01
241001002,2026-04-01 02:10:00,37.94088,23.608125,0.2,Container,PIRAEUS EXPRESS,Greece,2,Wednesday,2026-04-01
241002002,2026-04-01 02:10:00,37.95969,23.642942,0.3,Bulk Carrier,POSEIDON BULK,Greece,2,Wednesday,2026-04-01
538001002,2026-04-01 02:15:00,37.957061,23.6073,0.1,Bulk Carrier,PACIFIC MARSHAL,Marshall Islands,2,Wednesday,2026-04-01
247001002,2026-04-01 02:15:00,37.95408,23.627318,0.3,Passenger,NAPOLI STAR,Italy,2,Wednesday,2026-04-01
371001002,2026-04-01 02:16:00,37.939186,23.633357,0.2,Tanker,BOSPHORUS WIND,Turkey,2,Wednesday,2026-04-01
636001001,2026-04-01 02:17:00,37.947772,23.63015,0.0,Tanker,LIBERIA FORTUNE,Liberia,2,Wednesday,2026-04-01
215001001,2026-04-01 02:17:00,37.935063,23.623046,0.0,Bulk Carrier,RABAT CARGO,Morocco,2,Wednesday,2026-04-01
477001002,2026-04-01 02:19:00,37.947012,23.610076,0.1,Tanker,ORIENT WAVE,Hong Kong,2,Wednesday,2026-04-01
636001002,2026-04-01 02:20:00,37.946682,23.606796,0.1,Bulk Carrier,MONROVIA STAR,Liberia,2,Wednesday,2026-04-01
241002003,2026-04-01 02:20:00,37.93698,23.598423,0.2,Ro-Ro,CRETE RUNNER,Greece,2,Wednesday,2026-04-01
241002005,2026-04-01 02:22:00,37.938071,23.634163,0.2,Container,RHODES CARRIER,Greece,2,Wednesday,2026-04-01
477001001,2026-04-01 02:23:00,37.952761,23.637826,0.4,Container,HONG KONG SPIRIT,Hong Kong,2,Wednesday,2026-04-01
538001001,2026-04-01 02:25:00,37.871937,23.509744,0.4,Tanker,MARSHALL DAWN,Marshall Islands,2,Wednesday,2026-04-01
538002001,2026-04-01 02:26:00,37.956303,23.644976,0.1,Container,MAJURO TIDE,Marshall Islands,2,Wednesday,2026-04-01
241001002,2026-04-01 02:34:00,37.940943,23.608323,0.3,Container,PIRAEUS EXPRESS,Greece,2,Wednesday,2026-04-01
636001001,2026-04-01 02:35:00,37.948672,23.629616,0.0,Tanker,LIBERIA FORTUNE,Liberia,2,Wednesday,2026-04-01
241002002,2026-04-01 02:35:00,37.958856,23.643052,0.1,Bulk Carrier,POSEIDON BULK,Greece,2,Wednesday,2026-04-01
371001002,2026-04-01 02:36:00,37.939438,23.632124,0.1,Tanker,BOSPHORUS WIND,Turkey,2,Wednesday,2026-04-01
241002005,2026-04-01 02:38:00,37.937293,23.634503,0.2,Container,RHODES CARRIER,Greece,2,Wednesday,2026-04-01
538001002,2026-04-01 02:39:00,37.957144,23.607479,0.2,Bulk Carrier,PACIFIC MARSHAL,Marshall Islands,2,Wednesday,2026-04-01
215001001,2026-04-01 02:39:00,37.935385,23.621716,0.4,Bulk Carrier,RABAT CARGO,Morocco,2,Wednesday,2026-04-01
247001002,2026-04-01 02:40:00,37.953264,23.627253,0.1,Passenger,NAPOLI STAR,Italy,2,Wednesday,2026-04-01
477001001,2026-04-01 02:42:00,37.953044,23.638394,0.1,Container,HONG KONG SPIRIT,Hong Kong,2,Wednesday,2026-04-01
477001002,2026-04-01 02:42:00,37.947961,23.611036,0.2,Tanker,ORIENT WAVE,Hong Kong,2,Wednesday,2026-04-01
636001002,2026-04-01 02:43:00,37.947986,23.607056,0.0,Bulk Carrier,MONROVIA STAR,Liberia,2,Wednesday,2026-04-01
241002003,2026-04-01 02:44:00,37.936514,23.597631,0.0,Ro-Ro,CRETE RUNNER,Greece,2,Wednesday,2026-04-01
538002001,2026-04-01 02:44:00,37.95607,23.646483,0.1,Container,MAJURO TIDE,Marshall Islands,2,Wednesday,2026-04-01
538001001,2026-04-01 02:45:00,37.873862,23.509434,3.4,Tanker,MARSHALL DAWN,Marshall Islands,2,Wednesday,2026-04-01
636001001,2026-04-01 02:50:00,37.949195,23.63047,0.3,Tanker,LIBERIA FORTUNE,Liberia,2,Wednesday,2026-04-01
538001001,2026-04-01 02:51:00,37.881975,23.522875,3.1,Tanker,MARSHALL DAWN,Marshall Islands,2,Wednesday,2026-04-01
241002002,2026-04-01 02:51:00,37.958453,23.642049,0.3,Bulk Carrier,POSEIDON BULK,Greece,2,Wednesday,2026-04-01
371001002,2026-04-01 02:54:00,37.939158,23.632033,0.0,Tanker,BOSPHORUS WIND,Turkey,2,Wednesday,2026-04-01
538001002,2026-04-01 02:55:00,37.956226,23.607768,0.2,Bulk Carrier,PACIFIC MARSHAL,Marshall Islands,2,Wednesday,2026-04-01
538001001,2026-04-01 02:56:00,37.890087,23.536316,3.4,Tanker,MARSHALL DAWN,Marshall Islands,2,Wednesday,2026-04-01
241002005,2026-04-01 02:56:00,37.93666,23.634608,0.2,Container,RHODES CARRIER,Greece,2,Wednesday,2026-04-01
241001002,2026-04-01 02:57:00,37.941986,23.609408,0.2,Container,PIRAEUS EXPRESS,Greece,2,Wednesday,2026-04-01
477001001,2026-04-01 02:57:00,37.954319,23.638461,0.3,Container,HONG KONG SPIRIT,Hong Kong,2,Wednesday,2026-04-01
636001002,2026-04-01 03:00:00,37.947495,23.606958,0.2,Bulk Carrier,MONROVIA STAR,Liberia,3,Wednesday,2026-04-01
215001001,2026-04-01 03:00:00,37.935165,23.622509,0.3,Bulk Carrier,RABAT CARGO,Morocco,3,Wednesday,2026-04-01
538002001,2026-04-01 03:03:00,37.956201,23.645504,0.3,Container,MAJURO TIDE,Marshall Islands,3,Wednesday,2026-04-01
477001002,2026-04-01 03:04:00,37.947361,23.6099,0.2,Tanker,ORIENT WAVE,Hong Kong,3,Wednesday,2026-04-01
538001001,2026-04-01 03:04:00,37.8982,23.549756,4.5,Tanker,MARSHALL DAWN,Marshall Islands,3,Wednesday,2026-04-01
247001002,2026-04-01 03:05:00,37.953861,23.627505,0.1,Passenger,NAPOLI STAR,Italy,3,Wednesday,2026-04-01
241002003,2026-04-01 03:09:00,37.936274,23.598076,0.1,Ro-Ro,CRETE RUNNER,Greece,3,Wednesday,2026-04-01
538001001,2026-04-01 03:10:00,37.906312,23.563197,4.3,Tanker,MARSHALL DAWN,Marshall Islands,3,Wednesday,2026-04-01
636001001,2026-04-01 03:12:00,37.947476,23.629824,0.2,Tanker,LIBERIA FORTUNE,Liberia,3,Wednesday,2026-04-01
241001002,2026-04-01 03:15:00,37.941534,23.609644,0.2,Container,PIRAEUS EXPRESS,Greece,3,Wednesday,2026-04-01
477001001,2026-04-01 03:15:00,37.954343,23.638503,0.3,Container,HONG KONG SPIRIT,Hong Kong,3,Wednesday,2026-04-01
241002002,2026-04-01 03:15:00,37.958988,23.642889,0.3,Bulk Carrier,POSEIDON BULK,Greece,3,Wednesday,2026-04-01
371001002,2026-04-01 03:15:00,37.93939,23.632365,0.2,Tanker,BOSPHORUS WIND,Turkey,3,Wednesday,2026-04-01
636001002,2026-04-01 03:17:00,37.946475,23.607332,0.0,Bulk Carrier,MONROVIA STAR,Liberia,3,Wednesday,2026-04-01
215001001,2026-04-01 03:17:00,37.935788,23.622475,0.1,Bulk Carrier,RABAT CARGO,Morocco,3,Wednesday,2026-04-01
538001001,2026-04-01 03:18:00,37.914425,23.576638,2.7,Tanker,MARSHALL DAWN,Marshall Islands,3,Wednesday,2026-04-01
538001002,2026-04-01 03:18:00,37.956904,23.60768,0.3,Bulk Carrier,PACIFIC MARSHAL,Marshall Islands,3,Wednesday,2026-04-01
241002005,2026-04-01 03:20:00,37.937913,23.63389,0.4,Container,RHODES CARRIER,Greece,3,Wednesday,2026-04-01
247001002,2026-04-01 03:22:00,37.954325,23.628194,0.3,Passenger,NAPOLI STAR,Italy,3,Wednesday,2026-04-01
538001001,2026-04-01 03:23:00,37.922538,23.590079,5.5,Tanker,MARSHALL DAWN,Marshall Islands,3,Wednesday,2026-04-01
477001002,2026-04-01 03:25:00,37.948319,23.610306,0.4,Tanker,ORIENT WAVE,Hong Kong,3,Wednesday,2026-04-01
241002003,2026-04-01 03:27:00,37.935463,23.597405,0.2,Ro-Ro,CRETE RUNNER,Greece,3,Wednesday,2026-04-01
538002001,2026-04-01 03:27:00,37.957217,23.64557,0.1,Container,MAJURO TIDE,Marshall Islands,3,Wednesday,2026-04-01
538001001,2026-04-01 03:30:00,37.93065,23.60352,4.8,Tanker,MARSHALL DAWN,Marshall Islands,3,Wednesday,2026-04-01
636001001,2026-04-01 03:31:00,37.948781,23.629455,0.0,Tanker,LIBERIA FORTUNE,Liberia,3,Wednesday,2026-04-01
215001001,2026-04-01 03:33:00,37.934757,23.622763,0.0,Bulk Carrier,RABAT CARGO,Morocco,3,Wednesday,2026-04-01
241001002,2026-04-01 03:34:00,37.942753,23.608438,0.3,Container,PIRAEUS EXPRESS,Greece,3,Wednesday,2026-04-01
538001002,2026-04-01 03:34:00,37.956486,23.605986,0.1,Bulk Carrier,PACIFIC MARSHAL,Marshall Islands,3,Wednesday,2026-04-01
241002002,2026-04-01 03:36:00,37.959273,23.643051,0.4,Bulk Carrier,POSEIDON BULK,Greece,3,Wednesday,2026-04-01
477001001,2026-04-01 03:37:00,37.953398,23.638912,0.2,Container,HONG KONG SPIRIT,Hong Kong,3,Wednesday,2026-04-01
538001001,2026-04-01 03:37:00,37.938763,23.61696,4.8,Tanker,MARSHALL DAWN,Marshall Islands,3,Wednesday,2026-04-01
636001002,2026-04-01 03:39:00,37.946968,23.608075,0.3,Bulk Carrier,MONROVIA STAR,Liberia,3,Wednesday,2026-04-01
371001002,2026-04-01 03:40:00,37.940242,23.631956,0.0,Tanker,BOSPHORUS WIND,Turkey,3,Wednesday,2026-04-01
247001002,2026-04-01 03:40:00,37.953971,23.627887,0.3,Passenger,NAPOLI STAR,Italy,3,Wednesday,2026-04-01
241002005,2026-04-01 03:41:00,37.937157,23.634376,0.0,Container,RHODES CARRIER,Greece,3,Wednesday,2026-04-01
538001001,2026-04-01 03:44:00,37.946875,23.630401,3.7,Tanker,MARSHALL DAWN,Marshall Islands,3,Wednesday,2026-04-01
477001002,2026-04-01 03:48:00,37.948245,23.610543,0.3,Tanker,ORIENT WAVE,Hong Kong,3,Wednesday,2026-04-01
215001001,2026-04-01 03:50:00,37.935577,23.621473,0.2,Bulk Carrier,RABAT CARGO,Morocco,3,Wednesday,2026-04-01
636001001,2026-04-01 03:51:00,37.948673,23.62895,0.1,Tanker,LIBERIA FORTUNE,Liberia,3,Wednesday,2026-04-01
241002003,2026-04-01 03:51:00,37.936738,23.597658,0.2,Ro-Ro,CRETE RUNNER,Greece,3,Wednesday,2026-04-01
538001001,2026-04-01 03:52:00,37.955647,23.643447,0.1,Tanker,MARSHALL DAWN,Marshall Islands,3,Wednesday,2026-04-01
538002001,2026-04-01 03:52:00,37.956013,23.646423,0.3,Container,MAJURO TIDE,Marshall Islands,3,Wednesday,2026-04-01
538001002,2026-04-01 03:54:00,37.956673,23.606038,0.1,Bulk Carrier,PACIFIC MARSHAL,Marshall Islands,3,Wednesday,2026-04-01
247001002,2026-04-01 03:56:00,37.954266,23.627279,0.4,Passenger,NAPOLI STAR,Italy,3,Wednesday,2026-04-01
241001002,2026-04-01 03:58:00,37.942693,23.608025,0.0,Container,PIRAEUS EXPRESS,Greece,3,Wednesday,2026-04-01
477001001,2026-04-01 03:59:00,37.95258,23.637554,0.2,Container,HONG KONG SPIRIT,Hong Kong,3,Wednesday,2026-04-01
636001002,2026-04-01 03:59:00,37.947542,23.606784,0.0,Bulk Carrier,MONROVIA STAR,Liberia,3,Wednesday,2026-04-01
241002002,2026-04-01 04:01:00,37.958911,23.643313,0.3,Bulk Carrier,POSEIDON BULK,Greece,4,Wednesday,2026-04-01
241002005,2026-04-01 04:01:00,37.936229,23.633511,0.3,Container,RHODES CARRIER,Greece,4,Wednesday,2026-04-01
371001002,2026-04-01 04:02:00,37.940441,23.632481,0.3,Tanker,BOSPHORUS WIND,Turkey,4,Wednesday,2026-04-01
477001002,2026-04-01 04:04:00,37.947788,23.6112,0.4,Tanker,ORIENT WAVE,Hong Kong,4,Wednesday,2026-04-01
636001001,2026-04-01 04:10:00,37.94913,23.629117,0.2,Tanker,LIBERIA FORTUNE,Liberia,4,Wednesday,2026-04-01
538001002,2026-04-01 04:12:00,37.956225,23.606983,0.0,Bulk Carrier,PACIFIC MARSHAL,Marshall Islands,4,Wednesday,2026-04-01
241002003,2026-04-01 04:13:00,37.936475,23.597604,0.1,Ro-Ro,CRETE RUNNER,Greece,4,Wednesday,2026-04-01
538001001,2026-04-01 04:15:00,37.954212,23.644412,0.1,Tanker,MARSHALL DAWN,Marshall Islands,4,Wednesday,2026-04-01
215001001,2026-04-01 04:15:00,37.934695,23.62223,0.1,Bulk Carrier,RABAT CARGO,Morocco,4,Wednesday,2026-04-01
241001002,2026-04-01 04:16:00,37.941302,23.607989,0.2,Container,PIRAEUS EXPRESS,Greece,4,Wednesday,2026-04-01
538002001,2026-04-01 04:16:00,37.956748,23.644945,0.2,Container,MAJURO TIDE,Marshall Islands,4,Wednesday,2026-04-01
477001001,2026-04-01 04:17:00,37.952965,23.638567,0.1,Container,HONG KONG SPIRIT,Hong Kong,4,Wednesday,2026-04-01
636001002,2026-04-01 04:18:00,37.946184,23.607432,0.2,Bulk Carrier,MONROVIA STAR,Liberia,4,Wednesday,2026-04-01
241002002,2026-04-01 04:19:00,37.958018,23.641776,0.1,Bulk Carrier,POSEIDON BULK,Greece,4,Wednesday,2026-04-01
247001002,2026-04-01 04:20:00,37.955047,23.627569,0.0,Passenger,NAPOLI STAR,Italy,4,Wednesday,2026-04-01
477001002,2026-04-01 04:21:00,37.948507,23.609554,0.4,Tanker,ORIENT WAVE,Hong Kong,4,Wednesday,2026-04-01
241002005,2026-04-01 04:22:00,37.936639,23.634828,0.3,Container,RHODES CARRIER,Greece,4,Wednesday,2026-04-01
371001002,2026-04-01 04:26:00,37.940971,23.632391,0.1,Tanker,BOSPHORUS WIND,Turkey,4,Wednesday,2026-04-01
215001001,2026-04-01 04:30:00,37.936559,23.622022,0.1,Bulk Carrier,RABAT CARGO,Morocco,4,Wednesday,2026-04-01
636001001,2026-04-01 04:32:00,37.948649,23.629868,0.1,Tanker,LIBERIA FORTUNE,Liberia,4,Wednesday,2026-04-01
538001001,2026-04-01 04:33:00,37.954876,23.642892,0.3,Tanker,MARSHALL DAWN,Marshall Islands,4,Wednesday,2026-04-01
241001002,2026-04-01 04:34:00,37.940923,23.607832,0.1,Container,PIRAEUS EXPRESS,Greece,4,Wednesday,2026-04-01
477001001,2026-04-01 04:34:00,37.953546,23.639037,0.3,Container,HONG KONG SPIRIT,Hong Kong,4,Wednesday,2026-04-01
241002002,2026-04-01 04:35:00,37.958971,23.641977,0.1,Bulk Carrier,POSEIDON BULK,Greece,4,Wednesday,2026-04-01
241002003,2026-04-01 04:35:00,37.935385,23.597237,0.0,Ro-Ro,CRETE RUNNER,Greece,4,Wednesday,2026-04-01
636001002,2026-04-01 04:36:00,37.946541,23.607255,0.3,Bulk Carrier,MONROVIA STAR,Liberia,4,Wednesday,2026-04-01
538001002,2026-04-01 04:37:00,37.957433,23.607064,0.1,Bulk Carrier,PACIFIC MARSHAL,Marshall Islands,4,Wednesday,2026-04-01
538002001,2026-04-01 04:37:00,37.957294,23.646117,0.1,Container,MAJURO TIDE,Marshall Islands,4,Wednesday,2026-04-01
247001002,2026-04-01 04:37:00,37.954546,23.627815,0.3,Passenger,NAPOLI STAR,Italy,4,Wednesday,2026-04-01
477001002,2026-04-01 04:42:00,37.948256,23.609706,0.0,Tanker,ORIENT WAVE,Hong Kong,4,Wednesday,2026-04-01
241002005,2026-04-01 04:43:00,37.937639,23.634309,0.0,Container,RHODES CARRIER,Greece,4,Wednesday,2026-04-01
371001002,2026-04-01 04:48:00,37.939841,23.633892,0.2,Tanker,BOSPHORUS WIND,Turkey,4,Wednesday,2026-04-01
636001002,2026-04-01 04:51:00,37.947577,23.60699,0.0,Bulk Carrier,MONROVIA STAR,Liberia,4,Wednesday,2026-04-01
241002002,2026-04-01 04:51:00,37.958042,23.642228,0.2,Bulk Carrier,POSEIDON BULK,Greece,4,Wednesday,2026-04-01
241002003,2026-04-01 04:52:00,37.936003,23.598326,0.1,Ro-Ro,CRETE RUNNER,Greece,4,Wednesday,2026-04-01
538001001,2026-04-01 04:55:00,37.954296,23.643522,0.3,Tanker,MARSHALL DAWN,Marshall Islands,4,Wednesday,2026-04-01
538001002,2026-04-01 04:55:00,37.957077,23.606545,0.2,Bulk Carrier,PACIFIC MARSHAL,Marshall Islands,4,Wednesday,2026-04-01
538002001,2026-04-01 04:55:00,37.957609,23.645627,0.1,Container,MAJURO TIDE,Marshall Islands,4,Wednesday,2026-04-01
215001001,2026-04-01 04:55:00,37.935992,23.62262,0.4,Bulk Carrier,RABAT CARGO,Morocco,4,Wednesday,2026-04-01
241001002,2026-04-01 04:56:00,37.941713,23.607892,0.2,Container,PIRAEUS EXPRESS,Greece,4,Wednesday,2026-04-01
477001001,2026-04-01 04:56:00,37.952641,23.63772,0.2,Container,HONG KONG SPIRIT,Hong Kong,4,Wednesday,2026-04-01
241002005,2026-04-01 04:58:00,37.937483,23.63423,0.2,Container,RHODES CARRIER,Greece,4,Wednesday,2026-04-01
247001002,2026-04-01 04:59:00,37.954642,23.627834,0.0,Passenger,NAPOLI STAR,Italy,4,Wednesday,2026-04-01
477001002,2026-04-01 05:07:00,37.94808,23.609941,0.1,Tanker,ORIENT WAVE,Hong Kong,5,Wednesday,2026-04-01
371001002,2026-04-01 05:10:00,37.940948,23.632824,0.1,Tanker,BOSPHORUS WIND,Turkey,5,Wednesday,2026-04-01
215001001,2026-04-01 05:11:00,37.936378,23.621948,0.0,Bulk Carrier,RABAT CARGO,Morocco,5,Wednesday,2026-04-01
241002002,2026-04-01 05:12:00,37.95779,23.641725,0.2,Bulk Carrier,POSEIDON BULK,Greece,5,Wednesday,2026-04-01
636001002,2026-04-01 05:13:00,37.94803,23.60689,0.1,Bulk Carrier,MONROVIA STAR,Liberia,5,Wednesday,2026-04-01
538001002,2026-04-01 05:14:00,37.956401,23.606013,0.2,Bulk Carrier,PACIFIC MARSHAL,Marshall Islands,5,Wednesday,2026-04-01
538002001,2026-04-01 05:14:00,37.957219,23.64504,0.0,Container,MAJURO TIDE,Marshall Islands,5,Wednesday,2026-04-01
241001002,2026-04-01 05:15:00,37.942179,23.608735,0.2,Container,PIRAEUS EXPRESS,Greece,5,Wednesday,2026-04-01
538001001,2026-04-01 05:17:00,37.955035,23.644393,0.2,Tanker,MARSHALL DAWN,Marshall Islands,5,Wednesday,2026-04-01
241002003,2026-04-01 05:17:00,37.935642,23.598638,0.1,Ro-Ro,CRETE RUNNER,Greece,5,Wednesday,2026-04-01
477001001,2026-04-01 05:19:00,37.953149,23.639137,0.3,Container,HONG KONG SPIRIT,Hong Kong,5,Wednesday,2026-04-01
247001002,2026-04-01 05:22:00,37.954224,23.627879,0.4,Passenger,NAPOLI STAR,Italy,5,Wednesday,2026-04-01
477001002,2026-04-01 05:23:00,37.948003,23.610406,0.0,Tanker,ORIENT WAVE,Hong Kong,5,Wednesday,2026-04-01
241002005,2026-04-01 05:23:00,37.936333,23.634069,0.4,Container,RHODES CARRIER,Greece,5,Wednesday,2026-04-01
215001001,2026-04-01 05:26:00,37.934757,23.621367,0.4,Bulk Carrier,RABAT CARGO,Morocco,5,Wednesday,2026-04-01
636001002,2026-04-01 05:29:00,37.948005,23.607438,0.2,Bulk Carrier,MONROVIA STAR,Liberia,5,Wednesday,2026-04-01
371001002,2026-04-01 05:30:00,37.939725,23.633378,0.1,Tanker,BOSPHORUS WIND,Turkey,5,Wednesday,2026-04-01
477001001,2026-04-01 05:34:00,37.953298,23.637929,0.3,Container,HONG KONG SPIRIT,Hong Kong,5,Wednesday,2026-04-01
538001001,2026-04-01 05:34:00,37.954185,23.644807,0.2,Tanker,MARSHALL DAWN,Marshall Islands,5,Wednesday,2026-04-01
538001002,2026-04-01 05:34:00,37.956527,23.606957,0.1,Bulk Carrier,PACIFIC MARSHAL,Marshall Islands,5,Wednesday,2026-04-01
538002001,2026-04-01 05:36:00,37.957516,23.645558,0.1,Container,MAJURO TIDE,Marshall Islands,5,Wednesday,2026-04-01
241002003,2026-04-01 05:38:00,37.935398,23.597154,0.2,Ro-Ro,CRETE RUNNER,Greece,5,Wednesday,2026-04-01
241001002,2026-04-01 05:40:00,37.941302,23.609409,0.1,Container,PIRAEUS EXPRESS,Greece,5,Wednesday,2026-04-01
247001002,2026-04-01 05:40:00,37.954678,23.627616,0.2,Passenger,NAPOLI STAR,Italy,5,Wednesday,2026-04-01
215001001,2026-04-01 05:41:00,37.934976,23.621628,0.3,Bulk Carrier,RABAT CARGO,Morocco,5,Wednesday,2026-04-01
477001002,2026-04-01 05:42:00,37.948724,23.609327,0.2,Tanker,ORIENT WAVE,Hong Kong,5,Wednesday,2026-04-01
241002005,2026-04-01 05:47:00,37.936538,23.634972,0.0,Container,RHODES CARRIER,Greece,5,Wednesday,2026-04-01
538001002,2026-04-01 05:50:00,37.956619,23.607555,0.1,Bulk Carrier,PACIFIC MARSHAL,Marshall Islands,5,Wednesday,2026-04-01
371001002,2026-04-01 05:51:00,37.940915,23.632652,0.3,Tanker,BOSPHORUS WIND,Turkey,5,Wednesday,2026-04-01
636001002,2026-04-01 05:54:00,37.947913,23.606809,0.3,Bulk Carrier,MONROVIA STAR,Liberia,5,Wednesday,2026-04-01
477001001,2026-04-01 05:55:00,37.954075,23.638995,0.0,Container,HONG KONG SPIRIT,Hong Kong,5,Wednesday,2026-04-01
247001002,2026-04-01 05:56:00,37.954466,23.626551,0.1,Passenger,NAPOLI STAR,Italy,5,Wednesday,2026-04-01
538001001,2026-04-01 05:57:00,37.954253,23.644291,0.2,Tanker,MARSHALL DAWN,Marshall Islands,5,Wednesday,2026-04-01
241002003,2026-04-01 05:59:00,37.93684,23.598808,0.1,Ro-Ro,CRETE RUNNER,Greece,5,Wednesday,2026-04-01
538002001,2026-04-01 06:01:00,37.955952,23.645698,0.1,Container,MAJURO TIDE,Marshall Islands,6,Wednesday,2026-04-01
215001001,2026-04-01 06:02:00,37.935573,23.621823,0.3,Bulk Carrier,RABAT CARGO,Morocco,6,Wednesday,2026-04-01
241001002,2026-04-01 06:04:00,37.94264,23.608677,0.2,Container,PIRAEUS EXPRESS,Greece,6,Wednesday,2026-04-01
241002005,2026-04-01 06:04:00,37.936736,23.634696,0.0,Container,RHODES CARRIER,Greece,6,Wednesday,2026-04-01
477001002,2026-04-01 06:06:00,37.948453,23.609527,0.2,Tanker,ORIENT WAVE,Hong Kong,6,Wednesday,2026-04-01
371001002,2026-04-01 06:06:00,37.939751,23.632001,0.1,Tanker,BOSPHORUS WIND,Turkey,6,Wednesday,2026-04-01
636001002,2026-04-01 06:09:00,37.94714,23.606736,0.2,Bulk Carrier,MONROVIA STAR,Liberia,6,Wednesday,2026-04-01
538001002,2026-04-01 06:09:00,37.956291,23.607251,0.1,Bulk Carrier,PACIFIC MARSHAL,Marshall Islands,6,Wednesday,2026-04-01
477001001,2026-04-01 06:14:00,37.952479,23.638018,0.3,Container,HONG KONG SPIRIT,Hong Kong,6,Wednesday,2026-04-01
247001002,2026-04-01 06:14:00,37.954964,23.628179,0.3,Passenger,NAPOLI STAR,Italy,6,Wednesday,2026-04-01
241002003,2026-04-01 06:15:00,37.935297,23.598368,0.2,Ro-Ro,CRETE RUNNER,Greece,6,Wednesday,2026-04-01
538001001,2026-04-01 06:19:00,37.955718,23.643074,0.1,Tanker,MARSHALL DAWN,Marshall Islands,6,Wednesday,2026-04-01
538002001,2026-04-01 06:21:00,37.956989,23.646327,0.2,Container,MAJURO TIDE,Marshall Islands,6,Wednesday,2026-04-01
215001001,2026-04-01 06:21:00,37.935644,23.622952,0.2,Bulk Carrier,RABAT CARGO,Morocco,6,Wednesday,2026-04-01
477001002,2026-04-01 06:23:00,37.948066,23.610819,0.1,Tanker,ORIENT WAVE,Hong Kong,6,Wednesday,2026-04-01
538001002,2026-04-01 06:25:00,37.957323,23.606079,0.1,Bulk Carrier,PACIFIC MARSHAL,Marshall Islands,6,Wednesday,2026-04-01
241002005,2026-04-01 06:25:00,37.936266,23.634769,0.1,Container,RHODES CARRIER,Greece,6,Wednesday,2026-04-01
241001002,2026-04-01 06:27:00,37.941071,23.608358,0.1,Container,PIRAEUS EXPRESS,Greece,6,Wednesday,2026-04-01
371001002,2026-04-01 06:27:00,37.940234,23.63237,0.2,Tanker,BOSPHORUS WIND,Turkey,6,Wednesday,2026-04-01
477001001,2026-04-01 06:30:00,37.954403,23.639043,0.2,Container,HONG KONG SPIRIT,Hong Kong,6,Wednesday,2026-04-01
247001002,2026-04-01 06:30:00,37.95501,23.62763,0.2,Passenger,NAPOLI STAR,Italy,6,Wednesday,2026-04-01
636001002,2026-04-01 06:31:00,37.946438,23.608267,0.2,Bulk Carrier,MONROVIA STAR,Liberia,6,Wednesday,2026-04-01
538001001,2026-04-01 06:38:00,37.955362,23.644031,0.3,Tanker,MARSHALL DAWN,Marshall Islands,6,Wednesday,2026-04-01
477001002,2026-04-01 06:39:00,37.948015,23.609504,0.4,Tanker,ORIENT WAVE,Hong Kong,6,Wednesday,2026-04-01
215001001,2026-04-01 06:40:00,37.935517,23.622993,0.1,Bulk Carrier,RABAT CARGO,Morocco,6,Wednesday,2026-04-01
538002001,2026-04-01 06:41:00,37.956931,23.646263,0.3,Container,MAJURO TIDE,Marshall Islands,6,Wednesday,2026-04-01
241001002,2026-04-01 06:44:00,37.941105,23.608442,0.0,Container,PIRAEUS EXPRESS,Greece,6,Wednesday,2026-04-01
241002005,2026-04-01 06:45:00,37.937165,23.633331,0.3,Container,RHODES CARRIER,Greece,6,Wednesday,2026-04-01
538001002,2026-04-01 06:46:00,37.956132,23.607817,0.3,Bulk Carrier,PACIFIC MARSHAL,Marshall Islands,6,Wednesday,2026-04-01
477001001,2026-04-01 06:48:00,37.95389,23.63887,0.1,Container,HONG KONG SPIRIT,Hong Kong,6,Wednesday,2026-04-01
371001002,2026-04-01 06:48:00,37.940404,23.632332,0.0,Tanker,BOSPHORUS WIND,Turkey,6,Wednesday,2026-04-01
247001002,2026-04-01 06:49:00,37.95399,23.62789,0.1,Passenger,NAPOLI STAR,Italy,6,Wednesday,2026-04-01
538001001,2026-04-01 06:54:00,37.955766,23.643048,0.1,Tanker,MARSHALL DAWN,Marshall Islands,6,Wednesday,2026-04-01
636001002,2026-04-01 06:56:00,37.946267,23.607758,0.1,Bulk Carrier,MONROVIA STAR,Liberia,6,Wednesday,2026-04-01
538002001,2026-04-01 06:56:00,37.956623,23.645197,0.1,Container,MAJURO TIDE,Marshall Islands,6,Wednesday,2026-04-01
215001001,2026-04-01 06:57:00,37.935992,23.62148,0.3,Bulk Carrier,RABAT CARGO,Morocco,6,Wednesday,2026-04-01
477001002,2026-04-01 06:58:00,37.94865,23.611058,0.3,Tanker,ORIENT WAVE,Hong Kong,6,Wednesday,2026-04-01
241002005,2026-04-01 07:00:00,37.93766,23.633543,0.1,Container,RHODES CARRIER,Greece,7,Wednesday,2026-04-01
538001002,2026-04-01 07:02:00,37.955779,23.6062,0.0,Bulk Carrier,PACIFIC MARSHAL,Marshall Islands,7,Wednesday,2026-04-01
241001002,2026-04-01 07:08:00,37.941651,23.608764,0.3,Container,PIRAEUS EXPRESS,Greece,7,Wednesday,2026-04-01
371001002,2026-04-01 07:09:00,37.939986,23.633383,0.1,Tanker,BOSPHORUS WIND,Turkey,7,Wednesday,2026-04-01
477001001,2026-04-01 07:12:00,37.952747,23.63777,0.3,Container,HONG KONG SPIRIT,Hong Kong,7,Wednesday,2026-04-01
538002001,2026-04-01 07:12:00,37.956388,23.644849,0.1,Container,MAJURO TIDE,Marshall Islands,7,Wednesday,2026-04-01
247001002,2026-04-01 07:12:00,37.955081,23.626622,0.3,Passenger,NAPOLI STAR,Italy,7,Wednesday,2026-04-01
636001002,2026-04-01 07:16:00,37.94763,23.607661,0.0,Bulk Carrier,MONROVIA STAR,Liberia,7,Wednesday,2026-04-01
477001002,2026-04-01 07:17:00,37.947861,23.61052,0.2,Tanker,ORIENT WAVE,Hong Kong,7,Wednesday,2026-04-01
538001001,2026-04-01 07:19:00,37.954033,23.644359,0.2,Tanker,MARSHALL DAWN,Marshall Islands,7,Wednesday,2026-04-01
538001002,2026-04-01 07:19:00,37.956596,23.607159,0.3,Bulk Carrier,PACIFIC MARSHAL,Marshall Islands,7,Wednesday,2026-04-01
241002005,2026-04-01 07:19:00,37.936749,23.634547,0.0,Container,RHODES CARRIER,Greece,7,Wednesday,2026-04-01
215001001,2026-04-01 07:21:00,37.935159,23.622075,0.1,Bulk Carrier,RABAT CARGO,Morocco,7,Wednesday,2026-04-01
241001002,2026-04-01 07:27:00,37.942658,23.608828,0.2,Container,PIRAEUS EXPRESS,Greece,7,Wednesday,2026-04-01
247001002,2026-04-01 07:27:00,37.95342,23.626611,0.0,Passenger,NAPOLI STAR,Italy,7,Wednesday,2026-04-01
477001001,2026-04-01 07:30:00,37.954026,23.638632,0.3,Container,HONG KONG SPIRIT,Hong Kong,7,Wednesday,2026-04-01
371001002,2026-04-01 07:31:00,37.940078,23.632592,0.3,Tanker,BOSPHORUS WIND,Turkey,7,Wednesday,2026-04-01
477001002,2026-04-01 07:32:00,37.947696,23.610538,0.1,Tanker,ORIENT WAVE,Hong Kong,7,Wednesday,2026-04-01
538002001,2026-04-01 07:35:00,37.955715,23.646142,0.1,Container,MAJURO TIDE,Marshall Islands,7,Wednesday,2026-04-01
636001002,2026-04-01 07:37:00,37.946059,23.606576,0.2,Bulk Carrier,MONROVIA STAR,Liberia,7,Wednesday,2026-04-01
538001002,2026-04-01 07:38:00,37.95692,23.607767,0.1,Bulk Carrier,PACIFIC MARSHAL,Marshall Islands,7,Wednesday,2026-04-01
241002005,2026-04-01 07:40:00,37.936431,23.633597,0.1,Container,RHODES CARRIER,Greece,7,Wednesday,2026-04-01
215001001,2026-04-01 07:41:00,37.935982,23.622909,0.3,Bulk Carrier,RABAT CARGO,Morocco,7,Wednesday,2026-04-01
538001001,2026-04-01 07:44:00,37.95463,23.643227,0.3,Tanker,MARSHALL DAWN,Marshall Islands,7,Wednesday,2026-04-01
241001002,2026-04-01 07:49:00,37.941969,23.609606,0.1,Container,PIRAEUS EXPRESS,Greece,7,Wednesday,2026-04-01
247001002,2026-04-01 07:52:00,37.953685,23.628142,0.0,Passenger,NAPOLI STAR,Italy,7,Wednesday,2026-04-01
477001001,2026-04-01 07:53:00,37.953493,23.638139,0.1,Container,HONG KONG SPIRIT,Hong Kong,7,Wednesday,2026-04-01
371001002,2026-04-01 07:56:00,37.940598,23.632328,0.1,Tanker,BOSPHORUS WIND,Turkey,7,Wednesday,2026-04-01
477001002,2026-04-01 07:57:00,37.946968,23.611081,0.3,Tanker,ORIENT WAVE,Hong Kong,7,Wednesday,2026-04-01
538002001,2026-04-01 07:57:00,37.957061,23.645986,0.2,Container,MAJURO TIDE,Marshall Islands,7,Wednesday,2026-04-01
636001002,2026-04-01 07:59:00,37.946351,23.608034,0.2,Bulk Carrier,MONROVIA STAR,Liberia,7,Wednesday,2026-04-01
538001002,2026-04-01 08:00:00,37.956443,23.607193,0.1,Bulk Carrier,PACIFIC MARSHAL,Marshall Islands,8,Wednesday,2026-04-01
215001001,2026-04-01 08:01:00,37.935205,23.622595,0.4,Bulk Carrier,RABAT CARGO,Morocco,8,Wednesday,2026-04-01
241002005,2026-04-01 08:02:00,37.936729,23.633617,0.0,Container,RHODES CARRIER,Greece,8,Wednesday,2026-04-01
538001001,2026-04-01 08:03:00,37.955534,23.644184,0.2,Tanker,MARSHALL DAWN,Marshall Islands,8,Wednesday,2026-04-01
241001002,2026-04-01 08:09:00,37.940825,23.608285,0.2,Container,PIRAEUS EXPRESS,Greece,8,Wednesday,2026-04-01
477001001,2026-04-01 08:12:00,37.95295,23.639208,0.1,Container,HONG KONG SPIRIT,Hong Kong,8,Wednesday,2026-04-01
247001002,2026-04-01 08:13:00,37.954501,23.626261,0.4,Passenger,NAPOLI STAR,Italy,8,Wednesday,2026-04-01
477001002,2026-04-01 08:17:00,37.946989,23.610252,0.3,Tanker,ORIENT WAVE,Hong Kong,8,Wednesday,2026-04-01
636001002,2026-04-01 08:17:00,37.946224,23.607729,0.0,Bulk Carrier,MONROVIA STAR,Liberia,8,Wednesday,2026-04-01
538001002,2026-04-01 08:19:00,37.955599,23.607508,0.1,Bulk Carrier,PACIFIC MARSHAL,Marshall Islands,8,Wednesday,2026-04-01
538002001,2026-04-01 08:19:00,37.956177,23.64527,0.3,Container,MAJURO TIDE,Marshall Islands,8,Wednesday,2026-04-01
538001001,2026-04-01 08:22:00,37.954535,23.642873,0.0,Tanker,MARSHALL DAWN,Marshall Islands,8,Wednesday,2026-04-01
215001001,2026-04-01 08:22:00,37.936453,23.622877,0.2,Bulk Carrier,RABAT CARGO,Morocco,8,Wednesday,2026-04-01
241002005,2026-04-01 08:26:00,37.938022,23.634148,0.4,Container,RHODES CARRIER,Greece,8,Wednesday,2026-04-01
241001002,2026-04-01 08:34:00,37.941923,23.609729,0.3,Container,PIRAEUS EXPRESS,Greece,8,Wednesday,2026-04-01
477001002,2026-04-01 08:36:00,37.94693,23.610937,0.4,Tanker,ORIENT WAVE,Hong Kong,8,Wednesday,2026-04-01
477001001,2026-04-01 08:37:00,37.952686,23.638992,0.3,Container,HONG KONG SPIRIT,Hong Kong,8,Wednesday,2026-04-01
247001002,2026-04-01 08:37:00,37.953953,23.626657,0.1,Passenger,NAPOLI STAR,Italy,8,Wednesday,2026-04-01
538002001,2026-04-01 08:39:00,37.956474,23.644604,0.2,Container,MAJURO TIDE,Marshall Islands,8,Wednesday,2026-04-01
215001001,2026-04-01 08:41:00,37.935013,23.622211,0.3,Bulk Carrier,RABAT CARGO,Morocco,8,Wednesday,2026-04-01
636001002,2026-04-01 08:42:00,37.946752,23.6068,0.0,Bulk Carrier,MONROVIA STAR,Liberia,8,Wednesday,2026-04-01
538001002,2026-04-01 08:42:00,37.956378,23.60659,0.2,Bulk Carrier,PACIFIC MARSHAL,Marshall Islands,8,Wednesday,2026-04-01
538001001,2026-04-01 08:46:00,37.954193,23.643927,0.2,Tanker,MARSHALL DAWN,Marshall Islands,8,Wednesday,2026-04-01
241002005,2026-04-01 08:48:00,37.937134,23.633802,0.3,Container,RHODES CARRIER,Greece,8,Wednesday,2026-04-01
477001002,2026-04-01 08:55:00,37.948576,23.611018,0.1,Tanker,ORIENT WAVE,Hong Kong,8,Wednesday,2026-04-01
538002001,2026-04-01 08:57:00,37.957474,23.645538,0.3,Container,MAJURO TIDE,Marshall Islands,8,Wednesday,2026-04-01
477001001,2026-04-01 08:58:00,37.9544,23.639226,0.4,Container,HONG KONG SPIRIT,Hong Kong,8,Wednesday,2026-04-01
247001002,2026-04-01 08:58:00,37.955017,23.62751,0.2,Passenger,NAPOLI STAR,Italy,8,Wednesday,2026-04-01
215001001,2026-04-01 08:58:00,37.934709,23.623038,0.0,Bulk Carrier,RABAT CARGO,Morocco,8,Wednesday,2026-04-01
241001002,2026-04-01 08:59:00,37.941925,23.609353,0.2,Container,PIRAEUS EXPRESS,Greece,8,Wednesday,2026-04-01
636001002,2026-04-01 09:05:00,37.946293,23.606957,0.2,Bulk Carrier,MONROVIA STAR,Liberia,9,Wednesday,2026-04-01
538001002,2026-04-01 09:07:00,37.956527,23.607236,0.2,Bulk Carrier,PACIFIC MARSHAL,Marshall Islands,9,Wednesday,2026-04-01
538001001,2026-04-01 09:09:00,37.954271,23.644251,0.1,Tanker,MARSHALL DAWN,Marshall Islands,9,Wednesday,2026-04-01
241002005,2026-04-01 09:10:00,37.938043,23.633965,0.3,Container,RHODES CARRIER,Greece,9,Wednesday,2026-04-01
477001001,2026-04-01 09:15:00,37.95268,23.637784,0.3,Container,HONG KONG SPIRIT,Hong Kong,9,Wednesday,2026-04-01
215001001,2026-04-01 09:15:00,37.93549,23.621587,0.0,Bulk Carrier,RABAT CARGO,Morocco,9,Wednesday,2026-04-01
241001002,2026-04-01 09:16:00,37.942076,23.609659,0.1,Container,PIRAEUS EXPRESS,Greece,9,Wednesday,2026-04-01
538002001,2026-04-01 09:18:00,37.956211,23.645679,0.2,Container,MAJURO TIDE,Marshall Islands,9,Wednesday,2026-04-01
477001002,2026-04-01 09:20:00,37.948628,23.609571,0.0,Tanker,ORIENT WAVE,Hong Kong,9,Wednesday,2026-04-01
247001002,2026-04-01 09:22:00,37.954161,23.626303,0.0,Passenger,NAPOLI STAR,Italy,9,Wednesday,2026-04-01
636001002,2026-04-01 09:28:00,37.947554,23.608103,0.2,Bulk Carrier,MONROVIA STAR,Liberia,9,Wednesday,2026-04-01
538001001,2026-04-01 09:28:00,37.954331,23.643465,0.2,Tanker,MARSHALL DAWN,Marshall Islands,9,Wednesday,2026-04-01
538001002,2026-04-01 09:30:00,37.956446,23.606512,0.3,Bulk Carrier,PACIFIC MARSHAL,Marshall Islands,9,Wednesday,2026-04-01
215001001,2026-04-01 09:31:00,37.935257,23.621928,0.1,Bulk Carrier,RABAT CARGO,Morocco,9,Wednesday,2026-04-01
241002005,2026-04-01 09:32:00,37.936618,23.633913,0.1,Container,RHODES CARRIER,Greece,9,Wednesday,2026-04-01
241001002,2026-04-01 09:33:00,37.941645,23.609455,0.3,Container,PIRAEUS EXPRESS,Greece,9,Wednesday,2026-04-01
477001001,2026-04-01 09:35:00,37.953938,23.638844,0.3,Container,HONG KONG SPIRIT,Hong Kong,9,Wednesday,2026-04-01
477001002,2026-04-01 09:42:00,37.947532,23.61076,0.3,Tanker,ORIENT WAVE,Hong Kong,9,Wednesday,2026-04-01
538002001,2026-04-01 09:42:00,37.956696,23.646369,0.0,Container,MAJURO TIDE,Marshall Islands,9,Wednesday,2026-04-01
247001002,2026-04-01 09:42:00,37.95369,23.627187,0.1,Passenger,NAPOLI STAR,Italy,9,Wednesday,2026-04-01
538001002,2026-04-01 09:47:00,37.956168,23.607483,0.3,Bulk Carrier,PACIFIC MARSHAL,Marshall Islands,9,Wednesday,2026-04-01
538001001,2026-04-01 09:48:00,37.954089,23.6429,0.2,Tanker,MARSHALL DAWN,Marshall Islands,9,Wednesday,2026-04-01
241002005,2026-04-01 09:48:00,37.937761,23.633806,0.1,Container,RHODES CARRIER,Greece,9,Wednesday,2026-04-01
241001002,2026-04-01 09:49:00,37.94159,23.608469,0.1,Container,PIRAEUS EXPRESS,Greece,9,Wednesday,2026-04-01
215001001,2026-04-01 09:49:00,37.935463,23.621533,0.3,Bulk Carrier,RABAT CARGO,Morocco,9,Wednesday,2026-04-01
636001002,2026-04-01 09:50:00,37.946084,23.607248,0.2,Bulk Carrier,MONROVIA STAR,Liberia,9,Wednesday,2026-04-01
477001001,2026-04-01 09:57:00,37.95368,23.638748,0.1,Container,HONG KONG SPIRIT,Hong Kong,9,Wednesday,2026-04-01
247001002,2026-04-01 10:03:00,37.954718,23.627085,0.3,Passenger,NAPOLI STAR,Italy,10,Wednesday,2026-04-01
241001002,2026-04-01 10:05:00,37.941433,23.609214,0.3,Container,PIRAEUS EXPRESS,Greece,10,Wednesday,2026-04-01
477001002,2026-04-01 10:06:00,37.947266,23.609725,0.3,Tanker,ORIENT WAVE,Hong Kong,10,Wednesday,2026-04-01
538002001,2026-04-01 10:06:00,37.957558,23.644921,0.4,Container,MAJURO TIDE,Marshall Islands,10,Wednesday,2026-04-01
636001002,2026-04-01 10:07:00,37.94612,23.607905,0.1,Bulk Carrier,MONROVIA STAR,Liberia,10,Wednesday,2026-04-01
538001001,2026-04-01 10:13:00,37.954755,23.643014,0.0,Tanker,MARSHALL DAWN,Marshall Islands,10,Wednesday,2026-04-01
215001001,2026-04-01 10:14:00,37.935935,23.622747,0.3,Bulk Carrier,RABAT CARGO,Morocco,10,Wednesday,2026-04-01
477001001,2026-04-01 10:18:00,37.953682,23.639252,0.2,Container,HONG KONG SPIRIT,Hong Kong,10,Wednesday,2026-04-01
241001002,2026-04-01 10:24:00,37.941574,23.609348,0.2,Container,PIRAEUS EXPRESS,Greece,10,Wednesday,2026-04-01
477001002,2026-04-01 10:27:00,37.948409,23.611036,0.3,Tanker,ORIENT WAVE,Hong Kong,10,Wednesday,2026-04-01
247001002,2026-04-01 10:27:00,37.95388,23.628183,0.2,Passenger,NAPOLI STAR,Italy,10,Wednesday,2026-04-01
636001002,2026-04-01 10:30:00,37.947435,23.606872,0.1,Bulk Carrier,MONROVIA STAR,Liberia,10,Wednesday,2026-04-01
538002001,2026-04-01 10:30:00,37.955932,23.64519,0.3,Container,MAJURO TIDE,Marshall Islands,10,Wednesday,2026-04-01
215001001,2026-04-01 10:33:00,37.935012,23.622234,0.4,Bulk Carrier,RABAT CARGO,Morocco,10,Wednesday,2026-04-01
538001001,2026-04-01 10:34:00,37.95518,23.644028,0.1,Tanker,MARSHALL DAWN,Marshall Islands,10,Wednesday,2026-04-01
241001002,2026-04-01 10:39:00,37.941402,23.608474,0.1,Container,PIRAEUS EXPRESS,Greece,10,Wednesday,2026-04-01
477001002,2026-04-01 10:42:00,37.947208,23.609924,0.2,Tanker,ORIENT WAVE,Hong Kong,10,Wednesday,2026-04-01
538002001,2026-04-01 10:45:00,37.956291,23.646056,0.4,Container,MAJURO TIDE,Marshall Islands,10,Wednesday,2026-04-01
636001002,2026-04-01 10:47:00,37.946688,23.607429,0.2,Bulk Carrier,MONROVIA STAR,Liberia,10,Wednesday,2026-04-01
215001001,2026-04-01 10:48:00,37.935374,23.621978,0.1,Bulk Carrier,RABAT CARGO,Morocco,10,Wednesday,2026-04-01
247001002,2026-04-01 10:49:00,37.953938,23.628166,0.4,Passenger,NAPOLI STAR,Italy,10,Wednesday,2026-04-01
538001001,2026-04-01 10:56:00,37.954613,23.644477,0.2,Tanker,MARSHALL DAWN,Marshall Islands,10,Wednesday,2026-04-01
241001002,2026-04-01 11:00:00,37.942423,23.607829,0.3,Container,PIRAEUS EXPRESS,Greece,11,Wednesday,2026-04-01
215001001,2026-04-01 11:03:00,37.936298,23.621792,0.0,Bulk Carrier,RABAT CARGO,Morocco,11,Wednesday,2026-04-01
477001002,2026-04-01 11:05:00,37.948451,23.610351,0.2,Tanker,ORIENT WAVE,Hong Kong,11,Wednesday,2026-04-01
538002001,2026-04-01 11:05:00,37.956003,23.644526,0.2,Container,MAJURO TIDE,Marshall Islands,11,Wednesday,2026-04-01
247001002,2026-04-01 11:05:00,37.954265,23.626406,0.2,Passenger,NAPOLI STAR,Italy,11,Wednesday,2026-04-01
636001002,2026-04-01 11:11:00,37.94715,23.60663,0.3,Bulk Carrier,MONROVIA STAR,Liberia,11,Wednesday,2026-04-01
215001001,2026-04-01 11:20:00,37.935519,23.623221,0.3,Bulk Carrier,RABAT CARGO,Morocco,11,Wednesday,2026-04-01
538001001,2026-04-01 11:21:00,37.954145,23.644688,0.2,Tanker,MARSHALL DAWN,Marshall Islands,11,Wednesday,2026-04-01
538002001,2026-04-01 11:22:00,37.956016,23.645139,0.1,Container,MAJURO TIDE,Marshall Islands,11,Wednesday,2026-04-01
241001002,2026-04-01 11:23:00,37.940881,23.608864,0.1,Container,PIRAEUS EXPRESS,Greece,11,Wednesday,2026-04-01
636001002,2026-04-01 11:28:00,37.94768,23.607575,0.1,Bulk Carrier,MONROVIA STAR,Liberia,11,Wednesday,2026-04-01
477001002,2026-04-01 11:29:00,37.947276,23.610968,0.0,Tanker,ORIENT WAVE,Hong Kong,11,Wednesday,2026-04-01
247001002,2026-04-01 11:30:00,37.954087,23.627738,0.4,Passenger,NAPOLI STAR,Italy,11,Wednesday,2026-04-01
538002001,2026-04-01 11:39:00,37.956079,23.644704,0.1,Container,MAJURO TIDE,Marshall Islands,11,Wednesday,2026-04-01
215001001,2026-04-01 11:40:00,37.936224,23.622779,0.2,Bulk Carrier,RABAT CARGO,Morocco,11,Wednesday,2026-04-01
538001001,2026-04-01 11:43:00,37.954174,23.644447,0.2,Tanker,MARSHALL DAWN,Marshall Islands,11,Wednesday,2026-04-01
477001002,2026-04-01 11:44:00,37.947803,23.611138,0.1,Tanker,ORIENT WAVE,Hong Kong,11,Wednesday,2026-04-01
241001002,2026-04-01 11:47:00,37.942024,23.609347,0.2,Container,PIRAEUS EXPRESS,Greece,11,Wednesday,2026-04-01
247001002,2026-04-01 11:48:00,37.954117,23.626886,0.2,Passenger,NAPOLI STAR,Italy,11,Wednesday,2026-04-01
636001002,2026-04-01 11:50:00,37.947317,23.60725,0.0,Bulk Carrier,MONROVIA STAR,Liberia,11,Wednesday,2026-04-01
538002001,2026-04-01 11:57:00,37.956783,23.646075,0.1,Container,MAJURO TIDE,Marshall Islands,11,Wednesday,2026-04-01
215001001,2026-04-01 12:01:00,37.936508,23.622791,0.3,Bulk Carrier,RABAT CARGO,Morocco,12,Wednesday,2026-04-01
477001002,2026-04-01 12:02:00,37.948537,23.610312,0.1,Tanker,ORIENT WAVE,Hong Kong,12,Wednesday,2026-04-01
241001002,2026-04-01 12:05:00,37.941035,23.608403,0.1,Container,PIRAEUS EXPRESS,Greece,12,Wednesday,2026-04-01
538001001,2026-04-01 12:05:00,37.954609,23.644131,0.0,Tanker,MARSHALL DAWN,Marshall Islands,12,Wednesday,2026-04-01
636001002,2026-04-01 12:07:00,37.94728,23.60722,0.3,Bulk Carrier,MONROVIA STAR,Liberia,12,Wednesday,2026-04-01
247001002,2026-04-01 12:11:00,37.954887,23.626673,0.3,Passenger,NAPOLI STAR,Italy,12,Wednesday,2026-04-01
538002001,2026-04-01 12:12:00,37.956361,23.645466,0.2,Container,MAJURO TIDE,Marshall Islands,12,Wednesday,2026-04-01
215001001,2026-04-01 12:18:00,37.936158,23.623197,0.0,Bulk Carrier,RABAT CARGO,Morocco,12,Wednesday,2026-04-01
241001002,2026-04-01 12:27:00,37.942719,23.609045,0.0,Container,PIRAEUS EXPRESS,Greece,12,Wednesday,2026-04-01
477001002,2026-04-01 12:27:00,37.948252,23.609786,0.4,Tanker,ORIENT WAVE,Hong Kong,12,Wednesday,2026-04-01
538001001,2026-04-01 12:27:00,37.955883,23.643129,0.1,Tanker,MARSHALL DAWN,Marshall Islands,12,Wednesday,2026-04-01
247001002,2026-04-01 12:32:00,37.954546,23.627427,0.0,Passenger,NAPOLI STAR,Italy,12,Wednesday,2026-04-01
538002001,2026-04-01 12:37:00,37.956097,23.645469,0.2,Container,MAJURO TIDE,Marshall Islands,12,Wednesday,2026-04-01
215001001,2026-04-01 12:39:00,37.936343,23.621957,0.0,Bulk Carrier,RABAT CARGO,Morocco,12,Wednesday,2026-04-01
241001002,2026-04-01 12:45:00,37.941395,23.607854,0.2,Container,PIRAEUS EXPRESS,Greece,12,Wednesday,2026-04-01
477001002,2026-04-01 12:49:00,37.947245,23.611043,0.2,Tanker,ORIENT WAVE,Hong Kong,12,Wednesday,2026-04-01
538001001,2026-04-01 12:51:00,37.954715,23.643209,0.1,Tanker,MARSHALL DAWN,Marshall Islands,12,Wednesday,2026-04-01
215001001,2026-04-01 12:54:00,37.935072,23.622496,0.4,Bulk Carrier,RABAT CARGO,Morocco,12,Wednesday,2026-04-01
247001002,2026-04-01 12:57:00,37.955049,23.627129,0.3,Passenger,NAPOLI STAR,Italy,12,Wednesday,2026-04-01
538002001,2026-04-01 12:58:00,37.957084,23.64605,0.3,Container,MAJURO TIDE,Marshall Islands,12,Wednesday,2026-04-01
477001002,2026-04-01 13:13:00,37.947578,23.610977,0.2,Tanker,ORIENT WAVE,Hong Kong,13,Wednesday,2026-04-01
215001001,2026-04-01 13:13:00,37.936034,23.622124,0.4,Bulk Carrier,RABAT CARGO,Morocco,13,Wednesday,2026-04-01
538002001,2026-04-01 13:14:00,37.956309,23.646395,0.2,Container,MAJURO TIDE,Marshall Islands,13,Wednesday,2026-04-01
538001001,2026-04-01 13:16:00,37.95571,23.643492,0.1,Tanker,MARSHALL DAWN,Marshall Islands,13,Wednesday,2026-04-01
247001002,2026-04-01 13:20:00,37.953727,23.62737,0.1,Passenger,NAPOLI STAR,Italy,13,Wednesday,2026-04-01
215001001,2026-04-01 13:28:00,37.936015,23.622888,0.3,Bulk Carrier,RABAT CARGO,Morocco,13,Wednesday,2026-04-01
477001002,2026-04-01 13:32:00,37.948268,23.609872,0.3,Tanker,ORIENT WAVE,Hong Kong,13,Wednesday,2026-04-01
538002001,2026-04-01 13:35:00,37.957468,23.646164,0.3,Container,MAJURO TIDE,Marshall Islands,13,Wednesday,2026-04-01
247001002,2026-04-01 13:43:00,37.953275,23.627411,0.3,Passenger,NAPOLI STAR,Italy,13,Wednesday,2026-04-01
215001001,2026-04-01 13:48:00,37.934801,23.622831,0.1,Bulk Carrier,RABAT CARGO,Morocco,13,Wednesday,2026-04-01
477001002,2026-04-01 13:53:00,37.948598,23.610862,0.0,Tanker,ORIENT WAVE,Hong Kong,13,Wednesday,2026-04-01
538002001,2026-04-01 13:56:00,37.95674,23.645218,0.2,Container,MAJURO TIDE,Marshall Islands,13,Wednesday,2026-04-01
247001002,2026-04-01 14:06:00,37.954983,23.626827,0.2,Passenger,NAPOLI STAR,Italy,14,Wednesday,2026-04-01
477001002,2026-04-01 14:11:00,37.948185,23.610657,0.3,Tanker,ORIENT WAVE,Hong Kong,14,Wednesday,2026-04-01
215001001,2026-04-01 14:11:00,37.934888,23.622649,0.1,Bulk Carrier,RABAT CARGO,Morocco,14,Wednesday,2026-04-01
538002001,2026-04-01 14:21:00,37.956845,23.644967,0.3,Container,MAJURO TIDE,Marshall Islands,14,Wednesday,2026-04-01
247001002,2026-04-01 14:23:00,37.95438,23.627093,0.0,Passenger,NAPOLI STAR,Italy,14,Wednesday,2026-04-01
477001002,2026-04-01 14:30:00,37.947917,23.611031,0.3,Tanker,ORIENT WAVE,Hong Kong,14,Wednesday,2026-04-01
215001001,2026-04-01 14:34:00,37.935373,23.622345,0.1,Bulk Carrier,RABAT CARGO,Morocco,14,Wednesday,2026-04-01
538002001,2026-04-01 14:45:00,37.956142,23.645249,0.1,Container,MAJURO TIDE,Marshall Islands,14,Wednesday,2026-04-01
247001002,2026-04-01 14:48:00,37.954853,23.626638,0.1,Passenger,NAPOLI STAR,Italy,14,Wednesday,2026-04-01
477001002,2026-04-01 14:55:00,37.948713,23.610597,0.0,Tanker,ORIENT WAVE,Hong Kong,14,Wednesday,2026-04-01
215001001,2026-04-01 14:58:00,37.935816,23.622158,0.2,Bulk Carrier,RABAT CARGO,Morocco,14,Wednesday,2026-04-01
538002001,2026-04-01 15:08:00,37.956893,23.646027,0.3,Container,MAJURO TIDE,Marshall Islands,15,Wednesday,2026-04-01
247001002,2026-04-01 15:10:00,37.953953,23.627729,0.1,Passenger,NAPOLI STAR,Italy,15,Wednesday,2026-04-01
477001002,2026-04-01 15:19:00,37.947338,23.610519,0.3,Tanker,ORIENT WAVE,Hong Kong,15,Wednesday,2026-04-01
538002001,2026-04-01 15:24:00,37.955948,23.6449,0.3,Container,MAJURO TIDE,Marshall Islands,15,Wednesday,2026-04-01
247001002,2026-04-01 15:35:00,37.954723,23.626328,0.4,Passenger,NAPOLI STAR,Italy,15,Wednesday,2026-04-01
477001002,2026-04-01 15:38:00,37.948309,23.609853,0.3,Tanker,ORIENT WAVE,Hong Kong,15,Wednesday,2026-04-01
538002001,2026-04-01 15:42:00,37.955858,23.645292,0.1,Container,MAJURO TIDE,Marshall Islands,15,Wednesday,2026-04-01
247001002,2026-04-01 15:52:00,37.954909,23.627407,0.1,Passenger,NAPOLI STAR,Italy,15,Wednesday,2026-04-01
477001002,2026-04-01 15:59:00,37.947808,23.609738,0.3,Tanker,ORIENT WAVE,Hong Kong,15,Wednesday,2026-04-01
538002001,2026-04-01 15:59:00,37.956242,23.645298,0.2,Container,MAJURO TIDE,Marshall Islands,15,Wednesday,2026-04-01
247001002,2026-04-01 16:14:00,37.954067,23.627642,0.1,Passenger,NAPOLI STAR,Italy,16,Wednesday,2026-04-01
477001002,2026-04-01 16:18:00,37.948539,23.610096,0.3,Tanker,ORIENT WAVE,Hong Kong,16,Wednesday,2026-04-01
538002001,2026-04-01 16:21:00,37.957589,23.645367,0.0,Container,MAJURO TIDE,Marshall Islands,16,Wednesday,2026-04-01
247001002,2026-04-01 16:30:00,37.953456,23.627721,0.0,Passenger,NAPOLI STAR,Italy,16,Wednesday,2026-04-01
477001002,2026-04-01 16:34:00,37.948889,23.611235,0.0,Tanker,ORIENT WAVE,Hong Kong,16,Wednesday,2026-04-01
538002001,2026-04-01 16:38:00,37.956707,23.644737,0.2,Container,MAJURO TIDE,Marshall Islands,16,Wednesday,2026-04-01
477001002,2026-04-01 16:54:00,37.948078,23.609867,0.2,Tanker,ORIENT WAVE,Hong Kong,16,Wednesday,2026-04-01
538002001,2026-04-01 16:54:00,37.957137,23.645836,0.1,Container,MAJURO TIDE,Marshall Islands,16,Wednesday,2026-04-01
538002001,2026-04-01 17:15:00,37.955696,23.645162,0.3,Container,MAJURO TIDE,Marshall Islands,17,Wednesday,2026-04-01
477001002,2026-04-01 17:19:00,37.947018,23.611279,0.0,Tanker,ORIENT WAVE,Hong Kong,17,Wednesday,2026-04-01
538002001,2026-04-01 17:39:00,37.957045,23.644547,0.2,Container,MAJURO TIDE,Marshall Islands,17,Wednesday,2026-04-01
477001002,2026-04-01 17:44:00,37.947444,23.610614,0.1,Tanker,ORIENT WAVE,Hong Kong,17,Wednesday,2026-04-01
538002001,2026-04-01 18:04:00,37.956475,23.646067,0.4,Container,MAJURO TIDE,Marshall Islands,18,Wednesday,2026-04-01
477001002,2026-04-01 18:09:00,37.94719,23.610833,0.1,Tanker,ORIENT WAVE,Hong Kong,18,Wednesday,2026-04-01
538002001,2026-04-01 18:23:00,37.957156,23.644756,0.2,Container,MAJURO TIDE,Marshall Islands,18,Wednesday,2026-04-01
477001002,2026-04-01 18:24:00,37.948495,23.610502,0.3,Tanker,ORIENT WAVE,Hong Kong,18,Wednesday,2026-04-01
538002001,2026-04-01 18:45:00,37.957234,23.645948,0.2,Container,MAJURO TIDE,Marshall Islands,18,Wednesday,2026-04-01
477001002,2026-04-01 18:49:00,37.94717,23.609353,0.1,Tanker,ORIENT WAVE,Hong Kong,18,Wednesday,2026-04-01
